model,arm,image_id,patient_id,protocol,test_fold,true_class,true_class_name,prob_0,prob_1,prob_2,pred_class,pred_class_name,confidence,experiment_input_commit
efficientnet_b0,B,1,100360,image_level_seed11,3,0,meningioma,0.9557691638536244,0.027554108111854,0.0166767280345217,0,meningioma,0.9557691638536244,919d6f0fb3ca462983d6df6ec06846e41abd9645
efficientnet_b0,B,2,100360,image_level_seed11,2,0,meningioma,0.7010718194415714,0.2818216150655543,0.0171065654928743,0,meningioma,0.7010718194415714,919d6f0fb3ca462983d6df6ec06846e41abd9645
efficientnet_b0,B,3,100360,image_level_seed11,2,0,meningioma,0.9997259979294524,0.0001037459696893,0.0001702561008581,0,meningioma,0.9997259979294524,919d6f0fb3ca462983d6df6ec06846e41abd9645
efficientnet_b0,B,4,100360,image_level_seed11,4,0,meningioma,0.9794466787486892,0.0180264086270086,0.0025269126243022,0,meningioma,0.9794466787486892,919d6f0fb3ca462983d6df6ec06846e41abd9645
efficientnet_b0,B,5,100360,image_level_seed11,2,0,meningioma,0.934208872423281,0.0652692277950052,0.0005218997817138,0,meningioma,0.934208872423281,919d6f0fb3ca462983d6df6ec06846e41abd9645
efficientnet_b0,B,6,100572,image_level_seed11,4,0,meningioma,0.0123675450088467,0.0051844209380221,0.9824480340531312,2,pituitary,0.9824480340531312,919d6f0fb3ca462983d6df6ec06846e41abd9645
efficientnet_b0,B,7,100572,image_level_seed11,2,0,meningioma,0.3388301473142296,0.0024538874725961,0.6587159652131742,2,pituitary,0.6587159652131742,919d6f0fb3ca462983d6df6ec06846e41abd9645
efficientnet_b0,B,8,100572,image_level_seed11,3,0,meningioma,0.986776772469457,0.000174119505789,0.0130491080247538,0,meningioma,0.986776772469457,919d6f0fb3ca462983d6df6ec06846e41abd9645
efficientnet_b0,B,9,101016,image_level_seed11,1,0,meningioma,0.0140159361918429,0.9841872448136668,0.0017968189944904,1,glioma,0.9841872448136668,919d6f0fb3ca462983d6df6ec06846e41abd9645
efficientnet_b0,B,10,101016,image_level_seed11,3,0,meningioma,0.9990276824221462,0.0005779117971768,0.0003944057806769,0,meningioma,0.9990276824221462,919d6f0fb3ca462983d6df6ec06846e41abd9645
efficientnet_b0,B,11,101016,image_level_seed11,5,0,meningioma,0.998944878717988,0.0005193007604483,0.0005358205215635,0,meningioma,0.998944878717988,919d6f0fb3ca462983d6df6ec06846e41abd9645
efficientnet_b0,B,12,101016,image_level_seed11,1,0,meningioma,0.993375162910142,0.003568292226081,0.003056544863777,0,meningioma,0.993375162910142,919d6f0fb3ca462983d6df6ec06846e41abd9645
efficientnet_b0,B,13,101016,image_level_seed11,1,0,meningioma,0.9665014591673764,0.0248456023352548,0.0086529384973686,0,meningioma,0.9665014591673764,919d6f0fb3ca462983d6df6ec06846e41abd9645
efficientnet_b0,B,14,101016,image_level_seed11,1,0,meningioma,0.9915177379185668,0.0054392735687323,0.0030429885127008,0,meningioma,0.9915177379185668,919d6f0fb3ca462983d6df6ec06846e41abd9645
efficientnet_b0,B,15,101016,image_level_seed11,5,0,meningioma,0.9986223828734804,0.0009943437143316,0.0003832734121878,0,meningioma,0.9986223828734804,919d6f0fb3ca462983d6df6ec06846e41abd9645
efficientnet_b0,B,16,101127,image_level_seed11,2,0,meningioma,0.8532170000710968,0.0101234246422308,0.1366595752866725,0,meningioma,0.8532170000710968,919d6f0fb3ca462983d6df6ec06846e41abd9645
efficientnet_b0,B,17,101127,image_level_seed11,4,0,meningioma,0.9968634340497554,0.0002757555150821,0.0028608104351623,0,meningioma,0.9968634340497554,919d6f0fb3ca462983d6df6ec06846e41abd9645
efficientnet_b0,B,18,101127,image_level_seed11,2,0,meningioma,0.9958070045110838,0.0028537244758197,0.0013392710130962,0,meningioma,0.9958070045110838,919d6f0fb3ca462983d6df6ec06846e41abd9645
efficientnet_b0,B,19,101127,image_level_seed11,1,0,meningioma,0.7725232157893659,0.1255481173361182,0.1019286668745159,0,meningioma,0.7725232157893659,919d6f0fb3ca462983d6df6ec06846e41abd9645
efficientnet_b0,B,20,101797,image_level_seed11,2,0,meningioma,0.9975828448709436,0.0023051504840118,0.0001120046450446,0,meningioma,0.9975828448709436,919d6f0fb3ca462983d6df6ec06846e41abd9645
efficientnet_b0,B,21,101797,image_level_seed11,4,0,meningioma,0.9998289265792384,0.0001618711227248,9.20229803650393e-06,0,meningioma,0.9998289265792384,919d6f0fb3ca462983d6df6ec06846e41abd9645
efficientnet_b0,B,22,101797,image_level_seed11,4,0,meningioma,0.9984141606373124,0.0014566680052344,0.0001291713574532,0,meningioma,0.9984141606373124,919d6f0fb3ca462983d6df6ec06846e41abd9645
efficientnet_b0,B,23,101797,image_level_seed11,2,0,meningioma,0.9976891908158564,0.0020733483763527,0.0002374608077908,0,meningioma,0.9976891908158564,919d6f0fb3ca462983d6df6ec06846e41abd9645
efficientnet_b0,B,24,102420,image_level_seed11,2,0,meningioma,0.99396543775962,0.0017433849595586,0.0042911772808212,0,meningioma,0.99396543775962,919d6f0fb3ca462983d6df6ec06846e41abd9645
efficientnet_b0,B,25,102420,image_level_seed11,5,0,meningioma,0.9918055818929292,0.0002782705536271,0.0079161475534435,0,meningioma,0.9918055818929292,919d6f0fb3ca462983d6df6ec06846e41abd9645
efficientnet_b0,B,26,102446,image_level_seed11,5,0,meningioma,0.0170389659606548,0.9821348678771477,0.0008261661621975,1,glioma,0.9821348678771477,919d6f0fb3ca462983d6df6ec06846e41abd9645
efficientnet_b0,B,27,102675,image_level_seed11,2,0,meningioma,0.9994776699376864,0.0004408688577571,8.146120455628327e-05,0,meningioma,0.9994776699376864,919d6f0fb3ca462983d6df6ec06846e41abd9645
efficientnet_b0,B,28,102714,image_level_seed11,4,0,meningioma,0.6780733645199611,0.1456562715139055,0.1762703639661335,0,meningioma,0.6780733645199611,919d6f0fb3ca462983d6df6ec06846e41abd9645
efficientnet_b0,B,29,102714,image_level_seed11,2,0,meningioma,0.9611415799050465,0.0005824394164513,0.0382759806785021,0,meningioma,0.9611415799050465,919d6f0fb3ca462983d6df6ec06846e41abd9645
efficientnet_b0,B,30,102714,image_level_seed11,3,0,meningioma,0.9990983467956176,0.0001057034761883,0.000795949728194,0,meningioma,0.9990983467956176,919d6f0fb3ca462983d6df6ec06846e41abd9645
efficientnet_b0,B,31,102714,image_level_seed11,3,0,meningioma,0.9996101850371968,3.548536567871002e-05,0.0003543295971244,0,meningioma,0.9996101850371968,919d6f0fb3ca462983d6df6ec06846e41abd9645
efficientnet_b0,B,32,102929,image_level_seed11,1,0,meningioma,0.9983278232816748,0.0008788619243304,0.0007933147939949,0,meningioma,0.9983278232816748,919d6f0fb3ca462983d6df6ec06846e41abd9645
efficientnet_b0,B,33,102929,image_level_seed11,2,0,meningioma,0.8986882762521954,0.0884908007445817,0.0128209230032227,0,meningioma,0.8986882762521954,919d6f0fb3ca462983d6df6ec06846e41abd9645
efficientnet_b0,B,34,102935,image_level_seed11,5,0,meningioma,0.8359703381251561,0.1505105736108301,0.0135190882640138,0,meningioma,0.8359703381251561,919d6f0fb3ca462983d6df6ec06846e41abd9645
efficientnet_b0,B,35,102985,image_level_seed11,3,0,meningioma,0.40034277328871,0.597925601004637,0.0017316257066529,1,glioma,0.597925601004637,919d6f0fb3ca462983d6df6ec06846e41abd9645
efficientnet_b0,B,36,103673,image_level_seed11,1,0,meningioma,0.0019061925226211,0.0022966944875056,0.9957971129898732,2,pituitary,0.9957971129898732,919d6f0fb3ca462983d6df6ec06846e41abd9645
efficientnet_b0,B,37,103673,image_level_seed11,1,0,meningioma,0.1491099303982339,0.0071459819264071,0.8437440876753589,2,pituitary,0.8437440876753589,919d6f0fb3ca462983d6df6ec06846e41abd9645
efficientnet_b0,B,38,103673,image_level_seed11,4,0,meningioma,0.9737360750082344,0.0019995319337397,0.0242643930580256,0,meningioma,0.9737360750082344,919d6f0fb3ca462983d6df6ec06846e41abd9645
efficientnet_b0,B,39,103673,image_level_seed11,1,0,meningioma,0.8972602043819888,0.0025199308533447,0.1002198647646663,0,meningioma,0.8972602043819888,919d6f0fb3ca462983d6df6ec06846e41abd9645
efficientnet_b0,B,40,103673,image_level_seed11,2,0,meningioma,0.8257495197948991,0.0027325676206842,0.1715179125844166,0,meningioma,0.8257495197948991,919d6f0fb3ca462983d6df6ec06846e41abd9645
efficientnet_b0,B,41,103673,image_level_seed11,5,0,meningioma,0.8855245653111181,0.0046676780973497,0.1098077565915321,0,meningioma,0.8855245653111181,919d6f0fb3ca462983d6df6ec06846e41abd9645
efficientnet_b0,B,42,103925,image_level_seed11,5,0,meningioma,0.9010020028891204,0.0193180416015701,0.0796799555093093,0,meningioma,0.9010020028891204,919d6f0fb3ca462983d6df6ec06846e41abd9645
efficientnet_b0,B,43,103925,image_level_seed11,2,0,meningioma,0.9870397122177796,0.00368976740211,0.0092705203801104,0,meningioma,0.9870397122177796,919d6f0fb3ca462983d6df6ec06846e41abd9645
efficientnet_b0,B,44,103925,image_level_seed11,5,0,meningioma,0.0370276205973954,0.0042250687358157,0.9587473106667888,2,pituitary,0.9587473106667888,919d6f0fb3ca462983d6df6ec06846e41abd9645
efficientnet_b0,B,45,104167,image_level_seed11,2,0,meningioma,0.9222549420499662,0.0768460109006246,0.0008990470494092,0,meningioma,0.9222549420499662,919d6f0fb3ca462983d6df6ec06846e41abd9645
efficientnet_b0,B,46,104167,image_level_seed11,2,0,meningioma,0.9987322360545972,0.0004586956138858,0.0008090683315169,0,meningioma,0.9987322360545972,919d6f0fb3ca462983d6df6ec06846e41abd9645
efficientnet_b0,B,47,104167,image_level_seed11,1,0,meningioma,0.9998220399792848,8.068353847979724e-05,9.72764822353146e-05,0,meningioma,0.9998220399792848,919d6f0fb3ca462983d6df6ec06846e41abd9645
efficientnet_b0,B,48,104167,image_level_seed11,4,0,meningioma,0.9990370836403152,0.0001973130091892,0.0007656033504956,0,meningioma,0.9990370836403152,919d6f0fb3ca462983d6df6ec06846e41abd9645
efficientnet_b0,B,49,104281,image_level_seed11,3,0,meningioma,0.9996992355312142,0.0002033038541227,9.746061466305112e-05,0,meningioma,0.9996992355312142,919d6f0fb3ca462983d6df6ec06846e41abd9645
efficientnet_b0,B,50,104281,image_level_seed11,2,0,meningioma,0.8500404128791944,0.1498431033847988,0.0001164837360066,0,meningioma,0.8500404128791944,919d6f0fb3ca462983d6df6ec06846e41abd9645
efficientnet_b0,B,51,104281,image_level_seed11,4,0,meningioma,0.998930062792154,0.0008788305873038,0.0001911066205421,0,meningioma,0.998930062792154,919d6f0fb3ca462983d6df6ec06846e41abd9645
efficientnet_b0,B,52,104281,image_level_seed11,4,0,meningioma,0.9858726142788108,0.0049436851511041,0.0091837005700849,0,meningioma,0.9858726142788108,919d6f0fb3ca462983d6df6ec06846e41abd9645
efficientnet_b0,B,53,104281,image_level_seed11,5,0,meningioma,0.8144566675063115,0.1832012466152068,0.0023420858784817,0,meningioma,0.8144566675063115,919d6f0fb3ca462983d6df6ec06846e41abd9645
efficientnet_b0,B,54,104281,image_level_seed11,3,0,meningioma,0.999576134306324,0.0002136391398563,0.0002102265538196,0,meningioma,0.999576134306324,919d6f0fb3ca462983d6df6ec06846e41abd9645
efficientnet_b0,B,55,104281,image_level_seed11,5,0,meningioma,0.9790070950996872,0.0019353967061655,0.0190575081941472,0,meningioma,0.9790070950996872,919d6f0fb3ca462983d6df6ec06846e41abd9645
efficientnet_b0,B,56,105374,image_level_seed11,3,0,meningioma,0.9648899728436738,0.0103658326405779,0.0247441945157482,0,meningioma,0.9648899728436738,919d6f0fb3ca462983d6df6ec06846e41abd9645
efficientnet_b0,B,57,105374,image_level_seed11,2,0,meningioma,0.7624284882997542,0.2055352622189363,0.0320362494813094,0,meningioma,0.7624284882997542,919d6f0fb3ca462983d6df6ec06846e41abd9645
efficientnet_b0,B,58,105555,image_level_seed11,4,0,meningioma,0.8208125806351256,0.1655533479136636,0.0136340714512107,0,meningioma,0.8208125806351256,919d6f0fb3ca462983d6df6ec06846e41abd9645
efficientnet_b0,B,59,58392,image_level_seed11,3,2,pituitary,9.158227275733654e-05,1.1633378971007763e-05,0.9998967843482716,2,pituitary,0.9998967843482716,919d6f0fb3ca462983d6df6ec06846e41abd9645
efficientnet_b0,B,60,105937,image_level_seed11,2,0,meningioma,0.93114914925467,0.0140141807502373,0.0548366699950926,0,meningioma,0.93114914925467,919d6f0fb3ca462983d6df6ec06846e41abd9645
efficientnet_b0,B,61,105937,image_level_seed11,3,0,meningioma,0.8599300908950169,0.0185926434573351,0.121477265647648,0,meningioma,0.8599300908950169,919d6f0fb3ca462983d6df6ec06846e41abd9645
efficientnet_b0,B,62,106284,image_level_seed11,4,0,meningioma,0.9989221976640666,0.0002550807067119,0.0008227216292214,0,meningioma,0.9989221976640666,919d6f0fb3ca462983d6df6ec06846e41abd9645
efficientnet_b0,B,63,106284,image_level_seed11,2,0,meningioma,0.9978014941498088,0.0004898711042607,0.0017086347459303,0,meningioma,0.9978014941498088,919d6f0fb3ca462983d6df6ec06846e41abd9645
efficientnet_b0,B,64,106284,image_level_seed11,3,0,meningioma,0.9957696962551832,0.0005359397277436,0.0036943640170732,0,meningioma,0.9957696962551832,919d6f0fb3ca462983d6df6ec06846e41abd9645
efficientnet_b0,B,65,106284,image_level_seed11,3,0,meningioma,0.9364590579820576,0.0018726228012211,0.0616683192167214,0,meningioma,0.9364590579820576,919d6f0fb3ca462983d6df6ec06846e41abd9645
efficientnet_b0,B,66,106284,image_level_seed11,5,0,meningioma,0.9990172617669264,0.0004402937963225,0.000542444436751,0,meningioma,0.9990172617669264,919d6f0fb3ca462983d6df6ec06846e41abd9645
efficientnet_b0,B,67,106442,image_level_seed11,5,0,meningioma,0.9927671965526644,0.0070994581423484,0.0001333453049871,0,meningioma,0.9927671965526644,919d6f0fb3ca462983d6df6ec06846e41abd9645
efficientnet_b0,B,68,106442,image_level_seed11,2,0,meningioma,0.9971797957119966,0.0027232183217374,9.698596626604296e-05,0,meningioma,0.9971797957119966,919d6f0fb3ca462983d6df6ec06846e41abd9645
efficientnet_b0,B,69,106442,image_level_seed11,5,0,meningioma,0.9977357165138452,0.0021778577436382,8.642574251679597e-05,0,meningioma,0.9977357165138452,919d6f0fb3ca462983d6df6ec06846e41abd9645
efficientnet_b0,B,70,106442,image_level_seed11,3,0,meningioma,0.4408648797163104,0.5575056349888733,0.0016294852948162,1,glioma,0.5575056349888733,919d6f0fb3ca462983d6df6ec06846e41abd9645
efficientnet_b0,B,71,106534,image_level_seed11,1,0,meningioma,0.7335888103293879,0.2652907512488216,0.0011204384217903,0,meningioma,0.7335888103293879,919d6f0fb3ca462983d6df6ec06846e41abd9645
efficientnet_b0,B,72,106534,image_level_seed11,2,0,meningioma,0.9330313491708402,0.0459957097178223,0.0209729411113373,0,meningioma,0.9330313491708402,919d6f0fb3ca462983d6df6ec06846e41abd9645
efficientnet_b0,B,73,106665,image_level_seed11,4,0,meningioma,0.7791605320543447,0.211358995917828,0.0094804720278273,0,meningioma,0.7791605320543447,919d6f0fb3ca462983d6df6ec06846e41abd9645
efficientnet_b0,B,74,106665,image_level_seed11,5,0,meningioma,0.9975982265334236,0.0018621359320582,0.000539637534518,0,meningioma,0.9975982265334236,919d6f0fb3ca462983d6df6ec06846e41abd9645
efficientnet_b0,B,75,106665,image_level_seed11,3,0,meningioma,0.9973158159734228,0.0014068494102103,0.001277334616367,0,meningioma,0.9973158159734228,919d6f0fb3ca462983d6df6ec06846e41abd9645
efficientnet_b0,B,76,106665,image_level_seed11,2,0,meningioma,0.9956972245986389,0.0029692705723009,0.0013335048290602,0,meningioma,0.9956972245986389,919d6f0fb3ca462983d6df6ec06846e41abd9645
efficientnet_b0,B,77,106665,image_level_seed11,3,0,meningioma,0.990008792269929,0.0084845142258405,0.0015066935042306,0,meningioma,0.990008792269929,919d6f0fb3ca462983d6df6ec06846e41abd9645
efficientnet_b0,B,78,106665,image_level_seed11,1,0,meningioma,0.9836656076299786,0.0151752519339948,0.0011591404360266,0,meningioma,0.9836656076299786,919d6f0fb3ca462983d6df6ec06846e41abd9645
efficientnet_b0,B,79,106665,image_level_seed11,1,0,meningioma,0.9994302946204588,0.0001304916240559,0.0004392137554854,0,meningioma,0.9994302946204588,919d6f0fb3ca462983d6df6ec06846e41abd9645
efficientnet_b0,B,80,106720,image_level_seed11,4,0,meningioma,0.894888353258659,0.0806016461876192,0.0245100005537217,0,meningioma,0.894888353258659,919d6f0fb3ca462983d6df6ec06846e41abd9645
efficientnet_b0,B,81,106720,image_level_seed11,5,0,meningioma,0.9947446306200184,0.0044003472503457,0.0008550221296359,0,meningioma,0.9947446306200184,919d6f0fb3ca462983d6df6ec06846e41abd9645
efficientnet_b0,B,82,106720,image_level_seed11,4,0,meningioma,0.9971423468763954,0.0023336489317104,0.0005240041918941,0,meningioma,0.9971423468763954,919d6f0fb3ca462983d6df6ec06846e41abd9645
efficientnet_b0,B,83,106720,image_level_seed11,5,0,meningioma,0.9997023047458148,0.0001141621957641,0.0001835330584211,0,meningioma,0.9997023047458148,919d6f0fb3ca462983d6df6ec06846e41abd9645
efficientnet_b0,B,84,106720,image_level_seed11,2,0,meningioma,0.9983135618338794,0.0003212787141389,0.0013651594519817,0,meningioma,0.9983135618338794,919d6f0fb3ca462983d6df6ec06846e41abd9645
efficientnet_b0,B,85,106720,image_level_seed11,3,0,meningioma,0.9958934086953468,0.0010617941685591,0.0030447971360938,0,meningioma,0.9958934086953468,919d6f0fb3ca462983d6df6ec06846e41abd9645
efficientnet_b0,B,86,106720,image_level_seed11,2,0,meningioma,0.9963720958725596,0.0016966453887407,0.0019312587386997,0,meningioma,0.9963720958725596,919d6f0fb3ca462983d6df6ec06846e41abd9645
efficientnet_b0,B,87,106914,image_level_seed11,4,0,meningioma,0.972112992220274,0.0008659657649195,0.0270210420148066,0,meningioma,0.972112992220274,919d6f0fb3ca462983d6df6ec06846e41abd9645
efficientnet_b0,B,88,106914,image_level_seed11,3,0,meningioma,0.99237857142316,0.0001619278864636,0.0074595006903764,0,meningioma,0.99237857142316,919d6f0fb3ca462983d6df6ec06846e41abd9645
efficientnet_b0,B,89,106914,image_level_seed11,5,0,meningioma,0.9952963851753877,0.0012697320946673,0.003433882729945,0,meningioma,0.9952963851753877,919d6f0fb3ca462983d6df6ec06846e41abd9645
efficientnet_b0,B,90,106914,image_level_seed11,2,0,meningioma,0.0523223739526268,0.9467546425629528,0.0009229834844202,1,glioma,0.9467546425629528,919d6f0fb3ca462983d6df6ec06846e41abd9645
efficientnet_b0,B,91,107190,image_level_seed11,4,0,meningioma,0.9777553499062246,0.0213190247024653,0.0009256253913101,0,meningioma,0.9777553499062246,919d6f0fb3ca462983d6df6ec06846e41abd9645
efficientnet_b0,B,92,107190,image_level_seed11,2,0,meningioma,0.9941098206526756,0.004123208174024,0.0017669711733005,0,meningioma,0.9941098206526756,919d6f0fb3ca462983d6df6ec06846e41abd9645
efficientnet_b0,B,93,107248,image_level_seed11,5,0,meningioma,0.8374076933522566,0.02664683503928,0.1359454716084633,0,meningioma,0.8374076933522566,919d6f0fb3ca462983d6df6ec06846e41abd9645
efficientnet_b0,B,94,107248,image_level_seed11,4,0,meningioma,0.0723608980023383,0.0508560107861311,0.8767830912115305,2,pituitary,0.8767830912115305,919d6f0fb3ca462983d6df6ec06846e41abd9645
efficientnet_b0,B,95,107248,image_level_seed11,2,0,meningioma,0.776642351243537,0.0032815836504573,0.2200760651060056,0,meningioma,0.776642351243537,919d6f0fb3ca462983d6df6ec06846e41abd9645
efficientnet_b0,B,96,107248,image_level_seed11,4,0,meningioma,0.9647548326312368,0.01348158543281,0.0217635819359532,0,meningioma,0.9647548326312368,919d6f0fb3ca462983d6df6ec06846e41abd9645
efficientnet_b0,B,97,107248,image_level_seed11,2,0,meningioma,0.934594355095807,0.0042960064198952,0.0611096384842977,0,meningioma,0.934594355095807,919d6f0fb3ca462983d6df6ec06846e41abd9645
efficientnet_b0,B,98,107248,image_level_seed11,3,0,meningioma,0.0231613481119312,0.0002194026493484,0.9766192492387205,2,pituitary,0.9766192492387205,919d6f0fb3ca462983d6df6ec06846e41abd9645
efficientnet_b0,B,99,107494,image_level_seed11,3,0,meningioma,0.8315306650011812,0.0456491880229848,0.1228201469758337,0,meningioma,0.8315306650011812,919d6f0fb3ca462983d6df6ec06846e41abd9645
efficientnet_b0,B,100,107494,image_level_seed11,5,0,meningioma,0.9970694705121932,0.0003698349257236,0.0025606945620829,0,meningioma,0.9970694705121932,919d6f0fb3ca462983d6df6ec06846e41abd9645
efficientnet_b0,B,101,107494,image_level_seed11,5,0,meningioma,0.9971727986405008,3.425216046997529e-05,0.0027929491990292,0,meningioma,0.9971727986405008,919d6f0fb3ca462983d6df6ec06846e41abd9645
efficientnet_b0,B,102,107494,image_level_seed11,1,0,meningioma,0.6721663613033221,0.0241111206668739,0.303722518029804,0,meningioma,0.6721663613033221,919d6f0fb3ca462983d6df6ec06846e41abd9645
efficientnet_b0,B,103,107494,image_level_seed11,2,0,meningioma,0.9997116482310598,0.0001150268120363,0.0001733249569037,0,meningioma,0.9997116482310598,919d6f0fb3ca462983d6df6ec06846e41abd9645
efficientnet_b0,B,104,108514,image_level_seed11,1,0,meningioma,0.0849970606831741,0.9148341447234948,0.000168794593331,1,glioma,0.9148341447234948,919d6f0fb3ca462983d6df6ec06846e41abd9645
efficientnet_b0,B,105,108514,image_level_seed11,3,0,meningioma,0.9959233512908672,0.0040381322834627,3.851642567008746e-05,0,meningioma,0.9959233512908672,919d6f0fb3ca462983d6df6ec06846e41abd9645
efficientnet_b0,B,106,108514,image_level_seed11,3,0,meningioma,0.9972984218200992,0.0024450737354738,0.0002565044444268,0,meningioma,0.9972984218200992,919d6f0fb3ca462983d6df6ec06846e41abd9645
efficientnet_b0,B,107,108514,image_level_seed11,2,0,meningioma,0.9998859785610956,8.721329897521884e-05,2.680813992898372e-05,0,meningioma,0.9998859785610956,919d6f0fb3ca462983d6df6ec06846e41abd9645
efficientnet_b0,B,108,108514,image_level_seed11,1,0,meningioma,0.9978533885773172,0.0017005822014536,0.000446029221229,0,meningioma,0.9978533885773172,919d6f0fb3ca462983d6df6ec06846e41abd9645
efficientnet_b0,B,109,108514,image_level_seed11,3,0,meningioma,0.997389901911546,0.0009890287006923,0.0016210693877616,0,meningioma,0.997389901911546,919d6f0fb3ca462983d6df6ec06846e41abd9645
efficientnet_b0,B,110,108514,image_level_seed11,5,0,meningioma,0.9642736253320676,0.0331836811052265,0.0025426935627057,0,meningioma,0.9642736253320676,919d6f0fb3ca462983d6df6ec06846e41abd9645
efficientnet_b0,B,111,108550,image_level_seed11,5,0,meningioma,0.8262329251335165,0.0021642192205789,0.1716028556459045,0,meningioma,0.8262329251335165,919d6f0fb3ca462983d6df6ec06846e41abd9645
efficientnet_b0,B,112,108550,image_level_seed11,5,0,meningioma,0.9558810566336674,0.0003804195818254,0.0437385237845072,0,meningioma,0.9558810566336674,919d6f0fb3ca462983d6df6ec06846e41abd9645
efficientnet_b0,B,113,108590,image_level_seed11,1,0,meningioma,0.9995458147935106,0.0002131606671728,0.0002410245393166,0,meningioma,0.9995458147935106,919d6f0fb3ca462983d6df6ec06846e41abd9645
efficientnet_b0,B,114,108590,image_level_seed11,4,0,meningioma,0.99752345771225,0.0007814410478758,0.0016951012398741,0,meningioma,0.99752345771225,919d6f0fb3ca462983d6df6ec06846e41abd9645
efficientnet_b0,B,115,108945,image_level_seed11,3,0,meningioma,0.999659803244679,0.0001958642325461,0.0001443325227748,0,meningioma,0.999659803244679,919d6f0fb3ca462983d6df6ec06846e41abd9645
efficientnet_b0,B,116,108945,image_level_seed11,4,0,meningioma,0.9966929132156568,0.003037186758702,0.000269900025641,0,meningioma,0.9966929132156568,919d6f0fb3ca462983d6df6ec06846e41abd9645
efficientnet_b0,B,117,108945,image_level_seed11,5,0,meningioma,0.9996391828411504,0.0002973463977887,6.347076106085377e-05,0,meningioma,0.9996391828411504,919d6f0fb3ca462983d6df6ec06846e41abd9645
efficientnet_b0,B,118,108945,image_level_seed11,5,0,meningioma,0.9996670048068292,0.0003059328434282,2.706234974267029e-05,0,meningioma,0.9996670048068292,919d6f0fb3ca462983d6df6ec06846e41abd9645
efficientnet_b0,B,119,109411,image_level_seed11,5,0,meningioma,0.2062089429390594,0.7780840697972643,0.0157069872636763,1,glioma,0.7780840697972643,919d6f0fb3ca462983d6df6ec06846e41abd9645
efficientnet_b0,B,120,109968,image_level_seed11,4,0,meningioma,0.9959707721019828,0.0030217159474405,0.0010075119505766,0,meningioma,0.9959707721019828,919d6f0fb3ca462983d6df6ec06846e41abd9645
efficientnet_b0,B,121,109968,image_level_seed11,4,0,meningioma,0.353226323961335,0.6447680260223747,0.0020056500162901,1,glioma,0.6447680260223747,919d6f0fb3ca462983d6df6ec06846e41abd9645
efficientnet_b0,B,122,109968,image_level_seed11,5,0,meningioma,0.9996292641631837,0.0002108692919366,0.0001598665448796,0,meningioma,0.9996292641631837,919d6f0fb3ca462983d6df6ec06846e41abd9645
efficientnet_b0,B,123,109968,image_level_seed11,2,0,meningioma,0.9982483023721792,0.000453211282183,0.0012984863456375,0,meningioma,0.9982483023721792,919d6f0fb3ca462983d6df6ec06846e41abd9645
efficientnet_b0,B,124,110116,image_level_seed11,5,0,meningioma,0.0036260196567854,4.229761406933488e-05,0.9963316827291452,2,pituitary,0.9963316827291452,919d6f0fb3ca462983d6df6ec06846e41abd9645
efficientnet_b0,B,125,111077,image_level_seed11,2,0,meningioma,0.1626770041989186,0.0106555703996545,0.8266674254014268,2,pituitary,0.8266674254014268,919d6f0fb3ca462983d6df6ec06846e41abd9645
efficientnet_b0,B,126,111077,image_level_seed11,5,0,meningioma,0.9855816050870092,0.011742285326752,0.0026761095862386,0,meningioma,0.9855816050870092,919d6f0fb3ca462983d6df6ec06846e41abd9645
efficientnet_b0,B,127,111077,image_level_seed11,1,0,meningioma,0.8465064187639357,0.1454953752568787,0.0079982059791854,0,meningioma,0.8465064187639357,919d6f0fb3ca462983d6df6ec06846e41abd9645
efficientnet_b0,B,128,111366,image_level_seed11,1,0,meningioma,0.9211940590507804,0.0108573461845797,0.0679485947646399,0,meningioma,0.9211940590507804,919d6f0fb3ca462983d6df6ec06846e41abd9645
efficientnet_b0,B,129,111366,image_level_seed11,2,0,meningioma,0.336469621252263,0.1200523499367662,0.5434780288109707,2,pituitary,0.5434780288109707,919d6f0fb3ca462983d6df6ec06846e41abd9645
efficientnet_b0,B,130,111366,image_level_seed11,5,0,meningioma,0.8766538750286476,0.0295722862675824,0.09377383870377,0,meningioma,0.8766538750286476,919d6f0fb3ca462983d6df6ec06846e41abd9645
efficientnet_b0,B,131,111366,image_level_seed11,1,0,meningioma,0.868926922283883,0.0839399047019155,0.0471331730142015,0,meningioma,0.868926922283883,919d6f0fb3ca462983d6df6ec06846e41abd9645
efficientnet_b0,B,132,111532,image_level_seed11,4,0,meningioma,0.9982487353697822,0.0011934566599933,0.0005578079702244,0,meningioma,0.9982487353697822,919d6f0fb3ca462983d6df6ec06846e41abd9645
efficientnet_b0,B,133,111532,image_level_seed11,4,0,meningioma,0.9968627592491186,0.0010104149064165,0.002126825844465,0,meningioma,0.9968627592491186,919d6f0fb3ca462983d6df6ec06846e41abd9645
efficientnet_b0,B,134,111532,image_level_seed11,1,0,meningioma,0.9985108374087012,0.0010719906709668,0.000417171920332,0,meningioma,0.9985108374087012,919d6f0fb3ca462983d6df6ec06846e41abd9645
efficientnet_b0,B,135,112002,image_level_seed11,1,0,meningioma,0.7920268554977772,0.2059384660025753,0.0020346784996475,0,meningioma,0.7920268554977772,919d6f0fb3ca462983d6df6ec06846e41abd9645
efficientnet_b0,B,136,112002,image_level_seed11,1,0,meningioma,0.9705373861725808,0.0275150215167082,0.0019475923107111,0,meningioma,0.9705373861725808,919d6f0fb3ca462983d6df6ec06846e41abd9645
efficientnet_b0,B,137,112002,image_level_seed11,3,0,meningioma,0.9771600313848278,0.0195858123188742,0.0032541562962981,0,meningioma,0.9771600313848278,919d6f0fb3ca462983d6df6ec06846e41abd9645
efficientnet_b0,B,138,112002,image_level_seed11,2,0,meningioma,0.9887393266934156,0.0106811390849248,0.0005795342216596,0,meningioma,0.9887393266934156,919d6f0fb3ca462983d6df6ec06846e41abd9645
efficientnet_b0,B,139,112062,image_level_seed11,2,0,meningioma,0.999844323112164,9.362916917931188e-05,6.204771865676425e-05,0,meningioma,0.999844323112164,919d6f0fb3ca462983d6df6ec06846e41abd9645
efficientnet_b0,B,140,112062,image_level_seed11,2,0,meningioma,0.99862621592679,0.0007276862758558,0.0006460977973538,0,meningioma,0.99862621592679,919d6f0fb3ca462983d6df6ec06846e41abd9645
efficientnet_b0,B,141,112062,image_level_seed11,5,0,meningioma,0.9955245736143744,0.0026828563025014,0.0017925700831241,0,meningioma,0.9955245736143744,919d6f0fb3ca462983d6df6ec06846e41abd9645
efficientnet_b0,B,142,112252,image_level_seed11,3,0,meningioma,0.9761913909834462,0.0200192279835422,0.0037893810330115,0,meningioma,0.9761913909834462,919d6f0fb3ca462983d6df6ec06846e41abd9645
efficientnet_b0,B,143,112252,image_level_seed11,1,0,meningioma,0.9672652414396928,0.0306229380386631,0.0021118205216442,0,meningioma,0.9672652414396928,919d6f0fb3ca462983d6df6ec06846e41abd9645
efficientnet_b0,B,144,112552,image_level_seed11,3,0,meningioma,0.7904090535732381,0.1663885844132584,0.0432023620135033,0,meningioma,0.7904090535732381,919d6f0fb3ca462983d6df6ec06846e41abd9645
efficientnet_b0,B,145,112552,image_level_seed11,4,0,meningioma,0.9465549547253064,0.0073432962041876,0.046101749070506,0,meningioma,0.9465549547253064,919d6f0fb3ca462983d6df6ec06846e41abd9645
efficientnet_b0,B,146,112552,image_level_seed11,3,0,meningioma,0.996398189560832,0.0021863365490047,0.0014154738901632,0,meningioma,0.996398189560832,919d6f0fb3ca462983d6df6ec06846e41abd9645
efficientnet_b0,B,147,112552,image_level_seed11,5,0,meningioma,0.993344224387224,0.0009348200890664,0.0057209555237095,0,meningioma,0.993344224387224,919d6f0fb3ca462983d6df6ec06846e41abd9645
efficientnet_b0,B,148,112552,image_level_seed11,4,0,meningioma,0.9756214041733744,0.0080549139748009,0.0163236818518247,0,meningioma,0.9756214041733744,919d6f0fb3ca462983d6df6ec06846e41abd9645
efficientnet_b0,B,149,112552,image_level_seed11,3,0,meningioma,0.986790844901272,0.0038908368827591,0.0093183182159687,0,meningioma,0.986790844901272,919d6f0fb3ca462983d6df6ec06846e41abd9645
efficientnet_b0,B,150,112552,image_level_seed11,3,0,meningioma,0.9753023649334018,0.0242432362806413,0.0004543987859568,0,meningioma,0.9753023649334018,919d6f0fb3ca462983d6df6ec06846e41abd9645
efficientnet_b0,B,151,112648,image_level_seed11,2,0,meningioma,0.9983736543036588,0.0002864142795036,0.0013399314168373,0,meningioma,0.9983736543036588,919d6f0fb3ca462983d6df6ec06846e41abd9645
efficientnet_b0,B,152,112648,image_level_seed11,1,0,meningioma,0.982035499350773,0.0008262799448836,0.0171382207043432,0,meningioma,0.982035499350773,919d6f0fb3ca462983d6df6ec06846e41abd9645
efficientnet_b0,B,153,112648,image_level_seed11,2,0,meningioma,0.9940985967540132,0.0007217026447506,0.0051797006012362,0,meningioma,0.9940985967540132,919d6f0fb3ca462983d6df6ec06846e41abd9645
efficientnet_b0,B,154,113435,image_level_seed11,1,0,meningioma,0.7475854254498303,0.2475097819231687,0.0049047926270009,0,meningioma,0.7475854254498303,919d6f0fb3ca462983d6df6ec06846e41abd9645
efficientnet_b0,B,155,113435,image_level_seed11,3,0,meningioma,0.9996588144282398,0.0002166432021882,0.000124542369572,0,meningioma,0.9996588144282398,919d6f0fb3ca462983d6df6ec06846e41abd9645
efficientnet_b0,B,156,113435,image_level_seed11,4,0,meningioma,0.9981298113336254,0.001558493318947,0.0003116953474275,0,meningioma,0.9981298113336254,919d6f0fb3ca462983d6df6ec06846e41abd9645
efficientnet_b0,B,157,113435,image_level_seed11,1,0,meningioma,0.99820667658786,0.0016632423835039,0.0001300810286359,0,meningioma,0.99820667658786,919d6f0fb3ca462983d6df6ec06846e41abd9645
efficientnet_b0,B,158,113435,image_level_seed11,1,0,meningioma,0.9974373276715164,0.0024499688014288,0.0001127035270549,0,meningioma,0.9974373276715164,919d6f0fb3ca462983d6df6ec06846e41abd9645
efficientnet_b0,B,159,113435,image_level_seed11,1,0,meningioma,0.9997731465808124,0.0001930660464309,3.378737275665876e-05,0,meningioma,0.9997731465808124,919d6f0fb3ca462983d6df6ec06846e41abd9645
efficientnet_b0,B,160,113554,image_level_seed11,5,0,meningioma,0.996901964491824,0.0025656012854213,0.0005324342227547,0,meningioma,0.996901964491824,919d6f0fb3ca462983d6df6ec06846e41abd9645
efficientnet_b0,B,161,113554,image_level_seed11,5,0,meningioma,0.9993714371855756,0.0004691716936383,0.0001593911207859,0,meningioma,0.9993714371855756,919d6f0fb3ca462983d6df6ec06846e41abd9645
efficientnet_b0,B,162,113554,image_level_seed11,2,0,meningioma,0.9991020953385752,0.0003961297331418,0.0005017749282831,0,meningioma,0.9991020953385752,919d6f0fb3ca462983d6df6ec06846e41abd9645
efficientnet_b0,B,163,113805,image_level_seed11,2,0,meningioma,0.8019289455090947,0.191778656853878,0.0062923976370274,0,meningioma,0.8019289455090947,919d6f0fb3ca462983d6df6ec06846e41abd9645
efficientnet_b0,B,164,114018,image_level_seed11,5,0,meningioma,0.9972196109715928,0.0005846483639017,0.0021957406645055,0,meningioma,0.9972196109715928,919d6f0fb3ca462983d6df6ec06846e41abd9645
efficientnet_b0,B,165,114018,image_level_seed11,4,0,meningioma,0.986232281866814,0.0014300221775913,0.0123376959555946,0,meningioma,0.986232281866814,919d6f0fb3ca462983d6df6ec06846e41abd9645
efficientnet_b0,B,166,114018,image_level_seed11,4,0,meningioma,0.9979970394032964,0.000149666564456,0.0018532940322474,0,meningioma,0.9979970394032964,919d6f0fb3ca462983d6df6ec06846e41abd9645
efficientnet_b0,B,167,114018,image_level_seed11,5,0,meningioma,0.998582394660926,3.4731374722011955e-05,0.0013828739643519,0,meningioma,0.998582394660926,919d6f0fb3ca462983d6df6ec06846e41abd9645
efficientnet_b0,B,168,114018,image_level_seed11,5,0,meningioma,0.998784681149035,9.261429452647316e-05,0.0011227045564386,0,meningioma,0.998784681149035,919d6f0fb3ca462983d6df6ec06846e41abd9645
efficientnet_b0,B,169,114359,image_level_seed11,4,0,meningioma,0.9987362299514508,0.0011656736023812,9.809644616799473e-05,0,meningioma,0.9987362299514508,919d6f0fb3ca462983d6df6ec06846e41abd9645
efficientnet_b0,B,170,114359,image_level_seed11,5,0,meningioma,0.9849559487618882,0.0149074586373547,0.0001365926007571,0,meningioma,0.9849559487618882,919d6f0fb3ca462983d6df6ec06846e41abd9645
efficientnet_b0,B,171,114359,image_level_seed11,5,0,meningioma,0.9967072008056532,0.0030733589936901,0.0002194402006565,0,meningioma,0.9967072008056532,919d6f0fb3ca462983d6df6ec06846e41abd9645
efficientnet_b0,B,172,114359,image_level_seed11,2,0,meningioma,0.9940899080291808,0.005799606894092,0.0001104850767272,0,meningioma,0.9940899080291808,919d6f0fb3ca462983d6df6ec06846e41abd9645
efficientnet_b0,B,173,114359,image_level_seed11,4,0,meningioma,0.9993298402867912,0.0003569388667346,0.0003132208464738,0,meningioma,0.9993298402867912,919d6f0fb3ca462983d6df6ec06846e41abd9645
efficientnet_b0,B,174,114359,image_level_seed11,1,0,meningioma,0.9855268752981172,0.0143334278397008,0.0001396968621819,0,meningioma,0.9855268752981172,919d6f0fb3ca462983d6df6ec06846e41abd9645
efficientnet_b0,B,175,97607,image_level_seed11,5,0,meningioma,0.9977659798909696,0.0019342680639838,0.0002997520450466,0,meningioma,0.9977659798909696,919d6f0fb3ca462983d6df6ec06846e41abd9645
efficientnet_b0,B,176,97607,image_level_seed11,2,0,meningioma,0.9996946726583146,0.0001525417016549,0.0001527856400304,0,meningioma,0.9996946726583146,919d6f0fb3ca462983d6df6ec06846e41abd9645
efficientnet_b0,B,177,97607,image_level_seed11,5,0,meningioma,0.9994697621876344,0.0002111306683617,0.0003191071440038,0,meningioma,0.9994697621876344,919d6f0fb3ca462983d6df6ec06846e41abd9645
efficientnet_b0,B,178,97607,image_level_seed11,2,0,meningioma,0.9997464798342311,5.658120649714071e-05,0.0001969389592716,0,meningioma,0.9997464798342311,919d6f0fb3ca462983d6df6ec06846e41abd9645
efficientnet_b0,B,179,97607,image_level_seed11,5,0,meningioma,0.9968688089155814,0.0029009936096157,0.0002301974748028,0,meningioma,0.9968688089155814,919d6f0fb3ca462983d6df6ec06846e41abd9645
efficientnet_b0,B,180,97737,image_level_seed11,5,0,meningioma,0.9999762358657226,1.3748783480081254e-05,1.0015350797325063e-05,0,meningioma,0.9999762358657226,919d6f0fb3ca462983d6df6ec06846e41abd9645
efficientnet_b0,B,181,97737,image_level_seed11,1,0,meningioma,0.9982333853910872,0.0016533720581538,0.0001132425507591,0,meningioma,0.9982333853910872,919d6f0fb3ca462983d6df6ec06846e41abd9645
efficientnet_b0,B,182,97737,image_level_seed11,3,0,meningioma,0.9946966628697465,0.0012309720070506,0.004072365123203,0,meningioma,0.9946966628697465,919d6f0fb3ca462983d6df6ec06846e41abd9645
efficientnet_b0,B,183,97737,image_level_seed11,5,0,meningioma,0.999086474146151,0.0002617049044335,0.0006518209494154,0,meningioma,0.999086474146151,919d6f0fb3ca462983d6df6ec06846e41abd9645
efficientnet_b0,B,184,97875,image_level_seed11,1,0,meningioma,0.6420376614286913,0.0414124015193086,0.3165499370520001,0,meningioma,0.6420376614286913,919d6f0fb3ca462983d6df6ec06846e41abd9645
efficientnet_b0,B,185,97875,image_level_seed11,4,0,meningioma,0.9984572963310996,0.0004674403670923,0.0010752633018078,0,meningioma,0.9984572963310996,919d6f0fb3ca462983d6df6ec06846e41abd9645
efficientnet_b0,B,186,97875,image_level_seed11,4,0,meningioma,0.967216320997236,0.0086237550623424,0.0241599239404215,0,meningioma,0.967216320997236,919d6f0fb3ca462983d6df6ec06846e41abd9645
efficientnet_b0,B,187,97943,image_level_seed11,2,0,meningioma,0.999225012272239,0.0004225425935384,0.0003524451342226,0,meningioma,0.999225012272239,919d6f0fb3ca462983d6df6ec06846e41abd9645
efficientnet_b0,B,188,97943,image_level_seed11,3,0,meningioma,0.9995947584849876,0.0001921285957114,0.0002131129193008,0,meningioma,0.9995947584849876,919d6f0fb3ca462983d6df6ec06846e41abd9645
efficientnet_b0,B,189,97943,image_level_seed11,2,0,meningioma,0.9978023027857992,0.0016044042215334,0.0005932929926674,0,meningioma,0.9978023027857992,919d6f0fb3ca462983d6df6ec06846e41abd9645
efficientnet_b0,B,190,97943,image_level_seed11,4,0,meningioma,0.9993164324670024,0.0006023346166522,8.123291634525331e-05,0,meningioma,0.9993164324670024,919d6f0fb3ca462983d6df6ec06846e41abd9645
efficientnet_b0,B,191,97943,image_level_seed11,3,0,meningioma,0.994333907355414,0.0034113746079781,0.0022547180366079,0,meningioma,0.994333907355414,919d6f0fb3ca462983d6df6ec06846e41abd9645
efficientnet_b0,B,192,98241,image_level_seed11,3,0,meningioma,0.9997783662029168,0.0001404483874057,8.118540967741035e-05,0,meningioma,0.9997783662029168,919d6f0fb3ca462983d6df6ec06846e41abd9645
efficientnet_b0,B,193,98241,image_level_seed11,3,0,meningioma,0.9946739005911792,0.0009927374758991,0.0043333619329217,0,meningioma,0.9946739005911792,919d6f0fb3ca462983d6df6ec06846e41abd9645
efficientnet_b0,B,194,98241,image_level_seed11,3,0,meningioma,0.9980547330078444,0.0002540472364063,0.0016912197557491,0,meningioma,0.9980547330078444,919d6f0fb3ca462983d6df6ec06846e41abd9645
efficientnet_b0,B,195,98241,image_level_seed11,1,0,meningioma,0.9586367363841012,0.0009873522868013,0.0403759113290972,0,meningioma,0.9586367363841012,919d6f0fb3ca462983d6df6ec06846e41abd9645
efficientnet_b0,B,196,98241,image_level_seed11,2,0,meningioma,0.9704662700968546,0.0037670916860499,0.0257666382170954,0,meningioma,0.9704662700968546,919d6f0fb3ca462983d6df6ec06846e41abd9645
efficientnet_b0,B,197,98241,image_level_seed11,2,0,meningioma,0.9976944561472374,0.0012391611896607,0.0010663826631018,0,meningioma,0.9976944561472374,919d6f0fb3ca462983d6df6ec06846e41abd9645
efficientnet_b0,B,198,99017,image_level_seed11,4,0,meningioma,0.21556802404469,0.0022356356586177,0.7821963402966923,2,pituitary,0.7821963402966923,919d6f0fb3ca462983d6df6ec06846e41abd9645
efficientnet_b0,B,199,99017,image_level_seed11,1,0,meningioma,0.9177383065989376,0.0024822126358002,0.0797794807652623,0,meningioma,0.9177383065989376,919d6f0fb3ca462983d6df6ec06846e41abd9645
efficientnet_b0,B,200,99089,image_level_seed11,4,0,meningioma,0.9948746878265328,0.0032873233342324,0.0018379888392347,0,meningioma,0.9948746878265328,919d6f0fb3ca462983d6df6ec06846e41abd9645
efficientnet_b0,B,201,99089,image_level_seed11,3,0,meningioma,0.9992343474082134,0.000108803176069,0.0006568494157176,0,meningioma,0.9992343474082134,919d6f0fb3ca462983d6df6ec06846e41abd9645
efficientnet_b0,B,202,99089,image_level_seed11,4,0,meningioma,0.9995588809719173,0.0001298628720036,0.0003112561560792,0,meningioma,0.9995588809719173,919d6f0fb3ca462983d6df6ec06846e41abd9645
efficientnet_b0,B,203,99288,image_level_seed11,5,0,meningioma,0.1881229684047584,0.810649039730644,0.0012279918645975,1,glioma,0.810649039730644,919d6f0fb3ca462983d6df6ec06846e41abd9645
efficientnet_b0,B,204,99308,image_level_seed11,1,0,meningioma,0.992229570711178,0.0072823534588013,0.0004880758300205,0,meningioma,0.992229570711178,919d6f0fb3ca462983d6df6ec06846e41abd9645
efficientnet_b0,B,205,99308,image_level_seed11,5,0,meningioma,0.9110518107153868,0.0878169357764723,0.001131253508141,0,meningioma,0.9110518107153868,919d6f0fb3ca462983d6df6ec06846e41abd9645
efficientnet_b0,B,206,99308,image_level_seed11,2,0,meningioma,0.9970715651832012,0.0028861279687052,4.230684809378611e-05,0,meningioma,0.9970715651832012,919d6f0fb3ca462983d6df6ec06846e41abd9645
efficientnet_b0,B,207,99308,image_level_seed11,1,0,meningioma,0.9936022466906236,0.0052584157846202,0.0011393375247559,0,meningioma,0.9936022466906236,919d6f0fb3ca462983d6df6ec06846e41abd9645
efficientnet_b0,B,208,99308,image_level_seed11,3,0,meningioma,0.9986467063722476,0.0005877629697106,0.0007655306580418,0,meningioma,0.9986467063722476,919d6f0fb3ca462983d6df6ec06846e41abd9645
efficientnet_b0,B,209,100820,image_level_seed11,4,1,glioma,0.0359600115667717,0.96185157659784,0.0021884118353884,1,glioma,0.96185157659784,919d6f0fb3ca462983d6df6ec06846e41abd9645
efficientnet_b0,B,210,100820,image_level_seed11,5,1,glioma,0.010681208333003,0.9888818244964466,0.0004369671705502,1,glioma,0.9888818244964466,919d6f0fb3ca462983d6df6ec06846e41abd9645
efficientnet_b0,B,211,100360,image_level_seed11,5,0,meningioma,0.8946600746458582,0.104289139292288,0.0010507860618538,0,meningioma,0.8946600746458582,919d6f0fb3ca462983d6df6ec06846e41abd9645
efficientnet_b0,B,212,100360,image_level_seed11,1,0,meningioma,0.8880851818478854,0.1024287907830239,0.0094860273690906,0,meningioma,0.8880851818478854,919d6f0fb3ca462983d6df6ec06846e41abd9645
efficientnet_b0,B,213,100360,image_level_seed11,2,0,meningioma,0.9936328478480422,0.0029868165099859,0.0033803356419719,0,meningioma,0.9936328478480422,919d6f0fb3ca462983d6df6ec06846e41abd9645
efficientnet_b0,B,214,100360,image_level_seed11,2,0,meningioma,0.9983579102095428,0.0013766922119777,0.0002653975784794,0,meningioma,0.9983579102095428,919d6f0fb3ca462983d6df6ec06846e41abd9645
efficientnet_b0,B,215,100360,image_level_seed11,5,0,meningioma,0.996766776874064,0.0027273211427884,0.0005059019831475,0,meningioma,0.996766776874064,919d6f0fb3ca462983d6df6ec06846e41abd9645
efficientnet_b0,B,216,100360,image_level_seed11,5,0,meningioma,0.993477828818808,0.006274821243116,0.0002473499380759,0,meningioma,0.993477828818808,919d6f0fb3ca462983d6df6ec06846e41abd9645
efficientnet_b0,B,217,100360,image_level_seed11,4,0,meningioma,0.8648519158975723,0.0753298687915027,0.0598182153109249,0,meningioma,0.8648519158975723,919d6f0fb3ca462983d6df6ec06846e41abd9645
efficientnet_b0,B,218,100572,image_level_seed11,4,0,meningioma,0.9594734876238852,0.0012953456327022,0.0392311667434126,0,meningioma,0.9594734876238852,919d6f0fb3ca462983d6df6ec06846e41abd9645
efficientnet_b0,B,219,100572,image_level_seed11,4,0,meningioma,0.9060208472221016,0.0015327833024174,0.0924463694754809,0,meningioma,0.9060208472221016,919d6f0fb3ca462983d6df6ec06846e41abd9645
efficientnet_b0,B,220,100572,image_level_seed11,3,0,meningioma,0.926656447787577,0.0014918957794114,0.0718516564330114,0,meningioma,0.926656447787577,919d6f0fb3ca462983d6df6ec06846e41abd9645
efficientnet_b0,B,221,101016,image_level_seed11,4,0,meningioma,0.9993926274799422,0.0001743249899193,0.0004330475301386,0,meningioma,0.9993926274799422,919d6f0fb3ca462983d6df6ec06846e41abd9645
efficientnet_b0,B,222,101016,image_level_seed11,2,0,meningioma,0.9983823084248016,0.00109248635375,0.0005252052214484,0,meningioma,0.9983823084248016,919d6f0fb3ca462983d6df6ec06846e41abd9645
efficientnet_b0,B,223,101016,image_level_seed11,4,0,meningioma,0.9964104724143872,0.0016271301564668,0.0019623974291458,0,meningioma,0.9964104724143872,919d6f0fb3ca462983d6df6ec06846e41abd9645
efficientnet_b0,B,224,101016,image_level_seed11,2,0,meningioma,0.9965183682388484,0.0019738068481458,0.0015078249130055,0,meningioma,0.9965183682388484,919d6f0fb3ca462983d6df6ec06846e41abd9645
efficientnet_b0,B,225,101016,image_level_seed11,3,0,meningioma,0.9994412278339332,0.0002797381210991,0.0002790340449675,0,meningioma,0.9994412278339332,919d6f0fb3ca462983d6df6ec06846e41abd9645
efficientnet_b0,B,226,101016,image_level_seed11,2,0,meningioma,0.998692578568526,0.0007323458614549,0.0005750755700189,0,meningioma,0.998692578568526,919d6f0fb3ca462983d6df6ec06846e41abd9645
efficientnet_b0,B,227,101127,image_level_seed11,2,0,meningioma,0.9299897639686612,0.0048242571777347,0.0651859788536039,0,meningioma,0.9299897639686612,919d6f0fb3ca462983d6df6ec06846e41abd9645
efficientnet_b0,B,228,101127,image_level_seed11,1,0,meningioma,0.9926270813157458,0.0010001954676971,0.0063727232165569,0,meningioma,0.9926270813157458,919d6f0fb3ca462983d6df6ec06846e41abd9645
efficientnet_b0,B,229,101127,image_level_seed11,2,0,meningioma,0.4777119262867875,0.0004300870477269,0.5218579866654856,2,pituitary,0.5218579866654856,919d6f0fb3ca462983d6df6ec06846e41abd9645
efficientnet_b0,B,230,101127,image_level_seed11,3,0,meningioma,0.2819734760433853,0.0051639198213841,0.7128626041352305,2,pituitary,0.7128626041352305,919d6f0fb3ca462983d6df6ec06846e41abd9645
efficientnet_b0,B,231,101797,image_level_seed11,5,0,meningioma,0.9633136008474452,0.0349680431088245,0.0017183560437301,0,meningioma,0.9633136008474452,919d6f0fb3ca462983d6df6ec06846e41abd9645
efficientnet_b0,B,232,101797,image_level_seed11,2,0,meningioma,0.9981718049977956,0.0006740731301931,0.001154121872011,0,meningioma,0.9981718049977956,919d6f0fb3ca462983d6df6ec06846e41abd9645
efficientnet_b0,B,233,101797,image_level_seed11,4,0,meningioma,0.9196547362384936,0.0541057546992542,0.0262395090622521,0,meningioma,0.9196547362384936,919d6f0fb3ca462983d6df6ec06846e41abd9645
efficientnet_b0,B,234,101797,image_level_seed11,4,0,meningioma,0.9981153236483042,0.0010609192307357,0.00082375712096,0,meningioma,0.9981153236483042,919d6f0fb3ca462983d6df6ec06846e41abd9645
efficientnet_b0,B,235,101797,image_level_seed11,1,0,meningioma,0.9995081932751146,0.000356440226609,0.0001353664982765,0,meningioma,0.9995081932751146,919d6f0fb3ca462983d6df6ec06846e41abd9645
efficientnet_b0,B,236,102420,image_level_seed11,1,0,meningioma,0.9908380101586116,0.0086064134549677,0.0005555763864207,0,meningioma,0.9908380101586116,919d6f0fb3ca462983d6df6ec06846e41abd9645
efficientnet_b0,B,237,102420,image_level_seed11,4,0,meningioma,0.9991533717200656,0.0003020965558473,0.0005445317240871,0,meningioma,0.9991533717200656,919d6f0fb3ca462983d6df6ec06846e41abd9645
efficientnet_b0,B,238,102420,image_level_seed11,5,0,meningioma,0.9946408810432784,0.0051071958231468,0.0002519231335748,0,meningioma,0.9946408810432784,919d6f0fb3ca462983d6df6ec06846e41abd9645
efficientnet_b0,B,239,102446,image_level_seed11,4,0,meningioma,0.9764371677631252,0.0203511541431209,0.0032116780937538,0,meningioma,0.9764371677631252,919d6f0fb3ca462983d6df6ec06846e41abd9645
efficientnet_b0,B,240,102675,image_level_seed11,4,0,meningioma,0.9681171656896704,0.0230074707695307,0.0088753635407988,0,meningioma,0.9681171656896704,919d6f0fb3ca462983d6df6ec06846e41abd9645
efficientnet_b0,B,241,102675,image_level_seed11,1,0,meningioma,0.9770492681916584,0.0205925639623081,0.0023581678460333,0,meningioma,0.9770492681916584,919d6f0fb3ca462983d6df6ec06846e41abd9645
efficientnet_b0,B,242,102714,image_level_seed11,5,0,meningioma,0.998662402129663,0.0009782477539816,0.0003593501163553,0,meningioma,0.998662402129663,919d6f0fb3ca462983d6df6ec06846e41abd9645
efficientnet_b0,B,243,102714,image_level_seed11,2,0,meningioma,0.9998320488373522,0.0001049706689486,6.298049369917565e-05,0,meningioma,0.9998320488373522,919d6f0fb3ca462983d6df6ec06846e41abd9645
efficientnet_b0,B,244,102714,image_level_seed11,5,0,meningioma,0.9998748495335332,0.0001134235981158,1.172686835097638e-05,0,meningioma,0.9998748495335332,919d6f0fb3ca462983d6df6ec06846e41abd9645
efficientnet_b0,B,245,102714,image_level_seed11,5,0,meningioma,0.9996015047834128,0.0003507289113572,4.776630522985281e-05,0,meningioma,0.9996015047834128,919d6f0fb3ca462983d6df6ec06846e41abd9645
efficientnet_b0,B,246,102929,image_level_seed11,3,0,meningioma,0.9398199337295948,0.0004385284389013,0.059741537831504,0,meningioma,0.9398199337295948,919d6f0fb3ca462983d6df6ec06846e41abd9645
efficientnet_b0,B,247,102929,image_level_seed11,2,0,meningioma,0.9861507024203124,0.00068193009212,0.0131673674875676,0,meningioma,0.9861507024203124,919d6f0fb3ca462983d6df6ec06846e41abd9645
efficientnet_b0,B,248,102929,image_level_seed11,5,0,meningioma,0.9983938220431324,0.0009420036081527,0.0006641743487148,0,meningioma,0.9983938220431324,919d6f0fb3ca462983d6df6ec06846e41abd9645
efficientnet_b0,B,249,102929,image_level_seed11,1,0,meningioma,0.9789903885298394,0.0052064664373218,0.0158031450328388,0,meningioma,0.9789903885298394,919d6f0fb3ca462983d6df6ec06846e41abd9645
efficientnet_b0,B,250,102929,image_level_seed11,2,0,meningioma,0.9984470329129574,0.0004546500216837,0.0010983170653587,0,meningioma,0.9984470329129574,919d6f0fb3ca462983d6df6ec06846e41abd9645
efficientnet_b0,B,251,102929,image_level_seed11,3,0,meningioma,0.6668025544229317,0.0270333320947127,0.3061641134823556,0,meningioma,0.6668025544229317,919d6f0fb3ca462983d6df6ec06846e41abd9645
efficientnet_b0,B,252,102935,image_level_seed11,5,0,meningioma,0.9941892208905708,0.0054203769540111,0.0003904021554179,0,meningioma,0.9941892208905708,919d6f0fb3ca462983d6df6ec06846e41abd9645
efficientnet_b0,B,253,102985,image_level_seed11,3,0,meningioma,0.9880036428520362,0.0114007773818318,0.000595579766132,0,meningioma,0.9880036428520362,919d6f0fb3ca462983d6df6ec06846e41abd9645
efficientnet_b0,B,254,103673,image_level_seed11,2,0,meningioma,0.4651014458075633,0.012331629353742,0.5225669248386946,2,pituitary,0.5225669248386946,919d6f0fb3ca462983d6df6ec06846e41abd9645
efficientnet_b0,B,255,103673,image_level_seed11,5,0,meningioma,0.8813223925924573,0.0015732679775764,0.1171043394299662,0,meningioma,0.8813223925924573,919d6f0fb3ca462983d6df6ec06846e41abd9645
efficientnet_b0,B,256,103673,image_level_seed11,1,0,meningioma,0.8446566805108775,0.0009866232257382,0.1543566962633842,0,meningioma,0.8446566805108775,919d6f0fb3ca462983d6df6ec06846e41abd9645
efficientnet_b0,B,257,103673,image_level_seed11,3,0,meningioma,0.9899548500302892,0.0002118536983815,0.0098332962713293,0,meningioma,0.9899548500302892,919d6f0fb3ca462983d6df6ec06846e41abd9645
efficientnet_b0,B,258,103673,image_level_seed11,3,0,meningioma,0.9653345477983422,0.0002725603465805,0.0343928918550772,0,meningioma,0.9653345477983422,919d6f0fb3ca462983d6df6ec06846e41abd9645
efficientnet_b0,B,259,103673,image_level_seed11,4,0,meningioma,0.8983627227318464,0.0004903070704339,0.1011469701977197,0,meningioma,0.8983627227318464,919d6f0fb3ca462983d6df6ec06846e41abd9645
efficientnet_b0,B,260,103673,image_level_seed11,2,0,meningioma,0.07272681554786,0.0019420074051568,0.9253311770469832,2,pituitary,0.9253311770469832,919d6f0fb3ca462983d6df6ec06846e41abd9645
efficientnet_b0,B,261,103925,image_level_seed11,5,0,meningioma,0.9774972522196492,0.016208261003359,0.0062944867769916,0,meningioma,0.9774972522196492,919d6f0fb3ca462983d6df6ec06846e41abd9645
efficientnet_b0,B,262,103925,image_level_seed11,1,0,meningioma,0.9915203655345745,0.0078058492356153,0.0006737852298102,0,meningioma,0.9915203655345745,919d6f0fb3ca462983d6df6ec06846e41abd9645
efficientnet_b0,B,263,103925,image_level_seed11,1,0,meningioma,0.8618722293366765,0.1282112558185296,0.0099165148447938,0,meningioma,0.8618722293366765,919d6f0fb3ca462983d6df6ec06846e41abd9645
efficientnet_b0,B,264,103925,image_level_seed11,4,0,meningioma,0.9758688887647284,0.0182037255194715,0.0059273857158001,0,meningioma,0.9758688887647284,919d6f0fb3ca462983d6df6ec06846e41abd9645
efficientnet_b0,B,265,103925,image_level_seed11,5,0,meningioma,0.9178377164533944,0.0817600412858592,0.0004022422607462,0,meningioma,0.9178377164533944,919d6f0fb3ca462983d6df6ec06846e41abd9645
efficientnet_b0,B,266,103925,image_level_seed11,1,0,meningioma,0.3792216003741739,0.6189879545634619,0.0017904450623641,1,glioma,0.6189879545634619,919d6f0fb3ca462983d6df6ec06846e41abd9645
efficientnet_b0,B,267,103925,image_level_seed11,2,0,meningioma,0.962337491737806,0.0305323203857672,0.0071301878764267,0,meningioma,0.962337491737806,919d6f0fb3ca462983d6df6ec06846e41abd9645
efficientnet_b0,B,268,103925,image_level_seed11,1,0,meningioma,0.603695338872217,0.394029420567363,0.0022752405604199,0,meningioma,0.603695338872217,919d6f0fb3ca462983d6df6ec06846e41abd9645
efficientnet_b0,B,269,104167,image_level_seed11,3,0,meningioma,0.999896682952777,3.5691931928308484e-05,6.762511529463867e-05,0,meningioma,0.999896682952777,919d6f0fb3ca462983d6df6ec06846e41abd9645
efficientnet_b0,B,270,104167,image_level_seed11,1,0,meningioma,0.9995618771550656,0.000259477090658,0.0001786457542765,0,meningioma,0.9995618771550656,919d6f0fb3ca462983d6df6ec06846e41abd9645
efficientnet_b0,B,271,104167,image_level_seed11,4,0,meningioma,0.9996122018995388,0.0001848484656352,0.0002029496348258,0,meningioma,0.9996122018995388,919d6f0fb3ca462983d6df6ec06846e41abd9645
efficientnet_b0,B,272,104167,image_level_seed11,1,0,meningioma,0.9996807859388428,0.0001601755061461,0.0001590385550108,0,meningioma,0.9996807859388428,919d6f0fb3ca462983d6df6ec06846e41abd9645
efficientnet_b0,B,273,104167,image_level_seed11,3,0,meningioma,0.9999310861513244,3.9761193628605765e-05,2.915265504696123e-05,0,meningioma,0.9999310861513244,919d6f0fb3ca462983d6df6ec06846e41abd9645
efficientnet_b0,B,274,104167,image_level_seed11,4,0,meningioma,0.9895946793168924,0.010149287384222,0.0002560332988856,0,meningioma,0.9895946793168924,919d6f0fb3ca462983d6df6ec06846e41abd9645
efficientnet_b0,B,275,104281,image_level_seed11,5,0,meningioma,0.9998443955949068,0.0001398831206598,1.5721284433287776e-05,0,meningioma,0.9998443955949068,919d6f0fb3ca462983d6df6ec06846e41abd9645
efficientnet_b0,B,276,104281,image_level_seed11,4,0,meningioma,0.998003335226555,0.0015891441292712,0.0004075206441735,0,meningioma,0.998003335226555,919d6f0fb3ca462983d6df6ec06846e41abd9645
efficientnet_b0,B,277,104281,image_level_seed11,3,0,meningioma,0.9997667188147537,0.0002126890510156,2.0592134230868176e-05,0,meningioma,0.9997667188147537,919d6f0fb3ca462983d6df6ec06846e41abd9645
efficientnet_b0,B,278,104281,image_level_seed11,2,0,meningioma,0.9987103363750442,0.0012520477466042,3.761587835159778e-05,0,meningioma,0.9987103363750442,919d6f0fb3ca462983d6df6ec06846e41abd9645
efficientnet_b0,B,279,104281,image_level_seed11,3,0,meningioma,0.9998710103421646,5.5027092015921135e-05,7.39625658193938e-05,0,meningioma,0.9998710103421646,919d6f0fb3ca462983d6df6ec06846e41abd9645
efficientnet_b0,B,280,104281,image_level_seed11,2,0,meningioma,0.9992656069246704,0.0007020926794086,3.2300395921082315e-05,0,meningioma,0.9992656069246704,919d6f0fb3ca462983d6df6ec06846e41abd9645
efficientnet_b0,B,281,105374,image_level_seed11,3,0,meningioma,0.9918673925462136,0.0077079158551907,0.0004246915985959,0,meningioma,0.9918673925462136,919d6f0fb3ca462983d6df6ec06846e41abd9645
efficientnet_b0,B,282,105374,image_level_seed11,3,0,meningioma,0.9985856272343656,0.0005868474143747,0.0008275253512595,0,meningioma,0.9985856272343656,919d6f0fb3ca462983d6df6ec06846e41abd9645
efficientnet_b0,B,283,105555,image_level_seed11,2,0,meningioma,0.942031193222988,0.0558687006155683,0.0021001061614434,0,meningioma,0.942031193222988,919d6f0fb3ca462983d6df6ec06846e41abd9645
efficientnet_b0,B,284,105555,image_level_seed11,1,0,meningioma,0.6296215371906879,0.3676875747743804,0.0026908880349316,0,meningioma,0.6296215371906879,919d6f0fb3ca462983d6df6ec06846e41abd9645
efficientnet_b0,B,285,105555,image_level_seed11,2,0,meningioma,0.4013979411008062,0.5920823945963282,0.0065196643028655,1,glioma,0.5920823945963282,919d6f0fb3ca462983d6df6ec06846e41abd9645
efficientnet_b0,B,286,105937,image_level_seed11,3,0,meningioma,0.9963909701385976,0.000322560207153,0.0032864696542496,0,meningioma,0.9963909701385976,919d6f0fb3ca462983d6df6ec06846e41abd9645
efficientnet_b0,B,287,105937,image_level_seed11,3,0,meningioma,0.9960764539681424,0.0003796129981831,0.0035439330336744,0,meningioma,0.9960764539681424,919d6f0fb3ca462983d6df6ec06846e41abd9645
efficientnet_b0,B,288,105937,image_level_seed11,5,0,meningioma,0.9997450819207736,8.611523112937346e-05,0.000168802848097,0,meningioma,0.9997450819207736,919d6f0fb3ca462983d6df6ec06846e41abd9645
efficientnet_b0,B,289,105937,image_level_seed11,5,0,meningioma,0.9998184184088648,9.45874147459129e-05,8.699417638933814e-05,0,meningioma,0.9998184184088648,919d6f0fb3ca462983d6df6ec06846e41abd9645
efficientnet_b0,B,290,106284,image_level_seed11,3,0,meningioma,0.9955445907558516,0.00085264009607,0.0036027691480785,0,meningioma,0.9955445907558516,919d6f0fb3ca462983d6df6ec06846e41abd9645
efficientnet_b0,B,291,106284,image_level_seed11,1,0,meningioma,0.9975113706724322,0.0007447114624673,0.0017439178651003,0,meningioma,0.9975113706724322,919d6f0fb3ca462983d6df6ec06846e41abd9645
efficientnet_b0,B,292,106284,image_level_seed11,5,0,meningioma,0.9925100515377032,0.0011230957375847,0.0063668527247118,0,meningioma,0.9925100515377032,919d6f0fb3ca462983d6df6ec06846e41abd9645
efficientnet_b0,B,293,106284,image_level_seed11,4,0,meningioma,0.8862452367558137,0.045101406422274,0.0686533568219122,0,meningioma,0.8862452367558137,919d6f0fb3ca462983d6df6ec06846e41abd9645
efficientnet_b0,B,294,106442,image_level_seed11,5,0,meningioma,0.9995541656941104,0.0003671280336562,7.870627223340784e-05,0,meningioma,0.9995541656941104,919d6f0fb3ca462983d6df6ec06846e41abd9645
efficientnet_b0,B,295,106442,image_level_seed11,4,0,meningioma,0.999550444893579,0.0002588652977454,0.0001906898086752,0,meningioma,0.999550444893579,919d6f0fb3ca462983d6df6ec06846e41abd9645
efficientnet_b0,B,296,106442,image_level_seed11,4,0,meningioma,0.9997671141415776,0.0001800203256807,5.286553274144467e-05,0,meningioma,0.9997671141415776,919d6f0fb3ca462983d6df6ec06846e41abd9645
efficientnet_b0,B,297,106534,image_level_seed11,5,0,meningioma,0.9841933417062736,0.0141387465583198,0.0016679117354066,0,meningioma,0.9841933417062736,919d6f0fb3ca462983d6df6ec06846e41abd9645
efficientnet_b0,B,298,106534,image_level_seed11,2,0,meningioma,0.9950363811622616,0.0047677697643131,0.0001958490734252,0,meningioma,0.9950363811622616,919d6f0fb3ca462983d6df6ec06846e41abd9645
efficientnet_b0,B,299,106665,image_level_seed11,1,0,meningioma,0.9962258569316352,0.0029751154847392,0.0007990275836255,0,meningioma,0.9962258569316352,919d6f0fb3ca462983d6df6ec06846e41abd9645
efficientnet_b0,B,300,106665,image_level_seed11,2,0,meningioma,0.9991591625859796,0.0004211191529497,0.0004197182610705,0,meningioma,0.9991591625859796,919d6f0fb3ca462983d6df6ec06846e41abd9645
efficientnet_b0,B,301,106665,image_level_seed11,4,0,meningioma,0.9990388098985858,0.0002987084673588,0.0006624816340554,0,meningioma,0.9990388098985858,919d6f0fb3ca462983d6df6ec06846e41abd9645
efficientnet_b0,B,302,106665,image_level_seed11,4,0,meningioma,0.999173350037366,0.0001657877120831,0.0006608622505509,0,meningioma,0.999173350037366,919d6f0fb3ca462983d6df6ec06846e41abd9645
efficientnet_b0,B,303,106665,image_level_seed11,3,0,meningioma,0.9983538871554712,0.0004963114615902,0.0011498013829385,0,meningioma,0.9983538871554712,919d6f0fb3ca462983d6df6ec06846e41abd9645
efficientnet_b0,B,304,106720,image_level_seed11,4,0,meningioma,0.9276599559286156,0.02119591774082,0.0511441263305643,0,meningioma,0.9276599559286156,919d6f0fb3ca462983d6df6ec06846e41abd9645
efficientnet_b0,B,305,106720,image_level_seed11,5,0,meningioma,0.980656965909383,0.0145535578648897,0.0047894762257272,0,meningioma,0.980656965909383,919d6f0fb3ca462983d6df6ec06846e41abd9645
efficientnet_b0,B,306,106720,image_level_seed11,2,0,meningioma,0.9918743771943984,0.0015827380423903,0.0065428847632111,0,meningioma,0.9918743771943984,919d6f0fb3ca462983d6df6ec06846e41abd9645
efficientnet_b0,B,307,106720,image_level_seed11,4,0,meningioma,0.9626855132824343,0.0125165550951171,0.0247979316224484,0,meningioma,0.9626855132824343,919d6f0fb3ca462983d6df6ec06846e41abd9645
efficientnet_b0,B,308,106720,image_level_seed11,4,0,meningioma,0.9918674505488504,0.003660809773241,0.0044717396779083,0,meningioma,0.9918674505488504,919d6f0fb3ca462983d6df6ec06846e41abd9645
efficientnet_b0,B,309,106720,image_level_seed11,5,0,meningioma,0.9073008187521158,0.0912166682077566,0.0014825130401276,0,meningioma,0.9073008187521158,919d6f0fb3ca462983d6df6ec06846e41abd9645
efficientnet_b0,B,310,106720,image_level_seed11,4,0,meningioma,0.1287327190901557,0.8214723731497976,0.0497949077600466,1,glioma,0.8214723731497976,919d6f0fb3ca462983d6df6ec06846e41abd9645
efficientnet_b0,B,311,106914,image_level_seed11,2,0,meningioma,0.9990827487239412,0.0008473705427024,6.988073335626641e-05,0,meningioma,0.9990827487239412,919d6f0fb3ca462983d6df6ec06846e41abd9645
efficientnet_b0,B,312,106914,image_level_seed11,5,0,meningioma,0.9995393132260804,0.0002654597465082,0.0001952270274112,0,meningioma,0.9995393132260804,919d6f0fb3ca462983d6df6ec06846e41abd9645
efficientnet_b0,B,313,106914,image_level_seed11,2,0,meningioma,0.9986759655955216,0.0008199059842194,0.0005041284202589,0,meningioma,0.9986759655955216,919d6f0fb3ca462983d6df6ec06846e41abd9645
efficientnet_b0,B,314,106914,image_level_seed11,3,0,meningioma,0.9996800195940192,0.0001668141220885,0.0001531662838924,0,meningioma,0.9996800195940192,919d6f0fb3ca462983d6df6ec06846e41abd9645
efficientnet_b0,B,315,107190,image_level_seed11,1,0,meningioma,0.7753262441198706,0.2204695761219281,0.0042041797582013,0,meningioma,0.7753262441198706,919d6f0fb3ca462983d6df6ec06846e41abd9645
efficientnet_b0,B,316,107248,image_level_seed11,4,0,meningioma,0.868304971047587,0.1107355885871018,0.0209594403653111,0,meningioma,0.868304971047587,919d6f0fb3ca462983d6df6ec06846e41abd9645
efficientnet_b0,B,317,107248,image_level_seed11,2,0,meningioma,0.9981742669306708,0.0008289660523586,0.0009967670169707,0,meningioma,0.9981742669306708,919d6f0fb3ca462983d6df6ec06846e41abd9645
efficientnet_b0,B,318,107248,image_level_seed11,1,0,meningioma,0.9853436747235724,0.0141384481429848,0.0005178771334427,0,meningioma,0.9853436747235724,919d6f0fb3ca462983d6df6ec06846e41abd9645
efficientnet_b0,B,319,107248,image_level_seed11,5,0,meningioma,0.997044972362374,0.0027605198070714,0.0001945078305543,0,meningioma,0.997044972362374,919d6f0fb3ca462983d6df6ec06846e41abd9645
efficientnet_b0,B,320,107494,image_level_seed11,1,0,meningioma,0.9951928511716612,0.0044869587154667,0.0003201901128721,0,meningioma,0.9951928511716612,919d6f0fb3ca462983d6df6ec06846e41abd9645
efficientnet_b0,B,321,107494,image_level_seed11,1,0,meningioma,0.9794648975895538,0.0171269570099023,0.0034081454005439,0,meningioma,0.9794648975895538,919d6f0fb3ca462983d6df6ec06846e41abd9645
efficientnet_b0,B,322,107494,image_level_seed11,4,0,meningioma,0.9352822123493578,0.0615198672378326,0.0031979204128096,0,meningioma,0.9352822123493578,919d6f0fb3ca462983d6df6ec06846e41abd9645
efficientnet_b0,B,323,107494,image_level_seed11,4,0,meningioma,0.99139795829746,0.0075862479933297,0.0010157937092104,0,meningioma,0.99139795829746,919d6f0fb3ca462983d6df6ec06846e41abd9645
efficientnet_b0,B,324,107494,image_level_seed11,3,0,meningioma,0.9968327074339396,0.0024950999691254,0.000672192596935,0,meningioma,0.9968327074339396,919d6f0fb3ca462983d6df6ec06846e41abd9645
efficientnet_b0,B,325,107494,image_level_seed11,4,0,meningioma,0.9999584493722072,2.7300896886735137e-05,1.4249730905889058e-05,0,meningioma,0.9999584493722072,919d6f0fb3ca462983d6df6ec06846e41abd9645
efficientnet_b0,B,326,108514,image_level_seed11,2,0,meningioma,0.9973846858511246,0.0020327838542269,0.0005825302946484,0,meningioma,0.9973846858511246,919d6f0fb3ca462983d6df6ec06846e41abd9645
efficientnet_b0,B,327,108514,image_level_seed11,1,0,meningioma,0.99946246105994,0.0004657096232786,7.18293167816057e-05,0,meningioma,0.99946246105994,919d6f0fb3ca462983d6df6ec06846e41abd9645
efficientnet_b0,B,328,108514,image_level_seed11,5,0,meningioma,0.9816663834326812,0.0173890329631875,0.0009445836041309,0,meningioma,0.9816663834326812,919d6f0fb3ca462983d6df6ec06846e41abd9645
efficientnet_b0,B,329,108514,image_level_seed11,3,0,meningioma,0.9996910074638068,0.0002313448933493,7.764764284410467e-05,0,meningioma,0.9996910074638068,919d6f0fb3ca462983d6df6ec06846e41abd9645
efficientnet_b0,B,330,108514,image_level_seed11,2,0,meningioma,0.9997248337368178,0.0001708886897931,0.0001042775733892,0,meningioma,0.9997248337368178,919d6f0fb3ca462983d6df6ec06846e41abd9645
efficientnet_b0,B,331,108514,image_level_seed11,4,0,meningioma,0.9956904458693688,0.0038576610283416,0.0004518931022895,0,meningioma,0.9956904458693688,919d6f0fb3ca462983d6df6ec06846e41abd9645
efficientnet_b0,B,332,108550,image_level_seed11,3,0,meningioma,0.9924162827894848,0.0015059099796982,0.0060778072308167,0,meningioma,0.9924162827894848,919d6f0fb3ca462983d6df6ec06846e41abd9645
efficientnet_b0,B,333,108550,image_level_seed11,2,0,meningioma,0.9957688615084016,0.0031351750189367,0.0010959634726617,0,meningioma,0.9957688615084016,919d6f0fb3ca462983d6df6ec06846e41abd9645
efficientnet_b0,B,334,108590,image_level_seed11,4,0,meningioma,0.999718169646146,8.886240341538845e-05,0.0001929679504384,0,meningioma,0.999718169646146,919d6f0fb3ca462983d6df6ec06846e41abd9645
efficientnet_b0,B,335,108590,image_level_seed11,2,0,meningioma,0.9999506565999392,3.775734788005403e-05,1.1586052180731802e-05,0,meningioma,0.9999506565999392,919d6f0fb3ca462983d6df6ec06846e41abd9645
efficientnet_b0,B,336,108945,image_level_seed11,2,0,meningioma,0.9985822007360792,0.0013760730435723,4.1726220348555815e-05,0,meningioma,0.9985822007360792,919d6f0fb3ca462983d6df6ec06846e41abd9645
efficientnet_b0,B,337,108945,image_level_seed11,5,0,meningioma,0.999407061739094,0.0005713962338657,2.154202704023691e-05,0,meningioma,0.999407061739094,919d6f0fb3ca462983d6df6ec06846e41abd9645
efficientnet_b0,B,338,108945,image_level_seed11,4,0,meningioma,0.866442181590458,0.1298688710501277,0.0036889473594141,0,meningioma,0.866442181590458,919d6f0fb3ca462983d6df6ec06846e41abd9645
efficientnet_b0,B,339,108945,image_level_seed11,3,0,meningioma,0.8789902041076217,0.1169410848927248,0.0040687109996534,0,meningioma,0.8789902041076217,919d6f0fb3ca462983d6df6ec06846e41abd9645
efficientnet_b0,B,340,109411,image_level_seed11,2,0,meningioma,0.963969704930981,0.0157882876345219,0.0202420074344973,0,meningioma,0.963969704930981,919d6f0fb3ca462983d6df6ec06846e41abd9645
efficientnet_b0,B,341,109968,image_level_seed11,1,0,meningioma,0.9986867172140376,0.0012539383933599,5.934439260249252e-05,0,meningioma,0.9986867172140376,919d6f0fb3ca462983d6df6ec06846e41abd9645
efficientnet_b0,B,342,109968,image_level_seed11,3,0,meningioma,0.9999939390907012,2.750632135822918e-06,3.3102771628892553e-06,0,meningioma,0.9999939390907012,919d6f0fb3ca462983d6df6ec06846e41abd9645
efficientnet_b0,B,343,109968,image_level_seed11,5,0,meningioma,0.9983736820118002,0.0015871167655672,3.9201222632782435e-05,0,meningioma,0.9983736820118002,919d6f0fb3ca462983d6df6ec06846e41abd9645
efficientnet_b0,B,344,109968,image_level_seed11,4,0,meningioma,0.9983242775747458,0.0015426855766627,0.0001330368485912,0,meningioma,0.9983242775747458,919d6f0fb3ca462983d6df6ec06846e41abd9645
efficientnet_b0,B,345,110116,image_level_seed11,5,0,meningioma,0.019820815972424,0.0001394326632734,0.9800397513643024,2,pituitary,0.9800397513643024,919d6f0fb3ca462983d6df6ec06846e41abd9645
efficientnet_b0,B,346,110116,image_level_seed11,2,0,meningioma,0.718681566009716,0.0021229600406186,0.2791954739496654,0,meningioma,0.718681566009716,919d6f0fb3ca462983d6df6ec06846e41abd9645
efficientnet_b0,B,347,110116,image_level_seed11,3,0,meningioma,0.985730964837352,0.0001677591984208,0.0141012759642271,0,meningioma,0.985730964837352,919d6f0fb3ca462983d6df6ec06846e41abd9645
efficientnet_b0,B,348,110116,image_level_seed11,5,0,meningioma,0.1629866752411436,0.007086291748808,0.8299270330100482,2,pituitary,0.8299270330100482,919d6f0fb3ca462983d6df6ec06846e41abd9645
efficientnet_b0,B,349,111077,image_level_seed11,4,0,meningioma,0.9937130271859352,0.001392453162853,0.0048945196512118,0,meningioma,0.9937130271859352,919d6f0fb3ca462983d6df6ec06846e41abd9645
efficientnet_b0,B,350,111077,image_level_seed11,2,0,meningioma,0.9975964196441618,0.0003102092041285,0.0020933711517095,0,meningioma,0.9975964196441618,919d6f0fb3ca462983d6df6ec06846e41abd9645
efficientnet_b0,B,351,111077,image_level_seed11,3,0,meningioma,0.9996181942312184,0.0001022472923436,0.000279558476438,0,meningioma,0.9996181942312184,919d6f0fb3ca462983d6df6ec06846e41abd9645
efficientnet_b0,B,352,111077,image_level_seed11,1,0,meningioma,0.9975885696069948,0.0003662569092412,0.0020451734837639,0,meningioma,0.9975885696069948,919d6f0fb3ca462983d6df6ec06846e41abd9645
efficientnet_b0,B,353,111366,image_level_seed11,1,0,meningioma,0.7192707031676117,0.277622743981265,0.0031065528511234,0,meningioma,0.7192707031676117,919d6f0fb3ca462983d6df6ec06846e41abd9645
efficientnet_b0,B,354,111366,image_level_seed11,3,0,meningioma,0.9979496544380574,0.0008371711522828,0.0012131744096598,0,meningioma,0.9979496544380574,919d6f0fb3ca462983d6df6ec06846e41abd9645
efficientnet_b0,B,355,111366,image_level_seed11,2,0,meningioma,0.9507595630207822,0.0009640257414911,0.0482764112377265,0,meningioma,0.9507595630207822,919d6f0fb3ca462983d6df6ec06846e41abd9645
efficientnet_b0,B,356,111366,image_level_seed11,4,0,meningioma,0.9961923420049182,0.0032969517301651,0.0005107062649166,0,meningioma,0.9961923420049182,919d6f0fb3ca462983d6df6ec06846e41abd9645
efficientnet_b0,B,357,111532,image_level_seed11,3,0,meningioma,0.9997751378105768,0.0001375877363558,8.727445306725483e-05,0,meningioma,0.9997751378105768,919d6f0fb3ca462983d6df6ec06846e41abd9645
efficientnet_b0,B,358,111532,image_level_seed11,2,0,meningioma,0.9996100555952876,0.0002783520112354,0.0001115923934768,0,meningioma,0.9996100555952876,919d6f0fb3ca462983d6df6ec06846e41abd9645
efficientnet_b0,B,359,111532,image_level_seed11,3,0,meningioma,0.998905579864136,0.0005356852507398,0.0005587348851242,0,meningioma,0.998905579864136,919d6f0fb3ca462983d6df6ec06846e41abd9645
efficientnet_b0,B,360,111532,image_level_seed11,2,0,meningioma,0.99862381337378,0.0007074598024656,0.0006687268237541,0,meningioma,0.99862381337378,919d6f0fb3ca462983d6df6ec06846e41abd9645
efficientnet_b0,B,361,111532,image_level_seed11,1,0,meningioma,0.9977186345471896,0.0015466210294239,0.0007347444233864,0,meningioma,0.9977186345471896,919d6f0fb3ca462983d6df6ec06846e41abd9645
efficientnet_b0,B,362,112002,image_level_seed11,5,0,meningioma,0.8793670914531294,0.0768985217082576,0.0437343868386129,0,meningioma,0.8793670914531294,919d6f0fb3ca462983d6df6ec06846e41abd9645
efficientnet_b0,B,363,112002,image_level_seed11,5,0,meningioma,0.9351898882323568,0.045457314762176,0.019352797005467,0,meningioma,0.9351898882323568,919d6f0fb3ca462983d6df6ec06846e41abd9645
efficientnet_b0,B,364,112002,image_level_seed11,4,0,meningioma,0.5108061276337369,0.467813658271775,0.0213802140944881,0,meningioma,0.5108061276337369,919d6f0fb3ca462983d6df6ec06846e41abd9645
efficientnet_b0,B,365,112002,image_level_seed11,2,0,meningioma,0.4552561768065671,0.514030548449944,0.0307132747434889,1,glioma,0.514030548449944,919d6f0fb3ca462983d6df6ec06846e41abd9645
efficientnet_b0,B,366,112062,image_level_seed11,1,0,meningioma,0.9097434466014112,0.0895145431532074,0.0007420102453815,0,meningioma,0.9097434466014112,919d6f0fb3ca462983d6df6ec06846e41abd9645
efficientnet_b0,B,367,112062,image_level_seed11,2,0,meningioma,0.9994854209487232,0.0004861121489943,2.846690228249951e-05,0,meningioma,0.9994854209487232,919d6f0fb3ca462983d6df6ec06846e41abd9645
efficientnet_b0,B,368,112062,image_level_seed11,3,0,meningioma,0.9999012702844596,6.918847516612262e-05,2.9541240374492135e-05,0,meningioma,0.9999012702844596,919d6f0fb3ca462983d6df6ec06846e41abd9645
efficientnet_b0,B,369,112062,image_level_seed11,1,0,meningioma,0.9866426388906928,0.0131706655043739,0.0001866956049335,0,meningioma,0.9866426388906928,919d6f0fb3ca462983d6df6ec06846e41abd9645
efficientnet_b0,B,370,112252,image_level_seed11,5,0,meningioma,0.9987439172038418,0.0010918331311647,0.0001642496649933,0,meningioma,0.9987439172038418,919d6f0fb3ca462983d6df6ec06846e41abd9645
efficientnet_b0,B,371,112252,image_level_seed11,5,0,meningioma,0.9953527304199384,0.0042756787972542,0.0003715907828073,0,meningioma,0.9953527304199384,919d6f0fb3ca462983d6df6ec06846e41abd9645
efficientnet_b0,B,372,112552,image_level_seed11,5,0,meningioma,0.9974484731658032,0.0022978930462257,0.000253633787971,0,meningioma,0.9974484731658032,919d6f0fb3ca462983d6df6ec06846e41abd9645
efficientnet_b0,B,373,112552,image_level_seed11,5,0,meningioma,0.99345877008616,0.005251573507824,0.0012896564060157,0,meningioma,0.99345877008616,919d6f0fb3ca462983d6df6ec06846e41abd9645
efficientnet_b0,B,374,112552,image_level_seed11,5,0,meningioma,0.999440096867332,0.0003862313056837,0.000173671826984,0,meningioma,0.999440096867332,919d6f0fb3ca462983d6df6ec06846e41abd9645
efficientnet_b0,B,375,112552,image_level_seed11,4,0,meningioma,0.9981503600639884,0.0003251993522624,0.0015244405837493,0,meningioma,0.9981503600639884,919d6f0fb3ca462983d6df6ec06846e41abd9645
efficientnet_b0,B,376,112552,image_level_seed11,3,0,meningioma,0.9975652808032124,0.0008712594858237,0.0015634597109636,0,meningioma,0.9975652808032124,919d6f0fb3ca462983d6df6ec06846e41abd9645
efficientnet_b0,B,377,112552,image_level_seed11,4,0,meningioma,0.9809304354484626,0.0138940615380432,0.0051755030134943,0,meningioma,0.9809304354484626,919d6f0fb3ca462983d6df6ec06846e41abd9645
efficientnet_b0,B,378,112552,image_level_seed11,4,0,meningioma,0.9975353508055288,0.0010593233803283,0.0014053258141428,0,meningioma,0.9975353508055288,919d6f0fb3ca462983d6df6ec06846e41abd9645
efficientnet_b0,B,379,112648,image_level_seed11,5,0,meningioma,0.9982544840257044,0.0016846774714054,6.083850289004896e-05,0,meningioma,0.9982544840257044,919d6f0fb3ca462983d6df6ec06846e41abd9645
efficientnet_b0,B,380,112648,image_level_seed11,2,0,meningioma,0.9975432346961856,0.002224717466799,0.0002320478370152,0,meningioma,0.9975432346961856,919d6f0fb3ca462983d6df6ec06846e41abd9645
efficientnet_b0,B,381,112648,image_level_seed11,2,0,meningioma,0.9934763558088096,0.0017707213523904,0.0047529228388,0,meningioma,0.9934763558088096,919d6f0fb3ca462983d6df6ec06846e41abd9645
efficientnet_b0,B,382,113435,image_level_seed11,5,0,meningioma,0.9809999083716784,0.0187187624413082,0.0002813291870134,0,meningioma,0.9809999083716784,919d6f0fb3ca462983d6df6ec06846e41abd9645
efficientnet_b0,B,383,113435,image_level_seed11,3,0,meningioma,0.9997395971634728,8.98484037281708e-05,0.0001705544327991,0,meningioma,0.9997395971634728,919d6f0fb3ca462983d6df6ec06846e41abd9645
efficientnet_b0,B,384,113435,image_level_seed11,2,0,meningioma,0.9984205861701024,0.0013198860524257,0.0002595277774718,0,meningioma,0.9984205861701024,919d6f0fb3ca462983d6df6ec06846e41abd9645
efficientnet_b0,B,385,113435,image_level_seed11,3,0,meningioma,0.999648717616836,0.0002423103847792,0.0001089719983848,0,meningioma,0.999648717616836,919d6f0fb3ca462983d6df6ec06846e41abd9645
efficientnet_b0,B,386,113435,image_level_seed11,2,0,meningioma,0.9915053565320489,0.0073970590048506,0.0010975844631005,0,meningioma,0.9915053565320489,919d6f0fb3ca462983d6df6ec06846e41abd9645
efficientnet_b0,B,387,113435,image_level_seed11,3,0,meningioma,0.998873690099522,0.0005056659125946,0.0006206439878833,0,meningioma,0.998873690099522,919d6f0fb3ca462983d6df6ec06846e41abd9645
efficientnet_b0,B,388,113435,image_level_seed11,3,0,meningioma,0.9989272956648432,0.0004327004114439,0.0006400039237129,0,meningioma,0.9989272956648432,919d6f0fb3ca462983d6df6ec06846e41abd9645
efficientnet_b0,B,389,113435,image_level_seed11,3,0,meningioma,0.998701532714896,0.000748488394586,0.0005499788905179,0,meningioma,0.998701532714896,919d6f0fb3ca462983d6df6ec06846e41abd9645
efficientnet_b0,B,390,113554,image_level_seed11,1,0,meningioma,0.9904243190305858,0.0091811347404011,0.0003945462290131,0,meningioma,0.9904243190305858,919d6f0fb3ca462983d6df6ec06846e41abd9645
efficientnet_b0,B,391,113554,image_level_seed11,4,0,meningioma,0.9990827639300152,0.0005106313899338,0.0004066046800508,0,meningioma,0.9990827639300152,919d6f0fb3ca462983d6df6ec06846e41abd9645
efficientnet_b0,B,392,113554,image_level_seed11,3,0,meningioma,0.9967434853868252,0.0028834390111013,0.0003730756020734,0,meningioma,0.9967434853868252,919d6f0fb3ca462983d6df6ec06846e41abd9645
efficientnet_b0,B,393,113805,image_level_seed11,2,0,meningioma,0.4459183719563439,0.5535163014819804,0.0005653265616756,1,glioma,0.5535163014819804,919d6f0fb3ca462983d6df6ec06846e41abd9645
efficientnet_b0,B,394,113805,image_level_seed11,2,0,meningioma,0.9997063719436482,0.0002616305778505,3.199747850112399e-05,0,meningioma,0.9997063719436482,919d6f0fb3ca462983d6df6ec06846e41abd9645
efficientnet_b0,B,395,114018,image_level_seed11,2,0,meningioma,0.99491391356665,0.0010720805449154,0.0040140058884346,0,meningioma,0.99491391356665,919d6f0fb3ca462983d6df6ec06846e41abd9645
efficientnet_b0,B,396,114018,image_level_seed11,5,0,meningioma,0.630861035168745,0.0021369403973757,0.3670020244338792,0,meningioma,0.630861035168745,919d6f0fb3ca462983d6df6ec06846e41abd9645
efficientnet_b0,B,397,114018,image_level_seed11,4,0,meningioma,0.9973168236398324,0.0001056808054535,0.0025774955547139,0,meningioma,0.9973168236398324,919d6f0fb3ca462983d6df6ec06846e41abd9645
efficientnet_b0,B,398,114018,image_level_seed11,3,0,meningioma,0.9977575134470544,0.0006409831373477,0.0016015034155976,0,meningioma,0.9977575134470544,919d6f0fb3ca462983d6df6ec06846e41abd9645
efficientnet_b0,B,399,114359,image_level_seed11,5,0,meningioma,0.9529856472949464,0.0468571136095878,0.0001572390954658,0,meningioma,0.9529856472949464,919d6f0fb3ca462983d6df6ec06846e41abd9645
efficientnet_b0,B,400,114359,image_level_seed11,5,0,meningioma,0.9926521359423518,0.0067945814528454,0.0005532826048027,0,meningioma,0.9926521359423518,919d6f0fb3ca462983d6df6ec06846e41abd9645
efficientnet_b0,B,401,114359,image_level_seed11,2,0,meningioma,0.998986960687588,0.0008719752357994,0.0001410640766123,0,meningioma,0.998986960687588,919d6f0fb3ca462983d6df6ec06846e41abd9645
efficientnet_b0,B,402,114359,image_level_seed11,2,0,meningioma,0.99906088754829,0.0006090559634899,0.0003300564882201,0,meningioma,0.99906088754829,919d6f0fb3ca462983d6df6ec06846e41abd9645
efficientnet_b0,B,403,114359,image_level_seed11,4,0,meningioma,0.9992367284665749,0.0005509521869264,0.0002123193464986,0,meningioma,0.9992367284665749,919d6f0fb3ca462983d6df6ec06846e41abd9645
efficientnet_b0,B,404,114359,image_level_seed11,5,0,meningioma,0.560766261843643,0.4384349160868853,0.0007988220694718,0,meningioma,0.560766261843643,919d6f0fb3ca462983d6df6ec06846e41abd9645
efficientnet_b0,B,405,97607,image_level_seed11,1,0,meningioma,0.999173279989694,0.0001920342152644,0.0006346857950416,0,meningioma,0.999173279989694,919d6f0fb3ca462983d6df6ec06846e41abd9645
efficientnet_b0,B,406,97607,image_level_seed11,5,0,meningioma,0.9996736001098356,7.12965087430382e-05,0.0002551033814212,0,meningioma,0.9996736001098356,919d6f0fb3ca462983d6df6ec06846e41abd9645
efficientnet_b0,B,407,97607,image_level_seed11,2,0,meningioma,0.9999595604761172,2.287074610368067e-05,1.756877777925527e-05,0,meningioma,0.9999595604761172,919d6f0fb3ca462983d6df6ec06846e41abd9645
efficientnet_b0,B,408,97737,image_level_seed11,3,0,meningioma,0.999764200163746,4.933833890632997e-05,0.0001864614973477,0,meningioma,0.999764200163746,919d6f0fb3ca462983d6df6ec06846e41abd9645
efficientnet_b0,B,409,97737,image_level_seed11,3,0,meningioma,0.9993778380673204,5.368686258972616e-05,0.00056847507009,0,meningioma,0.9993778380673204,919d6f0fb3ca462983d6df6ec06846e41abd9645
efficientnet_b0,B,410,97737,image_level_seed11,4,0,meningioma,0.9863119510380096,0.000576800500534,0.013111248461456,0,meningioma,0.9863119510380096,919d6f0fb3ca462983d6df6ec06846e41abd9645
efficientnet_b0,B,411,97737,image_level_seed11,3,0,meningioma,0.988165291938122,0.0012037237030365,0.0106309843588414,0,meningioma,0.988165291938122,919d6f0fb3ca462983d6df6ec06846e41abd9645
efficientnet_b0,B,412,97737,image_level_seed11,3,0,meningioma,0.9998417889562862,2.3326674622413783e-05,0.0001348843690913,0,meningioma,0.9998417889562862,919d6f0fb3ca462983d6df6ec06846e41abd9645
efficientnet_b0,B,413,97737,image_level_seed11,5,0,meningioma,0.995666667216238,0.0030369916903281,0.0012963410934339,0,meningioma,0.995666667216238,919d6f0fb3ca462983d6df6ec06846e41abd9645
efficientnet_b0,B,414,97875,image_level_seed11,4,0,meningioma,0.8971049992809889,0.0170702294286043,0.0858247712904068,0,meningioma,0.8971049992809889,919d6f0fb3ca462983d6df6ec06846e41abd9645
efficientnet_b0,B,415,97875,image_level_seed11,4,0,meningioma,0.9988898772966122,0.0002132118324889,0.0008969108708989,0,meningioma,0.9988898772966122,919d6f0fb3ca462983d6df6ec06846e41abd9645
efficientnet_b0,B,416,97875,image_level_seed11,5,0,meningioma,0.9999873157546684,7.91377148465745e-06,4.7704738471367645e-06,0,meningioma,0.9999873157546684,919d6f0fb3ca462983d6df6ec06846e41abd9645
efficientnet_b0,B,417,97875,image_level_seed11,1,0,meningioma,0.998535821641791,0.0008200301968709,0.0006441481613381,0,meningioma,0.998535821641791,919d6f0fb3ca462983d6df6ec06846e41abd9645
efficientnet_b0,B,418,97943,image_level_seed11,1,0,meningioma,0.9999437597563888,3.241878831711141e-05,2.3821455293931203e-05,0,meningioma,0.9999437597563888,919d6f0fb3ca462983d6df6ec06846e41abd9645
efficientnet_b0,B,419,97943,image_level_seed11,5,0,meningioma,0.9975769602187128,0.0009230614623736,0.0014999783189135,0,meningioma,0.9975769602187128,919d6f0fb3ca462983d6df6ec06846e41abd9645
efficientnet_b0,B,420,97943,image_level_seed11,2,0,meningioma,0.9998563576240338,4.2295091037530034e-05,0.0001013472849286,0,meningioma,0.9998563576240338,919d6f0fb3ca462983d6df6ec06846e41abd9645
efficientnet_b0,B,421,97943,image_level_seed11,5,0,meningioma,0.9998779991373636,0.0001093445224907,1.265634014567371e-05,0,meningioma,0.9998779991373636,919d6f0fb3ca462983d6df6ec06846e41abd9645
efficientnet_b0,B,422,97943,image_level_seed11,3,0,meningioma,0.3348750273267034,0.6624588464319441,0.0026661262413523,1,glioma,0.6624588464319441,919d6f0fb3ca462983d6df6ec06846e41abd9645
efficientnet_b0,B,423,98241,image_level_seed11,2,0,meningioma,0.9980872178860428,0.0009226548149901,0.000990127298967,0,meningioma,0.9980872178860428,919d6f0fb3ca462983d6df6ec06846e41abd9645
efficientnet_b0,B,424,98241,image_level_seed11,2,0,meningioma,0.9780105707504086,0.0039287683075414,0.0180606609420499,0,meningioma,0.9780105707504086,919d6f0fb3ca462983d6df6ec06846e41abd9645
efficientnet_b0,B,425,98241,image_level_seed11,2,0,meningioma,0.997189142853161,0.0019601227691975,0.0008507343776413,0,meningioma,0.997189142853161,919d6f0fb3ca462983d6df6ec06846e41abd9645
efficientnet_b0,B,426,98241,image_level_seed11,5,0,meningioma,0.9976737063195298,0.0006715065593372,0.0016547871211329,0,meningioma,0.9976737063195298,919d6f0fb3ca462983d6df6ec06846e41abd9645
efficientnet_b0,B,427,98241,image_level_seed11,4,0,meningioma,0.9984893265048956,0.0001845908653317,0.0013260826297728,0,meningioma,0.9984893265048956,919d6f0fb3ca462983d6df6ec06846e41abd9645
efficientnet_b0,B,428,98241,image_level_seed11,5,0,meningioma,0.9957513406205116,0.0020428186506589,0.0022058407288296,0,meningioma,0.9957513406205116,919d6f0fb3ca462983d6df6ec06846e41abd9645
efficientnet_b0,B,429,98241,image_level_seed11,4,0,meningioma,0.9977916376405892,0.0009997892153644,0.0012085731440463,0,meningioma,0.9977916376405892,919d6f0fb3ca462983d6df6ec06846e41abd9645
efficientnet_b0,B,430,99017,image_level_seed11,5,0,meningioma,0.9938060134536536,0.0037428351061981,0.0024511514401483,0,meningioma,0.9938060134536536,919d6f0fb3ca462983d6df6ec06846e41abd9645
efficientnet_b0,B,431,99017,image_level_seed11,2,0,meningioma,0.9059547102386656,0.0023233214447517,0.0917219683165829,0,meningioma,0.9059547102386656,919d6f0fb3ca462983d6df6ec06846e41abd9645
efficientnet_b0,B,432,99089,image_level_seed11,1,0,meningioma,0.8871196621559728,0.1016075120844946,0.0112728257595324,0,meningioma,0.8871196621559728,919d6f0fb3ca462983d6df6ec06846e41abd9645
efficientnet_b0,B,433,99089,image_level_seed11,5,0,meningioma,0.982860016893555,0.0095429020809452,0.0075970810254998,0,meningioma,0.982860016893555,919d6f0fb3ca462983d6df6ec06846e41abd9645
efficientnet_b0,B,434,99089,image_level_seed11,3,0,meningioma,0.9877980303109776,0.0030099055191131,0.0091920641699093,0,meningioma,0.9877980303109776,919d6f0fb3ca462983d6df6ec06846e41abd9645
efficientnet_b0,B,435,99089,image_level_seed11,5,0,meningioma,0.9983695082507276,0.0003420429593334,0.0012884487899391,0,meningioma,0.9983695082507276,919d6f0fb3ca462983d6df6ec06846e41abd9645
efficientnet_b0,B,436,99089,image_level_seed11,2,0,meningioma,0.902211225737094,0.0047627266871585,0.0930260475757475,0,meningioma,0.902211225737094,919d6f0fb3ca462983d6df6ec06846e41abd9645
efficientnet_b0,B,437,99288,image_level_seed11,2,0,meningioma,0.8540841492491925,0.1241928153877368,0.0217230353630705,0,meningioma,0.8540841492491925,919d6f0fb3ca462983d6df6ec06846e41abd9645
efficientnet_b0,B,438,99308,image_level_seed11,2,0,meningioma,0.9832349877304136,0.0157243149501168,0.0010406973194696,0,meningioma,0.9832349877304136,919d6f0fb3ca462983d6df6ec06846e41abd9645
efficientnet_b0,B,439,99308,image_level_seed11,5,0,meningioma,0.9973638732789208,0.0019553750256084,0.0006807516954707,0,meningioma,0.9973638732789208,919d6f0fb3ca462983d6df6ec06846e41abd9645
efficientnet_b0,B,440,99308,image_level_seed11,5,0,meningioma,0.9979065614290148,0.0012894200726672,0.0008040184983178,0,meningioma,0.9979065614290148,919d6f0fb3ca462983d6df6ec06846e41abd9645
efficientnet_b0,B,441,99308,image_level_seed11,1,0,meningioma,0.9942726433894002,0.0049309451951273,0.0007964114154722,0,meningioma,0.9942726433894002,919d6f0fb3ca462983d6df6ec06846e41abd9645
efficientnet_b0,B,442,100360,image_level_seed11,4,0,meningioma,0.9965554229860322,0.0033849986582033,5.957835576450373e-05,0,meningioma,0.9965554229860322,919d6f0fb3ca462983d6df6ec06846e41abd9645
efficientnet_b0,B,443,100360,image_level_seed11,5,0,meningioma,0.9953563595702034,0.0045885899558026,5.50504739938837e-05,0,meningioma,0.9953563595702034,919d6f0fb3ca462983d6df6ec06846e41abd9645
efficientnet_b0,B,444,100360,image_level_seed11,4,0,meningioma,0.9880855171245716,0.0109631854685332,0.0009512974068949,0,meningioma,0.9880855171245716,919d6f0fb3ca462983d6df6ec06846e41abd9645
efficientnet_b0,B,445,100360,image_level_seed11,5,0,meningioma,0.9993779157648522,0.0005507538197448,7.133041540283599e-05,0,meningioma,0.9993779157648522,919d6f0fb3ca462983d6df6ec06846e41abd9645
efficientnet_b0,B,446,100360,image_level_seed11,5,0,meningioma,0.822343396840546,0.1716275846464581,0.0060290185129958,0,meningioma,0.822343396840546,919d6f0fb3ca462983d6df6ec06846e41abd9645
efficientnet_b0,B,447,100360,image_level_seed11,5,0,meningioma,0.997197836505218,0.0022650836462866,0.0005370798484953,0,meningioma,0.997197836505218,919d6f0fb3ca462983d6df6ec06846e41abd9645
efficientnet_b0,B,448,100572,image_level_seed11,3,0,meningioma,0.7036857700691933,0.0013528996543064,0.2949613302765001,0,meningioma,0.7036857700691933,919d6f0fb3ca462983d6df6ec06846e41abd9645
efficientnet_b0,B,449,100572,image_level_seed11,5,0,meningioma,0.8444717190886073,0.0337922623736231,0.1217360185377695,0,meningioma,0.8444717190886073,919d6f0fb3ca462983d6df6ec06846e41abd9645
efficientnet_b0,B,450,100639,image_level_seed11,4,0,meningioma,0.898344576294184,0.1006581506775651,0.0009972730282509,0,meningioma,0.898344576294184,919d6f0fb3ca462983d6df6ec06846e41abd9645
efficientnet_b0,B,451,100639,image_level_seed11,1,0,meningioma,0.9964486422685184,0.0033073901013206,0.000243967630161,0,meningioma,0.9964486422685184,919d6f0fb3ca462983d6df6ec06846e41abd9645
efficientnet_b0,B,452,100920,image_level_seed11,4,0,meningioma,0.9988493980597352,0.0009125344814464,0.0002380674588183,0,meningioma,0.9988493980597352,919d6f0fb3ca462983d6df6ec06846e41abd9645
efficientnet_b0,B,453,100920,image_level_seed11,5,0,meningioma,0.9998526778438191,9.530174666775592e-05,5.202040951302375e-05,0,meningioma,0.9998526778438191,919d6f0fb3ca462983d6df6ec06846e41abd9645
efficientnet_b0,B,454,100920,image_level_seed11,2,0,meningioma,0.9748151795354492,0.0170186476918353,0.0081661727727152,0,meningioma,0.9748151795354492,919d6f0fb3ca462983d6df6ec06846e41abd9645
efficientnet_b0,B,455,101016,image_level_seed11,1,0,meningioma,0.9946488599284858,0.0022853452581607,0.0030657948133534,0,meningioma,0.9946488599284858,919d6f0fb3ca462983d6df6ec06846e41abd9645
efficientnet_b0,B,456,101016,image_level_seed11,1,0,meningioma,0.998074401000136,0.0009297317044215,0.0009958672954421,0,meningioma,0.998074401000136,919d6f0fb3ca462983d6df6ec06846e41abd9645
efficientnet_b0,B,457,101016,image_level_seed11,5,0,meningioma,0.9979973002661028,0.0013592592719648,0.0006434404619322,0,meningioma,0.9979973002661028,919d6f0fb3ca462983d6df6ec06846e41abd9645
efficientnet_b0,B,458,101016,image_level_seed11,1,0,meningioma,0.9990608958177126,0.0007265290020001,0.0002125751802871,0,meningioma,0.9990608958177126,919d6f0fb3ca462983d6df6ec06846e41abd9645
efficientnet_b0,B,459,101082,image_level_seed11,2,0,meningioma,0.9979170129753964,0.0017331542997733,0.00034983272483,0,meningioma,0.9979170129753964,919d6f0fb3ca462983d6df6ec06846e41abd9645
efficientnet_b0,B,460,101082,image_level_seed11,1,0,meningioma,0.9985007400818376,0.0013107117163901,0.0001885482017724,0,meningioma,0.9985007400818376,919d6f0fb3ca462983d6df6ec06846e41abd9645
efficientnet_b0,B,461,101127,image_level_seed11,3,0,meningioma,0.9977661159368998,0.0002692802734689,0.0019646037896312,0,meningioma,0.9977661159368998,919d6f0fb3ca462983d6df6ec06846e41abd9645
efficientnet_b0,B,462,101127,image_level_seed11,5,0,meningioma,0.9447504581688264,0.0080755703294571,0.0471739715017164,0,meningioma,0.9447504581688264,919d6f0fb3ca462983d6df6ec06846e41abd9645
efficientnet_b0,B,463,101127,image_level_seed11,2,0,meningioma,0.8438737724997765,0.0063252440034067,0.1498009834968169,0,meningioma,0.8438737724997765,919d6f0fb3ca462983d6df6ec06846e41abd9645
efficientnet_b0,B,464,101127,image_level_seed11,5,0,meningioma,0.9980575121056868,0.0006947768793957,0.0012477110149175,0,meningioma,0.9980575121056868,919d6f0fb3ca462983d6df6ec06846e41abd9645
efficientnet_b0,B,465,101797,image_level_seed11,5,0,meningioma,0.9989262763257292,0.0006895295891595,0.0003841940851113,0,meningioma,0.9989262763257292,919d6f0fb3ca462983d6df6ec06846e41abd9645
efficientnet_b0,B,466,101797,image_level_seed11,2,0,meningioma,0.9949956319014872,0.0006212825551903,0.0043830855433223,0,meningioma,0.9949956319014872,919d6f0fb3ca462983d6df6ec06846e41abd9645
efficientnet_b0,B,467,101797,image_level_seed11,4,0,meningioma,0.9968629497118794,0.0014454457929975,0.0016916044951231,0,meningioma,0.9968629497118794,919d6f0fb3ca462983d6df6ec06846e41abd9645
efficientnet_b0,B,468,101797,image_level_seed11,5,0,meningioma,0.9986802160647792,0.0003735981707324,0.0009461857644885,0,meningioma,0.9986802160647792,919d6f0fb3ca462983d6df6ec06846e41abd9645
efficientnet_b0,B,469,101797,image_level_seed11,4,0,meningioma,0.991703478971644,0.0073812028129914,0.0009153182153647,0,meningioma,0.991703478971644,919d6f0fb3ca462983d6df6ec06846e41abd9645
efficientnet_b0,B,470,101797,image_level_seed11,1,0,meningioma,0.9975568785633752,0.0022524987999528,0.0001906226366718,0,meningioma,0.9975568785633752,919d6f0fb3ca462983d6df6ec06846e41abd9645
efficientnet_b0,B,471,101801,image_level_seed11,4,0,meningioma,0.8874209431968161,0.1046165920641692,0.0079624647390147,0,meningioma,0.8874209431968161,919d6f0fb3ca462983d6df6ec06846e41abd9645
efficientnet_b0,B,472,101801,image_level_seed11,2,0,meningioma,0.8709378768773535,0.0158118970356074,0.113250226087039,0,meningioma,0.8709378768773535,919d6f0fb3ca462983d6df6ec06846e41abd9645
efficientnet_b0,B,473,101801,image_level_seed11,5,0,meningioma,0.9949541517157438,0.0030484190674223,0.0019974292168339,0,meningioma,0.9949541517157438,919d6f0fb3ca462983d6df6ec06846e41abd9645
efficientnet_b0,B,474,102420,image_level_seed11,5,0,meningioma,0.9978282790644064,0.0019398136170209,0.0002319073185724,0,meningioma,0.9978282790644064,919d6f0fb3ca462983d6df6ec06846e41abd9645
efficientnet_b0,B,475,102420,image_level_seed11,3,0,meningioma,0.8699157372652567,0.0878502339492414,0.0422340287855017,0,meningioma,0.8699157372652567,919d6f0fb3ca462983d6df6ec06846e41abd9645
efficientnet_b0,B,476,102446,image_level_seed11,2,0,meningioma,0.9979034648280608,0.0018842309160746,0.0002123042558644,0,meningioma,0.9979034648280608,919d6f0fb3ca462983d6df6ec06846e41abd9645
efficientnet_b0,B,477,102446,image_level_seed11,1,0,meningioma,0.9445678716590842,0.0519232306553116,0.0035088976856041,0,meningioma,0.9445678716590842,919d6f0fb3ca462983d6df6ec06846e41abd9645
efficientnet_b0,B,478,102675,image_level_seed11,5,0,meningioma,0.9436841962465988,0.0560608688015027,0.0002549349518983,0,meningioma,0.9436841962465988,919d6f0fb3ca462983d6df6ec06846e41abd9645
efficientnet_b0,B,479,102675,image_level_seed11,5,0,meningioma,0.9899151613517676,0.0100005686303663,8.427001786588884e-05,0,meningioma,0.9899151613517676,919d6f0fb3ca462983d6df6ec06846e41abd9645
efficientnet_b0,B,480,102714,image_level_seed11,2,0,meningioma,0.1976581702040235,0.8010048005080405,0.001337029287936,1,glioma,0.8010048005080405,919d6f0fb3ca462983d6df6ec06846e41abd9645
efficientnet_b0,B,481,102714,image_level_seed11,2,0,meningioma,0.9990362452533496,0.0007956486753266,0.0001681060713237,0,meningioma,0.9990362452533496,919d6f0fb3ca462983d6df6ec06846e41abd9645
efficientnet_b0,B,482,102714,image_level_seed11,3,0,meningioma,0.99715817502941,0.0019927921120685,0.0008490328585212,0,meningioma,0.99715817502941,919d6f0fb3ca462983d6df6ec06846e41abd9645
efficientnet_b0,B,483,102714,image_level_seed11,4,0,meningioma,0.9624646500092516,0.0367381910693577,0.0007971589213906,0,meningioma,0.9624646500092516,919d6f0fb3ca462983d6df6ec06846e41abd9645
efficientnet_b0,B,484,102714,image_level_seed11,5,0,meningioma,0.6407591946018855,0.3501872719415623,0.0090535334565521,0,meningioma,0.6407591946018855,919d6f0fb3ca462983d6df6ec06846e41abd9645
efficientnet_b0,B,485,102818,image_level_seed11,4,0,meningioma,0.997575322611844,0.0016292980288193,0.0007953793593364,0,meningioma,0.997575322611844,919d6f0fb3ca462983d6df6ec06846e41abd9645
efficientnet_b0,B,486,102818,image_level_seed11,5,0,meningioma,0.9305870024054383,0.0585442359298732,0.0108687616646882,0,meningioma,0.9305870024054383,919d6f0fb3ca462983d6df6ec06846e41abd9645
efficientnet_b0,B,487,102818,image_level_seed11,4,0,meningioma,0.9526818020980636,0.0187637597498498,0.0285544381520866,0,meningioma,0.9526818020980636,919d6f0fb3ca462983d6df6ec06846e41abd9645
efficientnet_b0,B,488,102818,image_level_seed11,2,0,meningioma,0.4636314213960174,0.3141138822105042,0.2222546963934782,0,meningioma,0.4636314213960174,919d6f0fb3ca462983d6df6ec06846e41abd9645
efficientnet_b0,B,489,102935,image_level_seed11,3,0,meningioma,0.997840483383145,0.0018991625111958,0.0002603541056591,0,meningioma,0.997840483383145,919d6f0fb3ca462983d6df6ec06846e41abd9645
efficientnet_b0,B,490,102960,image_level_seed11,4,0,meningioma,0.0515702006189909,0.9373438555727196,0.0110859438082894,1,glioma,0.9373438555727196,919d6f0fb3ca462983d6df6ec06846e41abd9645
efficientnet_b0,B,491,102960,image_level_seed11,5,0,meningioma,0.1186462105877909,0.879554822409944,0.0017989670022648,1,glioma,0.879554822409944,919d6f0fb3ca462983d6df6ec06846e41abd9645
efficientnet_b0,B,492,102960,image_level_seed11,4,0,meningioma,0.6468126819850584,0.322158766962935,0.0310285510520065,0,meningioma,0.6468126819850584,919d6f0fb3ca462983d6df6ec06846e41abd9645
efficientnet_b0,B,493,102960,image_level_seed11,3,0,meningioma,0.9726784603855414,0.018030187752876,0.0092913518615823,0,meningioma,0.9726784603855414,919d6f0fb3ca462983d6df6ec06846e41abd9645
efficientnet_b0,B,494,102960,image_level_seed11,2,0,meningioma,0.415718885190782,0.2908814141671167,0.2933997006421012,0,meningioma,0.415718885190782,919d6f0fb3ca462983d6df6ec06846e41abd9645
efficientnet_b0,B,495,102985,image_level_seed11,1,0,meningioma,0.1159842482647403,0.8629712419755933,0.0210445097596662,1,glioma,0.8629712419755933,919d6f0fb3ca462983d6df6ec06846e41abd9645
efficientnet_b0,B,496,103673,image_level_seed11,4,0,meningioma,0.9841006478877856,0.00144712192708,0.0144522301851342,0,meningioma,0.9841006478877856,919d6f0fb3ca462983d6df6ec06846e41abd9645
efficientnet_b0,B,497,103673,image_level_seed11,3,0,meningioma,0.4866988997334705,0.002579348399113,0.5107217518674164,2,pituitary,0.5107217518674164,919d6f0fb3ca462983d6df6ec06846e41abd9645
efficientnet_b0,B,498,103673,image_level_seed11,5,0,meningioma,0.2181326144843476,0.0220643025976192,0.7598030829180331,2,pituitary,0.7598030829180331,919d6f0fb3ca462983d6df6ec06846e41abd9645
efficientnet_b0,B,499,103673,image_level_seed11,4,0,meningioma,0.9400889599455688,0.0040673428670554,0.0558436971873757,0,meningioma,0.9400889599455688,919d6f0fb3ca462983d6df6ec06846e41abd9645
efficientnet_b0,B,500,103673,image_level_seed11,2,0,meningioma,0.9182663204194188,0.0077341978749352,0.0739994817056459,0,meningioma,0.9182663204194188,919d6f0fb3ca462983d6df6ec06846e41abd9645
efficientnet_b0,B,501,103925,image_level_seed11,3,0,meningioma,0.9435957482762364,0.0091786846601467,0.0472255670636167,0,meningioma,0.9435957482762364,919d6f0fb3ca462983d6df6ec06846e41abd9645
efficientnet_b0,B,502,103925,image_level_seed11,5,0,meningioma,0.9730915584153326,0.0085390888250106,0.0183693527596568,0,meningioma,0.9730915584153326,919d6f0fb3ca462983d6df6ec06846e41abd9645
efficientnet_b0,B,503,103925,image_level_seed11,4,0,meningioma,0.9514994769898014,0.044251319467109,0.0042492035430893,0,meningioma,0.9514994769898014,919d6f0fb3ca462983d6df6ec06846e41abd9645
efficientnet_b0,B,504,103925,image_level_seed11,4,0,meningioma,0.9829449827193416,0.0051369940123779,0.0119180232682805,0,meningioma,0.9829449827193416,919d6f0fb3ca462983d6df6ec06846e41abd9645
efficientnet_b0,B,505,104167,image_level_seed11,5,0,meningioma,0.988576257301506,0.0112377223610638,0.0001860203374302,0,meningioma,0.988576257301506,919d6f0fb3ca462983d6df6ec06846e41abd9645
efficientnet_b0,B,506,104167,image_level_seed11,2,0,meningioma,0.9996573997125964,7.517078828509144e-05,0.0002674294991186,0,meningioma,0.9996573997125964,919d6f0fb3ca462983d6df6ec06846e41abd9645
efficientnet_b0,B,507,104167,image_level_seed11,5,0,meningioma,0.9989371263225684,0.000944205560439,0.0001186681169927,0,meningioma,0.9989371263225684,919d6f0fb3ca462983d6df6ec06846e41abd9645
efficientnet_b0,B,508,104167,image_level_seed11,3,0,meningioma,0.9998340158749562,0.0001202348959368,4.574922910683652e-05,0,meningioma,0.9998340158749562,919d6f0fb3ca462983d6df6ec06846e41abd9645
efficientnet_b0,B,509,104167,image_level_seed11,2,0,meningioma,0.9951532475550364,0.0044349897260342,0.0004117627189292,0,meningioma,0.9951532475550364,919d6f0fb3ca462983d6df6ec06846e41abd9645
efficientnet_b0,B,510,104281,image_level_seed11,3,0,meningioma,0.9986036633415016,0.0006724642847055,0.0007238723737926,0,meningioma,0.9986036633415016,919d6f0fb3ca462983d6df6ec06846e41abd9645
efficientnet_b0,B,511,104281,image_level_seed11,5,0,meningioma,0.9998406938225708,8.052739843216567e-05,7.877877899722607e-05,0,meningioma,0.9998406938225708,919d6f0fb3ca462983d6df6ec06846e41abd9645
efficientnet_b0,B,512,104281,image_level_seed11,3,0,meningioma,0.999136164228794,0.0004036565697634,0.0004601792014425,0,meningioma,0.999136164228794,919d6f0fb3ca462983d6df6ec06846e41abd9645
efficientnet_b0,B,513,104281,image_level_seed11,3,0,meningioma,0.9999246865577562,4.708560864083153e-05,2.8227833602939713e-05,0,meningioma,0.9999246865577562,919d6f0fb3ca462983d6df6ec06846e41abd9645
efficientnet_b0,B,514,104695,image_level_seed11,5,0,meningioma,0.9986001813072232,0.0013470275787084,5.279111406836103e-05,0,meningioma,0.9986001813072232,919d6f0fb3ca462983d6df6ec06846e41abd9645
efficientnet_b0,B,515,104695,image_level_seed11,4,0,meningioma,0.9981821232405232,0.0013016953979024,0.0005161813615744,0,meningioma,0.9981821232405232,919d6f0fb3ca462983d6df6ec06846e41abd9645
efficientnet_b0,B,516,104695,image_level_seed11,4,0,meningioma,0.999834211195148,7.595526804969683e-05,8.983353680204916e-05,0,meningioma,0.999834211195148,919d6f0fb3ca462983d6df6ec06846e41abd9645
efficientnet_b0,B,517,105374,image_level_seed11,2,0,meningioma,0.9455156745055476,0.053907453163867,0.0005768723305854,0,meningioma,0.9455156745055476,919d6f0fb3ca462983d6df6ec06846e41abd9645
efficientnet_b0,B,518,105555,image_level_seed11,3,0,meningioma,0.9983332434293842,0.0009517909157586,0.000714965654857,0,meningioma,0.9983332434293842,919d6f0fb3ca462983d6df6ec06846e41abd9645
efficientnet_b0,B,519,105555,image_level_seed11,4,0,meningioma,0.8443932275568933,0.1395316849073926,0.0160750875357139,0,meningioma,0.8443932275568933,919d6f0fb3ca462983d6df6ec06846e41abd9645
efficientnet_b0,B,520,105937,image_level_seed11,2,0,meningioma,0.9987501352388504,0.0006166478971936,0.0006332168639561,0,meningioma,0.9987501352388504,919d6f0fb3ca462983d6df6ec06846e41abd9645
efficientnet_b0,B,521,105937,image_level_seed11,4,0,meningioma,0.9996345169411992,0.0001125522180599,0.0002529308407406,0,meningioma,0.9996345169411992,919d6f0fb3ca462983d6df6ec06846e41abd9645
efficientnet_b0,B,522,105937,image_level_seed11,3,0,meningioma,0.999684225658808,0.0001137749144804,0.0002019994267115,0,meningioma,0.999684225658808,919d6f0fb3ca462983d6df6ec06846e41abd9645
efficientnet_b0,B,523,106284,image_level_seed11,1,0,meningioma,0.9944381809382388,0.0034431681683508,0.0021186508934104,0,meningioma,0.9944381809382388,919d6f0fb3ca462983d6df6ec06846e41abd9645
efficientnet_b0,B,524,106284,image_level_seed11,1,0,meningioma,0.999202396560415,0.0002486228186193,0.0005489806209654,0,meningioma,0.999202396560415,919d6f0fb3ca462983d6df6ec06846e41abd9645
efficientnet_b0,B,525,106284,image_level_seed11,1,0,meningioma,0.9809808327099996,0.0026606024885551,0.0163585648014452,0,meningioma,0.9809808327099996,919d6f0fb3ca462983d6df6ec06846e41abd9645
efficientnet_b0,B,526,106284,image_level_seed11,2,0,meningioma,0.956944929505604,0.0149242206803213,0.0281308498140744,0,meningioma,0.956944929505604,919d6f0fb3ca462983d6df6ec06846e41abd9645
efficientnet_b0,B,527,106442,image_level_seed11,4,0,meningioma,0.9986993572626516,0.0011993859587296,0.0001012567786189,0,meningioma,0.9986993572626516,919d6f0fb3ca462983d6df6ec06846e41abd9645
efficientnet_b0,B,528,106442,image_level_seed11,5,0,meningioma,0.9999412679767056,4.3944018175942235e-05,1.4788005118572548e-05,0,meningioma,0.9999412679767056,919d6f0fb3ca462983d6df6ec06846e41abd9645
efficientnet_b0,B,529,106442,image_level_seed11,3,0,meningioma,0.999827508436782,6.58644669042948e-05,0.0001066270963135,0,meningioma,0.999827508436782,919d6f0fb3ca462983d6df6ec06846e41abd9645
efficientnet_b0,B,530,106534,image_level_seed11,2,0,meningioma,0.9672394946547296,0.0032882139693194,0.029472291375951,0,meningioma,0.9672394946547296,919d6f0fb3ca462983d6df6ec06846e41abd9645
efficientnet_b0,B,531,106534,image_level_seed11,5,0,meningioma,0.9685517172108974,0.0290819631969472,0.0023663195921553,0,meningioma,0.9685517172108974,919d6f0fb3ca462983d6df6ec06846e41abd9645
efficientnet_b0,B,532,106592,image_level_seed11,1,0,meningioma,0.9656293747027428,0.0322681628911681,0.002102462406089,0,meningioma,0.9656293747027428,919d6f0fb3ca462983d6df6ec06846e41abd9645
efficientnet_b0,B,533,106665,image_level_seed11,2,0,meningioma,0.9195393756214004,0.0802061140509917,0.0002545103276078,0,meningioma,0.9195393756214004,919d6f0fb3ca462983d6df6ec06846e41abd9645
efficientnet_b0,B,534,106665,image_level_seed11,1,0,meningioma,0.9997827501229412,0.0002020039226191,1.5245954439611994e-05,0,meningioma,0.9997827501229412,919d6f0fb3ca462983d6df6ec06846e41abd9645
efficientnet_b0,B,535,106665,image_level_seed11,4,0,meningioma,0.9998344779727852,0.0001300424901339,3.547953708107175e-05,0,meningioma,0.9998344779727852,919d6f0fb3ca462983d6df6ec06846e41abd9645
efficientnet_b0,B,536,106665,image_level_seed11,1,0,meningioma,0.9997334951855936,0.0002148509199925,5.165389441375697e-05,0,meningioma,0.9997334951855936,919d6f0fb3ca462983d6df6ec06846e41abd9645
efficientnet_b0,B,537,106665,image_level_seed11,3,0,meningioma,0.999243603061744,0.0002719559320165,0.0004844410062398,0,meningioma,0.999243603061744,919d6f0fb3ca462983d6df6ec06846e41abd9645
efficientnet_b0,B,538,106665,image_level_seed11,2,0,meningioma,0.9959749588704796,0.0027650782387372,0.0012599628907834,0,meningioma,0.9959749588704796,919d6f0fb3ca462983d6df6ec06846e41abd9645
efficientnet_b0,B,539,106665,image_level_seed11,1,0,meningioma,0.9997434014435864,0.0002052264569965,5.137209941701816e-05,0,meningioma,0.9997434014435864,919d6f0fb3ca462983d6df6ec06846e41abd9645
efficientnet_b0,B,540,106720,image_level_seed11,2,0,meningioma,0.9991453360414716,0.00065138737094,0.0002032765875885,0,meningioma,0.9991453360414716,919d6f0fb3ca462983d6df6ec06846e41abd9645
efficientnet_b0,B,541,106720,image_level_seed11,2,0,meningioma,0.9946797054263102,0.0048890301709365,0.0004312644027531,0,meningioma,0.9946797054263102,919d6f0fb3ca462983d6df6ec06846e41abd9645
efficientnet_b0,B,542,106720,image_level_seed11,1,0,meningioma,0.9961901098773154,0.0036570204781583,0.0001528696445261,0,meningioma,0.9961901098773154,919d6f0fb3ca462983d6df6ec06846e41abd9645
efficientnet_b0,B,543,106914,image_level_seed11,3,0,meningioma,0.9957468634981362,0.0017925591585178,0.0024605773433459,0,meningioma,0.9957468634981362,919d6f0fb3ca462983d6df6ec06846e41abd9645
efficientnet_b0,B,544,106914,image_level_seed11,3,0,meningioma,0.9960381276738278,0.0020049290756181,0.001956943250554,0,meningioma,0.9960381276738278,919d6f0fb3ca462983d6df6ec06846e41abd9645
efficientnet_b0,B,545,106914,image_level_seed11,3,0,meningioma,0.9989032184095168,0.0006977780127962,0.0003990035776869,0,meningioma,0.9989032184095168,919d6f0fb3ca462983d6df6ec06846e41abd9645
efficientnet_b0,B,546,106914,image_level_seed11,3,0,meningioma,0.9998669453081324,7.914609692318102e-05,5.390859494436183e-05,0,meningioma,0.9998669453081324,919d6f0fb3ca462983d6df6ec06846e41abd9645
efficientnet_b0,B,547,106914,image_level_seed11,4,0,meningioma,0.9996334601750968,0.0002543278481702,0.0001122119767329,0,meningioma,0.9996334601750968,919d6f0fb3ca462983d6df6ec06846e41abd9645
efficientnet_b0,B,548,106914,image_level_seed11,3,0,meningioma,0.9999066075324052,6.776714141327684e-05,2.562532618158116e-05,0,meningioma,0.9999066075324052,919d6f0fb3ca462983d6df6ec06846e41abd9645
efficientnet_b0,B,549,106914,image_level_seed11,5,0,meningioma,0.9987974915191368,0.0009475382317317,0.0002549702491313,0,meningioma,0.9987974915191368,919d6f0fb3ca462983d6df6ec06846e41abd9645
efficientnet_b0,B,550,107190,image_level_seed11,1,0,meningioma,0.8040064652670575,0.1871014246119534,0.0088921101209888,0,meningioma,0.8040064652670575,919d6f0fb3ca462983d6df6ec06846e41abd9645
efficientnet_b0,B,551,107248,image_level_seed11,3,0,meningioma,0.9983322913011442,0.000186353386042,0.0014813553128138,0,meningioma,0.9983322913011442,919d6f0fb3ca462983d6df6ec06846e41abd9645
efficientnet_b0,B,552,107248,image_level_seed11,2,0,meningioma,0.8679274757361488,0.0080814214825205,0.1239911027813307,0,meningioma,0.8679274757361488,919d6f0fb3ca462983d6df6ec06846e41abd9645
efficientnet_b0,B,553,107248,image_level_seed11,2,0,meningioma,0.5947716723868092,0.0130586009758597,0.3921697266373309,0,meningioma,0.5947716723868092,919d6f0fb3ca462983d6df6ec06846e41abd9645
efficientnet_b0,B,554,107248,image_level_seed11,2,0,meningioma,0.9953718521167472,0.0006953304276628,0.0039328174555898,0,meningioma,0.9953718521167472,919d6f0fb3ca462983d6df6ec06846e41abd9645
efficientnet_b0,B,555,107248,image_level_seed11,5,0,meningioma,0.9962783618312026,0.0011756933202368,0.0025459448485605,0,meningioma,0.9962783618312026,919d6f0fb3ca462983d6df6ec06846e41abd9645
efficientnet_b0,B,556,107494,image_level_seed11,3,0,meningioma,0.9979413522144908,0.0018863501371893,0.0001722976483197,0,meningioma,0.9979413522144908,919d6f0fb3ca462983d6df6ec06846e41abd9645
efficientnet_b0,B,557,107494,image_level_seed11,1,0,meningioma,0.9851067947380382,0.0145217922424752,0.0003714130194865,0,meningioma,0.9851067947380382,919d6f0fb3ca462983d6df6ec06846e41abd9645
efficientnet_b0,B,558,107494,image_level_seed11,2,0,meningioma,0.9593340978616794,0.0077050589354568,0.0329608432028637,0,meningioma,0.9593340978616794,919d6f0fb3ca462983d6df6ec06846e41abd9645
efficientnet_b0,B,559,107494,image_level_seed11,2,0,meningioma,0.9276388045150514,0.0545161967430232,0.0178449987419252,0,meningioma,0.9276388045150514,919d6f0fb3ca462983d6df6ec06846e41abd9645
efficientnet_b0,B,560,107946,image_level_seed11,1,0,meningioma,0.6079370907933297,0.3882651311051978,0.0037977781014724,0,meningioma,0.6079370907933297,919d6f0fb3ca462983d6df6ec06846e41abd9645
efficientnet_b0,B,561,107946,image_level_seed11,2,0,meningioma,0.5866048325037915,0.4104155093737679,0.0029796581224405,0,meningioma,0.5866048325037915,919d6f0fb3ca462983d6df6ec06846e41abd9645
efficientnet_b0,B,562,107946,image_level_seed11,1,0,meningioma,0.4899297836954627,0.5096560532044823,0.000414163100055,1,glioma,0.5096560532044823,919d6f0fb3ca462983d6df6ec06846e41abd9645
efficientnet_b0,B,563,107946,image_level_seed11,2,0,meningioma,0.2313667447346522,0.7635052907775939,0.005127964487754,1,glioma,0.7635052907775939,919d6f0fb3ca462983d6df6ec06846e41abd9645
efficientnet_b0,B,564,108514,image_level_seed11,1,0,meningioma,0.908977492791915,0.0903864264021457,0.0006360808059394,0,meningioma,0.908977492791915,919d6f0fb3ca462983d6df6ec06846e41abd9645
efficientnet_b0,B,565,108514,image_level_seed11,3,0,meningioma,0.9996646684663558,0.0002301587333386,0.0001051728003054,0,meningioma,0.9996646684663558,919d6f0fb3ca462983d6df6ec06846e41abd9645
efficientnet_b0,B,566,108514,image_level_seed11,3,0,meningioma,0.9993792151991012,0.0004290836361952,0.0001917011647035,0,meningioma,0.9993792151991012,919d6f0fb3ca462983d6df6ec06846e41abd9645
efficientnet_b0,B,567,108514,image_level_seed11,3,0,meningioma,0.9999186293268748,3.6972235469996174e-05,4.439843765522503e-05,0,meningioma,0.9999186293268748,919d6f0fb3ca462983d6df6ec06846e41abd9645
efficientnet_b0,B,568,108514,image_level_seed11,5,0,meningioma,0.9433459346164744,0.0559077396439512,0.0007463257395741,0,meningioma,0.9433459346164744,919d6f0fb3ca462983d6df6ec06846e41abd9645
efficientnet_b0,B,569,108550,image_level_seed11,5,0,meningioma,0.9840722699825792,0.009955756457941,0.0059719735594798,0,meningioma,0.9840722699825792,919d6f0fb3ca462983d6df6ec06846e41abd9645
efficientnet_b0,B,570,108550,image_level_seed11,4,0,meningioma,0.4017578875738475,0.5951444244098758,0.0030976880162767,1,glioma,0.5951444244098758,919d6f0fb3ca462983d6df6ec06846e41abd9645
efficientnet_b0,B,571,108590,image_level_seed11,2,0,meningioma,0.998933375743024,0.000990286027082,7.633822989399574e-05,0,meningioma,0.998933375743024,919d6f0fb3ca462983d6df6ec06846e41abd9645
efficientnet_b0,B,572,108590,image_level_seed11,3,0,meningioma,0.9994489127176674,0.0004880387993325,6.304848300004017e-05,0,meningioma,0.9994489127176674,919d6f0fb3ca462983d6df6ec06846e41abd9645
efficientnet_b0,B,573,108945,image_level_seed11,5,0,meningioma,0.9982193301734558,0.0017180369722597,6.263285428444998e-05,0,meningioma,0.9982193301734558,919d6f0fb3ca462983d6df6ec06846e41abd9645
efficientnet_b0,B,574,108945,image_level_seed11,3,0,meningioma,0.995971861590614,0.0036161260795495,0.0004120123298363,0,meningioma,0.995971861590614,919d6f0fb3ca462983d6df6ec06846e41abd9645
efficientnet_b0,B,575,108945,image_level_seed11,4,0,meningioma,0.9974374182794206,0.0021378946736652,0.0004246870469143,0,meningioma,0.9974374182794206,919d6f0fb3ca462983d6df6ec06846e41abd9645
efficientnet_b0,B,576,108945,image_level_seed11,2,0,meningioma,0.982380379667276,0.0121716815274504,0.0054479388052734,0,meningioma,0.982380379667276,919d6f0fb3ca462983d6df6ec06846e41abd9645
efficientnet_b0,B,577,109350,image_level_seed11,2,0,meningioma,0.9939672052802752,0.0032056832138516,0.0028271115058731,0,meningioma,0.9939672052802752,919d6f0fb3ca462983d6df6ec06846e41abd9645
efficientnet_b0,B,578,109350,image_level_seed11,4,0,meningioma,0.996965406949442,0.0010005531029458,0.0020340399476119,0,meningioma,0.996965406949442,919d6f0fb3ca462983d6df6ec06846e41abd9645
efficientnet_b0,B,579,109411,image_level_seed11,4,0,meningioma,0.485561599047772,0.5115294434638261,0.0029089574884018,1,glioma,0.5115294434638261,919d6f0fb3ca462983d6df6ec06846e41abd9645
efficientnet_b0,B,580,109968,image_level_seed11,2,0,meningioma,0.999781094114766,0.0001497809085412,6.91249766928348e-05,0,meningioma,0.999781094114766,919d6f0fb3ca462983d6df6ec06846e41abd9645
efficientnet_b0,B,581,109968,image_level_seed11,3,0,meningioma,0.9999248354586396,5.768629352872088e-05,1.7478247831714973e-05,0,meningioma,0.9999248354586396,919d6f0fb3ca462983d6df6ec06846e41abd9645
efficientnet_b0,B,582,109968,image_level_seed11,5,0,meningioma,0.9998508747760172,0.0001198763504108,2.9248873572098412e-05,0,meningioma,0.9998508747760172,919d6f0fb3ca462983d6df6ec06846e41abd9645
efficientnet_b0,B,583,109968,image_level_seed11,5,0,meningioma,0.9996404005664784,0.0002433341171079,0.0001162653164138,0,meningioma,0.9996404005664784,919d6f0fb3ca462983d6df6ec06846e41abd9645
efficientnet_b0,B,584,110808,image_level_seed11,4,0,meningioma,0.4167940613067655,0.5816154585726426,0.0015904801205918,1,glioma,0.5816154585726426,919d6f0fb3ca462983d6df6ec06846e41abd9645
efficientnet_b0,B,585,110808,image_level_seed11,5,0,meningioma,0.8622169628933317,0.1376275993712912,0.000155437735377,0,meningioma,0.8622169628933317,919d6f0fb3ca462983d6df6ec06846e41abd9645
efficientnet_b0,B,586,111077,image_level_seed11,1,0,meningioma,0.9954621188025592,0.0041400286268793,0.0003978525705614,0,meningioma,0.9954621188025592,919d6f0fb3ca462983d6df6ec06846e41abd9645
efficientnet_b0,B,587,111077,image_level_seed11,3,0,meningioma,0.997055207664382,0.0001153322333242,0.0028294601022937,0,meningioma,0.997055207664382,919d6f0fb3ca462983d6df6ec06846e41abd9645
efficientnet_b0,B,588,111077,image_level_seed11,2,0,meningioma,0.9961456335610782,0.0014338870720796,0.0024204793668421,0,meningioma,0.9961456335610782,919d6f0fb3ca462983d6df6ec06846e41abd9645
efficientnet_b0,B,589,111366,image_level_seed11,4,0,meningioma,0.040159473883428,0.9578965314453208,0.0019439946712512,1,glioma,0.9578965314453208,919d6f0fb3ca462983d6df6ec06846e41abd9645
efficientnet_b0,B,590,111366,image_level_seed11,3,0,meningioma,0.9868058375376492,0.0113486909989028,0.001845471463448,0,meningioma,0.9868058375376492,919d6f0fb3ca462983d6df6ec06846e41abd9645
efficientnet_b0,B,591,111366,image_level_seed11,1,0,meningioma,0.9807889671431635,0.0184476346659028,0.0007633981909336,0,meningioma,0.9807889671431635,919d6f0fb3ca462983d6df6ec06846e41abd9645
efficientnet_b0,B,592,111366,image_level_seed11,1,0,meningioma,0.969788281189571,0.028677770564848,0.0015339482455809,0,meningioma,0.969788281189571,919d6f0fb3ca462983d6df6ec06846e41abd9645
efficientnet_b0,B,593,111532,image_level_seed11,5,0,meningioma,0.9993098621853456,0.0005900662678748,0.0001000715467796,0,meningioma,0.9993098621853456,919d6f0fb3ca462983d6df6ec06846e41abd9645
efficientnet_b0,B,594,111532,image_level_seed11,2,0,meningioma,0.997740254565617,0.0014485012029141,0.0008112442314689,0,meningioma,0.997740254565617,919d6f0fb3ca462983d6df6ec06846e41abd9645
efficientnet_b0,B,595,111532,image_level_seed11,3,0,meningioma,0.9998122625858524,0.0001007961076602,8.694130648730344e-05,0,meningioma,0.9998122625858524,919d6f0fb3ca462983d6df6ec06846e41abd9645
efficientnet_b0,B,596,111696,image_level_seed11,4,0,meningioma,0.4707975683363599,0.5133842448778162,0.0158181867858237,1,glioma,0.5133842448778162,919d6f0fb3ca462983d6df6ec06846e41abd9645
efficientnet_b0,B,597,111710,image_level_seed11,4,0,meningioma,0.6805588392033636,0.3145898386179626,0.0048513221786738,0,meningioma,0.6805588392033636,919d6f0fb3ca462983d6df6ec06846e41abd9645
efficientnet_b0,B,598,111710,image_level_seed11,4,0,meningioma,0.3044381742177899,0.6936077169896177,0.0019541087925922,1,glioma,0.6936077169896177,919d6f0fb3ca462983d6df6ec06846e41abd9645
efficientnet_b0,B,599,112002,image_level_seed11,2,0,meningioma,0.2798680737580686,0.714537741025415,0.0055941852165162,1,glioma,0.714537741025415,919d6f0fb3ca462983d6df6ec06846e41abd9645
efficientnet_b0,B,600,112002,image_level_seed11,5,0,meningioma,0.4727048170895909,0.5198123797480988,0.0074828031623103,1,glioma,0.5198123797480988,919d6f0fb3ca462983d6df6ec06846e41abd9645
efficientnet_b0,B,601,112002,image_level_seed11,1,0,meningioma,0.9875617462671158,0.0119342878964615,0.0005039658364224,0,meningioma,0.9875617462671158,919d6f0fb3ca462983d6df6ec06846e41abd9645
efficientnet_b0,B,602,112002,image_level_seed11,5,0,meningioma,0.7778863636510585,0.2095096392994497,0.0126039970494917,0,meningioma,0.7778863636510585,919d6f0fb3ca462983d6df6ec06846e41abd9645
efficientnet_b0,B,603,112062,image_level_seed11,1,0,meningioma,0.9956298569049722,0.004292288087248,7.785500777980502e-05,0,meningioma,0.9956298569049722,919d6f0fb3ca462983d6df6ec06846e41abd9645
efficientnet_b0,B,604,112062,image_level_seed11,2,0,meningioma,0.9997911046425147,0.0001474939317579,6.140142572734454e-05,0,meningioma,0.9997911046425147,919d6f0fb3ca462983d6df6ec06846e41abd9645
efficientnet_b0,B,605,112062,image_level_seed11,5,0,meningioma,0.9988219667357492,0.0006386203300451,0.0005394129342058,0,meningioma,0.9988219667357492,919d6f0fb3ca462983d6df6ec06846e41abd9645
efficientnet_b0,B,606,112252,image_level_seed11,2,0,meningioma,0.9950660677715764,0.0043814283728902,0.000552503855533,0,meningioma,0.9950660677715764,919d6f0fb3ca462983d6df6ec06846e41abd9645
efficientnet_b0,B,607,112252,image_level_seed11,5,0,meningioma,0.8281531419620357,0.0282280431460144,0.1436188148919499,0,meningioma,0.8281531419620357,919d6f0fb3ca462983d6df6ec06846e41abd9645
efficientnet_b0,B,608,112552,image_level_seed11,5,0,meningioma,0.8475548348732385,0.1473703072166981,0.0050748579100635,0,meningioma,0.8475548348732385,919d6f0fb3ca462983d6df6ec06846e41abd9645
efficientnet_b0,B,609,112552,image_level_seed11,5,0,meningioma,0.9285014834833868,0.0699334310758597,0.0015650854407535,0,meningioma,0.9285014834833868,919d6f0fb3ca462983d6df6ec06846e41abd9645
efficientnet_b0,B,610,112552,image_level_seed11,2,0,meningioma,0.9908403234066102,0.0067743338375873,0.0023853427558025,0,meningioma,0.9908403234066102,919d6f0fb3ca462983d6df6ec06846e41abd9645
efficientnet_b0,B,611,112552,image_level_seed11,5,0,meningioma,0.9920768767096972,0.0076240657149758,0.0002990575753268,0,meningioma,0.9920768767096972,919d6f0fb3ca462983d6df6ec06846e41abd9645
efficientnet_b0,B,612,112552,image_level_seed11,4,0,meningioma,0.9998312536258088,9.81746670902559e-05,7.057170710087964e-05,0,meningioma,0.9998312536258088,919d6f0fb3ca462983d6df6ec06846e41abd9645
efficientnet_b0,B,613,112552,image_level_seed11,3,0,meningioma,0.9995113695933384,0.0004196117261093,6.901868055210037e-05,0,meningioma,0.9995113695933384,919d6f0fb3ca462983d6df6ec06846e41abd9645
efficientnet_b0,B,614,112552,image_level_seed11,4,0,meningioma,0.9997040457235284,0.0002606962892541,3.525798721736414e-05,0,meningioma,0.9997040457235284,919d6f0fb3ca462983d6df6ec06846e41abd9645
efficientnet_b0,B,615,112648,image_level_seed11,4,0,meningioma,0.5599713071932277,0.431054899840625,0.0089737929661472,0,meningioma,0.5599713071932277,919d6f0fb3ca462983d6df6ec06846e41abd9645
efficientnet_b0,B,616,112648,image_level_seed11,3,0,meningioma,0.9934776719109402,0.0051197316601721,0.0014025964288878,0,meningioma,0.9934776719109402,919d6f0fb3ca462983d6df6ec06846e41abd9645
efficientnet_b0,B,617,112648,image_level_seed11,5,0,meningioma,0.9379353899467172,0.0603683090819186,0.0016963009713642,0,meningioma,0.9379353899467172,919d6f0fb3ca462983d6df6ec06846e41abd9645
efficientnet_b0,B,618,112648,image_level_seed11,3,0,meningioma,0.9983387356305744,0.0012554959920478,0.000405768377378,0,meningioma,0.9983387356305744,919d6f0fb3ca462983d6df6ec06846e41abd9645
efficientnet_b0,B,619,112650,image_level_seed11,1,0,meningioma,0.9812079481282944,0.0179637438804254,0.0008283079912802,0,meningioma,0.9812079481282944,919d6f0fb3ca462983d6df6ec06846e41abd9645
efficientnet_b0,B,620,112650,image_level_seed11,5,0,meningioma,0.9982574689191038,0.0016439684620299,9.85626188663582e-05,0,meningioma,0.9982574689191038,919d6f0fb3ca462983d6df6ec06846e41abd9645
efficientnet_b0,B,621,113098,image_level_seed11,5,0,meningioma,0.900615377380237,0.08271686662718,0.0166677559925828,0,meningioma,0.900615377380237,919d6f0fb3ca462983d6df6ec06846e41abd9645
efficientnet_b0,B,622,113098,image_level_seed11,3,0,meningioma,0.1622301148227403,0.8276672141352822,0.0101026710419773,1,glioma,0.8276672141352822,919d6f0fb3ca462983d6df6ec06846e41abd9645
efficientnet_b0,B,623,113098,image_level_seed11,3,0,meningioma,0.4780848338723454,0.5047379218138652,0.0171772443137894,1,glioma,0.5047379218138652,919d6f0fb3ca462983d6df6ec06846e41abd9645
efficientnet_b0,B,624,113098,image_level_seed11,3,0,meningioma,0.0266340606478939,0.9700051183954168,0.003360820956689,1,glioma,0.9700051183954168,919d6f0fb3ca462983d6df6ec06846e41abd9645
efficientnet_b0,B,625,113435,image_level_seed11,2,0,meningioma,0.9990134205479748,0.0008653385377579,0.0001212409142671,0,meningioma,0.9990134205479748,919d6f0fb3ca462983d6df6ec06846e41abd9645
efficientnet_b0,B,626,113435,image_level_seed11,5,0,meningioma,0.9976507355398988,0.0017908755915255,0.0005583888685755,0,meningioma,0.9976507355398988,919d6f0fb3ca462983d6df6ec06846e41abd9645
efficientnet_b0,B,627,113435,image_level_seed11,3,0,meningioma,0.9990644268852452,0.0002261304686058,0.000709442646149,0,meningioma,0.9990644268852452,919d6f0fb3ca462983d6df6ec06846e41abd9645
efficientnet_b0,B,628,113435,image_level_seed11,1,0,meningioma,0.994769229645548,0.002282896597175,0.0029478737572768,0,meningioma,0.994769229645548,919d6f0fb3ca462983d6df6ec06846e41abd9645
efficientnet_b0,B,629,113435,image_level_seed11,3,0,meningioma,0.9977118766898349,0.0016592052447176,0.0006289180654475,0,meningioma,0.9977118766898349,919d6f0fb3ca462983d6df6ec06846e41abd9645
efficientnet_b0,B,630,113435,image_level_seed11,2,0,meningioma,0.973742913149423,0.0258583677155289,0.0003987191350482,0,meningioma,0.973742913149423,919d6f0fb3ca462983d6df6ec06846e41abd9645
efficientnet_b0,B,631,113554,image_level_seed11,2,0,meningioma,0.997453226804722,0.0021747208226499,0.0003720523726278,0,meningioma,0.997453226804722,919d6f0fb3ca462983d6df6ec06846e41abd9645
efficientnet_b0,B,632,113554,image_level_seed11,1,0,meningioma,0.9996265018985244,0.0001322032939738,0.0002412948075016,0,meningioma,0.9996265018985244,919d6f0fb3ca462983d6df6ec06846e41abd9645
efficientnet_b0,B,633,113554,image_level_seed11,3,0,meningioma,0.995090958857968,0.0017096916435534,0.0031993494984785,0,meningioma,0.995090958857968,919d6f0fb3ca462983d6df6ec06846e41abd9645
efficientnet_b0,B,634,113554,image_level_seed11,2,0,meningioma,0.9779020946238532,0.00966902789288,0.0124288774832667,0,meningioma,0.9779020946238532,919d6f0fb3ca462983d6df6ec06846e41abd9645
efficientnet_b0,B,635,113614,image_level_seed11,1,0,meningioma,0.6339873955213134,0.3619908917591098,0.0040217127195767,0,meningioma,0.6339873955213134,919d6f0fb3ca462983d6df6ec06846e41abd9645
efficientnet_b0,B,636,113614,image_level_seed11,5,0,meningioma,0.9998821223035,7.14170749151224e-05,4.646062158500484e-05,0,meningioma,0.9998821223035,919d6f0fb3ca462983d6df6ec06846e41abd9645
efficientnet_b0,B,637,113614,image_level_seed11,3,0,meningioma,0.999088448774572,0.0006300055136109,0.000281545711817,0,meningioma,0.999088448774572,919d6f0fb3ca462983d6df6ec06846e41abd9645
efficientnet_b0,B,638,113614,image_level_seed11,5,0,meningioma,0.5532538930120497,0.4453462968246984,0.0013998101632518,0,meningioma,0.5532538930120497,919d6f0fb3ca462983d6df6ec06846e41abd9645
efficientnet_b0,B,639,113805,image_level_seed11,2,0,meningioma,0.9343608764170708,0.0650408313799788,0.0005982922029504,0,meningioma,0.9343608764170708,919d6f0fb3ca462983d6df6ec06846e41abd9645
efficientnet_b0,B,640,113971,image_level_seed11,5,0,meningioma,0.3167435069240168,0.5123461828711295,0.1709103102048535,1,glioma,0.5123461828711295,919d6f0fb3ca462983d6df6ec06846e41abd9645
efficientnet_b0,B,641,113971,image_level_seed11,3,0,meningioma,0.9947799117273528,0.001159974277964,0.0040601139946831,0,meningioma,0.9947799117273528,919d6f0fb3ca462983d6df6ec06846e41abd9645
efficientnet_b0,B,642,114018,image_level_seed11,2,0,meningioma,0.9406649458207832,0.0027335463865082,0.0566015077927087,0,meningioma,0.9406649458207832,919d6f0fb3ca462983d6df6ec06846e41abd9645
efficientnet_b0,B,643,114018,image_level_seed11,5,0,meningioma,0.998111471770943,0.0001292082641759,0.001759319964881,0,meningioma,0.998111471770943,919d6f0fb3ca462983d6df6ec06846e41abd9645
efficientnet_b0,B,644,114018,image_level_seed11,2,0,meningioma,0.8385827323313169,0.0007377300289301,0.1606795376397529,0,meningioma,0.8385827323313169,919d6f0fb3ca462983d6df6ec06846e41abd9645
efficientnet_b0,B,645,114018,image_level_seed11,2,0,meningioma,0.980242604675718,0.0003774296533965,0.0193799656708853,0,meningioma,0.980242604675718,919d6f0fb3ca462983d6df6ec06846e41abd9645
efficientnet_b0,B,646,114018,image_level_seed11,1,0,meningioma,0.9983198586746496,5.857158116839776e-05,0.001621569744182,0,meningioma,0.9983198586746496,919d6f0fb3ca462983d6df6ec06846e41abd9645
efficientnet_b0,B,647,114018,image_level_seed11,4,0,meningioma,0.9746553399429316,0.0011463881355841,0.0241982719214841,0,meningioma,0.9746553399429316,919d6f0fb3ca462983d6df6ec06846e41abd9645
efficientnet_b0,B,648,114359,image_level_seed11,3,0,meningioma,0.9996030468988296,0.0003524428252533,4.451027591689077e-05,0,meningioma,0.9996030468988296,919d6f0fb3ca462983d6df6ec06846e41abd9645
efficientnet_b0,B,649,114359,image_level_seed11,5,0,meningioma,0.9997003166279668,0.0002882345677532,1.144880428005591e-05,0,meningioma,0.9997003166279668,919d6f0fb3ca462983d6df6ec06846e41abd9645
efficientnet_b0,B,650,114359,image_level_seed11,1,0,meningioma,0.999789719648248,0.0001618738830356,4.840646871629675e-05,0,meningioma,0.999789719648248,919d6f0fb3ca462983d6df6ec06846e41abd9645
efficientnet_b0,B,651,114359,image_level_seed11,2,0,meningioma,0.9969140842556766,0.0029963325524356,8.958319188774178e-05,0,meningioma,0.9969140842556766,919d6f0fb3ca462983d6df6ec06846e41abd9645
efficientnet_b0,B,652,114359,image_level_seed11,2,0,meningioma,0.9957829022888552,0.0039391045208969,0.0002779931902479,0,meningioma,0.9957829022888552,919d6f0fb3ca462983d6df6ec06846e41abd9645
efficientnet_b0,B,653,114359,image_level_seed11,5,0,meningioma,0.9994099347353772,0.0004597093238559,0.0001303559407668,0,meningioma,0.9994099347353772,919d6f0fb3ca462983d6df6ec06846e41abd9645
efficientnet_b0,B,654,114359,image_level_seed11,2,0,meningioma,0.9894553849809488,0.0100102085174269,0.0005344065016244,0,meningioma,0.9894553849809488,919d6f0fb3ca462983d6df6ec06846e41abd9645
efficientnet_b0,B,655,114417,image_level_seed11,4,0,meningioma,0.9860668308319288,0.0135857697619544,0.0003473994061168,0,meningioma,0.9860668308319288,919d6f0fb3ca462983d6df6ec06846e41abd9645
efficientnet_b0,B,656,114417,image_level_seed11,1,0,meningioma,0.9984510018166,0.0013529675372529,0.0001960306461468,0,meningioma,0.9984510018166,919d6f0fb3ca462983d6df6ec06846e41abd9645
efficientnet_b0,B,657,114417,image_level_seed11,3,0,meningioma,0.9666028511915932,0.008828442248182,0.0245687065602248,0,meningioma,0.9666028511915932,919d6f0fb3ca462983d6df6ec06846e41abd9645
efficientnet_b0,B,658,114417,image_level_seed11,5,0,meningioma,0.7628778998059654,0.1906504843632737,0.0464716158307607,0,meningioma,0.7628778998059654,919d6f0fb3ca462983d6df6ec06846e41abd9645
efficientnet_b0,B,659,97374,image_level_seed11,1,0,meningioma,0.9721335714784493,0.0270997699418593,0.0007666585796912,0,meningioma,0.9721335714784493,919d6f0fb3ca462983d6df6ec06846e41abd9645
efficientnet_b0,B,660,97374,image_level_seed11,3,0,meningioma,0.9967126627183815,0.0015007432876391,0.0017865939939792,0,meningioma,0.9967126627183815,919d6f0fb3ca462983d6df6ec06846e41abd9645
efficientnet_b0,B,661,97374,image_level_seed11,5,0,meningioma,0.9989544553199374,0.0008998869259352,0.0001456577541272,0,meningioma,0.9989544553199374,919d6f0fb3ca462983d6df6ec06846e41abd9645
efficientnet_b0,B,662,97374,image_level_seed11,3,0,meningioma,0.9964232763751352,0.0031673980057799,0.0004093256190846,0,meningioma,0.9964232763751352,919d6f0fb3ca462983d6df6ec06846e41abd9645
efficientnet_b0,B,663,97374,image_level_seed11,2,0,meningioma,0.9935036567042446,0.0047592408682069,0.0017371024275485,0,meningioma,0.9935036567042446,919d6f0fb3ca462983d6df6ec06846e41abd9645
efficientnet_b0,B,664,97607,image_level_seed11,5,0,meningioma,0.9997396170866778,0.0001999984361816,6.038447714045354e-05,0,meningioma,0.9997396170866778,919d6f0fb3ca462983d6df6ec06846e41abd9645
efficientnet_b0,B,665,97607,image_level_seed11,1,0,meningioma,0.9997328186577232,0.0001907855892223,7.639575305439128e-05,0,meningioma,0.9997328186577232,919d6f0fb3ca462983d6df6ec06846e41abd9645
efficientnet_b0,B,666,97607,image_level_seed11,2,0,meningioma,0.9988840974955756,0.0004657847059821,0.0006501177984421,0,meningioma,0.9988840974955756,919d6f0fb3ca462983d6df6ec06846e41abd9645
efficientnet_b0,B,667,97607,image_level_seed11,5,0,meningioma,0.9982724083266492,0.000795842174774,0.0009317494985767,0,meningioma,0.9982724083266492,919d6f0fb3ca462983d6df6ec06846e41abd9645
efficientnet_b0,B,668,97737,image_level_seed11,5,0,meningioma,0.9996092454742148,0.0002056352378943,0.0001851192878909,0,meningioma,0.9996092454742148,919d6f0fb3ca462983d6df6ec06846e41abd9645
efficientnet_b0,B,669,97737,image_level_seed11,5,0,meningioma,0.9998606299074176,6.732818154829455e-05,7.20419110342222e-05,0,meningioma,0.9998606299074176,919d6f0fb3ca462983d6df6ec06846e41abd9645
efficientnet_b0,B,670,97737,image_level_seed11,3,0,meningioma,0.9984774415591444,0.0001486567421048,0.0013739016987509,0,meningioma,0.9984774415591444,919d6f0fb3ca462983d6df6ec06846e41abd9645
efficientnet_b0,B,671,97737,image_level_seed11,3,0,meningioma,0.9996208601921148,2.23952359125616e-05,0.0003567445719726,0,meningioma,0.9996208601921148,919d6f0fb3ca462983d6df6ec06846e41abd9645
efficientnet_b0,B,672,97737,image_level_seed11,4,0,meningioma,0.9997183015875324,7.992699443248869e-05,0.0002017714180353,0,meningioma,0.9997183015875324,919d6f0fb3ca462983d6df6ec06846e41abd9645
efficientnet_b0,B,673,97793,image_level_seed11,5,0,meningioma,0.9778001662564628,0.0221045093177393,9.532442579775724e-05,0,meningioma,0.9778001662564628,919d6f0fb3ca462983d6df6ec06846e41abd9645
efficientnet_b0,B,674,97875,image_level_seed11,3,0,meningioma,0.9982451016194372,0.0007809661409803,0.0009739322395822,0,meningioma,0.9982451016194372,919d6f0fb3ca462983d6df6ec06846e41abd9645
efficientnet_b0,B,675,97943,image_level_seed11,3,0,meningioma,0.9968847141548348,0.0029253078463158,0.0001899779988495,0,meningioma,0.9968847141548348,919d6f0fb3ca462983d6df6ec06846e41abd9645
efficientnet_b0,B,676,97943,image_level_seed11,3,0,meningioma,0.9998538735745974,6.860158585360818e-05,7.752483954912641e-05,0,meningioma,0.9998538735745974,919d6f0fb3ca462983d6df6ec06846e41abd9645
efficientnet_b0,B,677,97943,image_level_seed11,5,0,meningioma,0.9998681509118754,0.0001097865056739,2.2062582450647463e-05,0,meningioma,0.9998681509118754,919d6f0fb3ca462983d6df6ec06846e41abd9645
efficientnet_b0,B,678,97943,image_level_seed11,2,0,meningioma,0.9994154745985238,0.0003870421021066,0.0001974832993696,0,meningioma,0.9994154745985238,919d6f0fb3ca462983d6df6ec06846e41abd9645
efficientnet_b0,B,679,97943,image_level_seed11,2,0,meningioma,0.996393922810379,0.001536462971279,0.0020696142183419,0,meningioma,0.996393922810379,919d6f0fb3ca462983d6df6ec06846e41abd9645
efficientnet_b0,B,680,98241,image_level_seed11,2,0,meningioma,0.9995631672135727,0.0002189126886307,0.0002179200977965,0,meningioma,0.9995631672135727,919d6f0fb3ca462983d6df6ec06846e41abd9645
efficientnet_b0,B,681,98241,image_level_seed11,5,0,meningioma,0.999766163205562,8.22045385918144e-05,0.0001516322558461,0,meningioma,0.999766163205562,919d6f0fb3ca462983d6df6ec06846e41abd9645
efficientnet_b0,B,682,98241,image_level_seed11,5,0,meningioma,0.9988743191109845,0.000642970475502,0.0004827104135134,0,meningioma,0.9988743191109845,919d6f0fb3ca462983d6df6ec06846e41abd9645
efficientnet_b0,B,683,98241,image_level_seed11,2,0,meningioma,0.9969261933949356,0.0018137526965701,0.0012600539084942,0,meningioma,0.9969261933949356,919d6f0fb3ca462983d6df6ec06846e41abd9645
efficientnet_b0,B,684,98241,image_level_seed11,3,0,meningioma,0.9977948527790678,0.0006782897959221,0.0015268574250102,0,meningioma,0.9977948527790678,919d6f0fb3ca462983d6df6ec06846e41abd9645
efficientnet_b0,B,685,98241,image_level_seed11,2,0,meningioma,0.9888575978317864,0.0088511753236364,0.0022912268445772,0,meningioma,0.9888575978317864,919d6f0fb3ca462983d6df6ec06846e41abd9645
efficientnet_b0,B,686,99017,image_level_seed11,3,0,meningioma,0.9840452356838388,0.0099703181416909,0.0059844461744702,0,meningioma,0.9840452356838388,919d6f0fb3ca462983d6df6ec06846e41abd9645
efficientnet_b0,B,687,99017,image_level_seed11,2,0,meningioma,0.9993125936043904,0.000560049061851,0.0001273573337583,0,meningioma,0.9993125936043904,919d6f0fb3ca462983d6df6ec06846e41abd9645
efficientnet_b0,B,688,99089,image_level_seed11,4,0,meningioma,0.9606086995959598,0.0044528609849004,0.0349384394191396,0,meningioma,0.9606086995959598,919d6f0fb3ca462983d6df6ec06846e41abd9645
efficientnet_b0,B,689,99089,image_level_seed11,2,0,meningioma,0.933481877964532,0.0025824808295443,0.0639356412059237,0,meningioma,0.933481877964532,919d6f0fb3ca462983d6df6ec06846e41abd9645
efficientnet_b0,B,690,99089,image_level_seed11,5,0,meningioma,0.9668392800714068,0.032154443716877,0.0010062762117163,0,meningioma,0.9668392800714068,919d6f0fb3ca462983d6df6ec06846e41abd9645
efficientnet_b0,B,691,99089,image_level_seed11,1,0,meningioma,0.9924443053880114,0.0072581031470831,0.0002975914649053,0,meningioma,0.9924443053880114,919d6f0fb3ca462983d6df6ec06846e41abd9645
efficientnet_b0,B,692,99089,image_level_seed11,1,0,meningioma,0.99520460674567,0.0045600761375376,0.0002353171167922,0,meningioma,0.99520460674567,919d6f0fb3ca462983d6df6ec06846e41abd9645
efficientnet_b0,B,693,99162,image_level_seed11,5,0,meningioma,0.9979929770269592,0.0017445641332945,0.0002624588397463,0,meningioma,0.9979929770269592,919d6f0fb3ca462983d6df6ec06846e41abd9645
efficientnet_b0,B,694,99162,image_level_seed11,2,0,meningioma,0.9985128635977694,0.0009045203186993,0.0005826160835314,0,meningioma,0.9985128635977694,919d6f0fb3ca462983d6df6ec06846e41abd9645
efficientnet_b0,B,695,99162,image_level_seed11,4,0,meningioma,0.9992643258018912,0.000201094976759,0.0005345792213496,0,meningioma,0.9992643258018912,919d6f0fb3ca462983d6df6ec06846e41abd9645
efficientnet_b0,B,696,99288,image_level_seed11,5,0,meningioma,0.31196637683563,0.6657406234667014,0.0222929996976685,1,glioma,0.6657406234667014,919d6f0fb3ca462983d6df6ec06846e41abd9645
efficientnet_b0,B,697,99308,image_level_seed11,1,0,meningioma,0.9944960979706156,0.0048119983970557,0.0006919036323286,0,meningioma,0.9944960979706156,919d6f0fb3ca462983d6df6ec06846e41abd9645
efficientnet_b0,B,698,99308,image_level_seed11,5,0,meningioma,0.9276222895372483,0.0677362563528836,0.0046414541098678,0,meningioma,0.9276222895372483,919d6f0fb3ca462983d6df6ec06846e41abd9645
efficientnet_b0,B,699,99308,image_level_seed11,2,0,meningioma,0.9979954154493866,0.0013298567257114,0.0006747278249018,0,meningioma,0.9979954154493866,919d6f0fb3ca462983d6df6ec06846e41abd9645
efficientnet_b0,B,700,99308,image_level_seed11,1,0,meningioma,0.999068071149997,0.0008594408393527,7.248801065027778e-05,0,meningioma,0.999068071149997,919d6f0fb3ca462983d6df6ec06846e41abd9645
efficientnet_b0,B,701,99308,image_level_seed11,1,0,meningioma,0.9908388371426288,0.0090973100960162,6.385276135509881e-05,0,meningioma,0.9908388371426288,919d6f0fb3ca462983d6df6ec06846e41abd9645
efficientnet_b0,B,702,99308,image_level_seed11,2,0,meningioma,0.9988611062314648,0.0010151391908989,0.0001237545776363,0,meningioma,0.9988611062314648,919d6f0fb3ca462983d6df6ec06846e41abd9645
efficientnet_b0,B,703,99815,image_level_seed11,5,0,meningioma,0.9991997184029072,0.0007208177527157,7.94638443768924e-05,0,meningioma,0.9991997184029072,919d6f0fb3ca462983d6df6ec06846e41abd9645
efficientnet_b0,B,704,99815,image_level_seed11,3,0,meningioma,0.9994976765037794,0.0001897839858997,0.0003125395103208,0,meningioma,0.9994976765037794,919d6f0fb3ca462983d6df6ec06846e41abd9645
efficientnet_b0,B,705,99815,image_level_seed11,3,0,meningioma,0.9992989314807228,0.0002902105728611,0.0004108579464159,0,meningioma,0.9992989314807228,919d6f0fb3ca462983d6df6ec06846e41abd9645
efficientnet_b0,B,706,99815,image_level_seed11,2,0,meningioma,0.9898837055068764,0.0012088039399677,0.0089074905531558,0,meningioma,0.9898837055068764,919d6f0fb3ca462983d6df6ec06846e41abd9645
efficientnet_b0,B,707,99815,image_level_seed11,1,0,meningioma,0.9979312942054662,0.0010174814095204,0.0010512243850135,0,meningioma,0.9979312942054662,919d6f0fb3ca462983d6df6ec06846e41abd9645
efficientnet_b0,B,708,99815,image_level_seed11,3,0,meningioma,0.9988752048872988,0.0008766731278415,0.0002481219848594,0,meningioma,0.9988752048872988,919d6f0fb3ca462983d6df6ec06846e41abd9645
efficientnet_b0,B,709,105936,image_level_seed11,2,2,pituitary,1.012467542277483e-05,1.548970713314327e-06,0.999988326353864,2,pituitary,0.999988326353864,919d6f0fb3ca462983d6df6ec06846e41abd9645
efficientnet_b0,B,710,105936,image_level_seed11,1,2,pituitary,0.0001601701254908,4.150998816095945e-05,0.9997983198863484,2,pituitary,0.9997983198863484,919d6f0fb3ca462983d6df6ec06846e41abd9645
efficientnet_b0,B,711,105936,image_level_seed11,2,2,pituitary,9.843532612482417e-06,5.260955240516426e-06,0.999984895512147,2,pituitary,0.999984895512147,919d6f0fb3ca462983d6df6ec06846e41abd9645
efficientnet_b0,B,712,106062,image_level_seed11,3,2,pituitary,4.212993943944037e-05,1.0863081230690012e-05,0.99994700697933,2,pituitary,0.99994700697933,919d6f0fb3ca462983d6df6ec06846e41abd9645
efficientnet_b0,B,713,106062,image_level_seed11,5,2,pituitary,2.44540310516942e-05,3.582582197325844e-05,0.999939720146975,2,pituitary,0.999939720146975,919d6f0fb3ca462983d6df6ec06846e41abd9645
efficientnet_b0,B,714,106062,image_level_seed11,4,2,pituitary,0.0008992854344375,4.7876936525715e-05,0.9990528376290366,2,pituitary,0.9990528376290366,919d6f0fb3ca462983d6df6ec06846e41abd9645
efficientnet_b0,B,715,100820,image_level_seed11,1,1,glioma,3.678725905736739e-05,0.9999595721808788,3.6405600638311833e-06,1,glioma,0.9999595721808788,919d6f0fb3ca462983d6df6ec06846e41abd9645
efficientnet_b0,B,716,100820,image_level_seed11,2,1,glioma,0.5357557933526054,0.4635266851837184,0.0007175214636761,0,meningioma,0.5357557933526054,919d6f0fb3ca462983d6df6ec06846e41abd9645
efficientnet_b0,B,717,100820,image_level_seed11,4,1,glioma,0.0418427711155016,0.9580567848969826,0.0001004439875157,1,glioma,0.9580567848969826,919d6f0fb3ca462983d6df6ec06846e41abd9645
efficientnet_b0,B,718,101020,image_level_seed11,1,1,glioma,0.1054114211775349,0.891017464788995,0.0035711140334699,1,glioma,0.891017464788995,919d6f0fb3ca462983d6df6ec06846e41abd9645
efficientnet_b0,B,719,101020,image_level_seed11,5,1,glioma,9.601174120921938e-06,0.9999901689917668,2.2983411217235035e-07,1,glioma,0.9999901689917668,919d6f0fb3ca462983d6df6ec06846e41abd9645
efficientnet_b0,B,720,101020,image_level_seed11,3,1,glioma,0.394800106422505,0.6021932153535012,0.0030066782239937,1,glioma,0.6021932153535012,919d6f0fb3ca462983d6df6ec06846e41abd9645
efficientnet_b0,B,721,101020,image_level_seed11,3,1,glioma,0.0439710718451259,0.9557321687525888,0.0002967594022851,1,glioma,0.9557321687525888,919d6f0fb3ca462983d6df6ec06846e41abd9645
efficientnet_b0,B,722,102075,image_level_seed11,1,1,glioma,0.0042160873968854,0.9750545454515334,0.0207293671515812,1,glioma,0.9750545454515334,919d6f0fb3ca462983d6df6ec06846e41abd9645
efficientnet_b0,B,723,102075,image_level_seed11,3,1,glioma,0.008637459967911,0.4967150743236701,0.4946474657084189,1,glioma,0.4967150743236701,919d6f0fb3ca462983d6df6ec06846e41abd9645
efficientnet_b0,B,724,102075,image_level_seed11,1,1,glioma,0.0585727397246347,0.8645275042952087,0.0768997559801564,1,glioma,0.8645275042952087,919d6f0fb3ca462983d6df6ec06846e41abd9645
efficientnet_b0,B,725,103148,image_level_seed11,1,1,glioma,0.0004444240090696,0.9994836462162622,7.192977466831318e-05,1,glioma,0.9994836462162622,919d6f0fb3ca462983d6df6ec06846e41abd9645
efficientnet_b0,B,726,103148,image_level_seed11,1,1,glioma,0.0087758214235996,0.9911465631972536,7.761537914685535e-05,1,glioma,0.9911465631972536,919d6f0fb3ca462983d6df6ec06846e41abd9645
efficientnet_b0,B,727,103148,image_level_seed11,4,1,glioma,0.0008238536528082,0.9990751530926448,0.0001009932545468,1,glioma,0.9990751530926448,919d6f0fb3ca462983d6df6ec06846e41abd9645
efficientnet_b0,B,728,103148,image_level_seed11,2,1,glioma,8.551083492299126e-05,0.9999032831962156,1.1205968861452136e-05,1,glioma,0.9999032831962156,919d6f0fb3ca462983d6df6ec06846e41abd9645
efficientnet_b0,B,729,106494,image_level_seed11,3,1,glioma,0.0750746795889142,0.8402322437102567,0.0846930767008289,1,glioma,0.8402322437102567,919d6f0fb3ca462983d6df6ec06846e41abd9645
efficientnet_b0,B,730,106494,image_level_seed11,3,1,glioma,0.0006791912654466,0.997457498678502,0.0018633100560512,1,glioma,0.997457498678502,919d6f0fb3ca462983d6df6ec06846e41abd9645
efficientnet_b0,B,731,106494,image_level_seed11,4,1,glioma,0.0009971114133416,0.998852854096701,0.0001500344899572,1,glioma,0.998852854096701,919d6f0fb3ca462983d6df6ec06846e41abd9645
efficientnet_b0,B,732,106494,image_level_seed11,5,1,glioma,0.0009734583846712,0.9989788438358196,4.769777950920727e-05,1,glioma,0.9989788438358196,919d6f0fb3ca462983d6df6ec06846e41abd9645
efficientnet_b0,B,733,106494,image_level_seed11,2,1,glioma,0.0004368488979144,0.9991485893011972,0.0004145618008884,1,glioma,0.9991485893011972,919d6f0fb3ca462983d6df6ec06846e41abd9645
efficientnet_b0,B,734,106494,image_level_seed11,1,1,glioma,0.0064181565638219,0.9933086743213088,0.0002731691148691,1,glioma,0.9933086743213088,919d6f0fb3ca462983d6df6ec06846e41abd9645
efficientnet_b0,B,735,107747,image_level_seed11,5,1,glioma,0.2345845678176855,0.754700909077098,0.0107145231052163,1,glioma,0.754700909077098,919d6f0fb3ca462983d6df6ec06846e41abd9645
efficientnet_b0,B,736,107747,image_level_seed11,3,1,glioma,6.288319979014679e-05,0.9999165623241172,2.055447609262006e-05,1,glioma,0.9999165623241172,919d6f0fb3ca462983d6df6ec06846e41abd9645
efficientnet_b0,B,737,107747,image_level_seed11,5,1,glioma,0.0003392430320828,0.99960864459635,5.211237156735226e-05,1,glioma,0.99960864459635,919d6f0fb3ca462983d6df6ec06846e41abd9645
efficientnet_b0,B,738,107747,image_level_seed11,4,1,glioma,0.0016690789132113,0.9977205992662286,0.0006103218205602,1,glioma,0.9977205992662286,919d6f0fb3ca462983d6df6ec06846e41abd9645
efficientnet_b0,B,739,107747,image_level_seed11,5,1,glioma,0.8328809603706736,0.1642791096648213,0.0028399299645051,0,meningioma,0.8328809603706736,919d6f0fb3ca462983d6df6ec06846e41abd9645
efficientnet_b0,B,740,112105,image_level_seed11,3,1,glioma,0.0004344999307002,0.999244137323784,0.0003213627455159,1,glioma,0.999244137323784,919d6f0fb3ca462983d6df6ec06846e41abd9645
efficientnet_b0,B,741,112105,image_level_seed11,5,1,glioma,0.0033215481549307,0.979536357183582,0.0171420946614872,1,glioma,0.979536357183582,919d6f0fb3ca462983d6df6ec06846e41abd9645
efficientnet_b0,B,742,112105,image_level_seed11,5,1,glioma,0.0170395149155753,0.946538436676655,0.0364220484077694,1,glioma,0.946538436676655,919d6f0fb3ca462983d6df6ec06846e41abd9645
efficientnet_b0,B,743,112105,image_level_seed11,2,1,glioma,0.0002913573695115,0.9992900109822426,0.0004186316482459,1,glioma,0.9992900109822426,919d6f0fb3ca462983d6df6ec06846e41abd9645
efficientnet_b0,B,744,112105,image_level_seed11,5,1,glioma,0.0006887616769591,0.9992017025133564,0.0001095358096843,1,glioma,0.9992017025133564,919d6f0fb3ca462983d6df6ec06846e41abd9645
efficientnet_b0,B,745,112105,image_level_seed11,1,1,glioma,1.0013773124543406e-05,0.9999832066714832,6.7795553922406745e-06,1,glioma,0.9999832066714832,919d6f0fb3ca462983d6df6ec06846e41abd9645
efficientnet_b0,B,746,112105,image_level_seed11,5,1,glioma,0.0037479601888376,0.9961741264552856,7.791335587666564e-05,1,glioma,0.9961741264552856,919d6f0fb3ca462983d6df6ec06846e41abd9645
efficientnet_b0,B,747,100820,image_level_seed11,3,1,glioma,0.979973074373606,0.0190236230799103,0.0010033025464836,0,meningioma,0.979973074373606,919d6f0fb3ca462983d6df6ec06846e41abd9645
efficientnet_b0,B,748,100820,image_level_seed11,3,1,glioma,0.5126461023229416,0.4866714035855973,0.0006824940914609,0,meningioma,0.5126461023229416,919d6f0fb3ca462983d6df6ec06846e41abd9645
efficientnet_b0,B,749,100820,image_level_seed11,2,1,glioma,0.0004761529266516,0.9994238794133574,9.996765999078906e-05,1,glioma,0.9994238794133574,919d6f0fb3ca462983d6df6ec06846e41abd9645
efficientnet_b0,B,750,100820,image_level_seed11,3,1,glioma,0.4442592270228172,0.5335254277345058,0.0222153452426769,1,glioma,0.5335254277345058,919d6f0fb3ca462983d6df6ec06846e41abd9645
efficientnet_b0,B,751,100820,image_level_seed11,2,1,glioma,0.3709098931778993,0.6286559465868874,0.0004341602352134,1,glioma,0.6286559465868874,919d6f0fb3ca462983d6df6ec06846e41abd9645
efficientnet_b0,B,752,100820,image_level_seed11,3,1,glioma,0.018208926407958,0.9781483885648004,0.0036426850272416,1,glioma,0.9781483885648004,919d6f0fb3ca462983d6df6ec06846e41abd9645
efficientnet_b0,B,753,101020,image_level_seed11,2,1,glioma,0.214667151084362,0.7844450474942112,0.0008878014214269,1,glioma,0.7844450474942112,919d6f0fb3ca462983d6df6ec06846e41abd9645
efficientnet_b0,B,754,101020,image_level_seed11,3,1,glioma,0.0012310743942971,0.9987403584169668,2.856718873614544e-05,1,glioma,0.9987403584169668,919d6f0fb3ca462983d6df6ec06846e41abd9645
efficientnet_b0,B,755,101020,image_level_seed11,2,1,glioma,0.0109927413900524,0.9888582829366808,0.0001489756732668,1,glioma,0.9888582829366808,919d6f0fb3ca462983d6df6ec06846e41abd9645
efficientnet_b0,B,756,101020,image_level_seed11,3,1,glioma,0.0042479554304613,0.9952407768351544,0.0005112677343842,1,glioma,0.9952407768351544,919d6f0fb3ca462983d6df6ec06846e41abd9645
efficientnet_b0,B,757,101020,image_level_seed11,2,1,glioma,0.3868798842324517,0.6079964281472262,0.005123687620322,1,glioma,0.6079964281472262,919d6f0fb3ca462983d6df6ec06846e41abd9645
efficientnet_b0,B,758,101020,image_level_seed11,2,1,glioma,0.0083659438093831,0.98852052321161,0.0031135329790067,1,glioma,0.98852052321161,919d6f0fb3ca462983d6df6ec06846e41abd9645
efficientnet_b0,B,759,101020,image_level_seed11,5,1,glioma,0.0252531107006348,0.9740852152714112,0.0006616740279536,1,glioma,0.9740852152714112,919d6f0fb3ca462983d6df6ec06846e41abd9645
efficientnet_b0,B,760,101020,image_level_seed11,5,1,glioma,0.8097206343292558,0.1877807976771774,0.0024985679935667,0,meningioma,0.8097206343292558,919d6f0fb3ca462983d6df6ec06846e41abd9645
efficientnet_b0,B,761,102075,image_level_seed11,1,1,glioma,0.0142993221811177,0.9849928954974414,0.0007077823214408,1,glioma,0.9849928954974414,919d6f0fb3ca462983d6df6ec06846e41abd9645
efficientnet_b0,B,762,102075,image_level_seed11,4,1,glioma,0.0383988191378913,0.9558642888171156,0.0057368920449928,1,glioma,0.9558642888171156,919d6f0fb3ca462983d6df6ec06846e41abd9645
efficientnet_b0,B,763,102075,image_level_seed11,4,1,glioma,0.3729849489574562,0.6240729876440122,0.0029420633985314,1,glioma,0.6240729876440122,919d6f0fb3ca462983d6df6ec06846e41abd9645
efficientnet_b0,B,764,103148,image_level_seed11,2,1,glioma,0.0026595191550704,0.9970037150647714,0.0003367657801581,1,glioma,0.9970037150647714,919d6f0fb3ca462983d6df6ec06846e41abd9645
efficientnet_b0,B,765,103148,image_level_seed11,2,1,glioma,0.0256786319233575,0.973330113605123,0.0009912544715197,1,glioma,0.973330113605123,919d6f0fb3ca462983d6df6ec06846e41abd9645
efficientnet_b0,B,766,103148,image_level_seed11,5,1,glioma,0.0013152679016652,0.9985681381553472,0.0001165939429877,1,glioma,0.9985681381553472,919d6f0fb3ca462983d6df6ec06846e41abd9645
efficientnet_b0,B,767,103148,image_level_seed11,1,1,glioma,0.3321232932304225,0.663851179563435,0.0040255272061424,1,glioma,0.663851179563435,919d6f0fb3ca462983d6df6ec06846e41abd9645
efficientnet_b0,B,768,106494,image_level_seed11,4,1,glioma,0.0319474888246663,0.9668139929620828,0.0012385182132508,1,glioma,0.9668139929620828,919d6f0fb3ca462983d6df6ec06846e41abd9645
efficientnet_b0,B,769,106494,image_level_seed11,1,1,glioma,0.0065662214379864,0.9931756561789152,0.0002581223830984,1,glioma,0.9931756561789152,919d6f0fb3ca462983d6df6ec06846e41abd9645
efficientnet_b0,B,770,106494,image_level_seed11,2,1,glioma,0.0003783426484071,0.999611235864372,1.0421487220868543e-05,1,glioma,0.999611235864372,919d6f0fb3ca462983d6df6ec06846e41abd9645
efficientnet_b0,B,771,106494,image_level_seed11,4,1,glioma,0.0027583983144426,0.99715632092939,8.528075616724287e-05,1,glioma,0.99715632092939,919d6f0fb3ca462983d6df6ec06846e41abd9645
efficientnet_b0,B,772,106494,image_level_seed11,2,1,glioma,0.7393054917409733,0.2601409567030438,0.0005535515559828,0,meningioma,0.7393054917409733,919d6f0fb3ca462983d6df6ec06846e41abd9645
efficientnet_b0,B,773,107747,image_level_seed11,1,1,glioma,0.0056520813536225,0.9922602840044088,0.0020876346419685,1,glioma,0.9922602840044088,919d6f0fb3ca462983d6df6ec06846e41abd9645
efficientnet_b0,B,774,107747,image_level_seed11,5,1,glioma,0.0028741095899668,0.9964682740811855,0.0006576163288477,1,glioma,0.9964682740811855,919d6f0fb3ca462983d6df6ec06846e41abd9645
efficientnet_b0,B,775,107747,image_level_seed11,2,1,glioma,0.0002667412169295,0.9993357495760644,0.000397509207006,1,glioma,0.9993357495760644,919d6f0fb3ca462983d6df6ec06846e41abd9645
efficientnet_b0,B,776,107747,image_level_seed11,5,1,glioma,0.0140824503651918,0.984537156743116,0.0013803928916923,1,glioma,0.984537156743116,919d6f0fb3ca462983d6df6ec06846e41abd9645
efficientnet_b0,B,777,107747,image_level_seed11,1,1,glioma,0.0253869349753837,0.9743612898371,0.0002517751875164,1,glioma,0.9743612898371,919d6f0fb3ca462983d6df6ec06846e41abd9645
efficientnet_b0,B,778,107747,image_level_seed11,2,1,glioma,0.1496132373616162,0.7749729093159285,0.0754138533224552,1,glioma,0.7749729093159285,919d6f0fb3ca462983d6df6ec06846e41abd9645
efficientnet_b0,B,779,112027,image_level_seed11,2,1,glioma,0.2299887601418813,0.7691264604279298,0.0008847794301888,1,glioma,0.7691264604279298,919d6f0fb3ca462983d6df6ec06846e41abd9645
efficientnet_b0,B,780,112027,image_level_seed11,1,1,glioma,0.0243523114139149,0.9754525622797606,0.0001951263063244,1,glioma,0.9754525622797606,919d6f0fb3ca462983d6df6ec06846e41abd9645
efficientnet_b0,B,781,112105,image_level_seed11,4,1,glioma,0.0053551059618546,0.9935669783833844,0.0010779156547609,1,glioma,0.9935669783833844,919d6f0fb3ca462983d6df6ec06846e41abd9645
efficientnet_b0,B,782,112105,image_level_seed11,4,1,glioma,5.95605680014372e-05,0.999915606909128,2.4832522870558593e-05,1,glioma,0.999915606909128,919d6f0fb3ca462983d6df6ec06846e41abd9645
efficientnet_b0,B,783,112105,image_level_seed11,2,1,glioma,0.0161001655524419,0.9838337766814568,6.605776610122558e-05,1,glioma,0.9838337766814568,919d6f0fb3ca462983d6df6ec06846e41abd9645
efficientnet_b0,B,784,112105,image_level_seed11,5,1,glioma,0.0003710789338458,0.999558799969571,7.012109658315631e-05,1,glioma,0.999558799969571,919d6f0fb3ca462983d6df6ec06846e41abd9645
efficientnet_b0,B,785,112105,image_level_seed11,3,1,glioma,0.0012581073012894,0.9986799238737336,6.196882497706462e-05,1,glioma,0.9986799238737336,919d6f0fb3ca462983d6df6ec06846e41abd9645
efficientnet_b0,B,786,112105,image_level_seed11,5,1,glioma,0.0001372080173658,0.9998567630964348,6.028886199394324e-06,1,glioma,0.9998567630964348,919d6f0fb3ca462983d6df6ec06846e41abd9645
efficientnet_b0,B,787,112105,image_level_seed11,5,1,glioma,5.7696906643869624e-05,0.999933083299302,9.219794054126896e-06,1,glioma,0.999933083299302,919d6f0fb3ca462983d6df6ec06846e41abd9645
efficientnet_b0,B,788,112105,image_level_seed11,1,1,glioma,0.0014903082491437,0.998379424357715,0.0001302673931412,1,glioma,0.998379424357715,919d6f0fb3ca462983d6df6ec06846e41abd9645
efficientnet_b0,B,789,112105,image_level_seed11,1,1,glioma,0.001872324127525,0.9979045004777434,0.0002231753947314,1,glioma,0.9979045004777434,919d6f0fb3ca462983d6df6ec06846e41abd9645
efficientnet_b0,B,790,112105,image_level_seed11,3,1,glioma,0.0005883249195299,0.9992374028046164,0.0001742722758537,1,glioma,0.9992374028046164,919d6f0fb3ca462983d6df6ec06846e41abd9645
efficientnet_b0,B,791,112105,image_level_seed11,2,1,glioma,0.0082402071618979,0.9906447235694638,0.0011150692686383,1,glioma,0.9906447235694638,919d6f0fb3ca462983d6df6ec06846e41abd9645
efficientnet_b0,B,792,88670,image_level_seed11,1,1,glioma,0.001347659700735,0.9985471628437368,0.0001051774555282,1,glioma,0.9985471628437368,919d6f0fb3ca462983d6df6ec06846e41abd9645
efficientnet_b0,B,793,88670,image_level_seed11,2,1,glioma,1.2707799878017112e-05,0.9999831702959956,4.121904126307313e-06,1,glioma,0.9999831702959956,919d6f0fb3ca462983d6df6ec06846e41abd9645
efficientnet_b0,B,794,88670,image_level_seed11,2,1,glioma,0.0001096825458986,0.999874210693876,1.6106760225480032e-05,1,glioma,0.999874210693876,919d6f0fb3ca462983d6df6ec06846e41abd9645
efficientnet_b0,B,795,88670,image_level_seed11,5,1,glioma,1.288776462253898e-05,0.9999858020642906,1.3101710867414009e-06,1,glioma,0.9999858020642906,919d6f0fb3ca462983d6df6ec06846e41abd9645
efficientnet_b0,B,796,88670,image_level_seed11,3,1,glioma,6.431653272393868e-05,0.99992726473032,8.418736956019526e-06,1,glioma,0.99992726473032,919d6f0fb3ca462983d6df6ec06846e41abd9645
efficientnet_b0,B,797,88670,image_level_seed11,3,1,glioma,0.0599651810224925,0.9328743290159732,0.0071604899615341,1,glioma,0.9328743290159732,919d6f0fb3ca462983d6df6ec06846e41abd9645
efficientnet_b0,B,798,88670,image_level_seed11,4,1,glioma,0.015702929486291,0.9838274633537842,0.0004696071599248,1,glioma,0.9838274633537842,919d6f0fb3ca462983d6df6ec06846e41abd9645
efficientnet_b0,B,799,90284,image_level_seed11,1,1,glioma,2.7277594891903215e-05,0.9999669197135712,5.802691536916795e-06,1,glioma,0.9999669197135712,919d6f0fb3ca462983d6df6ec06846e41abd9645
efficientnet_b0,B,800,90284,image_level_seed11,4,1,glioma,0.0013027417850111,0.9939322846569448,0.004764973558044,1,glioma,0.9939322846569448,919d6f0fb3ca462983d6df6ec06846e41abd9645
efficientnet_b0,B,801,90284,image_level_seed11,4,1,glioma,0.00180746869996,0.9943148442162644,0.0038776870837756,1,glioma,0.9943148442162644,919d6f0fb3ca462983d6df6ec06846e41abd9645
efficientnet_b0,B,802,90284,image_level_seed11,5,1,glioma,0.0129685100381357,0.9843565042667484,0.0026749856951158,1,glioma,0.9843565042667484,919d6f0fb3ca462983d6df6ec06846e41abd9645
efficientnet_b0,B,803,90284,image_level_seed11,2,1,glioma,0.0013807690028021,0.9947910855877132,0.0038281454094843,1,glioma,0.9947910855877132,919d6f0fb3ca462983d6df6ec06846e41abd9645
efficientnet_b0,B,804,90284,image_level_seed11,3,1,glioma,0.0146829253654921,0.8083447859320653,0.1769722887024426,1,glioma,0.8083447859320653,919d6f0fb3ca462983d6df6ec06846e41abd9645
efficientnet_b0,B,805,90284,image_level_seed11,4,1,glioma,0.0002028637557567,0.9996314553553868,0.0001656808888564,1,glioma,0.9996314553553868,919d6f0fb3ca462983d6df6ec06846e41abd9645
efficientnet_b0,B,806,90284,image_level_seed11,4,1,glioma,0.0006065817037245,0.9973181437192506,0.0020752745770247,1,glioma,0.9973181437192506,919d6f0fb3ca462983d6df6ec06846e41abd9645
efficientnet_b0,B,807,92897,image_level_seed11,2,1,glioma,0.1274505772521604,0.8704189022758549,0.0021305204719845,1,glioma,0.8704189022758549,919d6f0fb3ca462983d6df6ec06846e41abd9645
efficientnet_b0,B,808,92897,image_level_seed11,4,1,glioma,0.0484505981068737,0.950425337985639,0.0011240639074872,1,glioma,0.950425337985639,919d6f0fb3ca462983d6df6ec06846e41abd9645
efficientnet_b0,B,809,93825,image_level_seed11,1,1,glioma,0.00010994202095,0.9998441051759784,4.5952803071281366e-05,1,glioma,0.9998441051759784,919d6f0fb3ca462983d6df6ec06846e41abd9645
efficientnet_b0,B,810,93825,image_level_seed11,1,1,glioma,0.0001471154282428,0.9997829076666476,6.99769051095786e-05,1,glioma,0.9997829076666476,919d6f0fb3ca462983d6df6ec06846e41abd9645
efficientnet_b0,B,811,93825,image_level_seed11,1,1,glioma,6.839981146735785e-05,0.9999226084229104,8.991765622451792e-06,1,glioma,0.9999226084229104,919d6f0fb3ca462983d6df6ec06846e41abd9645
efficientnet_b0,B,812,97609,image_level_seed11,2,1,glioma,0.0001785449497046,0.9998025101966108,1.8944853684544174e-05,1,glioma,0.9998025101966108,919d6f0fb3ca462983d6df6ec06846e41abd9645
efficientnet_b0,B,813,97609,image_level_seed11,2,1,glioma,0.0002181394531171,0.9997475929474624,3.426759942054724e-05,1,glioma,0.9997475929474624,919d6f0fb3ca462983d6df6ec06846e41abd9645
efficientnet_b0,B,814,97609,image_level_seed11,1,1,glioma,0.0002182831858087,0.9997451446453084,3.657216888283539e-05,1,glioma,0.9997451446453084,919d6f0fb3ca462983d6df6ec06846e41abd9645
efficientnet_b0,B,815,97609,image_level_seed11,4,1,glioma,0.0019868662718145,0.9977803190054612,0.0002328147227244,1,glioma,0.9977803190054612,919d6f0fb3ca462983d6df6ec06846e41abd9645
efficientnet_b0,B,816,97609,image_level_seed11,3,1,glioma,2.0548574860848604e-05,0.999974646017242,4.805407897180778e-06,1,glioma,0.999974646017242,919d6f0fb3ca462983d6df6ec06846e41abd9645
efficientnet_b0,B,817,97609,image_level_seed11,2,1,glioma,0.0052653677708988,0.9945787251991136,0.0001559070299878,1,glioma,0.9945787251991136,919d6f0fb3ca462983d6df6ec06846e41abd9645
efficientnet_b0,B,818,100416,image_level_seed11,3,1,glioma,0.059503598988071,0.9393120870866736,0.0011843139252554,1,glioma,0.9393120870866736,919d6f0fb3ca462983d6df6ec06846e41abd9645
efficientnet_b0,B,819,100416,image_level_seed11,4,1,glioma,1.2314027371765578e-05,0.9999868017441242,8.842285038774146e-07,1,glioma,0.9999868017441242,919d6f0fb3ca462983d6df6ec06846e41abd9645
efficientnet_b0,B,820,100416,image_level_seed11,2,1,glioma,0.003455662385277,0.9963427445943568,0.000201593020366,1,glioma,0.9963427445943568,919d6f0fb3ca462983d6df6ec06846e41abd9645
efficientnet_b0,B,821,100416,image_level_seed11,1,1,glioma,0.0001639628956486,0.9998035410103896,3.249609396187888e-05,1,glioma,0.9998035410103896,919d6f0fb3ca462983d6df6ec06846e41abd9645
efficientnet_b0,B,822,100820,image_level_seed11,2,1,glioma,0.0096457836659385,0.990174053667962,0.0001801626660995,1,glioma,0.990174053667962,919d6f0fb3ca462983d6df6ec06846e41abd9645
efficientnet_b0,B,823,100820,image_level_seed11,1,1,glioma,0.0051302168852954,0.994822909735856,4.687337884878278e-05,1,glioma,0.994822909735856,919d6f0fb3ca462983d6df6ec06846e41abd9645
efficientnet_b0,B,824,100820,image_level_seed11,3,1,glioma,0.0028901810415557,0.9969272318647556,0.0001825870936884,1,glioma,0.9969272318647556,919d6f0fb3ca462983d6df6ec06846e41abd9645
efficientnet_b0,B,825,100820,image_level_seed11,5,1,glioma,0.0104922961724293,0.9886371278562834,0.0008705759712871,1,glioma,0.9886371278562834,919d6f0fb3ca462983d6df6ec06846e41abd9645
efficientnet_b0,B,826,100820,image_level_seed11,2,1,glioma,0.8720545309088443,0.1258441219951528,0.0021013470960027,0,meningioma,0.8720545309088443,919d6f0fb3ca462983d6df6ec06846e41abd9645
efficientnet_b0,B,827,100820,image_level_seed11,1,1,glioma,0.2969596949886361,0.7014188241462784,0.0016214808650854,1,glioma,0.7014188241462784,919d6f0fb3ca462983d6df6ec06846e41abd9645
efficientnet_b0,B,828,101020,image_level_seed11,2,1,glioma,0.806432022971058,0.1858049313235685,0.0077630457053735,0,meningioma,0.806432022971058,919d6f0fb3ca462983d6df6ec06846e41abd9645
efficientnet_b0,B,829,101020,image_level_seed11,2,1,glioma,0.0398728870536991,0.958920528392675,0.0012065845536258,1,glioma,0.958920528392675,919d6f0fb3ca462983d6df6ec06846e41abd9645
efficientnet_b0,B,830,101020,image_level_seed11,3,1,glioma,0.0497089457323098,0.9500950366651364,0.0001960176025536,1,glioma,0.9500950366651364,919d6f0fb3ca462983d6df6ec06846e41abd9645
efficientnet_b0,B,831,101020,image_level_seed11,2,1,glioma,0.4426813887675155,0.5544218733015989,0.0028967379308856,1,glioma,0.5544218733015989,919d6f0fb3ca462983d6df6ec06846e41abd9645
efficientnet_b0,B,832,101020,image_level_seed11,1,1,glioma,0.000737886981445,0.9992515105131428,1.0602505412253152e-05,1,glioma,0.9992515105131428,919d6f0fb3ca462983d6df6ec06846e41abd9645
efficientnet_b0,B,833,101020,image_level_seed11,3,1,glioma,0.0021843975417752,0.9977139574781972,0.0001016449800276,1,glioma,0.9977139574781972,919d6f0fb3ca462983d6df6ec06846e41abd9645
efficientnet_b0,B,834,101384,image_level_seed11,1,1,glioma,0.0080199043050198,0.9916930265895502,0.0002870691054299,1,glioma,0.9916930265895502,919d6f0fb3ca462983d6df6ec06846e41abd9645
efficientnet_b0,B,835,101384,image_level_seed11,2,1,glioma,0.0259475792739399,0.9735523095354583,0.0005001111906018,1,glioma,0.9735523095354583,919d6f0fb3ca462983d6df6ec06846e41abd9645
efficientnet_b0,B,836,101384,image_level_seed11,3,1,glioma,0.0002484297728121,0.9997140094902138,3.756073697393092e-05,1,glioma,0.9997140094902138,919d6f0fb3ca462983d6df6ec06846e41abd9645
efficientnet_b0,B,837,102075,image_level_seed11,3,1,glioma,0.6996651806466693,0.2945415570167363,0.0057932623365942,0,meningioma,0.6996651806466693,919d6f0fb3ca462983d6df6ec06846e41abd9645
efficientnet_b0,B,838,102075,image_level_seed11,4,1,glioma,0.1467986077226745,0.8495599673591628,0.0036414249181626,1,glioma,0.8495599673591628,919d6f0fb3ca462983d6df6ec06846e41abd9645
efficientnet_b0,B,839,102075,image_level_seed11,1,1,glioma,0.3908859344424958,0.6077470380324554,0.0013670275250487,1,glioma,0.6077470380324554,919d6f0fb3ca462983d6df6ec06846e41abd9645
efficientnet_b0,B,840,103148,image_level_seed11,5,1,glioma,0.0919527351975431,0.907687884784242,0.0003593800182147,1,glioma,0.907687884784242,919d6f0fb3ca462983d6df6ec06846e41abd9645
efficientnet_b0,B,841,103148,image_level_seed11,4,1,glioma,0.0054472911395144,0.9938996661542708,0.0006530427062147,1,glioma,0.9938996661542708,919d6f0fb3ca462983d6df6ec06846e41abd9645
efficientnet_b0,B,842,103148,image_level_seed11,2,1,glioma,0.9501066711466808,0.0487045768960794,0.0011887519572395,0,meningioma,0.9501066711466808,919d6f0fb3ca462983d6df6ec06846e41abd9645
efficientnet_b0,B,843,103148,image_level_seed11,2,1,glioma,0.5438095525638595,0.358863411340995,0.0973270360951455,0,meningioma,0.5438095525638595,919d6f0fb3ca462983d6df6ec06846e41abd9645
efficientnet_b0,B,844,105653,image_level_seed11,2,1,glioma,0.0838078702810528,0.9107537335284348,0.0054383961905123,1,glioma,0.9107537335284348,919d6f0fb3ca462983d6df6ec06846e41abd9645
efficientnet_b0,B,845,105653,image_level_seed11,3,1,glioma,0.4992316609546139,0.0508392746687963,0.4499290643765896,0,meningioma,0.4992316609546139,919d6f0fb3ca462983d6df6ec06846e41abd9645
efficientnet_b0,B,846,106494,image_level_seed11,3,1,glioma,0.8638951119382549,0.1286773475482789,0.0074275405134662,0,meningioma,0.8638951119382549,919d6f0fb3ca462983d6df6ec06846e41abd9645
efficientnet_b0,B,847,106494,image_level_seed11,2,1,glioma,0.0339220638001047,0.954673341411433,0.0114045947884623,1,glioma,0.954673341411433,919d6f0fb3ca462983d6df6ec06846e41abd9645
efficientnet_b0,B,848,106494,image_level_seed11,1,1,glioma,0.0012500918574511,0.9986520569752808,9.785116726814153e-05,1,glioma,0.9986520569752808,919d6f0fb3ca462983d6df6ec06846e41abd9645
efficientnet_b0,B,849,106494,image_level_seed11,1,1,glioma,0.000117472778826,0.9998780248261596,4.5023950145712375e-06,1,glioma,0.9998780248261596,919d6f0fb3ca462983d6df6ec06846e41abd9645
efficientnet_b0,B,850,106494,image_level_seed11,3,1,glioma,0.1509910158420997,0.8479233993576293,0.0010855848002708,1,glioma,0.8479233993576293,919d6f0fb3ca462983d6df6ec06846e41abd9645
efficientnet_b0,B,851,106494,image_level_seed11,1,1,glioma,0.000537417011472,0.9994115443031484,5.103868537941019e-05,1,glioma,0.9994115443031484,919d6f0fb3ca462983d6df6ec06846e41abd9645
efficientnet_b0,B,852,106494,image_level_seed11,5,1,glioma,0.0015704170682726,0.9983264494117048,0.0001031335200226,1,glioma,0.9983264494117048,919d6f0fb3ca462983d6df6ec06846e41abd9645
efficientnet_b0,B,853,107747,image_level_seed11,3,1,glioma,0.9681295598260236,0.0313661698729685,0.0005042703010077,0,meningioma,0.9681295598260236,919d6f0fb3ca462983d6df6ec06846e41abd9645
efficientnet_b0,B,854,107747,image_level_seed11,2,1,glioma,0.0001096668137667,0.9998762021694452,1.4131016787964267e-05,1,glioma,0.9998762021694452,919d6f0fb3ca462983d6df6ec06846e41abd9645
efficientnet_b0,B,855,107747,image_level_seed11,5,1,glioma,0.0010315425694955,0.9987431002268692,0.0002253572036353,1,glioma,0.9987431002268692,919d6f0fb3ca462983d6df6ec06846e41abd9645
efficientnet_b0,B,856,107747,image_level_seed11,4,1,glioma,0.069374070000132,0.9302434312216108,0.0003824987782571,1,glioma,0.9302434312216108,919d6f0fb3ca462983d6df6ec06846e41abd9645
efficientnet_b0,B,857,108479,image_level_seed11,5,1,glioma,0.1219067934617374,0.6522850366846027,0.2258081698536597,1,glioma,0.6522850366846027,919d6f0fb3ca462983d6df6ec06846e41abd9645
efficientnet_b0,B,858,108479,image_level_seed11,1,1,glioma,0.3632631926261727,0.5879494128904852,0.0487873944833419,1,glioma,0.5879494128904852,919d6f0fb3ca462983d6df6ec06846e41abd9645
efficientnet_b0,B,859,112105,image_level_seed11,4,1,glioma,0.0012627474313918,0.9986499004324896,8.735213611838145e-05,1,glioma,0.9986499004324896,919d6f0fb3ca462983d6df6ec06846e41abd9645
efficientnet_b0,B,860,112105,image_level_seed11,5,1,glioma,0.0001101892366929,0.9998883803972116,1.4303660956597548e-06,1,glioma,0.9998883803972116,919d6f0fb3ca462983d6df6ec06846e41abd9645
efficientnet_b0,B,861,112105,image_level_seed11,2,1,glioma,0.0217995942118535,0.9775721595743756,0.0006282462137707,1,glioma,0.9775721595743756,919d6f0fb3ca462983d6df6ec06846e41abd9645
efficientnet_b0,B,862,112105,image_level_seed11,5,1,glioma,0.0082276677884808,0.9915829025871384,0.0001894296243808,1,glioma,0.9915829025871384,919d6f0fb3ca462983d6df6ec06846e41abd9645
efficientnet_b0,B,863,112105,image_level_seed11,2,1,glioma,0.0461483741593233,0.951567638855191,0.0022839869854856,1,glioma,0.951567638855191,919d6f0fb3ca462983d6df6ec06846e41abd9645
efficientnet_b0,B,864,112105,image_level_seed11,4,1,glioma,0.0019055877604223,0.9978686099384404,0.0002258023011373,1,glioma,0.9978686099384404,919d6f0fb3ca462983d6df6ec06846e41abd9645
efficientnet_b0,B,865,88670,image_level_seed11,5,1,glioma,0.0202689221958228,0.979399955723682,0.000331122080495,1,glioma,0.979399955723682,919d6f0fb3ca462983d6df6ec06846e41abd9645
efficientnet_b0,B,866,88670,image_level_seed11,1,1,glioma,2.6653233905420397e-05,0.9999691030564056,4.243709688765592e-06,1,glioma,0.9999691030564056,919d6f0fb3ca462983d6df6ec06846e41abd9645
efficientnet_b0,B,867,88670,image_level_seed11,4,1,glioma,0.0052810006723616,0.9946766235384236,4.2375789214486515e-05,1,glioma,0.9946766235384236,919d6f0fb3ca462983d6df6ec06846e41abd9645
efficientnet_b0,B,868,88670,image_level_seed11,4,1,glioma,1.833261537221177e-05,0.9999802680802036,1.3993044242430947e-06,1,glioma,0.9999802680802036,919d6f0fb3ca462983d6df6ec06846e41abd9645
efficientnet_b0,B,869,88670,image_level_seed11,5,1,glioma,0.002211919126942,0.9974836270098942,0.0003044538631635,1,glioma,0.9974836270098942,919d6f0fb3ca462983d6df6ec06846e41abd9645
efficientnet_b0,B,870,90284,image_level_seed11,2,1,glioma,0.0080063237274034,0.990047842248616,0.0019458340239806,1,glioma,0.990047842248616,919d6f0fb3ca462983d6df6ec06846e41abd9645
efficientnet_b0,B,871,90284,image_level_seed11,3,1,glioma,0.0280567704175309,0.9491292174641948,0.022814012118274,1,glioma,0.9491292174641948,919d6f0fb3ca462983d6df6ec06846e41abd9645
efficientnet_b0,B,872,90284,image_level_seed11,4,1,glioma,0.0005290248651947,0.9993847864897684,8.618864503701823e-05,1,glioma,0.9993847864897684,919d6f0fb3ca462983d6df6ec06846e41abd9645
efficientnet_b0,B,873,90284,image_level_seed11,5,1,glioma,0.0070649564471552,0.9920927243423284,0.0008423192105165,1,glioma,0.9920927243423284,919d6f0fb3ca462983d6df6ec06846e41abd9645
efficientnet_b0,B,874,90284,image_level_seed11,4,1,glioma,0.0086345303776976,0.990638375659616,0.0007270939626862,1,glioma,0.990638375659616,919d6f0fb3ca462983d6df6ec06846e41abd9645
efficientnet_b0,B,875,90284,image_level_seed11,2,1,glioma,0.0011464508058635,0.9945042938508596,0.0043492553432767,1,glioma,0.9945042938508596,919d6f0fb3ca462983d6df6ec06846e41abd9645
efficientnet_b0,B,876,90284,image_level_seed11,2,1,glioma,4.9749818668001914e-05,0.9996040967281524,0.0003461534531795,1,glioma,0.9996040967281524,919d6f0fb3ca462983d6df6ec06846e41abd9645
efficientnet_b0,B,877,90284,image_level_seed11,4,1,glioma,0.000106978462533,0.9998231429177052,6.987861976161182e-05,1,glioma,0.9998231429177052,919d6f0fb3ca462983d6df6ec06846e41abd9645
efficientnet_b0,B,878,90284,image_level_seed11,2,1,glioma,0.0003270882749226,0.999193046463802,0.0004798652612752,1,glioma,0.999193046463802,919d6f0fb3ca462983d6df6ec06846e41abd9645
efficientnet_b0,B,879,90284,image_level_seed11,2,1,glioma,0.0004234840237333,0.9993723867055232,0.0002041292707436,1,glioma,0.9993723867055232,919d6f0fb3ca462983d6df6ec06846e41abd9645
efficientnet_b0,B,880,90284,image_level_seed11,1,1,glioma,0.000405207868832,0.9995398499929452,5.4942138222745936e-05,1,glioma,0.9995398499929452,919d6f0fb3ca462983d6df6ec06846e41abd9645
efficientnet_b0,B,881,92897,image_level_seed11,4,1,glioma,0.0374707196374243,0.9619825038128832,0.0005467765496923,1,glioma,0.9619825038128832,919d6f0fb3ca462983d6df6ec06846e41abd9645
efficientnet_b0,B,882,92897,image_level_seed11,5,1,glioma,0.0406436463877378,0.9518942483337354,0.0074621052785267,1,glioma,0.9518942483337354,919d6f0fb3ca462983d6df6ec06846e41abd9645
efficientnet_b0,B,883,93329,image_level_seed11,2,1,glioma,0.0339748797657767,0.9642525827264214,0.0017725375078018,1,glioma,0.9642525827264214,919d6f0fb3ca462983d6df6ec06846e41abd9645
efficientnet_b0,B,884,93329,image_level_seed11,3,1,glioma,0.0001350616033421,0.9998233335295756,4.160486708229995e-05,1,glioma,0.9998233335295756,919d6f0fb3ca462983d6df6ec06846e41abd9645
efficientnet_b0,B,885,93329,image_level_seed11,5,1,glioma,0.0004819571228689,0.9994168518572312,0.0001011910198997,1,glioma,0.9994168518572312,919d6f0fb3ca462983d6df6ec06846e41abd9645
efficientnet_b0,B,886,93329,image_level_seed11,2,1,glioma,0.0019218080807572,0.9931841761171472,0.0048940158020955,1,glioma,0.9931841761171472,919d6f0fb3ca462983d6df6ec06846e41abd9645
efficientnet_b0,B,887,93329,image_level_seed11,3,1,glioma,0.0007752306122563,0.999119362013316,0.0001054073744277,1,glioma,0.999119362013316,919d6f0fb3ca462983d6df6ec06846e41abd9645
efficientnet_b0,B,888,93825,image_level_seed11,5,1,glioma,0.000504760010851,0.9994358001734576,5.943981569147632e-05,1,glioma,0.9994358001734576,919d6f0fb3ca462983d6df6ec06846e41abd9645
efficientnet_b0,B,889,93825,image_level_seed11,3,1,glioma,0.0002310027202926,0.9997565017849774,1.2495494729781078e-05,1,glioma,0.9997565017849774,919d6f0fb3ca462983d6df6ec06846e41abd9645
efficientnet_b0,B,890,93825,image_level_seed11,1,1,glioma,1.900727589280809e-05,0.9999801779139396,8.148101677230474e-07,1,glioma,0.9999801779139396,919d6f0fb3ca462983d6df6ec06846e41abd9645
efficientnet_b0,B,891,93825,image_level_seed11,2,1,glioma,0.0004031626678553,0.9995616632176212,3.517411452350343e-05,1,glioma,0.9995616632176212,919d6f0fb3ca462983d6df6ec06846e41abd9645
efficientnet_b0,B,892,94731,image_level_seed11,1,1,glioma,0.0014457495982849,0.9984374456691468,0.0001168047325681,1,glioma,0.9984374456691468,919d6f0fb3ca462983d6df6ec06846e41abd9645
efficientnet_b0,B,893,94731,image_level_seed11,5,1,glioma,0.0123399778745011,0.983046801848952,0.004613220276547,1,glioma,0.983046801848952,919d6f0fb3ca462983d6df6ec06846e41abd9645
efficientnet_b0,B,894,94731,image_level_seed11,4,1,glioma,0.0396222504142225,0.9520595160381362,0.0083182335476411,1,glioma,0.9520595160381362,919d6f0fb3ca462983d6df6ec06846e41abd9645
efficientnet_b0,B,895,95142,image_level_seed11,5,1,glioma,0.0001630407117885,0.9995302133224852,0.0003067459657261,1,glioma,0.9995302133224852,919d6f0fb3ca462983d6df6ec06846e41abd9645
efficientnet_b0,B,896,95142,image_level_seed11,3,1,glioma,0.0763597693071235,0.1226355928000403,0.8010046378928363,2,pituitary,0.8010046378928363,919d6f0fb3ca462983d6df6ec06846e41abd9645
efficientnet_b0,B,897,95142,image_level_seed11,1,1,glioma,0.0121655188350716,0.986235613170214,0.0015988679947144,1,glioma,0.986235613170214,919d6f0fb3ca462983d6df6ec06846e41abd9645
efficientnet_b0,B,898,95142,image_level_seed11,1,1,glioma,0.0003305728310938,0.9995339288000624,0.0001354983688438,1,glioma,0.9995339288000624,919d6f0fb3ca462983d6df6ec06846e41abd9645
efficientnet_b0,B,899,95142,image_level_seed11,3,1,glioma,0.0016317154309402,0.9975504707989606,0.000817813770099,1,glioma,0.9975504707989606,919d6f0fb3ca462983d6df6ec06846e41abd9645
efficientnet_b0,B,900,95142,image_level_seed11,5,1,glioma,0.0004110440907814,0.9994756943873462,0.0001132615218724,1,glioma,0.9994756943873462,919d6f0fb3ca462983d6df6ec06846e41abd9645
efficientnet_b0,B,901,95142,image_level_seed11,3,1,glioma,0.0027983305283926,0.9964574732206412,0.0007441962509661,1,glioma,0.9964574732206412,919d6f0fb3ca462983d6df6ec06846e41abd9645
efficientnet_b0,B,902,95142,image_level_seed11,2,1,glioma,0.00081110606991,0.9989762377158736,0.0002126562142164,1,glioma,0.9989762377158736,919d6f0fb3ca462983d6df6ec06846e41abd9645
efficientnet_b0,B,903,95142,image_level_seed11,4,1,glioma,0.0012773784219392,0.9985447797761138,0.0001778418019468,1,glioma,0.9985447797761138,919d6f0fb3ca462983d6df6ec06846e41abd9645
efficientnet_b0,B,904,96587,image_level_seed11,4,1,glioma,0.0019119784380441,0.9979562125635788,0.0001318089983772,1,glioma,0.9979562125635788,919d6f0fb3ca462983d6df6ec06846e41abd9645
efficientnet_b0,B,905,96587,image_level_seed11,1,1,glioma,3.945091707324983e-06,0.9999948609305738,1.193977718864992e-06,1,glioma,0.9999948609305738,919d6f0fb3ca462983d6df6ec06846e41abd9645
efficientnet_b0,B,906,96587,image_level_seed11,3,1,glioma,5.248912759611743e-07,0.999999258697894,2.1641083035449338e-07,1,glioma,0.999999258697894,919d6f0fb3ca462983d6df6ec06846e41abd9645
efficientnet_b0,B,907,96587,image_level_seed11,4,1,glioma,0.0053818669988862,0.994495341940114,0.0001227910609998,1,glioma,0.994495341940114,919d6f0fb3ca462983d6df6ec06846e41abd9645
efficientnet_b0,B,908,97609,image_level_seed11,2,1,glioma,2.2614641933928103e-05,0.9999733131141478,4.072243918268957e-06,1,glioma,0.9999733131141478,919d6f0fb3ca462983d6df6ec06846e41abd9645
efficientnet_b0,B,909,97609,image_level_seed11,1,1,glioma,1.3205380672297371e-05,0.9999837723619416,3.022257385994312e-06,1,glioma,0.9999837723619416,919d6f0fb3ca462983d6df6ec06846e41abd9645
efficientnet_b0,B,910,97609,image_level_seed11,5,1,glioma,0.0018618970730166,0.9981078121235004,3.0290803483028947e-05,1,glioma,0.9981078121235004,919d6f0fb3ca462983d6df6ec06846e41abd9645
efficientnet_b0,B,911,97609,image_level_seed11,1,1,glioma,0.000120906233262,0.9998702405267832,8.85323995460532e-06,1,glioma,0.9998702405267832,919d6f0fb3ca462983d6df6ec06846e41abd9645
efficientnet_b0,B,912,98889,image_level_seed11,4,1,glioma,5.543503378107208e-05,0.9999176544182028,2.6910548016121884e-05,1,glioma,0.9999176544182028,919d6f0fb3ca462983d6df6ec06846e41abd9645
efficientnet_b0,B,913,98889,image_level_seed11,2,1,glioma,4.9533481099729406e-05,0.9999316690557823,1.8797463117954125e-05,1,glioma,0.9999316690557823,919d6f0fb3ca462983d6df6ec06846e41abd9645
efficientnet_b0,B,914,98889,image_level_seed11,4,1,glioma,0.0014402466882919,0.9974780804981592,0.001081672813549,1,glioma,0.9974780804981592,919d6f0fb3ca462983d6df6ec06846e41abd9645
efficientnet_b0,B,915,98889,image_level_seed11,1,1,glioma,0.0002734540095977,0.9996770640802032,4.948191019901545e-05,1,glioma,0.9996770640802032,919d6f0fb3ca462983d6df6ec06846e41abd9645
efficientnet_b0,B,916,98889,image_level_seed11,1,1,glioma,1.0912025304610847e-05,0.9999782792416128,1.080873308236668e-05,1,glioma,0.9999782792416128,919d6f0fb3ca462983d6df6ec06846e41abd9645
efficientnet_b0,B,917,98889,image_level_seed11,3,1,glioma,0.0079037859887003,0.9917145967489832,0.0003816172623165,1,glioma,0.9917145967489832,919d6f0fb3ca462983d6df6ec06846e41abd9645
efficientnet_b0,B,918,105936,image_level_seed11,5,2,pituitary,2.50027418462404e-05,2.302965699173337e-05,0.999951967601162,2,pituitary,0.999951967601162,919d6f0fb3ca462983d6df6ec06846e41abd9645
efficientnet_b0,B,919,105936,image_level_seed11,4,2,pituitary,4.778883122226923e-05,2.998698648861811e-05,0.999922224182289,2,pituitary,0.999922224182289,919d6f0fb3ca462983d6df6ec06846e41abd9645
efficientnet_b0,B,920,105936,image_level_seed11,2,2,pituitary,5.513528985501559e-05,2.8079208749420344e-05,0.9999167855013956,2,pituitary,0.9999167855013956,919d6f0fb3ca462983d6df6ec06846e41abd9645
efficientnet_b0,B,921,105936,image_level_seed11,4,2,pituitary,9.501884133640277e-06,6.764333692033442e-06,0.9999837337821742,2,pituitary,0.9999837337821742,919d6f0fb3ca462983d6df6ec06846e41abd9645
efficientnet_b0,B,922,106062,image_level_seed11,3,2,pituitary,0.0016472449376197,0.0002524636014366,0.9981002914609438,2,pituitary,0.9981002914609438,919d6f0fb3ca462983d6df6ec06846e41abd9645
efficientnet_b0,B,923,106062,image_level_seed11,3,2,pituitary,0.0004766053975212,0.0002046387271254,0.9993187558753536,2,pituitary,0.9993187558753536,919d6f0fb3ca462983d6df6ec06846e41abd9645
efficientnet_b0,B,924,106062,image_level_seed11,1,2,pituitary,0.0006099548400466,0.0009069438452527,0.9984831013147004,2,pituitary,0.9984831013147004,919d6f0fb3ca462983d6df6ec06846e41abd9645
efficientnet_b0,B,925,106062,image_level_seed11,5,2,pituitary,0.000183884170998,8.226426775478691e-05,0.9997338515612472,2,pituitary,0.9997338515612472,919d6f0fb3ca462983d6df6ec06846e41abd9645
efficientnet_b0,B,926,107495,image_level_seed11,5,2,pituitary,0.0028128332654579,0.000517771962789,0.996669394771753,2,pituitary,0.996669394771753,919d6f0fb3ca462983d6df6ec06846e41abd9645
efficientnet_b0,B,927,107495,image_level_seed11,5,2,pituitary,0.0008407233685518,0.000226898670936,0.9989323779605122,2,pituitary,0.9989323779605122,919d6f0fb3ca462983d6df6ec06846e41abd9645
efficientnet_b0,B,928,107495,image_level_seed11,4,2,pituitary,0.0026410986829412,0.0011668143077304,0.9961920870093284,2,pituitary,0.9961920870093284,919d6f0fb3ca462983d6df6ec06846e41abd9645
efficientnet_b0,B,929,107495,image_level_seed11,4,2,pituitary,0.0028308158574502,0.0006545758955181,0.9965146082470316,2,pituitary,0.9965146082470316,919d6f0fb3ca462983d6df6ec06846e41abd9645
efficientnet_b0,B,930,107495,image_level_seed11,2,2,pituitary,0.00033860730547,0.0002174926327695,0.9994439000617604,2,pituitary,0.9994439000617604,919d6f0fb3ca462983d6df6ec06846e41abd9645
efficientnet_b0,B,931,107495,image_level_seed11,2,2,pituitary,0.0011323087261069,0.0003063378886006,0.9985613533852924,2,pituitary,0.9985613533852924,919d6f0fb3ca462983d6df6ec06846e41abd9645
efficientnet_b0,B,932,107495,image_level_seed11,1,2,pituitary,0.0010399744195175,0.0006226058871018,0.9983374196933804,2,pituitary,0.9983374196933804,919d6f0fb3ca462983d6df6ec06846e41abd9645
efficientnet_b0,B,933,107429,image_level_seed11,4,2,pituitary,0.000611024016639,0.0017770997246645,0.9976118762586964,2,pituitary,0.9976118762586964,919d6f0fb3ca462983d6df6ec06846e41abd9645
efficientnet_b0,B,934,107429,image_level_seed11,5,2,pituitary,7.358211754316372e-05,6.136025572996841e-06,0.999920281856884,2,pituitary,0.999920281856884,919d6f0fb3ca462983d6df6ec06846e41abd9645
efficientnet_b0,B,935,107429,image_level_seed11,4,2,pituitary,0.0014016773252235,9.937655237312252e-05,0.9984989461224034,2,pituitary,0.9984989461224034,919d6f0fb3ca462983d6df6ec06846e41abd9645
efficientnet_b0,B,936,107429,image_level_seed11,5,2,pituitary,1.713285888988366e-05,4.590164155081856e-06,0.9999782769769552,2,pituitary,0.9999782769769552,919d6f0fb3ca462983d6df6ec06846e41abd9645
efficientnet_b0,B,937,107429,image_level_seed11,2,2,pituitary,0.0003947588535094,0.0003040663206233,0.9993011748258672,2,pituitary,0.9993011748258672,919d6f0fb3ca462983d6df6ec06846e41abd9645
efficientnet_b0,B,938,107429,image_level_seed11,1,2,pituitary,0.0011300436012386,0.003444692302762,0.9954252640959994,2,pituitary,0.9954252640959994,919d6f0fb3ca462983d6df6ec06846e41abd9645
efficientnet_b0,B,939,107505,image_level_seed11,2,2,pituitary,0.0004078873291185,0.0005905102850464,0.9990016023858352,2,pituitary,0.9990016023858352,919d6f0fb3ca462983d6df6ec06846e41abd9645
efficientnet_b0,B,940,107505,image_level_seed11,5,2,pituitary,0.0006051498926426,0.0014195500521667,0.9979753000551904,2,pituitary,0.9979753000551904,919d6f0fb3ca462983d6df6ec06846e41abd9645
efficientnet_b0,B,941,107505,image_level_seed11,1,2,pituitary,0.0002690194991037,0.0007258480349967,0.9990051324658994,2,pituitary,0.9990051324658994,919d6f0fb3ca462983d6df6ec06846e41abd9645
efficientnet_b0,B,942,107505,image_level_seed11,5,2,pituitary,0.0007522211459921,0.0012674006491651,0.9979803782048426,2,pituitary,0.9979803782048426,919d6f0fb3ca462983d6df6ec06846e41abd9645
efficientnet_b0,B,943,107505,image_level_seed11,3,2,pituitary,0.0002002230288876,0.0006736335989943,0.999126143372118,2,pituitary,0.999126143372118,919d6f0fb3ca462983d6df6ec06846e41abd9645
efficientnet_b0,B,944,107505,image_level_seed11,3,2,pituitary,0.0002835327479385,0.0003972374575008,0.9993192297945606,2,pituitary,0.9993192297945606,919d6f0fb3ca462983d6df6ec06846e41abd9645
efficientnet_b0,B,945,107505,image_level_seed11,3,2,pituitary,0.0001186509766873,0.0003261989661292,0.9995551500571832,2,pituitary,0.9995551500571832,919d6f0fb3ca462983d6df6ec06846e41abd9645
efficientnet_b0,B,946,107743,image_level_seed11,1,2,pituitary,0.0012225543988725,0.0003149968341588,0.9984624487669684,2,pituitary,0.9984624487669684,919d6f0fb3ca462983d6df6ec06846e41abd9645
efficientnet_b0,B,947,107743,image_level_seed11,4,2,pituitary,0.0007562870925166,5.871160612822328e-05,0.9991850013013552,2,pituitary,0.9991850013013552,919d6f0fb3ca462983d6df6ec06846e41abd9645
efficientnet_b0,B,948,107743,image_level_seed11,1,2,pituitary,0.0022907528807875,0.0003347562117462,0.9973744909074662,2,pituitary,0.9973744909074662,919d6f0fb3ca462983d6df6ec06846e41abd9645
efficientnet_b0,B,949,107743,image_level_seed11,2,2,pituitary,0.0011142462595763,0.0006926295780963,0.9981931241623272,2,pituitary,0.9981931241623272,919d6f0fb3ca462983d6df6ec06846e41abd9645
efficientnet_b0,B,950,108858,image_level_seed11,1,2,pituitary,0.0016319498354359,0.0004217463858063,0.9979463037787576,2,pituitary,0.9979463037787576,919d6f0fb3ca462983d6df6ec06846e41abd9645
efficientnet_b0,B,951,108858,image_level_seed11,5,2,pituitary,0.000611838814896,0.0006243438838663,0.9987638173012376,2,pituitary,0.9987638173012376,919d6f0fb3ca462983d6df6ec06846e41abd9645
efficientnet_b0,B,952,108858,image_level_seed11,1,2,pituitary,0.0003726682177828,0.000596182137353,0.999031149644864,2,pituitary,0.999031149644864,919d6f0fb3ca462983d6df6ec06846e41abd9645
efficientnet_b0,B,953,108858,image_level_seed11,5,2,pituitary,0.000200115515733,0.0002100305967424,0.9995898538875244,2,pituitary,0.9995898538875244,919d6f0fb3ca462983d6df6ec06846e41abd9645
efficientnet_b0,B,954,108858,image_level_seed11,2,2,pituitary,0.0007829589453503,0.0007469935039572,0.9984700475506924,2,pituitary,0.9984700475506924,919d6f0fb3ca462983d6df6ec06846e41abd9645
efficientnet_b0,B,955,108931,image_level_seed11,5,2,pituitary,0.001915568517927,0.0009031770943022,0.9971812543877706,2,pituitary,0.9971812543877706,919d6f0fb3ca462983d6df6ec06846e41abd9645
efficientnet_b0,B,956,108931,image_level_seed11,2,2,pituitary,0.0002451762358187,7.422366005500067e-05,0.9996806001041262,2,pituitary,0.9996806001041262,919d6f0fb3ca462983d6df6ec06846e41abd9645
efficientnet_b0,B,957,108931,image_level_seed11,4,2,pituitary,8.876171252027351e-05,4.320667255356849e-05,0.9998680316149262,2,pituitary,0.9998680316149262,919d6f0fb3ca462983d6df6ec06846e41abd9645
efficientnet_b0,B,958,109471,image_level_seed11,1,2,pituitary,0.0002625319818639,0.0004476592625843,0.9992898087555516,2,pituitary,0.9992898087555516,919d6f0fb3ca462983d6df6ec06846e41abd9645
efficientnet_b0,B,959,109471,image_level_seed11,2,2,pituitary,0.0003903938607094,0.0001621972621186,0.999447408877172,2,pituitary,0.999447408877172,919d6f0fb3ca462983d6df6ec06846e41abd9645
efficientnet_b0,B,960,109471,image_level_seed11,2,2,pituitary,5.037665178479059e-05,3.18805276096469e-05,0.9999177428206056,2,pituitary,0.9999177428206056,919d6f0fb3ca462983d6df6ec06846e41abd9645
efficientnet_b0,B,961,109471,image_level_seed11,1,2,pituitary,0.0012545865006627,0.0006000497014924,0.9981453637978448,2,pituitary,0.9981453637978448,919d6f0fb3ca462983d6df6ec06846e41abd9645
efficientnet_b0,B,962,109769,image_level_seed11,5,2,pituitary,0.0013519916504864,0.0003656302144583,0.9982823781350552,2,pituitary,0.9982823781350552,919d6f0fb3ca462983d6df6ec06846e41abd9645
efficientnet_b0,B,963,109769,image_level_seed11,3,2,pituitary,0.0009922132217421,0.0001135648038901,0.9988942219743676,2,pituitary,0.9988942219743676,919d6f0fb3ca462983d6df6ec06846e41abd9645
efficientnet_b0,B,964,109769,image_level_seed11,5,2,pituitary,0.0007086364010083,0.0004368415406012,0.9988545220583904,2,pituitary,0.9988545220583904,919d6f0fb3ca462983d6df6ec06846e41abd9645
efficientnet_b0,B,965,109769,image_level_seed11,1,2,pituitary,6.778959250654601e-05,9.990041596443068e-05,0.9998323099915292,2,pituitary,0.9998323099915292,919d6f0fb3ca462983d6df6ec06846e41abd9645
efficientnet_b0,B,966,109898,image_level_seed11,5,2,pituitary,0.0009230168390286,7.666509922838965e-05,0.9990003180617428,2,pituitary,0.9990003180617428,919d6f0fb3ca462983d6df6ec06846e41abd9645
efficientnet_b0,B,967,109898,image_level_seed11,3,2,pituitary,0.0036592822309879,0.00010257170213,0.996238146066882,2,pituitary,0.996238146066882,919d6f0fb3ca462983d6df6ec06846e41abd9645
efficientnet_b0,B,968,109898,image_level_seed11,4,2,pituitary,0.0089240456701222,0.0002163204396733,0.9908596338902044,2,pituitary,0.9908596338902044,919d6f0fb3ca462983d6df6ec06846e41abd9645
efficientnet_b0,B,969,109898,image_level_seed11,5,2,pituitary,0.0003905086090047,0.0001593067595588,0.9994501846314364,2,pituitary,0.9994501846314364,919d6f0fb3ca462983d6df6ec06846e41abd9645
efficientnet_b0,B,970,109898,image_level_seed11,2,2,pituitary,0.0033983635531028,0.0009445449251989,0.995657091521698,2,pituitary,0.995657091521698,919d6f0fb3ca462983d6df6ec06846e41abd9645
efficientnet_b0,B,971,109898,image_level_seed11,4,2,pituitary,0.0004815853135422,0.0001935285624901,0.9993248861239676,2,pituitary,0.9993248861239676,919d6f0fb3ca462983d6df6ec06846e41abd9645
efficientnet_b0,B,972,110518,image_level_seed11,3,2,pituitary,0.3529107103749933,0.0074352949657845,0.6396539946592222,2,pituitary,0.6396539946592222,919d6f0fb3ca462983d6df6ec06846e41abd9645
efficientnet_b0,B,973,110518,image_level_seed11,4,2,pituitary,0.320716231944699,0.0283040848564197,0.6509796831988813,2,pituitary,0.6509796831988813,919d6f0fb3ca462983d6df6ec06846e41abd9645
efficientnet_b0,B,974,110537,image_level_seed11,1,2,pituitary,0.0003861208142491,0.0002031053910562,0.9994107737946948,2,pituitary,0.9994107737946948,919d6f0fb3ca462983d6df6ec06846e41abd9645
efficientnet_b0,B,975,110537,image_level_seed11,4,2,pituitary,0.0001422022385173,3.4594258294254753e-05,0.9998232035031884,2,pituitary,0.9998232035031884,919d6f0fb3ca462983d6df6ec06846e41abd9645
efficientnet_b0,B,976,110993,image_level_seed11,5,2,pituitary,0.0029178239467729,0.000113715311187,0.99696846074204,2,pituitary,0.99696846074204,919d6f0fb3ca462983d6df6ec06846e41abd9645
efficientnet_b0,B,977,110993,image_level_seed11,3,2,pituitary,4.449863693091594e-05,1.8962541751448432e-05,0.9999365388213176,2,pituitary,0.9999365388213176,919d6f0fb3ca462983d6df6ec06846e41abd9645
efficientnet_b0,B,978,110993,image_level_seed11,1,2,pituitary,0.00336312475102,0.0020020823400678,0.994634792908912,2,pituitary,0.994634792908912,919d6f0fb3ca462983d6df6ec06846e41abd9645
efficientnet_b0,B,979,110993,image_level_seed11,5,2,pituitary,4.3703551249423744e-05,2.379237588608587e-05,0.9999325040728644,2,pituitary,0.9999325040728644,919d6f0fb3ca462983d6df6ec06846e41abd9645
efficientnet_b0,B,980,111075,image_level_seed11,2,2,pituitary,0.0004043293629687,0.0003625438501617,0.9992331267868696,2,pituitary,0.9992331267868696,919d6f0fb3ca462983d6df6ec06846e41abd9645
efficientnet_b0,B,981,111075,image_level_seed11,3,2,pituitary,0.0003569549076913,9.60108727738982e-05,0.9995470342195348,2,pituitary,0.9995470342195348,919d6f0fb3ca462983d6df6ec06846e41abd9645
efficientnet_b0,B,982,111075,image_level_seed11,1,2,pituitary,0.00044979305828,4.716283997923989e-05,0.9995030441017408,2,pituitary,0.9995030441017408,919d6f0fb3ca462983d6df6ec06846e41abd9645
efficientnet_b0,B,983,111075,image_level_seed11,5,2,pituitary,6.665528674482015e-05,1.0926025040614197e-05,0.9999224186882146,2,pituitary,0.9999224186882146,919d6f0fb3ca462983d6df6ec06846e41abd9645
efficientnet_b0,B,984,111075,image_level_seed11,5,2,pituitary,0.000134014401538,4.129751233228383e-05,0.9998246880861296,2,pituitary,0.9998246880861296,919d6f0fb3ca462983d6df6ec06846e41abd9645
efficientnet_b0,B,985,111075,image_level_seed11,1,2,pituitary,0.0005358761483807,0.0004434065796761,0.9990207172719432,2,pituitary,0.9990207172719432,919d6f0fb3ca462983d6df6ec06846e41abd9645
efficientnet_b0,B,986,111125,image_level_seed11,2,2,pituitary,0.0005159025146585,0.0001145369185887,0.9993695605667527,2,pituitary,0.9993695605667527,919d6f0fb3ca462983d6df6ec06846e41abd9645
efficientnet_b0,B,987,111125,image_level_seed11,5,2,pituitary,2.352359181762182e-05,4.778994903893499e-05,0.9999286864591436,2,pituitary,0.9999286864591436,919d6f0fb3ca462983d6df6ec06846e41abd9645
efficientnet_b0,B,988,111125,image_level_seed11,2,2,pituitary,9.710654360114704e-05,0.0001153485508602,0.9997875449055385,2,pituitary,0.9997875449055385,919d6f0fb3ca462983d6df6ec06846e41abd9645
efficientnet_b0,B,989,111125,image_level_seed11,4,2,pituitary,0.000116409259965,9.956233035893268e-05,0.999784028409676,2,pituitary,0.999784028409676,919d6f0fb3ca462983d6df6ec06846e41abd9645
efficientnet_b0,B,990,111785,image_level_seed11,3,2,pituitary,0.0004127974719746,0.0001926454372601,0.9993945570907652,2,pituitary,0.9993945570907652,919d6f0fb3ca462983d6df6ec06846e41abd9645
efficientnet_b0,B,991,111785,image_level_seed11,1,2,pituitary,0.0002742662015193,0.0010177415418561,0.9987079922566244,2,pituitary,0.9987079922566244,919d6f0fb3ca462983d6df6ec06846e41abd9645
efficientnet_b0,B,992,111785,image_level_seed11,3,2,pituitary,2.636778441140545e-05,1.7456406757221662e-05,0.9999561758088312,2,pituitary,0.9999561758088312,919d6f0fb3ca462983d6df6ec06846e41abd9645
efficientnet_b0,B,993,111785,image_level_seed11,5,2,pituitary,0.0021763152809614,0.0001397431904088,0.9976839415286298,2,pituitary,0.9976839415286298,919d6f0fb3ca462983d6df6ec06846e41abd9645
efficientnet_b0,B,994,112074,image_level_seed11,2,2,pituitary,0.8242364529143145,0.0794336412136808,0.0963299058720048,0,meningioma,0.8242364529143145,919d6f0fb3ca462983d6df6ec06846e41abd9645
efficientnet_b0,B,995,112074,image_level_seed11,1,2,pituitary,0.3968394984638575,0.0511985659920547,0.5519619355440879,2,pituitary,0.5519619355440879,919d6f0fb3ca462983d6df6ec06846e41abd9645
efficientnet_b0,B,996,112074,image_level_seed11,1,2,pituitary,0.0013084884448986,0.0065003341513858,0.9921911774037157,2,pituitary,0.9921911774037157,919d6f0fb3ca462983d6df6ec06846e41abd9645
efficientnet_b0,B,997,112074,image_level_seed11,1,2,pituitary,0.0121738014191831,0.0261671038978366,0.9616590946829804,2,pituitary,0.9616590946829804,919d6f0fb3ca462983d6df6ec06846e41abd9645
efficientnet_b0,B,998,112649,image_level_seed11,3,2,pituitary,0.0002100247286739,0.0008753388656479,0.998914636405678,2,pituitary,0.998914636405678,919d6f0fb3ca462983d6df6ec06846e41abd9645
efficientnet_b0,B,999,112649,image_level_seed11,1,2,pituitary,0.0013628880355981,0.0008405051986354,0.9977966067657664,2,pituitary,0.9977966067657664,919d6f0fb3ca462983d6df6ec06846e41abd9645
efficientnet_b0,B,1000,112649,image_level_seed11,4,2,pituitary,0.000852791724514,0.0003884243167766,0.9987587839587092,2,pituitary,0.9987587839587092,919d6f0fb3ca462983d6df6ec06846e41abd9645
efficientnet_b0,B,1001,112649,image_level_seed11,3,2,pituitary,0.0016787636390206,0.0006491979791328,0.9976720383818466,2,pituitary,0.9976720383818466,919d6f0fb3ca462983d6df6ec06846e41abd9645
efficientnet_b0,B,1002,112649,image_level_seed11,1,2,pituitary,0.0002325264725013,0.0001449599505712,0.9996225135769274,2,pituitary,0.9996225135769274,919d6f0fb3ca462983d6df6ec06846e41abd9645
efficientnet_b0,B,1003,112746,image_level_seed11,5,2,pituitary,0.000121735350511,3.9165665842324584e-05,0.9998390989836464,2,pituitary,0.9998390989836464,919d6f0fb3ca462983d6df6ec06846e41abd9645
efficientnet_b0,B,1004,112746,image_level_seed11,2,2,pituitary,0.001142211459911,0.0002447033095564,0.9986130852305324,2,pituitary,0.9986130852305324,919d6f0fb3ca462983d6df6ec06846e41abd9645
efficientnet_b0,B,1005,112746,image_level_seed11,2,2,pituitary,8.331124170212482e-05,9.323502922321444e-05,0.9998234537290746,2,pituitary,0.9998234537290746,919d6f0fb3ca462983d6df6ec06846e41abd9645
efficientnet_b0,B,1006,112847,image_level_seed11,4,2,pituitary,0.0002997160644666,0.0004057856471881,0.9992944982883452,2,pituitary,0.9992944982883452,919d6f0fb3ca462983d6df6ec06846e41abd9645
efficientnet_b0,B,1007,112847,image_level_seed11,5,2,pituitary,7.53182573317248e-05,0.0002777047122493,0.9996469770304188,2,pituitary,0.9996469770304188,919d6f0fb3ca462983d6df6ec06846e41abd9645
efficientnet_b0,B,1008,112847,image_level_seed11,1,2,pituitary,0.0005737662886154,0.0006820105336685,0.9987442231777162,2,pituitary,0.9987442231777162,919d6f0fb3ca462983d6df6ec06846e41abd9645
efficientnet_b0,B,1009,112847,image_level_seed11,5,2,pituitary,0.0037975479669151,0.0007942199457156,0.9954082320873692,2,pituitary,0.9954082320873692,919d6f0fb3ca462983d6df6ec06846e41abd9645
efficientnet_b0,B,1010,113274,image_level_seed11,3,2,pituitary,0.0001596581266051,0.0002813083956415,0.9995590334777534,2,pituitary,0.9995590334777534,919d6f0fb3ca462983d6df6ec06846e41abd9645
efficientnet_b0,B,1011,113274,image_level_seed11,3,2,pituitary,0.0001633227935083,5.944688241200205e-05,0.9997772303240796,2,pituitary,0.9997772303240796,919d6f0fb3ca462983d6df6ec06846e41abd9645
efficientnet_b0,B,1012,113274,image_level_seed11,4,2,pituitary,0.00014260621151,0.0001194229575361,0.9997379708309538,2,pituitary,0.9997379708309538,919d6f0fb3ca462983d6df6ec06846e41abd9645
efficientnet_b0,B,1013,113741,image_level_seed11,3,2,pituitary,0.0003443484595677,0.0001071146947229,0.9995485368457092,2,pituitary,0.9995485368457092,919d6f0fb3ca462983d6df6ec06846e41abd9645
efficientnet_b0,B,1014,113741,image_level_seed11,3,2,pituitary,0.0001100919892322,8.69435035937038e-05,0.9998029645071742,2,pituitary,0.9998029645071742,919d6f0fb3ca462983d6df6ec06846e41abd9645
efficientnet_b0,B,1015,114040,image_level_seed11,1,2,pituitary,0.0061579010333834,0.0058694792823203,0.9879726196842962,2,pituitary,0.9879726196842962,919d6f0fb3ca462983d6df6ec06846e41abd9645
efficientnet_b0,B,1016,114040,image_level_seed11,3,2,pituitary,0.0022054215144113,0.0017441075772712,0.9960504709083172,2,pituitary,0.9960504709083172,919d6f0fb3ca462983d6df6ec06846e41abd9645
efficientnet_b0,B,1017,114040,image_level_seed11,5,2,pituitary,0.000473350498011,0.0006246548058884,0.9989019946961004,2,pituitary,0.9989019946961004,919d6f0fb3ca462983d6df6ec06846e41abd9645
efficientnet_b0,B,1018,114361,image_level_seed11,5,2,pituitary,0.0025329941189333,0.0003658676687202,0.9971011382123464,2,pituitary,0.9971011382123464,919d6f0fb3ca462983d6df6ec06846e41abd9645
efficientnet_b0,B,1019,114361,image_level_seed11,3,2,pituitary,0.0001953572185673,5.318232907201509e-05,0.9997514604523604,2,pituitary,0.9997514604523604,919d6f0fb3ca462983d6df6ec06846e41abd9645
efficientnet_b0,B,1020,114361,image_level_seed11,5,2,pituitary,0.0021856046276824,0.00029984903477,0.9975145463375475,2,pituitary,0.9975145463375475,919d6f0fb3ca462983d6df6ec06846e41abd9645
efficientnet_b0,B,1021,114094,image_level_seed11,1,2,pituitary,0.0351057885775874,0.0127826177398567,0.9521115936825558,2,pituitary,0.9521115936825558,919d6f0fb3ca462983d6df6ec06846e41abd9645
efficientnet_b0,B,1022,114094,image_level_seed11,4,2,pituitary,0.0158062419816099,0.0054632647180781,0.9787304933003118,2,pituitary,0.9787304933003118,919d6f0fb3ca462983d6df6ec06846e41abd9645
efficientnet_b0,B,1023,114094,image_level_seed11,5,2,pituitary,7.704809065557083e-05,0.0008085200676566,0.9991144318416878,2,pituitary,0.9991144318416878,919d6f0fb3ca462983d6df6ec06846e41abd9645
efficientnet_b0,B,1024,114094,image_level_seed11,5,2,pituitary,8.751209193998996e-05,0.000297014557455,0.9996154733506049,2,pituitary,0.9996154733506049,919d6f0fb3ca462983d6df6ec06846e41abd9645
efficientnet_b0,B,1025,101017,image_level_seed11,2,2,pituitary,0.0016344486482963,0.0006209117877484,0.9977446395639552,2,pituitary,0.9977446395639552,919d6f0fb3ca462983d6df6ec06846e41abd9645
efficientnet_b0,B,1026,101017,image_level_seed11,5,2,pituitary,0.0001112047874391,4.608143271913201e-05,0.9998427137798416,2,pituitary,0.9998427137798416,919d6f0fb3ca462983d6df6ec06846e41abd9645
efficientnet_b0,B,1027,101017,image_level_seed11,4,2,pituitary,0.0017045906855104,6.811269361152344e-05,0.998227296620878,2,pituitary,0.998227296620878,919d6f0fb3ca462983d6df6ec06846e41abd9645
efficientnet_b0,B,1028,101017,image_level_seed11,3,2,pituitary,0.0001126840546588,1.537621677266639e-05,0.9998719397285684,2,pituitary,0.9998719397285684,919d6f0fb3ca462983d6df6ec06846e41abd9645
efficientnet_b0,B,1029,101017,image_level_seed11,4,2,pituitary,0.0013203383628823,0.0001310969006702,0.9985485647364472,2,pituitary,0.9985485647364472,919d6f0fb3ca462983d6df6ec06846e41abd9645
efficientnet_b0,B,1030,101029,image_level_seed11,3,2,pituitary,0.0011926239785771,0.0018977852791311,0.9969095907422916,2,pituitary,0.9969095907422916,919d6f0fb3ca462983d6df6ec06846e41abd9645
efficientnet_b0,B,1031,101029,image_level_seed11,2,2,pituitary,0.0004660459269894,0.0022604713812482,0.9972734826917622,2,pituitary,0.9972734826917622,919d6f0fb3ca462983d6df6ec06846e41abd9645
efficientnet_b0,B,1032,101029,image_level_seed11,1,2,pituitary,0.0012480087303471,0.0031042716489291,0.9956477196207236,2,pituitary,0.9956477196207236,919d6f0fb3ca462983d6df6ec06846e41abd9645
efficientnet_b0,B,1033,101029,image_level_seed11,4,2,pituitary,0.0005172388626835,0.0040412936241405,0.995441467513176,2,pituitary,0.995441467513176,919d6f0fb3ca462983d6df6ec06846e41abd9645
efficientnet_b0,B,1034,105936,image_level_seed11,1,2,pituitary,2.6565952731643517e-05,1.6871014796183296e-05,0.9999565630324722,2,pituitary,0.9999565630324722,919d6f0fb3ca462983d6df6ec06846e41abd9645
efficientnet_b0,B,1035,106062,image_level_seed11,4,2,pituitary,0.000820988884144,0.0004387512700462,0.9987402598458096,2,pituitary,0.9987402598458096,919d6f0fb3ca462983d6df6ec06846e41abd9645
efficientnet_b0,B,1036,106062,image_level_seed11,3,2,pituitary,0.0004825920648744,0.0010160732474359,0.9985013346876894,2,pituitary,0.9985013346876894,919d6f0fb3ca462983d6df6ec06846e41abd9645
efficientnet_b0,B,1037,106062,image_level_seed11,3,2,pituitary,0.0002375927868371,0.0003594519232166,0.999402955289946,2,pituitary,0.999402955289946,919d6f0fb3ca462983d6df6ec06846e41abd9645
efficientnet_b0,B,1038,106062,image_level_seed11,2,2,pituitary,5.049642011329042e-05,9.126226869894228e-06,0.9999403773530168,2,pituitary,0.9999403773530168,919d6f0fb3ca462983d6df6ec06846e41abd9645
efficientnet_b0,B,1039,106062,image_level_seed11,5,2,pituitary,0.0079327545080454,0.0007986864110359,0.9912685590809186,2,pituitary,0.9912685590809186,919d6f0fb3ca462983d6df6ec06846e41abd9645
efficientnet_b0,B,1040,106062,image_level_seed11,4,2,pituitary,0.0121260449784646,0.0004855031155732,0.9873884519059622,2,pituitary,0.9873884519059622,919d6f0fb3ca462983d6df6ec06846e41abd9645
efficientnet_b0,B,1041,106062,image_level_seed11,5,2,pituitary,0.1851412409336141,0.0066190999839403,0.8082396590824455,2,pituitary,0.8082396590824455,919d6f0fb3ca462983d6df6ec06846e41abd9645
efficientnet_b0,B,1042,107495,image_level_seed11,2,2,pituitary,0.0004939160116875,7.498631666165094e-05,0.9994310976716508,2,pituitary,0.9994310976716508,919d6f0fb3ca462983d6df6ec06846e41abd9645
efficientnet_b0,B,1043,107495,image_level_seed11,4,2,pituitary,0.0002959123775549,5.415920841116851e-05,0.9996499284140338,2,pituitary,0.9996499284140338,919d6f0fb3ca462983d6df6ec06846e41abd9645
efficientnet_b0,B,1044,107495,image_level_seed11,1,2,pituitary,5.300644689599422e-05,7.258928243569054e-06,0.9999397346248604,2,pituitary,0.9999397346248604,919d6f0fb3ca462983d6df6ec06846e41abd9645
efficientnet_b0,B,1045,107495,image_level_seed11,5,2,pituitary,0.0001805755581718,1.8108143851912895e-05,0.999801316297976,2,pituitary,0.999801316297976,919d6f0fb3ca462983d6df6ec06846e41abd9645
efficientnet_b0,B,1046,107495,image_level_seed11,3,2,pituitary,0.0001457797836852,4.879419702537911e-05,0.9998054260192896,2,pituitary,0.9998054260192896,919d6f0fb3ca462983d6df6ec06846e41abd9645
efficientnet_b0,B,1047,107429,image_level_seed11,1,2,pituitary,0.0036292008073019,0.0024700573083509,0.9939007418843472,2,pituitary,0.9939007418843472,919d6f0fb3ca462983d6df6ec06846e41abd9645
efficientnet_b0,B,1048,107429,image_level_seed11,1,2,pituitary,0.0014617584010162,0.0001740337839708,0.998364207815013,2,pituitary,0.998364207815013,919d6f0fb3ca462983d6df6ec06846e41abd9645
efficientnet_b0,B,1049,107429,image_level_seed11,3,2,pituitary,0.0002915682670216,4.3601765621446475e-05,0.999664829967357,2,pituitary,0.999664829967357,919d6f0fb3ca462983d6df6ec06846e41abd9645
efficientnet_b0,B,1050,107429,image_level_seed11,3,2,pituitary,0.0002012956002467,3.814162154269176e-05,0.9997605627782103,2,pituitary,0.9997605627782103,919d6f0fb3ca462983d6df6ec06846e41abd9645
efficientnet_b0,B,1051,107429,image_level_seed11,5,2,pituitary,0.0083554671476382,0.0001561761249251,0.9914883567274366,2,pituitary,0.9914883567274366,919d6f0fb3ca462983d6df6ec06846e41abd9645
efficientnet_b0,B,1052,107429,image_level_seed11,4,2,pituitary,0.0009032500982042,9.554829111473844e-05,0.9990012016106812,2,pituitary,0.9990012016106812,919d6f0fb3ca462983d6df6ec06846e41abd9645
efficientnet_b0,B,1053,107429,image_level_seed11,3,2,pituitary,0.0164102598260229,0.0011703779605869,0.98241936221339,2,pituitary,0.98241936221339,919d6f0fb3ca462983d6df6ec06846e41abd9645
efficientnet_b0,B,1054,107505,image_level_seed11,4,2,pituitary,3.825054330511377e-05,1.5322627475548076e-05,0.9999464268292194,2,pituitary,0.9999464268292194,919d6f0fb3ca462983d6df6ec06846e41abd9645
efficientnet_b0,B,1055,107505,image_level_seed11,1,2,pituitary,0.0006876324014491,7.719682345171633e-05,0.9992351707750992,2,pituitary,0.9992351707750992,919d6f0fb3ca462983d6df6ec06846e41abd9645
efficientnet_b0,B,1056,107505,image_level_seed11,1,2,pituitary,0.0002646918900992,3.269894302362366e-05,0.9997026091668773,2,pituitary,0.9997026091668773,919d6f0fb3ca462983d6df6ec06846e41abd9645
efficientnet_b0,B,1057,107505,image_level_seed11,1,2,pituitary,0.0004222145659208,6.741889673477915e-05,0.9995103665373444,2,pituitary,0.9995103665373444,919d6f0fb3ca462983d6df6ec06846e41abd9645
efficientnet_b0,B,1058,107505,image_level_seed11,2,2,pituitary,0.0017204054547677,0.0004036836336258,0.9978759109116064,2,pituitary,0.9978759109116064,919d6f0fb3ca462983d6df6ec06846e41abd9645
efficientnet_b0,B,1059,107743,image_level_seed11,2,2,pituitary,1.719826865535089e-05,5.833945171833533e-06,0.9999769677861728,2,pituitary,0.9999769677861728,919d6f0fb3ca462983d6df6ec06846e41abd9645
efficientnet_b0,B,1060,107743,image_level_seed11,3,2,pituitary,3.0130652110434355e-05,2.909909717348569e-06,0.9999669594381724,2,pituitary,0.9999669594381724,919d6f0fb3ca462983d6df6ec06846e41abd9645
efficientnet_b0,B,1061,107743,image_level_seed11,4,2,pituitary,4.4778991132823096e-05,9.38826756948076e-07,0.99995428218211,2,pituitary,0.99995428218211,919d6f0fb3ca462983d6df6ec06846e41abd9645
efficientnet_b0,B,1062,107743,image_level_seed11,4,2,pituitary,0.0014179210276959,5.451928042772719e-06,0.9985766270442612,2,pituitary,0.9985766270442612,919d6f0fb3ca462983d6df6ec06846e41abd9645
efficientnet_b0,B,1063,107743,image_level_seed11,1,2,pituitary,0.00095547104088,3.076125197162484e-05,0.9990137677071484,2,pituitary,0.9990137677071484,919d6f0fb3ca462983d6df6ec06846e41abd9645
efficientnet_b0,B,1064,107743,image_level_seed11,4,2,pituitary,0.002276057662853,4.852798273011112e-05,0.9976754143544168,2,pituitary,0.9976754143544168,919d6f0fb3ca462983d6df6ec06846e41abd9645
efficientnet_b0,B,1065,108858,image_level_seed11,1,2,pituitary,0.0001800740901698,0.0011676156588399,0.9986523102509902,2,pituitary,0.9986523102509902,919d6f0fb3ca462983d6df6ec06846e41abd9645
efficientnet_b0,B,1066,108858,image_level_seed11,1,2,pituitary,7.050795751469577e-05,0.0001913341013323,0.9997381579411532,2,pituitary,0.9997381579411532,919d6f0fb3ca462983d6df6ec06846e41abd9645
efficientnet_b0,B,1067,108858,image_level_seed11,3,2,pituitary,0.0002849890755278,0.0001984053853338,0.9995166055391382,2,pituitary,0.9995166055391382,919d6f0fb3ca462983d6df6ec06846e41abd9645
efficientnet_b0,B,1068,108858,image_level_seed11,4,2,pituitary,0.0003711913355499,0.0001097386260749,0.999519070038375,2,pituitary,0.999519070038375,919d6f0fb3ca462983d6df6ec06846e41abd9645
efficientnet_b0,B,1069,108858,image_level_seed11,4,2,pituitary,0.0005521897307346,0.0002812060655884,0.9991666042036768,2,pituitary,0.9991666042036768,919d6f0fb3ca462983d6df6ec06846e41abd9645
efficientnet_b0,B,1070,108931,image_level_seed11,5,2,pituitary,0.0018361844817612,0.0006597930634698,0.9975040224547688,2,pituitary,0.9975040224547688,919d6f0fb3ca462983d6df6ec06846e41abd9645
efficientnet_b0,B,1071,108931,image_level_seed11,5,2,pituitary,0.0037850679559259,0.0004259794151689,0.995788952628905,2,pituitary,0.995788952628905,919d6f0fb3ca462983d6df6ec06846e41abd9645
efficientnet_b0,B,1072,108931,image_level_seed11,2,2,pituitary,0.0005462945198294,0.000209054416531,0.9992446510636396,2,pituitary,0.9992446510636396,919d6f0fb3ca462983d6df6ec06846e41abd9645
efficientnet_b0,B,1073,108931,image_level_seed11,2,2,pituitary,0.0012446845429962,0.0003917799001329,0.9983635355568709,2,pituitary,0.9983635355568709,919d6f0fb3ca462983d6df6ec06846e41abd9645
efficientnet_b0,B,1074,108931,image_level_seed11,3,2,pituitary,0.0010018159751324,0.0004733239940397,0.9985248600308276,2,pituitary,0.9985248600308276,919d6f0fb3ca462983d6df6ec06846e41abd9645
efficientnet_b0,B,1075,108931,image_level_seed11,5,2,pituitary,0.010312038056929,0.0008137984508824,0.9888741634921886,2,pituitary,0.9888741634921886,919d6f0fb3ca462983d6df6ec06846e41abd9645
efficientnet_b0,B,1076,108931,image_level_seed11,5,2,pituitary,0.0007020684300224,0.0004257940489022,0.9988721375210752,2,pituitary,0.9988721375210752,919d6f0fb3ca462983d6df6ec06846e41abd9645
efficientnet_b0,B,1077,109471,image_level_seed11,1,2,pituitary,0.0002692027989709,0.000462947246122,0.9992678499549073,2,pituitary,0.9992678499549073,919d6f0fb3ca462983d6df6ec06846e41abd9645
efficientnet_b0,B,1078,109471,image_level_seed11,3,2,pituitary,0.001482149534961,0.0005823433466048,0.9979355071184342,2,pituitary,0.9979355071184342,919d6f0fb3ca462983d6df6ec06846e41abd9645
efficientnet_b0,B,1079,109471,image_level_seed11,1,2,pituitary,6.424815153793194e-05,0.0001428759276663,0.9997928759207956,2,pituitary,0.9997928759207956,919d6f0fb3ca462983d6df6ec06846e41abd9645
efficientnet_b0,B,1080,109471,image_level_seed11,2,2,pituitary,3.8673313129449826e-05,0.0001319857034887,0.999829340983382,2,pituitary,0.999829340983382,919d6f0fb3ca462983d6df6ec06846e41abd9645
efficientnet_b0,B,1081,109471,image_level_seed11,1,2,pituitary,0.0002852812057272,0.0014281446076032,0.9982865741866694,2,pituitary,0.9982865741866694,919d6f0fb3ca462983d6df6ec06846e41abd9645
efficientnet_b0,B,1082,109471,image_level_seed11,5,2,pituitary,0.0001694307487479,0.0002757445207304,0.9995548247305216,2,pituitary,0.9995548247305216,919d6f0fb3ca462983d6df6ec06846e41abd9645
efficientnet_b0,B,1083,109769,image_level_seed11,2,2,pituitary,0.0001795340592016,4.569555724440888e-05,0.999774770383554,2,pituitary,0.999774770383554,919d6f0fb3ca462983d6df6ec06846e41abd9645
efficientnet_b0,B,1084,109769,image_level_seed11,2,2,pituitary,0.0001659595687415,3.192336440367794e-05,0.9998021170668548,2,pituitary,0.9998021170668548,919d6f0fb3ca462983d6df6ec06846e41abd9645
efficientnet_b0,B,1085,109769,image_level_seed11,5,2,pituitary,0.0004931132068784,0.0001181823001415,0.99938870449298,2,pituitary,0.99938870449298,919d6f0fb3ca462983d6df6ec06846e41abd9645
efficientnet_b0,B,1086,109769,image_level_seed11,2,2,pituitary,0.0001836724724507,1.5857640329527687e-05,0.9998004698872196,2,pituitary,0.9998004698872196,919d6f0fb3ca462983d6df6ec06846e41abd9645
efficientnet_b0,B,1087,109769,image_level_seed11,5,2,pituitary,0.0028626084033387,0.0010319062460051,0.996105485350656,2,pituitary,0.996105485350656,919d6f0fb3ca462983d6df6ec06846e41abd9645
efficientnet_b0,B,1088,109898,image_level_seed11,4,2,pituitary,0.0003873780522077,5.1774473224215445e-05,0.999560847474568,2,pituitary,0.999560847474568,919d6f0fb3ca462983d6df6ec06846e41abd9645
efficientnet_b0,B,1089,109898,image_level_seed11,3,2,pituitary,8.359449933380731e-05,3.2190866670427818e-06,0.9999131864139992,2,pituitary,0.9999131864139992,919d6f0fb3ca462983d6df6ec06846e41abd9645
efficientnet_b0,B,1090,109898,image_level_seed11,5,2,pituitary,0.0022385533665403,0.0001414324222671,0.9976200142111924,2,pituitary,0.9976200142111924,919d6f0fb3ca462983d6df6ec06846e41abd9645
efficientnet_b0,B,1091,109898,image_level_seed11,4,2,pituitary,0.0010919799256641,2.3274828451004356e-05,0.9988847452458848,2,pituitary,0.9988847452458848,919d6f0fb3ca462983d6df6ec06846e41abd9645
efficientnet_b0,B,1092,109898,image_level_seed11,3,2,pituitary,0.0018232589689657,4.050441335943403e-05,0.9981362366176748,2,pituitary,0.9981362366176748,919d6f0fb3ca462983d6df6ec06846e41abd9645
efficientnet_b0,B,1093,109898,image_level_seed11,2,2,pituitary,0.0001437200860974,4.18658925865154e-06,0.999852093324644,2,pituitary,0.999852093324644,919d6f0fb3ca462983d6df6ec06846e41abd9645
efficientnet_b0,B,1094,110518,image_level_seed11,5,2,pituitary,4.035506184204583e-05,3.562187030913035e-05,0.9999240230678488,2,pituitary,0.9999240230678488,919d6f0fb3ca462983d6df6ec06846e41abd9645
efficientnet_b0,B,1095,110518,image_level_seed11,1,2,pituitary,0.0010849407841345,0.0001217418715618,0.9987933173443034,2,pituitary,0.9987933173443034,919d6f0fb3ca462983d6df6ec06846e41abd9645
efficientnet_b0,B,1096,110518,image_level_seed11,5,2,pituitary,7.916932490230753e-05,4.535741781710486e-05,0.9998754732572804,2,pituitary,0.9998754732572804,919d6f0fb3ca462983d6df6ec06846e41abd9645
efficientnet_b0,B,1097,110518,image_level_seed11,5,2,pituitary,4.18501615602222e-05,4.126171169346892e-06,0.9999540236672704,2,pituitary,0.9999540236672704,919d6f0fb3ca462983d6df6ec06846e41abd9645
efficientnet_b0,B,1098,110518,image_level_seed11,3,2,pituitary,4.8330845254787264e-05,5.261149117878002e-06,0.9999464080056272,2,pituitary,0.9999464080056272,919d6f0fb3ca462983d6df6ec06846e41abd9645
efficientnet_b0,B,1099,110518,image_level_seed11,3,2,pituitary,4.487941069152896e-05,1.02683587618015e-05,0.9999448522305469,2,pituitary,0.9999448522305469,919d6f0fb3ca462983d6df6ec06846e41abd9645
efficientnet_b0,B,1100,110537,image_level_seed11,4,2,pituitary,3.3045799288057784e-05,4.97762911743554e-06,0.9999619765715946,2,pituitary,0.9999619765715946,919d6f0fb3ca462983d6df6ec06846e41abd9645
efficientnet_b0,B,1101,110537,image_level_seed11,1,2,pituitary,0.000139172418448,0.0001316256336367,0.9997292019479154,2,pituitary,0.9997292019479154,919d6f0fb3ca462983d6df6ec06846e41abd9645
efficientnet_b0,B,1102,110537,image_level_seed11,5,2,pituitary,0.0001045679322707,3.884519681114612e-05,0.999856586870918,2,pituitary,0.999856586870918,919d6f0fb3ca462983d6df6ec06846e41abd9645
efficientnet_b0,B,1103,110537,image_level_seed11,3,2,pituitary,0.000150588255853,9.826575695634768e-06,0.9998395851684512,2,pituitary,0.9998395851684512,919d6f0fb3ca462983d6df6ec06846e41abd9645
efficientnet_b0,B,1104,110537,image_level_seed11,1,2,pituitary,0.0016783570127858,6.953841697577162e-05,0.9982521045702384,2,pituitary,0.9982521045702384,919d6f0fb3ca462983d6df6ec06846e41abd9645
efficientnet_b0,B,1105,110537,image_level_seed11,4,2,pituitary,0.0004710650963962,1.1525924602258455e-05,0.9995174089790014,2,pituitary,0.9995174089790014,919d6f0fb3ca462983d6df6ec06846e41abd9645
efficientnet_b0,B,1106,110537,image_level_seed11,1,2,pituitary,0.0912223286573291,0.0045499736606131,0.9042276976820576,2,pituitary,0.9042276976820576,919d6f0fb3ca462983d6df6ec06846e41abd9645
efficientnet_b0,B,1107,110993,image_level_seed11,5,2,pituitary,0.00013306731235,4.097551046434672e-05,0.9998259571771856,2,pituitary,0.9998259571771856,919d6f0fb3ca462983d6df6ec06846e41abd9645
efficientnet_b0,B,1108,110993,image_level_seed11,2,2,pituitary,4.35650822514629e-06,1.884229415058679e-06,0.9999937592623598,2,pituitary,0.9999937592623598,919d6f0fb3ca462983d6df6ec06846e41abd9645
efficientnet_b0,B,1109,110993,image_level_seed11,3,2,pituitary,0.0013074143654671,6.325670428566591e-05,0.9986293289302473,2,pituitary,0.9986293289302473,919d6f0fb3ca462983d6df6ec06846e41abd9645
efficientnet_b0,B,1110,110993,image_level_seed11,4,2,pituitary,5.133753723271676e-05,2.111889727949716e-06,0.9999465505730394,2,pituitary,0.9999465505730394,919d6f0fb3ca462983d6df6ec06846e41abd9645
efficientnet_b0,B,1111,110993,image_level_seed11,1,2,pituitary,0.0003782150222679,0.0001786980019962,0.9994430869757358,2,pituitary,0.9994430869757358,919d6f0fb3ca462983d6df6ec06846e41abd9645
efficientnet_b0,B,1112,111075,image_level_seed11,3,2,pituitary,0.0004887273786705,0.0001722950212991,0.9993389776000304,2,pituitary,0.9993389776000304,919d6f0fb3ca462983d6df6ec06846e41abd9645
efficientnet_b0,B,1113,111075,image_level_seed11,5,2,pituitary,1.5977579719501346e-05,1.899566676175811e-05,0.9999650267535188,2,pituitary,0.9999650267535188,919d6f0fb3ca462983d6df6ec06846e41abd9645
efficientnet_b0,B,1114,111075,image_level_seed11,4,2,pituitary,5.2726575516573e-05,2.121961870567956e-05,0.9999260538057778,2,pituitary,0.9999260538057778,919d6f0fb3ca462983d6df6ec06846e41abd9645
efficientnet_b0,B,1115,111075,image_level_seed11,3,2,pituitary,0.0002750249117258,0.0001253848264512,0.9995995902618228,2,pituitary,0.9995995902618228,919d6f0fb3ca462983d6df6ec06846e41abd9645
efficientnet_b0,B,1116,111075,image_level_seed11,5,2,pituitary,9.936079094220466e-05,6.558472172829627e-05,0.9998350544873296,2,pituitary,0.9998350544873296,919d6f0fb3ca462983d6df6ec06846e41abd9645
efficientnet_b0,B,1117,111075,image_level_seed11,5,2,pituitary,0.0025715049708541,0.0022495520453404,0.9951789429838056,2,pituitary,0.9951789429838056,919d6f0fb3ca462983d6df6ec06846e41abd9645
efficientnet_b0,B,1118,111125,image_level_seed11,1,2,pituitary,1.2518193703301625e-05,8.244086398369685e-06,0.9999792377198984,2,pituitary,0.9999792377198984,919d6f0fb3ca462983d6df6ec06846e41abd9645
efficientnet_b0,B,1119,111125,image_level_seed11,1,2,pituitary,7.155051317630652e-05,7.116418250813711e-06,0.9999213330685728,2,pituitary,0.9999213330685728,919d6f0fb3ca462983d6df6ec06846e41abd9645
efficientnet_b0,B,1120,111125,image_level_seed11,1,2,pituitary,0.000128096235592,2.7337784380548854e-05,0.9998445659800274,2,pituitary,0.9998445659800274,919d6f0fb3ca462983d6df6ec06846e41abd9645
efficientnet_b0,B,1121,111125,image_level_seed11,2,2,pituitary,1.954457486383776e-05,5.046285137576041e-06,0.9999754091399984,2,pituitary,0.9999754091399984,919d6f0fb3ca462983d6df6ec06846e41abd9645
efficientnet_b0,B,1122,111125,image_level_seed11,2,2,pituitary,0.0003851225041432,6.788488640173687e-05,0.9995469926094548,2,pituitary,0.9995469926094548,919d6f0fb3ca462983d6df6ec06846e41abd9645
efficientnet_b0,B,1123,111125,image_level_seed11,3,2,pituitary,0.0004015110820768,5.8885749862533615e-05,0.9995396031680606,2,pituitary,0.9995396031680606,919d6f0fb3ca462983d6df6ec06846e41abd9645
efficientnet_b0,B,1124,111785,image_level_seed11,4,2,pituitary,0.00024226377513,5.941359808564781e-05,0.9996983226267844,2,pituitary,0.9996983226267844,919d6f0fb3ca462983d6df6ec06846e41abd9645
efficientnet_b0,B,1125,111785,image_level_seed11,4,2,pituitary,0.0001391293142885,4.401052590127667e-05,0.9998168601598102,2,pituitary,0.9998168601598102,919d6f0fb3ca462983d6df6ec06846e41abd9645
efficientnet_b0,B,1126,111785,image_level_seed11,2,2,pituitary,2.284123443806443e-05,6.318644078571939e-06,0.9999708401214834,2,pituitary,0.9999708401214834,919d6f0fb3ca462983d6df6ec06846e41abd9645
efficientnet_b0,B,1127,111785,image_level_seed11,4,2,pituitary,4.8715637148470326e-05,5.011784468526595e-05,0.9999011665181662,2,pituitary,0.9999011665181662,919d6f0fb3ca462983d6df6ec06846e41abd9645
efficientnet_b0,B,1128,111785,image_level_seed11,1,2,pituitary,4.034092978652451e-05,5.377159581952622e-05,0.999905887474394,2,pituitary,0.999905887474394,919d6f0fb3ca462983d6df6ec06846e41abd9645
efficientnet_b0,B,1129,112074,image_level_seed11,2,2,pituitary,0.0043891537032629,0.0046699411973277,0.9909409050994092,2,pituitary,0.9909409050994092,919d6f0fb3ca462983d6df6ec06846e41abd9645
efficientnet_b0,B,1130,112074,image_level_seed11,4,2,pituitary,0.0022082438688923,0.0019193378676336,0.995872418263474,2,pituitary,0.995872418263474,919d6f0fb3ca462983d6df6ec06846e41abd9645
efficientnet_b0,B,1131,112074,image_level_seed11,5,2,pituitary,0.0030200097920537,0.0005803727391667,0.9963996174687796,2,pituitary,0.9963996174687796,919d6f0fb3ca462983d6df6ec06846e41abd9645
efficientnet_b0,B,1132,112074,image_level_seed11,5,2,pituitary,0.0135779346613003,0.0057472172439183,0.9806748480947812,2,pituitary,0.9806748480947812,919d6f0fb3ca462983d6df6ec06846e41abd9645
efficientnet_b0,B,1133,112074,image_level_seed11,4,2,pituitary,0.0021042474736161,0.011005050714206,0.9868907018121778,2,pituitary,0.9868907018121778,919d6f0fb3ca462983d6df6ec06846e41abd9645
efficientnet_b0,B,1134,112649,image_level_seed11,1,2,pituitary,0.0003531015088554,9.569594387119564e-05,0.9995512025472736,2,pituitary,0.9995512025472736,919d6f0fb3ca462983d6df6ec06846e41abd9645
efficientnet_b0,B,1135,112649,image_level_seed11,2,2,pituitary,0.00024453943073,0.0002131346664579,0.999542325902812,2,pituitary,0.999542325902812,919d6f0fb3ca462983d6df6ec06846e41abd9645
efficientnet_b0,B,1136,112649,image_level_seed11,3,2,pituitary,0.0005501782784896,0.0004293346736411,0.9990204870478692,2,pituitary,0.9990204870478692,919d6f0fb3ca462983d6df6ec06846e41abd9645
efficientnet_b0,B,1137,112649,image_level_seed11,4,2,pituitary,7.107071720875766e-05,2.677558737137721e-05,0.99990215369542,2,pituitary,0.99990215369542,919d6f0fb3ca462983d6df6ec06846e41abd9645
efficientnet_b0,B,1138,112649,image_level_seed11,1,2,pituitary,0.0002738613009053,0.0001643096489523,0.9995618290501423,2,pituitary,0.9995618290501423,919d6f0fb3ca462983d6df6ec06846e41abd9645
efficientnet_b0,B,1139,112649,image_level_seed11,3,2,pituitary,0.0042609710383702,0.0023604738291522,0.9933785551324774,2,pituitary,0.9933785551324774,919d6f0fb3ca462983d6df6ec06846e41abd9645
efficientnet_b0,B,1140,112746,image_level_seed11,2,2,pituitary,6.778412243005755e-05,8.712462484481229e-06,0.9999235034150856,2,pituitary,0.9999235034150856,919d6f0fb3ca462983d6df6ec06846e41abd9645
efficientnet_b0,B,1141,112746,image_level_seed11,4,2,pituitary,0.0015711467116085,4.366018126713521e-05,0.9983851931071244,2,pituitary,0.9983851931071244,919d6f0fb3ca462983d6df6ec06846e41abd9645
efficientnet_b0,B,1142,112746,image_level_seed11,3,2,pituitary,0.0008996199833484,5.0624687635159834e-05,0.9990497553290164,2,pituitary,0.9990497553290164,919d6f0fb3ca462983d6df6ec06846e41abd9645
efficientnet_b0,B,1143,112746,image_level_seed11,3,2,pituitary,0.0006730095527106,4.3581409419623755e-05,0.9992834090378696,2,pituitary,0.9992834090378696,919d6f0fb3ca462983d6df6ec06846e41abd9645
efficientnet_b0,B,1144,112847,image_level_seed11,1,2,pituitary,0.0006503463264528,0.0001037098993042,0.9992459437742428,2,pituitary,0.9992459437742428,919d6f0fb3ca462983d6df6ec06846e41abd9645
efficientnet_b0,B,1145,112847,image_level_seed11,2,2,pituitary,0.0001080386816242,2.296005786685037e-05,0.9998690012605088,2,pituitary,0.9998690012605088,919d6f0fb3ca462983d6df6ec06846e41abd9645
efficientnet_b0,B,1146,112847,image_level_seed11,4,2,pituitary,0.00072435800536,3.5270011624709116e-05,0.9992403719830152,2,pituitary,0.9992403719830152,919d6f0fb3ca462983d6df6ec06846e41abd9645
efficientnet_b0,B,1147,112847,image_level_seed11,2,2,pituitary,0.0003220509937692,8.517277509651048e-05,0.9995927762311344,2,pituitary,0.9995927762311344,919d6f0fb3ca462983d6df6ec06846e41abd9645
efficientnet_b0,B,1148,113274,image_level_seed11,3,2,pituitary,0.0003067490130391,0.0004504733258561,0.9992427776611048,2,pituitary,0.9992427776611048,919d6f0fb3ca462983d6df6ec06846e41abd9645
efficientnet_b0,B,1149,113274,image_level_seed11,5,2,pituitary,0.000395457563365,0.0010194834712401,0.9985850589653948,2,pituitary,0.9985850589653948,919d6f0fb3ca462983d6df6ec06846e41abd9645
efficientnet_b0,B,1150,113274,image_level_seed11,4,2,pituitary,3.930329201612287e-05,3.393245276139887e-05,0.9999267642552224,2,pituitary,0.9999267642552224,919d6f0fb3ca462983d6df6ec06846e41abd9645
efficientnet_b0,B,1151,113741,image_level_seed11,4,2,pituitary,1.6794956242103382e-05,2.4845746862376577e-06,0.9999807204690716,2,pituitary,0.9999807204690716,919d6f0fb3ca462983d6df6ec06846e41abd9645
efficientnet_b0,B,1152,113741,image_level_seed11,4,2,pituitary,0.0001056160281895,6.405366065202939e-06,0.9998879786057452,2,pituitary,0.9998879786057452,919d6f0fb3ca462983d6df6ec06846e41abd9645
efficientnet_b0,B,1153,113741,image_level_seed11,2,2,pituitary,0.0008250619559805,0.0003436556811114,0.998831282362908,2,pituitary,0.998831282362908,919d6f0fb3ca462983d6df6ec06846e41abd9645
efficientnet_b0,B,1154,114040,image_level_seed11,5,2,pituitary,0.0008308223186503,0.0001197922227985,0.9990493854585508,2,pituitary,0.9990493854585508,919d6f0fb3ca462983d6df6ec06846e41abd9645
efficientnet_b0,B,1155,114040,image_level_seed11,3,2,pituitary,0.0007649455555501,0.0006473876556465,0.9985876667888032,2,pituitary,0.9985876667888032,919d6f0fb3ca462983d6df6ec06846e41abd9645
efficientnet_b0,B,1156,114040,image_level_seed11,5,2,pituitary,0.0122738216811446,0.0003776041454573,0.987348574173398,2,pituitary,0.987348574173398,919d6f0fb3ca462983d6df6ec06846e41abd9645
efficientnet_b0,B,1157,114361,image_level_seed11,1,2,pituitary,6.096876559075029e-05,2.2880164591064805e-05,0.9999161510698182,2,pituitary,0.9999161510698182,919d6f0fb3ca462983d6df6ec06846e41abd9645
efficientnet_b0,B,1158,114361,image_level_seed11,5,2,pituitary,0.0001625071210565,4.281968981482097e-05,0.9997946731891286,2,pituitary,0.9997946731891286,919d6f0fb3ca462983d6df6ec06846e41abd9645
efficientnet_b0,B,1159,114361,image_level_seed11,1,2,pituitary,0.0002401544605197,7.01972896204948e-05,0.9996896482498598,2,pituitary,0.9996896482498598,919d6f0fb3ca462983d6df6ec06846e41abd9645
efficientnet_b0,B,1160,114361,image_level_seed11,1,2,pituitary,0.0002447359801119,7.06973479489781e-05,0.9996845666719392,2,pituitary,0.9996845666719392,919d6f0fb3ca462983d6df6ec06846e41abd9645
efficientnet_b0,B,1161,114094,image_level_seed11,5,2,pituitary,0.0028260944888061,0.0001878830087559,0.9969860225024378,2,pituitary,0.9969860225024378,919d6f0fb3ca462983d6df6ec06846e41abd9645
efficientnet_b0,B,1162,114094,image_level_seed11,5,2,pituitary,0.0009534324430095,7.532629901179004e-05,0.9989712412579784,2,pituitary,0.9989712412579784,919d6f0fb3ca462983d6df6ec06846e41abd9645
efficientnet_b0,B,1163,114094,image_level_seed11,3,2,pituitary,0.0002154670408298,0.0001321578994714,0.9996523750596988,2,pituitary,0.9996523750596988,919d6f0fb3ca462983d6df6ec06846e41abd9645
efficientnet_b0,B,1164,114094,image_level_seed11,1,2,pituitary,0.0001387979635999,0.0001792715400097,0.9996819304963902,2,pituitary,0.9996819304963902,919d6f0fb3ca462983d6df6ec06846e41abd9645
efficientnet_b0,B,1165,114094,image_level_seed11,1,2,pituitary,0.0004287528090811,0.0002661531151018,0.999305094075817,2,pituitary,0.999305094075817,919d6f0fb3ca462983d6df6ec06846e41abd9645
efficientnet_b0,B,1166,105936,image_level_seed11,1,2,pituitary,0.0008850456293351,0.0003267084353876,0.9987882459352772,2,pituitary,0.9987882459352772,919d6f0fb3ca462983d6df6ec06846e41abd9645
efficientnet_b0,B,1167,105936,image_level_seed11,4,2,pituitary,0.0004637963270353,0.000103801515832,0.9994324021571328,2,pituitary,0.9994324021571328,919d6f0fb3ca462983d6df6ec06846e41abd9645
efficientnet_b0,B,1168,105936,image_level_seed11,3,2,pituitary,0.0002847816038848,0.0001003220466252,0.99961489634949,2,pituitary,0.99961489634949,919d6f0fb3ca462983d6df6ec06846e41abd9645
efficientnet_b0,B,1169,106062,image_level_seed11,3,2,pituitary,8.182386242535973e-05,6.793119645582894e-05,0.9998502449411188,2,pituitary,0.9998502449411188,919d6f0fb3ca462983d6df6ec06846e41abd9645
efficientnet_b0,B,1170,106062,image_level_seed11,3,2,pituitary,8.204311232109463e-05,5.013022715361072e-05,0.9998678266605252,2,pituitary,0.9998678266605252,919d6f0fb3ca462983d6df6ec06846e41abd9645
efficientnet_b0,B,1171,106062,image_level_seed11,5,2,pituitary,0.0006831553463586,0.0005319990455777,0.9987848456080636,2,pituitary,0.9987848456080636,919d6f0fb3ca462983d6df6ec06846e41abd9645
efficientnet_b0,B,1172,106062,image_level_seed11,1,2,pituitary,0.0007213907431432,0.0028909455292414,0.9963876637276152,2,pituitary,0.9963876637276152,919d6f0fb3ca462983d6df6ec06846e41abd9645
efficientnet_b0,B,1173,106062,image_level_seed11,4,2,pituitary,0.0005069706575473,0.0001006522648528,0.9993923770775998,2,pituitary,0.9993923770775998,919d6f0fb3ca462983d6df6ec06846e41abd9645
efficientnet_b0,B,1174,106062,image_level_seed11,1,2,pituitary,2.4679210907289963e-05,2.2574970469751734e-05,0.9999527458186228,2,pituitary,0.9999527458186228,919d6f0fb3ca462983d6df6ec06846e41abd9645
efficientnet_b0,B,1175,106062,image_level_seed11,5,2,pituitary,0.0005336342674698,0.0001462086056958,0.9993201571268344,2,pituitary,0.9993201571268344,919d6f0fb3ca462983d6df6ec06846e41abd9645
efficientnet_b0,B,1176,107495,image_level_seed11,2,2,pituitary,0.0002747613546035,8.521368786703961e-05,0.9996400249575296,2,pituitary,0.9996400249575296,919d6f0fb3ca462983d6df6ec06846e41abd9645
efficientnet_b0,B,1177,107495,image_level_seed11,3,2,pituitary,0.0003169476830446,6.176214590094586e-05,0.9996212901710544,2,pituitary,0.9996212901710544,919d6f0fb3ca462983d6df6ec06846e41abd9645
efficientnet_b0,B,1178,107495,image_level_seed11,2,2,pituitary,0.0002136889817096,8.185501107287246e-05,0.9997044560072174,2,pituitary,0.9997044560072174,919d6f0fb3ca462983d6df6ec06846e41abd9645
efficientnet_b0,B,1179,107495,image_level_seed11,3,2,pituitary,0.0001642696219103,0.0001282540707452,0.9997074763073444,2,pituitary,0.9997074763073444,919d6f0fb3ca462983d6df6ec06846e41abd9645
efficientnet_b0,B,1180,107495,image_level_seed11,1,2,pituitary,0.0005643159584414,0.0001789815382924,0.999256702503266,2,pituitary,0.999256702503266,919d6f0fb3ca462983d6df6ec06846e41abd9645
efficientnet_b0,B,1181,107495,image_level_seed11,4,2,pituitary,0.0053709053459123,0.0029375604226537,0.991691534231434,2,pituitary,0.991691534231434,919d6f0fb3ca462983d6df6ec06846e41abd9645
efficientnet_b0,B,1182,107429,image_level_seed11,4,2,pituitary,0.0010327426864019,0.00049893247209,0.998468324841508,2,pituitary,0.998468324841508,919d6f0fb3ca462983d6df6ec06846e41abd9645
efficientnet_b0,B,1183,107429,image_level_seed11,5,2,pituitary,0.0015884461712993,0.0002671226170202,0.9981444312116804,2,pituitary,0.9981444312116804,919d6f0fb3ca462983d6df6ec06846e41abd9645
efficientnet_b0,B,1184,107429,image_level_seed11,4,2,pituitary,8.714683486653366e-05,1.343937973629704e-05,0.9998994137853972,2,pituitary,0.9998994137853972,919d6f0fb3ca462983d6df6ec06846e41abd9645
efficientnet_b0,B,1185,107429,image_level_seed11,3,2,pituitary,7.93719111023273e-06,1.8654419247534724e-06,0.999990197366965,2,pituitary,0.999990197366965,919d6f0fb3ca462983d6df6ec06846e41abd9645
efficientnet_b0,B,1186,107429,image_level_seed11,4,2,pituitary,0.0010635785505606,0.0002380539364474,0.9986983675129918,2,pituitary,0.9986983675129918,919d6f0fb3ca462983d6df6ec06846e41abd9645
efficientnet_b0,B,1187,107429,image_level_seed11,2,2,pituitary,0.0061874773482347,5.7858651940803745e-05,0.9937546639998244,2,pituitary,0.9937546639998244,919d6f0fb3ca462983d6df6ec06846e41abd9645
efficientnet_b0,B,1188,107429,image_level_seed11,2,2,pituitary,0.0018435425473512,0.0001940264468395,0.9979624310058092,2,pituitary,0.9979624310058092,919d6f0fb3ca462983d6df6ec06846e41abd9645
efficientnet_b0,B,1189,107505,image_level_seed11,1,2,pituitary,8.591427094032552e-05,0.0001547852697447,0.999759300459315,2,pituitary,0.999759300459315,919d6f0fb3ca462983d6df6ec06846e41abd9645
efficientnet_b0,B,1190,107505,image_level_seed11,4,2,pituitary,0.0044220823044239,0.0015156564667869,0.9940622612287888,2,pituitary,0.9940622612287888,919d6f0fb3ca462983d6df6ec06846e41abd9645
efficientnet_b0,B,1191,107505,image_level_seed11,1,2,pituitary,0.0002090503461775,0.0011521138218487,0.9986388358319738,2,pituitary,0.9986388358319738,919d6f0fb3ca462983d6df6ec06846e41abd9645
efficientnet_b0,B,1192,107505,image_level_seed11,3,2,pituitary,0.0001427234856895,4.879124028835239e-05,0.999808485274022,2,pituitary,0.999808485274022,919d6f0fb3ca462983d6df6ec06846e41abd9645
efficientnet_b0,B,1193,107505,image_level_seed11,2,2,pituitary,0.0011843989526038,0.0003219251422352,0.9984936759051608,2,pituitary,0.9984936759051608,919d6f0fb3ca462983d6df6ec06846e41abd9645
efficientnet_b0,B,1194,107743,image_level_seed11,3,2,pituitary,0.0012525025997464,0.0003366691574275,0.998410828242826,2,pituitary,0.998410828242826,919d6f0fb3ca462983d6df6ec06846e41abd9645
efficientnet_b0,B,1195,107743,image_level_seed11,1,2,pituitary,0.000125261295091,0.0001672632374575,0.9997074754674516,2,pituitary,0.9997074754674516,919d6f0fb3ca462983d6df6ec06846e41abd9645
efficientnet_b0,B,1196,107743,image_level_seed11,2,2,pituitary,0.0001428657137805,2.656011048007382e-05,0.9998305741757394,2,pituitary,0.9998305741757394,919d6f0fb3ca462983d6df6ec06846e41abd9645
efficientnet_b0,B,1197,107743,image_level_seed11,4,2,pituitary,0.0010474794525964,0.0003706856624943,0.9985818348849091,2,pituitary,0.9985818348849091,919d6f0fb3ca462983d6df6ec06846e41abd9645
efficientnet_b0,B,1198,108858,image_level_seed11,1,2,pituitary,0.0010102059384313,0.0003466084156396,0.998643185645929,2,pituitary,0.998643185645929,919d6f0fb3ca462983d6df6ec06846e41abd9645
efficientnet_b0,B,1199,108858,image_level_seed11,4,2,pituitary,0.000584019883299,6.015203676229525e-05,0.9993558280799386,2,pituitary,0.9993558280799386,919d6f0fb3ca462983d6df6ec06846e41abd9645
efficientnet_b0,B,1200,108858,image_level_seed11,5,2,pituitary,4.1100239746942374e-05,1.5403575174424766e-05,0.9999434961850786,2,pituitary,0.9999434961850786,919d6f0fb3ca462983d6df6ec06846e41abd9645
efficientnet_b0,B,1201,108858,image_level_seed11,1,2,pituitary,0.0078295726210399,0.0010348020913966,0.9911356252875636,2,pituitary,0.9911356252875636,919d6f0fb3ca462983d6df6ec06846e41abd9645
efficientnet_b0,B,1202,108858,image_level_seed11,1,2,pituitary,0.002186161226817,0.0005206813662014,0.9972931574069815,2,pituitary,0.9972931574069815,919d6f0fb3ca462983d6df6ec06846e41abd9645
efficientnet_b0,B,1203,108931,image_level_seed11,4,2,pituitary,0.0131634242617019,0.0036410859315713,0.9831954898067268,2,pituitary,0.9831954898067268,919d6f0fb3ca462983d6df6ec06846e41abd9645
efficientnet_b0,B,1204,108931,image_level_seed11,5,2,pituitary,0.0005428393515569,0.0001401084605696,0.9993170521878731,2,pituitary,0.9993170521878731,919d6f0fb3ca462983d6df6ec06846e41abd9645
efficientnet_b0,B,1205,108931,image_level_seed11,2,2,pituitary,0.0003709357582366,0.0001762189213296,0.9994528453204335,2,pituitary,0.9994528453204335,919d6f0fb3ca462983d6df6ec06846e41abd9645
efficientnet_b0,B,1206,108931,image_level_seed11,3,2,pituitary,0.0006878200560134,0.0001657559738161,0.9991464239701704,2,pituitary,0.9991464239701704,919d6f0fb3ca462983d6df6ec06846e41abd9645
efficientnet_b0,B,1207,108931,image_level_seed11,5,2,pituitary,0.001370409620409,0.00059324754329,0.9980363428363008,2,pituitary,0.9980363428363008,919d6f0fb3ca462983d6df6ec06846e41abd9645
efficientnet_b0,B,1208,109471,image_level_seed11,3,2,pituitary,0.0001324500420626,7.347047916770028e-05,0.9997940794787696,2,pituitary,0.9997940794787696,919d6f0fb3ca462983d6df6ec06846e41abd9645
efficientnet_b0,B,1209,109471,image_level_seed11,3,2,pituitary,1.0714397898646612e-05,1.416097599318094e-05,0.999975124626108,2,pituitary,0.999975124626108,919d6f0fb3ca462983d6df6ec06846e41abd9645
efficientnet_b0,B,1210,109471,image_level_seed11,3,2,pituitary,1.6187522652014505e-05,4.0823303757995826e-05,0.99994298917359,2,pituitary,0.99994298917359,919d6f0fb3ca462983d6df6ec06846e41abd9645
efficientnet_b0,B,1211,109471,image_level_seed11,1,2,pituitary,0.0001412917445503,0.0003483669727975,0.999510341282652,2,pituitary,0.999510341282652,919d6f0fb3ca462983d6df6ec06846e41abd9645
efficientnet_b0,B,1212,109471,image_level_seed11,2,2,pituitary,0.0003078081267166,7.441700282707798e-05,0.9996177748704562,2,pituitary,0.9996177748704562,919d6f0fb3ca462983d6df6ec06846e41abd9645
efficientnet_b0,B,1213,109471,image_level_seed11,1,2,pituitary,0.0001502315988845,0.0001342945194785,0.9997154738816368,2,pituitary,0.9997154738816368,919d6f0fb3ca462983d6df6ec06846e41abd9645
efficientnet_b0,B,1214,109769,image_level_seed11,1,2,pituitary,0.0017504968403064,0.0001798364927968,0.9980696666668968,2,pituitary,0.9980696666668968,919d6f0fb3ca462983d6df6ec06846e41abd9645
efficientnet_b0,B,1215,109769,image_level_seed11,2,2,pituitary,0.0008074712115445,8.407857271278071e-05,0.9991084502157426,2,pituitary,0.9991084502157426,919d6f0fb3ca462983d6df6ec06846e41abd9645
efficientnet_b0,B,1216,109769,image_level_seed11,4,2,pituitary,0.0090547932399599,0.001480863953157,0.989464342806883,2,pituitary,0.989464342806883,919d6f0fb3ca462983d6df6ec06846e41abd9645
efficientnet_b0,B,1217,109769,image_level_seed11,3,2,pituitary,0.0002291178141384,1.9513007847384825e-05,0.999751369178014,2,pituitary,0.999751369178014,919d6f0fb3ca462983d6df6ec06846e41abd9645
efficientnet_b0,B,1218,109769,image_level_seed11,5,2,pituitary,0.0040365207529085,0.0004608988005759,0.9955025804465156,2,pituitary,0.9955025804465156,919d6f0fb3ca462983d6df6ec06846e41abd9645
efficientnet_b0,B,1219,109898,image_level_seed11,3,2,pituitary,0.0003182222069702,0.0002705523924594,0.9994112254005704,2,pituitary,0.9994112254005704,919d6f0fb3ca462983d6df6ec06846e41abd9645
efficientnet_b0,B,1220,109898,image_level_seed11,3,2,pituitary,0.0042420316379359,0.0050621717808623,0.9906957965812015,2,pituitary,0.9906957965812015,919d6f0fb3ca462983d6df6ec06846e41abd9645
efficientnet_b0,B,1221,109898,image_level_seed11,1,2,pituitary,0.0058277851832863,0.6000243760482867,0.3941478387684269,1,glioma,0.6000243760482867,919d6f0fb3ca462983d6df6ec06846e41abd9645
efficientnet_b0,B,1222,110518,image_level_seed11,3,2,pituitary,5.7298790586008706e-05,1.0940213570627434e-05,0.9999317609958432,2,pituitary,0.9999317609958432,919d6f0fb3ca462983d6df6ec06846e41abd9645
efficientnet_b0,B,1223,110518,image_level_seed11,5,2,pituitary,0.0010868103856897,2.258477633417784e-05,0.998890604837976,2,pituitary,0.998890604837976,919d6f0fb3ca462983d6df6ec06846e41abd9645
efficientnet_b0,B,1224,110518,image_level_seed11,5,2,pituitary,6.938944653693992e-05,1.1100259587198497e-05,0.9999195102938756,2,pituitary,0.9999195102938756,919d6f0fb3ca462983d6df6ec06846e41abd9645
efficientnet_b0,B,1225,110518,image_level_seed11,2,2,pituitary,0.0001354548466205,6.187222663104614e-05,0.9998026729267484,2,pituitary,0.9998026729267484,919d6f0fb3ca462983d6df6ec06846e41abd9645
efficientnet_b0,B,1226,110537,image_level_seed11,3,2,pituitary,0.0012794090334622,0.0001405117526171,0.9985800792139206,2,pituitary,0.9985800792139206,919d6f0fb3ca462983d6df6ec06846e41abd9645
efficientnet_b0,B,1227,110537,image_level_seed11,4,2,pituitary,0.0001460500603026,1.1321496158643422e-05,0.9998426284435388,2,pituitary,0.9998426284435388,919d6f0fb3ca462983d6df6ec06846e41abd9645
efficientnet_b0,B,1228,110537,image_level_seed11,1,2,pituitary,0.0004324365160167,7.895174279187789e-05,0.9994886117411914,2,pituitary,0.9994886117411914,919d6f0fb3ca462983d6df6ec06846e41abd9645
efficientnet_b0,B,1229,110537,image_level_seed11,5,2,pituitary,0.0001077703616627,3.3416917486119115e-05,0.999858812720851,2,pituitary,0.999858812720851,919d6f0fb3ca462983d6df6ec06846e41abd9645
efficientnet_b0,B,1230,110993,image_level_seed11,3,2,pituitary,3.6675783704781474e-05,1.4521533034905574e-05,0.9999488026832604,2,pituitary,0.9999488026832604,919d6f0fb3ca462983d6df6ec06846e41abd9645
efficientnet_b0,B,1231,110993,image_level_seed11,2,2,pituitary,8.520041004001189e-06,6.162019609280253e-06,0.9999853179393868,2,pituitary,0.9999853179393868,919d6f0fb3ca462983d6df6ec06846e41abd9645
efficientnet_b0,B,1232,110993,image_level_seed11,1,2,pituitary,0.0001403096734434,0.0002394803252888,0.9996202100012676,2,pituitary,0.9996202100012676,919d6f0fb3ca462983d6df6ec06846e41abd9645
efficientnet_b0,B,1233,111075,image_level_seed11,5,2,pituitary,0.014947699313118,0.0049117261060113,0.9801405745808706,2,pituitary,0.9801405745808706,919d6f0fb3ca462983d6df6ec06846e41abd9645
efficientnet_b0,B,1234,111075,image_level_seed11,1,2,pituitary,0.0028234552960352,0.0009702882927425,0.9962062564112222,2,pituitary,0.9962062564112222,919d6f0fb3ca462983d6df6ec06846e41abd9645
efficientnet_b0,B,1235,111075,image_level_seed11,4,2,pituitary,0.0034315634897516,0.0002493177063378,0.9963191188039104,2,pituitary,0.9963191188039104,919d6f0fb3ca462983d6df6ec06846e41abd9645
efficientnet_b0,B,1236,111075,image_level_seed11,5,2,pituitary,0.0023007828165499,0.0005844944709452,0.9971147227125048,2,pituitary,0.9971147227125048,919d6f0fb3ca462983d6df6ec06846e41abd9645
efficientnet_b0,B,1237,111075,image_level_seed11,2,2,pituitary,7.456879611607993e-05,1.9790172609891924e-05,0.999905641031274,2,pituitary,0.999905641031274,919d6f0fb3ca462983d6df6ec06846e41abd9645
efficientnet_b0,B,1238,111125,image_level_seed11,4,2,pituitary,0.0017176615304497,0.0001656211563493,0.9981167173132008,2,pituitary,0.9981167173132008,919d6f0fb3ca462983d6df6ec06846e41abd9645
efficientnet_b0,B,1239,111125,image_level_seed11,4,2,pituitary,0.0006236865967262,0.0001851964176925,0.9991911169855812,2,pituitary,0.9991911169855812,919d6f0fb3ca462983d6df6ec06846e41abd9645
efficientnet_b0,B,1240,111125,image_level_seed11,4,2,pituitary,0.0014273651838299,0.000106872229645,0.9984657625865252,2,pituitary,0.9984657625865252,919d6f0fb3ca462983d6df6ec06846e41abd9645
efficientnet_b0,B,1241,111125,image_level_seed11,3,2,pituitary,0.0007198649410277,7.408000805499747e-05,0.9992060550509172,2,pituitary,0.9992060550509172,919d6f0fb3ca462983d6df6ec06846e41abd9645
efficientnet_b0,B,1242,111785,image_level_seed11,2,2,pituitary,9.86890411300876e-05,4.975470816440166e-05,0.9998515562507054,2,pituitary,0.9998515562507054,919d6f0fb3ca462983d6df6ec06846e41abd9645
efficientnet_b0,B,1243,111785,image_level_seed11,2,2,pituitary,0.0005656847551795,0.0002185119100475,0.9992158033347728,2,pituitary,0.9992158033347728,919d6f0fb3ca462983d6df6ec06846e41abd9645
efficientnet_b0,B,1244,111785,image_level_seed11,2,2,pituitary,5.732082835269216e-05,4.122654383360809e-05,0.9999014526278136,2,pituitary,0.9999014526278136,919d6f0fb3ca462983d6df6ec06846e41abd9645
efficientnet_b0,B,1245,111785,image_level_seed11,4,2,pituitary,0.0006922509718112,0.0001775424635589,0.9991302065646296,2,pituitary,0.9991302065646296,919d6f0fb3ca462983d6df6ec06846e41abd9645
efficientnet_b0,B,1246,112074,image_level_seed11,1,2,pituitary,0.0321212728113831,0.00138266292918,0.9664960642594368,2,pituitary,0.9664960642594368,919d6f0fb3ca462983d6df6ec06846e41abd9645
efficientnet_b0,B,1247,112074,image_level_seed11,3,2,pituitary,0.0274723018088082,0.0004593433469336,0.972068354844258,2,pituitary,0.972068354844258,919d6f0fb3ca462983d6df6ec06846e41abd9645
efficientnet_b0,B,1248,112074,image_level_seed11,3,2,pituitary,0.0083683477450912,0.0010843008662046,0.990547351388704,2,pituitary,0.990547351388704,919d6f0fb3ca462983d6df6ec06846e41abd9645
efficientnet_b0,B,1249,112074,image_level_seed11,2,2,pituitary,0.0027938548600997,0.0001461846894179,0.9970599604504824,2,pituitary,0.9970599604504824,919d6f0fb3ca462983d6df6ec06846e41abd9645
efficientnet_b0,B,1250,112074,image_level_seed11,5,2,pituitary,0.0385149103269365,0.0100226369839145,0.9514624526891488,2,pituitary,0.9514624526891488,919d6f0fb3ca462983d6df6ec06846e41abd9645
efficientnet_b0,B,1251,112649,image_level_seed11,3,2,pituitary,0.0013766558587299,0.0001809919718959,0.998442352169374,2,pituitary,0.998442352169374,919d6f0fb3ca462983d6df6ec06846e41abd9645
efficientnet_b0,B,1252,112649,image_level_seed11,4,2,pituitary,0.0277325183711644,0.005203036227491,0.9670644454013446,2,pituitary,0.9670644454013446,919d6f0fb3ca462983d6df6ec06846e41abd9645
efficientnet_b0,B,1253,112649,image_level_seed11,1,2,pituitary,0.0106059309681334,0.0091079829689627,0.9802860860629036,2,pituitary,0.9802860860629036,919d6f0fb3ca462983d6df6ec06846e41abd9645
efficientnet_b0,B,1254,112649,image_level_seed11,2,2,pituitary,0.0004230318149096,4.449849647584997e-05,0.9995324696886144,2,pituitary,0.9995324696886144,919d6f0fb3ca462983d6df6ec06846e41abd9645
efficientnet_b0,B,1255,112649,image_level_seed11,1,2,pituitary,0.0006026514046129,7.130362324939203e-05,0.9993260449721376,2,pituitary,0.9993260449721376,919d6f0fb3ca462983d6df6ec06846e41abd9645
efficientnet_b0,B,1256,112746,image_level_seed11,1,2,pituitary,0.000125635164544,8.795397026209486e-05,0.999786410865194,2,pituitary,0.999786410865194,919d6f0fb3ca462983d6df6ec06846e41abd9645
efficientnet_b0,B,1257,112746,image_level_seed11,5,2,pituitary,3.689774298784651e-05,2.3565538468542645e-05,0.9999395367185436,2,pituitary,0.9999395367185436,919d6f0fb3ca462983d6df6ec06846e41abd9645
efficientnet_b0,B,1258,112746,image_level_seed11,5,2,pituitary,3.821201307885305e-05,0.00014506971621,0.9998167182707112,2,pituitary,0.9998167182707112,919d6f0fb3ca462983d6df6ec06846e41abd9645
efficientnet_b0,B,1259,112746,image_level_seed11,5,2,pituitary,5.7573925320751587e-05,4.71830450073091e-05,0.999895243029672,2,pituitary,0.999895243029672,919d6f0fb3ca462983d6df6ec06846e41abd9645
efficientnet_b0,B,1260,112746,image_level_seed11,4,2,pituitary,7.691159269123033e-05,0.0003295530567442,0.9995935353505644,2,pituitary,0.9995935353505644,919d6f0fb3ca462983d6df6ec06846e41abd9645
efficientnet_b0,B,1261,112847,image_level_seed11,1,2,pituitary,0.000197367028915,6.0702960394573455e-05,0.9997419300106904,2,pituitary,0.9997419300106904,919d6f0fb3ca462983d6df6ec06846e41abd9645
efficientnet_b0,B,1262,112847,image_level_seed11,1,2,pituitary,0.0001225384084952,0.0004216228940808,0.9994558386974238,2,pituitary,0.9994558386974238,919d6f0fb3ca462983d6df6ec06846e41abd9645
efficientnet_b0,B,1263,112847,image_level_seed11,1,2,pituitary,0.0002678954304053,0.0030563240767455,0.9966757804928492,2,pituitary,0.9966757804928492,919d6f0fb3ca462983d6df6ec06846e41abd9645
efficientnet_b0,B,1264,112847,image_level_seed11,4,2,pituitary,1.5108671187261745e-05,2.834964435379231e-05,0.999956541684459,2,pituitary,0.999956541684459,919d6f0fb3ca462983d6df6ec06846e41abd9645
efficientnet_b0,B,1265,112847,image_level_seed11,1,2,pituitary,2.820413758379452e-05,0.000375192841919,0.9995966030204972,2,pituitary,0.9995966030204972,919d6f0fb3ca462983d6df6ec06846e41abd9645
efficientnet_b0,B,1266,113274,image_level_seed11,3,2,pituitary,0.0008134569755068,0.0029775862632018,0.9962089567612912,2,pituitary,0.9962089567612912,919d6f0fb3ca462983d6df6ec06846e41abd9645
efficientnet_b0,B,1267,113274,image_level_seed11,3,2,pituitary,0.0015602062880869,0.0079872864646636,0.9904525072472492,2,pituitary,0.9904525072472492,919d6f0fb3ca462983d6df6ec06846e41abd9645
efficientnet_b0,B,1268,113274,image_level_seed11,4,2,pituitary,0.0013849046806525,0.0060859974380062,0.9925290978813412,2,pituitary,0.9925290978813412,919d6f0fb3ca462983d6df6ec06846e41abd9645
efficientnet_b0,B,1269,113274,image_level_seed11,5,2,pituitary,0.0003807479043175,0.0002242140644574,0.9993950380312248,2,pituitary,0.9993950380312248,919d6f0fb3ca462983d6df6ec06846e41abd9645
efficientnet_b0,B,1270,113741,image_level_seed11,3,2,pituitary,0.0002364622501568,8.674988453302253e-06,0.99975486276139,2,pituitary,0.99975486276139,919d6f0fb3ca462983d6df6ec06846e41abd9645
efficientnet_b0,B,1271,113741,image_level_seed11,1,2,pituitary,0.000105055314841,2.122027889783837e-05,0.9998737244062612,2,pituitary,0.9998737244062612,919d6f0fb3ca462983d6df6ec06846e41abd9645
efficientnet_b0,B,1272,113741,image_level_seed11,1,2,pituitary,9.86339010818422e-05,5.746621158293496e-05,0.9998438998873352,2,pituitary,0.9998438998873352,919d6f0fb3ca462983d6df6ec06846e41abd9645
efficientnet_b0,B,1273,114040,image_level_seed11,5,2,pituitary,0.0002687103013055,0.0002514679582688,0.9994798217404256,2,pituitary,0.9994798217404256,919d6f0fb3ca462983d6df6ec06846e41abd9645
efficientnet_b0,B,1274,114040,image_level_seed11,3,2,pituitary,0.001526341937329,0.0009904658522067,0.9974831922104642,2,pituitary,0.9974831922104642,919d6f0fb3ca462983d6df6ec06846e41abd9645
efficientnet_b0,B,1275,114040,image_level_seed11,2,2,pituitary,0.0001159727764703,2.261049947396249e-05,0.9998614167240556,2,pituitary,0.9998614167240556,919d6f0fb3ca462983d6df6ec06846e41abd9645
efficientnet_b0,B,1276,114361,image_level_seed11,2,2,pituitary,0.0001055375115215,6.310621367534762e-06,0.9998881518671108,2,pituitary,0.9998881518671108,919d6f0fb3ca462983d6df6ec06846e41abd9645
efficientnet_b0,B,1277,114361,image_level_seed11,3,2,pituitary,0.0001852578578306,3.8548458697981905e-05,0.9997761936834714,2,pituitary,0.9997761936834714,919d6f0fb3ca462983d6df6ec06846e41abd9645
efficientnet_b0,B,1278,114361,image_level_seed11,1,2,pituitary,1.94933706701021e-05,2.868566203556302e-05,0.9999518209672944,2,pituitary,0.9999518209672944,919d6f0fb3ca462983d6df6ec06846e41abd9645
efficientnet_b0,B,1279,114094,image_level_seed11,1,2,pituitary,0.0004005865742616,0.0007630072725116,0.9988364061532268,2,pituitary,0.9988364061532268,919d6f0fb3ca462983d6df6ec06846e41abd9645
efficientnet_b0,B,1280,114094,image_level_seed11,5,2,pituitary,0.0001741673493474,0.0002021931627286,0.999623639487924,2,pituitary,0.999623639487924,919d6f0fb3ca462983d6df6ec06846e41abd9645
efficientnet_b0,B,1281,114094,image_level_seed11,1,2,pituitary,0.0013538199241319,0.0001236101804118,0.9985225698954564,2,pituitary,0.9985225698954564,919d6f0fb3ca462983d6df6ec06846e41abd9645
efficientnet_b0,B,1282,114094,image_level_seed11,4,2,pituitary,0.0004267773860949,0.000461658641417,0.999111563972488,2,pituitary,0.999111563972488,919d6f0fb3ca462983d6df6ec06846e41abd9645
efficientnet_b0,B,1283,101029,image_level_seed11,5,2,pituitary,0.0007552752344794,0.0112198981940711,0.9880248265714496,2,pituitary,0.9880248265714496,919d6f0fb3ca462983d6df6ec06846e41abd9645
efficientnet_b0,B,1284,101029,image_level_seed11,3,2,pituitary,6.026125200164616e-05,0.0002141749890093,0.999725563758989,2,pituitary,0.999725563758989,919d6f0fb3ca462983d6df6ec06846e41abd9645
efficientnet_b0,B,1285,101145,image_level_seed11,3,2,pituitary,0.0012322918126282,0.0001300382545163,0.9986376699328554,2,pituitary,0.9986376699328554,919d6f0fb3ca462983d6df6ec06846e41abd9645
efficientnet_b0,B,1286,101145,image_level_seed11,5,2,pituitary,7.986662235047942e-05,2.003037046952291e-05,0.99990010300718,2,pituitary,0.99990010300718,919d6f0fb3ca462983d6df6ec06846e41abd9645
efficientnet_b0,B,1287,101145,image_level_seed11,5,2,pituitary,8.903719722187557e-05,4.916178339172866e-06,0.9999060466244388,2,pituitary,0.9999060466244388,919d6f0fb3ca462983d6df6ec06846e41abd9645
efficientnet_b0,B,1288,101145,image_level_seed11,1,2,pituitary,9.576779311472408e-06,5.383297360578395e-06,0.999985039923328,2,pituitary,0.999985039923328,919d6f0fb3ca462983d6df6ec06846e41abd9645
efficientnet_b0,B,1289,101305,image_level_seed11,4,2,pituitary,0.0003406048362414,4.771091826205249e-05,0.9996116842454966,2,pituitary,0.9996116842454966,919d6f0fb3ca462983d6df6ec06846e41abd9645
efficientnet_b0,B,1290,101305,image_level_seed11,5,2,pituitary,0.000644526882704,7.009887339958979e-05,0.9992853742438964,2,pituitary,0.9992853742438964,919d6f0fb3ca462983d6df6ec06846e41abd9645
efficientnet_b0,B,1291,101305,image_level_seed11,1,2,pituitary,0.0001509782834625,0.0006501606544177,0.99919886106212,2,pituitary,0.99919886106212,919d6f0fb3ca462983d6df6ec06846e41abd9645
efficientnet_b0,B,1292,101305,image_level_seed11,3,2,pituitary,0.0002743612694212,0.0005023365344659,0.9992233021961128,2,pituitary,0.9992233021961128,919d6f0fb3ca462983d6df6ec06846e41abd9645
efficientnet_b0,B,1293,101724,image_level_seed11,5,2,pituitary,0.0004873930900929,0.0003448406588633,0.9991677662510436,2,pituitary,0.9991677662510436,919d6f0fb3ca462983d6df6ec06846e41abd9645
efficientnet_b0,B,1294,101724,image_level_seed11,5,2,pituitary,0.0062135689337598,0.0040123321198306,0.9897740989464092,2,pituitary,0.9897740989464092,919d6f0fb3ca462983d6df6ec06846e41abd9645
efficientnet_b0,B,1295,102648,image_level_seed11,3,2,pituitary,0.0001814578655409,0.0027540703359203,0.9970644717985389,2,pituitary,0.9970644717985389,919d6f0fb3ca462983d6df6ec06846e41abd9645
efficientnet_b0,B,1296,102648,image_level_seed11,4,2,pituitary,0.0001401305051275,0.0008792071824338,0.9989806623124384,2,pituitary,0.9989806623124384,919d6f0fb3ca462983d6df6ec06846e41abd9645
efficientnet_b0,B,1297,102648,image_level_seed11,4,2,pituitary,0.0006934435331418,0.0123888812191972,0.9869176752476608,2,pituitary,0.9869176752476608,919d6f0fb3ca462983d6df6ec06846e41abd9645
efficientnet_b0,B,1298,102648,image_level_seed11,4,2,pituitary,0.001654352675041,0.0090928149873112,0.9892528323376476,2,pituitary,0.9892528323376476,919d6f0fb3ca462983d6df6ec06846e41abd9645
efficientnet_b0,B,1299,102648,image_level_seed11,2,2,pituitary,0.0043661812300594,0.0024498892896004,0.99318392948034,2,pituitary,0.99318392948034,919d6f0fb3ca462983d6df6ec06846e41abd9645
efficientnet_b0,B,1300,102648,image_level_seed11,1,2,pituitary,0.0180078371665841,0.040064768915286,0.94192739391813,2,pituitary,0.94192739391813,919d6f0fb3ca462983d6df6ec06846e41abd9645
efficientnet_b0,B,1301,103046,image_level_seed11,2,2,pituitary,4.655276690469891e-05,2.738332893423826e-05,0.9999260639041608,2,pituitary,0.9999260639041608,919d6f0fb3ca462983d6df6ec06846e41abd9645
efficientnet_b0,B,1302,103046,image_level_seed11,5,2,pituitary,0.0001006762541797,7.211081710754563e-05,0.9998272129287126,2,pituitary,0.9998272129287126,919d6f0fb3ca462983d6df6ec06846e41abd9645
efficientnet_b0,B,1303,103046,image_level_seed11,1,2,pituitary,8.619471225771966e-05,0.0001443152557814,0.9997694900319608,2,pituitary,0.9997694900319608,919d6f0fb3ca462983d6df6ec06846e41abd9645
efficientnet_b0,B,1304,103257,image_level_seed11,4,2,pituitary,0.0028924373536142,0.0001486848192734,0.9969588778271122,2,pituitary,0.9969588778271122,919d6f0fb3ca462983d6df6ec06846e41abd9645
efficientnet_b0,B,1305,103257,image_level_seed11,5,2,pituitary,2.2956746695791643e-05,3.604446916869184e-06,0.9999734388063872,2,pituitary,0.9999734388063872,919d6f0fb3ca462983d6df6ec06846e41abd9645
efficientnet_b0,B,1306,103257,image_level_seed11,1,2,pituitary,0.0002294364976936,8.238861920471185e-05,0.9996881748831018,2,pituitary,0.9996881748831018,919d6f0fb3ca462983d6df6ec06846e41abd9645
efficientnet_b0,B,1307,103257,image_level_seed11,2,2,pituitary,0.000376648078041,6.113659868064574e-05,0.9995622153232784,2,pituitary,0.9995622153232784,919d6f0fb3ca462983d6df6ec06846e41abd9645
efficientnet_b0,B,1308,103257,image_level_seed11,1,2,pituitary,0.0013787170691837,0.0002700360834807,0.9983512468473354,2,pituitary,0.9983512468473354,919d6f0fb3ca462983d6df6ec06846e41abd9645
efficientnet_b0,B,1309,103257,image_level_seed11,2,2,pituitary,0.0009561278690145,7.468234591104509e-05,0.9989691897850744,2,pituitary,0.9989691897850744,919d6f0fb3ca462983d6df6ec06846e41abd9645
efficientnet_b0,B,1310,103478,image_level_seed11,3,2,pituitary,0.0003675157024948,6.243771175943972e-05,0.9995700465857458,2,pituitary,0.9995700465857458,919d6f0fb3ca462983d6df6ec06846e41abd9645
efficientnet_b0,B,1311,103478,image_level_seed11,1,2,pituitary,0.0054843650846339,0.0023176937341105,0.9921979411812556,2,pituitary,0.9921979411812556,919d6f0fb3ca462983d6df6ec06846e41abd9645
efficientnet_b0,B,1312,103478,image_level_seed11,5,2,pituitary,4.7904414796726075e-05,2.4095474639506903e-05,0.9999280001105636,2,pituitary,0.9999280001105636,919d6f0fb3ca462983d6df6ec06846e41abd9645
efficientnet_b0,B,1313,103478,image_level_seed11,3,2,pituitary,0.0002171433047953,3.536738846177694e-05,0.9997474893067428,2,pituitary,0.9997474893067428,919d6f0fb3ca462983d6df6ec06846e41abd9645
efficientnet_b0,B,1314,103478,image_level_seed11,4,2,pituitary,0.0014534992014529,0.0011298586434564,0.9974166421550906,2,pituitary,0.9974166421550906,919d6f0fb3ca462983d6df6ec06846e41abd9645
efficientnet_b0,B,1315,103478,image_level_seed11,2,2,pituitary,0.0056797893635113,0.0007408971159989,0.9935793135204896,2,pituitary,0.9935793135204896,919d6f0fb3ca462983d6df6ec06846e41abd9645
efficientnet_b0,B,1316,103478,image_level_seed11,5,2,pituitary,0.0033149521375267,0.0198815917379114,0.9768034561245618,2,pituitary,0.9768034561245618,919d6f0fb3ca462983d6df6ec06846e41abd9645
efficientnet_b0,B,1317,103582,image_level_seed11,4,2,pituitary,0.0003864787442366,0.0009272610942188,0.9986862601615444,2,pituitary,0.9986862601615444,919d6f0fb3ca462983d6df6ec06846e41abd9645
efficientnet_b0,B,1318,103582,image_level_seed11,3,2,pituitary,0.0062260668480721,0.0004819921919987,0.9932919409599292,2,pituitary,0.9932919409599292,919d6f0fb3ca462983d6df6ec06846e41abd9645
efficientnet_b0,B,1319,103582,image_level_seed11,3,2,pituitary,0.0004505192306726,9.57466534084388e-05,0.9994537341159188,2,pituitary,0.9994537341159188,919d6f0fb3ca462983d6df6ec06846e41abd9645
efficientnet_b0,B,1320,103582,image_level_seed11,2,2,pituitary,0.0001021411852065,7.96637894246087e-05,0.999818195025369,2,pituitary,0.999818195025369,919d6f0fb3ca462983d6df6ec06846e41abd9645
efficientnet_b0,B,1321,103582,image_level_seed11,3,2,pituitary,0.0001341909604017,6.0143540768366376e-05,0.99980566549883,2,pituitary,0.99980566549883,919d6f0fb3ca462983d6df6ec06846e41abd9645
efficientnet_b0,B,1322,103582,image_level_seed11,1,2,pituitary,0.0005025362212591,0.0026558036381137,0.9968416601406273,2,pituitary,0.9968416601406273,919d6f0fb3ca462983d6df6ec06846e41abd9645
efficientnet_b0,B,1323,103670,image_level_seed11,4,2,pituitary,0.001429834838321,0.0001563457871213,0.9984138193745576,2,pituitary,0.9984138193745576,919d6f0fb3ca462983d6df6ec06846e41abd9645
efficientnet_b0,B,1324,103670,image_level_seed11,4,2,pituitary,0.0009373973477688,0.0001117036955154,0.9989508989567156,2,pituitary,0.9989508989567156,919d6f0fb3ca462983d6df6ec06846e41abd9645
efficientnet_b0,B,1325,103670,image_level_seed11,4,2,pituitary,0.0001903883527269,4.3209306236824825e-05,0.9997664023410364,2,pituitary,0.9997664023410364,919d6f0fb3ca462983d6df6ec06846e41abd9645
efficientnet_b0,B,1326,103671,image_level_seed11,5,2,pituitary,0.0400120780056589,0.0159657413091041,0.9440221806852368,2,pituitary,0.9440221806852368,919d6f0fb3ca462983d6df6ec06846e41abd9645
efficientnet_b0,B,1327,103671,image_level_seed11,3,2,pituitary,0.0005070388386914,0.0025560605332828,0.9969369006280256,2,pituitary,0.9969369006280256,919d6f0fb3ca462983d6df6ec06846e41abd9645
efficientnet_b0,B,1328,103671,image_level_seed11,1,2,pituitary,0.0233983530444711,0.0089643454166725,0.9676373015388564,2,pituitary,0.9676373015388564,919d6f0fb3ca462983d6df6ec06846e41abd9645
efficientnet_b0,B,1329,103671,image_level_seed11,5,2,pituitary,0.0316735565615869,0.1342897644513606,0.8340366789870524,2,pituitary,0.8340366789870524,919d6f0fb3ca462983d6df6ec06846e41abd9645
efficientnet_b0,B,1330,103731,image_level_seed11,1,2,pituitary,0.0001426495547361,0.0001685731520438,0.9996887772932198,2,pituitary,0.9996887772932198,919d6f0fb3ca462983d6df6ec06846e41abd9645
efficientnet_b0,B,1331,103731,image_level_seed11,1,2,pituitary,0.0006962967711356,0.0003178702388979,0.9989858329899662,2,pituitary,0.9989858329899662,919d6f0fb3ca462983d6df6ec06846e41abd9645
efficientnet_b0,B,1332,103731,image_level_seed11,5,2,pituitary,9.257845490372728e-05,6.522573659826001e-05,0.999842195808498,2,pituitary,0.999842195808498,919d6f0fb3ca462983d6df6ec06846e41abd9645
efficientnet_b0,B,1333,103731,image_level_seed11,1,2,pituitary,0.0003958965616592,0.0003711287968421,0.9992329746414984,2,pituitary,0.9992329746414984,919d6f0fb3ca462983d6df6ec06846e41abd9645
efficientnet_b0,B,1334,103731,image_level_seed11,2,2,pituitary,0.0011743536897291,0.0005860507642839,0.998239595545987,2,pituitary,0.998239595545987,919d6f0fb3ca462983d6df6ec06846e41abd9645
efficientnet_b0,B,1335,103731,image_level_seed11,1,2,pituitary,0.0001762288037329,0.0001351808231605,0.9996885903731064,2,pituitary,0.9996885903731064,919d6f0fb3ca462983d6df6ec06846e41abd9645
efficientnet_b0,B,1336,103731,image_level_seed11,4,2,pituitary,0.0006375579528808,0.0003595329828044,0.9990029090643148,2,pituitary,0.9990029090643148,919d6f0fb3ca462983d6df6ec06846e41abd9645
efficientnet_b0,B,1337,103731,image_level_seed11,1,2,pituitary,0.0031509630742149,0.0090345594461434,0.9878144774796416,2,pituitary,0.9878144774796416,919d6f0fb3ca462983d6df6ec06846e41abd9645
efficientnet_b0,B,1338,103731,image_level_seed11,1,2,pituitary,0.0069595014318068,0.0039509049587776,0.9890895936094156,2,pituitary,0.9890895936094156,919d6f0fb3ca462983d6df6ec06846e41abd9645
efficientnet_b0,B,1339,103731,image_level_seed11,3,2,pituitary,9.704690441781696e-05,0.0004218487314365,0.9994811043641456,2,pituitary,0.9994811043641456,919d6f0fb3ca462983d6df6ec06846e41abd9645
efficientnet_b0,B,1340,103837,image_level_seed11,2,2,pituitary,0.0013116339641286,0.0001342575005932,0.9985541085352782,2,pituitary,0.9985541085352782,919d6f0fb3ca462983d6df6ec06846e41abd9645
efficientnet_b0,B,1341,103837,image_level_seed11,3,2,pituitary,0.0004931046144333,3.612300805778925e-05,0.9994707723775088,2,pituitary,0.9994707723775088,919d6f0fb3ca462983d6df6ec06846e41abd9645
efficientnet_b0,B,1342,103837,image_level_seed11,5,2,pituitary,0.0001791638620473,3.2129724762059446e-05,0.9997887064131908,2,pituitary,0.9997887064131908,919d6f0fb3ca462983d6df6ec06846e41abd9645
efficientnet_b0,B,1343,103837,image_level_seed11,2,2,pituitary,0.0013482563440129,0.0002343183285243,0.9984174253274628,2,pituitary,0.9984174253274628,919d6f0fb3ca462983d6df6ec06846e41abd9645
efficientnet_b0,B,1344,103837,image_level_seed11,2,2,pituitary,0.0004304618700247,3.741730614622191e-05,0.9995321208238293,2,pituitary,0.9995321208238293,919d6f0fb3ca462983d6df6ec06846e41abd9645
efficientnet_b0,B,1345,103837,image_level_seed11,3,2,pituitary,0.0003858249034501,1.3383733161194751e-05,0.9996007913633886,2,pituitary,0.9996007913633886,919d6f0fb3ca462983d6df6ec06846e41abd9645
efficientnet_b0,B,1346,103837,image_level_seed11,5,2,pituitary,0.0013574409940989,0.0001724688137694,0.9984700901921316,2,pituitary,0.9984700901921316,919d6f0fb3ca462983d6df6ec06846e41abd9645
efficientnet_b0,B,1347,103837,image_level_seed11,4,2,pituitary,0.0001981891859479,1.9691155819168236e-05,0.9997821196582328,2,pituitary,0.9997821196582328,919d6f0fb3ca462983d6df6ec06846e41abd9645
efficientnet_b0,B,1348,104019,image_level_seed11,2,2,pituitary,0.0010243730994909,0.0010946692426318,0.9978809576578772,2,pituitary,0.9978809576578772,919d6f0fb3ca462983d6df6ec06846e41abd9645
efficientnet_b0,B,1349,104019,image_level_seed11,5,2,pituitary,4.8029491861178486e-05,3.1852720125417996e-05,0.9999201177880134,2,pituitary,0.9999201177880134,919d6f0fb3ca462983d6df6ec06846e41abd9645
efficientnet_b0,B,1350,104019,image_level_seed11,5,2,pituitary,0.0001748315904092,7.190544870035433e-05,0.9997532629608904,2,pituitary,0.9997532629608904,919d6f0fb3ca462983d6df6ec06846e41abd9645
efficientnet_b0,B,1351,104019,image_level_seed11,2,2,pituitary,0.0001366928686744,5.521787812340704e-05,0.9998080892532024,2,pituitary,0.9998080892532024,919d6f0fb3ca462983d6df6ec06846e41abd9645
efficientnet_b0,B,1352,104558,image_level_seed11,3,2,pituitary,0.0001142851752694,3.2806209145830595e-05,0.9998529086155848,2,pituitary,0.9998529086155848,919d6f0fb3ca462983d6df6ec06846e41abd9645
efficientnet_b0,B,1353,104558,image_level_seed11,1,2,pituitary,0.0003968327211468,0.0038078719531557,0.9957952953256975,2,pituitary,0.9957952953256975,919d6f0fb3ca462983d6df6ec06846e41abd9645
efficientnet_b0,B,1354,104558,image_level_seed11,4,2,pituitary,0.0001300001626377,2.465771120804891e-05,0.9998453421261542,2,pituitary,0.9998453421261542,919d6f0fb3ca462983d6df6ec06846e41abd9645
efficientnet_b0,B,1355,104558,image_level_seed11,2,2,pituitary,0.0011238366357164,0.0007479789733753,0.998128184390908,2,pituitary,0.998128184390908,919d6f0fb3ca462983d6df6ec06846e41abd9645
efficientnet_b0,B,1356,104558,image_level_seed11,2,2,pituitary,0.0017040245868592,0.0003729506131476,0.9979230247999932,2,pituitary,0.9979230247999932,919d6f0fb3ca462983d6df6ec06846e41abd9645
efficientnet_b0,B,1357,104558,image_level_seed11,5,2,pituitary,0.0010277989193031,0.0001002841513212,0.9988719169293756,2,pituitary,0.9988719169293756,919d6f0fb3ca462983d6df6ec06846e41abd9645
efficientnet_b0,B,1358,104558,image_level_seed11,5,2,pituitary,0.0485315389862539,0.0014748898558393,0.9499935711579066,2,pituitary,0.9499935711579066,919d6f0fb3ca462983d6df6ec06846e41abd9645
efficientnet_b0,B,1359,104558,image_level_seed11,3,2,pituitary,0.0172870792420097,0.0004674543706793,0.9822454663873108,2,pituitary,0.9822454663873108,919d6f0fb3ca462983d6df6ec06846e41abd9645
efficientnet_b0,B,1360,104684,image_level_seed11,3,2,pituitary,7.969375850273875e-05,1.3532464947892809e-05,0.9999067737765494,2,pituitary,0.9999067737765494,919d6f0fb3ca462983d6df6ec06846e41abd9645
efficientnet_b0,B,1361,104684,image_level_seed11,2,2,pituitary,0.0002003275164639,4.630306177459631e-05,0.9997533694217612,2,pituitary,0.9997533694217612,919d6f0fb3ca462983d6df6ec06846e41abd9645
efficientnet_b0,B,1362,104684,image_level_seed11,2,2,pituitary,4.757092829317302e-05,4.9400621680723734e-05,0.999903028450026,2,pituitary,0.999903028450026,919d6f0fb3ca462983d6df6ec06846e41abd9645
efficientnet_b0,B,1363,104684,image_level_seed11,4,2,pituitary,3.0561666816578274e-05,8.478471574791927e-06,0.9999609598616086,2,pituitary,0.9999609598616086,919d6f0fb3ca462983d6df6ec06846e41abd9645
efficientnet_b0,B,1364,104684,image_level_seed11,2,2,pituitary,0.0004136519401941,0.0005307960325863,0.9990555520272196,2,pituitary,0.9990555520272196,919d6f0fb3ca462983d6df6ec06846e41abd9645
efficientnet_b0,B,1365,104684,image_level_seed11,1,2,pituitary,0.0003011123920516,0.0003905250688845,0.9993083625390636,2,pituitary,0.9993083625390636,919d6f0fb3ca462983d6df6ec06846e41abd9645
efficientnet_b0,B,1366,104684,image_level_seed11,1,2,pituitary,0.0003188587884885,0.0001576723615632,0.999523468849948,2,pituitary,0.999523468849948,919d6f0fb3ca462983d6df6ec06846e41abd9645
efficientnet_b0,B,1367,104684,image_level_seed11,2,2,pituitary,0.0001307997766726,2.9198209108292172e-05,0.999840002014219,2,pituitary,0.999840002014219,919d6f0fb3ca462983d6df6ec06846e41abd9645
efficientnet_b0,B,1368,104684,image_level_seed11,4,2,pituitary,0.0002209203983808,3.577461827160974e-05,0.9997433049833476,2,pituitary,0.9997433049833476,919d6f0fb3ca462983d6df6ec06846e41abd9645
efficientnet_b0,B,1369,104912,image_level_seed11,5,2,pituitary,0.0037527116377182,0.0004819025038012,0.9957653858584804,2,pituitary,0.9957653858584804,919d6f0fb3ca462983d6df6ec06846e41abd9645
efficientnet_b0,B,1370,104912,image_level_seed11,5,2,pituitary,0.0038024531238424,0.0012833865517346,0.9949141603244228,2,pituitary,0.9949141603244228,919d6f0fb3ca462983d6df6ec06846e41abd9645
efficientnet_b0,B,1371,104912,image_level_seed11,5,2,pituitary,0.0160955335353591,0.0034552316837739,0.9804492347808668,2,pituitary,0.9804492347808668,919d6f0fb3ca462983d6df6ec06846e41abd9645
efficientnet_b0,B,1372,104912,image_level_seed11,3,2,pituitary,0.0009031771193663,9.428649330613394e-05,0.9990025363873276,2,pituitary,0.9990025363873276,919d6f0fb3ca462983d6df6ec06846e41abd9645
efficientnet_b0,B,1373,104912,image_level_seed11,3,2,pituitary,9.377224922879211e-05,0.0002157295002173,0.999690498250554,2,pituitary,0.999690498250554,919d6f0fb3ca462983d6df6ec06846e41abd9645
efficientnet_b0,B,1374,105187,image_level_seed11,4,2,pituitary,0.0036379949116069,0.0003625930705859,0.9959994120178072,2,pituitary,0.9959994120178072,919d6f0fb3ca462983d6df6ec06846e41abd9645
efficientnet_b0,B,1375,105187,image_level_seed11,4,2,pituitary,0.0017740492536493,9.35000222559466e-05,0.9981324507240948,2,pituitary,0.9981324507240948,919d6f0fb3ca462983d6df6ec06846e41abd9645
efficientnet_b0,B,1376,105187,image_level_seed11,2,2,pituitary,0.0020567500092585,0.000312688240081,0.9976305617506604,2,pituitary,0.9976305617506604,919d6f0fb3ca462983d6df6ec06846e41abd9645
efficientnet_b0,B,1377,105187,image_level_seed11,2,2,pituitary,0.0001146351014928,8.208933155716092e-05,0.99980327556695,2,pituitary,0.99980327556695,919d6f0fb3ca462983d6df6ec06846e41abd9645
efficientnet_b0,B,1378,105475,image_level_seed11,3,2,pituitary,0.0003336345622326,0.0003077176965837,0.9993586477411835,2,pituitary,0.9993586477411835,919d6f0fb3ca462983d6df6ec06846e41abd9645
efficientnet_b0,B,1379,105475,image_level_seed11,4,2,pituitary,0.0001102953701011,0.0002535167636184,0.9996361878662804,2,pituitary,0.9996361878662804,919d6f0fb3ca462983d6df6ec06846e41abd9645
efficientnet_b0,B,1380,105538,image_level_seed11,4,2,pituitary,0.4686818371358038,0.1890948492998249,0.3422233135643711,0,meningioma,0.4686818371358038,919d6f0fb3ca462983d6df6ec06846e41abd9645
efficientnet_b0,B,1381,105538,image_level_seed11,4,2,pituitary,0.1727651204564985,0.0090590110237908,0.8181758685197106,2,pituitary,0.8181758685197106,919d6f0fb3ca462983d6df6ec06846e41abd9645
efficientnet_b0,B,1382,105538,image_level_seed11,5,2,pituitary,0.0320773278616642,0.0018663157062516,0.9660563564320842,2,pituitary,0.9660563564320842,919d6f0fb3ca462983d6df6ec06846e41abd9645
efficientnet_b0,B,1383,105638,image_level_seed11,5,2,pituitary,0.0007807225155804,9.48859353819496e-05,0.9991243915490376,2,pituitary,0.9991243915490376,919d6f0fb3ca462983d6df6ec06846e41abd9645
efficientnet_b0,B,1384,105638,image_level_seed11,3,2,pituitary,0.0007924299520855,0.0001481208668018,0.9990594491811126,2,pituitary,0.9990594491811126,919d6f0fb3ca462983d6df6ec06846e41abd9645
efficientnet_b0,B,1385,105638,image_level_seed11,4,2,pituitary,0.0095057961583894,0.0008386316708042,0.9896555721708062,2,pituitary,0.9896555721708062,919d6f0fb3ca462983d6df6ec06846e41abd9645
efficientnet_b0,B,1386,97416,image_level_seed11,4,2,pituitary,4.394541740047908e-05,0.0002973636147533,0.999658690967846,2,pituitary,0.999658690967846,919d6f0fb3ca462983d6df6ec06846e41abd9645
efficientnet_b0,B,1387,97416,image_level_seed11,5,2,pituitary,0.0003663170357995,0.0014813832961171,0.9981522996680834,2,pituitary,0.9981522996680834,919d6f0fb3ca462983d6df6ec06846e41abd9645
efficientnet_b0,B,1388,97416,image_level_seed11,3,2,pituitary,0.0002124896538837,0.000186446495845,0.9996010638502713,2,pituitary,0.9996010638502713,919d6f0fb3ca462983d6df6ec06846e41abd9645
efficientnet_b0,B,1389,97416,image_level_seed11,4,2,pituitary,0.0003900398894979,6.0014096949779346e-05,0.9995499460135524,2,pituitary,0.9995499460135524,919d6f0fb3ca462983d6df6ec06846e41abd9645
efficientnet_b0,B,1390,97416,image_level_seed11,4,2,pituitary,0.0004437612277339,3.1782633893734664e-05,0.9995244561383724,2,pituitary,0.9995244561383724,919d6f0fb3ca462983d6df6ec06846e41abd9645
efficientnet_b0,B,1391,97416,image_level_seed11,3,2,pituitary,0.0001568716833096,7.88037751126873e-05,0.9997643245415776,2,pituitary,0.9997643245415776,919d6f0fb3ca462983d6df6ec06846e41abd9645
efficientnet_b0,B,1392,97416,image_level_seed11,2,2,pituitary,0.0038872837423173,0.0004647052751725,0.9956480109825102,2,pituitary,0.9956480109825102,919d6f0fb3ca462983d6df6ec06846e41abd9645
efficientnet_b0,B,1393,97416,image_level_seed11,4,2,pituitary,0.0006461965320709,0.0006923704169435,0.9986614330509854,2,pituitary,0.9986614330509854,919d6f0fb3ca462983d6df6ec06846e41abd9645
efficientnet_b0,B,1394,97416,image_level_seed11,5,2,pituitary,9.227188004686647e-05,0.000483695023573,0.9994240330963802,2,pituitary,0.9994240330963802,919d6f0fb3ca462983d6df6ec06846e41abd9645
efficientnet_b0,B,1395,97461,image_level_seed11,1,2,pituitary,0.0017432929221802,0.0004290553168764,0.9978276517609432,2,pituitary,0.9978276517609432,919d6f0fb3ca462983d6df6ec06846e41abd9645
efficientnet_b0,B,1396,97461,image_level_seed11,4,2,pituitary,0.0001021688689455,0.0002639677501485,0.999633863380906,2,pituitary,0.999633863380906,919d6f0fb3ca462983d6df6ec06846e41abd9645
efficientnet_b0,B,1397,97461,image_level_seed11,1,2,pituitary,0.0001716931550665,0.0001052553537801,0.9997230514911531,2,pituitary,0.9997230514911531,919d6f0fb3ca462983d6df6ec06846e41abd9645
efficientnet_b0,B,1398,97461,image_level_seed11,5,2,pituitary,7.890031883160826e-06,1.550225738350557e-05,0.9999766077107334,2,pituitary,0.9999766077107334,919d6f0fb3ca462983d6df6ec06846e41abd9645
efficientnet_b0,B,1399,97461,image_level_seed11,3,2,pituitary,2.4063847629242132e-05,3.504705089106033e-05,0.9999408891014796,2,pituitary,0.9999408891014796,919d6f0fb3ca462983d6df6ec06846e41abd9645
efficientnet_b0,B,1400,97461,image_level_seed11,4,2,pituitary,2.653064488374196e-05,2.529959584571558e-05,0.9999481697592706,2,pituitary,0.9999481697592706,919d6f0fb3ca462983d6df6ec06846e41abd9645
efficientnet_b0,B,1401,97461,image_level_seed11,2,2,pituitary,1.7239969374345038e-05,2.5666634165393475e-05,0.9999570933964602,2,pituitary,0.9999570933964602,919d6f0fb3ca462983d6df6ec06846e41abd9645
efficientnet_b0,B,1402,97461,image_level_seed11,1,2,pituitary,1.740317294826505e-05,0.0001957221888307,0.999786874638221,2,pituitary,0.999786874638221,919d6f0fb3ca462983d6df6ec06846e41abd9645
efficientnet_b0,B,1403,97461,image_level_seed11,1,2,pituitary,0.0001155639398362,0.00025428007936,0.9996301559808036,2,pituitary,0.9996301559808036,919d6f0fb3ca462983d6df6ec06846e41abd9645
efficientnet_b0,B,1404,97481,image_level_seed11,5,2,pituitary,0.0134953099205053,0.0032207262830996,0.9832839637963948,2,pituitary,0.9832839637963948,919d6f0fb3ca462983d6df6ec06846e41abd9645
efficientnet_b0,B,1405,97481,image_level_seed11,5,2,pituitary,0.0047796604925357,0.0015666725011739,0.9936536670062902,2,pituitary,0.9936536670062902,919d6f0fb3ca462983d6df6ec06846e41abd9645
efficientnet_b0,B,1406,97481,image_level_seed11,2,2,pituitary,0.0069020927723812,0.0045057968536719,0.9885921103739468,2,pituitary,0.9885921103739468,919d6f0fb3ca462983d6df6ec06846e41abd9645
efficientnet_b0,B,1407,97481,image_level_seed11,1,2,pituitary,0.0005766090388457,0.0001362150592645,0.99928717590189,2,pituitary,0.99928717590189,919d6f0fb3ca462983d6df6ec06846e41abd9645
efficientnet_b0,B,1408,97599,image_level_seed11,3,2,pituitary,0.0001663123425208,0.0008049757811721,0.999028711876307,2,pituitary,0.999028711876307,919d6f0fb3ca462983d6df6ec06846e41abd9645
efficientnet_b0,B,1409,97599,image_level_seed11,5,2,pituitary,0.0186309710270862,0.0011791290598022,0.9801898999131116,2,pituitary,0.9801898999131116,919d6f0fb3ca462983d6df6ec06846e41abd9645
efficientnet_b0,B,1410,97890,image_level_seed11,2,2,pituitary,0.0001018897186461,0.000146634674786,0.999751475606568,2,pituitary,0.999751475606568,919d6f0fb3ca462983d6df6ec06846e41abd9645
efficientnet_b0,B,1411,97890,image_level_seed11,2,2,pituitary,0.000712214776774,0.0011442243401177,0.9981435608831082,2,pituitary,0.9981435608831082,919d6f0fb3ca462983d6df6ec06846e41abd9645
efficientnet_b0,B,1412,97890,image_level_seed11,5,2,pituitary,0.0002593285293295,0.0003318040109587,0.9994088674597116,2,pituitary,0.9994088674597116,919d6f0fb3ca462983d6df6ec06846e41abd9645
efficientnet_b0,B,1413,97890,image_level_seed11,2,2,pituitary,8.443157198406576e-05,0.0001733626980896,0.9997422057299264,2,pituitary,0.9997422057299264,919d6f0fb3ca462983d6df6ec06846e41abd9645
efficientnet_b0,B,1414,98472,image_level_seed11,1,2,pituitary,0.0006947086921603,0.0003128096298061,0.9989924816780336,2,pituitary,0.9989924816780336,919d6f0fb3ca462983d6df6ec06846e41abd9645
efficientnet_b0,B,1415,98472,image_level_seed11,5,2,pituitary,0.000604856059281,0.0003240379052867,0.9990711060354324,2,pituitary,0.9990711060354324,919d6f0fb3ca462983d6df6ec06846e41abd9645
efficientnet_b0,B,1416,98472,image_level_seed11,1,2,pituitary,5.2211795988785734e-05,8.25233806307226e-05,0.9998652648233805,2,pituitary,0.9998652648233805,919d6f0fb3ca462983d6df6ec06846e41abd9645
efficientnet_b0,B,1417,98472,image_level_seed11,5,2,pituitary,6.529098250296572e-05,7.713660184150724e-05,0.9998575724156556,2,pituitary,0.9998575724156556,919d6f0fb3ca462983d6df6ec06846e41abd9645
efficientnet_b0,B,1418,98472,image_level_seed11,4,2,pituitary,0.0227089519524247,0.0017666177892324,0.9755244302583428,2,pituitary,0.9755244302583428,919d6f0fb3ca462983d6df6ec06846e41abd9645
efficientnet_b0,B,1419,98472,image_level_seed11,2,2,pituitary,0.0022434970037407,0.0001105584099979,0.9976459445862614,2,pituitary,0.9976459445862614,919d6f0fb3ca462983d6df6ec06846e41abd9645
efficientnet_b0,B,1420,98472,image_level_seed11,3,2,pituitary,0.001762488008262,0.000410615278023,0.9978268967137148,2,pituitary,0.9978268967137148,919d6f0fb3ca462983d6df6ec06846e41abd9645
efficientnet_b0,B,1421,98652,image_level_seed11,3,2,pituitary,0.0007138156316844,0.0002624348640823,0.9990237495042332,2,pituitary,0.9990237495042332,919d6f0fb3ca462983d6df6ec06846e41abd9645
efficientnet_b0,B,1422,98652,image_level_seed11,3,2,pituitary,0.0001271511735069,0.000171359718483,0.9997014891080102,2,pituitary,0.9997014891080102,919d6f0fb3ca462983d6df6ec06846e41abd9645
efficientnet_b0,B,1423,98652,image_level_seed11,1,2,pituitary,0.0002276682520309,0.0004235768036741,0.9993487549442948,2,pituitary,0.9993487549442948,919d6f0fb3ca462983d6df6ec06846e41abd9645
efficientnet_b0,B,1424,98871,image_level_seed11,5,2,pituitary,1.3581225267066022e-05,4.536357246624763e-05,0.9999410552022666,2,pituitary,0.9999410552022666,919d6f0fb3ca462983d6df6ec06846e41abd9645
efficientnet_b0,B,1425,98871,image_level_seed11,2,2,pituitary,1.7083745113131767e-05,4.155347789374577e-05,0.9999413627769932,2,pituitary,0.9999413627769932,919d6f0fb3ca462983d6df6ec06846e41abd9645
efficientnet_b0,B,1426,98871,image_level_seed11,1,2,pituitary,1.9001284644925906e-05,1.9485362926575305e-05,0.9999615133524284,2,pituitary,0.9999615133524284,919d6f0fb3ca462983d6df6ec06846e41abd9645
efficientnet_b0,B,1427,98871,image_level_seed11,3,2,pituitary,2.068472738857901e-05,7.349239158880479e-05,0.9999058228810226,2,pituitary,0.9999058228810226,919d6f0fb3ca462983d6df6ec06846e41abd9645
efficientnet_b0,B,1428,98871,image_level_seed11,2,2,pituitary,0.0001860940720864,7.404098770602935e-05,0.9997398649402074,2,pituitary,0.9997398649402074,919d6f0fb3ca462983d6df6ec06846e41abd9645
efficientnet_b0,B,1429,98871,image_level_seed11,1,2,pituitary,0.0013614298641753,0.0027240489669742,0.9959145211688504,2,pituitary,0.9959145211688504,919d6f0fb3ca462983d6df6ec06846e41abd9645
efficientnet_b0,B,1430,98874,image_level_seed11,2,2,pituitary,0.000165794618634,0.0001490896286489,0.9996851157527168,2,pituitary,0.9996851157527168,919d6f0fb3ca462983d6df6ec06846e41abd9645
efficientnet_b0,B,1431,98874,image_level_seed11,1,2,pituitary,0.000103028511583,5.622008265690719e-05,0.99984075140576,2,pituitary,0.99984075140576,919d6f0fb3ca462983d6df6ec06846e41abd9645
efficientnet_b0,B,1432,98874,image_level_seed11,4,2,pituitary,0.0001118608431734,3.119186145042109e-05,0.999856947295376,2,pituitary,0.999856947295376,919d6f0fb3ca462983d6df6ec06846e41abd9645
efficientnet_b0,B,1433,98874,image_level_seed11,4,2,pituitary,5.736735330076201e-05,1.1627549033193004e-05,0.999931005097666,2,pituitary,0.999931005097666,919d6f0fb3ca462983d6df6ec06846e41abd9645
efficientnet_b0,B,1434,98874,image_level_seed11,2,2,pituitary,0.0002504270740662,0.0004730499820634,0.9992765229438704,2,pituitary,0.9992765229438704,919d6f0fb3ca462983d6df6ec06846e41abd9645
efficientnet_b0,B,1435,98992,image_level_seed11,1,2,pituitary,0.0537863506565573,0.0073888434968777,0.9388248058465648,2,pituitary,0.9388248058465648,919d6f0fb3ca462983d6df6ec06846e41abd9645
efficientnet_b0,B,1436,98992,image_level_seed11,1,2,pituitary,0.0017466517637848,0.0008619145834486,0.9973914336527664,2,pituitary,0.9973914336527664,919d6f0fb3ca462983d6df6ec06846e41abd9645
efficientnet_b0,B,1437,98992,image_level_seed11,5,2,pituitary,9.50204550907305e-05,5.7585996177907354e-05,0.9998473935487314,2,pituitary,0.9998473935487314,919d6f0fb3ca462983d6df6ec06846e41abd9645
efficientnet_b0,B,1438,98992,image_level_seed11,5,2,pituitary,0.0001556190819465,1.0794345101682743e-05,0.9998335865729516,2,pituitary,0.9998335865729516,919d6f0fb3ca462983d6df6ec06846e41abd9645
efficientnet_b0,B,1439,98992,image_level_seed11,4,2,pituitary,0.0021811228024136,0.0959110754973859,0.9019078017002004,2,pituitary,0.9019078017002004,919d6f0fb3ca462983d6df6ec06846e41abd9645
efficientnet_b0,B,1440,98992,image_level_seed11,4,2,pituitary,0.0027839969232114,0.0901075940366889,0.9071084090400996,2,pituitary,0.9071084090400996,919d6f0fb3ca462983d6df6ec06846e41abd9645
efficientnet_b0,B,1441,98992,image_level_seed11,4,2,pituitary,0.0227999395770377,0.3388765884678285,0.6383234719551337,2,pituitary,0.6383234719551337,919d6f0fb3ca462983d6df6ec06846e41abd9645
efficientnet_b0,B,1442,98995,image_level_seed11,5,2,pituitary,0.0090740108515283,0.0008035009918748,0.9901224881565966,2,pituitary,0.9901224881565966,919d6f0fb3ca462983d6df6ec06846e41abd9645
efficientnet_b0,B,1443,98995,image_level_seed11,3,2,pituitary,0.0074779519025108,0.0002630411904881,0.9922590069070008,2,pituitary,0.9922590069070008,919d6f0fb3ca462983d6df6ec06846e41abd9645
efficientnet_b0,B,1444,98995,image_level_seed11,4,2,pituitary,0.0064746838836418,0.0002844381491126,0.9932408779672456,2,pituitary,0.9932408779672456,919d6f0fb3ca462983d6df6ec06846e41abd9645
efficientnet_b0,B,1445,98995,image_level_seed11,3,2,pituitary,0.0043984258457622,7.74511189059721e-05,0.9955241230353316,2,pituitary,0.9955241230353316,919d6f0fb3ca462983d6df6ec06846e41abd9645
efficientnet_b0,B,1446,98995,image_level_seed11,4,2,pituitary,0.6077590172876702,0.0004854005516442,0.3917555821606854,0,meningioma,0.6077590172876702,919d6f0fb3ca462983d6df6ec06846e41abd9645
efficientnet_b0,B,1447,99223,image_level_seed11,4,2,pituitary,0.0371102507798427,0.0376583438123953,0.9252314054077618,2,pituitary,0.9252314054077618,919d6f0fb3ca462983d6df6ec06846e41abd9645
efficientnet_b0,B,1448,99223,image_level_seed11,1,2,pituitary,0.0004901510362724,0.0031434644086865,0.996366384555041,2,pituitary,0.996366384555041,919d6f0fb3ca462983d6df6ec06846e41abd9645
efficientnet_b0,B,1449,99223,image_level_seed11,2,2,pituitary,0.0058359682508502,0.0007002256708566,0.9934638060782932,2,pituitary,0.9934638060782932,919d6f0fb3ca462983d6df6ec06846e41abd9645
efficientnet_b0,B,1450,99223,image_level_seed11,4,2,pituitary,0.0029640472648449,0.0505266935300471,0.946509259205108,2,pituitary,0.946509259205108,919d6f0fb3ca462983d6df6ec06846e41abd9645
efficientnet_b0,B,1451,99223,image_level_seed11,3,2,pituitary,0.0004381286626842,0.0011539999341079,0.9984078714032076,2,pituitary,0.9984078714032076,919d6f0fb3ca462983d6df6ec06846e41abd9645
efficientnet_b0,B,1452,99223,image_level_seed11,5,2,pituitary,7.36380709235101e-05,0.0007690907441672,0.9991572711849092,2,pituitary,0.9991572711849092,919d6f0fb3ca462983d6df6ec06846e41abd9645
efficientnet_b0,B,1453,99223,image_level_seed11,3,2,pituitary,1.4601925808285594e-05,0.0001123864106971,0.9998730116634944,2,pituitary,0.9998730116634944,919d6f0fb3ca462983d6df6ec06846e41abd9645
efficientnet_b0,B,1454,99223,image_level_seed11,4,2,pituitary,0.0008693896759673,0.0003080553941777,0.9988225549298548,2,pituitary,0.9988225549298548,919d6f0fb3ca462983d6df6ec06846e41abd9645
efficientnet_b0,B,1455,99223,image_level_seed11,3,2,pituitary,0.0002262549039985,0.0002174633162732,0.9995562817797282,2,pituitary,0.9995562817797282,919d6f0fb3ca462983d6df6ec06846e41abd9645
efficientnet_b0,B,1456,101017,image_level_seed11,3,2,pituitary,0.000413216188701,0.0007390852489287,0.9988476985623704,2,pituitary,0.9988476985623704,919d6f0fb3ca462983d6df6ec06846e41abd9645
efficientnet_b0,B,1457,101017,image_level_seed11,1,2,pituitary,8.210424290098025e-05,7.986099825899123e-05,0.99983803475884,2,pituitary,0.99983803475884,919d6f0fb3ca462983d6df6ec06846e41abd9645
efficientnet_b0,B,1458,101017,image_level_seed11,2,2,pituitary,0.0001321927365486,6.610828272540966e-05,0.999801698980726,2,pituitary,0.999801698980726,919d6f0fb3ca462983d6df6ec06846e41abd9645
efficientnet_b0,B,1459,101017,image_level_seed11,3,2,pituitary,0.0002621047945349,0.0001694043461265,0.9995684908593384,2,pituitary,0.9995684908593384,919d6f0fb3ca462983d6df6ec06846e41abd9645
efficientnet_b0,B,1460,101017,image_level_seed11,1,2,pituitary,0.0002373773131161,5.428279424756299e-05,0.9997083398926362,2,pituitary,0.9997083398926362,919d6f0fb3ca462983d6df6ec06846e41abd9645
efficientnet_b0,B,1461,101017,image_level_seed11,4,2,pituitary,0.0003432514266424,0.0001040738234363,0.9995526747499212,2,pituitary,0.9995526747499212,919d6f0fb3ca462983d6df6ec06846e41abd9645
efficientnet_b0,B,1462,101029,image_level_seed11,5,2,pituitary,0.0001344069698133,5.9161800237990895e-05,0.9998064312299488,2,pituitary,0.9998064312299488,919d6f0fb3ca462983d6df6ec06846e41abd9645
efficientnet_b0,B,1463,101029,image_level_seed11,1,2,pituitary,4.587712034896629e-05,7.168119044175299e-06,0.9999469547606068,2,pituitary,0.9999469547606068,919d6f0fb3ca462983d6df6ec06846e41abd9645
efficientnet_b0,B,1464,101029,image_level_seed11,3,2,pituitary,6.220236270494882e-05,9.410838105252663e-06,0.9999283867991896,2,pituitary,0.9999283867991896,919d6f0fb3ca462983d6df6ec06846e41abd9645
efficientnet_b0,B,1465,101029,image_level_seed11,3,2,pituitary,0.0005108437947309,6.634671269332416e-05,0.9994228094925756,2,pituitary,0.9994228094925756,919d6f0fb3ca462983d6df6ec06846e41abd9645
efficientnet_b0,B,1466,101029,image_level_seed11,2,2,pituitary,2.0032166411978545e-05,6.424978638936856e-06,0.9999735428549492,2,pituitary,0.9999735428549492,919d6f0fb3ca462983d6df6ec06846e41abd9645
efficientnet_b0,B,1467,101029,image_level_seed11,3,2,pituitary,3.2957554768122855e-05,3.713115872270533e-06,0.9999633293293596,2,pituitary,0.9999633293293596,919d6f0fb3ca462983d6df6ec06846e41abd9645
efficientnet_b0,B,1468,101145,image_level_seed11,1,2,pituitary,0.0005843259189373,0.0002385750242155,0.9991770990568468,2,pituitary,0.9991770990568468,919d6f0fb3ca462983d6df6ec06846e41abd9645
efficientnet_b0,B,1469,101145,image_level_seed11,4,2,pituitary,0.0002937539962842,5.9492432570398384e-05,0.9996467535711452,2,pituitary,0.9996467535711452,919d6f0fb3ca462983d6df6ec06846e41abd9645
efficientnet_b0,B,1470,101145,image_level_seed11,2,2,pituitary,0.0002649148635693,3.6826483384262274e-05,0.9996982586530464,2,pituitary,0.9996982586530464,919d6f0fb3ca462983d6df6ec06846e41abd9645
efficientnet_b0,B,1471,101145,image_level_seed11,3,2,pituitary,0.003187671612628,9.549996502772696e-05,0.9967168284223442,2,pituitary,0.9967168284223442,919d6f0fb3ca462983d6df6ec06846e41abd9645
efficientnet_b0,B,1472,101305,image_level_seed11,5,2,pituitary,0.0004009094892223,0.0002534829538201,0.9993456075569576,2,pituitary,0.9993456075569576,919d6f0fb3ca462983d6df6ec06846e41abd9645
efficientnet_b0,B,1473,101305,image_level_seed11,2,2,pituitary,8.616074076002549e-05,3.932218623515732e-05,0.9998745170730048,2,pituitary,0.9998745170730048,919d6f0fb3ca462983d6df6ec06846e41abd9645
efficientnet_b0,B,1474,101305,image_level_seed11,1,2,pituitary,3.7312761178124225e-05,6.6239601696577595e-06,0.9999560632786524,2,pituitary,0.9999560632786524,919d6f0fb3ca462983d6df6ec06846e41abd9645
efficientnet_b0,B,1475,101305,image_level_seed11,3,2,pituitary,0.000415672582705,6.423406782268448e-05,0.9995200933494722,2,pituitary,0.9995200933494722,919d6f0fb3ca462983d6df6ec06846e41abd9645
efficientnet_b0,B,1476,101305,image_level_seed11,5,2,pituitary,0.0021156757404827,0.00302380722803,0.9948605170314871,2,pituitary,0.9948605170314871,919d6f0fb3ca462983d6df6ec06846e41abd9645
efficientnet_b0,B,1477,101305,image_level_seed11,3,2,pituitary,0.0008280515805514,0.0009106923879827,0.998261256031466,2,pituitary,0.998261256031466,919d6f0fb3ca462983d6df6ec06846e41abd9645
efficientnet_b0,B,1478,101305,image_level_seed11,3,2,pituitary,0.0004410314368718,0.0003694862362191,0.9991894823269092,2,pituitary,0.9991894823269092,919d6f0fb3ca462983d6df6ec06846e41abd9645
efficientnet_b0,B,1479,101305,image_level_seed11,4,2,pituitary,0.0001696942425706,3.12300294071028e-05,0.9997990757280222,2,pituitary,0.9997990757280222,919d6f0fb3ca462983d6df6ec06846e41abd9645
efficientnet_b0,B,1480,101724,image_level_seed11,2,2,pituitary,0.0003538042829377,0.0001236899586651,0.9995225057583972,2,pituitary,0.9995225057583972,919d6f0fb3ca462983d6df6ec06846e41abd9645
efficientnet_b0,B,1481,101724,image_level_seed11,2,2,pituitary,3.387737094956302e-05,1.386210315373025e-05,0.9999522605258968,2,pituitary,0.9999522605258968,919d6f0fb3ca462983d6df6ec06846e41abd9645
efficientnet_b0,B,1482,101724,image_level_seed11,2,2,pituitary,0.0001501179470599,9.036881062672804e-05,0.9997595132423132,2,pituitary,0.9997595132423132,919d6f0fb3ca462983d6df6ec06846e41abd9645
efficientnet_b0,B,1483,102648,image_level_seed11,3,2,pituitary,0.0007085263976931,0.0010783433361565,0.9982131302661502,2,pituitary,0.9982131302661502,919d6f0fb3ca462983d6df6ec06846e41abd9645
efficientnet_b0,B,1484,102648,image_level_seed11,4,2,pituitary,0.0003843103887447,0.0005768722846824,0.9990388173265728,2,pituitary,0.9990388173265728,919d6f0fb3ca462983d6df6ec06846e41abd9645
efficientnet_b0,B,1485,102648,image_level_seed11,5,2,pituitary,0.0024117653033791,0.0036441200979409,0.99394411459868,2,pituitary,0.99394411459868,919d6f0fb3ca462983d6df6ec06846e41abd9645
efficientnet_b0,B,1486,102648,image_level_seed11,5,2,pituitary,0.0008618483695911,0.0010059981600104,0.9981321534703984,2,pituitary,0.9981321534703984,919d6f0fb3ca462983d6df6ec06846e41abd9645
efficientnet_b0,B,1487,102669,image_level_seed11,2,2,pituitary,5.445558411151214e-05,4.653983271054024e-05,0.999899004583178,2,pituitary,0.999899004583178,919d6f0fb3ca462983d6df6ec06846e41abd9645
efficientnet_b0,B,1488,102669,image_level_seed11,1,2,pituitary,0.0004680734192666,0.0018257590702262,0.9977061675105072,2,pituitary,0.9977061675105072,919d6f0fb3ca462983d6df6ec06846e41abd9645
efficientnet_b0,B,1489,103046,image_level_seed11,1,2,pituitary,0.0011013363187452,0.0001662306369041,0.9987324330443508,2,pituitary,0.9987324330443508,919d6f0fb3ca462983d6df6ec06846e41abd9645
efficientnet_b0,B,1490,103046,image_level_seed11,2,2,pituitary,1.1663494697618703e-05,1.93382641366756e-06,0.9999864026788888,2,pituitary,0.9999864026788888,919d6f0fb3ca462983d6df6ec06846e41abd9645
efficientnet_b0,B,1491,103046,image_level_seed11,1,2,pituitary,8.588960256865021e-05,1.6663890155106502e-05,0.9998974465072764,2,pituitary,0.9998974465072764,919d6f0fb3ca462983d6df6ec06846e41abd9645
efficientnet_b0,B,1492,103046,image_level_seed11,3,2,pituitary,4.527136340328529e-05,2.4950475372228408e-05,0.9999297781612244,2,pituitary,0.9999297781612244,919d6f0fb3ca462983d6df6ec06846e41abd9645
efficientnet_b0,B,1493,103257,image_level_seed11,4,2,pituitary,2.7572108213091316e-05,4.856542854108173e-06,0.9999675713489328,2,pituitary,0.9999675713489328,919d6f0fb3ca462983d6df6ec06846e41abd9645
efficientnet_b0,B,1494,103257,image_level_seed11,1,2,pituitary,2.4628933957274063e-05,9.376893101084872e-06,0.9999659941729416,2,pituitary,0.9999659941729416,919d6f0fb3ca462983d6df6ec06846e41abd9645
efficientnet_b0,B,1495,103257,image_level_seed11,5,2,pituitary,2.5239667605281492e-05,8.474834473421434e-06,0.9999662854979212,2,pituitary,0.9999662854979212,919d6f0fb3ca462983d6df6ec06846e41abd9645
efficientnet_b0,B,1496,103257,image_level_seed11,2,2,pituitary,5.7191314967850184e-05,1.3589971863085429e-05,0.9999292187131692,2,pituitary,0.9999292187131692,919d6f0fb3ca462983d6df6ec06846e41abd9645
efficientnet_b0,B,1497,103257,image_level_seed11,1,2,pituitary,0.0003912641638414,4.24303416350158e-05,0.9995663054945236,2,pituitary,0.9995663054945236,919d6f0fb3ca462983d6df6ec06846e41abd9645
efficientnet_b0,B,1498,103478,image_level_seed11,4,2,pituitary,0.0001304116179756,7.75872134601412e-06,0.9998618296606784,2,pituitary,0.9998618296606784,919d6f0fb3ca462983d6df6ec06846e41abd9645
efficientnet_b0,B,1499,103478,image_level_seed11,1,2,pituitary,0.0134178251541578,0.001109031035901,0.9854731438099412,2,pituitary,0.9854731438099412,919d6f0fb3ca462983d6df6ec06846e41abd9645
efficientnet_b0,B,1500,103478,image_level_seed11,3,2,pituitary,2.0332012281246737e-05,5.639054241388051e-06,0.9999740289334772,2,pituitary,0.9999740289334772,919d6f0fb3ca462983d6df6ec06846e41abd9645
efficientnet_b0,B,1501,103478,image_level_seed11,4,2,pituitary,3.502734773508622e-05,3.023952957222019e-06,0.9999619486993075,2,pituitary,0.9999619486993075,919d6f0fb3ca462983d6df6ec06846e41abd9645
efficientnet_b0,B,1502,103478,image_level_seed11,3,2,pituitary,1.8543056629131985e-05,4.183465271995257e-06,0.9999772734780988,2,pituitary,0.9999772734780988,919d6f0fb3ca462983d6df6ec06846e41abd9645
efficientnet_b0,B,1503,103478,image_level_seed11,5,2,pituitary,6.0389355190999606e-05,6.249636592043186e-05,0.9998771142788884,2,pituitary,0.9998771142788884,919d6f0fb3ca462983d6df6ec06846e41abd9645
efficientnet_b0,B,1504,103478,image_level_seed11,3,2,pituitary,4.856189982881369e-05,2.6517266755224555e-05,0.999924920833416,2,pituitary,0.999924920833416,919d6f0fb3ca462983d6df6ec06846e41abd9645
efficientnet_b0,B,1505,103478,image_level_seed11,2,2,pituitary,0.0014975701095073,0.0004257241721667,0.998076705718326,2,pituitary,0.998076705718326,919d6f0fb3ca462983d6df6ec06846e41abd9645
efficientnet_b0,B,1506,103582,image_level_seed11,3,2,pituitary,0.0001488733208302,1.0302463476631e-05,0.9998408242156932,2,pituitary,0.9998408242156932,919d6f0fb3ca462983d6df6ec06846e41abd9645
efficientnet_b0,B,1507,103582,image_level_seed11,2,2,pituitary,5.816759476132269e-05,1.016028361039218e-05,0.999931672121628,2,pituitary,0.999931672121628,919d6f0fb3ca462983d6df6ec06846e41abd9645
efficientnet_b0,B,1508,103582,image_level_seed11,1,2,pituitary,0.0001402287757151,1.765051495174263e-05,0.999842120709333,2,pituitary,0.999842120709333,919d6f0fb3ca462983d6df6ec06846e41abd9645
efficientnet_b0,B,1509,103582,image_level_seed11,5,2,pituitary,8.49150480120138e-05,1.6477003652878355e-05,0.9998986079483352,2,pituitary,0.9998986079483352,919d6f0fb3ca462983d6df6ec06846e41abd9645
efficientnet_b0,B,1510,103582,image_level_seed11,5,2,pituitary,0.0002162935467591,2.977800316696979e-05,0.9997539284500738,2,pituitary,0.9997539284500738,919d6f0fb3ca462983d6df6ec06846e41abd9645
efficientnet_b0,B,1511,103670,image_level_seed11,5,2,pituitary,4.343820661663991e-05,1.2184219060119923e-05,0.9999443775743232,2,pituitary,0.9999443775743232,919d6f0fb3ca462983d6df6ec06846e41abd9645
efficientnet_b0,B,1512,103670,image_level_seed11,3,2,pituitary,2.200714472742778e-05,4.587277614077361e-06,0.9999734055776583,2,pituitary,0.9999734055776583,919d6f0fb3ca462983d6df6ec06846e41abd9645
efficientnet_b0,B,1513,103670,image_level_seed11,5,2,pituitary,0.0008220838846524,5.624680817066017e-05,0.9991216693071768,2,pituitary,0.9991216693071768,919d6f0fb3ca462983d6df6ec06846e41abd9645
efficientnet_b0,B,1514,103670,image_level_seed11,3,2,pituitary,0.0001429414484391,7.686472294761462e-06,0.999849372079266,2,pituitary,0.999849372079266,919d6f0fb3ca462983d6df6ec06846e41abd9645
efficientnet_b0,B,1515,103671,image_level_seed11,3,2,pituitary,0.0004346704331895,0.0013663764591295,0.998198953107681,2,pituitary,0.998198953107681,919d6f0fb3ca462983d6df6ec06846e41abd9645
efficientnet_b0,B,1516,103671,image_level_seed11,2,2,pituitary,6.230079571188288e-05,5.9592537245178515e-05,0.9998781066670428,2,pituitary,0.9998781066670428,919d6f0fb3ca462983d6df6ec06846e41abd9645
efficientnet_b0,B,1517,103671,image_level_seed11,5,2,pituitary,0.0002802082905265,0.0006190984259437,0.9991006932835296,2,pituitary,0.9991006932835296,919d6f0fb3ca462983d6df6ec06846e41abd9645
efficientnet_b0,B,1518,103671,image_level_seed11,1,2,pituitary,0.0006539535594104,0.0001146382242863,0.9992314082163032,2,pituitary,0.9992314082163032,919d6f0fb3ca462983d6df6ec06846e41abd9645
efficientnet_b0,B,1519,103671,image_level_seed11,3,2,pituitary,0.0021319174108172,0.0005825232285077,0.997285559360675,2,pituitary,0.997285559360675,919d6f0fb3ca462983d6df6ec06846e41abd9645
efficientnet_b0,B,1520,103671,image_level_seed11,3,2,pituitary,0.0004317544933123,0.0004413792156801,0.9991268662910074,2,pituitary,0.9991268662910074,919d6f0fb3ca462983d6df6ec06846e41abd9645
efficientnet_b0,B,1521,103731,image_level_seed11,1,2,pituitary,0.0001570359152521,0.000103238357807,0.9997397257269408,2,pituitary,0.9997397257269408,919d6f0fb3ca462983d6df6ec06846e41abd9645
efficientnet_b0,B,1522,103731,image_level_seed11,4,2,pituitary,7.150191927814545e-05,1.4448299618561116e-05,0.9999140497811032,2,pituitary,0.9999140497811032,919d6f0fb3ca462983d6df6ec06846e41abd9645
efficientnet_b0,B,1523,103731,image_level_seed11,2,2,pituitary,1.412490044163524e-05,6.163580745520927e-06,0.9999797115188128,2,pituitary,0.9999797115188128,919d6f0fb3ca462983d6df6ec06846e41abd9645
efficientnet_b0,B,1524,103731,image_level_seed11,5,2,pituitary,0.0003567433952157,9.099333431980584e-05,0.9995522632704644,2,pituitary,0.9995522632704644,919d6f0fb3ca462983d6df6ec06846e41abd9645
efficientnet_b0,B,1525,103731,image_level_seed11,1,2,pituitary,0.0008887385150139,0.0002076401718304,0.9989036213131556,2,pituitary,0.9989036213131556,919d6f0fb3ca462983d6df6ec06846e41abd9645
efficientnet_b0,B,1526,103731,image_level_seed11,3,2,pituitary,0.0085395855338804,0.0018753524284949,0.9895850620376246,2,pituitary,0.9895850620376246,919d6f0fb3ca462983d6df6ec06846e41abd9645
efficientnet_b0,B,1527,103731,image_level_seed11,3,2,pituitary,0.0038371841443833,0.0005491917124239,0.9956136241431928,2,pituitary,0.9956136241431928,919d6f0fb3ca462983d6df6ec06846e41abd9645
efficientnet_b0,B,1528,103837,image_level_seed11,4,2,pituitary,6.566102187277771e-05,7.326565317950673e-06,0.9999270124128092,2,pituitary,0.9999270124128092,919d6f0fb3ca462983d6df6ec06846e41abd9645
efficientnet_b0,B,1529,103837,image_level_seed11,3,2,pituitary,0.000193356142322,4.888541236843508e-06,0.999801755316441,2,pituitary,0.999801755316441,919d6f0fb3ca462983d6df6ec06846e41abd9645
efficientnet_b0,B,1530,103837,image_level_seed11,5,2,pituitary,1.7096799858647276e-05,3.6565175620982834e-06,0.9999792466825792,2,pituitary,0.9999792466825792,919d6f0fb3ca462983d6df6ec06846e41abd9645
efficientnet_b0,B,1531,103837,image_level_seed11,3,2,pituitary,0.0013299580880492,2.5865679027578493e-05,0.9986441762329232,2,pituitary,0.9986441762329232,919d6f0fb3ca462983d6df6ec06846e41abd9645
efficientnet_b0,B,1532,103837,image_level_seed11,5,2,pituitary,3.34284597137861e-05,1.8726307633813663e-05,0.9999478452326525,2,pituitary,0.9999478452326525,919d6f0fb3ca462983d6df6ec06846e41abd9645
efficientnet_b0,B,1533,104019,image_level_seed11,1,2,pituitary,0.0001370869093545,0.0001240905678651,0.9997388225227803,2,pituitary,0.9997388225227803,919d6f0fb3ca462983d6df6ec06846e41abd9645
efficientnet_b0,B,1534,104019,image_level_seed11,3,2,pituitary,0.000200031612131,9.569946316510288e-05,0.999704268924704,2,pituitary,0.999704268924704,919d6f0fb3ca462983d6df6ec06846e41abd9645
efficientnet_b0,B,1535,104019,image_level_seed11,2,2,pituitary,0.000133359573214,4.163442755130293e-05,0.9998250059992349,2,pituitary,0.9998250059992349,919d6f0fb3ca462983d6df6ec06846e41abd9645
efficientnet_b0,B,1536,104019,image_level_seed11,3,2,pituitary,0.0007576024646138,0.0002936616498713,0.9989487358855148,2,pituitary,0.9989487358855148,919d6f0fb3ca462983d6df6ec06846e41abd9645
efficientnet_b0,B,1537,104019,image_level_seed11,2,2,pituitary,0.0002765431161423,7.097991075320308e-05,0.9996524769731044,2,pituitary,0.9996524769731044,919d6f0fb3ca462983d6df6ec06846e41abd9645
efficientnet_b0,B,1538,104558,image_level_seed11,3,2,pituitary,0.0025284622258476,0.0005712442739659,0.9969002935001864,2,pituitary,0.9969002935001864,919d6f0fb3ca462983d6df6ec06846e41abd9645
efficientnet_b0,B,1539,104558,image_level_seed11,4,2,pituitary,0.000837366093227,5.095454034909394e-05,0.9991116793664238,2,pituitary,0.9991116793664238,919d6f0fb3ca462983d6df6ec06846e41abd9645
efficientnet_b0,B,1540,104558,image_level_seed11,2,2,pituitary,5.816260752621757e-05,2.962612603125498e-05,0.9999122112664424,2,pituitary,0.9999122112664424,919d6f0fb3ca462983d6df6ec06846e41abd9645
efficientnet_b0,B,1541,104558,image_level_seed11,4,2,pituitary,0.000696270695894,1.6098178528753962e-05,0.9992876311255772,2,pituitary,0.9992876311255772,919d6f0fb3ca462983d6df6ec06846e41abd9645
efficientnet_b0,B,1542,104558,image_level_seed11,4,2,pituitary,0.0022890709722643,0.0001186339319918,0.997592295095744,2,pituitary,0.997592295095744,919d6f0fb3ca462983d6df6ec06846e41abd9645
efficientnet_b0,B,1543,104558,image_level_seed11,4,2,pituitary,0.0274130544604134,0.0001037646424362,0.9724831808971502,2,pituitary,0.9724831808971502,919d6f0fb3ca462983d6df6ec06846e41abd9645
efficientnet_b0,B,1544,104558,image_level_seed11,2,2,pituitary,8.963720440576365e-05,0.0001785871505947,0.9997317756449994,2,pituitary,0.9997317756449994,919d6f0fb3ca462983d6df6ec06846e41abd9645
efficientnet_b0,B,1545,104684,image_level_seed11,4,2,pituitary,0.0013279639793463,0.0001989315689543,0.9984731044516992,2,pituitary,0.9984731044516992,919d6f0fb3ca462983d6df6ec06846e41abd9645
efficientnet_b0,B,1546,104684,image_level_seed11,5,2,pituitary,0.0001662771167508,2.976137976877023e-05,0.9998039615034804,2,pituitary,0.9998039615034804,919d6f0fb3ca462983d6df6ec06846e41abd9645
efficientnet_b0,B,1547,104684,image_level_seed11,1,2,pituitary,0.0002344138362995,2.2047308314032868e-05,0.9997435388553864,2,pituitary,0.9997435388553864,919d6f0fb3ca462983d6df6ec06846e41abd9645
efficientnet_b0,B,1548,104684,image_level_seed11,4,2,pituitary,8.7205472574872e-05,4.26577092551807e-06,0.9999085287564996,2,pituitary,0.9999085287564996,919d6f0fb3ca462983d6df6ec06846e41abd9645
efficientnet_b0,B,1549,104684,image_level_seed11,5,2,pituitary,1.548825496730749e-05,3.187666322551544e-06,0.99998132407871,2,pituitary,0.99998132407871,919d6f0fb3ca462983d6df6ec06846e41abd9645
efficientnet_b0,B,1550,104684,image_level_seed11,5,2,pituitary,0.00043576639556,0.0001252877049021,0.9994389458995376,2,pituitary,0.9994389458995376,919d6f0fb3ca462983d6df6ec06846e41abd9645
efficientnet_b0,B,1551,104684,image_level_seed11,5,2,pituitary,4.950932771954171e-05,1.327012133037036e-05,0.99993722055095,2,pituitary,0.99993722055095,919d6f0fb3ca462983d6df6ec06846e41abd9645
efficientnet_b0,B,1552,104912,image_level_seed11,4,2,pituitary,0.0009655640522375,0.0012054792131119,0.9978289567346508,2,pituitary,0.9978289567346508,919d6f0fb3ca462983d6df6ec06846e41abd9645
efficientnet_b0,B,1553,104912,image_level_seed11,3,2,pituitary,0.0011036771821114,9.44932007738074e-05,0.998801829617115,2,pituitary,0.998801829617115,919d6f0fb3ca462983d6df6ec06846e41abd9645
efficientnet_b0,B,1554,104912,image_level_seed11,2,2,pituitary,0.0062799640950696,0.0003692764479865,0.9933507594569436,2,pituitary,0.9933507594569436,919d6f0fb3ca462983d6df6ec06846e41abd9645
efficientnet_b0,B,1555,104912,image_level_seed11,5,2,pituitary,0.0014691023990841,0.0001506750418114,0.9983802225591044,2,pituitary,0.9983802225591044,919d6f0fb3ca462983d6df6ec06846e41abd9645
efficientnet_b0,B,1556,104912,image_level_seed11,5,2,pituitary,0.0012456015200893,0.0003675675925756,0.9983868308873352,2,pituitary,0.9983868308873352,919d6f0fb3ca462983d6df6ec06846e41abd9645
efficientnet_b0,B,1557,105187,image_level_seed11,2,2,pituitary,0.0001135234457517,4.889774996303808e-05,0.999837578804285,2,pituitary,0.999837578804285,919d6f0fb3ca462983d6df6ec06846e41abd9645
efficientnet_b0,B,1558,105187,image_level_seed11,3,2,pituitary,0.0002782418716148,7.355783386041887e-05,0.9996482002945246,2,pituitary,0.9996482002945246,919d6f0fb3ca462983d6df6ec06846e41abd9645
efficientnet_b0,B,1559,105187,image_level_seed11,5,2,pituitary,4.7470814910116097e-05,1.9997941806809805e-05,0.9999325312432832,2,pituitary,0.9999325312432832,919d6f0fb3ca462983d6df6ec06846e41abd9645
efficientnet_b0,B,1560,105187,image_level_seed11,4,2,pituitary,2.1236852040776537e-05,7.398545148763424e-07,0.9999780232934442,2,pituitary,0.9999780232934442,919d6f0fb3ca462983d6df6ec06846e41abd9645
efficientnet_b0,B,1561,105187,image_level_seed11,4,2,pituitary,1.455932266125498e-05,1.4177296642977431e-06,0.9999840229476744,2,pituitary,0.9999840229476744,919d6f0fb3ca462983d6df6ec06846e41abd9645
efficientnet_b0,B,1562,105187,image_level_seed11,3,2,pituitary,3.894645121949523e-05,1.3231731421099135e-05,0.9999478218173596,2,pituitary,0.9999478218173596,919d6f0fb3ca462983d6df6ec06846e41abd9645
efficientnet_b0,B,1563,105475,image_level_seed11,1,2,pituitary,0.0010313778081434,0.0019950765221398,0.9969735456697166,2,pituitary,0.9969735456697166,919d6f0fb3ca462983d6df6ec06846e41abd9645
efficientnet_b0,B,1564,105475,image_level_seed11,1,2,pituitary,0.0010104239375788,0.0050995589366414,0.9938900171257796,2,pituitary,0.9938900171257796,919d6f0fb3ca462983d6df6ec06846e41abd9645
efficientnet_b0,B,1565,105475,image_level_seed11,3,2,pituitary,0.0059207371292014,0.0032754830661571,0.9908037798046414,2,pituitary,0.9908037798046414,919d6f0fb3ca462983d6df6ec06846e41abd9645
efficientnet_b0,B,1566,105538,image_level_seed11,4,2,pituitary,0.2454336549659377,0.0633856257865296,0.6911807192475325,2,pituitary,0.6911807192475325,919d6f0fb3ca462983d6df6ec06846e41abd9645
efficientnet_b0,B,1567,105538,image_level_seed11,3,2,pituitary,0.9660620295264646,0.0030349802190075,0.0309029902545277,0,meningioma,0.9660620295264646,919d6f0fb3ca462983d6df6ec06846e41abd9645
efficientnet_b0,B,1568,105638,image_level_seed11,2,2,pituitary,0.0002308850449884,6.199276224902343e-05,0.9997071221927626,2,pituitary,0.9997071221927626,919d6f0fb3ca462983d6df6ec06846e41abd9645
efficientnet_b0,B,1569,105638,image_level_seed11,4,2,pituitary,0.0003228435204389,4.0773352589917736e-05,0.9996363831269712,2,pituitary,0.9996363831269712,919d6f0fb3ca462983d6df6ec06846e41abd9645
efficientnet_b0,B,1570,105638,image_level_seed11,2,2,pituitary,0.0002592704247097,0.0001357099821375,0.9996050195931528,2,pituitary,0.9996050195931528,919d6f0fb3ca462983d6df6ec06846e41abd9645
efficientnet_b0,B,1571,105638,image_level_seed11,2,2,pituitary,7.041743848441818e-05,6.719991633589955e-06,0.9999228625698818,2,pituitary,0.9999228625698818,919d6f0fb3ca462983d6df6ec06846e41abd9645
efficientnet_b0,B,1572,105638,image_level_seed11,2,2,pituitary,0.0001447023624677,4.347181570650815e-05,0.9998118258218258,2,pituitary,0.9998118258218258,919d6f0fb3ca462983d6df6ec06846e41abd9645
efficientnet_b0,B,1573,97416,image_level_seed11,2,2,pituitary,0.0262626788353885,0.1066965238448626,0.8670407973197489,2,pituitary,0.8670407973197489,919d6f0fb3ca462983d6df6ec06846e41abd9645
efficientnet_b0,B,1574,97416,image_level_seed11,2,2,pituitary,0.0041915333792683,0.0062333178467054,0.9895751487740264,2,pituitary,0.9895751487740264,919d6f0fb3ca462983d6df6ec06846e41abd9645
efficientnet_b0,B,1575,97416,image_level_seed11,3,2,pituitary,0.0006439379013013,0.0002185314177189,0.9991375306809795,2,pituitary,0.9991375306809795,919d6f0fb3ca462983d6df6ec06846e41abd9645
efficientnet_b0,B,1576,97416,image_level_seed11,1,2,pituitary,0.0020065931506571,0.0002213288633518,0.997772077985991,2,pituitary,0.997772077985991,919d6f0fb3ca462983d6df6ec06846e41abd9645
efficientnet_b0,B,1577,97416,image_level_seed11,2,2,pituitary,7.146831338075555e-05,1.6576471766222047e-05,0.999911955214853,2,pituitary,0.999911955214853,919d6f0fb3ca462983d6df6ec06846e41abd9645
efficientnet_b0,B,1578,97416,image_level_seed11,3,2,pituitary,0.0010615149349319,6.448119774756781e-05,0.9988740038673206,2,pituitary,0.9988740038673206,919d6f0fb3ca462983d6df6ec06846e41abd9645
efficientnet_b0,B,1579,97416,image_level_seed11,4,2,pituitary,4.794967655202943e-05,8.541328806028572e-06,0.999943508994642,2,pituitary,0.999943508994642,919d6f0fb3ca462983d6df6ec06846e41abd9645
efficientnet_b0,B,1580,97416,image_level_seed11,4,2,pituitary,0.0001334614251833,1.956999297954827e-05,0.999846968581837,2,pituitary,0.999846968581837,919d6f0fb3ca462983d6df6ec06846e41abd9645
efficientnet_b0,B,1581,97461,image_level_seed11,5,2,pituitary,3.851949615860285e-05,5.238527446539971e-05,0.999909095229376,2,pituitary,0.999909095229376,919d6f0fb3ca462983d6df6ec06846e41abd9645
efficientnet_b0,B,1582,97461,image_level_seed11,4,2,pituitary,3.9912750058298464e-05,4.046859521562214e-05,0.999919618654726,2,pituitary,0.999919618654726,919d6f0fb3ca462983d6df6ec06846e41abd9645
efficientnet_b0,B,1583,97461,image_level_seed11,3,2,pituitary,4.962819656175205e-05,0.0001289620975598,0.9998214097058784,2,pituitary,0.9998214097058784,919d6f0fb3ca462983d6df6ec06846e41abd9645
efficientnet_b0,B,1584,97461,image_level_seed11,2,2,pituitary,1.0935789118763965e-05,1.64420403442708e-05,0.9999726221705372,2,pituitary,0.9999726221705372,919d6f0fb3ca462983d6df6ec06846e41abd9645
efficientnet_b0,B,1585,97461,image_level_seed11,3,2,pituitary,4.532599918804171e-05,4.805691790346532e-05,0.9999066170829086,2,pituitary,0.9999066170829086,919d6f0fb3ca462983d6df6ec06846e41abd9645
efficientnet_b0,B,1586,97461,image_level_seed11,5,2,pituitary,4.336070566384283e-05,5.660806008146718e-05,0.9999000312342547,2,pituitary,0.9999000312342547,919d6f0fb3ca462983d6df6ec06846e41abd9645
efficientnet_b0,B,1587,97461,image_level_seed11,4,2,pituitary,0.0001873313301057,0.0003359626842604,0.9994767059856338,2,pituitary,0.9994767059856338,919d6f0fb3ca462983d6df6ec06846e41abd9645
efficientnet_b0,B,1588,97461,image_level_seed11,3,2,pituitary,5.2829961847139776e-05,4.0630667076964104e-05,0.999906539371076,2,pituitary,0.999906539371076,919d6f0fb3ca462983d6df6ec06846e41abd9645
efficientnet_b0,B,1589,97481,image_level_seed11,5,2,pituitary,5.498821614707803e-05,0.0001560664645853,0.9997889453192677,2,pituitary,0.9997889453192677,919d6f0fb3ca462983d6df6ec06846e41abd9645
efficientnet_b0,B,1590,97481,image_level_seed11,3,2,pituitary,3.0292055679975632e-05,3.087087131810202e-05,0.999938837073002,2,pituitary,0.999938837073002,919d6f0fb3ca462983d6df6ec06846e41abd9645
efficientnet_b0,B,1591,97481,image_level_seed11,2,2,pituitary,0.0001247867848402,0.0001310026412615,0.9997442105738982,2,pituitary,0.9997442105738982,919d6f0fb3ca462983d6df6ec06846e41abd9645
efficientnet_b0,B,1592,97481,image_level_seed11,2,2,pituitary,0.0005490595257459,0.0002626463565436,0.9991882941177104,2,pituitary,0.9991882941177104,919d6f0fb3ca462983d6df6ec06846e41abd9645
efficientnet_b0,B,1593,97481,image_level_seed11,4,2,pituitary,0.0002009605781743,3.359418898203486e-05,0.9997654452328436,2,pituitary,0.9997654452328436,919d6f0fb3ca462983d6df6ec06846e41abd9645
efficientnet_b0,B,1594,97599,image_level_seed11,1,2,pituitary,0.0004474093658652,0.0002959072773576,0.9992566833567772,2,pituitary,0.9992566833567772,919d6f0fb3ca462983d6df6ec06846e41abd9645
efficientnet_b0,B,1595,97599,image_level_seed11,1,2,pituitary,0.0006888684971925,0.0007118587014221,0.9985992728013852,2,pituitary,0.9985992728013852,919d6f0fb3ca462983d6df6ec06846e41abd9645
efficientnet_b0,B,1596,97890,image_level_seed11,2,2,pituitary,0.0002202758959483,0.0001513346547828,0.9996283894492688,2,pituitary,0.9996283894492688,919d6f0fb3ca462983d6df6ec06846e41abd9645
efficientnet_b0,B,1597,97890,image_level_seed11,2,2,pituitary,0.0005051447066153,8.05213134825467e-05,0.999414333979902,2,pituitary,0.999414333979902,919d6f0fb3ca462983d6df6ec06846e41abd9645
efficientnet_b0,B,1598,97890,image_level_seed11,3,2,pituitary,0.0002596095817542,0.0001830176565113,0.9995573727617344,2,pituitary,0.9995573727617344,919d6f0fb3ca462983d6df6ec06846e41abd9645
efficientnet_b0,B,1599,97890,image_level_seed11,2,2,pituitary,0.0001785161685251,9.934213261582607e-05,0.999722141698859,2,pituitary,0.999722141698859,919d6f0fb3ca462983d6df6ec06846e41abd9645
efficientnet_b0,B,1600,98472,image_level_seed11,2,2,pituitary,0.2782402419641135,0.0021903895141292,0.7195693685217572,2,pituitary,0.7195693685217572,919d6f0fb3ca462983d6df6ec06846e41abd9645
efficientnet_b0,B,1601,98472,image_level_seed11,2,2,pituitary,0.0087977681287964,0.0001443488511761,0.9910578830200276,2,pituitary,0.9910578830200276,919d6f0fb3ca462983d6df6ec06846e41abd9645
efficientnet_b0,B,1602,98472,image_level_seed11,2,2,pituitary,0.0160051944528529,0.0004326548548477,0.9835621506922994,2,pituitary,0.9835621506922994,919d6f0fb3ca462983d6df6ec06846e41abd9645
efficientnet_b0,B,1603,98472,image_level_seed11,5,2,pituitary,0.0007846897818202,3.457591935121876e-05,0.9991807342988286,2,pituitary,0.9991807342988286,919d6f0fb3ca462983d6df6ec06846e41abd9645
efficientnet_b0,B,1604,98472,image_level_seed11,3,2,pituitary,0.0011326808682255,0.0001505464052248,0.9987167727265496,2,pituitary,0.9987167727265496,919d6f0fb3ca462983d6df6ec06846e41abd9645
efficientnet_b0,B,1605,98652,image_level_seed11,5,2,pituitary,6.88925961506867e-05,3.676715649598004e-05,0.9998943402473532,2,pituitary,0.9998943402473532,919d6f0fb3ca462983d6df6ec06846e41abd9645
efficientnet_b0,B,1606,98652,image_level_seed11,2,2,pituitary,5.226504309861109e-05,1.1835237799834783e-05,0.9999358997191016,2,pituitary,0.9999358997191016,919d6f0fb3ca462983d6df6ec06846e41abd9645
efficientnet_b0,B,1607,98652,image_level_seed11,1,2,pituitary,0.0001066879229387,8.590071221481169e-06,0.9998847220058398,2,pituitary,0.9998847220058398,919d6f0fb3ca462983d6df6ec06846e41abd9645
efficientnet_b0,B,1608,98652,image_level_seed11,5,2,pituitary,0.0012869347796006,9.227900021674463e-05,0.9986207862201828,2,pituitary,0.9986207862201828,919d6f0fb3ca462983d6df6ec06846e41abd9645
efficientnet_b0,B,1609,98871,image_level_seed11,2,2,pituitary,0.000558044022726,0.0005990967895419,0.998842859187732,2,pituitary,0.998842859187732,919d6f0fb3ca462983d6df6ec06846e41abd9645
efficientnet_b0,B,1610,98871,image_level_seed11,2,2,pituitary,0.000574850676977,0.0002663855140608,0.999158763808962,2,pituitary,0.999158763808962,919d6f0fb3ca462983d6df6ec06846e41abd9645
efficientnet_b0,B,1611,98871,image_level_seed11,4,2,pituitary,5.7685982346310905e-05,1.4290130087776645e-05,0.999928023887566,2,pituitary,0.999928023887566,919d6f0fb3ca462983d6df6ec06846e41abd9645
efficientnet_b0,B,1612,98871,image_level_seed11,3,2,pituitary,0.000117364612356,0.0001430590857024,0.9997395763019415,2,pituitary,0.9997395763019415,919d6f0fb3ca462983d6df6ec06846e41abd9645
efficientnet_b0,B,1613,98871,image_level_seed11,1,2,pituitary,9.355242319310624e-05,9.916782616774163e-05,0.9998072797506392,2,pituitary,0.9998072797506392,919d6f0fb3ca462983d6df6ec06846e41abd9645
efficientnet_b0,B,1614,98871,image_level_seed11,4,2,pituitary,0.0001470585558544,0.0001233697829147,0.9997295716612308,2,pituitary,0.9997295716612308,919d6f0fb3ca462983d6df6ec06846e41abd9645
efficientnet_b0,B,1615,98871,image_level_seed11,1,2,pituitary,0.0007998417520188,0.000440415550168,0.9987597426978132,2,pituitary,0.9987597426978132,919d6f0fb3ca462983d6df6ec06846e41abd9645
efficientnet_b0,B,1616,98874,image_level_seed11,5,2,pituitary,0.002306644295722,0.0033583800574129,0.994334975646865,2,pituitary,0.994334975646865,919d6f0fb3ca462983d6df6ec06846e41abd9645
efficientnet_b0,B,1617,98874,image_level_seed11,1,2,pituitary,0.000235027696262,3.662252836539417e-05,0.9997283497753726,2,pituitary,0.9997283497753726,919d6f0fb3ca462983d6df6ec06846e41abd9645
efficientnet_b0,B,1618,98874,image_level_seed11,3,2,pituitary,0.0013654111343398,9.091105510561848e-05,0.9985436778105544,2,pituitary,0.9985436778105544,919d6f0fb3ca462983d6df6ec06846e41abd9645
efficientnet_b0,B,1619,98874,image_level_seed11,5,2,pituitary,0.0001482989720561,6.756032974768235e-05,0.999784140698196,2,pituitary,0.999784140698196,919d6f0fb3ca462983d6df6ec06846e41abd9645
efficientnet_b0,B,1620,98874,image_level_seed11,4,2,pituitary,0.0002260393953718,2.271848447565601e-05,0.9997512421201524,2,pituitary,0.9997512421201524,919d6f0fb3ca462983d6df6ec06846e41abd9645
efficientnet_b0,B,1621,98992,image_level_seed11,5,2,pituitary,0.0007335979595477,0.0003221330830543,0.998944268957398,2,pituitary,0.998944268957398,919d6f0fb3ca462983d6df6ec06846e41abd9645
efficientnet_b0,B,1622,98992,image_level_seed11,2,2,pituitary,0.0001401966535738,0.0081676396235588,0.9916921637228672,2,pituitary,0.9916921637228672,919d6f0fb3ca462983d6df6ec06846e41abd9645
efficientnet_b0,B,1623,98992,image_level_seed11,3,2,pituitary,1.270316079371999e-05,1.6868260339451635e-05,0.9999704285788668,2,pituitary,0.9999704285788668,919d6f0fb3ca462983d6df6ec06846e41abd9645
efficientnet_b0,B,1624,98992,image_level_seed11,3,2,pituitary,7.113869031756926e-05,3.109916103892516e-05,0.9998977621486436,2,pituitary,0.9998977621486436,919d6f0fb3ca462983d6df6ec06846e41abd9645
efficientnet_b0,B,1625,98992,image_level_seed11,3,2,pituitary,0.0002486347890435,3.8091145126473296e-05,0.99971327406583,2,pituitary,0.99971327406583,919d6f0fb3ca462983d6df6ec06846e41abd9645
efficientnet_b0,B,1626,98992,image_level_seed11,5,2,pituitary,0.0008631986828278,9.175956113746307e-05,0.9990450417560348,2,pituitary,0.9990450417560348,919d6f0fb3ca462983d6df6ec06846e41abd9645
efficientnet_b0,B,1627,98992,image_level_seed11,5,2,pituitary,0.0002060917947042,3.022008742643074e-05,0.9997636881178692,2,pituitary,0.9997636881178692,919d6f0fb3ca462983d6df6ec06846e41abd9645
efficientnet_b0,B,1628,98995,image_level_seed11,1,2,pituitary,0.0007201352339924,0.0001599091049122,0.9991199556610952,2,pituitary,0.9991199556610952,919d6f0fb3ca462983d6df6ec06846e41abd9645
efficientnet_b0,B,1629,98995,image_level_seed11,3,2,pituitary,0.0017508694375358,4.4729414050348984e-05,0.9982044011484138,2,pituitary,0.9982044011484138,919d6f0fb3ca462983d6df6ec06846e41abd9645
efficientnet_b0,B,1630,98995,image_level_seed11,3,2,pituitary,0.0067402552531615,7.775889926222436e-05,0.9931819858475762,2,pituitary,0.9931819858475762,919d6f0fb3ca462983d6df6ec06846e41abd9645
efficientnet_b0,B,1631,98995,image_level_seed11,4,2,pituitary,0.000543124132194,3.2052442184553944e-05,0.9994248234256214,2,pituitary,0.9994248234256214,919d6f0fb3ca462983d6df6ec06846e41abd9645
efficientnet_b0,B,1632,98995,image_level_seed11,4,2,pituitary,0.0005814087180315,2.544294609014845e-05,0.9993931483358784,2,pituitary,0.9993931483358784,919d6f0fb3ca462983d6df6ec06846e41abd9645
efficientnet_b0,B,1633,98995,image_level_seed11,4,2,pituitary,0.0008540126781251,2.0844514485673644e-05,0.9991251428073892,2,pituitary,0.9991251428073892,919d6f0fb3ca462983d6df6ec06846e41abd9645
efficientnet_b0,B,1634,99223,image_level_seed11,1,2,pituitary,0.0014309213840622,0.000436682594665,0.9981323960212728,2,pituitary,0.9981323960212728,919d6f0fb3ca462983d6df6ec06846e41abd9645
efficientnet_b0,B,1635,99223,image_level_seed11,2,2,pituitary,5.929166021043435e-05,2.7624731214568622e-05,0.9999130836085748,2,pituitary,0.9999130836085748,919d6f0fb3ca462983d6df6ec06846e41abd9645
efficientnet_b0,B,1636,99223,image_level_seed11,2,2,pituitary,8.582948446685161e-05,9.766478767186751e-06,0.999904404036766,2,pituitary,0.999904404036766,919d6f0fb3ca462983d6df6ec06846e41abd9645
efficientnet_b0,B,1637,99223,image_level_seed11,5,2,pituitary,0.0002676215383871,6.596487415132161e-05,0.9996664135874616,2,pituitary,0.9996664135874616,919d6f0fb3ca462983d6df6ec06846e41abd9645
efficientnet_b0,B,1638,99223,image_level_seed11,3,2,pituitary,0.000261393408241,6.223867387804296e-05,0.9996763679178808,2,pituitary,0.9996763679178808,919d6f0fb3ca462983d6df6ec06846e41abd9645
efficientnet_b0,B,1639,99223,image_level_seed11,3,2,pituitary,0.0003527835170249,5.048508412043893e-05,0.9995967313988546,2,pituitary,0.9995967313988546,919d6f0fb3ca462983d6df6ec06846e41abd9645
efficientnet_b0,B,1640,101017,image_level_seed11,5,2,pituitary,0.0012607929583837,0.0002430928950161,0.9984961141466,2,pituitary,0.9984961141466,919d6f0fb3ca462983d6df6ec06846e41abd9645
efficientnet_b0,B,1641,101017,image_level_seed11,4,2,pituitary,0.0011862640397954,0.000188612651312,0.9986251233088924,2,pituitary,0.9986251233088924,919d6f0fb3ca462983d6df6ec06846e41abd9645
efficientnet_b0,B,1642,101017,image_level_seed11,3,2,pituitary,6.547387057732616e-05,2.1328141247903263e-05,0.9999131979881748,2,pituitary,0.9999131979881748,919d6f0fb3ca462983d6df6ec06846e41abd9645
efficientnet_b0,B,1643,101017,image_level_seed11,3,2,pituitary,0.0001600280021634,3.768864019048456e-05,0.999802283357646,2,pituitary,0.999802283357646,919d6f0fb3ca462983d6df6ec06846e41abd9645
efficientnet_b0,B,1644,101029,image_level_seed11,3,2,pituitary,7.401610613977967e-05,3.206629377815919e-05,0.9998939176000822,2,pituitary,0.9998939176000822,919d6f0fb3ca462983d6df6ec06846e41abd9645
efficientnet_b0,B,1645,101029,image_level_seed11,5,2,pituitary,1.1788341720389623e-05,9.057820087336843e-06,0.999979153838192,2,pituitary,0.999979153838192,919d6f0fb3ca462983d6df6ec06846e41abd9645
efficientnet_b0,B,1646,101029,image_level_seed11,1,2,pituitary,6.792476643710666e-05,7.93604615535245e-06,0.9999241391874076,2,pituitary,0.9999241391874076,919d6f0fb3ca462983d6df6ec06846e41abd9645
efficientnet_b0,B,1647,101029,image_level_seed11,5,2,pituitary,1.2320733364529828e-05,8.144620080996785e-06,0.9999795346465544,2,pituitary,0.9999795346465544,919d6f0fb3ca462983d6df6ec06846e41abd9645
efficientnet_b0,B,1648,101029,image_level_seed11,4,2,pituitary,3.960097006947362e-06,1.4352523072091622e-06,0.999994604650686,2,pituitary,0.999994604650686,919d6f0fb3ca462983d6df6ec06846e41abd9645
efficientnet_b0,B,1649,101029,image_level_seed11,1,2,pituitary,3.466114536037499e-05,3.0153179471891427e-05,0.9999351856751676,2,pituitary,0.9999351856751676,919d6f0fb3ca462983d6df6ec06846e41abd9645
efficientnet_b0,B,1650,101029,image_level_seed11,5,2,pituitary,6.445454556198018e-06,2.923905720113858e-06,0.9999906306397236,2,pituitary,0.9999906306397236,919d6f0fb3ca462983d6df6ec06846e41abd9645
efficientnet_b0,B,1651,101145,image_level_seed11,4,2,pituitary,8.20393344893295e-05,1.4170090671139349e-05,0.9999037905748396,2,pituitary,0.9999037905748396,919d6f0fb3ca462983d6df6ec06846e41abd9645
efficientnet_b0,B,1652,101145,image_level_seed11,2,2,pituitary,0.0003010386231311,0.0003066537774103,0.9993923075994584,2,pituitary,0.9993923075994584,919d6f0fb3ca462983d6df6ec06846e41abd9645
efficientnet_b0,B,1653,101145,image_level_seed11,1,2,pituitary,0.0052715578556437,0.0279568819102238,0.9667715602341324,2,pituitary,0.9667715602341324,919d6f0fb3ca462983d6df6ec06846e41abd9645
efficientnet_b0,B,1654,101145,image_level_seed11,5,2,pituitary,1.6795248477599425e-05,1.2978956226486785e-05,0.999970225795296,2,pituitary,0.999970225795296,919d6f0fb3ca462983d6df6ec06846e41abd9645
efficientnet_b0,B,1655,101305,image_level_seed11,2,2,pituitary,0.0007262761893607,0.0001120092664662,0.999161714544173,2,pituitary,0.999161714544173,919d6f0fb3ca462983d6df6ec06846e41abd9645
efficientnet_b0,B,1656,101305,image_level_seed11,5,2,pituitary,8.245686072518634e-05,2.040087383680164e-05,0.999897142265438,2,pituitary,0.999897142265438,919d6f0fb3ca462983d6df6ec06846e41abd9645
efficientnet_b0,B,1657,101305,image_level_seed11,3,2,pituitary,0.0003988282945106,5.066421711974829e-05,0.9995505074883696,2,pituitary,0.9995505074883696,919d6f0fb3ca462983d6df6ec06846e41abd9645
efficientnet_b0,B,1658,101305,image_level_seed11,4,2,pituitary,7.995469304904467e-05,4.578302015192382e-05,0.9998742622867988,2,pituitary,0.9998742622867988,919d6f0fb3ca462983d6df6ec06846e41abd9645
efficientnet_b0,B,1659,101724,image_level_seed11,1,2,pituitary,0.0004508559233533,0.0009675420691775,0.9985816020074691,2,pituitary,0.9985816020074691,919d6f0fb3ca462983d6df6ec06846e41abd9645
efficientnet_b0,B,1660,101724,image_level_seed11,2,2,pituitary,0.0004185104154156,0.0001203574336966,0.9994611321508876,2,pituitary,0.9994611321508876,919d6f0fb3ca462983d6df6ec06846e41abd9645
efficientnet_b0,B,1661,101724,image_level_seed11,1,2,pituitary,0.0143822536875137,0.0016127155927931,0.984005030719693,2,pituitary,0.984005030719693,919d6f0fb3ca462983d6df6ec06846e41abd9645
efficientnet_b0,B,1662,101724,image_level_seed11,4,2,pituitary,0.0244245729783895,0.0094741624344105,0.9661012645872,2,pituitary,0.9661012645872,919d6f0fb3ca462983d6df6ec06846e41abd9645
efficientnet_b0,B,1663,101724,image_level_seed11,3,2,pituitary,0.0063356483621683,0.0006634255714629,0.9930009260663688,2,pituitary,0.9930009260663688,919d6f0fb3ca462983d6df6ec06846e41abd9645
efficientnet_b0,B,1664,101724,image_level_seed11,4,2,pituitary,0.0010924159423584,0.0020927601263718,0.9968148239312696,2,pituitary,0.9968148239312696,919d6f0fb3ca462983d6df6ec06846e41abd9645
efficientnet_b0,B,1665,102648,image_level_seed11,3,2,pituitary,0.0186911749303711,0.0087084299208509,0.972600395148778,2,pituitary,0.972600395148778,919d6f0fb3ca462983d6df6ec06846e41abd9645
efficientnet_b0,B,1666,102648,image_level_seed11,2,2,pituitary,0.0003137895082272,0.0015176879865661,0.9981685225052066,2,pituitary,0.9981685225052066,919d6f0fb3ca462983d6df6ec06846e41abd9645
efficientnet_b0,B,1667,102648,image_level_seed11,5,2,pituitary,0.0031089830803841,0.0350139089100572,0.9618771080095586,2,pituitary,0.9618771080095586,919d6f0fb3ca462983d6df6ec06846e41abd9645
efficientnet_b0,B,1668,102648,image_level_seed11,1,2,pituitary,0.0085050105013192,0.0177989630650259,0.9736960264336548,2,pituitary,0.9736960264336548,919d6f0fb3ca462983d6df6ec06846e41abd9645
efficientnet_b0,B,1669,102648,image_level_seed11,1,2,pituitary,0.0047943118531914,0.0459379523542193,0.9492677357925892,2,pituitary,0.9492677357925892,919d6f0fb3ca462983d6df6ec06846e41abd9645
efficientnet_b0,B,1670,102648,image_level_seed11,5,2,pituitary,0.0132830794469824,0.0068128855065496,0.979904035046468,2,pituitary,0.979904035046468,919d6f0fb3ca462983d6df6ec06846e41abd9645
efficientnet_b0,B,1671,102648,image_level_seed11,3,2,pituitary,0.0141064958145309,0.0010061667124294,0.9848873374730396,2,pituitary,0.9848873374730396,919d6f0fb3ca462983d6df6ec06846e41abd9645
efficientnet_b0,B,1672,102669,image_level_seed11,1,2,pituitary,0.0005463439438856,0.0010845175111333,0.998369138544981,2,pituitary,0.998369138544981,919d6f0fb3ca462983d6df6ec06846e41abd9645
efficientnet_b0,B,1673,103046,image_level_seed11,3,2,pituitary,8.011708656861312e-05,1.456231126641396e-05,0.9999053206021647,2,pituitary,0.9999053206021647,919d6f0fb3ca462983d6df6ec06846e41abd9645
efficientnet_b0,B,1674,103046,image_level_seed11,1,2,pituitary,0.0007863833447864,0.0003012916652845,0.9989123249899288,2,pituitary,0.9989123249899288,919d6f0fb3ca462983d6df6ec06846e41abd9645
efficientnet_b0,B,1675,103046,image_level_seed11,1,2,pituitary,0.0015200196801467,0.0011233700983561,0.997356610221497,2,pituitary,0.997356610221497,919d6f0fb3ca462983d6df6ec06846e41abd9645
efficientnet_b0,B,1676,103046,image_level_seed11,1,2,pituitary,0.0002146620782271,0.0002494615433717,0.9995358763784012,2,pituitary,0.9995358763784012,919d6f0fb3ca462983d6df6ec06846e41abd9645
efficientnet_b0,B,1677,103257,image_level_seed11,5,2,pituitary,0.0004908554648864,0.0001740298408976,0.999335114694216,2,pituitary,0.999335114694216,919d6f0fb3ca462983d6df6ec06846e41abd9645
efficientnet_b0,B,1678,103257,image_level_seed11,3,2,pituitary,0.0004533337608146,1.856481885254131e-05,0.9995281014203328,2,pituitary,0.9995281014203328,919d6f0fb3ca462983d6df6ec06846e41abd9645
efficientnet_b0,B,1679,103257,image_level_seed11,4,2,pituitary,0.0009895965087295,7.022471482190208e-05,0.9989401787764486,2,pituitary,0.9989401787764486,919d6f0fb3ca462983d6df6ec06846e41abd9645
efficientnet_b0,B,1680,103257,image_level_seed11,5,2,pituitary,0.0001271686600386,2.456089057546699e-05,0.999848270449386,2,pituitary,0.999848270449386,919d6f0fb3ca462983d6df6ec06846e41abd9645
efficientnet_b0,B,1681,103257,image_level_seed11,4,2,pituitary,0.0001599299310625,4.498863862040723e-05,0.9997950814303171,2,pituitary,0.9997950814303171,919d6f0fb3ca462983d6df6ec06846e41abd9645
efficientnet_b0,B,1682,103257,image_level_seed11,5,2,pituitary,0.0009458020699546,0.0001113680253565,0.9989428299046887,2,pituitary,0.9989428299046887,919d6f0fb3ca462983d6df6ec06846e41abd9645
efficientnet_b0,B,1683,103257,image_level_seed11,5,2,pituitary,0.0003672406547641,0.0004325539167243,0.9992002054285116,2,pituitary,0.9992002054285116,919d6f0fb3ca462983d6df6ec06846e41abd9645
efficientnet_b0,B,1684,103478,image_level_seed11,2,2,pituitary,0.0006796609305643,0.0003048131301143,0.9990155259393214,2,pituitary,0.9990155259393214,919d6f0fb3ca462983d6df6ec06846e41abd9645
efficientnet_b0,B,1685,103478,image_level_seed11,4,2,pituitary,4.8805346516894125e-06,2.2141167230050423e-06,0.9999929053486252,2,pituitary,0.9999929053486252,919d6f0fb3ca462983d6df6ec06846e41abd9645
efficientnet_b0,B,1686,103478,image_level_seed11,2,2,pituitary,0.0004074078346716,0.0001029673355258,0.9994896248298024,2,pituitary,0.9994896248298024,919d6f0fb3ca462983d6df6ec06846e41abd9645
efficientnet_b0,B,1687,103478,image_level_seed11,5,2,pituitary,0.0001356955994204,0.0025625448168358,0.9973017595837438,2,pituitary,0.9973017595837438,919d6f0fb3ca462983d6df6ec06846e41abd9645
efficientnet_b0,B,1688,103478,image_level_seed11,2,2,pituitary,2.666159427628395e-05,5.086700354854628e-06,0.9999682517053688,2,pituitary,0.9999682517053688,919d6f0fb3ca462983d6df6ec06846e41abd9645
efficientnet_b0,B,1689,103478,image_level_seed11,5,2,pituitary,4.323032132510907e-05,7.989735302397683e-05,0.9998768723256508,2,pituitary,0.9998768723256508,919d6f0fb3ca462983d6df6ec06846e41abd9645
efficientnet_b0,B,1690,103478,image_level_seed11,3,2,pituitary,0.0001141691674434,2.0690248320716915e-05,0.9998651405842358,2,pituitary,0.9998651405842358,919d6f0fb3ca462983d6df6ec06846e41abd9645
efficientnet_b0,B,1691,103478,image_level_seed11,3,2,pituitary,5.1549073182226206e-05,6.338564506859449e-05,0.9998850652817493,2,pituitary,0.9998850652817493,919d6f0fb3ca462983d6df6ec06846e41abd9645
efficientnet_b0,B,1692,103582,image_level_seed11,4,2,pituitary,7.947113847253564e-05,4.735589631969286e-05,0.9998731729652078,2,pituitary,0.9998731729652078,919d6f0fb3ca462983d6df6ec06846e41abd9645
efficientnet_b0,B,1693,103582,image_level_seed11,3,2,pituitary,0.0001860616570875,5.539871967807026e-05,0.9997585396232342,2,pituitary,0.9997585396232342,919d6f0fb3ca462983d6df6ec06846e41abd9645
efficientnet_b0,B,1694,103582,image_level_seed11,2,2,pituitary,0.0003166612189571,0.000113434621393,0.99956990415965,2,pituitary,0.99956990415965,919d6f0fb3ca462983d6df6ec06846e41abd9645
efficientnet_b0,B,1695,103582,image_level_seed11,2,2,pituitary,0.0001508053618122,3.615200987870354e-05,0.999813042628309,2,pituitary,0.999813042628309,919d6f0fb3ca462983d6df6ec06846e41abd9645
efficientnet_b0,B,1696,103582,image_level_seed11,3,2,pituitary,7.972827121387626e-05,3.804768498137309e-05,0.9998822240438048,2,pituitary,0.9998822240438048,919d6f0fb3ca462983d6df6ec06846e41abd9645
efficientnet_b0,B,1697,103582,image_level_seed11,5,2,pituitary,6.075097846869976e-05,1.531127632595286e-05,0.9999239377452054,2,pituitary,0.9999239377452054,919d6f0fb3ca462983d6df6ec06846e41abd9645
efficientnet_b0,B,1698,103582,image_level_seed11,2,2,pituitary,9.12434412462282e-06,5.051754733111849e-06,0.9999858239011424,2,pituitary,0.9999858239011424,919d6f0fb3ca462983d6df6ec06846e41abd9645
efficientnet_b0,B,1699,103582,image_level_seed11,1,2,pituitary,0.0006044023639301,0.0004548431748571,0.9989407544612128,2,pituitary,0.9989407544612128,919d6f0fb3ca462983d6df6ec06846e41abd9645
efficientnet_b0,B,1700,103670,image_level_seed11,3,2,pituitary,0.0002848745765463,4.3960657712909966e-05,0.9996711647657408,2,pituitary,0.9996711647657408,919d6f0fb3ca462983d6df6ec06846e41abd9645
efficientnet_b0,B,1701,103670,image_level_seed11,5,2,pituitary,0.0001227999959566,0.0001031476463554,0.9997740523576878,2,pituitary,0.9997740523576878,919d6f0fb3ca462983d6df6ec06846e41abd9645
efficientnet_b0,B,1702,103670,image_level_seed11,3,2,pituitary,4.729206657812747e-05,6.395521466720724e-06,0.9999463124119552,2,pituitary,0.9999463124119552,919d6f0fb3ca462983d6df6ec06846e41abd9645
efficientnet_b0,B,1703,103670,image_level_seed11,4,2,pituitary,0.0050111405682607,0.0003470328988002,0.9946418265329392,2,pituitary,0.9946418265329392,919d6f0fb3ca462983d6df6ec06846e41abd9645
efficientnet_b0,B,1704,103671,image_level_seed11,3,2,pituitary,8.847095829541038e-05,9.49196469700321e-05,0.9998166093947344,2,pituitary,0.9998166093947344,919d6f0fb3ca462983d6df6ec06846e41abd9645
efficientnet_b0,B,1705,103671,image_level_seed11,2,2,pituitary,0.0003526512711623,3.6458162823413805e-05,0.9996108905660144,2,pituitary,0.9996108905660144,919d6f0fb3ca462983d6df6ec06846e41abd9645
efficientnet_b0,B,1706,103671,image_level_seed11,3,2,pituitary,0.0001023366512488,4.087324936004407e-05,0.9998567900993912,2,pituitary,0.9998567900993912,919d6f0fb3ca462983d6df6ec06846e41abd9645
efficientnet_b0,B,1707,103671,image_level_seed11,5,2,pituitary,3.2315347100185736e-05,2.5950749843338453e-05,0.9999417339030564,2,pituitary,0.9999417339030564,919d6f0fb3ca462983d6df6ec06846e41abd9645
efficientnet_b0,B,1708,103671,image_level_seed11,2,2,pituitary,0.0009666753817393,0.0003026212353011,0.9987307033829596,2,pituitary,0.9987307033829596,919d6f0fb3ca462983d6df6ec06846e41abd9645
efficientnet_b0,B,1709,103731,image_level_seed11,4,2,pituitary,0.0066538039789763,0.0022328601956324,0.9911133358253912,2,pituitary,0.9911133358253912,919d6f0fb3ca462983d6df6ec06846e41abd9645
efficientnet_b0,B,1710,103731,image_level_seed11,3,2,pituitary,0.0001341772183568,5.671197781069101e-05,0.9998091108038324,2,pituitary,0.9998091108038324,919d6f0fb3ca462983d6df6ec06846e41abd9645
efficientnet_b0,B,1711,103731,image_level_seed11,3,2,pituitary,5.7885202123865394e-05,1.3098218884754064e-05,0.9999290165789916,2,pituitary,0.9999290165789916,919d6f0fb3ca462983d6df6ec06846e41abd9645
efficientnet_b0,B,1712,103731,image_level_seed11,2,2,pituitary,0.0002062437517654,0.000100994025966,0.9996927622222684,2,pituitary,0.9996927622222684,919d6f0fb3ca462983d6df6ec06846e41abd9645
efficientnet_b0,B,1713,103731,image_level_seed11,1,2,pituitary,0.0004910589066927,0.0006278404972458,0.9988811005960616,2,pituitary,0.9988811005960616,919d6f0fb3ca462983d6df6ec06846e41abd9645
efficientnet_b0,B,1714,103837,image_level_seed11,3,2,pituitary,0.0237644683871072,0.0006317822237186,0.9756037493891742,2,pituitary,0.9756037493891742,919d6f0fb3ca462983d6df6ec06846e41abd9645
efficientnet_b0,B,1715,103837,image_level_seed11,3,2,pituitary,0.0037126082815133,0.0001041142398505,0.9961832774786362,2,pituitary,0.9961832774786362,919d6f0fb3ca462983d6df6ec06846e41abd9645
efficientnet_b0,B,1716,103837,image_level_seed11,4,2,pituitary,0.0001734630044956,6.125088222570229e-06,0.9998204119072818,2,pituitary,0.9998204119072818,919d6f0fb3ca462983d6df6ec06846e41abd9645
efficientnet_b0,B,1717,103837,image_level_seed11,4,2,pituitary,2.4642167187709148e-05,7.779694846870843e-07,0.9999745798633276,2,pituitary,0.9999745798633276,919d6f0fb3ca462983d6df6ec06846e41abd9645
efficientnet_b0,B,1718,103837,image_level_seed11,5,2,pituitary,3.222600436752778e-05,3.6573846850208537e-06,0.9999641166109476,2,pituitary,0.9999641166109476,919d6f0fb3ca462983d6df6ec06846e41abd9645
efficientnet_b0,B,1719,103837,image_level_seed11,5,2,pituitary,0.0001034017297154,3.805805665856776e-06,0.9998927924646188,2,pituitary,0.9998927924646188,919d6f0fb3ca462983d6df6ec06846e41abd9645
efficientnet_b0,B,1720,103837,image_level_seed11,2,2,pituitary,8.360825605665103e-06,4.1906951599896434e-07,0.9999912201048784,2,pituitary,0.9999912201048784,919d6f0fb3ca462983d6df6ec06846e41abd9645
efficientnet_b0,B,1721,104019,image_level_seed11,3,2,pituitary,0.0004820217437515,0.0005529606572958,0.9989650175989524,2,pituitary,0.9989650175989524,919d6f0fb3ca462983d6df6ec06846e41abd9645
efficientnet_b0,B,1722,104019,image_level_seed11,3,2,pituitary,0.000123984872109,0.0002256368480001,0.9996503782798908,2,pituitary,0.9996503782798908,919d6f0fb3ca462983d6df6ec06846e41abd9645
efficientnet_b0,B,1723,104019,image_level_seed11,4,2,pituitary,7.766515088105618e-05,0.0001136668435985,0.9998086680055204,2,pituitary,0.9998086680055204,919d6f0fb3ca462983d6df6ec06846e41abd9645
efficientnet_b0,B,1724,104019,image_level_seed11,2,2,pituitary,0.0002091921831269,7.97840962604394e-05,0.9997110237206126,2,pituitary,0.9997110237206126,919d6f0fb3ca462983d6df6ec06846e41abd9645
efficientnet_b0,B,1725,104558,image_level_seed11,3,2,pituitary,0.0018281227192864,0.0019592614786953,0.996212615802018,2,pituitary,0.996212615802018,919d6f0fb3ca462983d6df6ec06846e41abd9645
efficientnet_b0,B,1726,104558,image_level_seed11,4,2,pituitary,0.01040522637924,0.0029368457335622,0.9866579278871976,2,pituitary,0.9866579278871976,919d6f0fb3ca462983d6df6ec06846e41abd9645
efficientnet_b0,B,1727,104558,image_level_seed11,1,2,pituitary,0.001079111155963,0.0002063168792073,0.9987145719648296,2,pituitary,0.9987145719648296,919d6f0fb3ca462983d6df6ec06846e41abd9645
efficientnet_b0,B,1728,104558,image_level_seed11,4,2,pituitary,0.0034691474305706,0.0002250227704675,0.9963058297989618,2,pituitary,0.9963058297989618,919d6f0fb3ca462983d6df6ec06846e41abd9645
efficientnet_b0,B,1729,104558,image_level_seed11,4,2,pituitary,0.089968572141578,0.0010796968576646,0.9089517310007572,2,pituitary,0.9089517310007572,919d6f0fb3ca462983d6df6ec06846e41abd9645
efficientnet_b0,B,1730,104558,image_level_seed11,2,2,pituitary,0.0001390904648727,3.221380520732495e-05,0.9998286957299198,2,pituitary,0.9998286957299198,919d6f0fb3ca462983d6df6ec06846e41abd9645
efficientnet_b0,B,1731,104558,image_level_seed11,4,2,pituitary,0.0067682873678357,0.0004188932205736,0.9928128194115906,2,pituitary,0.9928128194115906,919d6f0fb3ca462983d6df6ec06846e41abd9645
efficientnet_b0,B,1732,104558,image_level_seed11,2,2,pituitary,0.0001956034813423,0.0001275605882297,0.999676835930428,2,pituitary,0.999676835930428,919d6f0fb3ca462983d6df6ec06846e41abd9645
efficientnet_b0,B,1733,104558,image_level_seed11,4,2,pituitary,0.0305110667078904,0.0061734055685872,0.9633155277235222,2,pituitary,0.9633155277235222,919d6f0fb3ca462983d6df6ec06846e41abd9645
efficientnet_b0,B,1734,104684,image_level_seed11,4,2,pituitary,3.878083861591098e-05,1.0186827051837506e-05,0.9999510323343322,2,pituitary,0.9999510323343322,919d6f0fb3ca462983d6df6ec06846e41abd9645
efficientnet_b0,B,1735,104684,image_level_seed11,3,2,pituitary,0.000104477074661,4.083266421434808e-05,0.9998546902611248,2,pituitary,0.9998546902611248,919d6f0fb3ca462983d6df6ec06846e41abd9645
efficientnet_b0,B,1736,104684,image_level_seed11,3,2,pituitary,5.6636992708796e-05,2.922359437512139e-05,0.9999141394129162,2,pituitary,0.9999141394129162,919d6f0fb3ca462983d6df6ec06846e41abd9645
efficientnet_b0,B,1737,104684,image_level_seed11,2,2,pituitary,0.0001120971780626,4.950136631848151e-05,0.9998384014556188,2,pituitary,0.9998384014556188,919d6f0fb3ca462983d6df6ec06846e41abd9645
efficientnet_b0,B,1738,104684,image_level_seed11,4,2,pituitary,0.0002426040644744,5.781402636939012e-05,0.999699581909156,2,pituitary,0.999699581909156,919d6f0fb3ca462983d6df6ec06846e41abd9645
efficientnet_b0,B,1739,104684,image_level_seed11,2,2,pituitary,5.137787880058769e-05,1.8370467401570317e-05,0.9999302516537978,2,pituitary,0.9999302516537978,919d6f0fb3ca462983d6df6ec06846e41abd9645
efficientnet_b0,B,1740,104684,image_level_seed11,1,2,pituitary,0.0001061085623918,0.0001130819340796,0.9997808095035288,2,pituitary,0.9997808095035288,919d6f0fb3ca462983d6df6ec06846e41abd9645
efficientnet_b0,B,1741,104912,image_level_seed11,4,2,pituitary,0.0022434362448893,0.0013769028619871,0.9963796608931236,2,pituitary,0.9963796608931236,919d6f0fb3ca462983d6df6ec06846e41abd9645
efficientnet_b0,B,1742,104912,image_level_seed11,2,2,pituitary,0.0005818230765607,0.0003201746394243,0.9990980022840148,2,pituitary,0.9990980022840148,919d6f0fb3ca462983d6df6ec06846e41abd9645
efficientnet_b0,B,1743,104912,image_level_seed11,1,2,pituitary,0.0010006722865014,0.003042999149259,0.9959563285642395,2,pituitary,0.9959563285642395,919d6f0fb3ca462983d6df6ec06846e41abd9645
efficientnet_b0,B,1744,104912,image_level_seed11,4,2,pituitary,0.0016986538624032,0.0015295471830968,0.9967717989545,2,pituitary,0.9967717989545,919d6f0fb3ca462983d6df6ec06846e41abd9645
efficientnet_b0,B,1745,104912,image_level_seed11,3,2,pituitary,0.0007763221835211,0.000551410025987,0.998672267790492,2,pituitary,0.998672267790492,919d6f0fb3ca462983d6df6ec06846e41abd9645
efficientnet_b0,B,1746,104912,image_level_seed11,5,2,pituitary,0.0030310226494221,0.0012778085156032,0.9956911688349748,2,pituitary,0.9956911688349748,919d6f0fb3ca462983d6df6ec06846e41abd9645
efficientnet_b0,B,1747,104912,image_level_seed11,1,2,pituitary,0.0008061580340558,0.0030904017542233,0.9961034402117208,2,pituitary,0.9961034402117208,919d6f0fb3ca462983d6df6ec06846e41abd9645
efficientnet_b0,B,1748,105187,image_level_seed11,2,2,pituitary,0.0010534856357704,0.0005134222628878,0.9984330921013416,2,pituitary,0.9984330921013416,919d6f0fb3ca462983d6df6ec06846e41abd9645
efficientnet_b0,B,1749,105187,image_level_seed11,2,2,pituitary,0.0006192630469933,0.0013727704036008,0.9980079665494058,2,pituitary,0.9980079665494058,919d6f0fb3ca462983d6df6ec06846e41abd9645
efficientnet_b0,B,1750,105187,image_level_seed11,1,2,pituitary,0.0211503404369708,0.002932830044063,0.975916829518966,2,pituitary,0.975916829518966,919d6f0fb3ca462983d6df6ec06846e41abd9645
efficientnet_b0,B,1751,105187,image_level_seed11,1,2,pituitary,0.0003896594541549,0.0013681097860297,0.9982422307598152,2,pituitary,0.9982422307598152,919d6f0fb3ca462983d6df6ec06846e41abd9645
efficientnet_b0,B,1752,105187,image_level_seed11,2,2,pituitary,0.0009570348034278,0.0002966521051834,0.9987463130913888,2,pituitary,0.9987463130913888,919d6f0fb3ca462983d6df6ec06846e41abd9645
efficientnet_b0,B,1753,105187,image_level_seed11,2,2,pituitary,0.0004194779406858,0.0002069981727341,0.9993735238865802,2,pituitary,0.9993735238865802,919d6f0fb3ca462983d6df6ec06846e41abd9645
efficientnet_b0,B,1754,105475,image_level_seed11,4,2,pituitary,5.861545470979074e-05,4.040610997291456e-05,0.9999009784353172,2,pituitary,0.9999009784353172,919d6f0fb3ca462983d6df6ec06846e41abd9645
efficientnet_b0,B,1755,105475,image_level_seed11,3,2,pituitary,0.0005619114333554,0.0003693231458547,0.9990687654207898,2,pituitary,0.9990687654207898,919d6f0fb3ca462983d6df6ec06846e41abd9645
efficientnet_b0,B,1756,105475,image_level_seed11,2,2,pituitary,0.0010215202036878,0.0007180975366894,0.9982603822596228,2,pituitary,0.9982603822596228,919d6f0fb3ca462983d6df6ec06846e41abd9645
efficientnet_b0,B,1757,105475,image_level_seed11,5,2,pituitary,1.0124487807352492e-05,9.827712497380767e-06,0.9999800477996952,2,pituitary,0.9999800477996952,919d6f0fb3ca462983d6df6ec06846e41abd9645
efficientnet_b0,B,1758,105475,image_level_seed11,3,2,pituitary,7.16399109304045e-05,3.057078372957041e-05,0.99989778930534,2,pituitary,0.99989778930534,919d6f0fb3ca462983d6df6ec06846e41abd9645
efficientnet_b0,B,1759,105538,image_level_seed11,1,2,pituitary,0.3951107905589769,0.0923569884588156,0.5125322209822074,2,pituitary,0.5125322209822074,919d6f0fb3ca462983d6df6ec06846e41abd9645
efficientnet_b0,B,1760,105538,image_level_seed11,4,2,pituitary,0.7494996927979743,0.1201622125075024,0.1303380946945231,0,meningioma,0.7494996927979743,919d6f0fb3ca462983d6df6ec06846e41abd9645
efficientnet_b0,B,1761,105638,image_level_seed11,4,2,pituitary,0.0001299909884181,4.0401376400355445e-05,0.9998296076351816,2,pituitary,0.9998296076351816,919d6f0fb3ca462983d6df6ec06846e41abd9645
efficientnet_b0,B,1762,105638,image_level_seed11,5,2,pituitary,0.0001187696236462,4.982212632601549e-05,0.9998314082500276,2,pituitary,0.9998314082500276,919d6f0fb3ca462983d6df6ec06846e41abd9645
efficientnet_b0,B,1763,105638,image_level_seed11,5,2,pituitary,0.0001295549622605,0.0001105647893053,0.999759880248434,2,pituitary,0.999759880248434,919d6f0fb3ca462983d6df6ec06846e41abd9645
efficientnet_b0,B,1764,105638,image_level_seed11,4,2,pituitary,0.0014527172594623,0.0017782108111432,0.9967690719293943,2,pituitary,0.9967690719293943,919d6f0fb3ca462983d6df6ec06846e41abd9645
efficientnet_b0,B,1765,105638,image_level_seed11,2,2,pituitary,0.0006814596279061,0.0002607579974042,0.9990577823746896,2,pituitary,0.9990577823746896,919d6f0fb3ca462983d6df6ec06846e41abd9645
efficientnet_b0,B,1766,97416,image_level_seed11,2,2,pituitary,8.47813429235589e-05,0.0001237513276102,0.999791467329466,2,pituitary,0.999791467329466,919d6f0fb3ca462983d6df6ec06846e41abd9645
efficientnet_b0,B,1767,97416,image_level_seed11,1,2,pituitary,0.0024577709092914,0.0023060299874877,0.9952361991032208,2,pituitary,0.9952361991032208,919d6f0fb3ca462983d6df6ec06846e41abd9645
efficientnet_b0,B,1768,97416,image_level_seed11,1,2,pituitary,0.0021887278800869,0.0010098472431834,0.9968014248767296,2,pituitary,0.9968014248767296,919d6f0fb3ca462983d6df6ec06846e41abd9645
efficientnet_b0,B,1769,97416,image_level_seed11,3,2,pituitary,0.0006247997339992,0.0001447284278586,0.9992304718381422,2,pituitary,0.9992304718381422,919d6f0fb3ca462983d6df6ec06846e41abd9645
efficientnet_b0,B,1770,97416,image_level_seed11,3,2,pituitary,0.0001677406465338,2.0026662034799338e-05,0.9998122326914314,2,pituitary,0.9998122326914314,919d6f0fb3ca462983d6df6ec06846e41abd9645
efficientnet_b0,B,1771,97416,image_level_seed11,1,2,pituitary,0.0009993861310437,0.0003322815336861,0.99866833233527,2,pituitary,0.99866833233527,919d6f0fb3ca462983d6df6ec06846e41abd9645
efficientnet_b0,B,1772,97416,image_level_seed11,1,2,pituitary,0.3197566776424934,0.0637522414555114,0.6164910809019951,2,pituitary,0.6164910809019951,919d6f0fb3ca462983d6df6ec06846e41abd9645
efficientnet_b0,B,1773,97461,image_level_seed11,3,2,pituitary,0.0003843431598551,0.0001826431794629,0.999433013660682,2,pituitary,0.999433013660682,919d6f0fb3ca462983d6df6ec06846e41abd9645
efficientnet_b0,B,1774,97461,image_level_seed11,4,2,pituitary,1.952526891178261e-05,3.19230496373392e-06,0.9999772824261244,2,pituitary,0.9999772824261244,919d6f0fb3ca462983d6df6ec06846e41abd9645
efficientnet_b0,B,1775,97461,image_level_seed11,5,2,pituitary,6.990500407461183e-06,1.121612947937618e-05,0.9999817933701132,2,pituitary,0.9999817933701132,919d6f0fb3ca462983d6df6ec06846e41abd9645
efficientnet_b0,B,1776,97461,image_level_seed11,1,2,pituitary,3.233606136750945e-05,0.0004474111437293,0.9995202527949032,2,pituitary,0.9995202527949032,919d6f0fb3ca462983d6df6ec06846e41abd9645
efficientnet_b0,B,1777,97461,image_level_seed11,2,2,pituitary,0.0003095092741943,0.0002134082898013,0.9994770824360044,2,pituitary,0.9994770824360044,919d6f0fb3ca462983d6df6ec06846e41abd9645
efficientnet_b0,B,1778,97461,image_level_seed11,4,2,pituitary,0.00021297075917,6.352242654009874e-05,0.9997235068142898,2,pituitary,0.9997235068142898,919d6f0fb3ca462983d6df6ec06846e41abd9645
efficientnet_b0,B,1779,97461,image_level_seed11,1,2,pituitary,9.151749436728648e-06,2.8181510490587323e-05,0.9999626667400726,2,pituitary,0.9999626667400726,919d6f0fb3ca462983d6df6ec06846e41abd9645
efficientnet_b0,B,1780,97461,image_level_seed11,4,2,pituitary,0.0001139307778292,6.98024427295205e-05,0.9998162667794412,2,pituitary,0.9998162667794412,919d6f0fb3ca462983d6df6ec06846e41abd9645
efficientnet_b0,B,1781,97481,image_level_seed11,5,2,pituitary,5.669231417703991e-06,3.1819404782222967e-06,0.999991148828104,2,pituitary,0.999991148828104,919d6f0fb3ca462983d6df6ec06846e41abd9645
efficientnet_b0,B,1782,97481,image_level_seed11,4,2,pituitary,1.0023209727918272e-05,2.5517870351996875e-06,0.9999874250032368,2,pituitary,0.9999874250032368,919d6f0fb3ca462983d6df6ec06846e41abd9645
efficientnet_b0,B,1783,97481,image_level_seed11,4,2,pituitary,2.5773870592327188e-05,1.0815702600351558e-05,0.9999634104268073,2,pituitary,0.9999634104268073,919d6f0fb3ca462983d6df6ec06846e41abd9645
efficientnet_b0,B,1784,97481,image_level_seed11,2,2,pituitary,0.0001671443698719,0.0001517867390872,0.9996810688910408,2,pituitary,0.9996810688910408,919d6f0fb3ca462983d6df6ec06846e41abd9645
efficientnet_b0,B,1785,97481,image_level_seed11,1,2,pituitary,0.0003152690057902,0.0006983101362695,0.99898642085794,2,pituitary,0.99898642085794,919d6f0fb3ca462983d6df6ec06846e41abd9645
efficientnet_b0,B,1786,97599,image_level_seed11,4,2,pituitary,0.000239934784955,7.943789357789627e-06,0.9997521214256871,2,pituitary,0.9997521214256871,919d6f0fb3ca462983d6df6ec06846e41abd9645
efficientnet_b0,B,1787,97599,image_level_seed11,5,2,pituitary,0.00015840340054,9.654863134757413e-05,0.9997450479681124,2,pituitary,0.9997450479681124,919d6f0fb3ca462983d6df6ec06846e41abd9645
efficientnet_b0,B,1788,97599,image_level_seed11,3,2,pituitary,5.792982456089178e-05,1.3756482265626802e-05,0.9999283136931734,2,pituitary,0.9999283136931734,919d6f0fb3ca462983d6df6ec06846e41abd9645
efficientnet_b0,B,1789,97890,image_level_seed11,5,2,pituitary,2.404743976452071e-05,2.9782656911722342e-05,0.999946169903324,2,pituitary,0.999946169903324,919d6f0fb3ca462983d6df6ec06846e41abd9645
efficientnet_b0,B,1790,97890,image_level_seed11,2,2,pituitary,0.0001781210845635,3.9177745297290376e-05,0.999782701170139,2,pituitary,0.999782701170139,919d6f0fb3ca462983d6df6ec06846e41abd9645
efficientnet_b0,B,1791,97890,image_level_seed11,2,2,pituitary,0.0007320203823194,0.0001339734319205,0.99913400618576,2,pituitary,0.99913400618576,919d6f0fb3ca462983d6df6ec06846e41abd9645
efficientnet_b0,B,1792,97890,image_level_seed11,2,2,pituitary,0.0001424169987446,7.617830970781234e-05,0.9997814046915474,2,pituitary,0.9997814046915474,919d6f0fb3ca462983d6df6ec06846e41abd9645
efficientnet_b0,B,1793,97890,image_level_seed11,4,2,pituitary,7.042424691938139e-05,4.735622316667379e-05,0.999882219529914,2,pituitary,0.999882219529914,919d6f0fb3ca462983d6df6ec06846e41abd9645
efficientnet_b0,B,1794,97890,image_level_seed11,5,2,pituitary,5.704652177879865e-05,1.6673368200888667e-05,0.9999262801100204,2,pituitary,0.9999262801100204,919d6f0fb3ca462983d6df6ec06846e41abd9645
efficientnet_b0,B,1795,98472,image_level_seed11,5,2,pituitary,0.0008333426004158,0.000101057466125,0.9990655999334592,2,pituitary,0.9990655999334592,919d6f0fb3ca462983d6df6ec06846e41abd9645
efficientnet_b0,B,1796,98472,image_level_seed11,3,2,pituitary,0.0010834163856165,9.161816974651622e-06,0.9989074217974088,2,pituitary,0.9989074217974088,919d6f0fb3ca462983d6df6ec06846e41abd9645
efficientnet_b0,B,1797,98472,image_level_seed11,3,2,pituitary,0.0080700256476317,0.0027495240930268,0.9891804502593414,2,pituitary,0.9891804502593414,919d6f0fb3ca462983d6df6ec06846e41abd9645
efficientnet_b0,B,1798,98472,image_level_seed11,3,2,pituitary,0.0001219186092745,2.9613736616395687e-05,0.9998484676541092,2,pituitary,0.9998484676541092,919d6f0fb3ca462983d6df6ec06846e41abd9645
efficientnet_b0,B,1799,98472,image_level_seed11,4,2,pituitary,0.0008261850561936,0.0001490166227957,0.9990247983210108,2,pituitary,0.9990247983210108,919d6f0fb3ca462983d6df6ec06846e41abd9645
efficientnet_b0,B,1800,98472,image_level_seed11,5,2,pituitary,4.141447836323081e-05,9.464954044325672e-05,0.9998639359811936,2,pituitary,0.9998639359811936,919d6f0fb3ca462983d6df6ec06846e41abd9645
efficientnet_b0,B,1801,98652,image_level_seed11,5,2,pituitary,9.381826790235108e-05,3.074724052751732e-05,0.99987543449157,2,pituitary,0.99987543449157,919d6f0fb3ca462983d6df6ec06846e41abd9645
efficientnet_b0,B,1802,98652,image_level_seed11,5,2,pituitary,0.0001036551501501,2.3347143945102015e-05,0.9998729977059048,2,pituitary,0.9998729977059048,919d6f0fb3ca462983d6df6ec06846e41abd9645
efficientnet_b0,B,1803,98652,image_level_seed11,2,2,pituitary,0.0002090254363338,3.909852927920445e-05,0.9997518760343872,2,pituitary,0.9997518760343872,919d6f0fb3ca462983d6df6ec06846e41abd9645
efficientnet_b0,B,1804,98652,image_level_seed11,2,2,pituitary,0.0012481165044962,9.397872912301046e-05,0.9986579047663808,2,pituitary,0.9986579047663808,919d6f0fb3ca462983d6df6ec06846e41abd9645
efficientnet_b0,B,1805,98652,image_level_seed11,3,2,pituitary,0.0011993622746199,0.0002033821515212,0.9985972555738588,2,pituitary,0.9985972555738588,919d6f0fb3ca462983d6df6ec06846e41abd9645
efficientnet_b0,B,1806,98871,image_level_seed11,1,2,pituitary,0.0004088835319445,0.0023686940123284,0.997222422455727,2,pituitary,0.997222422455727,919d6f0fb3ca462983d6df6ec06846e41abd9645
efficientnet_b0,B,1807,98871,image_level_seed11,1,2,pituitary,8.848255660678945e-05,0.0002386791658067,0.9996728382775864,2,pituitary,0.9996728382775864,919d6f0fb3ca462983d6df6ec06846e41abd9645
efficientnet_b0,B,1808,98871,image_level_seed11,5,2,pituitary,0.0002721059905193,3.900212792064447e-05,0.99968889188156,2,pituitary,0.99968889188156,919d6f0fb3ca462983d6df6ec06846e41abd9645
efficientnet_b0,B,1809,98871,image_level_seed11,1,2,pituitary,0.0001173193510516,0.0002410241458356,0.9996416565031128,2,pituitary,0.9996416565031128,919d6f0fb3ca462983d6df6ec06846e41abd9645
efficientnet_b0,B,1810,98871,image_level_seed11,4,2,pituitary,0.000916290180086,0.0077718137738644,0.9913118960460494,2,pituitary,0.9913118960460494,919d6f0fb3ca462983d6df6ec06846e41abd9645
efficientnet_b0,B,1811,98871,image_level_seed11,5,2,pituitary,0.0001515225654272,0.0015945939430573,0.9982538834915152,2,pituitary,0.9982538834915152,919d6f0fb3ca462983d6df6ec06846e41abd9645
efficientnet_b0,B,1812,98871,image_level_seed11,3,2,pituitary,0.0002747821206129,0.0003687718647316,0.9993564460146552,2,pituitary,0.9993564460146552,919d6f0fb3ca462983d6df6ec06846e41abd9645
efficientnet_b0,B,1813,98874,image_level_seed11,3,2,pituitary,0.0005364766530844,0.0001723054367811,0.9992912179101344,2,pituitary,0.9992912179101344,919d6f0fb3ca462983d6df6ec06846e41abd9645
efficientnet_b0,B,1814,98874,image_level_seed11,1,2,pituitary,0.0024287223374369,0.0010776501020997,0.9964936275604632,2,pituitary,0.9964936275604632,919d6f0fb3ca462983d6df6ec06846e41abd9645
efficientnet_b0,B,1815,98874,image_level_seed11,3,2,pituitary,0.0002705650353476,7.632914662351354e-05,0.9996531058180288,2,pituitary,0.9996531058180288,919d6f0fb3ca462983d6df6ec06846e41abd9645
efficientnet_b0,B,1816,98874,image_level_seed11,4,2,pituitary,0.0006302159038987,0.0005058258169723,0.998863958279129,2,pituitary,0.998863958279129,919d6f0fb3ca462983d6df6ec06846e41abd9645
efficientnet_b0,B,1817,98874,image_level_seed11,1,2,pituitary,0.0033164157920057,0.0012345128568062,0.995449071351188,2,pituitary,0.995449071351188,919d6f0fb3ca462983d6df6ec06846e41abd9645
efficientnet_b0,B,1818,98874,image_level_seed11,1,2,pituitary,9.918530415512968e-05,0.0001735852600527,0.9997272294357922,2,pituitary,0.9997272294357922,919d6f0fb3ca462983d6df6ec06846e41abd9645
efficientnet_b0,B,1819,98992,image_level_seed11,1,2,pituitary,0.5465644431131169,0.134823185791669,0.318612371095214,0,meningioma,0.5465644431131169,919d6f0fb3ca462983d6df6ec06846e41abd9645
efficientnet_b0,B,1820,98992,image_level_seed11,3,2,pituitary,0.0001529087718727,4.7092725936477735e-05,0.9997999985021908,2,pituitary,0.9997999985021908,919d6f0fb3ca462983d6df6ec06846e41abd9645
efficientnet_b0,B,1821,98992,image_level_seed11,4,2,pituitary,0.0004522979118924,0.0010602838599858,0.9984874182281218,2,pituitary,0.9984874182281218,919d6f0fb3ca462983d6df6ec06846e41abd9645
efficientnet_b0,B,1822,98992,image_level_seed11,5,2,pituitary,2.4849420956461897e-05,9.197917198822933e-06,0.9999659526618448,2,pituitary,0.9999659526618448,919d6f0fb3ca462983d6df6ec06846e41abd9645
efficientnet_b0,B,1823,98992,image_level_seed11,5,2,pituitary,5.5926407229281586e-05,1.585760962474273e-05,0.999928215983146,2,pituitary,0.999928215983146,919d6f0fb3ca462983d6df6ec06846e41abd9645
efficientnet_b0,B,1824,98992,image_level_seed11,4,2,pituitary,2.8009187736601464e-05,2.6211396290046335e-05,0.9999457794159734,2,pituitary,0.9999457794159734,919d6f0fb3ca462983d6df6ec06846e41abd9645
efficientnet_b0,B,1825,98992,image_level_seed11,1,2,pituitary,0.0005703388824965,6.98062519122929e-05,0.9993598548655912,2,pituitary,0.9993598548655912,919d6f0fb3ca462983d6df6ec06846e41abd9645
efficientnet_b0,B,1826,98992,image_level_seed11,2,2,pituitary,6.475637109315489e-05,0.0001322374822789,0.999803006146628,2,pituitary,0.999803006146628,919d6f0fb3ca462983d6df6ec06846e41abd9645
efficientnet_b0,B,1827,98992,image_level_seed11,5,2,pituitary,1.4607801138127098e-05,2.815221906095792e-05,0.9999572399798008,2,pituitary,0.9999572399798008,919d6f0fb3ca462983d6df6ec06846e41abd9645
efficientnet_b0,B,1828,98992,image_level_seed11,2,2,pituitary,2.2177913373488084e-05,3.730439524234923e-06,0.9999740916471024,2,pituitary,0.9999740916471024,919d6f0fb3ca462983d6df6ec06846e41abd9645
efficientnet_b0,B,1829,98992,image_level_seed11,2,2,pituitary,6.1327898334102e-05,0.0001062413488371,0.9998324307528288,2,pituitary,0.9998324307528288,919d6f0fb3ca462983d6df6ec06846e41abd9645
efficientnet_b0,B,1830,98995,image_level_seed11,2,2,pituitary,0.0002584723641431,5.2710220257493446e-05,0.9996888174155996,2,pituitary,0.9996888174155996,919d6f0fb3ca462983d6df6ec06846e41abd9645
efficientnet_b0,B,1831,98995,image_level_seed11,5,2,pituitary,0.0075533091483044,0.0005054611082884,0.991941229743407,2,pituitary,0.991941229743407,919d6f0fb3ca462983d6df6ec06846e41abd9645
efficientnet_b0,B,1832,98995,image_level_seed11,2,2,pituitary,0.0002409572039393,3.136462979542025e-05,0.9997276781662652,2,pituitary,0.9997276781662652,919d6f0fb3ca462983d6df6ec06846e41abd9645
efficientnet_b0,B,1833,98995,image_level_seed11,1,2,pituitary,0.0044904462470557,0.0020386878942807,0.9934708658586634,2,pituitary,0.9934708658586634,919d6f0fb3ca462983d6df6ec06846e41abd9645
efficientnet_b0,B,1834,98995,image_level_seed11,5,2,pituitary,0.0480953986343967,0.0029724481556147,0.9489321532099886,2,pituitary,0.9489321532099886,919d6f0fb3ca462983d6df6ec06846e41abd9645
efficientnet_b0,B,1835,99223,image_level_seed11,1,2,pituitary,3.079209503393651e-05,9.081961855654498e-06,0.9999601259431103,2,pituitary,0.9999601259431103,919d6f0fb3ca462983d6df6ec06846e41abd9645
efficientnet_b0,B,1836,99223,image_level_seed11,1,2,pituitary,3.592825258720074e-05,3.385737180691656e-06,0.9999606860102322,2,pituitary,0.9999606860102322,919d6f0fb3ca462983d6df6ec06846e41abd9645
efficientnet_b0,B,1837,99223,image_level_seed11,3,2,pituitary,0.0003729717721391,0.0002616333333649,0.999365394894496,2,pituitary,0.999365394894496,919d6f0fb3ca462983d6df6ec06846e41abd9645
efficientnet_b0,B,1838,99223,image_level_seed11,3,2,pituitary,2.9026349826388892e-05,1.4496122613054445e-05,0.9999564775275608,2,pituitary,0.9999564775275608,919d6f0fb3ca462983d6df6ec06846e41abd9645
efficientnet_b0,B,1839,99223,image_level_seed11,1,2,pituitary,0.0003269382462381,1.9961965913651357e-05,0.9996530997878482,2,pituitary,0.9996530997878482,919d6f0fb3ca462983d6df6ec06846e41abd9645
efficientnet_b0,B,1840,99223,image_level_seed11,5,2,pituitary,4.1697202846798095e-06,4.081833421534753e-06,0.9999917484462936,2,pituitary,0.9999917484462936,919d6f0fb3ca462983d6df6ec06846e41abd9645
efficientnet_b0,B,1841,MR048294,image_level_seed11,3,1,glioma,8.896966827500229e-05,0.9962311888909882,0.0036798414407369,1,glioma,0.9962311888909882,919d6f0fb3ca462983d6df6ec06846e41abd9645
efficientnet_b0,B,1842,MR048294,image_level_seed11,3,1,glioma,0.0001072943479707,0.9993121157449012,0.0005805899071283,1,glioma,0.9993121157449012,919d6f0fb3ca462983d6df6ec06846e41abd9645
efficientnet_b0,B,1843,MR048294,image_level_seed11,5,1,glioma,0.0003746039391514,0.9992950389983782,0.0003303570624704,1,glioma,0.9992950389983782,919d6f0fb3ca462983d6df6ec06846e41abd9645
efficientnet_b0,B,1844,MR048294,image_level_seed11,5,1,glioma,0.0084902609486016,0.9895264323898496,0.0019833066615488,1,glioma,0.9895264323898496,919d6f0fb3ca462983d6df6ec06846e41abd9645
efficientnet_b0,B,1845,MR048294,image_level_seed11,4,1,glioma,0.0017429093299038,0.997342568561876,0.0009145221082204,1,glioma,0.997342568561876,919d6f0fb3ca462983d6df6ec06846e41abd9645
efficientnet_b0,B,1846,MR048294,image_level_seed11,3,1,glioma,0.0027587666061308,0.996219105946917,0.0010221274469521,1,glioma,0.996219105946917,919d6f0fb3ca462983d6df6ec06846e41abd9645
efficientnet_b0,B,1847,MR048294,image_level_seed11,2,1,glioma,0.0009145262543652,0.9987924491128244,0.0002930246328105,1,glioma,0.9987924491128244,919d6f0fb3ca462983d6df6ec06846e41abd9645
efficientnet_b0,B,1848,MR048294,image_level_seed11,5,1,glioma,0.0002105983893129,0.9996719586982264,0.0001174429124605,1,glioma,0.9996719586982264,919d6f0fb3ca462983d6df6ec06846e41abd9645
efficientnet_b0,B,1849,MR048297,image_level_seed11,5,1,glioma,0.0010957453777452,0.9985538282298652,0.0003504263923896,1,glioma,0.9985538282298652,919d6f0fb3ca462983d6df6ec06846e41abd9645
efficientnet_b0,B,1850,MR048297,image_level_seed11,4,1,glioma,0.0054000877935968,0.9943971752258778,0.0002027369805253,1,glioma,0.9943971752258778,919d6f0fb3ca462983d6df6ec06846e41abd9645
efficientnet_b0,B,1851,MR048297,image_level_seed11,1,1,glioma,0.0034391050295728,0.9960536305941567,0.0005072643762704,1,glioma,0.9960536305941567,919d6f0fb3ca462983d6df6ec06846e41abd9645
efficientnet_b0,B,1852,MR048297,image_level_seed11,2,1,glioma,0.0004156118514996,0.9994491176603568,0.0001352704881433,1,glioma,0.9994491176603568,919d6f0fb3ca462983d6df6ec06846e41abd9645
efficientnet_b0,B,1853,MR048294B,image_level_seed11,4,1,glioma,0.0001190467560956,0.999472099886893,0.0004088533570112,1,glioma,0.999472099886893,919d6f0fb3ca462983d6df6ec06846e41abd9645
efficientnet_b0,B,1854,MR048621B,image_level_seed11,2,1,glioma,0.0003146014366601,0.981314742750125,0.0183706558132149,1,glioma,0.981314742750125,919d6f0fb3ca462983d6df6ec06846e41abd9645
efficientnet_b0,B,1855,MR048621B,image_level_seed11,1,1,glioma,0.0001210516889952,0.99821003631182,0.0016689119991847,1,glioma,0.99821003631182,919d6f0fb3ca462983d6df6ec06846e41abd9645
efficientnet_b0,B,1856,MR048621B,image_level_seed11,4,1,glioma,0.0008288861301857,0.9708945090891464,0.0282766047806679,1,glioma,0.9708945090891464,919d6f0fb3ca462983d6df6ec06846e41abd9645
efficientnet_b0,B,1857,MR048621B,image_level_seed11,4,1,glioma,0.0018716511955369,0.9587571129649072,0.039371235839556,1,glioma,0.9587571129649072,919d6f0fb3ca462983d6df6ec06846e41abd9645
efficientnet_b0,B,1858,MR048621B,image_level_seed11,4,1,glioma,0.0015945624037166,0.9344018310262407,0.0640036065700426,1,glioma,0.9344018310262407,919d6f0fb3ca462983d6df6ec06846e41abd9645
efficientnet_b0,B,1859,MR048621B,image_level_seed11,1,1,glioma,0.0001146168507969,0.9993476568231516,0.0005377263260513,1,glioma,0.9993476568231516,919d6f0fb3ca462983d6df6ec06846e41abd9645
efficientnet_b0,B,1860,MR048621B,image_level_seed11,1,1,glioma,0.0024688844068351,0.9864624106229234,0.0110687049702413,1,glioma,0.9864624106229234,919d6f0fb3ca462983d6df6ec06846e41abd9645
efficientnet_b0,B,1861,MR048621B,image_level_seed11,4,1,glioma,0.0088508877702094,0.9489524520405616,0.0421966601892289,1,glioma,0.9489524520405616,919d6f0fb3ca462983d6df6ec06846e41abd9645
efficientnet_b0,B,1862,MR048944,image_level_seed11,1,1,glioma,0.0001305376797588,0.9998078239247928,6.163839544821424e-05,1,glioma,0.9998078239247928,919d6f0fb3ca462983d6df6ec06846e41abd9645
efficientnet_b0,B,1863,MR048944,image_level_seed11,4,1,glioma,0.0022061128239173,0.9955266245980512,0.0022672625780314,1,glioma,0.9955266245980512,919d6f0fb3ca462983d6df6ec06846e41abd9645
efficientnet_b0,B,1864,MR048944,image_level_seed11,5,1,glioma,0.0014516022703299,0.9983191611234588,0.000229236606211,1,glioma,0.9983191611234588,919d6f0fb3ca462983d6df6ec06846e41abd9645
efficientnet_b0,B,1865,MR048944,image_level_seed11,5,1,glioma,3.75179444070402e-05,0.9999516129605716,1.086909502119646e-05,1,glioma,0.9999516129605716,919d6f0fb3ca462983d6df6ec06846e41abd9645
efficientnet_b0,B,1866,MR048944,image_level_seed11,5,1,glioma,4.54770308322799e-06,0.9999933549065598,2.097390356920319e-06,1,glioma,0.9999933549065598,919d6f0fb3ca462983d6df6ec06846e41abd9645
efficientnet_b0,B,1867,MR048944,image_level_seed11,1,1,glioma,8.76002473953195e-05,0.9998407206555248,7.167909707992892e-05,1,glioma,0.9998407206555248,919d6f0fb3ca462983d6df6ec06846e41abd9645
efficientnet_b0,B,1868,MR048944,image_level_seed11,2,1,glioma,0.0053306073099787,0.99258765449901,0.0020817381910112,1,glioma,0.99258765449901,919d6f0fb3ca462983d6df6ec06846e41abd9645
efficientnet_b0,B,1869,MR048944,image_level_seed11,4,1,glioma,0.0592825772012317,0.8550463046912778,0.0856711181074903,1,glioma,0.8550463046912778,919d6f0fb3ca462983d6df6ec06846e41abd9645
efficientnet_b0,B,1870,MR048994,image_level_seed11,3,1,glioma,3.0831970817439815e-05,0.9999456099201032,2.3558109079344112e-05,1,glioma,0.9999456099201032,919d6f0fb3ca462983d6df6ec06846e41abd9645
efficientnet_b0,B,1871,MR048994,image_level_seed11,3,1,glioma,8.057030866179527e-06,0.9999845755702588,7.367398874752168e-06,1,glioma,0.9999845755702588,919d6f0fb3ca462983d6df6ec06846e41abd9645
efficientnet_b0,B,1872,MR048994,image_level_seed11,1,1,glioma,4.649743577665581e-05,0.9999393714363372,1.4131127886202585e-05,1,glioma,0.9999393714363372,919d6f0fb3ca462983d6df6ec06846e41abd9645
efficientnet_b0,B,1873,MR048994,image_level_seed11,3,1,glioma,2.736986748071055e-05,0.999962683541036,9.946591483140064e-06,1,glioma,0.999962683541036,919d6f0fb3ca462983d6df6ec06846e41abd9645
efficientnet_b0,B,1874,MR048994,image_level_seed11,5,1,glioma,8.037295786147316e-06,0.9999864282398716,5.534464342372875e-06,1,glioma,0.9999864282398716,919d6f0fb3ca462983d6df6ec06846e41abd9645
efficientnet_b0,B,1875,MR048994,image_level_seed11,2,1,glioma,0.0001428875382328,0.999751121434422,0.0001059910273451,1,glioma,0.999751121434422,919d6f0fb3ca462983d6df6ec06846e41abd9645
efficientnet_b0,B,1876,MR048994,image_level_seed11,3,1,glioma,0.0004143863270629,0.9990748114945566,0.0005108021783804,1,glioma,0.9990748114945566,919d6f0fb3ca462983d6df6ec06846e41abd9645
efficientnet_b0,B,1877,MR048994,image_level_seed11,1,1,glioma,0.0002392871186628,0.9997429032319898,1.780964934731112e-05,1,glioma,0.9997429032319898,919d6f0fb3ca462983d6df6ec06846e41abd9645
efficientnet_b0,B,1878,MR048994,image_level_seed11,2,1,glioma,0.0288015499600549,0.9710448970992764,0.0001535529406688,1,glioma,0.9710448970992764,919d6f0fb3ca462983d6df6ec06846e41abd9645
efficientnet_b0,B,1879,MR049104,image_level_seed11,2,1,glioma,9.515802021282563e-05,0.9992615930797276,0.0006432489000596,1,glioma,0.9992615930797276,919d6f0fb3ca462983d6df6ec06846e41abd9645
efficientnet_b0,B,1880,MR049104,image_level_seed11,2,1,glioma,0.0001063661455507,0.9980366610007226,0.0018569728537264,1,glioma,0.9980366610007226,919d6f0fb3ca462983d6df6ec06846e41abd9645
efficientnet_b0,B,1881,MR049142,image_level_seed11,4,1,glioma,0.0327518202584759,0.8956377895288966,0.0716103902126274,1,glioma,0.8956377895288966,919d6f0fb3ca462983d6df6ec06846e41abd9645
efficientnet_b0,B,1882,MR049142,image_level_seed11,2,1,glioma,0.0005945474495103,0.9989853542251038,0.0004200983253856,1,glioma,0.9989853542251038,919d6f0fb3ca462983d6df6ec06846e41abd9645
efficientnet_b0,B,1883,MR049142,image_level_seed11,5,1,glioma,0.0004499508940593,0.99931136310609,0.0002386859998505,1,glioma,0.99931136310609,919d6f0fb3ca462983d6df6ec06846e41abd9645
efficientnet_b0,B,1884,MR049142,image_level_seed11,4,1,glioma,0.0109633313801978,0.983979954150302,0.0050567144694999,1,glioma,0.983979954150302,919d6f0fb3ca462983d6df6ec06846e41abd9645
efficientnet_b0,B,1885,MR048994B,image_level_seed11,1,1,glioma,0.0002119079890738,0.999274817780345,0.000513274230581,1,glioma,0.999274817780345,919d6f0fb3ca462983d6df6ec06846e41abd9645
efficientnet_b0,B,1886,MR048994B,image_level_seed11,4,1,glioma,0.0010663674862913,0.9978325024516654,0.001101130062043,1,glioma,0.9978325024516654,919d6f0fb3ca462983d6df6ec06846e41abd9645
efficientnet_b0,B,1887,MR048994B,image_level_seed11,4,1,glioma,0.0001775033158402,0.9995297817143372,0.0002927149698223,1,glioma,0.9995297817143372,919d6f0fb3ca462983d6df6ec06846e41abd9645
efficientnet_b0,B,1888,MR048994B,image_level_seed11,5,1,glioma,4.148024293616028e-05,0.9998966212066024,6.189855046144484e-05,1,glioma,0.9998966212066024,919d6f0fb3ca462983d6df6ec06846e41abd9645
efficientnet_b0,B,1889,MR048994B,image_level_seed11,3,1,glioma,0.0001130247101507,0.9996580534176384,0.0002289218722108,1,glioma,0.9996580534176384,919d6f0fb3ca462983d6df6ec06846e41abd9645
efficientnet_b0,B,1890,MR048994B,image_level_seed11,2,1,glioma,0.0001462937073745,0.999711835083958,0.0001418712086674,1,glioma,0.999711835083958,919d6f0fb3ca462983d6df6ec06846e41abd9645
efficientnet_b0,B,1891,MR048994B,image_level_seed11,2,1,glioma,7.642783960184758e-06,0.999978208929233,1.4148286806851988e-05,1,glioma,0.999978208929233,919d6f0fb3ca462983d6df6ec06846e41abd9645
efficientnet_b0,B,1892,MR048994B,image_level_seed11,2,1,glioma,5.934677410529593e-05,0.9998906642414904,4.998898440452254e-05,1,glioma,0.9998906642414904,919d6f0fb3ca462983d6df6ec06846e41abd9645
efficientnet_b0,B,1893,MR048944B,image_level_seed11,2,1,glioma,0.0002119960275172,0.9990461726026024,0.0007418313698804,1,glioma,0.9990461726026024,919d6f0fb3ca462983d6df6ec06846e41abd9645
efficientnet_b0,B,1894,MR048944B,image_level_seed11,4,1,glioma,0.000633373393418,0.9988379323130088,0.0005286942935733,1,glioma,0.9988379323130088,919d6f0fb3ca462983d6df6ec06846e41abd9645
efficientnet_b0,B,1895,MR048944B,image_level_seed11,5,1,glioma,2.4604699852179884e-05,0.999927111019159,4.828428098878863e-05,1,glioma,0.999927111019159,919d6f0fb3ca462983d6df6ec06846e41abd9645
efficientnet_b0,B,1896,MR048944B,image_level_seed11,5,1,glioma,0.0001626769986709,0.9979607314465396,0.0018765915547892,1,glioma,0.9979607314465396,919d6f0fb3ca462983d6df6ec06846e41abd9645
efficientnet_b0,B,1897,MR048944B,image_level_seed11,1,1,glioma,0.000122706941691,0.999652844953624,0.0002244481046851,1,glioma,0.999652844953624,919d6f0fb3ca462983d6df6ec06846e41abd9645
efficientnet_b0,B,1898,MR048944B,image_level_seed11,2,1,glioma,0.0006596928179094,0.9982300502662904,0.0011102569158002,1,glioma,0.9982300502662904,919d6f0fb3ca462983d6df6ec06846e41abd9645
efficientnet_b0,B,1899,MR049358,image_level_seed11,5,1,glioma,2.6956275220713784e-05,0.999686443196011,0.0002866005287683,1,glioma,0.999686443196011,919d6f0fb3ca462983d6df6ec06846e41abd9645
efficientnet_b0,B,1900,MR049358,image_level_seed11,1,1,glioma,0.000381907573875,0.9950553752264398,0.004562717199685,1,glioma,0.9950553752264398,919d6f0fb3ca462983d6df6ec06846e41abd9645
efficientnet_b0,B,1901,MR049358,image_level_seed11,4,1,glioma,0.0006961365785853,0.9945278352365924,0.004776028184822,1,glioma,0.9945278352365924,919d6f0fb3ca462983d6df6ec06846e41abd9645
efficientnet_b0,B,1902,MR049358,image_level_seed11,5,1,glioma,1.0559546560666033e-05,0.9999715283606656,1.791209277367959e-05,1,glioma,0.9999715283606656,919d6f0fb3ca462983d6df6ec06846e41abd9645
efficientnet_b0,B,1903,MR049358,image_level_seed11,2,1,glioma,7.848619854053335e-05,0.9997149715455932,0.0002065422558663,1,glioma,0.9997149715455932,919d6f0fb3ca462983d6df6ec06846e41abd9645
efficientnet_b0,B,1904,MR049358,image_level_seed11,3,1,glioma,0.0002295891500179,0.9988537685811358,0.0009166422688462,1,glioma,0.9988537685811358,919d6f0fb3ca462983d6df6ec06846e41abd9645
efficientnet_b0,B,1905,MR049358,image_level_seed11,5,1,glioma,0.0005335201254298,0.9957355427882022,0.0037309370863679,1,glioma,0.9957355427882022,919d6f0fb3ca462983d6df6ec06846e41abd9645
efficientnet_b0,B,1906,MR049358,image_level_seed11,4,1,glioma,0.0012667277460272,0.9939447054254772,0.0047885668284957,1,glioma,0.9939447054254772,919d6f0fb3ca462983d6df6ec06846e41abd9645
efficientnet_b0,B,1907,MR049358,image_level_seed11,1,1,glioma,0.0001570624251446,0.9994799504702536,0.0003629871046017,1,glioma,0.9994799504702536,919d6f0fb3ca462983d6df6ec06846e41abd9645
efficientnet_b0,B,1908,MR049358,image_level_seed11,1,1,glioma,0.000440182762422,0.9990646951968688,0.000495122040709,1,glioma,0.9990646951968688,919d6f0fb3ca462983d6df6ec06846e41abd9645
efficientnet_b0,B,1909,MR049104B,image_level_seed11,1,1,glioma,8.160177855174513e-05,0.9995185827355566,0.0003998154858914,1,glioma,0.9995185827355566,919d6f0fb3ca462983d6df6ec06846e41abd9645
efficientnet_b0,B,1910,MR049104B,image_level_seed11,4,1,glioma,6.908003119430529e-05,0.9994772112264452,0.0004537087423604,1,glioma,0.9994772112264452,919d6f0fb3ca462983d6df6ec06846e41abd9645
efficientnet_b0,B,1911,MR049104B,image_level_seed11,4,1,glioma,0.0007358236796181,0.99171318517532,0.0075509911450619,1,glioma,0.99171318517532,919d6f0fb3ca462983d6df6ec06846e41abd9645
efficientnet_b0,B,1912,MR049104B,image_level_seed11,2,1,glioma,0.0009680424885762,0.9848876432934454,0.0141443142179783,1,glioma,0.9848876432934454,919d6f0fb3ca462983d6df6ec06846e41abd9645
efficientnet_b0,B,1913,MR049104B,image_level_seed11,4,1,glioma,0.0019525487267118,0.9911772165038774,0.0068702347694108,1,glioma,0.9911772165038774,919d6f0fb3ca462983d6df6ec06846e41abd9645
efficientnet_b0,B,1914,MR049453,image_level_seed11,5,1,glioma,9.509897085217836e-05,0.9996138868799032,0.0002910141492444,1,glioma,0.9996138868799032,919d6f0fb3ca462983d6df6ec06846e41abd9645
efficientnet_b0,B,1915,MR049453,image_level_seed11,2,1,glioma,0.0006368289021062,0.9980325668031724,0.0013306042947212,1,glioma,0.9980325668031724,919d6f0fb3ca462983d6df6ec06846e41abd9645
efficientnet_b0,B,1916,MR049453,image_level_seed11,5,1,glioma,0.0001371302677887,0.999600676620198,0.0002621931120134,1,glioma,0.999600676620198,919d6f0fb3ca462983d6df6ec06846e41abd9645
efficientnet_b0,B,1917,MR049453,image_level_seed11,2,1,glioma,0.0001311657991739,0.9997748559980808,9.397820274536372e-05,1,glioma,0.9997748559980808,919d6f0fb3ca462983d6df6ec06846e41abd9645
efficientnet_b0,B,1918,MR049453,image_level_seed11,4,1,glioma,0.0022687520445247,0.997019743299728,0.0007115046557474,1,glioma,0.997019743299728,919d6f0fb3ca462983d6df6ec06846e41abd9645
efficientnet_b0,B,1919,MR049453,image_level_seed11,2,1,glioma,7.44137335405926e-05,0.9998682244843592,5.736178210032507e-05,1,glioma,0.9998682244843592,919d6f0fb3ca462983d6df6ec06846e41abd9645
efficientnet_b0,B,1920,MR049453,image_level_seed11,3,1,glioma,0.000379655087394,0.9992850238123716,0.0003353211002343,1,glioma,0.9992850238123716,919d6f0fb3ca462983d6df6ec06846e41abd9645
efficientnet_b0,B,1921,MR024780G,image_level_seed11,1,1,glioma,0.0010266232452918,0.98041250143017,0.0185608753245378,1,glioma,0.98041250143017,919d6f0fb3ca462983d6df6ec06846e41abd9645
efficientnet_b0,B,1922,MR024780G,image_level_seed11,5,1,glioma,0.0001037810966668,0.9994838351066512,0.0004123837966821,1,glioma,0.9994838351066512,919d6f0fb3ca462983d6df6ec06846e41abd9645
efficientnet_b0,B,1923,MR024780G,image_level_seed11,1,1,glioma,0.0012096778524076,0.9980481407013408,0.0007421814462516,1,glioma,0.9980481407013408,919d6f0fb3ca462983d6df6ec06846e41abd9645
efficientnet_b0,B,1924,MR024780G,image_level_seed11,4,1,glioma,0.0009782052475668,0.9983178710835804,0.0007039236688526,1,glioma,0.9983178710835804,919d6f0fb3ca462983d6df6ec06846e41abd9645
efficientnet_b0,B,1925,MR024780G,image_level_seed11,2,1,glioma,0.0053713237727612,0.988247724430781,0.0063809517964577,1,glioma,0.988247724430781,919d6f0fb3ca462983d6df6ec06846e41abd9645
efficientnet_b0,B,1926,MR024780G,image_level_seed11,2,1,glioma,0.0006646127949431,0.9984354560133069,0.0008999311917501,1,glioma,0.9984354560133069,919d6f0fb3ca462983d6df6ec06846e41abd9645
efficientnet_b0,B,1927,MR024780G,image_level_seed11,2,1,glioma,0.0001273995194445,0.999537075229799,0.0003355252507565,1,glioma,0.999537075229799,919d6f0fb3ca462983d6df6ec06846e41abd9645
efficientnet_b0,B,1928,MR024780G,image_level_seed11,2,1,glioma,0.0003217974035849,0.9991974814108432,0.0004807211855719,1,glioma,0.9991974814108432,919d6f0fb3ca462983d6df6ec06846e41abd9645
efficientnet_b0,B,1929,MR024780G,image_level_seed11,4,1,glioma,9.118869972706756e-05,0.9989451439821676,0.0009636673181053,1,glioma,0.9989451439821676,919d6f0fb3ca462983d6df6ec06846e41abd9645
efficientnet_b0,B,1930,MR024780G,image_level_seed11,4,1,glioma,0.0006328519838721,0.9882294346380228,0.0111377133781051,1,glioma,0.9882294346380228,919d6f0fb3ca462983d6df6ec06846e41abd9645
efficientnet_b0,B,1931,MR024780G,image_level_seed11,2,1,glioma,2.93416871001338e-05,0.9998438274051616,0.0001268309077382,1,glioma,0.9998438274051616,919d6f0fb3ca462983d6df6ec06846e41abd9645
efficientnet_b0,B,1932,MR024780G,image_level_seed11,1,1,glioma,0.0002267044351807,0.9990809900621018,0.0006923055027173,1,glioma,0.9990809900621018,919d6f0fb3ca462983d6df6ec06846e41abd9645
efficientnet_b0,B,1933,MR024780G,image_level_seed11,5,1,glioma,0.0001591430235269,0.999030139453663,0.0008107175228102,1,glioma,0.999030139453663,919d6f0fb3ca462983d6df6ec06846e41abd9645
efficientnet_b0,B,1934,MR024780G,image_level_seed11,5,1,glioma,5.952299344210082e-05,0.999479464762477,0.0004610122440808,1,glioma,0.999479464762477,919d6f0fb3ca462983d6df6ec06846e41abd9645
efficientnet_b0,B,1935,MR024780G,image_level_seed11,2,1,glioma,0.0005794387839469,0.9981057963430128,0.0013147648730404,1,glioma,0.9981057963430128,919d6f0fb3ca462983d6df6ec06846e41abd9645
efficientnet_b0,B,1936,MR024780G,image_level_seed11,1,1,glioma,0.000441079677295,0.9989200266662084,0.0006388936564965,1,glioma,0.9989200266662084,919d6f0fb3ca462983d6df6ec06846e41abd9645
efficientnet_b0,B,1937,MR049453B,image_level_seed11,2,1,glioma,0.0001177793937267,0.9989230785107112,0.000959142095562,1,glioma,0.9989230785107112,919d6f0fb3ca462983d6df6ec06846e41abd9645
efficientnet_b0,B,1938,MR049453B,image_level_seed11,2,1,glioma,0.0002151553884391,0.9989137955134864,0.0008710490980744,1,glioma,0.9989137955134864,919d6f0fb3ca462983d6df6ec06846e41abd9645
efficientnet_b0,B,1939,MR049453B,image_level_seed11,4,1,glioma,0.0023300445634698,0.9946853460625856,0.0029846093739443,1,glioma,0.9946853460625856,919d6f0fb3ca462983d6df6ec06846e41abd9645
efficientnet_b0,B,1940,MR049453B,image_level_seed11,3,1,glioma,0.0001673565845617,0.9994877718332984,0.0003448715821397,1,glioma,0.9994877718332984,919d6f0fb3ca462983d6df6ec06846e41abd9645
efficientnet_b0,B,1941,MR049453B,image_level_seed11,2,1,glioma,5.323359984187121e-05,0.9998345555288854,0.0001122108712726,1,glioma,0.9998345555288854,919d6f0fb3ca462983d6df6ec06846e41abd9645
efficientnet_b0,B,1942,MR049453B,image_level_seed11,1,1,glioma,0.0002187988680683,0.9993202741835342,0.0004609269483974,1,glioma,0.9993202741835342,919d6f0fb3ca462983d6df6ec06846e41abd9645
efficientnet_b0,B,1943,MR049453B,image_level_seed11,3,1,glioma,0.0003253914827662,0.999191411584532,0.0004831969327016,1,glioma,0.999191411584532,919d6f0fb3ca462983d6df6ec06846e41abd9645
efficientnet_b0,B,1944,MR049453B,image_level_seed11,1,1,glioma,0.0001779163883027,0.9995718035389493,0.0002502800727482,1,glioma,0.9995718035389493,919d6f0fb3ca462983d6df6ec06846e41abd9645
efficientnet_b0,B,1945,MR048294B,image_level_seed11,2,1,glioma,0.0005366997360573,0.9924791034743576,0.0069841967895851,1,glioma,0.9924791034743576,919d6f0fb3ca462983d6df6ec06846e41abd9645
efficientnet_b0,B,1946,MR048294B,image_level_seed11,2,1,glioma,0.0003532536836669,0.9993163058911964,0.0003304404251366,1,glioma,0.9993163058911964,919d6f0fb3ca462983d6df6ec06846e41abd9645
efficientnet_b0,B,1947,MR048294B,image_level_seed11,5,1,glioma,0.0002738669892686,0.9994374651411304,0.0002886678696011,1,glioma,0.9994374651411304,919d6f0fb3ca462983d6df6ec06846e41abd9645
efficientnet_b0,B,1948,MR048621B,image_level_seed11,3,1,glioma,0.0001245604778944,0.9994921835948636,0.0003832559272421,1,glioma,0.9994921835948636,919d6f0fb3ca462983d6df6ec06846e41abd9645
efficientnet_b0,B,1949,MR048621B,image_level_seed11,2,1,glioma,0.033186036369791,0.9241521594715192,0.0426618041586898,1,glioma,0.9241521594715192,919d6f0fb3ca462983d6df6ec06846e41abd9645
efficientnet_b0,B,1950,MR050135B,image_level_seed11,2,1,glioma,2.4698884491686723e-05,0.9987779099287034,0.0011973911868048,1,glioma,0.9987779099287034,919d6f0fb3ca462983d6df6ec06846e41abd9645
efficientnet_b0,B,1951,MR050135B,image_level_seed11,4,1,glioma,0.0002639023063774,0.9813477632322868,0.0183883344613358,1,glioma,0.9813477632322868,919d6f0fb3ca462983d6df6ec06846e41abd9645
efficientnet_b0,B,1952,MR050135B,image_level_seed11,5,1,glioma,0.0009293196808869,0.9983371009189964,0.0007335794001166,1,glioma,0.9983371009189964,919d6f0fb3ca462983d6df6ec06846e41abd9645
efficientnet_b0,B,1953,MR050135B,image_level_seed11,1,1,glioma,0.0003716013023462,0.9993143626533963,0.0003140360442573,1,glioma,0.9993143626533963,919d6f0fb3ca462983d6df6ec06846e41abd9645
efficientnet_b0,B,1954,MR050135B,image_level_seed11,5,1,glioma,0.0016208542689404,0.99762020361299,0.0007589421180694,1,glioma,0.99762020361299,919d6f0fb3ca462983d6df6ec06846e41abd9645
efficientnet_b0,B,1955,MR050135B,image_level_seed11,4,1,glioma,0.0005652797438165,0.9991695739165222,0.0002651463396611,1,glioma,0.9991695739165222,919d6f0fb3ca462983d6df6ec06846e41abd9645
efficientnet_b0,B,1956,MR050135B,image_level_seed11,4,1,glioma,0.0001362900012578,0.9993024150526968,0.0005612949460454,1,glioma,0.9993024150526968,919d6f0fb3ca462983d6df6ec06846e41abd9645
efficientnet_b0,B,1957,MR050135B,image_level_seed11,2,1,glioma,0.0007171048816235,0.9870069812541096,0.012275913864267,1,glioma,0.9870069812541096,919d6f0fb3ca462983d6df6ec06846e41abd9645
efficientnet_b0,B,1958,MR050135B,image_level_seed11,1,1,glioma,0.0002849086279035,0.996921723100331,0.0027933682717654,1,glioma,0.996921723100331,919d6f0fb3ca462983d6df6ec06846e41abd9645
efficientnet_b0,B,1959,MR050135B,image_level_seed11,4,1,glioma,0.0009385683763097,0.9925497353225546,0.0065116963011356,1,glioma,0.9925497353225546,919d6f0fb3ca462983d6df6ec06846e41abd9645
efficientnet_b0,B,1960,MR050135B,image_level_seed11,4,1,glioma,5.963905464580738e-05,0.999853018617403,8.734232795120069e-05,1,glioma,0.999853018617403,919d6f0fb3ca462983d6df6ec06846e41abd9645
efficientnet_b0,B,1961,MR050135B,image_level_seed11,3,1,glioma,6.040883112902573e-05,0.9998390849335952,0.0001005062352756,1,glioma,0.9998390849335952,919d6f0fb3ca462983d6df6ec06846e41abd9645
efficientnet_b0,B,1962,MR050135B,image_level_seed11,4,1,glioma,0.0004606087061098,0.9991706806820546,0.0003687106118354,1,glioma,0.9991706806820546,919d6f0fb3ca462983d6df6ec06846e41abd9645
efficientnet_b0,B,1963,MR050135B,image_level_seed11,4,1,glioma,0.0005241640362383,0.9991864244374784,0.0002894115262829,1,glioma,0.9991864244374784,919d6f0fb3ca462983d6df6ec06846e41abd9645
efficientnet_b0,B,1964,MR050687,image_level_seed11,1,1,glioma,0.0097852790368143,0.9882692514166876,0.0019454695464981,1,glioma,0.9882692514166876,919d6f0fb3ca462983d6df6ec06846e41abd9645
efficientnet_b0,B,1965,MR050687,image_level_seed11,5,1,glioma,0.0001398869680901,0.9998168298024908,4.328322941898017e-05,1,glioma,0.9998168298024908,919d6f0fb3ca462983d6df6ec06846e41abd9645
efficientnet_b0,B,1966,MR050687,image_level_seed11,3,1,glioma,0.0020557222505259,0.997354708896132,0.0005895688533421,1,glioma,0.997354708896132,919d6f0fb3ca462983d6df6ec06846e41abd9645
efficientnet_b0,B,1967,MR050687,image_level_seed11,2,1,glioma,0.0020131114875461,0.997853306743596,0.0001335817688578,1,glioma,0.997853306743596,919d6f0fb3ca462983d6df6ec06846e41abd9645
efficientnet_b0,B,1968,MR050687,image_level_seed11,2,1,glioma,3.682864351233138e-05,0.99994355165986,1.9619696627488987e-05,1,glioma,0.99994355165986,919d6f0fb3ca462983d6df6ec06846e41abd9645
efficientnet_b0,B,1969,MR050687,image_level_seed11,3,1,glioma,9.828054491522018e-05,0.999868433624446,3.328583063868324e-05,1,glioma,0.999868433624446,919d6f0fb3ca462983d6df6ec06846e41abd9645
efficientnet_b0,B,1970,MR050687,image_level_seed11,4,1,glioma,0.0050542521836643,0.992763171271726,0.0021825765446095,1,glioma,0.992763171271726,919d6f0fb3ca462983d6df6ec06846e41abd9645
efficientnet_b0,B,1971,MR050687,image_level_seed11,3,1,glioma,0.0003311404114013,0.9996572072978728,1.165229072575666e-05,1,glioma,0.9996572072978728,919d6f0fb3ca462983d6df6ec06846e41abd9645
efficientnet_b0,B,1972,MR050687,image_level_seed11,5,1,glioma,0.0088859001187418,0.9907520098551243,0.0003620900261338,1,glioma,0.9907520098551243,919d6f0fb3ca462983d6df6ec06846e41abd9645
efficientnet_b0,B,1973,MR050687,image_level_seed11,5,1,glioma,0.0029204771156606,0.9961702736098922,0.0009092492744469,1,glioma,0.9961702736098922,919d6f0fb3ca462983d6df6ec06846e41abd9645
efficientnet_b0,B,1974,MR050791B,image_level_seed11,4,1,glioma,0.0565641112661122,0.8609352299134747,0.0825006588204131,1,glioma,0.8609352299134747,919d6f0fb3ca462983d6df6ec06846e41abd9645
efficientnet_b0,B,1975,MR050791B,image_level_seed11,1,1,glioma,9.8794347040375e-05,0.9997803146748278,0.000120890978132,1,glioma,0.9997803146748278,919d6f0fb3ca462983d6df6ec06846e41abd9645
efficientnet_b0,B,1976,MR050791B,image_level_seed11,1,1,glioma,9.802845469445562e-05,0.9996102369546443,0.0002917345906611,1,glioma,0.9996102369546443,919d6f0fb3ca462983d6df6ec06846e41abd9645
efficientnet_b0,B,1977,MR050791B,image_level_seed11,4,1,glioma,0.0026621538658445,0.9488435498534584,0.0484942962806967,1,glioma,0.9488435498534584,919d6f0fb3ca462983d6df6ec06846e41abd9645
efficientnet_b0,B,1978,MR050791B,image_level_seed11,4,1,glioma,0.0002263268482669,0.997430052855926,0.0023436202958069,1,glioma,0.997430052855926,919d6f0fb3ca462983d6df6ec06846e41abd9645
efficientnet_b0,B,1979,MR050791B,image_level_seed11,5,1,glioma,1.9032211393303825e-05,0.9997582080958916,0.0002227596927151,1,glioma,0.9997582080958916,919d6f0fb3ca462983d6df6ec06846e41abd9645
efficientnet_b0,B,1980,MR050791B,image_level_seed11,2,1,glioma,3.4941689175266344e-05,0.999636183104286,0.0003288752065386,1,glioma,0.999636183104286,919d6f0fb3ca462983d6df6ec06846e41abd9645
efficientnet_b0,B,1981,MR050791B,image_level_seed11,4,1,glioma,3.400708643857166e-05,0.9999098732175146,5.611969604692915e-05,1,glioma,0.9999098732175146,919d6f0fb3ca462983d6df6ec06846e41abd9645
efficientnet_b0,B,1982,MR050791B,image_level_seed11,4,1,glioma,0.0027033057324685,0.9789924854938192,0.018304208773712,1,glioma,0.9789924854938192,919d6f0fb3ca462983d6df6ec06846e41abd9645
efficientnet_b0,B,1983,MR050791B,image_level_seed11,2,1,glioma,0.0001808527542497,0.9990480164555626,0.0007711307901875,1,glioma,0.9990480164555626,919d6f0fb3ca462983d6df6ec06846e41abd9645
efficientnet_b0,B,1984,MR049019C,image_level_seed11,1,1,glioma,0.00307723570906,0.98781560407215,0.0091071602187899,1,glioma,0.98781560407215,919d6f0fb3ca462983d6df6ec06846e41abd9645
efficientnet_b0,B,1985,MR049019C,image_level_seed11,1,1,glioma,0.0012877164271065,0.9962654624201606,0.0024468211527328,1,glioma,0.9962654624201606,919d6f0fb3ca462983d6df6ec06846e41abd9645
efficientnet_b0,B,1986,MR049019C,image_level_seed11,5,1,glioma,0.0056464011744615,0.9912725444309848,0.0030810543945538,1,glioma,0.9912725444309848,919d6f0fb3ca462983d6df6ec06846e41abd9645
efficientnet_b0,B,1987,MR026175C,image_level_seed11,4,1,glioma,0.0003566105380757,0.9895699161086932,0.010073473353231,1,glioma,0.9895699161086932,919d6f0fb3ca462983d6df6ec06846e41abd9645
efficientnet_b0,B,1988,MR026175C,image_level_seed11,1,1,glioma,1.1740987048220982e-05,0.9998983889892632,8.987002368831984e-05,1,glioma,0.9998983889892632,919d6f0fb3ca462983d6df6ec06846e41abd9645
efficientnet_b0,B,1989,MR026175C,image_level_seed11,4,1,glioma,0.0038756195124075,0.9916586716099528,0.0044657088776396,1,glioma,0.9916586716099528,919d6f0fb3ca462983d6df6ec06846e41abd9645
efficientnet_b0,B,1990,MR026175C,image_level_seed11,2,1,glioma,0.0001514376347903,0.9996119838634706,0.0002365785017392,1,glioma,0.9996119838634706,919d6f0fb3ca462983d6df6ec06846e41abd9645
efficientnet_b0,B,1991,MR026175C,image_level_seed11,5,1,glioma,0.0001268510432788,0.9994979554837252,0.0003751934729958,1,glioma,0.9994979554837252,919d6f0fb3ca462983d6df6ec06846e41abd9645
efficientnet_b0,B,1992,MR026175C,image_level_seed11,4,1,glioma,0.0022941380844144,0.9849208997922024,0.0127849621233829,1,glioma,0.9849208997922024,919d6f0fb3ca462983d6df6ec06846e41abd9645
efficientnet_b0,B,1993,MR026175C,image_level_seed11,2,1,glioma,0.0001022473835658,0.9994801506333796,0.0004176019830548,1,glioma,0.9994801506333796,919d6f0fb3ca462983d6df6ec06846e41abd9645
efficientnet_b0,B,1994,MR026175C,image_level_seed11,4,1,glioma,0.0020348524252989,0.995523888165976,0.0024412594087249,1,glioma,0.995523888165976,919d6f0fb3ca462983d6df6ec06846e41abd9645
efficientnet_b0,B,1995,MR026175C,image_level_seed11,5,1,glioma,0.0001237240282286,0.9997799398618892,9.633610988222664e-05,1,glioma,0.9997799398618892,919d6f0fb3ca462983d6df6ec06846e41abd9645
efficientnet_b0,B,1996,MR026175C,image_level_seed11,4,1,glioma,0.0037007173144158,0.9947682972858516,0.0015309853997325,1,glioma,0.9947682972858516,919d6f0fb3ca462983d6df6ec06846e41abd9645
efficientnet_b0,B,1997,MR026175C,image_level_seed11,2,1,glioma,0.0006396226380303,0.9988654888087108,0.0004948885532587,1,glioma,0.9988654888087108,919d6f0fb3ca462983d6df6ec06846e41abd9645
efficientnet_b0,B,1998,MR051461,image_level_seed11,4,1,glioma,0.0002748439020095,0.9996075928073064,0.0001175632906839,1,glioma,0.9996075928073064,919d6f0fb3ca462983d6df6ec06846e41abd9645
efficientnet_b0,B,1999,MR051461,image_level_seed11,5,1,glioma,8.375234609981482e-05,0.9998632192628764,5.302839102360388e-05,1,glioma,0.9998632192628764,919d6f0fb3ca462983d6df6ec06846e41abd9645
efficientnet_b0,B,2000,MR051461,image_level_seed11,3,1,glioma,0.0004770052584295,0.999057291742746,0.0004657029988243,1,glioma,0.999057291742746,919d6f0fb3ca462983d6df6ec06846e41abd9645
efficientnet_b0,B,2001,MR051461,image_level_seed11,5,1,glioma,0.000448509616782,0.9993588465018152,0.0001926438814029,1,glioma,0.9993588465018152,919d6f0fb3ca462983d6df6ec06846e41abd9645
efficientnet_b0,B,2002,MR051461,image_level_seed11,1,1,glioma,0.001657330346845,0.9975864700196468,0.0007561996335079,1,glioma,0.9975864700196468,919d6f0fb3ca462983d6df6ec06846e41abd9645
efficientnet_b0,B,2003,MR051461,image_level_seed11,2,1,glioma,0.0001172666384239,0.9998149488734268,6.778448814950529e-05,1,glioma,0.9998149488734268,919d6f0fb3ca462983d6df6ec06846e41abd9645
efficientnet_b0,B,2004,MR051461,image_level_seed11,2,1,glioma,0.0002832296269374,0.9996150754214768,0.0001016949515856,1,glioma,0.9996150754214768,919d6f0fb3ca462983d6df6ec06846e41abd9645
efficientnet_b0,B,2005,MR051586,image_level_seed11,1,1,glioma,8.034859669113203e-05,0.9998818583056308,3.779309767785154e-05,1,glioma,0.9998818583056308,919d6f0fb3ca462983d6df6ec06846e41abd9645
efficientnet_b0,B,2006,MR051586,image_level_seed11,1,1,glioma,0.0001156022358612,0.9998462721844408,3.812557969798271e-05,1,glioma,0.9998462721844408,919d6f0fb3ca462983d6df6ec06846e41abd9645
efficientnet_b0,B,2007,MR051586,image_level_seed11,2,1,glioma,0.0008513345083301,0.9988263682446908,0.0003222972469791,1,glioma,0.9988263682446908,919d6f0fb3ca462983d6df6ec06846e41abd9645
efficientnet_b0,B,2008,MR051586,image_level_seed11,5,1,glioma,2.742130047824536e-05,0.9999565968426952,1.5981856826474282e-05,1,glioma,0.9999565968426952,919d6f0fb3ca462983d6df6ec06846e41abd9645
efficientnet_b0,B,2009,MR051586,image_level_seed11,3,1,glioma,0.0002575418681457,0.9996591045615664,8.335357028797669e-05,1,glioma,0.9996591045615664,919d6f0fb3ca462983d6df6ec06846e41abd9645
efficientnet_b0,B,2010,MR051586,image_level_seed11,1,1,glioma,0.000605253711856,0.999155328820629,0.0002394174675149,1,glioma,0.999155328820629,919d6f0fb3ca462983d6df6ec06846e41abd9645
efficientnet_b0,B,2011,MR051586,image_level_seed11,2,1,glioma,0.0001417501125523,0.9997731800073464,8.506988010148427e-05,1,glioma,0.9997731800073464,919d6f0fb3ca462983d6df6ec06846e41abd9645
efficientnet_b0,B,2012,MR051461B,image_level_seed11,2,1,glioma,0.0005635274319962,0.9991859813640314,0.0002504912039723,1,glioma,0.9991859813640314,919d6f0fb3ca462983d6df6ec06846e41abd9645
efficientnet_b0,B,2013,MR051461B,image_level_seed11,2,1,glioma,0.0004388407477435,0.9992764763011456,0.0002846829511106,1,glioma,0.9992764763011456,919d6f0fb3ca462983d6df6ec06846e41abd9645
efficientnet_b0,B,2014,MR051461B,image_level_seed11,4,1,glioma,0.0008527177689559,0.9982960395766128,0.0008512426544312,1,glioma,0.9982960395766128,919d6f0fb3ca462983d6df6ec06846e41abd9645
efficientnet_b0,B,2015,MR051461B,image_level_seed11,4,1,glioma,0.0003643933192823,0.9992329579849212,0.0004026486957964,1,glioma,0.9992329579849212,919d6f0fb3ca462983d6df6ec06846e41abd9645
efficientnet_b0,B,2016,MR051461B,image_level_seed11,4,1,glioma,0.0009320904870151,0.997879700998932,0.0011882085140528,1,glioma,0.997879700998932,919d6f0fb3ca462983d6df6ec06846e41abd9645
efficientnet_b0,B,2017,MR051644,image_level_seed11,2,1,glioma,0.0245387882589183,0.9704816562734672,0.0049795554676144,1,glioma,0.9704816562734672,919d6f0fb3ca462983d6df6ec06846e41abd9645
efficientnet_b0,B,2018,MR051644,image_level_seed11,4,1,glioma,0.0037098350903705,0.9910930573279456,0.0051971075816838,1,glioma,0.9910930573279456,919d6f0fb3ca462983d6df6ec06846e41abd9645
efficientnet_b0,B,2019,MR051644,image_level_seed11,2,1,glioma,0.0001250220841312,0.996468923425536,0.0034060544903326,1,glioma,0.996468923425536,919d6f0fb3ca462983d6df6ec06846e41abd9645
efficientnet_b0,B,2020,MR051644,image_level_seed11,3,1,glioma,0.0078727747271312,0.9878838033171436,0.0042434219557249,1,glioma,0.9878838033171436,919d6f0fb3ca462983d6df6ec06846e41abd9645
efficientnet_b0,B,2021,MR051644,image_level_seed11,5,1,glioma,0.000123504543294,0.999824216785629,5.227867107681957e-05,1,glioma,0.999824216785629,919d6f0fb3ca462983d6df6ec06846e41abd9645
efficientnet_b0,B,2022,MR051644,image_level_seed11,2,1,glioma,0.0011330605853652,0.9986880454434351,0.0001788939711996,1,glioma,0.9986880454434351,919d6f0fb3ca462983d6df6ec06846e41abd9645
efficientnet_b0,B,2023,MR051644,image_level_seed11,2,1,glioma,0.0076216425817355,0.9901257084470654,0.0022526489711991,1,glioma,0.9901257084470654,919d6f0fb3ca462983d6df6ec06846e41abd9645
efficientnet_b0,B,2024,MR051644,image_level_seed11,4,1,glioma,0.0070883105690723,0.9411586766841408,0.051753012746787,1,glioma,0.9411586766841408,919d6f0fb3ca462983d6df6ec06846e41abd9645
efficientnet_b0,B,2025,MR051644,image_level_seed11,5,1,glioma,0.0001351443782137,0.9996023270497372,0.0002625285720491,1,glioma,0.9996023270497372,919d6f0fb3ca462983d6df6ec06846e41abd9645
efficientnet_b0,B,2026,MR051644,image_level_seed11,5,1,glioma,0.0130603813404488,0.973783978722236,0.013155639937315,1,glioma,0.973783978722236,919d6f0fb3ca462983d6df6ec06846e41abd9645
efficientnet_b0,B,2027,MR051644,image_level_seed11,5,1,glioma,1.0180858445167564e-05,0.9999648069802352,2.5012161319519057e-05,1,glioma,0.9999648069802352,919d6f0fb3ca462983d6df6ec06846e41abd9645
efficientnet_b0,B,2028,MR051644,image_level_seed11,1,1,glioma,0.0002884063232499,0.999027234299863,0.0006843593768872,1,glioma,0.999027234299863,919d6f0fb3ca462983d6df6ec06846e41abd9645
efficientnet_b0,B,2029,MR051644,image_level_seed11,3,1,glioma,0.0005222493019607,0.9977149118837266,0.0017628388143126,1,glioma,0.9977149118837266,919d6f0fb3ca462983d6df6ec06846e41abd9645
efficientnet_b0,B,2030,MR051644,image_level_seed11,2,1,glioma,0.0006441328152012,0.9971588433460165,0.0021970238387825,1,glioma,0.9971588433460165,919d6f0fb3ca462983d6df6ec06846e41abd9645
efficientnet_b0,B,2031,MR051644,image_level_seed11,3,1,glioma,0.0008131062887767,0.9985510874014883,0.0006358063097348,1,glioma,0.9985510874014883,919d6f0fb3ca462983d6df6ec06846e41abd9645
efficientnet_b0,B,2032,MR051651,image_level_seed11,3,1,glioma,0.0004902484045255,0.998909084116288,0.0006006674791862,1,glioma,0.998909084116288,919d6f0fb3ca462983d6df6ec06846e41abd9645
efficientnet_b0,B,2033,MR051651,image_level_seed11,3,1,glioma,0.0002939786694639,0.9995732830540884,0.0001327382764476,1,glioma,0.9995732830540884,919d6f0fb3ca462983d6df6ec06846e41abd9645
efficientnet_b0,B,2034,MR051651,image_level_seed11,1,1,glioma,5.4876598747994986e-05,0.9998775203126772,6.760308857470735e-05,1,glioma,0.9998775203126772,919d6f0fb3ca462983d6df6ec06846e41abd9645
efficientnet_b0,B,2035,MR051651,image_level_seed11,2,1,glioma,0.0004684080978517,0.9994131447370498,0.0001184471650987,1,glioma,0.9994131447370498,919d6f0fb3ca462983d6df6ec06846e41abd9645
efficientnet_b0,B,2036,MR051651,image_level_seed11,5,1,glioma,0.0003830109413794,0.999438817979216,0.0001781710794044,1,glioma,0.999438817979216,919d6f0fb3ca462983d6df6ec06846e41abd9645
efficientnet_b0,B,2037,MR051651,image_level_seed11,2,1,glioma,0.0032049064883973,0.9961633806859996,0.000631712825603,1,glioma,0.9961633806859996,919d6f0fb3ca462983d6df6ec06846e41abd9645
efficientnet_b0,B,2038,MR051796,image_level_seed11,4,1,glioma,0.0002464689922506,0.999435250540354,0.0003182804673955,1,glioma,0.999435250540354,919d6f0fb3ca462983d6df6ec06846e41abd9645
efficientnet_b0,B,2039,MR051796,image_level_seed11,3,1,glioma,0.0002692915068741,0.999273063332636,0.0004576451604898,1,glioma,0.999273063332636,919d6f0fb3ca462983d6df6ec06846e41abd9645
efficientnet_b0,B,2040,MR051796,image_level_seed11,4,1,glioma,0.000624170743152,0.998740169494124,0.0006356597627239,1,glioma,0.998740169494124,919d6f0fb3ca462983d6df6ec06846e41abd9645
efficientnet_b0,B,2041,MR051796,image_level_seed11,4,1,glioma,0.0004262504616317,0.9992540851617728,0.0003196643765954,1,glioma,0.9992540851617728,919d6f0fb3ca462983d6df6ec06846e41abd9645
efficientnet_b0,B,2042,MR051796,image_level_seed11,2,1,glioma,0.0010764966403035,0.997761515207363,0.0011619881523333,1,glioma,0.997761515207363,919d6f0fb3ca462983d6df6ec06846e41abd9645
efficientnet_b0,B,2043,MR051796,image_level_seed11,5,1,glioma,8.526291087714827e-05,0.9998779348328558,3.680225626713133e-05,1,glioma,0.9998779348328558,919d6f0fb3ca462983d6df6ec06846e41abd9645
efficientnet_b0,B,2044,MR051796,image_level_seed11,5,1,glioma,0.022449749358233,0.9764664191803428,0.0010838314614239,1,glioma,0.9764664191803428,919d6f0fb3ca462983d6df6ec06846e41abd9645
efficientnet_b0,B,2045,MR051651B,image_level_seed11,2,1,glioma,3.253499530986948e-05,0.9999308476582516,3.66173464386654e-05,1,glioma,0.9999308476582516,919d6f0fb3ca462983d6df6ec06846e41abd9645
efficientnet_b0,B,2046,MR051651B,image_level_seed11,4,1,glioma,0.0002448040797089,0.99923251574408,0.0005226801762111,1,glioma,0.99923251574408,919d6f0fb3ca462983d6df6ec06846e41abd9645
efficientnet_b0,B,2047,MR051651B,image_level_seed11,3,1,glioma,0.0034866786351602,0.9948560947264408,0.0016572266383989,1,glioma,0.9948560947264408,919d6f0fb3ca462983d6df6ec06846e41abd9645
efficientnet_b0,B,2048,MR051651B,image_level_seed11,2,1,glioma,0.0003321170129986,0.9994972163680924,0.0001706666189087,1,glioma,0.9994972163680924,919d6f0fb3ca462983d6df6ec06846e41abd9645
efficientnet_b0,B,2049,MR051651B,image_level_seed11,3,1,glioma,0.0001482319798727,0.9997333336034948,0.000118434416632,1,glioma,0.9997333336034948,919d6f0fb3ca462983d6df6ec06846e41abd9645
efficientnet_b0,B,2050,MR051651B,image_level_seed11,1,1,glioma,0.0003863299781631,0.9993062857210177,0.000307384300819,1,glioma,0.9993062857210177,919d6f0fb3ca462983d6df6ec06846e41abd9645
efficientnet_b0,B,2051,MR051644B,image_level_seed11,5,1,glioma,6.748294468948299e-05,0.9996954721183352,0.0002370449369753,1,glioma,0.9996954721183352,919d6f0fb3ca462983d6df6ec06846e41abd9645
efficientnet_b0,B,2052,MR051644B,image_level_seed11,3,1,glioma,0.0010753933164309,0.996607244149371,0.002317362534198,1,glioma,0.996607244149371,919d6f0fb3ca462983d6df6ec06846e41abd9645
efficientnet_b0,B,2053,MR051644B,image_level_seed11,2,1,glioma,0.0006731924087362,0.9981566406553588,0.001170166935905,1,glioma,0.9981566406553588,919d6f0fb3ca462983d6df6ec06846e41abd9645
efficientnet_b0,B,2054,MR051644B,image_level_seed11,1,1,glioma,0.001725846375577,0.9944974360653592,0.0037767175590635,1,glioma,0.9944974360653592,919d6f0fb3ca462983d6df6ec06846e41abd9645
efficientnet_b0,B,2055,MR051644B,image_level_seed11,4,1,glioma,0.0007615015657439,0.9977329574341556,0.0015055410001005,1,glioma,0.9977329574341556,919d6f0fb3ca462983d6df6ec06846e41abd9645
efficientnet_b0,B,2056,MR051644B,image_level_seed11,1,1,glioma,0.0004696285959104,0.998583466947384,0.0009469044567056,1,glioma,0.998583466947384,919d6f0fb3ca462983d6df6ec06846e41abd9645
efficientnet_b0,B,2057,MR051644B,image_level_seed11,1,1,glioma,0.0008273517865128,0.998325961023614,0.0008466871898731,1,glioma,0.998325961023614,919d6f0fb3ca462983d6df6ec06846e41abd9645
efficientnet_b0,B,2058,MR051796B,image_level_seed11,1,1,glioma,0.0003266058571528,0.9994940465649852,0.000179347577862,1,glioma,0.9994940465649852,919d6f0fb3ca462983d6df6ec06846e41abd9645
efficientnet_b0,B,2059,MR051796B,image_level_seed11,3,1,glioma,0.0001877652083157,0.998457137641184,0.0013550971505003,1,glioma,0.998457137641184,919d6f0fb3ca462983d6df6ec06846e41abd9645
efficientnet_b0,B,2060,MR051796B,image_level_seed11,1,1,glioma,7.970989088914932e-05,0.9997303679146006,0.0001899221945101,1,glioma,0.9997303679146006,919d6f0fb3ca462983d6df6ec06846e41abd9645
efficientnet_b0,B,2061,MR052550,image_level_seed11,4,1,glioma,2.8927040700847063e-05,0.999880246778108,9.082618119113108e-05,1,glioma,0.999880246778108,919d6f0fb3ca462983d6df6ec06846e41abd9645
efficientnet_b0,B,2062,MR052550,image_level_seed11,5,1,glioma,6.743037246148416e-07,0.999995700749194,3.624947081336646e-06,1,glioma,0.999995700749194,919d6f0fb3ca462983d6df6ec06846e41abd9645
efficientnet_b0,B,2063,MR052550,image_level_seed11,4,1,glioma,2.8913825682661693e-05,0.999895369868167,7.571630615037898e-05,1,glioma,0.999895369868167,919d6f0fb3ca462983d6df6ec06846e41abd9645
efficientnet_b0,B,2064,MR052550,image_level_seed11,5,1,glioma,1.147891656920749e-05,0.9999299298502212,5.8591233209592935e-05,1,glioma,0.9999299298502212,919d6f0fb3ca462983d6df6ec06846e41abd9645
efficientnet_b0,B,2065,MR051644C,image_level_seed11,2,1,glioma,0.0007023628803969,0.9972449348277528,0.00205270229185,1,glioma,0.9972449348277528,919d6f0fb3ca462983d6df6ec06846e41abd9645
efficientnet_b0,B,2066,MR051644C,image_level_seed11,5,1,glioma,3.125086888336533e-06,0.9999940858854336,2.789027678204939e-06,1,glioma,0.9999940858854336,919d6f0fb3ca462983d6df6ec06846e41abd9645
efficientnet_b0,B,2067,MR051644C,image_level_seed11,4,1,glioma,0.0004182860599553,0.9991651983685372,0.0004165155715075,1,glioma,0.9991651983685372,919d6f0fb3ca462983d6df6ec06846e41abd9645
efficientnet_b0,B,2068,MR051644C,image_level_seed11,1,1,glioma,0.0001456598515823,0.999737480939322,0.0001168592090957,1,glioma,0.999737480939322,919d6f0fb3ca462983d6df6ec06846e41abd9645
efficientnet_b0,B,2069,MR051644C,image_level_seed11,4,1,glioma,0.0008792970788567,0.9696979943588796,0.0294227085622634,1,glioma,0.9696979943588796,919d6f0fb3ca462983d6df6ec06846e41abd9645
efficientnet_b0,B,2070,MR051644C,image_level_seed11,1,1,glioma,0.0001179633709937,0.9995976851153078,0.0002843515136984,1,glioma,0.9995976851153078,919d6f0fb3ca462983d6df6ec06846e41abd9645
efficientnet_b0,B,2071,MR051644C,image_level_seed11,3,1,glioma,0.0001781136129185,0.9993909167706432,0.0004309696164384,1,glioma,0.9993909167706432,919d6f0fb3ca462983d6df6ec06846e41abd9645
efficientnet_b0,B,2072,MR051644C,image_level_seed11,2,1,glioma,4.321935151386154e-05,0.9998185995227484,0.0001381811257376,1,glioma,0.9998185995227484,919d6f0fb3ca462983d6df6ec06846e41abd9645
efficientnet_b0,B,2073,MR051644C,image_level_seed11,4,1,glioma,0.0001178001641877,0.9995574101167533,0.0003247897190589,1,glioma,0.9995574101167533,919d6f0fb3ca462983d6df6ec06846e41abd9645
efficientnet_b0,B,2074,MR051644C,image_level_seed11,5,1,glioma,4.164595443704719e-05,0.9999420730720888,1.6280973474294193e-05,1,glioma,0.9999420730720888,919d6f0fb3ca462983d6df6ec06846e41abd9645
efficientnet_b0,B,2075,MR051644C,image_level_seed11,2,1,glioma,8.978539846912383e-05,0.999782682504714,0.0001275320968167,1,glioma,0.999782682504714,919d6f0fb3ca462983d6df6ec06846e41abd9645
efficientnet_b0,B,2076,MR051644C,image_level_seed11,5,1,glioma,3.139606072126908e-05,0.9999429501729724,2.5653766306405033e-05,1,glioma,0.9999429501729724,919d6f0fb3ca462983d6df6ec06846e41abd9645
efficientnet_b0,B,2077,MR049942B,image_level_seed11,4,1,glioma,0.0001377584034688,0.986955459055835,0.012906782540696,1,glioma,0.986955459055835,919d6f0fb3ca462983d6df6ec06846e41abd9645
efficientnet_b0,B,2078,MR049942B,image_level_seed11,3,1,glioma,2.2322379784629737e-06,0.999986758841753,1.1008920268417584e-05,1,glioma,0.999986758841753,919d6f0fb3ca462983d6df6ec06846e41abd9645
efficientnet_b0,B,2079,MR049942B,image_level_seed11,3,1,glioma,7.487692862159449e-05,0.9997859625270502,0.0001391605443281,1,glioma,0.9997859625270502,919d6f0fb3ca462983d6df6ec06846e41abd9645
efficientnet_b0,B,2080,MR052585B,image_level_seed11,5,1,glioma,9.1448744449647e-06,0.999949307350564,4.1547774991047235e-05,1,glioma,0.999949307350564,919d6f0fb3ca462983d6df6ec06846e41abd9645
efficientnet_b0,B,2081,MR052585B,image_level_seed11,4,1,glioma,0.0001571163227144,0.99957981786064,0.0002630658166455,1,glioma,0.99957981786064,919d6f0fb3ca462983d6df6ec06846e41abd9645
efficientnet_b0,B,2082,MR052585B,image_level_seed11,1,1,glioma,0.0001059862230741,0.999667432205502,0.0002265815714239,1,glioma,0.999667432205502,919d6f0fb3ca462983d6df6ec06846e41abd9645
efficientnet_b0,B,2083,MR047953C,image_level_seed11,5,1,glioma,5.537194496225944e-05,0.9990214092737452,0.0009232187812925,1,glioma,0.9990214092737452,919d6f0fb3ca462983d6df6ec06846e41abd9645
efficientnet_b0,B,2084,MR047953C,image_level_seed11,2,1,glioma,0.0001261064957109,0.9989583908267798,0.0009155026775092,1,glioma,0.9989583908267798,919d6f0fb3ca462983d6df6ec06846e41abd9645
efficientnet_b0,B,2085,MR047953C,image_level_seed11,3,1,glioma,0.0001001813663012,0.999475783588006,0.0004240350456926,1,glioma,0.999475783588006,919d6f0fb3ca462983d6df6ec06846e41abd9645
efficientnet_b0,B,2086,MR047953C,image_level_seed11,2,1,glioma,0.0001448153710148,0.999595967667508,0.0002592169614771,1,glioma,0.999595967667508,919d6f0fb3ca462983d6df6ec06846e41abd9645
efficientnet_b0,B,2087,MR053110B,image_level_seed11,4,1,glioma,6.361240629080845e-05,0.9994828098840955,0.0004535777096136,1,glioma,0.9994828098840955,919d6f0fb3ca462983d6df6ec06846e41abd9645
efficientnet_b0,B,2088,MR053110B,image_level_seed11,2,1,glioma,0.0002044325669435,0.999564280928492,0.0002312865045641,1,glioma,0.999564280928492,919d6f0fb3ca462983d6df6ec06846e41abd9645
efficientnet_b0,B,2089,MR053110B,image_level_seed11,5,1,glioma,3.96950106383498e-05,0.9999517589702176,8.54601914404581e-06,1,glioma,0.9999517589702176,919d6f0fb3ca462983d6df6ec06846e41abd9645
efficientnet_b0,B,2090,MR053110B,image_level_seed11,3,1,glioma,5.380886514877855e-06,0.999986758922624,7.860190861101342e-06,1,glioma,0.999986758922624,919d6f0fb3ca462983d6df6ec06846e41abd9645
efficientnet_b0,B,2091,MR053110B,image_level_seed11,4,1,glioma,0.0006543660499229,0.9984833394738598,0.0008622944762172,1,glioma,0.9984833394738598,919d6f0fb3ca462983d6df6ec06846e41abd9645
efficientnet_b0,B,2092,MR053110B,image_level_seed11,5,1,glioma,4.905128767864201e-05,0.9998967884884448,5.416022387643194e-05,1,glioma,0.9998967884884448,919d6f0fb3ca462983d6df6ec06846e41abd9645
efficientnet_b0,B,2093,MR034694,image_level_seed11,1,1,glioma,0.0008141914035383,0.9961256188696254,0.0030601897268364,1,glioma,0.9961256188696254,919d6f0fb3ca462983d6df6ec06846e41abd9645
efficientnet_b0,B,2094,MR034694,image_level_seed11,2,1,glioma,0.0007298930450151,0.9964717546677928,0.0027983522871922,1,glioma,0.9964717546677928,919d6f0fb3ca462983d6df6ec06846e41abd9645
efficientnet_b0,B,2095,MR034694,image_level_seed11,5,1,glioma,1.3573819495273192e-05,0.9999625699988864,2.385618161822541e-05,1,glioma,0.9999625699988864,919d6f0fb3ca462983d6df6ec06846e41abd9645
efficientnet_b0,B,2096,MR034694,image_level_seed11,2,1,glioma,0.0004617583280467,0.9990514386950936,0.0004868029768596,1,glioma,0.9990514386950936,919d6f0fb3ca462983d6df6ec06846e41abd9645
efficientnet_b0,B,2097,MR054683,image_level_seed11,3,1,glioma,9.729991327529836e-06,0.9996848154800436,0.0003054545286286,1,glioma,0.9996848154800436,919d6f0fb3ca462983d6df6ec06846e41abd9645
efficientnet_b0,B,2098,MR054683,image_level_seed11,2,1,glioma,7.55187996181871e-05,0.993843975613556,0.0060805055868257,1,glioma,0.993843975613556,919d6f0fb3ca462983d6df6ec06846e41abd9645
efficientnet_b0,B,2099,MR054683,image_level_seed11,5,1,glioma,5.1058228324314064e-05,0.9956338210039164,0.0043151207677592,1,glioma,0.9956338210039164,919d6f0fb3ca462983d6df6ec06846e41abd9645
efficientnet_b0,B,2100,MR054875,image_level_seed11,1,1,glioma,9.658284689336272e-05,0.999501033221552,0.0004023839315543,1,glioma,0.999501033221552,919d6f0fb3ca462983d6df6ec06846e41abd9645
efficientnet_b0,B,2101,MR054875,image_level_seed11,2,1,glioma,0.0002826189035486,0.9945966660487512,0.0051207150477001,1,glioma,0.9945966660487512,919d6f0fb3ca462983d6df6ec06846e41abd9645
efficientnet_b0,B,2102,MR054875,image_level_seed11,3,1,glioma,0.0030290722753155,0.9955137868343252,0.0014571408903591,1,glioma,0.9955137868343252,919d6f0fb3ca462983d6df6ec06846e41abd9645
efficientnet_b0,B,2103,MR054875,image_level_seed11,4,1,glioma,0.0015808945702786,0.9865912918121916,0.0118278136175295,1,glioma,0.9865912918121916,919d6f0fb3ca462983d6df6ec06846e41abd9645
efficientnet_b0,B,2104,MR050687C,image_level_seed11,5,1,glioma,0.0036100465450128,0.9927203186307312,0.0036696348242559,1,glioma,0.9927203186307312,919d6f0fb3ca462983d6df6ec06846e41abd9645
efficientnet_b0,B,2105,MR050687C,image_level_seed11,2,1,glioma,3.918121220409359e-05,0.9993439987469503,0.0006168200408455,1,glioma,0.9993439987469503,919d6f0fb3ca462983d6df6ec06846e41abd9645
efficientnet_b0,B,2106,MR050687C,image_level_seed11,1,1,glioma,0.0001553640880841,0.999593489824997,0.0002511460869189,1,glioma,0.999593489824997,919d6f0fb3ca462983d6df6ec06846e41abd9645
efficientnet_b0,B,2107,MR050687C,image_level_seed11,2,1,glioma,0.0014936114299894,0.9351035234412636,0.063402865128747,1,glioma,0.9351035234412636,919d6f0fb3ca462983d6df6ec06846e41abd9645
efficientnet_b0,B,2108,MR050687C,image_level_seed11,1,1,glioma,8.902729750255287e-05,0.9997936788916568,0.0001172938108407,1,glioma,0.9997936788916568,919d6f0fb3ca462983d6df6ec06846e41abd9645
efficientnet_b0,B,2109,MR056144,image_level_seed11,4,1,glioma,0.0005780570301882,0.9985102184508422,0.0009117245189697,1,glioma,0.9985102184508422,919d6f0fb3ca462983d6df6ec06846e41abd9645
efficientnet_b0,B,2110,MR056144,image_level_seed11,4,1,glioma,0.0005440737601718,0.9988739844856824,0.0005819417541455,1,glioma,0.9988739844856824,919d6f0fb3ca462983d6df6ec06846e41abd9645
efficientnet_b0,B,2111,MR056144,image_level_seed11,5,1,glioma,0.0006116207408637,0.9979994425780746,0.0013889366810617,1,glioma,0.9979994425780746,919d6f0fb3ca462983d6df6ec06846e41abd9645
efficientnet_b0,B,2112,MR034997,image_level_seed11,4,1,glioma,0.0002881829542359,0.9995650323583426,0.0001467846874212,1,glioma,0.9995650323583426,919d6f0fb3ca462983d6df6ec06846e41abd9645
efficientnet_b0,B,2113,MR034997,image_level_seed11,1,1,glioma,3.9952342526406245e-05,0.9999378764790068,2.217117846705739e-05,1,glioma,0.9999378764790068,919d6f0fb3ca462983d6df6ec06846e41abd9645
efficientnet_b0,B,2114,MR034997,image_level_seed11,3,1,glioma,0.0004534062431833,0.9994899881580231,5.660559879361824e-05,1,glioma,0.9994899881580231,919d6f0fb3ca462983d6df6ec06846e41abd9645
efficientnet_b0,B,2115,MR034997,image_level_seed11,5,1,glioma,5.0837104146800865e-05,0.9998945252271628,5.46376686902836e-05,1,glioma,0.9998945252271628,919d6f0fb3ca462983d6df6ec06846e41abd9645
efficientnet_b0,B,2116,MR034997,image_level_seed11,3,1,glioma,8.105796506039868e-06,0.999988329990666,3.564212827819408e-06,1,glioma,0.999988329990666,919d6f0fb3ca462983d6df6ec06846e41abd9645
efficientnet_b0,B,2117,MR034997,image_level_seed11,2,1,glioma,0.0004969457858059,0.9993844100977232,0.0001186441164706,1,glioma,0.9993844100977232,919d6f0fb3ca462983d6df6ec06846e41abd9645
efficientnet_b0,B,2118,MR034997,image_level_seed11,2,1,glioma,0.0009136320384645,0.9989539955728144,0.000132372388721,1,glioma,0.9989539955728144,919d6f0fb3ca462983d6df6ec06846e41abd9645
efficientnet_b0,B,2119,MR029209E,image_level_seed11,4,1,glioma,0.0022989894820039,0.9892488545246756,0.0084521559933202,1,glioma,0.9892488545246756,919d6f0fb3ca462983d6df6ec06846e41abd9645
efficientnet_b0,B,2120,MR029209E,image_level_seed11,4,1,glioma,0.0018279154937127,0.99408118511414,0.0040908993921474,1,glioma,0.99408118511414,919d6f0fb3ca462983d6df6ec06846e41abd9645
efficientnet_b0,B,2121,MR029209E,image_level_seed11,2,1,glioma,0.0003575944265575,0.99876086463417,0.0008815409392724,1,glioma,0.99876086463417,919d6f0fb3ca462983d6df6ec06846e41abd9645
efficientnet_b0,B,2122,MR029209E,image_level_seed11,4,1,glioma,0.0001225906610824,0.9998002601094048,7.714922951266448e-05,1,glioma,0.9998002601094048,919d6f0fb3ca462983d6df6ec06846e41abd9645
efficientnet_b0,B,2123,MR029209E,image_level_seed11,5,1,glioma,0.0002576748711476,0.9996258608638224,0.0001164642650298,1,glioma,0.9996258608638224,919d6f0fb3ca462983d6df6ec06846e41abd9645
efficientnet_b0,B,2124,MR029209E,image_level_seed11,5,1,glioma,0.0010636671514954,0.998498469472224,0.0004378633762805,1,glioma,0.998498469472224,919d6f0fb3ca462983d6df6ec06846e41abd9645
efficientnet_b0,B,2125,MR029209E,image_level_seed11,3,1,glioma,0.0005476772709764,0.9990905184273444,0.0003618043016788,1,glioma,0.9990905184273444,919d6f0fb3ca462983d6df6ec06846e41abd9645
efficientnet_b0,B,2126,MR029209E,image_level_seed11,3,1,glioma,0.0003485827344059,0.9993482959129644,0.0003031213526295,1,glioma,0.9993482959129644,919d6f0fb3ca462983d6df6ec06846e41abd9645
efficientnet_b0,B,2127,MR029209E,image_level_seed11,4,1,glioma,0.0008316141136829,0.998414180959728,0.0007542049265887,1,glioma,0.998414180959728,919d6f0fb3ca462983d6df6ec06846e41abd9645
efficientnet_b0,B,2128,MR053110E,image_level_seed11,3,1,glioma,1.397047027208447e-05,0.9997442742152316,0.0002417553144962,1,glioma,0.9997442742152316,919d6f0fb3ca462983d6df6ec06846e41abd9645
efficientnet_b0,B,2129,MR053110E,image_level_seed11,2,1,glioma,5.2478992836312216e-05,0.9986435312442312,0.0013039897629322,1,glioma,0.9986435312442312,919d6f0fb3ca462983d6df6ec06846e41abd9645
efficientnet_b0,B,2130,MR053110E,image_level_seed11,2,1,glioma,6.829454687552588e-05,0.9993144346640156,0.0006172707891091,1,glioma,0.9993144346640156,919d6f0fb3ca462983d6df6ec06846e41abd9645
efficientnet_b0,B,2131,MR053110E,image_level_seed11,1,1,glioma,0.0001843527526644,0.9993655448096838,0.0004501024376517,1,glioma,0.9993655448096838,919d6f0fb3ca462983d6df6ec06846e41abd9645
efficientnet_b0,B,2132,MR053110E,image_level_seed11,2,1,glioma,3.332113171153997e-05,0.9997179951805516,0.0002486836877368,1,glioma,0.9997179951805516,919d6f0fb3ca462983d6df6ec06846e41abd9645
efficientnet_b0,B,2133,MR053110E,image_level_seed11,3,1,glioma,0.0003736624612021,0.9989999724178202,0.0006263651209775,1,glioma,0.9989999724178202,919d6f0fb3ca462983d6df6ec06846e41abd9645
efficientnet_b0,B,2134,MR049019G,image_level_seed11,2,1,glioma,0.0016866835782984,0.9966571221897418,0.0016561942319597,1,glioma,0.9966571221897418,919d6f0fb3ca462983d6df6ec06846e41abd9645
efficientnet_b0,B,2135,MR049019G,image_level_seed11,5,1,glioma,0.0008074192865903,0.998899511534888,0.0002930691785218,1,glioma,0.998899511534888,919d6f0fb3ca462983d6df6ec06846e41abd9645
efficientnet_b0,B,2136,MR049019G,image_level_seed11,5,1,glioma,0.0030073882904965,0.9951213068378666,0.0018713048716368,1,glioma,0.9951213068378666,919d6f0fb3ca462983d6df6ec06846e41abd9645
efficientnet_b0,B,2137,MR049019G,image_level_seed11,2,1,glioma,0.0003436509223711,0.9992614364804135,0.0003949125972152,1,glioma,0.9992614364804135,919d6f0fb3ca462983d6df6ec06846e41abd9645
efficientnet_b0,B,2138,MR049019G,image_level_seed11,2,1,glioma,0.0012108249963766,0.9971855991599724,0.001603575843651,1,glioma,0.9971855991599724,919d6f0fb3ca462983d6df6ec06846e41abd9645
efficientnet_b0,B,2139,MR049019G,image_level_seed11,5,1,glioma,0.0002633737748044,0.9996408751823146,9.57510428808877e-05,1,glioma,0.9996408751823146,919d6f0fb3ca462983d6df6ec06846e41abd9645
efficientnet_b0,B,2140,MR049019G,image_level_seed11,2,1,glioma,2.2480747759681687e-05,0.9999203966733244,5.712257891602792e-05,1,glioma,0.9999203966733244,919d6f0fb3ca462983d6df6ec06846e41abd9645
efficientnet_b0,B,2141,MR031409B,image_level_seed11,3,1,glioma,0.0801126602627606,0.8193356164816776,0.1005517232555617,1,glioma,0.8193356164816776,919d6f0fb3ca462983d6df6ec06846e41abd9645
efficientnet_b0,B,2142,MR031409B,image_level_seed11,2,1,glioma,0.0010122984975789,0.9984639571752092,0.0005237443272118,1,glioma,0.9984639571752092,919d6f0fb3ca462983d6df6ec06846e41abd9645
efficientnet_b0,B,2143,MR031409B,image_level_seed11,3,1,glioma,0.0077536011822976,0.9895533723966388,0.0026930264210634,1,glioma,0.9895533723966388,919d6f0fb3ca462983d6df6ec06846e41abd9645
efficientnet_b0,B,2144,MR024780D,image_level_seed11,5,1,glioma,0.0029481778474943,0.9953575044155968,0.0016943177369089,1,glioma,0.9953575044155968,919d6f0fb3ca462983d6df6ec06846e41abd9645
efficientnet_b0,B,2145,MR024780D,image_level_seed11,4,1,glioma,0.0047715667734599,0.9908562010136456,0.0043722322128945,1,glioma,0.9908562010136456,919d6f0fb3ca462983d6df6ec06846e41abd9645
efficientnet_b0,B,2146,MR038469,image_level_seed11,2,1,glioma,0.0048945892161428,0.9947750209338004,0.0003303898500568,1,glioma,0.9947750209338004,919d6f0fb3ca462983d6df6ec06846e41abd9645
efficientnet_b0,B,2147,MR038469,image_level_seed11,4,1,glioma,5.1800258735094085e-05,0.9999346867268692,1.3513014395605069e-05,1,glioma,0.9999346867268692,919d6f0fb3ca462983d6df6ec06846e41abd9645
efficientnet_b0,B,2148,MR038469,image_level_seed11,1,1,glioma,6.6687109040053625e-06,0.999977272186296,1.605910279983092e-05,1,glioma,0.999977272186296,919d6f0fb3ca462983d6df6ec06846e41abd9645
efficientnet_b0,B,2149,MR038469,image_level_seed11,2,1,glioma,1.8404123657653905e-05,0.9999319897200468,4.960615629563546e-05,1,glioma,0.9999319897200468,919d6f0fb3ca462983d6df6ec06846e41abd9645
efficientnet_b0,B,2150,MR038469,image_level_seed11,5,1,glioma,1.2536477345306242e-05,0.9999719867224676,1.547680018727947e-05,1,glioma,0.9999719867224676,919d6f0fb3ca462983d6df6ec06846e41abd9645
efficientnet_b0,B,2151,MR038469,image_level_seed11,3,1,glioma,7.213087265403748e-05,0.999872115331492,5.575379585397014e-05,1,glioma,0.999872115331492,919d6f0fb3ca462983d6df6ec06846e41abd9645
efficientnet_b0,B,2152,MR038469,image_level_seed11,5,1,glioma,0.000134419671936,0.99957484675482,0.0002907335732438,1,glioma,0.99957484675482,919d6f0fb3ca462983d6df6ec06846e41abd9645
efficientnet_b0,B,2153,MR032322C,image_level_seed11,4,1,glioma,7.259939574742965e-05,0.9997864967094802,0.0001409038947724,1,glioma,0.9997864967094802,919d6f0fb3ca462983d6df6ec06846e41abd9645
efficientnet_b0,B,2154,MR032322C,image_level_seed11,5,1,glioma,3.8475555836888445e-05,0.999468802329008,0.0004927221151549,1,glioma,0.999468802329008,919d6f0fb3ca462983d6df6ec06846e41abd9645
efficientnet_b0,B,2155,MR032322C,image_level_seed11,2,1,glioma,0.0002849807675141,0.9995982815484096,0.0001167376840762,1,glioma,0.9995982815484096,919d6f0fb3ca462983d6df6ec06846e41abd9645
efficientnet_b0,B,2156,MR032322C,image_level_seed11,2,1,glioma,0.0041996520509243,0.9936619467038796,0.0021384012451959,1,glioma,0.9936619467038796,919d6f0fb3ca462983d6df6ec06846e41abd9645
efficientnet_b0,B,2157,MR032322C,image_level_seed11,3,1,glioma,0.000714701905057,0.9987340186865972,0.0005512794083456,1,glioma,0.9987340186865972,919d6f0fb3ca462983d6df6ec06846e41abd9645
efficientnet_b0,B,2158,MR032322C,image_level_seed11,1,1,glioma,7.734843336985487e-05,0.9986624441450306,0.0012602074215997,1,glioma,0.9986624441450306,919d6f0fb3ca462983d6df6ec06846e41abd9645
efficientnet_b0,B,2159,MR032322C,image_level_seed11,1,1,glioma,0.0002779687448368,0.9967641763046368,0.0029578549505263,1,glioma,0.9967641763046368,919d6f0fb3ca462983d6df6ec06846e41abd9645
efficientnet_b0,B,2160,MR032322C,image_level_seed11,2,1,glioma,0.0014010363746105,0.9880362964721512,0.0105626671532382,1,glioma,0.9880362964721512,919d6f0fb3ca462983d6df6ec06846e41abd9645
efficientnet_b0,B,2161,MR032322C,image_level_seed11,1,1,glioma,0.0002839414405939,0.998263703179202,0.0014523553802038,1,glioma,0.998263703179202,919d6f0fb3ca462983d6df6ec06846e41abd9645
efficientnet_b0,B,2162,MR032322C,image_level_seed11,1,1,glioma,0.0002024910568818,0.9992207023224003,0.0005768066207178,1,glioma,0.9992207023224003,919d6f0fb3ca462983d6df6ec06846e41abd9645
efficientnet_b0,B,2163,MR032322C,image_level_seed11,4,1,glioma,0.000902705026663,0.9941963464707227,0.0049009485026139,1,glioma,0.9941963464707227,919d6f0fb3ca462983d6df6ec06846e41abd9645
efficientnet_b0,B,2164,MR032322C,image_level_seed11,5,1,glioma,0.0003306454317816,0.9989581188156852,0.0007112357525329,1,glioma,0.9989581188156852,919d6f0fb3ca462983d6df6ec06846e41abd9645
efficientnet_b0,B,2165,MR032322C,image_level_seed11,5,1,glioma,0.0001310610651735,0.999659391769032,0.0002095471657944,1,glioma,0.999659391769032,919d6f0fb3ca462983d6df6ec06846e41abd9645
efficientnet_b0,B,2166,MR037458B,image_level_seed11,2,1,glioma,0.002700402062658,0.996862770763163,0.000436827174179,1,glioma,0.996862770763163,919d6f0fb3ca462983d6df6ec06846e41abd9645
efficientnet_b0,B,2167,MR037458B,image_level_seed11,1,1,glioma,0.0063609989628307,0.9784208327914334,0.0152181682457356,1,glioma,0.9784208327914334,919d6f0fb3ca462983d6df6ec06846e41abd9645
efficientnet_b0,B,2168,MR037458B,image_level_seed11,3,1,glioma,0.0069609846269161,0.9914361108037274,0.0016029045693563,1,glioma,0.9914361108037274,919d6f0fb3ca462983d6df6ec06846e41abd9645
efficientnet_b0,B,2169,MR037458B,image_level_seed11,4,1,glioma,0.1906707827738451,0.7809759829279157,0.0283532342982391,1,glioma,0.7809759829279157,919d6f0fb3ca462983d6df6ec06846e41abd9645
efficientnet_b0,B,2170,MR037458B,image_level_seed11,4,1,glioma,0.0024578854047244,0.9974220456035456,0.0001200689917299,1,glioma,0.9974220456035456,919d6f0fb3ca462983d6df6ec06846e41abd9645
efficientnet_b0,B,2171,MR037458B,image_level_seed11,3,1,glioma,0.0144103536657921,0.985300669209958,0.0002889771242498,1,glioma,0.985300669209958,919d6f0fb3ca462983d6df6ec06846e41abd9645
efficientnet_b0,B,2172,MR037458B,image_level_seed11,4,1,glioma,0.0247278716841654,0.9738376767425037,0.0014344515733309,1,glioma,0.9738376767425037,919d6f0fb3ca462983d6df6ec06846e41abd9645
efficientnet_b0,B,2173,MR037458B,image_level_seed11,4,1,glioma,0.1095973242424707,0.8774288900171235,0.0129737857404056,1,glioma,0.8774288900171235,919d6f0fb3ca462983d6df6ec06846e41abd9645
efficientnet_b0,B,2174,MR039473,image_level_seed11,5,1,glioma,0.0055227108608443,0.9912940698551832,0.0031832192839724,1,glioma,0.9912940698551832,919d6f0fb3ca462983d6df6ec06846e41abd9645
efficientnet_b0,B,2175,MR039473,image_level_seed11,3,1,glioma,0.0001399798685215,0.9997740561550126,8.596397646605476e-05,1,glioma,0.9997740561550126,919d6f0fb3ca462983d6df6ec06846e41abd9645
efficientnet_b0,B,2176,MR039473,image_level_seed11,5,1,glioma,0.0003900251806985,0.9990688697799311,0.0005411050393703,1,glioma,0.9990688697799311,919d6f0fb3ca462983d6df6ec06846e41abd9645
efficientnet_b0,B,2177,MR039473,image_level_seed11,4,1,glioma,0.000212039416407,0.9992292044310552,0.0005587561525375,1,glioma,0.9992292044310552,919d6f0fb3ca462983d6df6ec06846e41abd9645
efficientnet_b0,B,2178,MR039473,image_level_seed11,2,1,glioma,0.0004711561193672,0.9989493068427776,0.0005795370378553,1,glioma,0.9989493068427776,919d6f0fb3ca462983d6df6ec06846e41abd9645
efficientnet_b0,B,2179,MR039473B,image_level_seed11,4,1,glioma,0.0007019339756047,0.9669563687278844,0.0323416972965108,1,glioma,0.9669563687278844,919d6f0fb3ca462983d6df6ec06846e41abd9645
efficientnet_b0,B,2180,MR039473B,image_level_seed11,4,1,glioma,3.3036524353784446e-05,0.9976857632410864,0.0022812002345597,1,glioma,0.9976857632410864,919d6f0fb3ca462983d6df6ec06846e41abd9645
efficientnet_b0,B,2181,MR039473B,image_level_seed11,4,1,glioma,4.4142146794341336e-05,0.999576381427644,0.0003794764255617,1,glioma,0.999576381427644,919d6f0fb3ca462983d6df6ec06846e41abd9645
efficientnet_b0,B,2182,MR039473B,image_level_seed11,2,1,glioma,2.7985471221473175e-05,0.9993704357255712,0.0006015788032074,1,glioma,0.9993704357255712,919d6f0fb3ca462983d6df6ec06846e41abd9645
efficientnet_b0,B,2183,MR039473B,image_level_seed11,3,1,glioma,9.799935678284113e-05,0.9995725380182652,0.0003294626249519,1,glioma,0.9995725380182652,919d6f0fb3ca462983d6df6ec06846e41abd9645
efficientnet_b0,B,2184,MR039473B,image_level_seed11,2,1,glioma,0.0001478046942809,0.9993578196488124,0.0004943756569068,1,glioma,0.9993578196488124,919d6f0fb3ca462983d6df6ec06846e41abd9645
efficientnet_b0,B,2185,MR039473B,image_level_seed11,4,1,glioma,0.0002236952008431,0.9995147849110784,0.0002615198880782,1,glioma,0.9995147849110784,919d6f0fb3ca462983d6df6ec06846e41abd9645
efficientnet_b0,B,2186,MR037458C,image_level_seed11,1,1,glioma,0.0009376933704892,0.9982673082574642,0.0007949983720466,1,glioma,0.9982673082574642,919d6f0fb3ca462983d6df6ec06846e41abd9645
efficientnet_b0,B,2187,MR037458C,image_level_seed11,4,1,glioma,0.0001272230589822,0.9993139155946452,0.0005588613463725,1,glioma,0.9993139155946452,919d6f0fb3ca462983d6df6ec06846e41abd9645
efficientnet_b0,B,2188,MR037458C,image_level_seed11,4,1,glioma,0.0001674591540345,0.999758469611988,7.407123397762428e-05,1,glioma,0.999758469611988,919d6f0fb3ca462983d6df6ec06846e41abd9645
efficientnet_b0,B,2189,MR037458C,image_level_seed11,4,1,glioma,0.0001197683403855,0.9997908465828492,8.938507676505391e-05,1,glioma,0.9997908465828492,919d6f0fb3ca462983d6df6ec06846e41abd9645
efficientnet_b0,B,2190,MR037458C,image_level_seed11,3,1,glioma,0.0070074456122603,0.9913855997884352,0.0016069545993043,1,glioma,0.9913855997884352,919d6f0fb3ca462983d6df6ec06846e41abd9645
efficientnet_b0,B,2191,MR037458C,image_level_seed11,2,1,glioma,3.802929727681651e-05,0.9998625533642124,9.94173385108981e-05,1,glioma,0.9998625533642124,919d6f0fb3ca462983d6df6ec06846e41abd9645
efficientnet_b0,B,2192,MR037458C,image_level_seed11,5,1,glioma,0.000183826427788,0.999799568238382,1.6605333829884872e-05,1,glioma,0.999799568238382,919d6f0fb3ca462983d6df6ec06846e41abd9645
efficientnet_b0,B,2193,MR037458C,image_level_seed11,1,1,glioma,0.0002145217971898,0.9997129879000058,7.249030280432947e-05,1,glioma,0.9997129879000058,919d6f0fb3ca462983d6df6ec06846e41abd9645
efficientnet_b0,B,2194,MR037458C,image_level_seed11,4,1,glioma,0.0761824612355601,0.9202882439842632,0.0035292947801767,1,glioma,0.9202882439842632,919d6f0fb3ca462983d6df6ec06846e41abd9645
efficientnet_b0,B,2195,MR037458C,image_level_seed11,5,1,glioma,0.0001829551981783,0.9997726803118208,4.436449000106861e-05,1,glioma,0.9997726803118208,919d6f0fb3ca462983d6df6ec06846e41abd9645
efficientnet_b0,B,2196,MR040240,image_level_seed11,4,1,glioma,9.650770648649688e-05,0.9984510667393596,0.001452425554154,1,glioma,0.9984510667393596,919d6f0fb3ca462983d6df6ec06846e41abd9645
efficientnet_b0,B,2197,MR040240,image_level_seed11,2,1,glioma,0.0002458078154994,0.9921585290124192,0.0075956631720813,1,glioma,0.9921585290124192,919d6f0fb3ca462983d6df6ec06846e41abd9645
efficientnet_b0,B,2198,MR040240,image_level_seed11,5,1,glioma,1.3754305038782776e-05,0.999958380984829,2.786471013218137e-05,1,glioma,0.999958380984829,919d6f0fb3ca462983d6df6ec06846e41abd9645
efficientnet_b0,B,2199,MR040240,image_level_seed11,1,1,glioma,0.0003239424503613,0.9992457821925677,0.0004302753570708,1,glioma,0.9992457821925677,919d6f0fb3ca462983d6df6ec06846e41abd9645
efficientnet_b0,B,2200,MR040240,image_level_seed11,4,1,glioma,0.0001161175544194,0.9990309439541696,0.0008529384914108,1,glioma,0.9990309439541696,919d6f0fb3ca462983d6df6ec06846e41abd9645
efficientnet_b0,B,2201,MR040240,image_level_seed11,4,1,glioma,0.0001359058137847,0.9995847822928188,0.0002793118933966,1,glioma,0.9995847822928188,919d6f0fb3ca462983d6df6ec06846e41abd9645
efficientnet_b0,B,2202,MR040240,image_level_seed11,4,1,glioma,6.90100230711605e-05,0.9998114004791416,0.0001195894977872,1,glioma,0.9998114004791416,919d6f0fb3ca462983d6df6ec06846e41abd9645
efficientnet_b0,B,2203,MR040240,image_level_seed11,3,1,glioma,0.001505346090503,0.9977010737078796,0.0007935802016171,1,glioma,0.9977010737078796,919d6f0fb3ca462983d6df6ec06846e41abd9645
efficientnet_b0,B,2204,MR040240,image_level_seed11,2,1,glioma,0.0001121032314072,0.9998344657924796,5.343097611329955e-05,1,glioma,0.9998344657924796,919d6f0fb3ca462983d6df6ec06846e41abd9645
efficientnet_b0,B,2205,MR040240,image_level_seed11,4,1,glioma,0.0031163625526626,0.990897880816478,0.0059857566308592,1,glioma,0.990897880816478,919d6f0fb3ca462983d6df6ec06846e41abd9645
efficientnet_b0,B,2206,MR040240B,image_level_seed11,3,1,glioma,0.0001411271289386,0.9990894622087428,0.0007694106623182,1,glioma,0.9990894622087428,919d6f0fb3ca462983d6df6ec06846e41abd9645
efficientnet_b0,B,2207,MR040240B,image_level_seed11,4,1,glioma,2.970574862714278e-05,0.9998508039269524,0.0001194903244204,1,glioma,0.9998508039269524,919d6f0fb3ca462983d6df6ec06846e41abd9645
efficientnet_b0,B,2208,MR040240B,image_level_seed11,1,1,glioma,1.2037438583669984e-05,0.9999699760041832,1.798655723308026e-05,1,glioma,0.9999699760041832,919d6f0fb3ca462983d6df6ec06846e41abd9645
efficientnet_b0,B,2209,MR040240B,image_level_seed11,4,1,glioma,1.756102731294106e-05,0.9999605795645452,2.1859408141830657e-05,1,glioma,0.9999605795645452,919d6f0fb3ca462983d6df6ec06846e41abd9645
efficientnet_b0,B,2210,MR040240B,image_level_seed11,3,1,glioma,4.274201547143048e-05,0.999936913605736,2.0344378792420045e-05,1,glioma,0.999936913605736,919d6f0fb3ca462983d6df6ec06846e41abd9645
efficientnet_b0,B,2211,MR040240B,image_level_seed11,1,1,glioma,0.0001257158250054,0.9997828279130746,9.145626191999268e-05,1,glioma,0.9997828279130746,919d6f0fb3ca462983d6df6ec06846e41abd9645
efficientnet_b0,B,2212,MR040240B,image_level_seed11,4,1,glioma,1.872337440434369e-05,0.999967386635253,1.3889990342661172e-05,1,glioma,0.999967386635253,919d6f0fb3ca462983d6df6ec06846e41abd9645
efficientnet_b0,B,2213,MR040240B,image_level_seed11,1,1,glioma,0.000702449426027,0.9990639932783396,0.0002335572956333,1,glioma,0.9990639932783396,919d6f0fb3ca462983d6df6ec06846e41abd9645
efficientnet_b0,B,2214,MR040240B,image_level_seed11,3,1,glioma,0.0015450865353678,0.9981833161101537,0.0002715973544784,1,glioma,0.9981833161101537,919d6f0fb3ca462983d6df6ec06846e41abd9645
efficientnet_b0,B,2215,MR040240B,image_level_seed11,1,1,glioma,0.0003245958719188,0.999561682806826,0.0001137213212552,1,glioma,0.999561682806826,919d6f0fb3ca462983d6df6ec06846e41abd9645
efficientnet_b0,B,2216,MR029209G,image_level_seed11,2,1,glioma,0.0009263803753594,0.9956185481337332,0.0034550714909072,1,glioma,0.9956185481337332,919d6f0fb3ca462983d6df6ec06846e41abd9645
efficientnet_b0,B,2217,MR029209G,image_level_seed11,4,1,glioma,0.000183356915092,0.9996373908578072,0.0001792522271006,1,glioma,0.9996373908578072,919d6f0fb3ca462983d6df6ec06846e41abd9645
efficientnet_b0,B,2218,MR029209G,image_level_seed11,4,1,glioma,0.0005295423695439,0.999179884038546,0.0002905735919101,1,glioma,0.999179884038546,919d6f0fb3ca462983d6df6ec06846e41abd9645
efficientnet_b0,B,2219,MR029209G,image_level_seed11,4,1,glioma,0.001221968569044,0.9981796046005716,0.0005984268303843,1,glioma,0.9981796046005716,919d6f0fb3ca462983d6df6ec06846e41abd9645
efficientnet_b0,B,2220,MR029209G,image_level_seed11,5,1,glioma,0.000235951384627,0.9996024672642112,0.0001615813511614,1,glioma,0.9996024672642112,919d6f0fb3ca462983d6df6ec06846e41abd9645
efficientnet_b0,B,2221,MR029209G,image_level_seed11,5,1,glioma,0.0002415943408247,0.9996389917065702,0.000119413952605,1,glioma,0.9996389917065702,919d6f0fb3ca462983d6df6ec06846e41abd9645
efficientnet_b0,B,2222,MR029209G,image_level_seed11,5,1,glioma,0.0004622865526351,0.999356203985216,0.0001815094621488,1,glioma,0.999356203985216,919d6f0fb3ca462983d6df6ec06846e41abd9645
efficientnet_b0,B,2223,MR029209G,image_level_seed11,2,1,glioma,0.0020808230764673,0.9972003354930814,0.0007188414304512,1,glioma,0.9972003354930814,919d6f0fb3ca462983d6df6ec06846e41abd9645
efficientnet_b0,B,2224,MR036496B,image_level_seed11,1,1,glioma,0.0004571240633699,0.9993675176657026,0.0001753582709273,1,glioma,0.9993675176657026,919d6f0fb3ca462983d6df6ec06846e41abd9645
efficientnet_b0,B,2225,MR036496B,image_level_seed11,4,1,glioma,0.0003885087329061,0.9993951187855225,0.0002163724815713,1,glioma,0.9993951187855225,919d6f0fb3ca462983d6df6ec06846e41abd9645
efficientnet_b0,B,2226,MR036496B,image_level_seed11,2,1,glioma,0.0006531907703302,0.9990874756321444,0.0002593335975254,1,glioma,0.9990874756321444,919d6f0fb3ca462983d6df6ec06846e41abd9645
efficientnet_b0,B,2227,MR036496B,image_level_seed11,2,1,glioma,0.0005260961344464,0.9993045948708992,0.0001693089946543,1,glioma,0.9993045948708992,919d6f0fb3ca462983d6df6ec06846e41abd9645
efficientnet_b0,B,2228,MR036496B,image_level_seed11,2,1,glioma,0.0001292356929831,0.9998170870552284,5.367725178831415e-05,1,glioma,0.9998170870552284,919d6f0fb3ca462983d6df6ec06846e41abd9645
efficientnet_b0,B,2229,MR036496B,image_level_seed11,3,1,glioma,8.409113011458843e-05,0.9998791975235656,3.6711346320070896e-05,1,glioma,0.9998791975235656,919d6f0fb3ca462983d6df6ec06846e41abd9645
efficientnet_b0,B,2230,MR033420,image_level_seed11,1,1,glioma,0.0001071042198,0.9996187962475662,0.0002740995326336,1,glioma,0.9996187962475662,919d6f0fb3ca462983d6df6ec06846e41abd9645
efficientnet_b0,B,2231,MR033420,image_level_seed11,4,1,glioma,0.0010980797011885,0.995457451686368,0.0034444686124434,1,glioma,0.995457451686368,919d6f0fb3ca462983d6df6ec06846e41abd9645
efficientnet_b0,B,2232,MR033420,image_level_seed11,2,1,glioma,0.000488792591752,0.9987948489419508,0.0007163584662973,1,glioma,0.9987948489419508,919d6f0fb3ca462983d6df6ec06846e41abd9645
efficientnet_b0,B,2233,MR033420,image_level_seed11,5,1,glioma,0.0002039236721833,0.9995824135857612,0.0002136627420555,1,glioma,0.9995824135857612,919d6f0fb3ca462983d6df6ec06846e41abd9645
efficientnet_b0,B,2234,MR033420,image_level_seed11,2,1,glioma,0.0001390134023995,0.99965172067652,0.0002092659210808,1,glioma,0.99965172067652,919d6f0fb3ca462983d6df6ec06846e41abd9645
efficientnet_b0,B,2235,MR033420,image_level_seed11,4,1,glioma,0.0011289519616568,0.9969094977059714,0.0019615503323717,1,glioma,0.9969094977059714,919d6f0fb3ca462983d6df6ec06846e41abd9645
efficientnet_b0,B,2236,MR033420,image_level_seed11,2,1,glioma,0.0004646847465685,0.9988653688334728,0.0006699464199587,1,glioma,0.9988653688334728,919d6f0fb3ca462983d6df6ec06846e41abd9645
efficientnet_b0,B,2237,MR024780B,image_level_seed11,2,1,glioma,0.0009504451907019,0.9976709385216076,0.0013786162876905,1,glioma,0.9976709385216076,919d6f0fb3ca462983d6df6ec06846e41abd9645
efficientnet_b0,B,2238,MR024780B,image_level_seed11,2,1,glioma,0.000225878775223,0.99949159106831,0.0002825301564672,1,glioma,0.99949159106831,919d6f0fb3ca462983d6df6ec06846e41abd9645
efficientnet_b0,B,2239,MR024780B,image_level_seed11,4,1,glioma,0.0014343559350186,0.9974768194276814,0.0010888246372998,1,glioma,0.9974768194276814,919d6f0fb3ca462983d6df6ec06846e41abd9645
efficientnet_b0,B,2240,MR024780B,image_level_seed11,1,1,glioma,0.0028935938838751,0.9920103558864332,0.0050960502296915,1,glioma,0.9920103558864332,919d6f0fb3ca462983d6df6ec06846e41abd9645
efficientnet_b0,B,2241,MR033389B,image_level_seed11,2,1,glioma,0.0002317230769942,0.9996066144815456,0.0001616624414604,1,glioma,0.9996066144815456,919d6f0fb3ca462983d6df6ec06846e41abd9645
efficientnet_b0,B,2242,MR048994,image_level_seed11,1,1,glioma,0.0001739317301595,0.9997966738572152,2.9394412625283324e-05,1,glioma,0.9997966738572152,919d6f0fb3ca462983d6df6ec06846e41abd9645
efficientnet_b0,B,2243,MR048994,image_level_seed11,3,1,glioma,0.0003395980759152,0.9995868059292242,7.359599486064001e-05,1,glioma,0.9995868059292242,919d6f0fb3ca462983d6df6ec06846e41abd9645
efficientnet_b0,B,2244,MR049104,image_level_seed11,5,1,glioma,3.473684430879714e-05,0.999918557543052,4.670561263915546e-05,1,glioma,0.999918557543052,919d6f0fb3ca462983d6df6ec06846e41abd9645
efficientnet_b0,B,2245,MR049104,image_level_seed11,3,1,glioma,0.0001308710692367,0.9994027856996534,0.0004663432311099,1,glioma,0.9994027856996534,919d6f0fb3ca462983d6df6ec06846e41abd9645
efficientnet_b0,B,2246,MR049104,image_level_seed11,3,1,glioma,5.986595812903136e-05,0.999779699559714,0.000160434482157,1,glioma,0.999779699559714,919d6f0fb3ca462983d6df6ec06846e41abd9645
efficientnet_b0,B,2247,MR049142,image_level_seed11,5,1,glioma,0.001277712367314,0.9968031101704444,0.0019191774622418,1,glioma,0.9968031101704444,919d6f0fb3ca462983d6df6ec06846e41abd9645
efficientnet_b0,B,2248,MR049142,image_level_seed11,1,1,glioma,0.0006096829594649,0.998923608256988,0.0004667087835471,1,glioma,0.998923608256988,919d6f0fb3ca462983d6df6ec06846e41abd9645
efficientnet_b0,B,2249,MR049142,image_level_seed11,1,1,glioma,0.0011612752349253,0.9949344287544236,0.0039042960106509,1,glioma,0.9949344287544236,919d6f0fb3ca462983d6df6ec06846e41abd9645
efficientnet_b0,B,2250,MR048994B,image_level_seed11,4,1,glioma,0.0004516056256018,0.997904415197088,0.0016439791773099,1,glioma,0.997904415197088,919d6f0fb3ca462983d6df6ec06846e41abd9645
efficientnet_b0,B,2251,MR048994B,image_level_seed11,2,1,glioma,0.0001528553150253,0.9980700699741688,0.0017770747108061,1,glioma,0.9980700699741688,919d6f0fb3ca462983d6df6ec06846e41abd9645
efficientnet_b0,B,2252,MR048994B,image_level_seed11,4,1,glioma,0.0001816413569866,0.9993377879298008,0.0004805707132125,1,glioma,0.9993377879298008,919d6f0fb3ca462983d6df6ec06846e41abd9645
efficientnet_b0,B,2253,MR048994B,image_level_seed11,4,1,glioma,0.0003559239105377,0.9987016306247644,0.0009424454646979,1,glioma,0.9987016306247644,919d6f0fb3ca462983d6df6ec06846e41abd9645
efficientnet_b0,B,2254,MR048944B,image_level_seed11,5,1,glioma,5.923306656948073e-05,0.999829653706036,0.0001111132273947,1,glioma,0.999829653706036,919d6f0fb3ca462983d6df6ec06846e41abd9645
efficientnet_b0,B,2255,MR048944B,image_level_seed11,5,1,glioma,2.884186741246913e-05,0.9998883521113384,8.280602124916017e-05,1,glioma,0.9998883521113384,919d6f0fb3ca462983d6df6ec06846e41abd9645
efficientnet_b0,B,2256,MR048944B,image_level_seed11,2,1,glioma,0.0001137415408329,0.9984369203623026,0.0014493380968644,1,glioma,0.9984369203623026,919d6f0fb3ca462983d6df6ec06846e41abd9645
efficientnet_b0,B,2257,MR048944B,image_level_seed11,5,1,glioma,0.0002490552456615,0.9990277360438864,0.0007232087104521,1,glioma,0.9990277360438864,919d6f0fb3ca462983d6df6ec06846e41abd9645
efficientnet_b0,B,2258,MR048944B,image_level_seed11,5,1,glioma,0.0001852076522656,0.9994802293833238,0.0003345629644106,1,glioma,0.9994802293833238,919d6f0fb3ca462983d6df6ec06846e41abd9645
efficientnet_b0,B,2259,MR048944B,image_level_seed11,2,1,glioma,5.5239218056265784e-05,0.9997653380893008,0.0001794226926429,1,glioma,0.9997653380893008,919d6f0fb3ca462983d6df6ec06846e41abd9645
efficientnet_b0,B,2260,MR048944B,image_level_seed11,4,1,glioma,0.0001462008773955,0.9994531825424582,0.0004006165801464,1,glioma,0.9994531825424582,919d6f0fb3ca462983d6df6ec06846e41abd9645
efficientnet_b0,B,2261,MR049358,image_level_seed11,1,1,glioma,1.2007777619218778e-05,0.999978375640501,9.616581879858132e-06,1,glioma,0.999978375640501,919d6f0fb3ca462983d6df6ec06846e41abd9645
efficientnet_b0,B,2262,MR049358,image_level_seed11,4,1,glioma,0.0001729645358805,0.9995975001782788,0.0002295352858406,1,glioma,0.9995975001782788,919d6f0fb3ca462983d6df6ec06846e41abd9645
efficientnet_b0,B,2263,MR049358,image_level_seed11,4,1,glioma,0.0007018547525241,0.997549675886306,0.0017484693611697,1,glioma,0.997549675886306,919d6f0fb3ca462983d6df6ec06846e41abd9645
efficientnet_b0,B,2264,MR049358,image_level_seed11,3,1,glioma,0.0004890965615101,0.998413563615893,0.0010973398225969,1,glioma,0.998413563615893,919d6f0fb3ca462983d6df6ec06846e41abd9645
efficientnet_b0,B,2265,MR049358,image_level_seed11,5,1,glioma,0.0013650516049695,0.995271983503754,0.0033629648912766,1,glioma,0.995271983503754,919d6f0fb3ca462983d6df6ec06846e41abd9645
efficientnet_b0,B,2266,MR049358,image_level_seed11,1,1,glioma,7.497483967854988e-05,0.999821480002972,0.0001035451573495,1,glioma,0.999821480002972,919d6f0fb3ca462983d6df6ec06846e41abd9645
efficientnet_b0,B,2267,MR049358,image_level_seed11,4,1,glioma,0.0005239150822168,0.9983145274651368,0.0011615574526461,1,glioma,0.9983145274651368,919d6f0fb3ca462983d6df6ec06846e41abd9645
efficientnet_b0,B,2268,MR049358,image_level_seed11,4,1,glioma,0.0002328598761922,0.999499213839412,0.0002679262843959,1,glioma,0.999499213839412,919d6f0fb3ca462983d6df6ec06846e41abd9645
efficientnet_b0,B,2269,MR049358,image_level_seed11,3,1,glioma,0.0008252372173104,0.9972712250791516,0.0019035377035379,1,glioma,0.9972712250791516,919d6f0fb3ca462983d6df6ec06846e41abd9645
efficientnet_b0,B,2270,MR049453,image_level_seed11,4,1,glioma,4.580015802151044e-05,0.999897327112396,5.687272958248278e-05,1,glioma,0.999897327112396,919d6f0fb3ca462983d6df6ec06846e41abd9645
efficientnet_b0,B,2271,MR049453,image_level_seed11,4,1,glioma,5.632483576593176e-05,0.9998919670567162,5.1708107517644615e-05,1,glioma,0.9998919670567162,919d6f0fb3ca462983d6df6ec06846e41abd9645
efficientnet_b0,B,2272,MR049453,image_level_seed11,4,1,glioma,0.0001896337968108,0.9995780925811888,0.0002322736220002,1,glioma,0.9995780925811888,919d6f0fb3ca462983d6df6ec06846e41abd9645
efficientnet_b0,B,2273,MR049453,image_level_seed11,1,1,glioma,2.4437430236466303e-05,0.99993774047928,3.7822090483547776e-05,1,glioma,0.99993774047928,919d6f0fb3ca462983d6df6ec06846e41abd9645
efficientnet_b0,B,2274,MR049453,image_level_seed11,4,1,glioma,9.87919560116602e-05,0.9997687510941956,0.0001324569497927,1,glioma,0.9997687510941956,919d6f0fb3ca462983d6df6ec06846e41abd9645
efficientnet_b0,B,2275,MR049453,image_level_seed11,1,1,glioma,3.4586770487854084e-05,0.99993240000107,3.3013228442102715e-05,1,glioma,0.99993240000107,919d6f0fb3ca462983d6df6ec06846e41abd9645
efficientnet_b0,B,2276,MR049453,image_level_seed11,3,1,glioma,2.9409189869485496e-05,0.9999523518581216,1.8238952008834284e-05,1,glioma,0.9999523518581216,919d6f0fb3ca462983d6df6ec06846e41abd9645
efficientnet_b0,B,2277,MR049453,image_level_seed11,3,1,glioma,1.8883613726074727e-05,0.9999478778025902,3.323858368354754e-05,1,glioma,0.9999478778025902,919d6f0fb3ca462983d6df6ec06846e41abd9645
efficientnet_b0,B,2278,MR049453,image_level_seed11,5,1,glioma,0.0001156932685802,0.9997133992977004,0.0001709074337192,1,glioma,0.9997133992977004,919d6f0fb3ca462983d6df6ec06846e41abd9645
efficientnet_b0,B,2279,MR024780G,image_level_seed11,3,1,glioma,0.0005456472476824,0.9991713883215102,0.0002829644308074,1,glioma,0.9991713883215102,919d6f0fb3ca462983d6df6ec06846e41abd9645
efficientnet_b0,B,2280,MR024780G,image_level_seed11,3,1,glioma,0.0001143279425698,0.9997707365630149,0.0001149354944155,1,glioma,0.9997707365630149,919d6f0fb3ca462983d6df6ec06846e41abd9645
efficientnet_b0,B,2281,MR024780G,image_level_seed11,2,1,glioma,0.0002785842657209,0.9991931278898664,0.0005282878444126,1,glioma,0.9991931278898664,919d6f0fb3ca462983d6df6ec06846e41abd9645
efficientnet_b0,B,2282,MR024780G,image_level_seed11,4,1,glioma,0.0002202656241878,0.9994356966462768,0.0003440377295352,1,glioma,0.9994356966462768,919d6f0fb3ca462983d6df6ec06846e41abd9645
efficientnet_b0,B,2283,MR024780G,image_level_seed11,5,1,glioma,0.0001539669045034,0.9996983924854168,0.0001476406100796,1,glioma,0.9996983924854168,919d6f0fb3ca462983d6df6ec06846e41abd9645
efficientnet_b0,B,2284,MR024780G,image_level_seed11,4,1,glioma,5.388279727083002e-05,0.9998501052184828,9.601198424648953e-05,1,glioma,0.9998501052184828,919d6f0fb3ca462983d6df6ec06846e41abd9645
efficientnet_b0,B,2285,MR024780G,image_level_seed11,5,1,glioma,4.804715321984158e-05,0.9999282334037468,2.371944303323067e-05,1,glioma,0.9999282334037468,919d6f0fb3ca462983d6df6ec06846e41abd9645
efficientnet_b0,B,2286,MR049453B,image_level_seed11,4,1,glioma,1.280295074850524e-05,0.9999832328105942,3.964238657342227e-06,1,glioma,0.9999832328105942,919d6f0fb3ca462983d6df6ec06846e41abd9645
efficientnet_b0,B,2287,MR049453B,image_level_seed11,2,1,glioma,0.0009943855087129,0.9989530952449392,5.25192463477722e-05,1,glioma,0.9989530952449392,919d6f0fb3ca462983d6df6ec06846e41abd9645
efficientnet_b0,B,2288,MR049453B,image_level_seed11,4,1,glioma,0.0003879811964797,0.9955524632567172,0.004059555546803,1,glioma,0.9955524632567172,919d6f0fb3ca462983d6df6ec06846e41abd9645
efficientnet_b0,B,2289,MR049453B,image_level_seed11,1,1,glioma,0.0001284958902122,0.9996893135698228,0.0001821905399651,1,glioma,0.9996893135698228,919d6f0fb3ca462983d6df6ec06846e41abd9645
efficientnet_b0,B,2290,MR049453B,image_level_seed11,2,1,glioma,6.816840773979462e-05,0.9997805733199108,0.0001512582723492,1,glioma,0.9997805733199108,919d6f0fb3ca462983d6df6ec06846e41abd9645
efficientnet_b0,B,2291,MR049453B,image_level_seed11,5,1,glioma,0.0001000774329517,0.9989841505764396,0.0009157719906086,1,glioma,0.9989841505764396,919d6f0fb3ca462983d6df6ec06846e41abd9645
efficientnet_b0,B,2292,MR049453B,image_level_seed11,3,1,glioma,0.0803343160801087,0.8448180046386458,0.0748476792812455,1,glioma,0.8448180046386458,919d6f0fb3ca462983d6df6ec06846e41abd9645
efficientnet_b0,B,2293,MR049453B,image_level_seed11,4,1,glioma,0.0012337851101417,0.9979519815414032,0.000814233348455,1,glioma,0.9979519815414032,919d6f0fb3ca462983d6df6ec06846e41abd9645
efficientnet_b0,B,2294,MR049453B,image_level_seed11,2,1,glioma,0.0002360732740948,0.9995867771846936,0.0001771495412117,1,glioma,0.9995867771846936,919d6f0fb3ca462983d6df6ec06846e41abd9645
efficientnet_b0,B,2295,MR049453B,image_level_seed11,5,1,glioma,6.103935960903504e-05,0.9998362090103156,0.0001027516300754,1,glioma,0.9998362090103156,919d6f0fb3ca462983d6df6ec06846e41abd9645
efficientnet_b0,B,2296,MR049453B,image_level_seed11,2,1,glioma,0.0007340909479454,0.99033887448227,0.0089270345697847,1,glioma,0.99033887448227,919d6f0fb3ca462983d6df6ec06846e41abd9645
efficientnet_b0,B,2297,MR049453B,image_level_seed11,3,1,glioma,4.031718999305506e-05,0.9996818233746104,0.0002778594353967,1,glioma,0.9996818233746104,919d6f0fb3ca462983d6df6ec06846e41abd9645
efficientnet_b0,B,2298,MR049453B,image_level_seed11,3,1,glioma,8.723282648472032e-05,0.999318773054705,0.0005939941188105,1,glioma,0.999318773054705,919d6f0fb3ca462983d6df6ec06846e41abd9645
efficientnet_b0,B,2299,MR049453B,image_level_seed11,1,1,glioma,7.442351210858202e-05,0.9996086853904762,0.0003168910974152,1,glioma,0.9996086853904762,919d6f0fb3ca462983d6df6ec06846e41abd9645
efficientnet_b0,B,2300,MR050135B,image_level_seed11,4,1,glioma,0.0015966521059168,0.9976127093665202,0.0007906385275627,1,glioma,0.9976127093665202,919d6f0fb3ca462983d6df6ec06846e41abd9645
efficientnet_b0,B,2301,MR050135B,image_level_seed11,1,1,glioma,3.411645427331263e-05,0.9999373766044544,2.850694127214322e-05,1,glioma,0.9999373766044544,919d6f0fb3ca462983d6df6ec06846e41abd9645
efficientnet_b0,B,2302,MR050135B,image_level_seed11,1,1,glioma,0.0001226706343142,0.9997762573110442,0.0001010720546417,1,glioma,0.9997762573110442,919d6f0fb3ca462983d6df6ec06846e41abd9645
efficientnet_b0,B,2303,MR050135B,image_level_seed11,5,1,glioma,0.0002939860805142,0.999521744768022,0.0001842691514637,1,glioma,0.999521744768022,919d6f0fb3ca462983d6df6ec06846e41abd9645
efficientnet_b0,B,2304,MR050135B,image_level_seed11,2,1,glioma,0.0002189698912651,0.9995006933261172,0.0002803367826176,1,glioma,0.9995006933261172,919d6f0fb3ca462983d6df6ec06846e41abd9645
efficientnet_b0,B,2305,MR050135B,image_level_seed11,4,1,glioma,0.0005386862714704,0.998963404740606,0.0004979089879237,1,glioma,0.998963404740606,919d6f0fb3ca462983d6df6ec06846e41abd9645
efficientnet_b0,B,2306,MR050135B,image_level_seed11,1,1,glioma,0.0011479373992787,0.9984678958198876,0.0003841667808335,1,glioma,0.9984678958198876,919d6f0fb3ca462983d6df6ec06846e41abd9645
efficientnet_b0,B,2307,MR050135B,image_level_seed11,2,1,glioma,0.0001721936242474,0.9977277015960996,0.002100104779653,1,glioma,0.9977277015960996,919d6f0fb3ca462983d6df6ec06846e41abd9645
efficientnet_b0,B,2308,MR050135B,image_level_seed11,5,1,glioma,0.0005524733050309,0.9982049950652374,0.0012425316297317,1,glioma,0.9982049950652374,919d6f0fb3ca462983d6df6ec06846e41abd9645
efficientnet_b0,B,2309,MR050135B,image_level_seed11,4,1,glioma,8.064571548742637e-05,0.9997656238193666,0.0001537304651458,1,glioma,0.9997656238193666,919d6f0fb3ca462983d6df6ec06846e41abd9645
efficientnet_b0,B,2310,MR050135B,image_level_seed11,4,1,glioma,0.0003513493530674,0.999028547530946,0.0006201031159864,1,glioma,0.999028547530946,919d6f0fb3ca462983d6df6ec06846e41abd9645
efficientnet_b0,B,2311,MR050687,image_level_seed11,3,1,glioma,0.0001537421789709,0.9997054585661136,0.0001407992549154,1,glioma,0.9997054585661136,919d6f0fb3ca462983d6df6ec06846e41abd9645
efficientnet_b0,B,2312,MR050687,image_level_seed11,3,1,glioma,5.3942507051382455e-05,0.9998942809841268,5.177650882165438e-05,1,glioma,0.9998942809841268,919d6f0fb3ca462983d6df6ec06846e41abd9645
efficientnet_b0,B,2313,MR050687,image_level_seed11,1,1,glioma,1.7198156474526983e-05,0.9999742597306992,8.542112826295043e-06,1,glioma,0.9999742597306992,919d6f0fb3ca462983d6df6ec06846e41abd9645
efficientnet_b0,B,2314,MR050687,image_level_seed11,5,1,glioma,0.0001541003817593,0.999827479385758,1.842023248259995e-05,1,glioma,0.999827479385758,919d6f0fb3ca462983d6df6ec06846e41abd9645
efficientnet_b0,B,2315,MR050687,image_level_seed11,3,1,glioma,0.5533643416095346,0.4402126377631751,0.0064230206272902,0,meningioma,0.5533643416095346,919d6f0fb3ca462983d6df6ec06846e41abd9645
efficientnet_b0,B,2316,MR050687,image_level_seed11,4,1,glioma,0.0004172251702615,0.9993106577598064,0.0002721170699318,1,glioma,0.9993106577598064,919d6f0fb3ca462983d6df6ec06846e41abd9645
efficientnet_b0,B,2317,MR050791B,image_level_seed11,5,1,glioma,0.0007221483953696,0.9986188791520032,0.000658972452627,1,glioma,0.9986188791520032,919d6f0fb3ca462983d6df6ec06846e41abd9645
efficientnet_b0,B,2318,MR050791B,image_level_seed11,5,1,glioma,0.0001279228376762,0.9996537644346052,0.0002183127277187,1,glioma,0.9996537644346052,919d6f0fb3ca462983d6df6ec06846e41abd9645
efficientnet_b0,B,2319,MR050791B,image_level_seed11,2,1,glioma,0.0002192464384717,0.9993836565890528,0.0003970969724755,1,glioma,0.9993836565890528,919d6f0fb3ca462983d6df6ec06846e41abd9645
efficientnet_b0,B,2320,MR050791B,image_level_seed11,1,1,glioma,7.801133009576464e-06,0.9999412095828152,5.098928417544093e-05,1,glioma,0.9999412095828152,919d6f0fb3ca462983d6df6ec06846e41abd9645
efficientnet_b0,B,2321,MR049019C,image_level_seed11,2,1,glioma,0.000721966263833,0.992904015861746,0.0063740178744209,1,glioma,0.992904015861746,919d6f0fb3ca462983d6df6ec06846e41abd9645
efficientnet_b0,B,2322,MR049019C,image_level_seed11,1,1,glioma,0.0004394805112649,0.9932317582339352,0.0063287612548,1,glioma,0.9932317582339352,919d6f0fb3ca462983d6df6ec06846e41abd9645
efficientnet_b0,B,2323,MR049019C,image_level_seed11,2,1,glioma,0.0018801266620427,0.8971123089693087,0.1010075643686486,1,glioma,0.8971123089693087,919d6f0fb3ca462983d6df6ec06846e41abd9645
efficientnet_b0,B,2324,MR049019C,image_level_seed11,2,1,glioma,0.0022803328648702,0.8414622856139957,0.156257381521134,1,glioma,0.8414622856139957,919d6f0fb3ca462983d6df6ec06846e41abd9645
efficientnet_b0,B,2325,MR049019C,image_level_seed11,2,1,glioma,0.0001738709395875,0.9953205507333795,0.0045055783270328,1,glioma,0.9953205507333795,919d6f0fb3ca462983d6df6ec06846e41abd9645
efficientnet_b0,B,2326,MR026175C,image_level_seed11,4,1,glioma,0.0006659889007018,0.999101607182303,0.0002324039169953,1,glioma,0.999101607182303,919d6f0fb3ca462983d6df6ec06846e41abd9645
efficientnet_b0,B,2327,MR026175C,image_level_seed11,4,1,glioma,4.7292894902177915e-05,0.9999304497090968,2.2257396000963148e-05,1,glioma,0.9999304497090968,919d6f0fb3ca462983d6df6ec06846e41abd9645
efficientnet_b0,B,2328,MR026175C,image_level_seed11,5,1,glioma,0.0003005809679829,0.9996443712574988,5.504777451806911e-05,1,glioma,0.9996443712574988,919d6f0fb3ca462983d6df6ec06846e41abd9645
efficientnet_b0,B,2329,MR026175C,image_level_seed11,1,1,glioma,8.26174929556556e-06,0.9999891686688762,2.5695818282495e-06,1,glioma,0.9999891686688762,919d6f0fb3ca462983d6df6ec06846e41abd9645
efficientnet_b0,B,2330,MR026175C,image_level_seed11,3,1,glioma,2.773463915898227e-05,0.9999446427083142,2.7622652526824923e-05,1,glioma,0.9999446427083142,919d6f0fb3ca462983d6df6ec06846e41abd9645
efficientnet_b0,B,2331,MR026175C,image_level_seed11,4,1,glioma,0.000397165272806,0.9988542035327128,0.0007486311944813,1,glioma,0.9988542035327128,919d6f0fb3ca462983d6df6ec06846e41abd9645
efficientnet_b0,B,2332,MR026175C,image_level_seed11,2,1,glioma,4.63980377198396e-05,0.999688171543094,0.000265430419186,1,glioma,0.999688171543094,919d6f0fb3ca462983d6df6ec06846e41abd9645
efficientnet_b0,B,2333,MR051461,image_level_seed11,5,1,glioma,0.0005015931535895,0.9992617722560382,0.0002366345903723,1,glioma,0.9992617722560382,919d6f0fb3ca462983d6df6ec06846e41abd9645
efficientnet_b0,B,2334,MR051461,image_level_seed11,4,1,glioma,0.0002711145931394,0.9996439572049886,8.492820187216392e-05,1,glioma,0.9996439572049886,919d6f0fb3ca462983d6df6ec06846e41abd9645
efficientnet_b0,B,2335,MR051461,image_level_seed11,1,1,glioma,0.0011908888718294,0.9981002338515724,0.0007088772765979,1,glioma,0.9981002338515724,919d6f0fb3ca462983d6df6ec06846e41abd9645
efficientnet_b0,B,2336,MR051461,image_level_seed11,4,1,glioma,0.0037290021331058,0.9929373492965452,0.0033336485703492,1,glioma,0.9929373492965452,919d6f0fb3ca462983d6df6ec06846e41abd9645
efficientnet_b0,B,2337,MR051461,image_level_seed11,3,1,glioma,0.0016537090470528,0.9968635308130536,0.0014827601398938,1,glioma,0.9968635308130536,919d6f0fb3ca462983d6df6ec06846e41abd9645
efficientnet_b0,B,2338,MR051461,image_level_seed11,4,1,glioma,0.0003954321649068,0.9992077426161338,0.0003968252189592,1,glioma,0.9992077426161338,919d6f0fb3ca462983d6df6ec06846e41abd9645
efficientnet_b0,B,2339,MR051461,image_level_seed11,4,1,glioma,0.0005736647473408,0.9989537078165898,0.0004726274360694,1,glioma,0.9989537078165898,919d6f0fb3ca462983d6df6ec06846e41abd9645
efficientnet_b0,B,2340,MR051461,image_level_seed11,5,1,glioma,0.0006557378801072,0.9992027317417608,0.0001415303781319,1,glioma,0.9992027317417608,919d6f0fb3ca462983d6df6ec06846e41abd9645
efficientnet_b0,B,2341,MR051461,image_level_seed11,1,1,glioma,0.0001348007738836,0.9997706955798734,9.45036462428434e-05,1,glioma,0.9997706955798734,919d6f0fb3ca462983d6df6ec06846e41abd9645
efficientnet_b0,B,2342,MR051586,image_level_seed11,4,1,glioma,0.0009885215132724,0.9986444835555736,0.000366994931154,1,glioma,0.9986444835555736,919d6f0fb3ca462983d6df6ec06846e41abd9645
efficientnet_b0,B,2343,MR051586,image_level_seed11,2,1,glioma,0.0006008027121148,0.9989041280290196,0.0004950692588655,1,glioma,0.9989041280290196,919d6f0fb3ca462983d6df6ec06846e41abd9645
efficientnet_b0,B,2344,MR033389B,image_level_seed11,2,1,glioma,0.0002666615948947,0.9995637469501932,0.0001695914549118,1,glioma,0.9995637469501932,919d6f0fb3ca462983d6df6ec06846e41abd9645
efficientnet_b0,B,2345,MR033389B,image_level_seed11,2,1,glioma,0.0002311501507307,0.9996904858931652,7.836395610403205e-05,1,glioma,0.9996904858931652,919d6f0fb3ca462983d6df6ec06846e41abd9645
efficientnet_b0,B,2346,MR033389B,image_level_seed11,4,1,glioma,0.0002400351330659,0.9997252635080244,3.4701358909488554e-05,1,glioma,0.9997252635080244,919d6f0fb3ca462983d6df6ec06846e41abd9645
efficientnet_b0,B,2347,MR033389B,image_level_seed11,2,1,glioma,0.0018650914366293,0.9978791020252932,0.0002558065380774,1,glioma,0.9978791020252932,919d6f0fb3ca462983d6df6ec06846e41abd9645
efficientnet_b0,B,2348,MR033389B,image_level_seed11,2,1,glioma,0.0041873250146708,0.9955074043656064,0.0003052706197227,1,glioma,0.9955074043656064,919d6f0fb3ca462983d6df6ec06846e41abd9645
efficientnet_b0,B,2349,MR024780E,image_level_seed11,2,1,glioma,0.0007977963502567,0.9987683971733768,0.0004338064763666,1,glioma,0.9987683971733768,919d6f0fb3ca462983d6df6ec06846e41abd9645
efficientnet_b0,B,2350,MR026175E,image_level_seed11,3,1,glioma,0.0001879181963141,0.9987049930938628,0.0011070887098229,1,glioma,0.9987049930938628,919d6f0fb3ca462983d6df6ec06846e41abd9645
efficientnet_b0,B,2351,MR026175E,image_level_seed11,5,1,glioma,0.0001016497544973,0.9982923981265626,0.0016059521189402,1,glioma,0.9982923981265626,919d6f0fb3ca462983d6df6ec06846e41abd9645
efficientnet_b0,B,2352,MR026175E,image_level_seed11,4,1,glioma,0.0018030794517138,0.9966512783897726,0.0015456421585134,1,glioma,0.9966512783897726,919d6f0fb3ca462983d6df6ec06846e41abd9645
efficientnet_b0,B,2353,MR026175E,image_level_seed11,4,1,glioma,0.0012281105723457,0.9971917682815136,0.0015801211461404,1,glioma,0.9971917682815136,919d6f0fb3ca462983d6df6ec06846e41abd9645
efficientnet_b0,B,2354,MR026175E,image_level_seed11,3,1,glioma,0.0006028274931975,0.9968458500748524,0.0025513224319502,1,glioma,0.9968458500748524,919d6f0fb3ca462983d6df6ec06846e41abd9645
efficientnet_b0,B,2355,MR026175E,image_level_seed11,4,1,glioma,0.0011777944537141,0.9935701870739254,0.0052520184723602,1,glioma,0.9935701870739254,919d6f0fb3ca462983d6df6ec06846e41abd9645
efficientnet_b0,B,2356,MR026175E,image_level_seed11,5,1,glioma,0.0003816812586606,0.9987369535788614,0.0008813651624778,1,glioma,0.9987369535788614,919d6f0fb3ca462983d6df6ec06846e41abd9645
efficientnet_b0,B,2357,MR026175E,image_level_seed11,2,1,glioma,0.0001240696849265,0.9996196729379476,0.0002562573771259,1,glioma,0.9996196729379476,919d6f0fb3ca462983d6df6ec06846e41abd9645
efficientnet_b0,B,2358,MR026175E,image_level_seed11,1,1,glioma,9.99534662739952e-05,0.999774080115876,0.00012596641785,1,glioma,0.999774080115876,919d6f0fb3ca462983d6df6ec06846e41abd9645
efficientnet_b0,B,2359,MR026175E,image_level_seed11,2,1,glioma,0.0005669771492808,0.999118753649836,0.0003142692008832,1,glioma,0.999118753649836,919d6f0fb3ca462983d6df6ec06846e41abd9645
efficientnet_b0,B,2360,MR026175E,image_level_seed11,2,1,glioma,0.0005639656345873,0.9990026250220296,0.0004334093433829,1,glioma,0.9990026250220296,919d6f0fb3ca462983d6df6ec06846e41abd9645
efficientnet_b0,B,2361,MR026175E,image_level_seed11,5,1,glioma,0.0006087290143283,0.9990739498771652,0.0003173211085064,1,glioma,0.9990739498771652,919d6f0fb3ca462983d6df6ec06846e41abd9645
efficientnet_b0,B,2362,MR040240C,image_level_seed11,3,1,glioma,0.00087840780207,0.9558321043075828,0.0432894878903471,1,glioma,0.9558321043075828,919d6f0fb3ca462983d6df6ec06846e41abd9645
efficientnet_b0,B,2363,MR040240C,image_level_seed11,5,1,glioma,0.0033486260095782,0.9865876794208064,0.0100636945696155,1,glioma,0.9865876794208064,919d6f0fb3ca462983d6df6ec06846e41abd9645
efficientnet_b0,B,2364,MR040240C,image_level_seed11,4,1,glioma,0.0013751168463982,0.9945099392215232,0.0041149439320785,1,glioma,0.9945099392215232,919d6f0fb3ca462983d6df6ec06846e41abd9645
efficientnet_b0,B,2365,MR040240C,image_level_seed11,4,1,glioma,7.5752532023534e-05,0.9949647731193346,0.004959474348642,1,glioma,0.9949647731193346,919d6f0fb3ca462983d6df6ec06846e41abd9645
efficientnet_b0,B,2366,MR040240C,image_level_seed11,2,1,glioma,1.1163030138039074e-05,0.999734873558895,0.0002539634109669,1,glioma,0.999734873558895,919d6f0fb3ca462983d6df6ec06846e41abd9645
efficientnet_b0,B,2367,MR040240C,image_level_seed11,2,1,glioma,3.59883032943661e-05,0.9995813378344136,0.0003826738622919,1,glioma,0.9995813378344136,919d6f0fb3ca462983d6df6ec06846e41abd9645
efficientnet_b0,B,2368,MR040240C,image_level_seed11,4,1,glioma,9.490162463232544e-05,0.9996820687967616,0.000223029578606,1,glioma,0.9996820687967616,919d6f0fb3ca462983d6df6ec06846e41abd9645
efficientnet_b0,B,2369,MR040240C,image_level_seed11,2,1,glioma,5.266437871218929e-05,0.9998024352811548,0.0001449003401331,1,glioma,0.9998024352811548,919d6f0fb3ca462983d6df6ec06846e41abd9645
efficientnet_b0,B,2370,MR040240C,image_level_seed11,3,1,glioma,0.0002626651319795,0.999648608437915,8.872643010550586e-05,1,glioma,0.999648608437915,919d6f0fb3ca462983d6df6ec06846e41abd9645
efficientnet_b0,B,2371,MR040240C,image_level_seed11,4,1,glioma,0.0001769391051554,0.9996696258831532,0.0001534350116912,1,glioma,0.9996696258831532,919d6f0fb3ca462983d6df6ec06846e41abd9645
efficientnet_b0,B,2372,MR040240C,image_level_seed11,2,1,glioma,1.4201943879110456e-05,0.9999609766299604,2.482142616040449e-05,1,glioma,0.9999609766299604,919d6f0fb3ca462983d6df6ec06846e41abd9645
efficientnet_b0,B,2373,MR040240D,image_level_seed11,4,1,glioma,1.8324588923135515e-05,0.9998339482641276,0.0001477271469491,1,glioma,0.9998339482641276,919d6f0fb3ca462983d6df6ec06846e41abd9645
efficientnet_b0,B,2374,MR040240D,image_level_seed11,4,1,glioma,1.6891902764414237e-05,0.9999164509357428,6.665716149268405e-05,1,glioma,0.9999164509357428,919d6f0fb3ca462983d6df6ec06846e41abd9645
efficientnet_b0,B,2375,MR040240D,image_level_seed11,2,1,glioma,9.889241751678657e-05,0.9997630349382088,0.0001380726442745,1,glioma,0.9997630349382088,919d6f0fb3ca462983d6df6ec06846e41abd9645
efficientnet_b0,B,2376,MR040240D,image_level_seed11,4,1,glioma,1.1381018724240154e-05,0.9999574664750296,3.11525062459632e-05,1,glioma,0.9999574664750296,919d6f0fb3ca462983d6df6ec06846e41abd9645
efficientnet_b0,B,2377,MR040240D,image_level_seed11,5,1,glioma,1.42647596514502e-05,0.9999752025338798,1.0532706468670289e-05,1,glioma,0.9999752025338798,919d6f0fb3ca462983d6df6ec06846e41abd9645
efficientnet_b0,B,2378,MR040240D,image_level_seed11,5,1,glioma,4.591811456291486e-06,0.9999928122756164,2.5959129272190037e-06,1,glioma,0.9999928122756164,919d6f0fb3ca462983d6df6ec06846e41abd9645
efficientnet_b0,B,2379,MR040240D,image_level_seed11,2,1,glioma,5.877127082868046e-05,0.9998868724525428,5.4356276628569416e-05,1,glioma,0.9998868724525428,919d6f0fb3ca462983d6df6ec06846e41abd9645
efficientnet_b0,B,2380,MR040240D,image_level_seed11,3,1,glioma,5.4673243715661574e-05,0.9999336359537752,1.1690802508901912e-05,1,glioma,0.9999336359537752,919d6f0fb3ca462983d6df6ec06846e41abd9645
efficientnet_b0,B,2381,MR040240D,image_level_seed11,5,1,glioma,0.0006241398930602,0.9990299271753392,0.0003459329316004,1,glioma,0.9990299271753392,919d6f0fb3ca462983d6df6ec06846e41abd9645
efficientnet_b0,B,2382,MR040240D,image_level_seed11,2,1,glioma,6.213378696502304e-05,0.9999132218388576,2.4644374177267953e-05,1,glioma,0.9999132218388576,919d6f0fb3ca462983d6df6ec06846e41abd9645
efficientnet_b0,B,2383,MR040240D,image_level_seed11,4,1,glioma,0.0011072725281095,0.9970896195150388,0.0018031079568515,1,glioma,0.9970896195150388,919d6f0fb3ca462983d6df6ec06846e41abd9645
efficientnet_b0,B,2384,MR017260F,image_level_seed11,3,1,glioma,1.1284966061313476e-05,0.9999252832537994,6.343178013934667e-05,1,glioma,0.9999252832537994,919d6f0fb3ca462983d6df6ec06846e41abd9645
efficientnet_b0,B,2385,MR017260F,image_level_seed11,2,1,glioma,6.516385189307863e-05,0.9995584793290434,0.0003763568190635,1,glioma,0.9995584793290434,919d6f0fb3ca462983d6df6ec06846e41abd9645
efficientnet_b0,B,2386,MR017260F,image_level_seed11,1,1,glioma,0.0003235668929149,0.9995051579301012,0.0001712751769837,1,glioma,0.9995051579301012,919d6f0fb3ca462983d6df6ec06846e41abd9645
efficientnet_b0,B,2387,MR017260F,image_level_seed11,1,1,glioma,4.5996234200708656e-05,0.9999237916775784,3.021208822104315e-05,1,glioma,0.9999237916775784,919d6f0fb3ca462983d6df6ec06846e41abd9645
efficientnet_b0,B,2388,MR017260F,image_level_seed11,5,1,glioma,0.0008241340839064,0.99893092359475,0.0002449423213436,1,glioma,0.99893092359475,919d6f0fb3ca462983d6df6ec06846e41abd9645
efficientnet_b0,B,2389,MR017260F,image_level_seed11,3,1,glioma,0.0001119548538548,0.9997693493031744,0.0001186958429709,1,glioma,0.9997693493031744,919d6f0fb3ca462983d6df6ec06846e41abd9645
efficientnet_b0,B,2390,MR017260F,image_level_seed11,3,1,glioma,0.0001578244783495,0.999727137218608,0.0001150383030425,1,glioma,0.999727137218608,919d6f0fb3ca462983d6df6ec06846e41abd9645
efficientnet_b0,B,2391,MR017260F,image_level_seed11,1,1,glioma,0.0003030202440097,0.9995517271584607,0.0001452525975293,1,glioma,0.9995517271584607,919d6f0fb3ca462983d6df6ec06846e41abd9645
efficientnet_b0,B,2392,MR017260F,image_level_seed11,1,1,glioma,0.0005185984167688,0.999141016571529,0.0003403850117023,1,glioma,0.999141016571529,919d6f0fb3ca462983d6df6ec06846e41abd9645
efficientnet_b0,B,2393,MR017260F,image_level_seed11,1,1,glioma,0.0010436092044077,0.9986059052680404,0.0003504855275518,1,glioma,0.9986059052680404,919d6f0fb3ca462983d6df6ec06846e41abd9645
efficientnet_b0,B,2394,MR029209I,image_level_seed11,2,1,glioma,7.950391400935639e-05,0.9996129966212554,0.0003074994647354,1,glioma,0.9996129966212554,919d6f0fb3ca462983d6df6ec06846e41abd9645
efficientnet_b0,B,2395,MR029209I,image_level_seed11,5,1,glioma,0.0003459986559633,0.9995592735616536,9.4727782383156e-05,1,glioma,0.9995592735616536,919d6f0fb3ca462983d6df6ec06846e41abd9645
efficientnet_b0,B,2396,MR029209I,image_level_seed11,1,1,glioma,0.0001879410330075,0.9997102460313906,0.0001018129356019,1,glioma,0.9997102460313906,919d6f0fb3ca462983d6df6ec06846e41abd9645
efficientnet_b0,B,2397,MR029209I,image_level_seed11,1,1,glioma,0.0001475358457597,0.9997681606151132,8.430353912701915e-05,1,glioma,0.9997681606151132,919d6f0fb3ca462983d6df6ec06846e41abd9645
efficientnet_b0,B,2398,MR029209I,image_level_seed11,1,1,glioma,0.0004262376964476,0.999333515094701,0.0002402472088512,1,glioma,0.999333515094701,919d6f0fb3ca462983d6df6ec06846e41abd9645
efficientnet_b0,B,2399,MR029209I,image_level_seed11,4,1,glioma,0.0018061681896047,0.9975203588731923,0.000673472937203,1,glioma,0.9975203588731923,919d6f0fb3ca462983d6df6ec06846e41abd9645
efficientnet_b0,B,2400,MR029209I,image_level_seed11,1,1,glioma,0.0001859831171084,0.9996115138460432,0.0002025030368484,1,glioma,0.9996115138460432,919d6f0fb3ca462983d6df6ec06846e41abd9645
efficientnet_b0,B,2401,MR029209I,image_level_seed11,4,1,glioma,0.000321737145231,0.9994744636577688,0.0002037991970001,1,glioma,0.9994744636577688,919d6f0fb3ca462983d6df6ec06846e41abd9645
efficientnet_b0,B,2402,MR029209I,image_level_seed11,1,1,glioma,0.0007387101592737,0.9988097935224536,0.0004514963182724,1,glioma,0.9988097935224536,919d6f0fb3ca462983d6df6ec06846e41abd9645
efficientnet_b0,B,2403,MR048294,image_level_seed11,1,1,glioma,0.0006427084495596,0.998130703374381,0.0012265881760593,1,glioma,0.998130703374381,919d6f0fb3ca462983d6df6ec06846e41abd9645
efficientnet_b0,B,2404,MR048294,image_level_seed11,4,1,glioma,0.0009730014255073,0.9953754939131376,0.003651504661355,1,glioma,0.9953754939131376,919d6f0fb3ca462983d6df6ec06846e41abd9645
efficientnet_b0,B,2405,MR048294,image_level_seed11,2,1,glioma,0.0021189817608529,0.9864883998681612,0.0113926183709859,1,glioma,0.9864883998681612,919d6f0fb3ca462983d6df6ec06846e41abd9645
efficientnet_b0,B,2406,MR048294,image_level_seed11,1,1,glioma,0.0007810542092528,0.9973482341135028,0.0018707116772444,1,glioma,0.9973482341135028,919d6f0fb3ca462983d6df6ec06846e41abd9645
efficientnet_b0,B,2407,MR048294,image_level_seed11,5,1,glioma,0.0221897286772329,0.964587580955274,0.0132226903674928,1,glioma,0.964587580955274,919d6f0fb3ca462983d6df6ec06846e41abd9645
efficientnet_b0,B,2408,MR048294,image_level_seed11,5,1,glioma,0.0195656293862731,0.9759146744233356,0.0045196961903912,1,glioma,0.9759146744233356,919d6f0fb3ca462983d6df6ec06846e41abd9645
efficientnet_b0,B,2409,MR048294,image_level_seed11,5,1,glioma,0.0003495869310734,0.9993565337421704,0.000293879326756,1,glioma,0.9993565337421704,919d6f0fb3ca462983d6df6ec06846e41abd9645
efficientnet_b0,B,2410,MR048297,image_level_seed11,2,1,glioma,0.000744977770012,0.9958956135777586,0.0033594086522295,1,glioma,0.9958956135777586,919d6f0fb3ca462983d6df6ec06846e41abd9645
efficientnet_b0,B,2411,MR048297,image_level_seed11,5,1,glioma,0.1983290755065639,0.7946800501332882,0.0069908743601479,1,glioma,0.7946800501332882,919d6f0fb3ca462983d6df6ec06846e41abd9645
efficientnet_b0,B,2412,MR048297,image_level_seed11,3,1,glioma,0.0064449108248367,0.9908706701624128,0.0026844190127503,1,glioma,0.9908706701624128,919d6f0fb3ca462983d6df6ec06846e41abd9645
efficientnet_b0,B,2413,MR048297,image_level_seed11,5,1,glioma,0.1988223578766931,0.7877599601134172,0.0134176820098896,1,glioma,0.7877599601134172,919d6f0fb3ca462983d6df6ec06846e41abd9645
efficientnet_b0,B,2414,MR048297,image_level_seed11,4,1,glioma,0.0003255326697073,0.9990216921062068,0.0006527752240859,1,glioma,0.9990216921062068,919d6f0fb3ca462983d6df6ec06846e41abd9645
efficientnet_b0,B,2415,MR048294B,image_level_seed11,4,1,glioma,0.0006971738591625,0.9969824001253472,0.0023204260154904,1,glioma,0.9969824001253472,919d6f0fb3ca462983d6df6ec06846e41abd9645
efficientnet_b0,B,2416,MR048294B,image_level_seed11,1,1,glioma,0.0007682664648034,0.9978992762806153,0.0013324572545812,1,glioma,0.9978992762806153,919d6f0fb3ca462983d6df6ec06846e41abd9645
efficientnet_b0,B,2417,MR048294B,image_level_seed11,4,1,glioma,0.0025249071463191,0.9892711387245132,0.0082039541291674,1,glioma,0.9892711387245132,919d6f0fb3ca462983d6df6ec06846e41abd9645
efficientnet_b0,B,2418,MR048294B,image_level_seed11,5,1,glioma,0.0017552416058873,0.9958307059964489,0.002414052397664,1,glioma,0.9958307059964489,919d6f0fb3ca462983d6df6ec06846e41abd9645
efficientnet_b0,B,2419,MR048294B,image_level_seed11,1,1,glioma,0.0003475512753926,0.9993103230929972,0.00034212563161,1,glioma,0.9993103230929972,919d6f0fb3ca462983d6df6ec06846e41abd9645
efficientnet_b0,B,2420,MR048621B,image_level_seed11,1,1,glioma,0.0009865347137731,0.9974605451747678,0.0015529201114591,1,glioma,0.9974605451747678,919d6f0fb3ca462983d6df6ec06846e41abd9645
efficientnet_b0,B,2421,MR048621B,image_level_seed11,3,1,glioma,0.0021664122027442,0.994217066768864,0.0036165210283916,1,glioma,0.994217066768864,919d6f0fb3ca462983d6df6ec06846e41abd9645
efficientnet_b0,B,2422,MR048621B,image_level_seed11,2,1,glioma,1.1494730177073534e-05,0.9999600139974862,2.849127233668395e-05,1,glioma,0.9999600139974862,919d6f0fb3ca462983d6df6ec06846e41abd9645
efficientnet_b0,B,2423,MR048621B,image_level_seed11,1,1,glioma,0.0001514594383543,0.9995042283002472,0.0003443122613984,1,glioma,0.9995042283002472,919d6f0fb3ca462983d6df6ec06846e41abd9645
efficientnet_b0,B,2424,MR048621B,image_level_seed11,5,1,glioma,6.790145622288158e-05,0.9998102771331684,0.0001218214106085,1,glioma,0.9998102771331684,919d6f0fb3ca462983d6df6ec06846e41abd9645
efficientnet_b0,B,2425,MR048621B,image_level_seed11,4,1,glioma,0.000137072712409,0.9995437727738156,0.0003191545137751,1,glioma,0.9995437727738156,919d6f0fb3ca462983d6df6ec06846e41abd9645
efficientnet_b0,B,2426,MR048944,image_level_seed11,3,1,glioma,3.245272302264231e-05,0.9999514210051496,1.612627182776487e-05,1,glioma,0.9999514210051496,919d6f0fb3ca462983d6df6ec06846e41abd9645
efficientnet_b0,B,2427,MR048944,image_level_seed11,3,1,glioma,0.0001330711079557,0.9998106144931572,5.631439888685343e-05,1,glioma,0.9998106144931572,919d6f0fb3ca462983d6df6ec06846e41abd9645
efficientnet_b0,B,2428,MR048944,image_level_seed11,3,1,glioma,0.0006705838692219,0.9991378361910974,0.0001915799396806,1,glioma,0.9991378361910974,919d6f0fb3ca462983d6df6ec06846e41abd9645
efficientnet_b0,B,2429,MR048944,image_level_seed11,3,1,glioma,0.001552239583626,0.9982451731607136,0.0002025872556604,1,glioma,0.9982451731607136,919d6f0fb3ca462983d6df6ec06846e41abd9645
efficientnet_b0,B,2430,MR048944,image_level_seed11,2,1,glioma,4.770834797970148e-05,0.9999125060587636,3.978559325669738e-05,1,glioma,0.9999125060587636,919d6f0fb3ca462983d6df6ec06846e41abd9645
efficientnet_b0,B,2431,MR048944,image_level_seed11,3,1,glioma,3.371471384526704e-05,0.999949203899642,1.7081386512704774e-05,1,glioma,0.999949203899642,919d6f0fb3ca462983d6df6ec06846e41abd9645
efficientnet_b0,B,2432,MR048944,image_level_seed11,1,1,glioma,1.0533884989449988e-05,0.9999843292253116,5.136889698930136e-06,1,glioma,0.9999843292253116,919d6f0fb3ca462983d6df6ec06846e41abd9645
efficientnet_b0,B,2433,MR048944,image_level_seed11,2,1,glioma,1.4876812993764813e-05,0.9999520291956254,3.309399138097057e-05,1,glioma,0.9999520291956254,919d6f0fb3ca462983d6df6ec06846e41abd9645
efficientnet_b0,B,2434,MR048944,image_level_seed11,2,1,glioma,0.000912578666007,0.998179266322074,0.0009081550119188,1,glioma,0.998179266322074,919d6f0fb3ca462983d6df6ec06846e41abd9645
efficientnet_b0,B,2435,MR048994,image_level_seed11,3,1,glioma,5.408124938763758e-05,0.9999422163263376,3.7024242745428186e-06,1,glioma,0.9999422163263376,919d6f0fb3ca462983d6df6ec06846e41abd9645
efficientnet_b0,B,2436,MR048994,image_level_seed11,5,1,glioma,0.0022929392694863,0.9969980903375536,0.0007089703929599,1,glioma,0.9969980903375536,919d6f0fb3ca462983d6df6ec06846e41abd9645
efficientnet_b0,B,2437,MR048994,image_level_seed11,4,1,glioma,0.0003325741555362,0.9994798876829296,0.0001875381615341,1,glioma,0.9994798876829296,919d6f0fb3ca462983d6df6ec06846e41abd9645
efficientnet_b0,B,2438,MR048994,image_level_seed11,5,1,glioma,1.2066808061909152e-05,0.9999716414936204,1.629169831776486e-05,1,glioma,0.9999716414936204,919d6f0fb3ca462983d6df6ec06846e41abd9645
efficientnet_b0,B,2439,MR048994,image_level_seed11,4,1,glioma,0.0002315178969294,0.9996913407816984,7.714132137205077e-05,1,glioma,0.9996913407816984,919d6f0fb3ca462983d6df6ec06846e41abd9645
efficientnet_b0,B,2440,MR048994,image_level_seed11,2,1,glioma,0.0004156305095688,0.99950208810744,8.228138299108398e-05,1,glioma,0.99950208810744,919d6f0fb3ca462983d6df6ec06846e41abd9645
efficientnet_b0,B,2441,MR048994,image_level_seed11,1,1,glioma,0.0066258022082105,0.9930580409407156,0.0003161568510739,1,glioma,0.9930580409407156,919d6f0fb3ca462983d6df6ec06846e41abd9645
efficientnet_b0,B,2442,MR037458C,image_level_seed11,2,1,glioma,0.0009837873019696,0.9986781631624808,0.0003380495355495,1,glioma,0.9986781631624808,919d6f0fb3ca462983d6df6ec06846e41abd9645
efficientnet_b0,B,2443,MR040240,image_level_seed11,2,1,glioma,0.0001173991173945,0.998814213565818,0.0010683873167872,1,glioma,0.998814213565818,919d6f0fb3ca462983d6df6ec06846e41abd9645
efficientnet_b0,B,2444,MR040240,image_level_seed11,5,1,glioma,0.0002119800519855,0.9986634524773076,0.0011245674707069,1,glioma,0.9986634524773076,919d6f0fb3ca462983d6df6ec06846e41abd9645
efficientnet_b0,B,2445,MR040240,image_level_seed11,2,1,glioma,5.588129823533288e-05,0.9997133446545988,0.0002307740471658,1,glioma,0.9997133446545988,919d6f0fb3ca462983d6df6ec06846e41abd9645
efficientnet_b0,B,2446,MR040240,image_level_seed11,5,1,glioma,0.0004104228156763,0.9987938588389056,0.0007957183454178,1,glioma,0.9987938588389056,919d6f0fb3ca462983d6df6ec06846e41abd9645
efficientnet_b0,B,2447,MR040240,image_level_seed11,2,1,glioma,0.0002137027690465,0.9990314946252442,0.0007548026057092,1,glioma,0.9990314946252442,919d6f0fb3ca462983d6df6ec06846e41abd9645
efficientnet_b0,B,2448,MR040240,image_level_seed11,2,1,glioma,0.0025798413753285,0.9943344488675648,0.0030857097571065,1,glioma,0.9943344488675648,919d6f0fb3ca462983d6df6ec06846e41abd9645
efficientnet_b0,B,2449,MR040240,image_level_seed11,4,1,glioma,0.0012741687182767,0.9973729876003852,0.0013528436813382,1,glioma,0.9973729876003852,919d6f0fb3ca462983d6df6ec06846e41abd9645
efficientnet_b0,B,2450,MR040240,image_level_seed11,5,1,glioma,0.0010666127324077,0.9988485047923744,8.48824752177278e-05,1,glioma,0.9988485047923744,919d6f0fb3ca462983d6df6ec06846e41abd9645
efficientnet_b0,B,2451,MR040240,image_level_seed11,2,1,glioma,9.22231334826496e-05,0.9996469925123672,0.0002607843541502,1,glioma,0.9996469925123672,919d6f0fb3ca462983d6df6ec06846e41abd9645
efficientnet_b0,B,2452,MR040240,image_level_seed11,1,1,glioma,0.0007320348471305,0.9989531907658578,0.0003147743870118,1,glioma,0.9989531907658578,919d6f0fb3ca462983d6df6ec06846e41abd9645
efficientnet_b0,B,2453,MR040240B,image_level_seed11,4,1,glioma,0.0076561420942127,0.9611250408561706,0.0312188170496166,1,glioma,0.9611250408561706,919d6f0fb3ca462983d6df6ec06846e41abd9645
efficientnet_b0,B,2454,MR040240B,image_level_seed11,5,1,glioma,0.0001485367870517,0.9996088791934996,0.0002425840194486,1,glioma,0.9996088791934996,919d6f0fb3ca462983d6df6ec06846e41abd9645
efficientnet_b0,B,2455,MR040240B,image_level_seed11,2,1,glioma,6.015830579444801e-05,0.9996892418318888,0.0002505998623167,1,glioma,0.9996892418318888,919d6f0fb3ca462983d6df6ec06846e41abd9645
efficientnet_b0,B,2456,MR040240B,image_level_seed11,4,1,glioma,0.0003086978136439,0.999293632189454,0.0003976699969021,1,glioma,0.999293632189454,919d6f0fb3ca462983d6df6ec06846e41abd9645
efficientnet_b0,B,2457,MR040240B,image_level_seed11,2,1,glioma,0.0002693118506679,0.9987611695209314,0.0009695186284006,1,glioma,0.9987611695209314,919d6f0fb3ca462983d6df6ec06846e41abd9645
efficientnet_b0,B,2458,MR040240B,image_level_seed11,1,1,glioma,8.89404957379461e-05,0.999831711843282,7.934766097988446e-05,1,glioma,0.999831711843282,919d6f0fb3ca462983d6df6ec06846e41abd9645
efficientnet_b0,B,2459,MR040240B,image_level_seed11,5,1,glioma,0.0006863464982043,0.9984817045073616,0.000831948994434,1,glioma,0.9984817045073616,919d6f0fb3ca462983d6df6ec06846e41abd9645
efficientnet_b0,B,2460,MR040240B,image_level_seed11,4,1,glioma,0.0004569077458569,0.9984050761953244,0.0011380160588189,1,glioma,0.9984050761953244,919d6f0fb3ca462983d6df6ec06846e41abd9645
efficientnet_b0,B,2461,MR040240B,image_level_seed11,5,1,glioma,0.0012704987023891,0.9969706346264516,0.0017588666711592,1,glioma,0.9969706346264516,919d6f0fb3ca462983d6df6ec06846e41abd9645
efficientnet_b0,B,2462,MR040240B,image_level_seed11,5,1,glioma,0.000314083900855,0.999123807685432,0.000562108413713,1,glioma,0.999123807685432,919d6f0fb3ca462983d6df6ec06846e41abd9645
efficientnet_b0,B,2463,MR029209G,image_level_seed11,4,1,glioma,7.209388709139209e-05,0.9999068711167204,2.1034996188158195e-05,1,glioma,0.9999068711167204,919d6f0fb3ca462983d6df6ec06846e41abd9645
efficientnet_b0,B,2464,MR029209G,image_level_seed11,3,1,glioma,0.0004864754163269,0.9994046885889892,0.0001088359946838,1,glioma,0.9994046885889892,919d6f0fb3ca462983d6df6ec06846e41abd9645
efficientnet_b0,B,2465,MR029209G,image_level_seed11,4,1,glioma,0.000203307779014,0.9995188166853476,0.0002778755356381,1,glioma,0.9995188166853476,919d6f0fb3ca462983d6df6ec06846e41abd9645
efficientnet_b0,B,2466,MR029209G,image_level_seed11,5,1,glioma,4.4062169757410256e-05,0.9999281617935734,2.7776036669398444e-05,1,glioma,0.9999281617935734,919d6f0fb3ca462983d6df6ec06846e41abd9645
efficientnet_b0,B,2467,MR029209G,image_level_seed11,5,1,glioma,3.235575582583162e-05,0.999959493062076,8.151182098099136e-06,1,glioma,0.999959493062076,919d6f0fb3ca462983d6df6ec06846e41abd9645
efficientnet_b0,B,2468,MR029209G,image_level_seed11,4,1,glioma,6.298019746597826e-05,0.9998979082614632,3.911154107091632e-05,1,glioma,0.9998979082614632,919d6f0fb3ca462983d6df6ec06846e41abd9645
efficientnet_b0,B,2469,MR029209G,image_level_seed11,2,1,glioma,0.0080449967322615,0.9911395664351558,0.0008154368325828,1,glioma,0.9911395664351558,919d6f0fb3ca462983d6df6ec06846e41abd9645
efficientnet_b0,B,2470,MR036496B,image_level_seed11,3,1,glioma,4.3352173551213366e-05,0.9999387956914754,1.7852134973437877e-05,1,glioma,0.9999387956914754,919d6f0fb3ca462983d6df6ec06846e41abd9645
efficientnet_b0,B,2471,MR036496B,image_level_seed11,4,1,glioma,0.0002807443326053,0.9995991627953296,0.0001200928720651,1,glioma,0.9995991627953296,919d6f0fb3ca462983d6df6ec06846e41abd9645
efficientnet_b0,B,2472,MR036496B,image_level_seed11,5,1,glioma,0.0001197388258157,0.9998583711558304,2.1890018353834063e-05,1,glioma,0.9998583711558304,919d6f0fb3ca462983d6df6ec06846e41abd9645
efficientnet_b0,B,2473,MR036496B,image_level_seed11,5,1,glioma,3.1994806587354184e-05,0.9999511250325408,1.6880160871911005e-05,1,glioma,0.9999511250325408,919d6f0fb3ca462983d6df6ec06846e41abd9645
efficientnet_b0,B,2474,MR036496B,image_level_seed11,4,1,glioma,5.5214546565258835e-05,0.9999027110519454,4.207440148930501e-05,1,glioma,0.9999027110519454,919d6f0fb3ca462983d6df6ec06846e41abd9645
efficientnet_b0,B,2475,MR036496B,image_level_seed11,3,1,glioma,4.217622637309973e-05,0.9999471571031276,1.0666670499255883e-05,1,glioma,0.9999471571031276,919d6f0fb3ca462983d6df6ec06846e41abd9645
efficientnet_b0,B,2476,MR033420,image_level_seed11,2,1,glioma,0.000514065805973,0.999251590175657,0.0002343440183697,1,glioma,0.999251590175657,919d6f0fb3ca462983d6df6ec06846e41abd9645
efficientnet_b0,B,2477,MR033420,image_level_seed11,4,1,glioma,0.0031253852916981,0.994673486694513,0.0022011280137888,1,glioma,0.994673486694513,919d6f0fb3ca462983d6df6ec06846e41abd9645
efficientnet_b0,B,2478,MR033420,image_level_seed11,2,1,glioma,9.265116289005582e-05,0.9996483564403608,0.000258992396749,1,glioma,0.9996483564403608,919d6f0fb3ca462983d6df6ec06846e41abd9645
efficientnet_b0,B,2479,MR033420,image_level_seed11,1,1,glioma,0.0001397880782909,0.9997219341523548,0.0001382777693543,1,glioma,0.9997219341523548,919d6f0fb3ca462983d6df6ec06846e41abd9645
efficientnet_b0,B,2480,MR033420,image_level_seed11,4,1,glioma,0.0002530556562634,0.9992997844207387,0.0004471599229975,1,glioma,0.9992997844207387,919d6f0fb3ca462983d6df6ec06846e41abd9645
efficientnet_b0,B,2481,MR033420,image_level_seed11,1,1,glioma,1.195496629304892e-05,0.9999481869264072,3.9858107299781694e-05,1,glioma,0.9999481869264072,919d6f0fb3ca462983d6df6ec06846e41abd9645
efficientnet_b0,B,2482,MR033420,image_level_seed11,1,1,glioma,6.977906632330425e-05,0.9998856644427352,4.45564909414755e-05,1,glioma,0.9998856644427352,919d6f0fb3ca462983d6df6ec06846e41abd9645
efficientnet_b0,B,2483,MR033420,image_level_seed11,4,1,glioma,0.0003400847325334,0.9992616211427616,0.000398294124705,1,glioma,0.9992616211427616,919d6f0fb3ca462983d6df6ec06846e41abd9645
efficientnet_b0,B,2484,MR033420,image_level_seed11,1,1,glioma,2.7228959644337855e-05,0.9999166138106304,5.6157229725190074e-05,1,glioma,0.9999166138106304,919d6f0fb3ca462983d6df6ec06846e41abd9645
efficientnet_b0,B,2485,MR033420,image_level_seed11,1,1,glioma,0.0001319923374528,0.999754209943138,0.0001137977194091,1,glioma,0.999754209943138,919d6f0fb3ca462983d6df6ec06846e41abd9645
efficientnet_b0,B,2486,MR033420,image_level_seed11,4,1,glioma,0.0003090365651626,0.999151674424467,0.0005392890103703,1,glioma,0.999151674424467,919d6f0fb3ca462983d6df6ec06846e41abd9645
efficientnet_b0,B,2487,MR033389B,image_level_seed11,4,1,glioma,0.0001116190144742,0.999799412653732,8.896833179361672e-05,1,glioma,0.999799412653732,919d6f0fb3ca462983d6df6ec06846e41abd9645
efficientnet_b0,B,2488,MR033389B,image_level_seed11,3,1,glioma,3.502666356724716e-05,0.999923106445492,4.1866890940884736e-05,1,glioma,0.999923106445492,919d6f0fb3ca462983d6df6ec06846e41abd9645
efficientnet_b0,B,2489,MR033389B,image_level_seed11,1,1,glioma,2.6838120116792993e-05,0.999966312588513,6.849291370199188e-06,1,glioma,0.999966312588513,919d6f0fb3ca462983d6df6ec06846e41abd9645
efficientnet_b0,B,2490,MR033389B,image_level_seed11,2,1,glioma,0.0011007638856674,0.9977556557752982,0.0011435803390343,1,glioma,0.9977556557752982,919d6f0fb3ca462983d6df6ec06846e41abd9645
efficientnet_b0,B,2491,MR033389B,image_level_seed11,1,1,glioma,0.0001585338395249,0.9997022454248684,0.0001392207356064,1,glioma,0.9997022454248684,919d6f0fb3ca462983d6df6ec06846e41abd9645
efficientnet_b0,B,2492,MR033389B,image_level_seed11,2,1,glioma,0.0003002370982409,0.999404135372072,0.0002956275296871,1,glioma,0.999404135372072,919d6f0fb3ca462983d6df6ec06846e41abd9645
efficientnet_b0,B,2493,MR033389B,image_level_seed11,2,1,glioma,0.0011090498076179,0.9964049381133796,0.0024860120790024,1,glioma,0.9964049381133796,919d6f0fb3ca462983d6df6ec06846e41abd9645
efficientnet_b0,B,2494,MR033389B,image_level_seed11,5,1,glioma,4.603544037422805e-05,0.9998764963527416,7.746820688408233e-05,1,glioma,0.9998764963527416,919d6f0fb3ca462983d6df6ec06846e41abd9645
efficientnet_b0,B,2495,MR033389B,image_level_seed11,3,1,glioma,0.0005488890390441,0.9987985000897768,0.000652610871179,1,glioma,0.9987985000897768,919d6f0fb3ca462983d6df6ec06846e41abd9645
efficientnet_b0,B,2496,MR024780E,image_level_seed11,5,1,glioma,0.001508446709308,0.997543445365083,0.0009481079256089,1,glioma,0.997543445365083,919d6f0fb3ca462983d6df6ec06846e41abd9645
efficientnet_b0,B,2497,MR024780E,image_level_seed11,2,1,glioma,0.0014199782952294,0.9976590446126784,0.0009209770920922,1,glioma,0.9976590446126784,919d6f0fb3ca462983d6df6ec06846e41abd9645
efficientnet_b0,B,2498,MR024780E,image_level_seed11,2,1,glioma,0.0001992674108864,0.999645013526136,0.0001557190629776,1,glioma,0.999645013526136,919d6f0fb3ca462983d6df6ec06846e41abd9645
efficientnet_b0,B,2499,MR026175E,image_level_seed11,5,1,glioma,0.0003284231959554,0.9994630085603284,0.0002085682437159,1,glioma,0.9994630085603284,919d6f0fb3ca462983d6df6ec06846e41abd9645
efficientnet_b0,B,2500,MR026175E,image_level_seed11,4,1,glioma,2.7653458163368705e-05,0.9999651484486202,7.198093216505163e-06,1,glioma,0.9999651484486202,919d6f0fb3ca462983d6df6ec06846e41abd9645
efficientnet_b0,B,2501,MR026175E,image_level_seed11,4,1,glioma,4.472568042188614e-05,0.9999420239254848,1.3250394093157422e-05,1,glioma,0.9999420239254848,919d6f0fb3ca462983d6df6ec06846e41abd9645
efficientnet_b0,B,2502,MR026175E,image_level_seed11,4,1,glioma,0.0002429571279338,0.9997192609379144,3.778193415172307e-05,1,glioma,0.9997192609379144,919d6f0fb3ca462983d6df6ec06846e41abd9645
efficientnet_b0,B,2503,MR026175E,image_level_seed11,3,1,glioma,0.0008689269447138,0.9990446417721132,8.64312831730554e-05,1,glioma,0.9990446417721132,919d6f0fb3ca462983d6df6ec06846e41abd9645
efficientnet_b0,B,2504,MR026175E,image_level_seed11,5,1,glioma,9.503147464641808e-05,0.9998732313447334,3.173718062020821e-05,1,glioma,0.9998732313447334,919d6f0fb3ca462983d6df6ec06846e41abd9645
efficientnet_b0,B,2505,MR026175E,image_level_seed11,1,1,glioma,5.0390124199443594e-05,0.9999359920221272,1.3617853673172898e-05,1,glioma,0.9999359920221272,919d6f0fb3ca462983d6df6ec06846e41abd9645
efficientnet_b0,B,2506,MR026175E,image_level_seed11,2,1,glioma,0.0002382746006746,0.9997006180374336,6.110736189154956e-05,1,glioma,0.9997006180374336,919d6f0fb3ca462983d6df6ec06846e41abd9645
efficientnet_b0,B,2507,MR026175E,image_level_seed11,3,1,glioma,0.0001222223432738,0.999839459730224,3.831792650209258e-05,1,glioma,0.999839459730224,919d6f0fb3ca462983d6df6ec06846e41abd9645
efficientnet_b0,B,2508,MR026175E,image_level_seed11,5,1,glioma,2.776573240951563e-05,0.9999559890270304,1.624524056010682e-05,1,glioma,0.9999559890270304,919d6f0fb3ca462983d6df6ec06846e41abd9645
efficientnet_b0,B,2509,MR040240C,image_level_seed11,5,1,glioma,0.0001439650659844,0.9994937166415804,0.0003623182924351,1,glioma,0.9994937166415804,919d6f0fb3ca462983d6df6ec06846e41abd9645
efficientnet_b0,B,2510,MR040240C,image_level_seed11,5,1,glioma,4.205835952514521e-05,0.999891150644861,6.679099561374911e-05,1,glioma,0.999891150644861,919d6f0fb3ca462983d6df6ec06846e41abd9645
efficientnet_b0,B,2511,MR040240C,image_level_seed11,5,1,glioma,0.0002196621830883,0.9997360962707564,4.4241546155498985e-05,1,glioma,0.9997360962707564,919d6f0fb3ca462983d6df6ec06846e41abd9645
efficientnet_b0,B,2512,MR040240C,image_level_seed11,2,1,glioma,0.0032786746264613,0.9962802515496076,0.000441073823931,1,glioma,0.9962802515496076,919d6f0fb3ca462983d6df6ec06846e41abd9645
efficientnet_b0,B,2513,MR040240C,image_level_seed11,1,1,glioma,0.004111812092905,0.9953707932436234,0.0005173946634714,1,glioma,0.9953707932436234,919d6f0fb3ca462983d6df6ec06846e41abd9645
efficientnet_b0,B,2514,MR040240C,image_level_seed11,5,1,glioma,0.0039481039356454,0.9957937100509632,0.0002581860133912,1,glioma,0.9957937100509632,919d6f0fb3ca462983d6df6ec06846e41abd9645
efficientnet_b0,B,2515,MR040240C,image_level_seed11,3,1,glioma,0.000118661982783,0.9998747893691228,6.548648094182849e-06,1,glioma,0.9998747893691228,919d6f0fb3ca462983d6df6ec06846e41abd9645
efficientnet_b0,B,2516,MR040240C,image_level_seed11,3,1,glioma,8.837166884392302e-05,0.9997930488423928,0.0001185794887634,1,glioma,0.9997930488423928,919d6f0fb3ca462983d6df6ec06846e41abd9645
efficientnet_b0,B,2517,MR040240C,image_level_seed11,4,1,glioma,0.0001832363465919,0.9995842629860612,0.0002325006673468,1,glioma,0.9995842629860612,919d6f0fb3ca462983d6df6ec06846e41abd9645
efficientnet_b0,B,2518,MR040240C,image_level_seed11,2,1,glioma,0.0008488808560422,0.9980674795094308,0.0010836396345268,1,glioma,0.9980674795094308,919d6f0fb3ca462983d6df6ec06846e41abd9645
efficientnet_b0,B,2519,MR040240C,image_level_seed11,5,1,glioma,0.0002460988464006,0.999618574760152,0.0001353263934472,1,glioma,0.999618574760152,919d6f0fb3ca462983d6df6ec06846e41abd9645
efficientnet_b0,B,2520,MR040240C,image_level_seed11,2,1,glioma,0.0005170525248142,0.9990391881332832,0.0004437593419024,1,glioma,0.9990391881332832,919d6f0fb3ca462983d6df6ec06846e41abd9645
efficientnet_b0,B,2521,MR040240C,image_level_seed11,1,1,glioma,0.0006970619846679,0.9992628493172512,4.008869808088427e-05,1,glioma,0.9992628493172512,919d6f0fb3ca462983d6df6ec06846e41abd9645
efficientnet_b0,B,2522,MR040240C,image_level_seed11,2,1,glioma,0.0013113458723438,0.9976948288973704,0.0009938252302857,1,glioma,0.9976948288973704,919d6f0fb3ca462983d6df6ec06846e41abd9645
efficientnet_b0,B,2523,MR040240C,image_level_seed11,5,1,glioma,0.000623394704503,0.9989980679461832,0.0003785373493138,1,glioma,0.9989980679461832,919d6f0fb3ca462983d6df6ec06846e41abd9645
efficientnet_b0,B,2524,MR017260F,image_level_seed11,2,1,glioma,0.0332481907328758,0.9662359593391128,0.0005158499280112,1,glioma,0.9662359593391128,919d6f0fb3ca462983d6df6ec06846e41abd9645
efficientnet_b0,B,2525,MR017260F,image_level_seed11,5,1,glioma,0.000603179478728,0.9992797418884436,0.0001170786328284,1,glioma,0.9992797418884436,919d6f0fb3ca462983d6df6ec06846e41abd9645
efficientnet_b0,B,2526,MR017260F,image_level_seed11,5,1,glioma,0.0007290504811237,0.9992139423588916,5.7007159984729266e-05,1,glioma,0.9992139423588916,919d6f0fb3ca462983d6df6ec06846e41abd9645
efficientnet_b0,B,2527,MR017260F,image_level_seed11,5,1,glioma,1.8604381205933573e-05,0.9999725731526038,8.822466190234135e-06,1,glioma,0.9999725731526038,919d6f0fb3ca462983d6df6ec06846e41abd9645
efficientnet_b0,B,2528,MR017260F,image_level_seed11,3,1,glioma,6.100489438492492e-05,0.99984170655089,9.728855472503566e-05,1,glioma,0.99984170655089,919d6f0fb3ca462983d6df6ec06846e41abd9645
efficientnet_b0,B,2529,MR017260F,image_level_seed11,2,1,glioma,1.560966435957261e-05,0.9999303363093016,5.405402633880796e-05,1,glioma,0.9999303363093016,919d6f0fb3ca462983d6df6ec06846e41abd9645
efficientnet_b0,B,2530,MR029209I,image_level_seed11,2,1,glioma,0.0001767915553825,0.9996157398339598,0.0002074686106577,1,glioma,0.9996157398339598,919d6f0fb3ca462983d6df6ec06846e41abd9645
efficientnet_b0,B,2531,MR029209I,image_level_seed11,4,1,glioma,0.0002704533858683,0.9991912819934112,0.0005382646207205,1,glioma,0.9991912819934112,919d6f0fb3ca462983d6df6ec06846e41abd9645
efficientnet_b0,B,2532,MR029209I,image_level_seed11,2,1,glioma,0.0001387453244143,0.9996969478103764,0.0001643068652093,1,glioma,0.9996969478103764,919d6f0fb3ca462983d6df6ec06846e41abd9645
efficientnet_b0,B,2533,MR029209I,image_level_seed11,3,1,glioma,0.0002576441677614,0.9996092245867012,0.0001331312455372,1,glioma,0.9996092245867012,919d6f0fb3ca462983d6df6ec06846e41abd9645
efficientnet_b0,B,2534,MR029209I,image_level_seed11,4,1,glioma,0.00010355243127,0.999795410200031,0.0001010373686987,1,glioma,0.999795410200031,919d6f0fb3ca462983d6df6ec06846e41abd9645
efficientnet_b0,B,2535,MR029209I,image_level_seed11,2,1,glioma,8.672663423060432e-05,0.999803150274086,0.0001101230916834,1,glioma,0.999803150274086,919d6f0fb3ca462983d6df6ec06846e41abd9645
efficientnet_b0,B,2536,MR029209I,image_level_seed11,3,1,glioma,0.0002494701349468,0.999611292087777,0.000139237777276,1,glioma,0.999611292087777,919d6f0fb3ca462983d6df6ec06846e41abd9645
efficientnet_b0,B,2537,MR029209I,image_level_seed11,4,1,glioma,0.0005822651047193,0.9988468069602408,0.0005709279350399,1,glioma,0.9988468069602408,919d6f0fb3ca462983d6df6ec06846e41abd9645
efficientnet_b0,B,2538,MR029209I,image_level_seed11,4,1,glioma,7.41443191116105e-05,0.999883003222498,4.285245839035457e-05,1,glioma,0.999883003222498,919d6f0fb3ca462983d6df6ec06846e41abd9645
efficientnet_b0,B,2539,MR029209I,image_level_seed11,5,1,glioma,0.0016711310279767,0.9979604501297346,0.0003684188422888,1,glioma,0.9979604501297346,919d6f0fb3ca462983d6df6ec06846e41abd9645
efficientnet_b0,B,2540,MR048294,image_level_seed11,1,1,glioma,0.0043446414185791,0.9951779318094588,0.0004774267719618,1,glioma,0.9951779318094588,919d6f0fb3ca462983d6df6ec06846e41abd9645
efficientnet_b0,B,2541,MR048294,image_level_seed11,4,1,glioma,0.0004126558889585,0.9995325686632462,5.477544779511476e-05,1,glioma,0.9995325686632462,919d6f0fb3ca462983d6df6ec06846e41abd9645
efficientnet_b0,B,2542,MR048294,image_level_seed11,3,1,glioma,9.375398326924178e-05,0.9998895142943536,1.673172237714834e-05,1,glioma,0.9998895142943536,919d6f0fb3ca462983d6df6ec06846e41abd9645
efficientnet_b0,B,2543,MR048294,image_level_seed11,4,1,glioma,0.0295557057423358,0.9678518878403028,0.0025924064173615,1,glioma,0.9678518878403028,919d6f0fb3ca462983d6df6ec06846e41abd9645
efficientnet_b0,B,2544,MR048294,image_level_seed11,2,1,glioma,0.0015591909534838,0.998121028470595,0.0003197805759211,1,glioma,0.998121028470595,919d6f0fb3ca462983d6df6ec06846e41abd9645
efficientnet_b0,B,2545,MR048294,image_level_seed11,3,1,glioma,0.0003401379408281,0.9996005006152232,5.936144394854401e-05,1,glioma,0.9996005006152232,919d6f0fb3ca462983d6df6ec06846e41abd9645
efficientnet_b0,B,2546,MR051586,image_level_seed11,4,1,glioma,0.0027607121678846,0.9965486921176008,0.0006905957145145,1,glioma,0.9965486921176008,919d6f0fb3ca462983d6df6ec06846e41abd9645
efficientnet_b0,B,2547,MR051586,image_level_seed11,5,1,glioma,0.0013790776902936,0.9982786351687192,0.0003422871409868,1,glioma,0.9982786351687192,919d6f0fb3ca462983d6df6ec06846e41abd9645
efficientnet_b0,B,2548,MR051586,image_level_seed11,5,1,glioma,0.0019664321197956,0.9977597057168688,0.0002738621633356,1,glioma,0.9977597057168688,919d6f0fb3ca462983d6df6ec06846e41abd9645
efficientnet_b0,B,2549,MR051586,image_level_seed11,4,1,glioma,9.116976129946422e-05,0.9998925023610974,1.632787760292837e-05,1,glioma,0.9998925023610974,919d6f0fb3ca462983d6df6ec06846e41abd9645
efficientnet_b0,B,2550,MR051461B,image_level_seed11,2,1,glioma,0.0003034168488361,0.9996098961627732,8.668698839057681e-05,1,glioma,0.9996098961627732,919d6f0fb3ca462983d6df6ec06846e41abd9645
efficientnet_b0,B,2551,MR051461B,image_level_seed11,5,1,glioma,0.0004460541443592,0.999377478764285,0.0001764670913557,1,glioma,0.999377478764285,919d6f0fb3ca462983d6df6ec06846e41abd9645
efficientnet_b0,B,2552,MR051461B,image_level_seed11,4,1,glioma,0.0056600210850133,0.992775980216493,0.0015639986984935,1,glioma,0.992775980216493,919d6f0fb3ca462983d6df6ec06846e41abd9645
efficientnet_b0,B,2553,MR051461B,image_level_seed11,1,1,glioma,0.0028199897451278,0.9967341969578996,0.0004458132969724,1,glioma,0.9967341969578996,919d6f0fb3ca462983d6df6ec06846e41abd9645
efficientnet_b0,B,2554,MR051644,image_level_seed11,2,1,glioma,8.841607491098138e-05,0.9998333520172894,7.823190779970163e-05,1,glioma,0.9998333520172894,919d6f0fb3ca462983d6df6ec06846e41abd9645
efficientnet_b0,B,2555,MR051644,image_level_seed11,5,1,glioma,0.0002740801269287,0.9994791557590456,0.0002467641140257,1,glioma,0.9994791557590456,919d6f0fb3ca462983d6df6ec06846e41abd9645
efficientnet_b0,B,2556,MR051644,image_level_seed11,1,1,glioma,6.924291409504113e-06,0.9999901960546306,2.879653960022117e-06,1,glioma,0.9999901960546306,919d6f0fb3ca462983d6df6ec06846e41abd9645
efficientnet_b0,B,2557,MR051644,image_level_seed11,3,1,glioma,1.6346190698667434e-05,0.9999749016408586,8.752168442789765e-06,1,glioma,0.9999749016408586,919d6f0fb3ca462983d6df6ec06846e41abd9645
efficientnet_b0,B,2558,MR051644,image_level_seed11,5,1,glioma,5.5774381304581815e-06,0.9999883295512374,6.093010632194012e-06,1,glioma,0.9999883295512374,919d6f0fb3ca462983d6df6ec06846e41abd9645
efficientnet_b0,B,2559,MR051644,image_level_seed11,3,1,glioma,0.0001270308883783,0.9997506629478228,0.0001223061637988,1,glioma,0.9997506629478228,919d6f0fb3ca462983d6df6ec06846e41abd9645
efficientnet_b0,B,2560,MR051644,image_level_seed11,5,1,glioma,1.2628504436124156e-05,0.999975052785374,1.2318710190121902e-05,1,glioma,0.999975052785374,919d6f0fb3ca462983d6df6ec06846e41abd9645
efficientnet_b0,B,2561,MR051644,image_level_seed11,5,1,glioma,1.2941653400337083e-05,0.9999615933286368,2.5465017962661443e-05,1,glioma,0.9999615933286368,919d6f0fb3ca462983d6df6ec06846e41abd9645
efficientnet_b0,B,2562,MR051644,image_level_seed11,4,1,glioma,5.700312721235315e-05,0.9998731733957976,6.982347699004071e-05,1,glioma,0.9998731733957976,919d6f0fb3ca462983d6df6ec06846e41abd9645
efficientnet_b0,B,2563,MR051644,image_level_seed11,4,1,glioma,0.0001613849040157,0.9996674251665518,0.0001711899294326,1,glioma,0.9996674251665518,919d6f0fb3ca462983d6df6ec06846e41abd9645
efficientnet_b0,B,2564,MR051644,image_level_seed11,5,1,glioma,0.0002094814590294,0.9996850383105712,0.0001054802303995,1,glioma,0.9996850383105712,919d6f0fb3ca462983d6df6ec06846e41abd9645
efficientnet_b0,B,2565,MR051644,image_level_seed11,4,1,glioma,1.3173469731422764e-05,0.9999764183126966,1.0408217571831708e-05,1,glioma,0.9999764183126966,919d6f0fb3ca462983d6df6ec06846e41abd9645
efficientnet_b0,B,2566,MR051651,image_level_seed11,4,1,glioma,3.365053504139608e-05,0.999951630713724,1.4718751234563536e-05,1,glioma,0.999951630713724,919d6f0fb3ca462983d6df6ec06846e41abd9645
efficientnet_b0,B,2567,MR051651,image_level_seed11,4,1,glioma,3.189075036374294e-05,0.999957966918799,1.0142330837246505e-05,1,glioma,0.999957966918799,919d6f0fb3ca462983d6df6ec06846e41abd9645
efficientnet_b0,B,2568,MR051651,image_level_seed11,1,1,glioma,0.0001923569279986,0.999687636088764,0.0001200069832371,1,glioma,0.999687636088764,919d6f0fb3ca462983d6df6ec06846e41abd9645
efficientnet_b0,B,2569,MR051651,image_level_seed11,5,1,glioma,2.7662366105206744e-06,0.9999951927871,2.0409762893942624e-06,1,glioma,0.9999951927871,919d6f0fb3ca462983d6df6ec06846e41abd9645
efficientnet_b0,B,2570,MR051651,image_level_seed11,5,1,glioma,3.423801586422691e-05,0.9999291079286412,3.665405549466392e-05,1,glioma,0.9999291079286412,919d6f0fb3ca462983d6df6ec06846e41abd9645
efficientnet_b0,B,2571,MR051651,image_level_seed11,4,1,glioma,0.0002335241036212,0.9993877256170788,0.0003787502793,1,glioma,0.9993877256170788,919d6f0fb3ca462983d6df6ec06846e41abd9645
efficientnet_b0,B,2572,MR051651,image_level_seed11,5,1,glioma,2.5113955568306067e-05,0.9999484273097472,2.6458734684623545e-05,1,glioma,0.9999484273097472,919d6f0fb3ca462983d6df6ec06846e41abd9645
efficientnet_b0,B,2573,MR051796,image_level_seed11,1,1,glioma,0.0001743849905362,0.9993891443664754,0.0004364706429883,1,glioma,0.9993891443664754,919d6f0fb3ca462983d6df6ec06846e41abd9645
efficientnet_b0,B,2574,MR051796,image_level_seed11,5,1,glioma,0.0010699462171547,0.9962741608541464,0.0026558929286989,1,glioma,0.9962741608541464,919d6f0fb3ca462983d6df6ec06846e41abd9645
efficientnet_b0,B,2575,MR051796,image_level_seed11,5,1,glioma,0.0001258265287591,0.9996474031269654,0.0002267703442753,1,glioma,0.9996474031269654,919d6f0fb3ca462983d6df6ec06846e41abd9645
efficientnet_b0,B,2576,MR051796,image_level_seed11,2,1,glioma,0.0001490224850661,0.9992720659283776,0.0005789115865563,1,glioma,0.9992720659283776,919d6f0fb3ca462983d6df6ec06846e41abd9645
efficientnet_b0,B,2577,MR051796,image_level_seed11,2,1,glioma,0.0001501447988187,0.9992410148149046,0.0006088403862766,1,glioma,0.9992410148149046,919d6f0fb3ca462983d6df6ec06846e41abd9645
efficientnet_b0,B,2578,MR051796,image_level_seed11,4,1,glioma,0.0027905538284644,0.9910358929311488,0.0061735532403866,1,glioma,0.9910358929311488,919d6f0fb3ca462983d6df6ec06846e41abd9645
efficientnet_b0,B,2579,MR051651B,image_level_seed11,3,1,glioma,0.0002297201645022,0.9997632512362606,7.02859923701417e-06,1,glioma,0.9997632512362606,919d6f0fb3ca462983d6df6ec06846e41abd9645
efficientnet_b0,B,2580,MR051651B,image_level_seed11,3,1,glioma,0.001179904311291,0.9987999576135056,2.013807520337017e-05,1,glioma,0.9987999576135056,919d6f0fb3ca462983d6df6ec06846e41abd9645
efficientnet_b0,B,2581,MR051651B,image_level_seed11,3,1,glioma,0.0005601236138919,0.999390457300559,4.941908554904661e-05,1,glioma,0.999390457300559,919d6f0fb3ca462983d6df6ec06846e41abd9645
efficientnet_b0,B,2582,MR051651B,image_level_seed11,1,1,glioma,0.0001120669216143,0.9998495461214868,3.838695689880821e-05,1,glioma,0.9998495461214868,919d6f0fb3ca462983d6df6ec06846e41abd9645
efficientnet_b0,B,2583,MR051651B,image_level_seed11,4,1,glioma,4.677262121794199e-05,0.999760096314766,0.0001931310640159,1,glioma,0.999760096314766,919d6f0fb3ca462983d6df6ec06846e41abd9645
efficientnet_b0,B,2584,MR051651B,image_level_seed11,1,1,glioma,0.0001601781539266,0.9997411678596516,9.865398642187248e-05,1,glioma,0.9997411678596516,919d6f0fb3ca462983d6df6ec06846e41abd9645
efficientnet_b0,B,2585,MR051651B,image_level_seed11,3,1,glioma,0.0009451692073787,0.998696723378764,0.0003581074138576,1,glioma,0.998696723378764,919d6f0fb3ca462983d6df6ec06846e41abd9645
efficientnet_b0,B,2586,MR051796B,image_level_seed11,5,1,glioma,6.2338032817335e-06,0.999979264109034,1.4502087683984266e-05,1,glioma,0.999979264109034,919d6f0fb3ca462983d6df6ec06846e41abd9645
efficientnet_b0,B,2587,MR051796B,image_level_seed11,4,1,glioma,0.0007656482527977,0.9984472605403584,0.0007870912068439,1,glioma,0.9984472605403584,919d6f0fb3ca462983d6df6ec06846e41abd9645
efficientnet_b0,B,2588,MR051796B,image_level_seed11,1,1,glioma,6.971271901426371e-05,0.9997879469165424,0.0001423403644435,1,glioma,0.9997879469165424,919d6f0fb3ca462983d6df6ec06846e41abd9645
efficientnet_b0,B,2589,MR052550,image_level_seed11,1,1,glioma,0.0007072306359418,0.99828819186785,0.0010045774962081,1,glioma,0.99828819186785,919d6f0fb3ca462983d6df6ec06846e41abd9645
efficientnet_b0,B,2590,MR052550,image_level_seed11,5,1,glioma,0.0002032403964339,0.9994155519892162,0.0003812076143499,1,glioma,0.9994155519892162,919d6f0fb3ca462983d6df6ec06846e41abd9645
efficientnet_b0,B,2591,MR052550,image_level_seed11,1,1,glioma,0.000453310299639,0.9988630743159594,0.0006836153844015,1,glioma,0.9988630743159594,919d6f0fb3ca462983d6df6ec06846e41abd9645
efficientnet_b0,B,2592,MR052550,image_level_seed11,2,1,glioma,0.0004849777748533,0.9985774216814,0.0009376005437466,1,glioma,0.9985774216814,919d6f0fb3ca462983d6df6ec06846e41abd9645
efficientnet_b0,B,2593,MR052550,image_level_seed11,1,1,glioma,0.0003732768774137,0.9993319664577256,0.0002947566648605,1,glioma,0.9993319664577256,919d6f0fb3ca462983d6df6ec06846e41abd9645
efficientnet_b0,B,2594,MR052550,image_level_seed11,4,1,glioma,0.0012393773748791,0.9955890857790818,0.0031715368460392,1,glioma,0.9955890857790818,919d6f0fb3ca462983d6df6ec06846e41abd9645
efficientnet_b0,B,2595,MR051644C,image_level_seed11,2,1,glioma,0.000221007768594,0.9994488452019274,0.0003301470294785,1,glioma,0.9994488452019274,919d6f0fb3ca462983d6df6ec06846e41abd9645
efficientnet_b0,B,2596,MR051644C,image_level_seed11,1,1,glioma,0.0001110759841616,0.9998556148673204,3.330914851819529e-05,1,glioma,0.9998556148673204,919d6f0fb3ca462983d6df6ec06846e41abd9645
efficientnet_b0,B,2597,MR051644C,image_level_seed11,4,1,glioma,0.0011393061195839,0.9958468269268512,0.0030138669535647,1,glioma,0.9958468269268512,919d6f0fb3ca462983d6df6ec06846e41abd9645
efficientnet_b0,B,2598,MR051644C,image_level_seed11,4,1,glioma,0.0002982281980138,0.9978552072517708,0.0018465645502151,1,glioma,0.9978552072517708,919d6f0fb3ca462983d6df6ec06846e41abd9645
efficientnet_b0,B,2599,MR051644C,image_level_seed11,1,1,glioma,9.611963301540208e-05,0.9996334446705976,0.0002704356963869,1,glioma,0.9996334446705976,919d6f0fb3ca462983d6df6ec06846e41abd9645
efficientnet_b0,B,2600,MR051644C,image_level_seed11,5,1,glioma,0.0002555536724943,0.9996118652482776,0.000132581079228,1,glioma,0.9996118652482776,919d6f0fb3ca462983d6df6ec06846e41abd9645
efficientnet_b0,B,2601,MR051644C,image_level_seed11,4,1,glioma,0.0001161256286233,0.9994480115460684,0.000435862825308,1,glioma,0.9994480115460684,919d6f0fb3ca462983d6df6ec06846e41abd9645
efficientnet_b0,B,2602,MR051644C,image_level_seed11,2,1,glioma,0.0002099373739122,0.9986301037572738,0.0011599588688139,1,glioma,0.9986301037572738,919d6f0fb3ca462983d6df6ec06846e41abd9645
efficientnet_b0,B,2603,MR051644C,image_level_seed11,1,1,glioma,0.0001073184239675,0.999656944562447,0.0002357370135854,1,glioma,0.999656944562447,919d6f0fb3ca462983d6df6ec06846e41abd9645
efficientnet_b0,B,2604,MR051644C,image_level_seed11,2,1,glioma,3.52650826944591e-05,0.9996859304416664,0.0002788044756393,1,glioma,0.9996859304416664,919d6f0fb3ca462983d6df6ec06846e41abd9645
efficientnet_b0,B,2605,MR051644C,image_level_seed11,4,1,glioma,7.560189773801173e-05,0.9997937130733522,0.0001306850289098,1,glioma,0.9997937130733522,919d6f0fb3ca462983d6df6ec06846e41abd9645
efficientnet_b0,B,2606,MR051644C,image_level_seed11,5,1,glioma,0.0003248050545518,0.9991254505912176,0.0005497443542305,1,glioma,0.9991254505912176,919d6f0fb3ca462983d6df6ec06846e41abd9645
efficientnet_b0,B,2607,MR051644C,image_level_seed11,4,1,glioma,0.0003407123917609,0.9985663994556828,0.0010928881525561,1,glioma,0.9985663994556828,919d6f0fb3ca462983d6df6ec06846e41abd9645
efficientnet_b0,B,2608,MR049942B,image_level_seed11,1,1,glioma,1.665597097977898e-05,0.9998979872899328,8.535673908759791e-05,1,glioma,0.9998979872899328,919d6f0fb3ca462983d6df6ec06846e41abd9645
efficientnet_b0,B,2609,MR049942B,image_level_seed11,2,1,glioma,0.0001635348765789,0.9979718106789564,0.0018646544444646,1,glioma,0.9979718106789564,919d6f0fb3ca462983d6df6ec06846e41abd9645
efficientnet_b0,B,2610,MR049942B,image_level_seed11,2,1,glioma,0.0008044952726391,0.9135545341010772,0.0856409706262837,1,glioma,0.9135545341010772,919d6f0fb3ca462983d6df6ec06846e41abd9645
efficientnet_b0,B,2611,MR049942B,image_level_seed11,5,1,glioma,0.0003502871993496,0.9989111569727585,0.0007385558278919,1,glioma,0.9989111569727585,919d6f0fb3ca462983d6df6ec06846e41abd9645
efficientnet_b0,B,2612,MR047953C,image_level_seed11,4,1,glioma,0.004594463051082,0.9787736596244072,0.0166318773245106,1,glioma,0.9787736596244072,919d6f0fb3ca462983d6df6ec06846e41abd9645
efficientnet_b0,B,2613,MR047953C,image_level_seed11,3,1,glioma,0.004939709509943,0.984954146774172,0.0101061437158849,1,glioma,0.984954146774172,919d6f0fb3ca462983d6df6ec06846e41abd9645
efficientnet_b0,B,2614,MR047953C,image_level_seed11,2,1,glioma,0.0013838679348578,0.996679604023138,0.0019365280420042,1,glioma,0.996679604023138,919d6f0fb3ca462983d6df6ec06846e41abd9645
efficientnet_b0,B,2615,MR047953C,image_level_seed11,4,1,glioma,0.0023364277904896,0.9901572479534438,0.0075063242560666,1,glioma,0.9901572479534438,919d6f0fb3ca462983d6df6ec06846e41abd9645
efficientnet_b0,B,2616,MR047953C,image_level_seed11,3,1,glioma,0.0001166764229671,0.999708715261046,0.0001746083159867,1,glioma,0.999708715261046,919d6f0fb3ca462983d6df6ec06846e41abd9645
efficientnet_b0,B,2617,MR053110B,image_level_seed11,3,1,glioma,0.0001451651611098,0.9995980635942064,0.0002567712446838,1,glioma,0.9995980635942064,919d6f0fb3ca462983d6df6ec06846e41abd9645
efficientnet_b0,B,2618,MR053110B,image_level_seed11,1,1,glioma,0.0007100815447722,0.9989061680420812,0.0003837504131466,1,glioma,0.9989061680420812,919d6f0fb3ca462983d6df6ec06846e41abd9645
efficientnet_b0,B,2619,MR053110B,image_level_seed11,4,1,glioma,0.0001098354312683,0.9997403230488088,0.0001498415199227,1,glioma,0.9997403230488088,919d6f0fb3ca462983d6df6ec06846e41abd9645
efficientnet_b0,B,2620,MR053110B,image_level_seed11,4,1,glioma,0.0003352213002118,0.9990497775539834,0.0006150011458048,1,glioma,0.9990497775539834,919d6f0fb3ca462983d6df6ec06846e41abd9645
efficientnet_b0,B,2621,MR053110B,image_level_seed11,5,1,glioma,0.0007106738082209,0.998847563621403,0.000441762570376,1,glioma,0.998847563621403,919d6f0fb3ca462983d6df6ec06846e41abd9645
efficientnet_b0,B,2622,MR053110B,image_level_seed11,5,1,glioma,0.000130355579425,0.9998151783014178,5.4466119157194016e-05,1,glioma,0.9998151783014178,919d6f0fb3ca462983d6df6ec06846e41abd9645
efficientnet_b0,B,2623,MR053110B,image_level_seed11,2,1,glioma,8.315997680995072e-05,0.9998169336645316,9.990635865844966e-05,1,glioma,0.9998169336645316,919d6f0fb3ca462983d6df6ec06846e41abd9645
efficientnet_b0,B,2624,MR034694,image_level_seed11,2,1,glioma,0.0001418153045708,0.9997644918374072,9.369285802165676e-05,1,glioma,0.9997644918374072,919d6f0fb3ca462983d6df6ec06846e41abd9645
efficientnet_b0,B,2625,MR034694,image_level_seed11,2,1,glioma,0.0001084986094947,0.999824550968816,6.695042168913755e-05,1,glioma,0.999824550968816,919d6f0fb3ca462983d6df6ec06846e41abd9645
efficientnet_b0,B,2626,MR034694,image_level_seed11,4,1,glioma,0.0004669594759051,0.9988417703851236,0.0006912701389712,1,glioma,0.9988417703851236,919d6f0fb3ca462983d6df6ec06846e41abd9645
efficientnet_b0,B,2627,MR034694,image_level_seed11,4,1,glioma,0.0001359189335823,0.9997227506359212,0.0001413304304965,1,glioma,0.9997227506359212,919d6f0fb3ca462983d6df6ec06846e41abd9645
efficientnet_b0,B,2628,MR034694,image_level_seed11,4,1,glioma,0.0001237561730402,0.9997135768916672,0.0001626669352926,1,glioma,0.9997135768916672,919d6f0fb3ca462983d6df6ec06846e41abd9645
efficientnet_b0,B,2629,MR034694,image_level_seed11,1,1,glioma,2.78458162349992e-05,0.9999564863176268,1.5667866138318234e-05,1,glioma,0.9999564863176268,919d6f0fb3ca462983d6df6ec06846e41abd9645
efficientnet_b0,B,2630,MR034694,image_level_seed11,3,1,glioma,9.807519001597209e-05,0.9997969036103892,0.0001050211995948,1,glioma,0.9997969036103892,919d6f0fb3ca462983d6df6ec06846e41abd9645
efficientnet_b0,B,2631,MR054683,image_level_seed11,5,1,glioma,9.52395351847228e-05,0.9997919229459452,0.0001128375188702,1,glioma,0.9997919229459452,919d6f0fb3ca462983d6df6ec06846e41abd9645
efficientnet_b0,B,2632,MR054683,image_level_seed11,2,1,glioma,0.0004729993099338,0.9981758824492996,0.0013511182407666,1,glioma,0.9981758824492996,919d6f0fb3ca462983d6df6ec06846e41abd9645
efficientnet_b0,B,2633,MR054683,image_level_seed11,2,1,glioma,0.0014548651320668,0.9556189763550184,0.0429261585129147,1,glioma,0.9556189763550184,919d6f0fb3ca462983d6df6ec06846e41abd9645
efficientnet_b0,B,2634,MR050687C,image_level_seed11,5,1,glioma,0.0003323911111742,0.9974564052592196,0.0022112036296061,1,glioma,0.9974564052592196,919d6f0fb3ca462983d6df6ec06846e41abd9645
efficientnet_b0,B,2635,MR050687C,image_level_seed11,2,1,glioma,0.0004140671819322,0.9962263294436184,0.0033596033744493,1,glioma,0.9962263294436184,919d6f0fb3ca462983d6df6ec06846e41abd9645
efficientnet_b0,B,2636,MR050687C,image_level_seed11,2,1,glioma,0.0004850917527304,0.9983185714189984,0.0011963368282712,1,glioma,0.9983185714189984,919d6f0fb3ca462983d6df6ec06846e41abd9645
efficientnet_b0,B,2637,MR050687C,image_level_seed11,2,1,glioma,0.0007131220657678,0.9980233224749936,0.0012635554592385,1,glioma,0.9980233224749936,919d6f0fb3ca462983d6df6ec06846e41abd9645
efficientnet_b0,B,2638,MR050687C,image_level_seed11,5,1,glioma,0.0001588129837765,0.9995813580052468,0.0002598290109765,1,glioma,0.9995813580052468,919d6f0fb3ca462983d6df6ec06846e41abd9645
efficientnet_b0,B,2639,MR050687C,image_level_seed11,2,1,glioma,0.0023470850655508,0.9915648123353424,0.0060881025991066,1,glioma,0.9915648123353424,919d6f0fb3ca462983d6df6ec06846e41abd9645
efficientnet_b0,B,2640,MR050687C,image_level_seed11,1,1,glioma,0.0001877314867366,0.999485012108394,0.0003272564048693,1,glioma,0.999485012108394,919d6f0fb3ca462983d6df6ec06846e41abd9645
efficientnet_b0,B,2641,MR049242C,image_level_seed11,3,1,glioma,0.0006707462592451,0.9987871478107868,0.0005421059299679,1,glioma,0.9987871478107868,919d6f0fb3ca462983d6df6ec06846e41abd9645
efficientnet_b0,B,2642,MR049242C,image_level_seed11,4,1,glioma,0.0017850246653937,0.9955698531220424,0.0026451222125638,1,glioma,0.9955698531220424,919d6f0fb3ca462983d6df6ec06846e41abd9645
efficientnet_b0,B,2643,MR049242C,image_level_seed11,4,1,glioma,0.0014998374409477,0.9957548748763446,0.0027452876827076,1,glioma,0.9957548748763446,919d6f0fb3ca462983d6df6ec06846e41abd9645
efficientnet_b0,B,2644,MR049242C,image_level_seed11,2,1,glioma,0.00201650381171,0.9955480248932004,0.0024354712950895,1,glioma,0.9955480248932004,919d6f0fb3ca462983d6df6ec06846e41abd9645
efficientnet_b0,B,2645,MR049242C,image_level_seed11,5,1,glioma,0.0010157683305427,0.9980819893036678,0.0009022423657893,1,glioma,0.9980819893036678,919d6f0fb3ca462983d6df6ec06846e41abd9645
efficientnet_b0,B,2646,MR053241C,image_level_seed11,4,1,glioma,0.0007529633025869,0.9988578342596084,0.0003892024378044,1,glioma,0.9988578342596084,919d6f0fb3ca462983d6df6ec06846e41abd9645
efficientnet_b0,B,2647,MR053241C,image_level_seed11,4,1,glioma,0.0014913294248491,0.997273901081345,0.0012347694938058,1,glioma,0.997273901081345,919d6f0fb3ca462983d6df6ec06846e41abd9645
efficientnet_b0,B,2648,MR053241C,image_level_seed11,3,1,glioma,3.308678626735466e-05,0.9999076222449026,5.9290968830046824e-05,1,glioma,0.9999076222449026,919d6f0fb3ca462983d6df6ec06846e41abd9645
efficientnet_b0,B,2649,MR053241C,image_level_seed11,2,1,glioma,0.0010860374368045,0.997890124057952,0.0010238385052435,1,glioma,0.997890124057952,919d6f0fb3ca462983d6df6ec06846e41abd9645
efficientnet_b0,B,2650,MR034997,image_level_seed11,5,1,glioma,0.0003364365117946,0.9995482684404612,0.0001152950477441,1,glioma,0.9995482684404612,919d6f0fb3ca462983d6df6ec06846e41abd9645
efficientnet_b0,B,2651,MR034997,image_level_seed11,5,1,glioma,8.813651087966518e-05,0.9998574190751932,5.444441392738045e-05,1,glioma,0.9998574190751932,919d6f0fb3ca462983d6df6ec06846e41abd9645
efficientnet_b0,B,2652,MR034997,image_level_seed11,3,1,glioma,2.9694187014194496e-05,0.9999221401982252,4.816561476045487e-05,1,glioma,0.9999221401982252,919d6f0fb3ca462983d6df6ec06846e41abd9645
efficientnet_b0,B,2653,MR034997,image_level_seed11,5,1,glioma,2.6104534332767688e-05,0.9999393842024612,3.451126320612517e-05,1,glioma,0.9999393842024612,919d6f0fb3ca462983d6df6ec06846e41abd9645
efficientnet_b0,B,2654,MR034997,image_level_seed11,5,1,glioma,0.0001311077363841,0.9997543349834438,0.000114557280172,1,glioma,0.9997543349834438,919d6f0fb3ca462983d6df6ec06846e41abd9645
efficientnet_b0,B,2655,MR034997,image_level_seed11,4,1,glioma,0.0003636979500998,0.999470839103862,0.0001654629460381,1,glioma,0.999470839103862,919d6f0fb3ca462983d6df6ec06846e41abd9645
efficientnet_b0,B,2656,MR034997,image_level_seed11,1,1,glioma,8.565408329118964e-05,0.9998592881844456,5.505773226299719e-05,1,glioma,0.9998592881844456,919d6f0fb3ca462983d6df6ec06846e41abd9645
efficientnet_b0,B,2657,MR029209E,image_level_seed11,3,1,glioma,1.317683687826922e-05,0.9999818850549732,4.938108148434656e-06,1,glioma,0.9999818850549732,919d6f0fb3ca462983d6df6ec06846e41abd9645
efficientnet_b0,B,2658,MR029209E,image_level_seed11,3,1,glioma,4.577913454331277e-05,0.9998659220520096,8.829881344695163e-05,1,glioma,0.9998659220520096,919d6f0fb3ca462983d6df6ec06846e41abd9645
efficientnet_b0,B,2659,MR029209E,image_level_seed11,2,1,glioma,0.0007397147655155,0.998122333469978,0.0011379517645064,1,glioma,0.998122333469978,919d6f0fb3ca462983d6df6ec06846e41abd9645
efficientnet_b0,B,2660,MR029209E,image_level_seed11,2,1,glioma,6.0400045820911285e-05,0.9999027283768014,3.687157737776901e-05,1,glioma,0.9999027283768014,919d6f0fb3ca462983d6df6ec06846e41abd9645
efficientnet_b0,B,2661,MR029209E,image_level_seed11,2,1,glioma,7.1724436802766e-05,0.9998700934369448,5.818212625240983e-05,1,glioma,0.9998700934369448,919d6f0fb3ca462983d6df6ec06846e41abd9645
efficientnet_b0,B,2662,MR029209E,image_level_seed11,3,1,glioma,0.0001493116861404,0.9997769881246024,7.370018925738323e-05,1,glioma,0.9997769881246024,919d6f0fb3ca462983d6df6ec06846e41abd9645
efficientnet_b0,B,2663,MR029209E,image_level_seed11,3,1,glioma,0.0002043388024437,0.9997546672978253,4.099389973111337e-05,1,glioma,0.9997546672978253,919d6f0fb3ca462983d6df6ec06846e41abd9645
efficientnet_b0,B,2664,MR053110E,image_level_seed11,4,1,glioma,0.0021697035001152,0.9956088269690772,0.0022214695308073,1,glioma,0.9956088269690772,919d6f0fb3ca462983d6df6ec06846e41abd9645
efficientnet_b0,B,2665,MR053110E,image_level_seed11,4,1,glioma,0.0038207228940322,0.9838935645768432,0.0122857125291245,1,glioma,0.9838935645768432,919d6f0fb3ca462983d6df6ec06846e41abd9645
efficientnet_b0,B,2666,MR053110E,image_level_seed11,2,1,glioma,0.0002179805465897,0.9990657608934874,0.0007162585599227,1,glioma,0.9990657608934874,919d6f0fb3ca462983d6df6ec06846e41abd9645
efficientnet_b0,B,2667,MR053110E,image_level_seed11,2,1,glioma,0.0040231967539618,0.9833478344386808,0.0126289688073573,1,glioma,0.9833478344386808,919d6f0fb3ca462983d6df6ec06846e41abd9645
efficientnet_b0,B,2668,MR053110E,image_level_seed11,2,1,glioma,0.0006388561371667,0.9980248661432316,0.0013362777196018,1,glioma,0.9980248661432316,919d6f0fb3ca462983d6df6ec06846e41abd9645
efficientnet_b0,B,2669,MR053110E,image_level_seed11,2,1,glioma,0.0001288881682116,0.9991493834897076,0.0007217283420805,1,glioma,0.9991493834897076,919d6f0fb3ca462983d6df6ec06846e41abd9645
efficientnet_b0,B,2670,MR053110E,image_level_seed11,3,1,glioma,0.0004728161778616,0.998906942837156,0.0006202409849826,1,glioma,0.998906942837156,919d6f0fb3ca462983d6df6ec06846e41abd9645
efficientnet_b0,B,2671,MR053110E,image_level_seed11,4,1,glioma,0.000109682190832,0.9997146037014556,0.0001757141077124,1,glioma,0.9997146037014556,919d6f0fb3ca462983d6df6ec06846e41abd9645
efficientnet_b0,B,2672,MR053110E,image_level_seed11,4,1,glioma,0.0001121395092214,0.9996671620682304,0.0002206984225481,1,glioma,0.9996671620682304,919d6f0fb3ca462983d6df6ec06846e41abd9645
efficientnet_b0,B,2673,MR053110E,image_level_seed11,3,1,glioma,0.0015446826124339,0.9978806122315969,0.0005747051559694,1,glioma,0.9978806122315969,919d6f0fb3ca462983d6df6ec06846e41abd9645
efficientnet_b0,B,2674,MR053110E,image_level_seed11,4,1,glioma,4.539750641236387e-05,0.9998424442309506,0.000112158262637,1,glioma,0.9998424442309506,919d6f0fb3ca462983d6df6ec06846e41abd9645
efficientnet_b0,B,2675,MR049019G,image_level_seed11,1,1,glioma,0.0001200645309421,0.9997123857933464,0.0001675496757112,1,glioma,0.9997123857933464,919d6f0fb3ca462983d6df6ec06846e41abd9645
efficientnet_b0,B,2676,MR049019G,image_level_seed11,3,1,glioma,0.0005287337488015,0.9972182175478018,0.0022530487033966,1,glioma,0.9972182175478018,919d6f0fb3ca462983d6df6ec06846e41abd9645
efficientnet_b0,B,2677,MR049019G,image_level_seed11,2,1,glioma,0.0002676532139487,0.999282143468152,0.0004502033178993,1,glioma,0.999282143468152,919d6f0fb3ca462983d6df6ec06846e41abd9645
efficientnet_b0,B,2678,MR031409B,image_level_seed11,3,1,glioma,8.469453898341148e-05,0.9997643971282464,0.0001509083327702,1,glioma,0.9997643971282464,919d6f0fb3ca462983d6df6ec06846e41abd9645
efficientnet_b0,B,2679,MR031409B,image_level_seed11,2,1,glioma,0.0004280149333958,0.9986683187789234,0.0009036662876808,1,glioma,0.9986683187789234,919d6f0fb3ca462983d6df6ec06846e41abd9645
efficientnet_b0,B,2680,MR024780D,image_level_seed11,4,1,glioma,0.0001889617959458,0.9996058200769866,0.0002052181270674,1,glioma,0.9996058200769866,919d6f0fb3ca462983d6df6ec06846e41abd9645
efficientnet_b0,B,2681,MR024780D,image_level_seed11,2,1,glioma,0.0001165098342207,0.9997375940600084,0.0001458961057709,1,glioma,0.9997375940600084,919d6f0fb3ca462983d6df6ec06846e41abd9645
efficientnet_b0,B,2682,MR038469,image_level_seed11,4,1,glioma,0.0052933958592169,0.9763400514025914,0.0183665527381914,1,glioma,0.9763400514025914,919d6f0fb3ca462983d6df6ec06846e41abd9645
efficientnet_b0,B,2683,MR038469,image_level_seed11,3,1,glioma,0.0033754432390647,0.984296234341294,0.0123283224196412,1,glioma,0.984296234341294,919d6f0fb3ca462983d6df6ec06846e41abd9645
efficientnet_b0,B,2684,MR038469,image_level_seed11,3,1,glioma,0.0032392662779406,0.9777272787194324,0.0190334550026268,1,glioma,0.9777272787194324,919d6f0fb3ca462983d6df6ec06846e41abd9645
efficientnet_b0,B,2685,MR038469,image_level_seed11,2,1,glioma,0.002970788440502,0.9655750513536238,0.0314541602058743,1,glioma,0.9655750513536238,919d6f0fb3ca462983d6df6ec06846e41abd9645
efficientnet_b0,B,2686,MR038469,image_level_seed11,2,1,glioma,6.907428168784678e-05,0.999346847934251,0.0005840777840612,1,glioma,0.999346847934251,919d6f0fb3ca462983d6df6ec06846e41abd9645
efficientnet_b0,B,2687,MR038469,image_level_seed11,1,1,glioma,4.880885789926758e-05,0.9999315437918708,1.964735023012338e-05,1,glioma,0.9999315437918708,919d6f0fb3ca462983d6df6ec06846e41abd9645
efficientnet_b0,B,2688,MR032322C,image_level_seed11,1,1,glioma,0.0003644302682494,0.9973477391167274,0.0022878306150231,1,glioma,0.9973477391167274,919d6f0fb3ca462983d6df6ec06846e41abd9645
efficientnet_b0,B,2689,MR032322C,image_level_seed11,3,1,glioma,4.821951651355832e-05,0.9998864255371814,6.535494630507563e-05,1,glioma,0.9998864255371814,919d6f0fb3ca462983d6df6ec06846e41abd9645
efficientnet_b0,B,2690,MR032322C,image_level_seed11,2,1,glioma,1.6325439122376147e-05,0.9999591488844723,2.4525676405163745e-05,1,glioma,0.9999591488844723,919d6f0fb3ca462983d6df6ec06846e41abd9645
efficientnet_b0,B,2691,MR032322C,image_level_seed11,1,1,glioma,0.0001771827812779,0.9998079481019204,1.4869116801525682e-05,1,glioma,0.9998079481019204,919d6f0fb3ca462983d6df6ec06846e41abd9645
efficientnet_b0,B,2692,MR032322C,image_level_seed11,5,1,glioma,0.0008607207025836,0.9990343509576612,0.0001049283397551,1,glioma,0.9990343509576612,919d6f0fb3ca462983d6df6ec06846e41abd9645
efficientnet_b0,B,2693,MR032322C,image_level_seed11,2,1,glioma,0.0055716016708572,0.9937300795896978,0.0006983187394449,1,glioma,0.9937300795896978,919d6f0fb3ca462983d6df6ec06846e41abd9645
efficientnet_b0,B,2694,MR032322C,image_level_seed11,1,1,glioma,0.0003613086140149,0.9982963553627712,0.001342336023214,1,glioma,0.9982963553627712,919d6f0fb3ca462983d6df6ec06846e41abd9645
efficientnet_b0,B,2695,MR032322C,image_level_seed11,2,1,glioma,0.0003647393468002,0.9979737274754584,0.001661533177741,1,glioma,0.9979737274754584,919d6f0fb3ca462983d6df6ec06846e41abd9645
efficientnet_b0,B,2696,MR032322C,image_level_seed11,2,1,glioma,0.0002185171018929,0.9992781398967336,0.0005033430013736,1,glioma,0.9992781398967336,919d6f0fb3ca462983d6df6ec06846e41abd9645
efficientnet_b0,B,2697,MR032322C,image_level_seed11,5,1,glioma,6.401077158783137e-05,0.9998146763258512,0.000121312902561,1,glioma,0.9998146763258512,919d6f0fb3ca462983d6df6ec06846e41abd9645
efficientnet_b0,B,2698,MR032322C,image_level_seed11,5,1,glioma,3.206560321165288e-05,0.999863563973405,0.0001043704233833,1,glioma,0.999863563973405,919d6f0fb3ca462983d6df6ec06846e41abd9645
efficientnet_b0,B,2699,MR032322C,image_level_seed11,5,1,glioma,0.0002268357642457,0.9994419373876108,0.0003312268481433,1,glioma,0.9994419373876108,919d6f0fb3ca462983d6df6ec06846e41abd9645
efficientnet_b0,B,2700,MR032322C,image_level_seed11,5,1,glioma,0.000147581375931,0.9996213824655492,0.0002310361585196,1,glioma,0.9996213824655492,919d6f0fb3ca462983d6df6ec06846e41abd9645
efficientnet_b0,B,2701,MR032322C,image_level_seed11,4,1,glioma,0.0001258296511887,0.9996614844676472,0.000212685881164,1,glioma,0.9996614844676472,919d6f0fb3ca462983d6df6ec06846e41abd9645
efficientnet_b0,B,2702,MR037458B,image_level_seed11,3,1,glioma,0.8414969339269324,0.1559241666025985,0.0025788994704691,0,meningioma,0.8414969339269324,919d6f0fb3ca462983d6df6ec06846e41abd9645
efficientnet_b0,B,2703,MR037458B,image_level_seed11,1,1,glioma,0.0016118901487319,0.9983659214064582,2.218844480985356e-05,1,glioma,0.9983659214064582,919d6f0fb3ca462983d6df6ec06846e41abd9645
efficientnet_b0,B,2704,MR037458B,image_level_seed11,4,1,glioma,0.0011930291655999,0.99877410318338,3.286765102019918e-05,1,glioma,0.99877410318338,919d6f0fb3ca462983d6df6ec06846e41abd9645
efficientnet_b0,B,2705,MR037458B,image_level_seed11,3,1,glioma,0.028716258732337,0.970703817869181,0.0005799233984818,1,glioma,0.970703817869181,919d6f0fb3ca462983d6df6ec06846e41abd9645
efficientnet_b0,B,2706,MR037458B,image_level_seed11,2,1,glioma,0.0069803860429139,0.9929016850306872,0.0001179289263987,1,glioma,0.9929016850306872,919d6f0fb3ca462983d6df6ec06846e41abd9645
efficientnet_b0,B,2707,MR037458B,image_level_seed11,1,1,glioma,0.0035640946771651,0.9963246603109664,0.0001112450118684,1,glioma,0.9963246603109664,919d6f0fb3ca462983d6df6ec06846e41abd9645
efficientnet_b0,B,2708,MR037458B,image_level_seed11,2,1,glioma,0.0141220086853344,0.9850694370378166,0.000808554276849,1,glioma,0.9850694370378166,919d6f0fb3ca462983d6df6ec06846e41abd9645
efficientnet_b0,B,2709,MR037458B,image_level_seed11,5,1,glioma,0.006248650387842,0.993628172176148,0.0001231774360099,1,glioma,0.993628172176148,919d6f0fb3ca462983d6df6ec06846e41abd9645
efficientnet_b0,B,2710,MR039473,image_level_seed11,2,1,glioma,0.0001383493615006,0.9990280940198604,0.0008335566186388,1,glioma,0.9990280940198604,919d6f0fb3ca462983d6df6ec06846e41abd9645
efficientnet_b0,B,2711,MR039473,image_level_seed11,1,1,glioma,0.0004496383986986,0.9992439399193972,0.0003064216819042,1,glioma,0.9992439399193972,919d6f0fb3ca462983d6df6ec06846e41abd9645
efficientnet_b0,B,2712,MR039473,image_level_seed11,1,1,glioma,7.436683607226463e-05,0.9998786676448768,4.6965519050951635e-05,1,glioma,0.9998786676448768,919d6f0fb3ca462983d6df6ec06846e41abd9645
efficientnet_b0,B,2713,MR039473,image_level_seed11,4,1,glioma,0.0019753656818706,0.9971394246691327,0.0008852096489966,1,glioma,0.9971394246691327,919d6f0fb3ca462983d6df6ec06846e41abd9645
efficientnet_b0,B,2714,MR039473B,image_level_seed11,2,1,glioma,0.0010359739505201,0.9874504950620936,0.0115135309873863,1,glioma,0.9874504950620936,919d6f0fb3ca462983d6df6ec06846e41abd9645
efficientnet_b0,B,2715,MR039473B,image_level_seed11,5,1,glioma,4.16926101307724e-05,0.9996756248758836,0.0002826825139855,1,glioma,0.9996756248758836,919d6f0fb3ca462983d6df6ec06846e41abd9645
efficientnet_b0,B,2716,MR039473B,image_level_seed11,5,1,glioma,0.0003032356240781,0.998558975262346,0.0011377891135758,1,glioma,0.998558975262346,919d6f0fb3ca462983d6df6ec06846e41abd9645
efficientnet_b0,B,2717,MR039473B,image_level_seed11,5,1,glioma,6.115542949382385e-05,0.9998104974715676,0.0001283470989385,1,glioma,0.9998104974715676,919d6f0fb3ca462983d6df6ec06846e41abd9645
efficientnet_b0,B,2718,MR039473B,image_level_seed11,4,1,glioma,0.0002900340535259,0.9982035890845168,0.0015063768619572,1,glioma,0.9982035890845168,919d6f0fb3ca462983d6df6ec06846e41abd9645
efficientnet_b0,B,2719,MR039473B,image_level_seed11,4,1,glioma,0.0003578173363358,0.9981216475365216,0.0015205351271425,1,glioma,0.9981216475365216,919d6f0fb3ca462983d6df6ec06846e41abd9645
efficientnet_b0,B,2720,MR039473B,image_level_seed11,3,1,glioma,7.15148262531245e-05,0.9997300365231157,0.0001984486506311,1,glioma,0.9997300365231157,919d6f0fb3ca462983d6df6ec06846e41abd9645
efficientnet_b0,B,2721,MR039473B,image_level_seed11,3,1,glioma,4.539848579327333e-05,0.9997145573340944,0.0002400441801121,1,glioma,0.9997145573340944,919d6f0fb3ca462983d6df6ec06846e41abd9645
efficientnet_b0,B,2722,MR039473B,image_level_seed11,3,1,glioma,0.0001112560334377,0.9995799086088484,0.0003088353577138,1,glioma,0.9995799086088484,919d6f0fb3ca462983d6df6ec06846e41abd9645
efficientnet_b0,B,2723,MR037458C,image_level_seed11,3,1,glioma,0.0011903236239953,0.9957553966931958,0.0030542796828089,1,glioma,0.9957553966931958,919d6f0fb3ca462983d6df6ec06846e41abd9645
efficientnet_b0,B,2724,MR037458C,image_level_seed11,4,1,glioma,0.0197389123523896,0.977828755528552,0.0024323321190585,1,glioma,0.977828755528552,919d6f0fb3ca462983d6df6ec06846e41abd9645
efficientnet_b0,B,2725,MR037458C,image_level_seed11,3,1,glioma,0.0008881293854888,0.9987431863663548,0.0003686842481563,1,glioma,0.9987431863663548,919d6f0fb3ca462983d6df6ec06846e41abd9645
efficientnet_b0,B,2726,MR037458C,image_level_seed11,4,1,glioma,0.0004420544548917,0.9991877802990348,0.0003701652460735,1,glioma,0.9991877802990348,919d6f0fb3ca462983d6df6ec06846e41abd9645
efficientnet_b0,B,2727,MR037458C,image_level_seed11,2,1,glioma,0.0001016295400264,0.999476450165383,0.0004219202945905,1,glioma,0.999476450165383,919d6f0fb3ca462983d6df6ec06846e41abd9645
efficientnet_b0,B,2728,MR037458C,image_level_seed11,5,1,glioma,7.178566049001286e-06,0.9999770989063712,1.5722527579748348e-05,1,glioma,0.9999770989063712,919d6f0fb3ca462983d6df6ec06846e41abd9645
efficientnet_b0,B,2729,MR037458C,image_level_seed11,3,1,glioma,0.0004464862062514,0.9953867625183624,0.0041667512753863,1,glioma,0.9953867625183624,919d6f0fb3ca462983d6df6ec06846e41abd9645
efficientnet_b0,B,2730,MR037458C,image_level_seed11,2,1,glioma,0.0011762076987048,0.9982795870745066,0.0005442052267885,1,glioma,0.9982795870745066,919d6f0fb3ca462983d6df6ec06846e41abd9645
efficientnet_b0,B,2731,MR029209E,image_level_seed11,3,1,glioma,1.1102891432468144e-05,0.9999868226423309,2.0744662368553374e-06,1,glioma,0.9999868226423309,919d6f0fb3ca462983d6df6ec06846e41abd9645
efficientnet_b0,B,2732,MR029209E,image_level_seed11,2,1,glioma,0.0001535868066322,0.9997541017945556,9.231139881210224e-05,1,glioma,0.9997541017945556,919d6f0fb3ca462983d6df6ec06846e41abd9645
efficientnet_b0,B,2733,MR029209E,image_level_seed11,5,1,glioma,0.000623739688839,0.998964359035318,0.000411901275843,1,glioma,0.998964359035318,919d6f0fb3ca462983d6df6ec06846e41abd9645
efficientnet_b0,B,2734,MR029209E,image_level_seed11,2,1,glioma,7.420229044967044e-05,0.9999052038031744,2.0593906376035336e-05,1,glioma,0.9999052038031744,919d6f0fb3ca462983d6df6ec06846e41abd9645
efficientnet_b0,B,2735,MR029209E,image_level_seed11,2,1,glioma,0.0008971909909381,0.9990021126082412,0.0001006964008206,1,glioma,0.9990021126082412,919d6f0fb3ca462983d6df6ec06846e41abd9645
efficientnet_b0,B,2736,MR029209E,image_level_seed11,4,1,glioma,2.317205455493016e-05,0.99995947213367,1.735581177497162e-05,1,glioma,0.99995947213367,919d6f0fb3ca462983d6df6ec06846e41abd9645
efficientnet_b0,B,2737,MR029209E,image_level_seed11,5,1,glioma,1.55236250834033e-05,0.9999792975999796,5.178774937071647e-06,1,glioma,0.9999792975999796,919d6f0fb3ca462983d6df6ec06846e41abd9645
efficientnet_b0,B,2738,MR053110E,image_level_seed11,4,1,glioma,0.0002176429599498,0.9995525714416692,0.000229785598381,1,glioma,0.9995525714416692,919d6f0fb3ca462983d6df6ec06846e41abd9645
efficientnet_b0,B,2739,MR053110E,image_level_seed11,2,1,glioma,0.0005073060218154,0.99875106458653,0.0007416293916545,1,glioma,0.99875106458653,919d6f0fb3ca462983d6df6ec06846e41abd9645
efficientnet_b0,B,2740,MR053110E,image_level_seed11,3,1,glioma,0.0001819453569506,0.9992581726536732,0.0005598819893761,1,glioma,0.9992581726536732,919d6f0fb3ca462983d6df6ec06846e41abd9645
efficientnet_b0,B,2741,MR053110E,image_level_seed11,3,1,glioma,0.0002388220483892,0.9996623802784104,9.87976732004979e-05,1,glioma,0.9996623802784104,919d6f0fb3ca462983d6df6ec06846e41abd9645
efficientnet_b0,B,2742,MR053110E,image_level_seed11,1,1,glioma,0.0004105380070283,0.9995673766323774,2.2085360594454364e-05,1,glioma,0.9995673766323774,919d6f0fb3ca462983d6df6ec06846e41abd9645
efficientnet_b0,B,2743,MR049019G,image_level_seed11,4,1,glioma,0.0002122247785588,0.9989326473773454,0.0008551278440957,1,glioma,0.9989326473773454,919d6f0fb3ca462983d6df6ec06846e41abd9645
efficientnet_b0,B,2744,MR049019G,image_level_seed11,1,1,glioma,5.8144220929225094e-05,0.9999171866756904,2.466910338061002e-05,1,glioma,0.9999171866756904,919d6f0fb3ca462983d6df6ec06846e41abd9645
efficientnet_b0,B,2745,MR049019G,image_level_seed11,4,1,glioma,0.0001727426514274,0.9992167232146004,0.0006105341339721,1,glioma,0.9992167232146004,919d6f0fb3ca462983d6df6ec06846e41abd9645
efficientnet_b0,B,2746,MR049019G,image_level_seed11,5,1,glioma,0.000204485354286,0.9996102500401493,0.0001852646055646,1,glioma,0.9996102500401493,919d6f0fb3ca462983d6df6ec06846e41abd9645
efficientnet_b0,B,2747,MR049019G,image_level_seed11,4,1,glioma,0.0002397950639798,0.9994073519128508,0.0003528530231694,1,glioma,0.9994073519128508,919d6f0fb3ca462983d6df6ec06846e41abd9645
efficientnet_b0,B,2748,MR031409B,image_level_seed11,5,1,glioma,0.0003402639280016,0.9996070029404114,5.273313158706068e-05,1,glioma,0.9996070029404114,919d6f0fb3ca462983d6df6ec06846e41abd9645
efficientnet_b0,B,2749,MR031409B,image_level_seed11,2,1,glioma,2.9859245129892353e-05,0.9999159181101588,5.4222644711130446e-05,1,glioma,0.9999159181101588,919d6f0fb3ca462983d6df6ec06846e41abd9645
efficientnet_b0,B,2750,MR024780D,image_level_seed11,1,1,glioma,0.0001991553815962,0.9997215871825672,7.92574358364535e-05,1,glioma,0.9997215871825672,919d6f0fb3ca462983d6df6ec06846e41abd9645
efficientnet_b0,B,2751,MR024780D,image_level_seed11,2,1,glioma,5.3463454338756165e-05,0.9999035383715408,4.299817412033012e-05,1,glioma,0.9999035383715408,919d6f0fb3ca462983d6df6ec06846e41abd9645
efficientnet_b0,B,2752,MR024780D,image_level_seed11,2,1,glioma,9.880389410892296e-06,0.999982811621408,7.307989181156903e-06,1,glioma,0.999982811621408,919d6f0fb3ca462983d6df6ec06846e41abd9645
efficientnet_b0,B,2753,MR038469,image_level_seed11,2,1,glioma,0.0021730804691716,0.978749332372529,0.0190775871582992,1,glioma,0.978749332372529,919d6f0fb3ca462983d6df6ec06846e41abd9645
efficientnet_b0,B,2754,MR038469,image_level_seed11,3,1,glioma,0.0021606957472602,0.9968991026326196,0.00094020162012,1,glioma,0.9968991026326196,919d6f0fb3ca462983d6df6ec06846e41abd9645
efficientnet_b0,B,2755,MR038469,image_level_seed11,1,1,glioma,5.8122300690331355e-05,0.9998967939624536,4.5083736856178845e-05,1,glioma,0.9998967939624536,919d6f0fb3ca462983d6df6ec06846e41abd9645
efficientnet_b0,B,2756,MR038469,image_level_seed11,3,1,glioma,0.0007368097656388,0.9987964340483028,0.0004667561860584,1,glioma,0.9987964340483028,919d6f0fb3ca462983d6df6ec06846e41abd9645
efficientnet_b0,B,2757,MR038469,image_level_seed11,3,1,glioma,0.000600846735974,0.9992755620980184,0.0001235911660076,1,glioma,0.9992755620980184,919d6f0fb3ca462983d6df6ec06846e41abd9645
efficientnet_b0,B,2758,MR032322C,image_level_seed11,4,1,glioma,0.0005263739275066,0.9990173323846808,0.0004562936878125,1,glioma,0.9990173323846808,919d6f0fb3ca462983d6df6ec06846e41abd9645
efficientnet_b0,B,2759,MR032322C,image_level_seed11,4,1,glioma,6.980494738139985e-05,0.9998519038124412,7.829124017723124e-05,1,glioma,0.9998519038124412,919d6f0fb3ca462983d6df6ec06846e41abd9645
efficientnet_b0,B,2760,MR032322C,image_level_seed11,5,1,glioma,0.000224454787944,0.9994681254224966,0.0003074197895594,1,glioma,0.9994681254224966,919d6f0fb3ca462983d6df6ec06846e41abd9645
efficientnet_b0,B,2761,MR032322C,image_level_seed11,4,1,glioma,0.0021699471416558,0.9936592970464158,0.0041707558119282,1,glioma,0.9936592970464158,919d6f0fb3ca462983d6df6ec06846e41abd9645
efficientnet_b0,B,2762,MR032322C,image_level_seed11,4,1,glioma,0.000149885518936,0.9984750743362982,0.0013750401447656,1,glioma,0.9984750743362982,919d6f0fb3ca462983d6df6ec06846e41abd9645
efficientnet_b0,B,2763,MR032322C,image_level_seed11,5,1,glioma,0.0004812597364926,0.9993712212868842,0.000147518976623,1,glioma,0.9993712212868842,919d6f0fb3ca462983d6df6ec06846e41abd9645
efficientnet_b0,B,2764,MR032322C,image_level_seed11,4,1,glioma,0.0018079516796001,0.9931348813756954,0.0050571669447044,1,glioma,0.9931348813756954,919d6f0fb3ca462983d6df6ec06846e41abd9645
efficientnet_b0,B,2765,MR032322C,image_level_seed11,3,1,glioma,6.677462192867568e-05,0.9997947608333936,0.0001384645446777,1,glioma,0.9997947608333936,919d6f0fb3ca462983d6df6ec06846e41abd9645
efficientnet_b0,B,2766,MR032322C,image_level_seed11,4,1,glioma,0.0007696147482738,0.9970149522547704,0.0022154329969558,1,glioma,0.9970149522547704,919d6f0fb3ca462983d6df6ec06846e41abd9645
efficientnet_b0,B,2767,MR032322C,image_level_seed11,3,1,glioma,4.723423996604211e-05,0.9998460095540144,0.0001067562060196,1,glioma,0.9998460095540144,919d6f0fb3ca462983d6df6ec06846e41abd9645
efficientnet_b0,B,2768,MR032322C,image_level_seed11,1,1,glioma,0.0007948001680501,0.9952846073974014,0.0039205924345483,1,glioma,0.9952846073974014,919d6f0fb3ca462983d6df6ec06846e41abd9645
efficientnet_b0,B,2769,MR037458B,image_level_seed11,2,1,glioma,0.0106141288394961,0.9891822076033115,0.0002036635571923,1,glioma,0.9891822076033115,919d6f0fb3ca462983d6df6ec06846e41abd9645
efficientnet_b0,B,2770,MR037458B,image_level_seed11,3,1,glioma,0.0116847386980367,0.9877208420446656,0.0005944192572976,1,glioma,0.9877208420446656,919d6f0fb3ca462983d6df6ec06846e41abd9645
efficientnet_b0,B,2771,MR037458B,image_level_seed11,2,1,glioma,9.854017647070795e-06,0.9999868668802212,3.2791021317653386e-06,1,glioma,0.9999868668802212,919d6f0fb3ca462983d6df6ec06846e41abd9645
efficientnet_b0,B,2772,MR037458B,image_level_seed11,5,1,glioma,0.0064667921145741,0.9934320208064776,0.0001011870789481,1,glioma,0.9934320208064776,919d6f0fb3ca462983d6df6ec06846e41abd9645
efficientnet_b0,B,2773,MR037458B,image_level_seed11,5,1,glioma,0.5563621196144812,0.4413394572043136,0.0022984231812051,0,meningioma,0.5563621196144812,919d6f0fb3ca462983d6df6ec06846e41abd9645
efficientnet_b0,B,2774,MR039473,image_level_seed11,4,1,glioma,0.0013778694749732,0.9970465716730514,0.0015755588519752,1,glioma,0.9970465716730514,919d6f0fb3ca462983d6df6ec06846e41abd9645
efficientnet_b0,B,2775,MR039473,image_level_seed11,5,1,glioma,0.0010703562481987,0.9961345165686888,0.0027951271831125,1,glioma,0.9961345165686888,919d6f0fb3ca462983d6df6ec06846e41abd9645
efficientnet_b0,B,2776,MR039473,image_level_seed11,4,1,glioma,0.0002602859171562,0.9994662937395478,0.000273420343296,1,glioma,0.9994662937395478,919d6f0fb3ca462983d6df6ec06846e41abd9645
efficientnet_b0,B,2777,MR039473,image_level_seed11,3,1,glioma,0.000141499184464,0.9997695099635668,8.899085196911177e-05,1,glioma,0.9997695099635668,919d6f0fb3ca462983d6df6ec06846e41abd9645
efficientnet_b0,B,2778,MR039473,image_level_seed11,4,1,glioma,6.957260853666274e-05,0.999823391346104,0.0001070360453593,1,glioma,0.999823391346104,919d6f0fb3ca462983d6df6ec06846e41abd9645
efficientnet_b0,B,2779,MR039473,image_level_seed11,5,1,glioma,0.0007220686786308,0.99806665814146,0.0012112731799092,1,glioma,0.99806665814146,919d6f0fb3ca462983d6df6ec06846e41abd9645
efficientnet_b0,B,2780,MR039473B,image_level_seed11,2,1,glioma,0.0002497258819726,0.9996912855455204,5.898857250708939e-05,1,glioma,0.9996912855455204,919d6f0fb3ca462983d6df6ec06846e41abd9645
efficientnet_b0,B,2781,MR039473B,image_level_seed11,1,1,glioma,0.0008023423596715,0.9988798886990636,0.0003177689412646,1,glioma,0.9988798886990636,919d6f0fb3ca462983d6df6ec06846e41abd9645
efficientnet_b0,B,2782,MR039473B,image_level_seed11,1,1,glioma,0.0001766661598573,0.999604297650039,0.0002190361901036,1,glioma,0.999604297650039,919d6f0fb3ca462983d6df6ec06846e41abd9645
efficientnet_b0,B,2783,MR039473B,image_level_seed11,1,1,glioma,0.0006871552269157,0.9989420405157412,0.000370804257343,1,glioma,0.9989420405157412,919d6f0fb3ca462983d6df6ec06846e41abd9645
efficientnet_b0,B,2784,MR039473B,image_level_seed11,3,1,glioma,0.0002519978175611,0.9982201268455846,0.0015278753368542,1,glioma,0.9982201268455846,919d6f0fb3ca462983d6df6ec06846e41abd9645
efficientnet_b0,B,2785,MR039473B,image_level_seed11,3,1,glioma,0.0001583913244264,0.999227046938682,0.0006145617368912,1,glioma,0.999227046938682,919d6f0fb3ca462983d6df6ec06846e41abd9645
efficientnet_b0,B,2786,MR039473B,image_level_seed11,1,1,glioma,0.0001605831064001,0.9996745249891904,0.0001648919044094,1,glioma,0.9996745249891904,919d6f0fb3ca462983d6df6ec06846e41abd9645
efficientnet_b0,B,2787,MR040240,image_level_seed11,5,1,glioma,7.061037160200996e-05,0.999874002129517,5.5387498880953424e-05,1,glioma,0.999874002129517,919d6f0fb3ca462983d6df6ec06846e41abd9645
efficientnet_b0,B,2788,MR040240,image_level_seed11,3,1,glioma,4.80877834969944e-05,0.9999268851725474,2.5027043955682433e-05,1,glioma,0.9999268851725474,919d6f0fb3ca462983d6df6ec06846e41abd9645
efficientnet_b0,B,2789,MR040240,image_level_seed11,5,1,glioma,0.0001953751825409,0.9997335043758622,7.11204415970101e-05,1,glioma,0.9997335043758622,919d6f0fb3ca462983d6df6ec06846e41abd9645
efficientnet_b0,B,2790,MR040240,image_level_seed11,3,1,glioma,5.258057277847604e-05,0.9999402710610844,7.148366136885899e-06,1,glioma,0.9999402710610844,919d6f0fb3ca462983d6df6ec06846e41abd9645
efficientnet_b0,B,2791,MR040240,image_level_seed11,4,1,glioma,0.0764657070963141,0.918811569550397,0.0047227233532888,1,glioma,0.918811569550397,919d6f0fb3ca462983d6df6ec06846e41abd9645
efficientnet_b0,B,2792,MR040240,image_level_seed11,2,1,glioma,0.0061524747800546,0.9927372349819829,0.0011102902379624,1,glioma,0.9927372349819829,919d6f0fb3ca462983d6df6ec06846e41abd9645
efficientnet_b0,B,2793,MR040240,image_level_seed11,2,1,glioma,0.0007054935712432,0.99897710962372,0.0003173968050365,1,glioma,0.99897710962372,919d6f0fb3ca462983d6df6ec06846e41abd9645
efficientnet_b0,B,2794,MR040240,image_level_seed11,2,1,glioma,3.006142556652784e-05,0.9998773945757838,9.254399864973247e-05,1,glioma,0.9998773945757838,919d6f0fb3ca462983d6df6ec06846e41abd9645
efficientnet_b0,B,2795,MR040240B,image_level_seed11,2,1,glioma,2.0918828395053497e-05,0.9998573703831264,0.0001217107884784,1,glioma,0.9998573703831264,919d6f0fb3ca462983d6df6ec06846e41abd9645
efficientnet_b0,B,2796,MR040240B,image_level_seed11,3,1,glioma,0.0001259414185659,0.9998371334301952,3.692515123909439e-05,1,glioma,0.9998371334301952,919d6f0fb3ca462983d6df6ec06846e41abd9645
efficientnet_b0,B,2797,MR040240B,image_level_seed11,3,1,glioma,0.0024810228922375,0.9972789482118436,0.0002400288959189,1,glioma,0.9972789482118436,919d6f0fb3ca462983d6df6ec06846e41abd9645
efficientnet_b0,B,2798,MR040240B,image_level_seed11,2,1,glioma,9.067967039860714e-05,0.9998484813181892,6.083901141197991e-05,1,glioma,0.9998484813181892,919d6f0fb3ca462983d6df6ec06846e41abd9645
efficientnet_b0,B,2799,MR040240B,image_level_seed11,5,1,glioma,5.4553203984248706e-05,0.9998821247469318,6.332204908387966e-05,1,glioma,0.9998821247469318,919d6f0fb3ca462983d6df6ec06846e41abd9645
efficientnet_b0,B,2800,MR029209G,image_level_seed11,5,1,glioma,3.0244709017380184e-05,0.9999484088780513,2.13464129314076e-05,1,glioma,0.9999484088780513,919d6f0fb3ca462983d6df6ec06846e41abd9645
efficientnet_b0,B,2801,MR029209G,image_level_seed11,5,1,glioma,0.0002265906093196,0.9997392462328444,3.416315783593346e-05,1,glioma,0.9997392462328444,919d6f0fb3ca462983d6df6ec06846e41abd9645
efficientnet_b0,B,2802,MR029209G,image_level_seed11,5,1,glioma,0.0001965529436145,0.9997445183331412,5.892872324420293e-05,1,glioma,0.9997445183331412,919d6f0fb3ca462983d6df6ec06846e41abd9645
efficientnet_b0,B,2803,MR029209G,image_level_seed11,2,1,glioma,2.021242109190387e-05,0.9999651159701528,1.4671608755157324e-05,1,glioma,0.9999651159701528,919d6f0fb3ca462983d6df6ec06846e41abd9645
efficientnet_b0,B,2804,MR029209G,image_level_seed11,1,1,glioma,2.7990984179253744e-05,0.9999582189749632,1.3790040857510114e-05,1,glioma,0.9999582189749632,919d6f0fb3ca462983d6df6ec06846e41abd9645
efficientnet_b0,B,2805,MR036496B,image_level_seed11,4,1,glioma,0.0002643848196433,0.999543486911765,0.0001921282685916,1,glioma,0.999543486911765,919d6f0fb3ca462983d6df6ec06846e41abd9645
efficientnet_b0,B,2806,MR036496B,image_level_seed11,2,1,glioma,9.339328742977016e-05,0.999878144549102,2.84621634680828e-05,1,glioma,0.999878144549102,919d6f0fb3ca462983d6df6ec06846e41abd9645
efficientnet_b0,B,2807,MR036496B,image_level_seed11,4,1,glioma,4.0621357192416097e-05,0.9999320076768742,2.7370965933224472e-05,1,glioma,0.9999320076768742,919d6f0fb3ca462983d6df6ec06846e41abd9645
efficientnet_b0,B,2808,MR036496B,image_level_seed11,2,1,glioma,9.870794007982176e-05,0.9998773334930952,2.3958566824922428e-05,1,glioma,0.9998773334930952,919d6f0fb3ca462983d6df6ec06846e41abd9645
efficientnet_b0,B,2809,MR033420,image_level_seed11,3,1,glioma,9.945188673814726e-05,0.9997782391590972,0.0001223089541647,1,glioma,0.9997782391590972,919d6f0fb3ca462983d6df6ec06846e41abd9645
efficientnet_b0,B,2810,MR033420,image_level_seed11,5,1,glioma,0.0001264318277481,0.999802731092944,7.083707930801382e-05,1,glioma,0.999802731092944,919d6f0fb3ca462983d6df6ec06846e41abd9645
efficientnet_b0,B,2811,MR033420,image_level_seed11,1,1,glioma,1.065996365810696e-05,0.9999814724774734,7.867558868539016e-06,1,glioma,0.9999814724774734,919d6f0fb3ca462983d6df6ec06846e41abd9645
efficientnet_b0,B,2812,MR033420,image_level_seed11,5,1,glioma,3.795901665860838e-05,0.99991726004155,4.478094179120116e-05,1,glioma,0.99991726004155,919d6f0fb3ca462983d6df6ec06846e41abd9645
efficientnet_b0,B,2813,MR033420,image_level_seed11,1,1,glioma,0.0002084736554485,0.9995157674845974,0.0002757588599542,1,glioma,0.9995157674845974,919d6f0fb3ca462983d6df6ec06846e41abd9645
efficientnet_b0,B,2814,MR033420,image_level_seed11,5,1,glioma,0.0002019386653552,0.9996022782629386,0.0001957830717062,1,glioma,0.9996022782629386,919d6f0fb3ca462983d6df6ec06846e41abd9645
efficientnet_b0,B,2815,MR033420,image_level_seed11,3,1,glioma,2.3553314689359504e-05,0.9999516454672542,2.48012180564133e-05,1,glioma,0.9999516454672542,919d6f0fb3ca462983d6df6ec06846e41abd9645
efficientnet_b0,B,2816,MR033420,image_level_seed11,2,1,glioma,0.0001492008967027,0.9995149793977848,0.0003358197055123,1,glioma,0.9995149793977848,919d6f0fb3ca462983d6df6ec06846e41abd9645
efficientnet_b0,B,2817,MR024780B,image_level_seed11,2,1,glioma,0.00167392428218,0.997657209337834,0.000668866379986,1,glioma,0.997657209337834,919d6f0fb3ca462983d6df6ec06846e41abd9645
efficientnet_b0,B,2818,MR024780B,image_level_seed11,5,1,glioma,7.623981675863985e-05,0.9998937178989542,3.004228428715138e-05,1,glioma,0.9998937178989542,919d6f0fb3ca462983d6df6ec06846e41abd9645
efficientnet_b0,B,2819,MR024780B,image_level_seed11,3,1,glioma,8.17378796779619e-06,0.9999847800369264,7.046175105648854e-06,1,glioma,0.9999847800369264,919d6f0fb3ca462983d6df6ec06846e41abd9645
efficientnet_b0,B,2820,MR024780B,image_level_seed11,3,1,glioma,1.9627915208222223e-05,0.9999756421001996,4.72998459206538e-06,1,glioma,0.9999756421001996,919d6f0fb3ca462983d6df6ec06846e41abd9645
efficientnet_b0,B,2821,MR033389B,image_level_seed11,2,1,glioma,1.5156682892842228e-05,0.9999511421920964,3.370112501087419e-05,1,glioma,0.9999511421920964,919d6f0fb3ca462983d6df6ec06846e41abd9645
efficientnet_b0,B,2822,MR048294,image_level_seed11,4,1,glioma,0.0039161023651484,0.9953941743452858,0.0006897232895657,1,glioma,0.9953941743452858,919d6f0fb3ca462983d6df6ec06846e41abd9645
efficientnet_b0,B,2823,MR048297,image_level_seed11,3,1,glioma,0.0014440784632419,0.99851434224264,4.15792941180377e-05,1,glioma,0.99851434224264,919d6f0fb3ca462983d6df6ec06846e41abd9645
efficientnet_b0,B,2824,MR048297,image_level_seed11,2,1,glioma,2.3407513067445782e-05,0.9999739098502772,2.682636655301583e-06,1,glioma,0.9999739098502772,919d6f0fb3ca462983d6df6ec06846e41abd9645
efficientnet_b0,B,2825,MR048297,image_level_seed11,1,1,glioma,7.549963826997548e-05,0.9999109798625508,1.352049917924982e-05,1,glioma,0.9999109798625508,919d6f0fb3ca462983d6df6ec06846e41abd9645
efficientnet_b0,B,2826,MR048297,image_level_seed11,2,1,glioma,0.002592691907154,0.997332182049494,7.512604335201462e-05,1,glioma,0.997332182049494,919d6f0fb3ca462983d6df6ec06846e41abd9645
efficientnet_b0,B,2827,MR048297,image_level_seed11,5,1,glioma,0.0016722409770516,0.99824515091085,8.260811209833893e-05,1,glioma,0.99824515091085,919d6f0fb3ca462983d6df6ec06846e41abd9645
efficientnet_b0,B,2828,MR048297,image_level_seed11,1,1,glioma,0.0005522350038617,0.999423168978944,2.459601719421524e-05,1,glioma,0.999423168978944,919d6f0fb3ca462983d6df6ec06846e41abd9645
efficientnet_b0,B,2829,MR048297,image_level_seed11,3,1,glioma,0.0013580293417879,0.9985163971936856,0.0001255734645264,1,glioma,0.9985163971936856,919d6f0fb3ca462983d6df6ec06846e41abd9645
efficientnet_b0,B,2830,MR048297,image_level_seed11,4,1,glioma,0.0002349980673139,0.9997217255857204,4.3276346965638495e-05,1,glioma,0.9997217255857204,919d6f0fb3ca462983d6df6ec06846e41abd9645
efficientnet_b0,B,2831,MR048294B,image_level_seed11,3,1,glioma,0.002952495873262,0.9969980643773289,4.943974940905536e-05,1,glioma,0.9969980643773289,919d6f0fb3ca462983d6df6ec06846e41abd9645
efficientnet_b0,B,2832,MR048294B,image_level_seed11,3,1,glioma,8.12455137307767e-05,0.999898038511485,2.0715974784194963e-05,1,glioma,0.999898038511485,919d6f0fb3ca462983d6df6ec06846e41abd9645
efficientnet_b0,B,2833,MR048294B,image_level_seed11,1,1,glioma,9.552950420877484e-05,0.9998588348019396,4.5635693851791106e-05,1,glioma,0.9998588348019396,919d6f0fb3ca462983d6df6ec06846e41abd9645
efficientnet_b0,B,2834,MR048294B,image_level_seed11,2,1,glioma,6.259384371843698e-05,0.999769584582094,0.0001678215741876,1,glioma,0.999769584582094,919d6f0fb3ca462983d6df6ec06846e41abd9645
efficientnet_b0,B,2835,MR048294B,image_level_seed11,2,1,glioma,7.533903530846434e-05,0.9996767499997004,0.0002479109649909,1,glioma,0.9996767499997004,919d6f0fb3ca462983d6df6ec06846e41abd9645
efficientnet_b0,B,2836,MR048294B,image_level_seed11,5,1,glioma,0.000163710941265,0.9991103211538572,0.0007259679048774,1,glioma,0.9991103211538572,919d6f0fb3ca462983d6df6ec06846e41abd9645
efficientnet_b0,B,2837,MR048621B,image_level_seed11,5,1,glioma,0.0001766814565785,0.9996894187827646,0.0001338997606569,1,glioma,0.9996894187827646,919d6f0fb3ca462983d6df6ec06846e41abd9645
efficientnet_b0,B,2838,MR048621B,image_level_seed11,5,1,glioma,4.8025562020234125e-05,0.999913157040474,3.881739750560255e-05,1,glioma,0.999913157040474,919d6f0fb3ca462983d6df6ec06846e41abd9645
efficientnet_b0,B,2839,MR048621B,image_level_seed11,2,1,glioma,8.202937522804218e-05,0.9998043360577212,0.0001136345670508,1,glioma,0.9998043360577212,919d6f0fb3ca462983d6df6ec06846e41abd9645
efficientnet_b0,B,2840,MR048944,image_level_seed11,4,1,glioma,0.0001834921200682,0.9997583957855128,5.811209441893923e-05,1,glioma,0.9997583957855128,919d6f0fb3ca462983d6df6ec06846e41abd9645
efficientnet_b0,B,2841,MR048944,image_level_seed11,3,1,glioma,9.263248573407725e-06,0.9999855465771494,5.1901742770484965e-06,1,glioma,0.9999855465771494,919d6f0fb3ca462983d6df6ec06846e41abd9645
efficientnet_b0,B,2842,MR048944,image_level_seed11,3,1,glioma,1.0247929533844107e-05,0.9999875243945756,2.2276758906279316e-06,1,glioma,0.9999875243945756,919d6f0fb3ca462983d6df6ec06846e41abd9645
efficientnet_b0,B,2843,MR048944,image_level_seed11,2,1,glioma,0.0003073238043692,0.9995308492801523,0.0001618269154783,1,glioma,0.9995308492801523,919d6f0fb3ca462983d6df6ec06846e41abd9645
efficientnet_b0,B,2844,MR048944,image_level_seed11,5,1,glioma,1.719959983459844e-05,0.9999747349728436,8.065427321824347e-06,1,glioma,0.9999747349728436,919d6f0fb3ca462983d6df6ec06846e41abd9645
efficientnet_b0,B,2845,MR048944,image_level_seed11,4,1,glioma,0.0005773964961157,0.998119517026102,0.0013030864777821,1,glioma,0.998119517026102,919d6f0fb3ca462983d6df6ec06846e41abd9645
efficientnet_b0,B,2846,MR048994,image_level_seed11,3,1,glioma,0.0012909935045096,0.9983609802977642,0.000348026197726,1,glioma,0.9983609802977642,919d6f0fb3ca462983d6df6ec06846e41abd9645
efficientnet_b0,B,2847,MR048994,image_level_seed11,2,1,glioma,0.0060054984271639,0.9936263057310628,0.0003681958417732,1,glioma,0.9936263057310628,919d6f0fb3ca462983d6df6ec06846e41abd9645
efficientnet_b0,B,2848,MR048994,image_level_seed11,1,1,glioma,0.0010096534527535,0.9989004783460111,8.986820123547871e-05,1,glioma,0.9989004783460111,919d6f0fb3ca462983d6df6ec06846e41abd9645
efficientnet_b0,B,2849,MR048994,image_level_seed11,4,1,glioma,0.0002510654920677,0.9996873446400728,6.158986785947864e-05,1,glioma,0.9996873446400728,919d6f0fb3ca462983d6df6ec06846e41abd9645
efficientnet_b0,B,2850,MR048994,image_level_seed11,1,1,glioma,0.0013701496725388,0.9985283843668687,0.0001014659605924,1,glioma,0.9985283843668687,919d6f0fb3ca462983d6df6ec06846e41abd9645
efficientnet_b0,B,2851,MR048994,image_level_seed11,4,1,glioma,0.0022046544970238,0.9977328756592008,6.246984377539816e-05,1,glioma,0.9977328756592008,919d6f0fb3ca462983d6df6ec06846e41abd9645
efficientnet_b0,B,2852,MR048994,image_level_seed11,4,1,glioma,0.0015234209556809,0.9984479203493252,2.8658694993911707e-05,1,glioma,0.9984479203493252,919d6f0fb3ca462983d6df6ec06846e41abd9645
efficientnet_b0,B,2853,MR048994,image_level_seed11,4,1,glioma,0.0021830625963289,0.997757955979865,5.8981423805986395e-05,1,glioma,0.997757955979865,919d6f0fb3ca462983d6df6ec06846e41abd9645
efficientnet_b0,B,2854,MR049104,image_level_seed11,2,1,glioma,0.0002637272470242,0.998385500207146,0.0013507725458298,1,glioma,0.998385500207146,919d6f0fb3ca462983d6df6ec06846e41abd9645
efficientnet_b0,B,2855,MR049104,image_level_seed11,2,1,glioma,0.0004657384023501,0.9938302364445388,0.0057040251531108,1,glioma,0.9938302364445388,919d6f0fb3ca462983d6df6ec06846e41abd9645
efficientnet_b0,B,2856,MR049104,image_level_seed11,3,1,glioma,0.0001415411897667,0.9994489460829308,0.0004095127273024,1,glioma,0.9994489460829308,919d6f0fb3ca462983d6df6ec06846e41abd9645
efficientnet_b0,B,2857,MR049104,image_level_seed11,4,1,glioma,7.985898826523947e-05,0.999752563388315,0.0001675776234197,1,glioma,0.999752563388315,919d6f0fb3ca462983d6df6ec06846e41abd9645
efficientnet_b0,B,2858,MR049142,image_level_seed11,4,1,glioma,0.1171680296777367,0.5740098710859892,0.3088220992362739,1,glioma,0.5740098710859892,919d6f0fb3ca462983d6df6ec06846e41abd9645
efficientnet_b0,B,2859,MR049142,image_level_seed11,4,1,glioma,0.00210641867671,0.9977449766723696,0.0001486046509202,1,glioma,0.9977449766723696,919d6f0fb3ca462983d6df6ec06846e41abd9645
efficientnet_b0,B,2860,MR049142,image_level_seed11,2,1,glioma,5.778459130020225e-05,0.999930088716362,1.212669233764716e-05,1,glioma,0.999930088716362,919d6f0fb3ca462983d6df6ec06846e41abd9645
efficientnet_b0,B,2861,MR048994B,image_level_seed11,4,1,glioma,0.0007435754027663,0.9988285286530496,0.0004278959441843,1,glioma,0.9988285286530496,919d6f0fb3ca462983d6df6ec06846e41abd9645
efficientnet_b0,B,2862,MR048994B,image_level_seed11,2,1,glioma,0.0004617151827648,0.998779478736282,0.0007588060809527,1,glioma,0.998779478736282,919d6f0fb3ca462983d6df6ec06846e41abd9645
efficientnet_b0,B,2863,MR048994B,image_level_seed11,3,1,glioma,0.000783906670873,0.9990689054693056,0.0001471878598213,1,glioma,0.9990689054693056,919d6f0fb3ca462983d6df6ec06846e41abd9645
efficientnet_b0,B,2864,MR048994B,image_level_seed11,1,1,glioma,3.711636974994154e-05,0.999916359730836,4.652389941402525e-05,1,glioma,0.999916359730836,919d6f0fb3ca462983d6df6ec06846e41abd9645
efficientnet_b0,B,2865,MR048994B,image_level_seed11,5,1,glioma,0.0001895984126619,0.9997178289979288,9.257258940940133e-05,1,glioma,0.9997178289979288,919d6f0fb3ca462983d6df6ec06846e41abd9645
efficientnet_b0,B,2866,MR049358,image_level_seed11,5,1,glioma,9.607915217686354e-05,0.9998921137985112,1.1807049311731216e-05,1,glioma,0.9998921137985112,919d6f0fb3ca462983d6df6ec06846e41abd9645
efficientnet_b0,B,2867,MR049358,image_level_seed11,5,1,glioma,0.0003065858625107,0.9996375167045845,5.589743290475622e-05,1,glioma,0.9996375167045845,919d6f0fb3ca462983d6df6ec06846e41abd9645
efficientnet_b0,B,2868,MR049358,image_level_seed11,4,1,glioma,0.0005290542597926,0.9983338562033248,0.0011370895368825,1,glioma,0.9983338562033248,919d6f0fb3ca462983d6df6ec06846e41abd9645
efficientnet_b0,B,2869,MR049358,image_level_seed11,5,1,glioma,0.0002303828511985,0.9991245557527484,0.0006450613960532,1,glioma,0.9991245557527484,919d6f0fb3ca462983d6df6ec06846e41abd9645
efficientnet_b0,B,2870,MR049358,image_level_seed11,5,1,glioma,4.5880699170934135e-05,0.999770831231361,0.0001832880694679,1,glioma,0.999770831231361,919d6f0fb3ca462983d6df6ec06846e41abd9645
efficientnet_b0,B,2871,MR049358,image_level_seed11,5,1,glioma,0.0001158683462585,0.9996272175252386,0.0002569141285029,1,glioma,0.9996272175252386,919d6f0fb3ca462983d6df6ec06846e41abd9645
efficientnet_b0,B,2872,MR049358,image_level_seed11,1,1,glioma,4.235082301122421e-05,0.9995648965295308,0.000392752647458,1,glioma,0.9995648965295308,919d6f0fb3ca462983d6df6ec06846e41abd9645
efficientnet_b0,B,2873,MR049104B,image_level_seed11,5,1,glioma,0.0022292025717047,0.9951515684847512,0.0026192289435438,1,glioma,0.9951515684847512,919d6f0fb3ca462983d6df6ec06846e41abd9645
efficientnet_b0,B,2874,MR049104B,image_level_seed11,1,1,glioma,0.0010636971574435,0.9964397801848572,0.0024965226576992,1,glioma,0.9964397801848572,919d6f0fb3ca462983d6df6ec06846e41abd9645
efficientnet_b0,B,2875,MR049104B,image_level_seed11,3,1,glioma,0.0002172814340907,0.9996455329610942,0.0001371856048152,1,glioma,0.9996455329610942,919d6f0fb3ca462983d6df6ec06846e41abd9645
efficientnet_b0,B,2876,MR049453,image_level_seed11,2,1,glioma,0.0004722954682338,0.9964691110839248,0.0030585934478415,1,glioma,0.9964691110839248,919d6f0fb3ca462983d6df6ec06846e41abd9645
efficientnet_b0,B,2877,MR049453,image_level_seed11,1,1,glioma,7.743152549202663e-05,0.9997509961885888,0.000171572285919,1,glioma,0.9997509961885888,919d6f0fb3ca462983d6df6ec06846e41abd9645
efficientnet_b0,B,2878,MR049453,image_level_seed11,1,1,glioma,1.3610382136764384e-05,0.999941745301781,4.464431608211942e-05,1,glioma,0.999941745301781,919d6f0fb3ca462983d6df6ec06846e41abd9645
efficientnet_b0,B,2879,MR049453,image_level_seed11,1,1,glioma,2.7839356081875847e-05,0.99992974205821,4.241858570785975e-05,1,glioma,0.99992974205821,919d6f0fb3ca462983d6df6ec06846e41abd9645
efficientnet_b0,B,2880,MR049453,image_level_seed11,1,1,glioma,3.593150892413405e-05,0.9998524853534064,0.0001115831376694,1,glioma,0.9998524853534064,919d6f0fb3ca462983d6df6ec06846e41abd9645
efficientnet_b0,B,2881,MR049453,image_level_seed11,2,1,glioma,2.2551743469047917e-05,0.9998343432689708,0.0001431049875602,1,glioma,0.9998343432689708,919d6f0fb3ca462983d6df6ec06846e41abd9645
efficientnet_b0,B,2882,MR049453,image_level_seed11,1,1,glioma,0.0002223516640642,0.9993007203086214,0.0004769280273143,1,glioma,0.9993007203086214,919d6f0fb3ca462983d6df6ec06846e41abd9645
efficientnet_b0,B,2883,MR049453,image_level_seed11,4,1,glioma,0.0004269836317035,0.9991750388531382,0.0003979775151583,1,glioma,0.9991750388531382,919d6f0fb3ca462983d6df6ec06846e41abd9645
efficientnet_b0,B,2884,MR049453,image_level_seed11,1,1,glioma,0.0001887387508347,0.9997495971201492,6.166412901593719e-05,1,glioma,0.9997495971201492,919d6f0fb3ca462983d6df6ec06846e41abd9645
efficientnet_b0,B,2885,MR024780G,image_level_seed11,4,1,glioma,2.1824121513795076e-05,0.999860419118948,0.0001177567595383,1,glioma,0.999860419118948,919d6f0fb3ca462983d6df6ec06846e41abd9645
efficientnet_b0,B,2886,MR024780G,image_level_seed11,5,1,glioma,3.765977375504676e-05,0.9999415670840198,2.0773142225197767e-05,1,glioma,0.9999415670840198,919d6f0fb3ca462983d6df6ec06846e41abd9645
efficientnet_b0,B,2887,MR024780G,image_level_seed11,2,1,glioma,2.2936403642754704e-05,0.9999649947969332,1.2068799424139488e-05,1,glioma,0.9999649947969332,919d6f0fb3ca462983d6df6ec06846e41abd9645
efficientnet_b0,B,2888,MR024780G,image_level_seed11,1,1,glioma,4.761672228407781e-05,0.9998753011050237,7.708217269224141e-05,1,glioma,0.9998753011050237,919d6f0fb3ca462983d6df6ec06846e41abd9645
efficientnet_b0,B,2889,MR024780G,image_level_seed11,5,1,glioma,0.000794949408758,0.9990867803276486,0.0001182702635932,1,glioma,0.9990867803276486,919d6f0fb3ca462983d6df6ec06846e41abd9645
efficientnet_b0,B,2890,MR024780G,image_level_seed11,4,1,glioma,7.213687152732716e-05,0.9999183186665702,9.544461902487843e-06,1,glioma,0.9999183186665702,919d6f0fb3ca462983d6df6ec06846e41abd9645
efficientnet_b0,B,2891,MR050135B,image_level_seed11,4,1,glioma,0.0002642060753858,0.9996391424204372,9.665150417693052e-05,1,glioma,0.9996391424204372,919d6f0fb3ca462983d6df6ec06846e41abd9645
efficientnet_b0,B,2892,MR050135B,image_level_seed11,2,1,glioma,0.0002144503064129,0.9997484998649738,3.70498286131252e-05,1,glioma,0.9997484998649738,919d6f0fb3ca462983d6df6ec06846e41abd9645
efficientnet_b0,B,2893,MR050135B,image_level_seed11,2,1,glioma,0.0012824356326758,0.9983316554377596,0.0003859089295646,1,glioma,0.9983316554377596,919d6f0fb3ca462983d6df6ec06846e41abd9645
efficientnet_b0,B,2894,MR050135B,image_level_seed11,3,1,glioma,0.0003768609288994,0.999601444988586,2.1694082514717067e-05,1,glioma,0.999601444988586,919d6f0fb3ca462983d6df6ec06846e41abd9645
efficientnet_b0,B,2895,MR050135B,image_level_seed11,1,1,glioma,0.0002235964616422,0.999686907534072,8.949600428576677e-05,1,glioma,0.999686907534072,919d6f0fb3ca462983d6df6ec06846e41abd9645
efficientnet_b0,B,2896,MR050135B,image_level_seed11,5,1,glioma,0.0004094177695012,0.9989392158809192,0.0006513663495796,1,glioma,0.9989392158809192,919d6f0fb3ca462983d6df6ec06846e41abd9645
efficientnet_b0,B,2897,MR050135B,image_level_seed11,1,1,glioma,0.0002922475114907,0.9995248844089412,0.0001828680795679,1,glioma,0.9995248844089412,919d6f0fb3ca462983d6df6ec06846e41abd9645
efficientnet_b0,B,2898,MR050135B,image_level_seed11,1,1,glioma,0.0014675195555831,0.9973163155471146,0.0012161648973022,1,glioma,0.9973163155471146,919d6f0fb3ca462983d6df6ec06846e41abd9645
efficientnet_b0,B,2899,MR050135B,image_level_seed11,4,1,glioma,0.0001453383325447,0.999781473659612,7.318800784328255e-05,1,glioma,0.999781473659612,919d6f0fb3ca462983d6df6ec06846e41abd9645
efficientnet_b0,B,2900,MR050687,image_level_seed11,3,1,glioma,1.4610510228435302e-05,0.999982459777104,2.929712667671211e-06,1,glioma,0.999982459777104,919d6f0fb3ca462983d6df6ec06846e41abd9645
efficientnet_b0,B,2901,MR050687,image_level_seed11,2,1,glioma,2.7050271349767542e-05,0.999950094592456,2.2855136193931008e-05,1,glioma,0.999950094592456,919d6f0fb3ca462983d6df6ec06846e41abd9645
efficientnet_b0,B,2902,MR050687,image_level_seed11,1,1,glioma,0.000197641116952,0.9997640220635556,3.833681949219518e-05,1,glioma,0.9997640220635556,919d6f0fb3ca462983d6df6ec06846e41abd9645
efficientnet_b0,B,2903,MR050687,image_level_seed11,4,1,glioma,0.0002980140755301,0.9996638647918062,3.812113266363193e-05,1,glioma,0.9996638647918062,919d6f0fb3ca462983d6df6ec06846e41abd9645
efficientnet_b0,B,2904,MR050687,image_level_seed11,5,1,glioma,1.3977183022641806e-05,0.9999802429383232,5.779878654150043e-06,1,glioma,0.9999802429383232,919d6f0fb3ca462983d6df6ec06846e41abd9645
efficientnet_b0,B,2905,MR050687,image_level_seed11,2,1,glioma,0.0028737904111134,0.99692076614952,0.0002054434393667,1,glioma,0.99692076614952,919d6f0fb3ca462983d6df6ec06846e41abd9645
efficientnet_b0,B,2906,MR050791B,image_level_seed11,1,1,glioma,0.0001768709785302,0.9997651479399232,5.798108154662849e-05,1,glioma,0.9997651479399232,919d6f0fb3ca462983d6df6ec06846e41abd9645
efficientnet_b0,B,2907,MR050791B,image_level_seed11,3,1,glioma,0.0001126746472808,0.9998816721551173,5.653197601902528e-06,1,glioma,0.9998816721551173,919d6f0fb3ca462983d6df6ec06846e41abd9645
efficientnet_b0,B,2908,MR050791B,image_level_seed11,5,1,glioma,0.0003329876802255,0.999652185455027,1.4826864747341112e-05,1,glioma,0.999652185455027,919d6f0fb3ca462983d6df6ec06846e41abd9645
efficientnet_b0,B,2909,MR050791B,image_level_seed11,3,1,glioma,0.0013890842451947,0.9984706995498812,0.0001402162049239,1,glioma,0.9984706995498812,919d6f0fb3ca462983d6df6ec06846e41abd9645
efficientnet_b0,B,2910,MR050791B,image_level_seed11,5,1,glioma,0.0006642314706269,0.9992920279556412,4.374057373194832e-05,1,glioma,0.9992920279556412,919d6f0fb3ca462983d6df6ec06846e41abd9645
efficientnet_b0,B,2911,MR050791B,image_level_seed11,1,1,glioma,0.0013247209264951,0.9986291521878344,4.612688567063234e-05,1,glioma,0.9986291521878344,919d6f0fb3ca462983d6df6ec06846e41abd9645
efficientnet_b0,B,2912,MR050791B,image_level_seed11,2,1,glioma,0.0208905995951667,0.9789186367476757,0.0001907636571576,1,glioma,0.9789186367476757,919d6f0fb3ca462983d6df6ec06846e41abd9645
efficientnet_b0,B,2913,MR050791B,image_level_seed11,4,1,glioma,0.0015832318182636,0.9982230410264528,0.0001937271552835,1,glioma,0.9982230410264528,919d6f0fb3ca462983d6df6ec06846e41abd9645
efficientnet_b0,B,2914,MR049019C,image_level_seed11,5,1,glioma,0.0024544238575951,0.9897639450132332,0.0077816311291714,1,glioma,0.9897639450132332,919d6f0fb3ca462983d6df6ec06846e41abd9645
efficientnet_b0,B,2915,MR049019C,image_level_seed11,2,1,glioma,0.0022709473796492,0.9935855876821754,0.0041434649381752,1,glioma,0.9935855876821754,919d6f0fb3ca462983d6df6ec06846e41abd9645
efficientnet_b0,B,2916,MR049019C,image_level_seed11,3,1,glioma,0.0001945453751345,0.998728580684856,0.0010768739400095,1,glioma,0.998728580684856,919d6f0fb3ca462983d6df6ec06846e41abd9645
efficientnet_b0,B,2917,MR049019C,image_level_seed11,2,1,glioma,0.0012186909406772,0.9921402190546662,0.0066410900046566,1,glioma,0.9921402190546662,919d6f0fb3ca462983d6df6ec06846e41abd9645
efficientnet_b0,B,2918,MR051461,image_level_seed11,3,1,glioma,9.465367460779384e-05,0.9998492032429483,5.614308244401708e-05,1,glioma,0.9998492032429483,919d6f0fb3ca462983d6df6ec06846e41abd9645
efficientnet_b0,B,2919,MR051461,image_level_seed11,1,1,glioma,0.0004497710188152,0.999389733528124,0.0001604954530608,1,glioma,0.999389733528124,919d6f0fb3ca462983d6df6ec06846e41abd9645
efficientnet_b0,B,2920,MR051461,image_level_seed11,3,1,glioma,0.0033710740343282,0.9960449238297934,0.0005840021358782,1,glioma,0.9960449238297934,919d6f0fb3ca462983d6df6ec06846e41abd9645
efficientnet_b0,B,2921,MR051461,image_level_seed11,2,1,glioma,0.0096675604909823,0.988831334628014,0.0015011048810036,1,glioma,0.988831334628014,919d6f0fb3ca462983d6df6ec06846e41abd9645
efficientnet_b0,B,2922,MR051461,image_level_seed11,1,1,glioma,0.0049612502681691,0.9944263516491548,0.0006123980826759,1,glioma,0.9944263516491548,919d6f0fb3ca462983d6df6ec06846e41abd9645
efficientnet_b0,B,2923,MR051461,image_level_seed11,4,1,glioma,0.0074284851422503,0.990619066009692,0.0019524488480575,1,glioma,0.990619066009692,919d6f0fb3ca462983d6df6ec06846e41abd9645
efficientnet_b0,B,2924,MR051461,image_level_seed11,3,1,glioma,0.0003453411956246,0.999601808237696,5.2850566679364793e-05,1,glioma,0.999601808237696,919d6f0fb3ca462983d6df6ec06846e41abd9645
efficientnet_b0,B,2925,MR051586,image_level_seed11,5,1,glioma,0.0030676692484607,0.9965042443541106,0.0004280863974285,1,glioma,0.9965042443541106,919d6f0fb3ca462983d6df6ec06846e41abd9645
efficientnet_b0,B,2926,MR051586,image_level_seed11,5,1,glioma,0.0089511408721705,0.9899304583313464,0.0011184007964831,1,glioma,0.9899304583313464,919d6f0fb3ca462983d6df6ec06846e41abd9645
efficientnet_b0,B,2927,MR051586,image_level_seed11,3,1,glioma,3.483177678455232e-05,0.999954317420094,1.0850803121572533e-05,1,glioma,0.999954317420094,919d6f0fb3ca462983d6df6ec06846e41abd9645
efficientnet_b0,B,2928,MR051586,image_level_seed11,3,1,glioma,0.0006360167177096,0.999279331732555,8.465154973547005e-05,1,glioma,0.999279331732555,919d6f0fb3ca462983d6df6ec06846e41abd9645
efficientnet_b0,B,2929,MR051586,image_level_seed11,4,1,glioma,0.0065656957658789,0.9917866509994712,0.0016476532346498,1,glioma,0.9917866509994712,919d6f0fb3ca462983d6df6ec06846e41abd9645
efficientnet_b0,B,2930,MR051586,image_level_seed11,2,1,glioma,0.003975635116054,0.994774292750224,0.001250072133722,1,glioma,0.994774292750224,919d6f0fb3ca462983d6df6ec06846e41abd9645
efficientnet_b0,B,2931,MR051586,image_level_seed11,3,1,glioma,0.000870956487541,0.9987842534309258,0.000344790081533,1,glioma,0.9987842534309258,919d6f0fb3ca462983d6df6ec06846e41abd9645
efficientnet_b0,B,2932,MR051586,image_level_seed11,1,1,glioma,4.519461925695436e-05,0.999919233770749,3.557160999408042e-05,1,glioma,0.999919233770749,919d6f0fb3ca462983d6df6ec06846e41abd9645
efficientnet_b0,B,2933,MR051586,image_level_seed11,5,1,glioma,0.0001893831542274,0.9995310597439642,0.0002795571018082,1,glioma,0.9995310597439642,919d6f0fb3ca462983d6df6ec06846e41abd9645
efficientnet_b0,B,2934,MR051644,image_level_seed11,2,1,glioma,0.0031934521061932,0.99627397921963,0.0005325686741764,1,glioma,0.99627397921963,919d6f0fb3ca462983d6df6ec06846e41abd9645
efficientnet_b0,B,2935,MR051644,image_level_seed11,2,1,glioma,0.0005093163486305,0.999179805359033,0.0003108782923365,1,glioma,0.999179805359033,919d6f0fb3ca462983d6df6ec06846e41abd9645
efficientnet_b0,B,2936,MR051644,image_level_seed11,2,1,glioma,0.0004972551565522,0.99901166226393,0.0004910825795175,1,glioma,0.99901166226393,919d6f0fb3ca462983d6df6ec06846e41abd9645
efficientnet_b0,B,2937,MR051644,image_level_seed11,1,1,glioma,0.0002157966235478,0.9997476638163744,3.653956007788675e-05,1,glioma,0.9997476638163744,919d6f0fb3ca462983d6df6ec06846e41abd9645
efficientnet_b0,B,2938,MR051644,image_level_seed11,4,1,glioma,0.0001419466562833,0.99983410483585,2.39485078664183e-05,1,glioma,0.99983410483585,919d6f0fb3ca462983d6df6ec06846e41abd9645
efficientnet_b0,B,2939,MR051644,image_level_seed11,1,1,glioma,9.211624870463196e-05,0.9998975290827866,1.0354668508835827e-05,1,glioma,0.9998975290827866,919d6f0fb3ca462983d6df6ec06846e41abd9645
efficientnet_b0,B,2940,MR051644,image_level_seed11,4,1,glioma,0.0017787984603353,0.9978223794096558,0.0003988221300086,1,glioma,0.9978223794096558,919d6f0fb3ca462983d6df6ec06846e41abd9645
efficientnet_b0,B,2941,MR051644,image_level_seed11,3,1,glioma,3.694667811879085e-05,0.9999559756159124,7.0777059688061395e-06,1,glioma,0.9999559756159124,919d6f0fb3ca462983d6df6ec06846e41abd9645
efficientnet_b0,B,2942,MR051644,image_level_seed11,5,1,glioma,3.906583750888799e-05,0.99995319454984,7.739612651169235e-06,1,glioma,0.99995319454984,919d6f0fb3ca462983d6df6ec06846e41abd9645
efficientnet_b0,B,2943,MR051644,image_level_seed11,2,1,glioma,3.2782329538673433e-06,0.9999949935412246,1.728225821620955e-06,1,glioma,0.9999949935412246,919d6f0fb3ca462983d6df6ec06846e41abd9645
efficientnet_b0,B,2944,MR051651,image_level_seed11,2,1,glioma,0.000418518230626,0.999446435280532,0.0001350464888421,1,glioma,0.999446435280532,919d6f0fb3ca462983d6df6ec06846e41abd9645
efficientnet_b0,B,2945,MR051651,image_level_seed11,4,1,glioma,0.0006286005968257,0.9992026079240623,0.0001687914791119,1,glioma,0.9992026079240623,919d6f0fb3ca462983d6df6ec06846e41abd9645
efficientnet_b0,B,2946,MR051651,image_level_seed11,3,1,glioma,7.091581561980307e-05,0.9999198816109028,9.202573477373803e-06,1,glioma,0.9999198816109028,919d6f0fb3ca462983d6df6ec06846e41abd9645
efficientnet_b0,B,2947,MR051651,image_level_seed11,2,1,glioma,0.0002778362854523,0.9996640755112473,5.808820330049352e-05,1,glioma,0.9996640755112473,919d6f0fb3ca462983d6df6ec06846e41abd9645
efficientnet_b0,B,2948,MR051796,image_level_seed11,5,1,glioma,0.0001799013488432,0.9996608182922124,0.0001592803589441,1,glioma,0.9996608182922124,919d6f0fb3ca462983d6df6ec06846e41abd9645
efficientnet_b0,B,2949,MR051796,image_level_seed11,2,1,glioma,0.0002356078135108,0.998313772006322,0.0014506201801672,1,glioma,0.998313772006322,919d6f0fb3ca462983d6df6ec06846e41abd9645
efficientnet_b0,B,2950,MR051796,image_level_seed11,4,1,glioma,0.0002746884806877,0.9984479792731752,0.0012773322461369,1,glioma,0.9984479792731752,919d6f0fb3ca462983d6df6ec06846e41abd9645
efficientnet_b0,B,2951,MR051796,image_level_seed11,5,1,glioma,0.0001626297985835,0.9995940120439908,0.0002433581574256,1,glioma,0.9995940120439908,919d6f0fb3ca462983d6df6ec06846e41abd9645
efficientnet_b0,B,2952,MR051796,image_level_seed11,1,1,glioma,3.095670535021162e-05,0.9999340094423508,3.5033852298724674e-05,1,glioma,0.9999340094423508,919d6f0fb3ca462983d6df6ec06846e41abd9645
efficientnet_b0,B,2953,MR051796,image_level_seed11,5,1,glioma,0.0006915613488091,0.9957036002025776,0.0036048384486135,1,glioma,0.9957036002025776,919d6f0fb3ca462983d6df6ec06846e41abd9645
efficientnet_b0,B,2954,MR051796,image_level_seed11,4,1,glioma,0.0019599926607946,0.9966056608930164,0.0014343464461889,1,glioma,0.9966056608930164,919d6f0fb3ca462983d6df6ec06846e41abd9645
efficientnet_b0,B,2955,MR051651B,image_level_seed11,4,1,glioma,0.1309477000593761,0.8441810105819164,0.0248712893587075,1,glioma,0.8441810105819164,919d6f0fb3ca462983d6df6ec06846e41abd9645
efficientnet_b0,B,2956,MR051651B,image_level_seed11,3,1,glioma,0.0034047142742517,0.9964978602877672,9.742543798080028e-05,1,glioma,0.9964978602877672,919d6f0fb3ca462983d6df6ec06846e41abd9645
efficientnet_b0,B,2957,MR051651B,image_level_seed11,3,1,glioma,5.20320035744184e-05,0.9999353293672532,1.2638629172457296e-05,1,glioma,0.9999353293672532,919d6f0fb3ca462983d6df6ec06846e41abd9645
efficientnet_b0,B,2958,MR051651B,image_level_seed11,2,1,glioma,0.0003684401853249,0.999535608232352,9.595158232308232e-05,1,glioma,0.999535608232352,919d6f0fb3ca462983d6df6ec06846e41abd9645
efficientnet_b0,B,2959,MR051651B,image_level_seed11,1,1,glioma,0.000544063536048,0.9993709322500663,8.500421388546769e-05,1,glioma,0.9993709322500663,919d6f0fb3ca462983d6df6ec06846e41abd9645
efficientnet_b0,B,2960,MR051651B,image_level_seed11,2,1,glioma,0.0002723646366327,0.9996557474869404,7.18878764268933e-05,1,glioma,0.9996557474869404,919d6f0fb3ca462983d6df6ec06846e41abd9645
efficientnet_b0,B,2961,MR051644B,image_level_seed11,5,1,glioma,0.0001678391619124,0.9989586526629888,0.0008735081750984,1,glioma,0.9989586526629888,919d6f0fb3ca462983d6df6ec06846e41abd9645
efficientnet_b0,B,2962,MR051644B,image_level_seed11,2,1,glioma,0.0002728025647304,0.9818954828398494,0.01783171459542,1,glioma,0.9818954828398494,919d6f0fb3ca462983d6df6ec06846e41abd9645
efficientnet_b0,B,2963,MR051644B,image_level_seed11,2,1,glioma,0.0002891301645549,0.9984713811322978,0.0012394887031472,1,glioma,0.9984713811322978,919d6f0fb3ca462983d6df6ec06846e41abd9645
efficientnet_b0,B,2964,MR051644B,image_level_seed11,5,1,glioma,0.0007263521041929,0.9987195335027996,0.0005541143930072,1,glioma,0.9987195335027996,919d6f0fb3ca462983d6df6ec06846e41abd9645
efficientnet_b0,B,2965,MR051644B,image_level_seed11,4,1,glioma,0.0006611193854232,0.9931712699016938,0.006167610712883,1,glioma,0.9931712699016938,919d6f0fb3ca462983d6df6ec06846e41abd9645
efficientnet_b0,B,2966,MR051644B,image_level_seed11,2,1,glioma,0.0001311281892708,0.9950424328518056,0.0048264389589237,1,glioma,0.9950424328518056,919d6f0fb3ca462983d6df6ec06846e41abd9645
efficientnet_b0,B,2967,MR051644B,image_level_seed11,2,1,glioma,0.0001251761817647,0.9979740530178896,0.0019007708003455,1,glioma,0.9979740530178896,919d6f0fb3ca462983d6df6ec06846e41abd9645
efficientnet_b0,B,2968,MR051644B,image_level_seed11,1,1,glioma,5.152671325093326e-05,0.9997764324089788,0.0001720408777702,1,glioma,0.9997764324089788,919d6f0fb3ca462983d6df6ec06846e41abd9645
efficientnet_b0,B,2969,MR051644B,image_level_seed11,5,1,glioma,0.0001002286295295,0.9995988240555596,0.0003009473149109,1,glioma,0.9995988240555596,919d6f0fb3ca462983d6df6ec06846e41abd9645
efficientnet_b0,B,2970,MR051796B,image_level_seed11,4,1,glioma,0.003925895340473,0.9850271042768624,0.0110470003826646,1,glioma,0.9850271042768624,919d6f0fb3ca462983d6df6ec06846e41abd9645
efficientnet_b0,B,2971,MR051796B,image_level_seed11,5,1,glioma,0.002104315735894,0.9927063475130252,0.0051893367510809,1,glioma,0.9927063475130252,919d6f0fb3ca462983d6df6ec06846e41abd9645
efficientnet_b0,B,2972,MR051796B,image_level_seed11,2,1,glioma,0.003337264917397,0.9937956516677608,0.0028670834148421,1,glioma,0.9937956516677608,919d6f0fb3ca462983d6df6ec06846e41abd9645
efficientnet_b0,B,2973,MR051796B,image_level_seed11,2,1,glioma,0.0002644403021423,0.9984833575682814,0.0012522021295761,1,glioma,0.9984833575682814,919d6f0fb3ca462983d6df6ec06846e41abd9645
efficientnet_b0,B,2974,MR051796B,image_level_seed11,5,1,glioma,0.000404642219186,0.9971272375728798,0.002468120207934,1,glioma,0.9971272375728798,919d6f0fb3ca462983d6df6ec06846e41abd9645
efficientnet_b0,B,2975,MR052550,image_level_seed11,2,1,glioma,0.0001968107165228,0.9996508700611236,0.0001523192223535,1,glioma,0.9996508700611236,919d6f0fb3ca462983d6df6ec06846e41abd9645
efficientnet_b0,B,2976,MR052550,image_level_seed11,5,1,glioma,4.561887756576114e-05,0.9999263374591558,2.804366327854229e-05,1,glioma,0.9999263374591558,919d6f0fb3ca462983d6df6ec06846e41abd9645
efficientnet_b0,B,2977,MR052550,image_level_seed11,1,1,glioma,0.0001214392461069,0.9997569822491392,0.0001215785047539,1,glioma,0.9997569822491392,919d6f0fb3ca462983d6df6ec06846e41abd9645
efficientnet_b0,B,2978,MR052550,image_level_seed11,2,1,glioma,0.0007151148125814,0.9982413557119512,0.0010435294754671,1,glioma,0.9982413557119512,919d6f0fb3ca462983d6df6ec06846e41abd9645
efficientnet_b0,B,2979,MR052550,image_level_seed11,2,1,glioma,0.0013883414583035,0.996626551933428,0.0019851066082686,1,glioma,0.996626551933428,919d6f0fb3ca462983d6df6ec06846e41abd9645
efficientnet_b0,B,2980,MR052550,image_level_seed11,2,1,glioma,0.0003507590520965,0.999200113180806,0.0004491277670974,1,glioma,0.999200113180806,919d6f0fb3ca462983d6df6ec06846e41abd9645
efficientnet_b0,B,2981,MR052550,image_level_seed11,1,1,glioma,0.0001629829260621,0.99972473086028,0.0001122862136578,1,glioma,0.99972473086028,919d6f0fb3ca462983d6df6ec06846e41abd9645
efficientnet_b0,B,2982,MR052550,image_level_seed11,2,1,glioma,0.0002667499009065,0.9993825799431256,0.0003506701559679,1,glioma,0.9993825799431256,919d6f0fb3ca462983d6df6ec06846e41abd9645
efficientnet_b0,B,2983,MR051644C,image_level_seed11,4,1,glioma,0.0001365757000761,0.9998152976353548,4.812666456897137e-05,1,glioma,0.9998152976353548,919d6f0fb3ca462983d6df6ec06846e41abd9645
efficientnet_b0,B,2984,MR051644C,image_level_seed11,5,1,glioma,1.231581398207338e-05,0.9999637940975942,2.3890088423909172e-05,1,glioma,0.9999637940975942,919d6f0fb3ca462983d6df6ec06846e41abd9645
efficientnet_b0,B,2985,MR051644C,image_level_seed11,3,1,glioma,3.0194001320692537e-05,0.9996773798590952,0.0002924261395839,1,glioma,0.9996773798590952,919d6f0fb3ca462983d6df6ec06846e41abd9645
efficientnet_b0,B,2986,MR051644C,image_level_seed11,5,1,glioma,0.0137208293239392,0.9757347109106056,0.0105444597654553,1,glioma,0.9757347109106056,919d6f0fb3ca462983d6df6ec06846e41abd9645
efficientnet_b0,B,2987,MR051644C,image_level_seed11,4,1,glioma,0.0004701379191267,0.9989543124563002,0.0005755496245732,1,glioma,0.9989543124563002,919d6f0fb3ca462983d6df6ec06846e41abd9645
efficientnet_b0,B,2988,MR051644C,image_level_seed11,1,1,glioma,0.0001764780424042,0.9997302472195172,9.32747380784156e-05,1,glioma,0.9997302472195172,919d6f0fb3ca462983d6df6ec06846e41abd9645
efficientnet_b0,B,2989,MR051644C,image_level_seed11,5,1,glioma,0.0001643167654864,0.9996925906893686,0.0001430925451448,1,glioma,0.9996925906893686,919d6f0fb3ca462983d6df6ec06846e41abd9645
efficientnet_b0,B,2990,MR051644C,image_level_seed11,4,1,glioma,0.001111093885519,0.9971450651726514,0.0017438409418295,1,glioma,0.9971450651726514,919d6f0fb3ca462983d6df6ec06846e41abd9645
efficientnet_b0,B,2991,MR051644C,image_level_seed11,5,1,glioma,0.0003232107097344,0.9993875295198256,0.0002892597704399,1,glioma,0.9993875295198256,919d6f0fb3ca462983d6df6ec06846e41abd9645
efficientnet_b0,B,2992,MR051644C,image_level_seed11,1,1,glioma,7.667696484511764e-05,0.9998738949537206,4.942808143423665e-05,1,glioma,0.9998738949537206,919d6f0fb3ca462983d6df6ec06846e41abd9645
efficientnet_b0,B,2993,MR049942B,image_level_seed11,4,1,glioma,0.0004991716543707,0.998896012107523,0.0006048162381063,1,glioma,0.998896012107523,919d6f0fb3ca462983d6df6ec06846e41abd9645
efficientnet_b0,B,2994,MR049942B,image_level_seed11,2,1,glioma,0.0001306958618838,0.9979439319627426,0.0019253721753735,1,glioma,0.9979439319627426,919d6f0fb3ca462983d6df6ec06846e41abd9645
efficientnet_b0,B,2995,MR049942B,image_level_seed11,1,1,glioma,0.0001518953201207,0.9993070205798076,0.0005410841000714,1,glioma,0.9993070205798076,919d6f0fb3ca462983d6df6ec06846e41abd9645
efficientnet_b0,B,2996,MR052585B,image_level_seed11,1,1,glioma,0.000709184446898,0.9991778666528992,0.0001129489002025,1,glioma,0.9991778666528992,919d6f0fb3ca462983d6df6ec06846e41abd9645
efficientnet_b0,B,2997,MR052585B,image_level_seed11,5,1,glioma,0.0001836377499007,0.999738497386854,7.786486324528459e-05,1,glioma,0.999738497386854,919d6f0fb3ca462983d6df6ec06846e41abd9645
efficientnet_b0,B,2998,MR052585B,image_level_seed11,5,1,glioma,0.0005135687446933,0.999213823946392,0.0002726073089146,1,glioma,0.999213823946392,919d6f0fb3ca462983d6df6ec06846e41abd9645
efficientnet_b0,B,2999,MR053110B,image_level_seed11,1,1,glioma,1.683100030219203e-05,0.9999532678251044,2.990117459316845e-05,1,glioma,0.9999532678251044,919d6f0fb3ca462983d6df6ec06846e41abd9645
efficientnet_b0,B,3000,MR053110B,image_level_seed11,3,1,glioma,2.8311912310239737e-05,0.9999336214608352,3.806662685446777e-05,1,glioma,0.9999336214608352,919d6f0fb3ca462983d6df6ec06846e41abd9645
efficientnet_b0,B,3001,MR053110B,image_level_seed11,4,1,glioma,0.0001053108017644,0.9998331659932076,6.152320502802677e-05,1,glioma,0.9998331659932076,919d6f0fb3ca462983d6df6ec06846e41abd9645
efficientnet_b0,B,3002,MR053110B,image_level_seed11,4,1,glioma,2.8226799412449717e-05,0.9999426452894628,2.9127911124827316e-05,1,glioma,0.9999426452894628,919d6f0fb3ca462983d6df6ec06846e41abd9645
efficientnet_b0,B,3003,MR053110B,image_level_seed11,5,1,glioma,0.0003353842278547,0.999529864755402,0.0001347510167431,1,glioma,0.999529864755402,919d6f0fb3ca462983d6df6ec06846e41abd9645
efficientnet_b0,B,3004,MR053110B,image_level_seed11,1,1,glioma,0.0031148724711118,0.9967654109330863,0.0001197165958015,1,glioma,0.9967654109330863,919d6f0fb3ca462983d6df6ec06846e41abd9645
efficientnet_b0,B,3005,MR034694,image_level_seed11,5,1,glioma,0.0014244486451634,0.9960333314890304,0.0025422198658062,1,glioma,0.9960333314890304,919d6f0fb3ca462983d6df6ec06846e41abd9645
efficientnet_b0,B,3006,MR034694,image_level_seed11,4,1,glioma,0.0082744366239829,0.97162588314752,0.0200996802284971,1,glioma,0.97162588314752,919d6f0fb3ca462983d6df6ec06846e41abd9645
efficientnet_b0,B,3007,MR034694,image_level_seed11,4,1,glioma,0.0022265334509964,0.9954638478151036,0.0023096187338997,1,glioma,0.9954638478151036,919d6f0fb3ca462983d6df6ec06846e41abd9645
efficientnet_b0,B,3008,MR034694,image_level_seed11,4,1,glioma,0.0061817611200883,0.908177545856687,0.0856406930232245,1,glioma,0.908177545856687,919d6f0fb3ca462983d6df6ec06846e41abd9645
efficientnet_b0,B,3009,MR054875,image_level_seed11,4,1,glioma,0.0026515755875925,0.980261986044302,0.0170864383681055,1,glioma,0.980261986044302,919d6f0fb3ca462983d6df6ec06846e41abd9645
efficientnet_b0,B,3010,MR054875,image_level_seed11,4,1,glioma,0.0053973003602204,0.951022178998983,0.0435805206407965,1,glioma,0.951022178998983,919d6f0fb3ca462983d6df6ec06846e41abd9645
efficientnet_b0,B,3011,MR054875,image_level_seed11,1,1,glioma,0.0003493290811069,0.99624991626493,0.0034007546539629,1,glioma,0.99624991626493,919d6f0fb3ca462983d6df6ec06846e41abd9645
efficientnet_b0,B,3012,MR054875,image_level_seed11,2,1,glioma,0.000594623309628,0.9964726902601072,0.0029326864302647,1,glioma,0.9964726902601072,919d6f0fb3ca462983d6df6ec06846e41abd9645
efficientnet_b0,B,3013,MR054875,image_level_seed11,4,1,glioma,0.0028990124345046,0.971962079294917,0.0251389082705784,1,glioma,0.971962079294917,919d6f0fb3ca462983d6df6ec06846e41abd9645
efficientnet_b0,B,3014,MR050687C,image_level_seed11,5,1,glioma,0.0035928161364479,0.995827982083106,0.000579201780446,1,glioma,0.995827982083106,919d6f0fb3ca462983d6df6ec06846e41abd9645
efficientnet_b0,B,3015,MR050687C,image_level_seed11,5,1,glioma,0.0032045815495337,0.9946770577800104,0.0021183606704561,1,glioma,0.9946770577800104,919d6f0fb3ca462983d6df6ec06846e41abd9645
efficientnet_b0,B,3016,MR050687C,image_level_seed11,5,1,glioma,0.0001911832792642,0.9996515123581112,0.0001573043626246,1,glioma,0.9996515123581112,919d6f0fb3ca462983d6df6ec06846e41abd9645
efficientnet_b0,B,3017,MR050687C,image_level_seed11,2,1,glioma,0.0010554158835255,0.9979861380667776,0.000958446049697,1,glioma,0.9979861380667776,919d6f0fb3ca462983d6df6ec06846e41abd9645
efficientnet_b0,B,3018,MR050687C,image_level_seed11,1,1,glioma,3.783139966725198e-05,0.9999318330024388,3.03355978941286e-05,1,glioma,0.9999318330024388,919d6f0fb3ca462983d6df6ec06846e41abd9645
efficientnet_b0,B,3019,MR050687C,image_level_seed11,3,1,glioma,0.0004998617223379,0.999366792206156,0.0001333460715062,1,glioma,0.999366792206156,919d6f0fb3ca462983d6df6ec06846e41abd9645
efficientnet_b0,B,3020,MR056144,image_level_seed11,5,1,glioma,0.0094451544369942,0.0846290188916849,0.9059258266713208,2,pituitary,0.9059258266713208,919d6f0fb3ca462983d6df6ec06846e41abd9645
efficientnet_b0,B,3021,MR056144,image_level_seed11,2,1,glioma,0.0001849133377229,0.9989774364467536,0.0008376502155236,1,glioma,0.9989774364467536,919d6f0fb3ca462983d6df6ec06846e41abd9645
efficientnet_b0,B,3022,MR034997,image_level_seed11,1,1,glioma,9.01239160469148e-05,0.9998956826766192,1.4193407333832772e-05,1,glioma,0.9998956826766192,919d6f0fb3ca462983d6df6ec06846e41abd9645
efficientnet_b0,B,3023,MR034997,image_level_seed11,5,1,glioma,0.0015253199570025,0.9983282131987006,0.000146466844297,1,glioma,0.9983282131987006,919d6f0fb3ca462983d6df6ec06846e41abd9645
efficientnet_b0,B,3024,MR034997,image_level_seed11,5,1,glioma,0.0001533574947125,0.9998172783213176,2.936418396993222e-05,1,glioma,0.9998172783213176,919d6f0fb3ca462983d6df6ec06846e41abd9645
efficientnet_b0,B,3025,MR034997,image_level_seed11,3,1,glioma,1.3195919689223717e-05,0.99997421619782,1.2587882490659863e-05,1,glioma,0.99997421619782,919d6f0fb3ca462983d6df6ec06846e41abd9645
efficientnet_b0,B,3026,MR034997,image_level_seed11,3,1,glioma,0.0007834232027438,0.998870602373927,0.0003459744233292,1,glioma,0.998870602373927,919d6f0fb3ca462983d6df6ec06846e41abd9645
efficientnet_b0,B,3027,MR034997,image_level_seed11,4,1,glioma,0.0005578681958754,0.998648140061941,0.0007939917421834,1,glioma,0.998648140061941,919d6f0fb3ca462983d6df6ec06846e41abd9645
efficientnet_b0,B,3028,MR034997,image_level_seed11,5,1,glioma,5.336527160529615e-05,0.9998440144028624,0.0001026203255322,1,glioma,0.9998440144028624,919d6f0fb3ca462983d6df6ec06846e41abd9645
efficientnet_b0,B,3029,MR029209E,image_level_seed11,5,1,glioma,0.0003794476540245,0.9996016386090296,1.8913736945648873e-05,1,glioma,0.9996016386090296,919d6f0fb3ca462983d6df6ec06846e41abd9645
efficientnet_b0,B,3030,53669,image_level_seed11,2,0,meningioma,0.9479352949661916,0.0042433906009965,0.0478213144328119,0,meningioma,0.9479352949661916,919d6f0fb3ca462983d6df6ec06846e41abd9645
efficientnet_b0,B,3031,MR033389B,image_level_seed11,3,1,glioma,0.0034556479291279,0.996014617014606,0.0005297350562659,1,glioma,0.996014617014606,919d6f0fb3ca462983d6df6ec06846e41abd9645
efficientnet_b0,B,3032,MR033389B,image_level_seed11,4,1,glioma,0.0003375462073673,0.999547468737115,0.0001149850555178,1,glioma,0.999547468737115,919d6f0fb3ca462983d6df6ec06846e41abd9645
efficientnet_b0,B,3033,MR033389B,image_level_seed11,1,1,glioma,5.190940958207824e-05,0.9999227007769078,2.5389813510087067e-05,1,glioma,0.9999227007769078,919d6f0fb3ca462983d6df6ec06846e41abd9645
efficientnet_b0,B,3034,MR033389B,image_level_seed11,1,1,glioma,0.0007857121145606,0.998694755711825,0.0005195321736142,1,glioma,0.998694755711825,919d6f0fb3ca462983d6df6ec06846e41abd9645
efficientnet_b0,B,3035,MR033389B,image_level_seed11,3,1,glioma,3.772367242923367e-05,0.9997667349003788,0.0001955414271917,1,glioma,0.9997667349003788,919d6f0fb3ca462983d6df6ec06846e41abd9645
efficientnet_b0,B,3036,MR033389B,image_level_seed11,4,1,glioma,0.0003910594853578,0.9939491629139914,0.0056597776006506,1,glioma,0.9939491629139914,919d6f0fb3ca462983d6df6ec06846e41abd9645
efficientnet_b0,B,3037,MR033389B,image_level_seed11,4,1,glioma,0.0016079546482234,0.9955459122187792,0.0028461331329974,1,glioma,0.9955459122187792,919d6f0fb3ca462983d6df6ec06846e41abd9645
efficientnet_b0,B,3038,MR033389B,image_level_seed11,2,1,glioma,0.0017370913469794,0.9952421999471236,0.0030207087058968,1,glioma,0.9952421999471236,919d6f0fb3ca462983d6df6ec06846e41abd9645
efficientnet_b0,B,3039,MR024780E,image_level_seed11,5,1,glioma,0.0004911153582326,0.99942188593977,8.699870199737545e-05,1,glioma,0.99942188593977,919d6f0fb3ca462983d6df6ec06846e41abd9645
efficientnet_b0,B,3040,MR024780E,image_level_seed11,4,1,glioma,0.0002196486263958,0.9995583311570524,0.0002220202165518,1,glioma,0.9995583311570524,919d6f0fb3ca462983d6df6ec06846e41abd9645
efficientnet_b0,B,3041,MR024780E,image_level_seed11,4,1,glioma,2.767573114848827e-05,0.9999665473652124,5.77690363918618e-06,1,glioma,0.9999665473652124,919d6f0fb3ca462983d6df6ec06846e41abd9645
efficientnet_b0,B,3042,MR040240C,image_level_seed11,3,1,glioma,0.0003011673707422,0.9996674153469988,3.141728225906233e-05,1,glioma,0.9996674153469988,919d6f0fb3ca462983d6df6ec06846e41abd9645
efficientnet_b0,B,3043,MR040240C,image_level_seed11,5,1,glioma,1.8180361699897135e-06,0.9999973592340426,8.227297872364307e-07,1,glioma,0.9999973592340426,919d6f0fb3ca462983d6df6ec06846e41abd9645
efficientnet_b0,B,3044,MR040240C,image_level_seed11,5,1,glioma,9.20174196706876e-06,0.9999878280495677,2.970208465246255e-06,1,glioma,0.9999878280495677,919d6f0fb3ca462983d6df6ec06846e41abd9645
efficientnet_b0,B,3045,MR040240C,image_level_seed11,5,1,glioma,0.0002786318272876,0.9996730343640088,4.833380870378956e-05,1,glioma,0.9996730343640088,919d6f0fb3ca462983d6df6ec06846e41abd9645
efficientnet_b0,B,3046,MR040240C,image_level_seed11,3,1,glioma,0.0009285927857629,0.9989555587049912,0.0001158485092457,1,glioma,0.9989555587049912,919d6f0fb3ca462983d6df6ec06846e41abd9645
efficientnet_b0,B,3047,MR040240D,image_level_seed11,1,1,glioma,5.675642183668989e-05,0.9998595765179762,8.366706018719778e-05,1,glioma,0.9998595765179762,919d6f0fb3ca462983d6df6ec06846e41abd9645
efficientnet_b0,B,3048,MR040240D,image_level_seed11,3,1,glioma,7.399151663482519e-05,0.9997805308187208,0.0001454776646443,1,glioma,0.9997805308187208,919d6f0fb3ca462983d6df6ec06846e41abd9645
efficientnet_b0,B,3049,MR017260F,image_level_seed11,2,1,glioma,0.0002032979882434,0.9997774118249292,1.9290186827298925e-05,1,glioma,0.9997774118249292,919d6f0fb3ca462983d6df6ec06846e41abd9645
efficientnet_b0,B,3050,MR017260F,image_level_seed11,4,1,glioma,0.0001309251496655,0.999826023480418,4.305136991652298e-05,1,glioma,0.999826023480418,919d6f0fb3ca462983d6df6ec06846e41abd9645
efficientnet_b0,B,3051,MR017260F,image_level_seed11,3,1,glioma,1.802986717324564e-06,0.9999977475790046,4.494342780732282e-07,1,glioma,0.9999977475790046,919d6f0fb3ca462983d6df6ec06846e41abd9645
efficientnet_b0,B,3052,MR017260F,image_level_seed11,4,1,glioma,0.0002240218835278,0.999738781299314,3.719681715808034e-05,1,glioma,0.999738781299314,919d6f0fb3ca462983d6df6ec06846e41abd9645
efficientnet_b0,B,3053,MR017260F,image_level_seed11,1,1,glioma,2.0013047892155417e-05,0.9999738009305288,6.186021579257702e-06,1,glioma,0.9999738009305288,919d6f0fb3ca462983d6df6ec06846e41abd9645
efficientnet_b0,B,3054,MR017260F,image_level_seed11,3,1,glioma,0.0001158298846588,0.9998664105080898,1.775960725132303e-05,1,glioma,0.9998664105080898,919d6f0fb3ca462983d6df6ec06846e41abd9645
efficientnet_b0,B,3055,MR017260F,image_level_seed11,1,1,glioma,5.345038620754266e-05,0.9999365939721316,9.955641661032071e-06,1,glioma,0.9999365939721316,919d6f0fb3ca462983d6df6ec06846e41abd9645
efficientnet_b0,B,3056,MR029209I,image_level_seed11,2,1,glioma,8.24880612565692e-05,0.9998858820763395,3.162986240385869e-05,1,glioma,0.9998858820763395,919d6f0fb3ca462983d6df6ec06846e41abd9645
efficientnet_b0,B,3057,MR029209I,image_level_seed11,1,1,glioma,0.0001217083477895,0.9998015637285302,7.672792368027536e-05,1,glioma,0.9998015637285302,919d6f0fb3ca462983d6df6ec06846e41abd9645
efficientnet_b0,B,3058,MR029209I,image_level_seed11,1,1,glioma,2.1310177686173488e-05,0.9999603713125622,1.831850975144884e-05,1,glioma,0.9999603713125622,919d6f0fb3ca462983d6df6ec06846e41abd9645
efficientnet_b0,B,3059,MR029209I,image_level_seed11,1,1,glioma,3.594410659453057e-05,0.9999450479529348,1.900794047078693e-05,1,glioma,0.9999450479529348,919d6f0fb3ca462983d6df6ec06846e41abd9645
efficientnet_b0,B,3060,MR029209I,image_level_seed11,3,1,glioma,2.1891530782169455e-05,0.9999615454805764,1.6562988641590443e-05,1,glioma,0.9999615454805764,919d6f0fb3ca462983d6df6ec06846e41abd9645
efficientnet_b0,B,3061,MR029209I,image_level_seed11,4,1,glioma,3.266766130053662e-05,0.9999454107064564,2.1921632243277605e-05,1,glioma,0.9999454107064564,919d6f0fb3ca462983d6df6ec06846e41abd9645
efficientnet_b0,B,3062,MR029209I,image_level_seed11,5,1,glioma,2.999301305334131e-05,0.999944838059044,2.5168927902735148e-05,1,glioma,0.999944838059044,919d6f0fb3ca462983d6df6ec06846e41abd9645
efficientnet_b0,B,3063,95969,image_level_seed11,1,0,meningioma,0.0054076383343196,0.9939548740654476,0.0006374876002327,1,glioma,0.9939548740654476,919d6f0fb3ca462983d6df6ec06846e41abd9645
efficientnet_b0,B,3064,88510,image_level_seed11,1,0,meningioma,0.0728937306180017,0.909213308660635,0.0178929607213633,1,glioma,0.909213308660635,919d6f0fb3ca462983d6df6ec06846e41abd9645
