model,arm,image_id,patient_id,protocol,test_fold,true_class,true_class_name,prob_0,prob_1,prob_2,pred_class,pred_class_name,confidence,experiment_input_commit
densenet121,A,1,100360,patient_disjoint,5,0,meningioma,0.9958297741081146,0.0011821206172871,0.0029881052745983,0,meningioma,0.9958297741081146,919d6f0fb3ca462983d6df6ec06846e41abd9645
densenet121,A,2,100360,patient_disjoint,5,0,meningioma,0.9957684018846232,0.0028686835548714,0.0013629145605053,0,meningioma,0.9957684018846232,919d6f0fb3ca462983d6df6ec06846e41abd9645
densenet121,A,3,100360,patient_disjoint,5,0,meningioma,0.9971344367466364,0.0021690624946601,0.0006965007587035,0,meningioma,0.9971344367466364,919d6f0fb3ca462983d6df6ec06846e41abd9645
densenet121,A,4,100360,patient_disjoint,5,0,meningioma,0.990788847326987,0.0088124133402312,0.0003987393327818,0,meningioma,0.990788847326987,919d6f0fb3ca462983d6df6ec06846e41abd9645
densenet121,A,5,100360,patient_disjoint,5,0,meningioma,0.1709557885826989,0.8286386641573132,0.000405547259988,1,glioma,0.8286386641573132,919d6f0fb3ca462983d6df6ec06846e41abd9645
densenet121,A,6,100572,patient_disjoint,3,0,meningioma,0.033195422320564,0.002572411286012,0.964232166393424,2,pituitary,0.964232166393424,919d6f0fb3ca462983d6df6ec06846e41abd9645
densenet121,A,7,100572,patient_disjoint,3,0,meningioma,0.688064789216235,0.0012347549869088,0.3107004557968559,0,meningioma,0.688064789216235,919d6f0fb3ca462983d6df6ec06846e41abd9645
densenet121,A,8,100572,patient_disjoint,3,0,meningioma,0.5008436490014122,0.0025518212459732,0.4966045297526145,0,meningioma,0.5008436490014122,919d6f0fb3ca462983d6df6ec06846e41abd9645
densenet121,A,9,101016,patient_disjoint,4,0,meningioma,0.0335919258165786,0.9502660106356948,0.0161420635477264,1,glioma,0.9502660106356948,919d6f0fb3ca462983d6df6ec06846e41abd9645
densenet121,A,10,101016,patient_disjoint,4,0,meningioma,0.997556034419106,0.0022579848376395,0.0001859807432542,0,meningioma,0.997556034419106,919d6f0fb3ca462983d6df6ec06846e41abd9645
densenet121,A,11,101016,patient_disjoint,4,0,meningioma,0.999466042472378,0.0004789686540911,5.4988873531053335e-05,0,meningioma,0.999466042472378,919d6f0fb3ca462983d6df6ec06846e41abd9645
densenet121,A,12,101016,patient_disjoint,4,0,meningioma,0.9997637219607676,0.0001931207596803,4.315727955223565e-05,0,meningioma,0.9997637219607676,919d6f0fb3ca462983d6df6ec06846e41abd9645
densenet121,A,13,101016,patient_disjoint,4,0,meningioma,0.9996168728727838,0.0002670463811787,0.0001160807460374,0,meningioma,0.9996168728727838,919d6f0fb3ca462983d6df6ec06846e41abd9645
densenet121,A,14,101016,patient_disjoint,4,0,meningioma,0.9999284175268528,4.7783749639512025e-05,2.379872350778071e-05,0,meningioma,0.9999284175268528,919d6f0fb3ca462983d6df6ec06846e41abd9645
densenet121,A,15,101016,patient_disjoint,4,0,meningioma,0.999522963172884,0.0003502273335773,0.0001268094935386,0,meningioma,0.999522963172884,919d6f0fb3ca462983d6df6ec06846e41abd9645
densenet121,A,16,101127,patient_disjoint,4,0,meningioma,0.0198794728346719,0.0188758014805432,0.9612447256847848,2,pituitary,0.9612447256847848,919d6f0fb3ca462983d6df6ec06846e41abd9645
densenet121,A,17,101127,patient_disjoint,4,0,meningioma,0.97852654324901,0.0178499551563754,0.0036235015946144,0,meningioma,0.97852654324901,919d6f0fb3ca462983d6df6ec06846e41abd9645
densenet121,A,18,101127,patient_disjoint,4,0,meningioma,0.9974284262758436,0.0020167426600418,0.0005548310641144,0,meningioma,0.9974284262758436,919d6f0fb3ca462983d6df6ec06846e41abd9645
densenet121,A,19,101127,patient_disjoint,4,0,meningioma,0.1195063483350688,0.6260775079043502,0.254416143760581,1,glioma,0.6260775079043502,919d6f0fb3ca462983d6df6ec06846e41abd9645
densenet121,A,20,101797,patient_disjoint,5,0,meningioma,0.943445886399305,0.0561737464596109,0.0003803671410839,0,meningioma,0.943445886399305,919d6f0fb3ca462983d6df6ec06846e41abd9645
densenet121,A,21,101797,patient_disjoint,5,0,meningioma,0.93579045228673,0.0639642334666695,0.0002453142466005,0,meningioma,0.93579045228673,919d6f0fb3ca462983d6df6ec06846e41abd9645
densenet121,A,22,101797,patient_disjoint,5,0,meningioma,0.9762046902775754,0.0236272705769611,0.0001680391454635,0,meningioma,0.9762046902775754,919d6f0fb3ca462983d6df6ec06846e41abd9645
densenet121,A,23,101797,patient_disjoint,5,0,meningioma,0.9903339264605396,0.0088310019203044,0.0008350716191558,0,meningioma,0.9903339264605396,919d6f0fb3ca462983d6df6ec06846e41abd9645
densenet121,A,24,102420,patient_disjoint,1,0,meningioma,0.9982322871350776,0.0015810239595593,0.000186688905363,0,meningioma,0.9982322871350776,919d6f0fb3ca462983d6df6ec06846e41abd9645
densenet121,A,25,102420,patient_disjoint,1,0,meningioma,0.9989094046203754,0.0004810231217575,0.0006095722578672,0,meningioma,0.9989094046203754,919d6f0fb3ca462983d6df6ec06846e41abd9645
densenet121,A,26,102446,patient_disjoint,3,0,meningioma,0.9843526566680304,0.0150847125413592,0.0005626307906105,0,meningioma,0.9843526566680304,919d6f0fb3ca462983d6df6ec06846e41abd9645
densenet121,A,27,102675,patient_disjoint,1,0,meningioma,0.9986294191451176,0.0010953298136832,0.0002752510411993,0,meningioma,0.9986294191451176,919d6f0fb3ca462983d6df6ec06846e41abd9645
densenet121,A,28,102714,patient_disjoint,5,0,meningioma,0.9953116976108202,0.0002080671309303,0.0044802352582493,0,meningioma,0.9953116976108202,919d6f0fb3ca462983d6df6ec06846e41abd9645
densenet121,A,29,102714,patient_disjoint,5,0,meningioma,0.9898959892864032,8.311504259856352e-05,0.0100208956709981,0,meningioma,0.9898959892864032,919d6f0fb3ca462983d6df6ec06846e41abd9645
densenet121,A,30,102714,patient_disjoint,5,0,meningioma,0.9976599758239874,4.1451665241448455e-05,0.0022985725107712,0,meningioma,0.9976599758239874,919d6f0fb3ca462983d6df6ec06846e41abd9645
densenet121,A,31,102714,patient_disjoint,5,0,meningioma,0.9942536820079292,0.000457440817322,0.0052888771747487,0,meningioma,0.9942536820079292,919d6f0fb3ca462983d6df6ec06846e41abd9645
densenet121,A,32,102929,patient_disjoint,2,0,meningioma,0.998020219778597,0.0013760319913276,0.0006037482300755,0,meningioma,0.998020219778597,919d6f0fb3ca462983d6df6ec06846e41abd9645
densenet121,A,33,102929,patient_disjoint,2,0,meningioma,0.9686103407652742,0.0282174158866695,0.0031722433480562,0,meningioma,0.9686103407652742,919d6f0fb3ca462983d6df6ec06846e41abd9645
densenet121,A,34,102935,patient_disjoint,1,0,meningioma,0.9954647699040288,0.0037712772056271,0.0007639528903439,0,meningioma,0.9954647699040288,919d6f0fb3ca462983d6df6ec06846e41abd9645
densenet121,A,35,102985,patient_disjoint,4,0,meningioma,0.9826541026533616,0.0168668114196249,0.0004790859270134,0,meningioma,0.9826541026533616,919d6f0fb3ca462983d6df6ec06846e41abd9645
densenet121,A,36,103673,patient_disjoint,5,0,meningioma,0.000115020929701,0.0001293536698603,0.9997556254004386,2,pituitary,0.9997556254004386,919d6f0fb3ca462983d6df6ec06846e41abd9645
densenet121,A,37,103673,patient_disjoint,5,0,meningioma,0.0001850178673214,0.0002378019683022,0.9995771801643762,2,pituitary,0.9995771801643762,919d6f0fb3ca462983d6df6ec06846e41abd9645
densenet121,A,38,103673,patient_disjoint,5,0,meningioma,0.0005664201468952,0.0003621188586672,0.9990714609944374,2,pituitary,0.9990714609944374,919d6f0fb3ca462983d6df6ec06846e41abd9645
densenet121,A,39,103673,patient_disjoint,5,0,meningioma,0.0002896047035144,0.0002290786442873,0.9994813166521982,2,pituitary,0.9994813166521982,919d6f0fb3ca462983d6df6ec06846e41abd9645
densenet121,A,40,103673,patient_disjoint,5,0,meningioma,0.0018105439600664,0.0004289401268909,0.9977605159130426,2,pituitary,0.9977605159130426,919d6f0fb3ca462983d6df6ec06846e41abd9645
densenet121,A,41,103673,patient_disjoint,5,0,meningioma,0.0006393367349936,0.0014623536812023,0.997898309583804,2,pituitary,0.997898309583804,919d6f0fb3ca462983d6df6ec06846e41abd9645
densenet121,A,42,103925,patient_disjoint,4,0,meningioma,0.111259666631706,0.0529695135197832,0.8357708198485106,2,pituitary,0.8357708198485106,919d6f0fb3ca462983d6df6ec06846e41abd9645
densenet121,A,43,103925,patient_disjoint,4,0,meningioma,0.0997016404820606,0.0071201054226508,0.8931782540952886,2,pituitary,0.8931782540952886,919d6f0fb3ca462983d6df6ec06846e41abd9645
densenet121,A,44,103925,patient_disjoint,4,0,meningioma,0.2632125480352935,0.0061223447162845,0.7306651072484219,2,pituitary,0.7306651072484219,919d6f0fb3ca462983d6df6ec06846e41abd9645
densenet121,A,45,104167,patient_disjoint,3,0,meningioma,0.999528831544822,0.00043776206443,3.340639074789947e-05,0,meningioma,0.999528831544822,919d6f0fb3ca462983d6df6ec06846e41abd9645
densenet121,A,46,104167,patient_disjoint,3,0,meningioma,0.9999089197393892,4.157097669968609e-05,4.9509283911118055e-05,0,meningioma,0.9999089197393892,919d6f0fb3ca462983d6df6ec06846e41abd9645
densenet121,A,47,104167,patient_disjoint,3,0,meningioma,0.9996383274363836,0.00017478465232,0.0001868879112963,0,meningioma,0.9996383274363836,919d6f0fb3ca462983d6df6ec06846e41abd9645
densenet121,A,48,104167,patient_disjoint,3,0,meningioma,0.9998871884356076,1.8742859183288315e-05,9.406870520915848e-05,0,meningioma,0.9998871884356076,919d6f0fb3ca462983d6df6ec06846e41abd9645
densenet121,A,49,104281,patient_disjoint,3,0,meningioma,0.9995083223771568,0.0004488416921219,4.283593072116433e-05,0,meningioma,0.9995083223771568,919d6f0fb3ca462983d6df6ec06846e41abd9645
densenet121,A,50,104281,patient_disjoint,3,0,meningioma,0.999527818405723,0.0004581973949925,1.398419928438444e-05,0,meningioma,0.999527818405723,919d6f0fb3ca462983d6df6ec06846e41abd9645
densenet121,A,51,104281,patient_disjoint,3,0,meningioma,0.9999465406557084,4.7919764854176935e-05,5.539579437159083e-06,0,meningioma,0.9999465406557084,919d6f0fb3ca462983d6df6ec06846e41abd9645
densenet121,A,52,104281,patient_disjoint,3,0,meningioma,0.9998951807325164,8.490779287793409e-05,1.991147460584917e-05,0,meningioma,0.9998951807325164,919d6f0fb3ca462983d6df6ec06846e41abd9645
densenet121,A,53,104281,patient_disjoint,3,0,meningioma,0.997351664382618,0.002466044115375,0.000182291502007,0,meningioma,0.997351664382618,919d6f0fb3ca462983d6df6ec06846e41abd9645
densenet121,A,54,104281,patient_disjoint,3,0,meningioma,0.9999166202378594,6.494765969250258e-05,1.843210244811656e-05,0,meningioma,0.9999166202378594,919d6f0fb3ca462983d6df6ec06846e41abd9645
densenet121,A,55,104281,patient_disjoint,3,0,meningioma,0.999316986453846,0.0003732929973517,0.0003097205488024,0,meningioma,0.999316986453846,919d6f0fb3ca462983d6df6ec06846e41abd9645
densenet121,A,56,105374,patient_disjoint,4,0,meningioma,0.9963023818445556,0.0033746102798599,0.0003230078755846,0,meningioma,0.9963023818445556,919d6f0fb3ca462983d6df6ec06846e41abd9645
densenet121,A,57,105374,patient_disjoint,4,0,meningioma,0.9958704984607448,0.0035835499668162,0.0005459515724388,0,meningioma,0.9958704984607448,919d6f0fb3ca462983d6df6ec06846e41abd9645
densenet121,A,58,105555,patient_disjoint,5,0,meningioma,0.9907510197042972,0.008190260442945,0.0010587198527577,0,meningioma,0.9907510197042972,919d6f0fb3ca462983d6df6ec06846e41abd9645
densenet121,A,59,58392,patient_disjoint,3,2,pituitary,7.155103691770756e-05,4.962127355613266e-05,0.9998788276895262,2,pituitary,0.9998788276895262,919d6f0fb3ca462983d6df6ec06846e41abd9645
densenet121,A,60,105937,patient_disjoint,1,0,meningioma,0.9993272418806162,8.826712943410777e-05,0.0005844909899497,0,meningioma,0.9993272418806162,919d6f0fb3ca462983d6df6ec06846e41abd9645
densenet121,A,61,105937,patient_disjoint,1,0,meningioma,0.9995595196504156,0.0001316914910312,0.0003087888585533,0,meningioma,0.9995595196504156,919d6f0fb3ca462983d6df6ec06846e41abd9645
densenet121,A,62,106284,patient_disjoint,2,0,meningioma,0.9983558168630968,9.69156421786901e-05,0.0015472674947246,0,meningioma,0.9983558168630968,919d6f0fb3ca462983d6df6ec06846e41abd9645
densenet121,A,63,106284,patient_disjoint,2,0,meningioma,0.9917236650148926,0.0007586211106547,0.0075177138744527,0,meningioma,0.9917236650148926,919d6f0fb3ca462983d6df6ec06846e41abd9645
densenet121,A,64,106284,patient_disjoint,2,0,meningioma,0.971245603296451,0.0011118014025582,0.0276425953009906,0,meningioma,0.971245603296451,919d6f0fb3ca462983d6df6ec06846e41abd9645
densenet121,A,65,106284,patient_disjoint,2,0,meningioma,0.9310192812813946,0.0046574062944648,0.0643233124241405,0,meningioma,0.9310192812813946,919d6f0fb3ca462983d6df6ec06846e41abd9645
densenet121,A,66,106284,patient_disjoint,2,0,meningioma,0.9396666487219716,0.0038040014598766,0.0565293498181518,0,meningioma,0.9396666487219716,919d6f0fb3ca462983d6df6ec06846e41abd9645
densenet121,A,67,106442,patient_disjoint,1,0,meningioma,0.9743560138779476,0.0256172036355451,2.6782486507102062e-05,0,meningioma,0.9743560138779476,919d6f0fb3ca462983d6df6ec06846e41abd9645
densenet121,A,68,106442,patient_disjoint,1,0,meningioma,0.9960319383939756,0.0039562568249311,1.1804781093469844e-05,0,meningioma,0.9960319383939756,919d6f0fb3ca462983d6df6ec06846e41abd9645
densenet121,A,69,106442,patient_disjoint,1,0,meningioma,0.9910960366709848,0.0088571151384409,4.684819057436395e-05,0,meningioma,0.9910960366709848,919d6f0fb3ca462983d6df6ec06846e41abd9645
densenet121,A,70,106442,patient_disjoint,1,0,meningioma,0.6918469472505057,0.3057917352366737,0.0023613175128207,0,meningioma,0.6918469472505057,919d6f0fb3ca462983d6df6ec06846e41abd9645
densenet121,A,71,106534,patient_disjoint,4,0,meningioma,0.9950925990404914,0.002858162557388,0.0020492384021203,0,meningioma,0.9950925990404914,919d6f0fb3ca462983d6df6ec06846e41abd9645
densenet121,A,72,106534,patient_disjoint,4,0,meningioma,0.9990496059989248,0.0005392602753929,0.0004111337256821,0,meningioma,0.9990496059989248,919d6f0fb3ca462983d6df6ec06846e41abd9645
densenet121,A,73,106665,patient_disjoint,3,0,meningioma,0.5292894796890697,0.4357077656358056,0.0350027546751246,0,meningioma,0.5292894796890697,919d6f0fb3ca462983d6df6ec06846e41abd9645
densenet121,A,74,106665,patient_disjoint,3,0,meningioma,0.9992212005134108,0.0005136788295098,0.0002651206570793,0,meningioma,0.9992212005134108,919d6f0fb3ca462983d6df6ec06846e41abd9645
densenet121,A,75,106665,patient_disjoint,3,0,meningioma,0.999139811062315,0.0005166833777011,0.0003435055599839,0,meningioma,0.999139811062315,919d6f0fb3ca462983d6df6ec06846e41abd9645
densenet121,A,76,106665,patient_disjoint,3,0,meningioma,0.9991675139071384,0.0006726486228873,0.0001598374699743,0,meningioma,0.9991675139071384,919d6f0fb3ca462983d6df6ec06846e41abd9645
densenet121,A,77,106665,patient_disjoint,3,0,meningioma,0.9998016350284838,0.000156285714651,4.2079256865153586e-05,0,meningioma,0.9998016350284838,919d6f0fb3ca462983d6df6ec06846e41abd9645
densenet121,A,78,106665,patient_disjoint,3,0,meningioma,0.9994611276783194,0.0004512426977173,8.762962396312899e-05,0,meningioma,0.9994611276783194,919d6f0fb3ca462983d6df6ec06846e41abd9645
densenet121,A,79,106665,patient_disjoint,3,0,meningioma,0.9992192051053556,0.0005678466948241,0.0002129481998203,0,meningioma,0.9992192051053556,919d6f0fb3ca462983d6df6ec06846e41abd9645
densenet121,A,80,106720,patient_disjoint,1,0,meningioma,0.999748192203586,0.0001107082044337,0.00014109959198,0,meningioma,0.999748192203586,919d6f0fb3ca462983d6df6ec06846e41abd9645
densenet121,A,81,106720,patient_disjoint,1,0,meningioma,0.999292159670687,0.0004922984094759,0.0002155419198371,0,meningioma,0.999292159670687,919d6f0fb3ca462983d6df6ec06846e41abd9645
densenet121,A,82,106720,patient_disjoint,1,0,meningioma,0.999683649185214,0.0001790931059488,0.0001372577088372,0,meningioma,0.999683649185214,919d6f0fb3ca462983d6df6ec06846e41abd9645
densenet121,A,83,106720,patient_disjoint,1,0,meningioma,0.997087758771556,0.0010782188396999,0.001834022388744,0,meningioma,0.997087758771556,919d6f0fb3ca462983d6df6ec06846e41abd9645
densenet121,A,84,106720,patient_disjoint,1,0,meningioma,0.9955469198663364,0.0010491490742156,0.0034039310594481,0,meningioma,0.9955469198663364,919d6f0fb3ca462983d6df6ec06846e41abd9645
densenet121,A,85,106720,patient_disjoint,1,0,meningioma,0.998894945778406,0.0004956302890909,0.0006094239325029,0,meningioma,0.998894945778406,919d6f0fb3ca462983d6df6ec06846e41abd9645
densenet121,A,86,106720,patient_disjoint,1,0,meningioma,0.9982543341302402,0.001267412349852,0.0004782535199078,0,meningioma,0.9982543341302402,919d6f0fb3ca462983d6df6ec06846e41abd9645
densenet121,A,87,106914,patient_disjoint,2,0,meningioma,0.996546404591803,0.0030021130232093,0.0004514823849877,0,meningioma,0.996546404591803,919d6f0fb3ca462983d6df6ec06846e41abd9645
densenet121,A,88,106914,patient_disjoint,2,0,meningioma,0.9970912796160446,0.0027211973685819,0.0001875230153733,0,meningioma,0.9970912796160446,919d6f0fb3ca462983d6df6ec06846e41abd9645
densenet121,A,89,106914,patient_disjoint,2,0,meningioma,0.9960967683392992,0.0033428556571047,0.0005603760035959,0,meningioma,0.9960967683392992,919d6f0fb3ca462983d6df6ec06846e41abd9645
densenet121,A,90,106914,patient_disjoint,2,0,meningioma,0.9986450637753592,0.00122312030709,0.0001318159175504,0,meningioma,0.9986450637753592,919d6f0fb3ca462983d6df6ec06846e41abd9645
densenet121,A,91,107190,patient_disjoint,5,0,meningioma,0.9870470214510254,0.0124916147549068,0.0004613637940677,0,meningioma,0.9870470214510254,919d6f0fb3ca462983d6df6ec06846e41abd9645
densenet121,A,92,107190,patient_disjoint,5,0,meningioma,0.9916212605647776,0.0081363517627065,0.0002423876725159,0,meningioma,0.9916212605647776,919d6f0fb3ca462983d6df6ec06846e41abd9645
densenet121,A,93,107248,patient_disjoint,5,0,meningioma,0.4641787776143872,0.0261178263515632,0.5097033960340496,2,pituitary,0.5097033960340496,919d6f0fb3ca462983d6df6ec06846e41abd9645
densenet121,A,94,107248,patient_disjoint,5,0,meningioma,0.9134960899202732,0.0006090252022655,0.0858948848774614,0,meningioma,0.9134960899202732,919d6f0fb3ca462983d6df6ec06846e41abd9645
densenet121,A,95,107248,patient_disjoint,5,0,meningioma,0.7549434967834595,0.0001960964756883,0.2448604067408522,0,meningioma,0.7549434967834595,919d6f0fb3ca462983d6df6ec06846e41abd9645
densenet121,A,96,107248,patient_disjoint,5,0,meningioma,0.983239270956142,0.0005050886811528,0.0162556403627051,0,meningioma,0.983239270956142,919d6f0fb3ca462983d6df6ec06846e41abd9645
densenet121,A,97,107248,patient_disjoint,5,0,meningioma,0.8775591487700429,0.0292621542337344,0.0931786969962228,0,meningioma,0.8775591487700429,919d6f0fb3ca462983d6df6ec06846e41abd9645
densenet121,A,98,107248,patient_disjoint,5,0,meningioma,0.5574515130097352,0.0077752349552913,0.4347732520349734,0,meningioma,0.5574515130097352,919d6f0fb3ca462983d6df6ec06846e41abd9645
densenet121,A,99,107494,patient_disjoint,4,0,meningioma,0.5599008131804231,0.036285243335371,0.4038139434842058,0,meningioma,0.5599008131804231,919d6f0fb3ca462983d6df6ec06846e41abd9645
densenet121,A,100,107494,patient_disjoint,4,0,meningioma,0.7803782194398198,0.0075090384730157,0.2121127420871643,0,meningioma,0.7803782194398198,919d6f0fb3ca462983d6df6ec06846e41abd9645
densenet121,A,101,107494,patient_disjoint,4,0,meningioma,0.5393218954940548,0.0052040846058224,0.4554740199001226,0,meningioma,0.5393218954940548,919d6f0fb3ca462983d6df6ec06846e41abd9645
densenet121,A,102,107494,patient_disjoint,4,0,meningioma,0.6811266670419677,0.0575744573647981,0.2612988755932341,0,meningioma,0.6811266670419677,919d6f0fb3ca462983d6df6ec06846e41abd9645
densenet121,A,103,107494,patient_disjoint,4,0,meningioma,0.76296921883307,0.1335098368708826,0.1035209442960472,0,meningioma,0.76296921883307,919d6f0fb3ca462983d6df6ec06846e41abd9645
densenet121,A,104,108514,patient_disjoint,5,0,meningioma,0.3104791009641752,0.6887717459673953,0.0007491530684294,1,glioma,0.6887717459673953,919d6f0fb3ca462983d6df6ec06846e41abd9645
densenet121,A,105,108514,patient_disjoint,5,0,meningioma,0.8071344947137843,0.1926288427053204,0.0002366625808953,0,meningioma,0.8071344947137843,919d6f0fb3ca462983d6df6ec06846e41abd9645
densenet121,A,106,108514,patient_disjoint,5,0,meningioma,0.6873667095218527,0.3119964936649982,0.0006367968131491,0,meningioma,0.6873667095218527,919d6f0fb3ca462983d6df6ec06846e41abd9645
densenet121,A,107,108514,patient_disjoint,5,0,meningioma,0.9984109500928774,0.0014850214476283,0.0001040284594941,0,meningioma,0.9984109500928774,919d6f0fb3ca462983d6df6ec06846e41abd9645
densenet121,A,108,108514,patient_disjoint,5,0,meningioma,0.99332193061113,0.0061844104917268,0.0004936588971432,0,meningioma,0.99332193061113,919d6f0fb3ca462983d6df6ec06846e41abd9645
densenet121,A,109,108514,patient_disjoint,5,0,meningioma,0.998951635123655,0.0007110261548372,0.0003373387215077,0,meningioma,0.998951635123655,919d6f0fb3ca462983d6df6ec06846e41abd9645
densenet121,A,110,108514,patient_disjoint,5,0,meningioma,0.9983771941979,0.0013093009228741,0.0003135048792261,0,meningioma,0.9983771941979,919d6f0fb3ca462983d6df6ec06846e41abd9645
densenet121,A,111,108550,patient_disjoint,5,0,meningioma,0.4128250082350578,0.0088322802694294,0.5783427114955128,2,pituitary,0.5783427114955128,919d6f0fb3ca462983d6df6ec06846e41abd9645
densenet121,A,112,108550,patient_disjoint,5,0,meningioma,0.975645841786372,0.0002023130726322,0.0241518451409956,0,meningioma,0.975645841786372,919d6f0fb3ca462983d6df6ec06846e41abd9645
densenet121,A,113,108590,patient_disjoint,3,0,meningioma,0.9996237219400688,5.335949275953087e-05,0.0003229185671715,0,meningioma,0.9996237219400688,919d6f0fb3ca462983d6df6ec06846e41abd9645
densenet121,A,114,108590,patient_disjoint,3,0,meningioma,0.99974898322976,7.339916483204311e-05,0.000177617605408,0,meningioma,0.99974898322976,919d6f0fb3ca462983d6df6ec06846e41abd9645
densenet121,A,115,108945,patient_disjoint,4,0,meningioma,0.9896287633560223,0.0048391930097302,0.0055320436342473,0,meningioma,0.9896287633560223,919d6f0fb3ca462983d6df6ec06846e41abd9645
densenet121,A,116,108945,patient_disjoint,4,0,meningioma,0.9512750947220534,0.0473072501142804,0.0014176551636661,0,meningioma,0.9512750947220534,919d6f0fb3ca462983d6df6ec06846e41abd9645
densenet121,A,117,108945,patient_disjoint,4,0,meningioma,0.9966791507366498,0.0023454639225803,0.0009753853407699,0,meningioma,0.9966791507366498,919d6f0fb3ca462983d6df6ec06846e41abd9645
densenet121,A,118,108945,patient_disjoint,4,0,meningioma,0.999053154274883,0.0004927000723778,0.0004541456527392,0,meningioma,0.999053154274883,919d6f0fb3ca462983d6df6ec06846e41abd9645
densenet121,A,119,109411,patient_disjoint,3,0,meningioma,0.991945873096894,0.0046099666448254,0.0034441602582806,0,meningioma,0.991945873096894,919d6f0fb3ca462983d6df6ec06846e41abd9645
densenet121,A,120,109968,patient_disjoint,3,0,meningioma,0.9554443524004798,0.0092405195074343,0.035315128092086,0,meningioma,0.9554443524004798,919d6f0fb3ca462983d6df6ec06846e41abd9645
densenet121,A,121,109968,patient_disjoint,3,0,meningioma,0.9225016590395166,0.0146527616775173,0.0628455792829659,0,meningioma,0.9225016590395166,919d6f0fb3ca462983d6df6ec06846e41abd9645
densenet121,A,122,109968,patient_disjoint,3,0,meningioma,0.9981330166034652,0.0003444081496443,0.0015225752468904,0,meningioma,0.9981330166034652,919d6f0fb3ca462983d6df6ec06846e41abd9645
densenet121,A,123,109968,patient_disjoint,3,0,meningioma,0.99775533540849,0.0004696570584407,0.0017750075330692,0,meningioma,0.99775533540849,919d6f0fb3ca462983d6df6ec06846e41abd9645
densenet121,A,124,110116,patient_disjoint,5,0,meningioma,0.0497888433809857,4.484683910843849e-05,0.950166309779906,2,pituitary,0.950166309779906,919d6f0fb3ca462983d6df6ec06846e41abd9645
densenet121,A,125,111077,patient_disjoint,2,0,meningioma,0.8746666175780038,0.0037738966656083,0.1215594857563878,0,meningioma,0.8746666175780038,919d6f0fb3ca462983d6df6ec06846e41abd9645
densenet121,A,126,111077,patient_disjoint,2,0,meningioma,0.991865062479925,0.0066923463368446,0.0014425911832302,0,meningioma,0.991865062479925,919d6f0fb3ca462983d6df6ec06846e41abd9645
densenet121,A,127,111077,patient_disjoint,2,0,meningioma,0.9784861521666391,0.0137544937390979,0.0077593540942627,0,meningioma,0.9784861521666391,919d6f0fb3ca462983d6df6ec06846e41abd9645
densenet121,A,128,111366,patient_disjoint,3,0,meningioma,0.6236532402681679,0.2437882521401697,0.1325585075916624,0,meningioma,0.6236532402681679,919d6f0fb3ca462983d6df6ec06846e41abd9645
densenet121,A,129,111366,patient_disjoint,3,0,meningioma,0.3221769660993235,0.0600548867896681,0.6177681471110084,2,pituitary,0.6177681471110084,919d6f0fb3ca462983d6df6ec06846e41abd9645
densenet121,A,130,111366,patient_disjoint,3,0,meningioma,0.9258215852651004,0.0117654274966033,0.0624129872382963,0,meningioma,0.9258215852651004,919d6f0fb3ca462983d6df6ec06846e41abd9645
densenet121,A,131,111366,patient_disjoint,3,0,meningioma,0.9891152479417498,0.0045487332775988,0.0063360187806513,0,meningioma,0.9891152479417498,919d6f0fb3ca462983d6df6ec06846e41abd9645
densenet121,A,132,111532,patient_disjoint,1,0,meningioma,0.999281962478341,0.0006492271269269,6.881039473219337e-05,0,meningioma,0.999281962478341,919d6f0fb3ca462983d6df6ec06846e41abd9645
densenet121,A,133,111532,patient_disjoint,1,0,meningioma,0.9998845476559454,8.848513392978784e-05,2.6967210124948008e-05,0,meningioma,0.9998845476559454,919d6f0fb3ca462983d6df6ec06846e41abd9645
densenet121,A,134,111532,patient_disjoint,1,0,meningioma,0.999657975158351,0.0002960091725877,4.601566906130543e-05,0,meningioma,0.999657975158351,919d6f0fb3ca462983d6df6ec06846e41abd9645
densenet121,A,135,112002,patient_disjoint,2,0,meningioma,0.3866991307005101,0.5748184871357503,0.0384823821637395,1,glioma,0.5748184871357503,919d6f0fb3ca462983d6df6ec06846e41abd9645
densenet121,A,136,112002,patient_disjoint,2,0,meningioma,0.0800161194842839,0.9161962172758314,0.0037876632398844,1,glioma,0.9161962172758314,919d6f0fb3ca462983d6df6ec06846e41abd9645
densenet121,A,137,112002,patient_disjoint,2,0,meningioma,0.0450743409699715,0.9052907530566994,0.0496349059733289,1,glioma,0.9052907530566994,919d6f0fb3ca462983d6df6ec06846e41abd9645
densenet121,A,138,112002,patient_disjoint,2,0,meningioma,0.1410574929858802,0.8164126646419323,0.0425298423721875,1,glioma,0.8164126646419323,919d6f0fb3ca462983d6df6ec06846e41abd9645
densenet121,A,139,112062,patient_disjoint,4,0,meningioma,0.9994045380780996,0.0002168719329379,0.0003785899889626,0,meningioma,0.9994045380780996,919d6f0fb3ca462983d6df6ec06846e41abd9645
densenet121,A,140,112062,patient_disjoint,4,0,meningioma,0.99919798661084,8.985583973256639e-05,0.0007121575494274,0,meningioma,0.99919798661084,919d6f0fb3ca462983d6df6ec06846e41abd9645
densenet121,A,141,112062,patient_disjoint,4,0,meningioma,0.9964526528814154,0.0005395356174574,0.0030078115011271,0,meningioma,0.9964526528814154,919d6f0fb3ca462983d6df6ec06846e41abd9645
densenet121,A,142,112252,patient_disjoint,1,0,meningioma,0.996830345539221,0.0029017881921033,0.0002678662686757,0,meningioma,0.996830345539221,919d6f0fb3ca462983d6df6ec06846e41abd9645
densenet121,A,143,112252,patient_disjoint,1,0,meningioma,0.994531362698916,0.0052063621518854,0.0002622751491986,0,meningioma,0.994531362698916,919d6f0fb3ca462983d6df6ec06846e41abd9645
densenet121,A,144,112552,patient_disjoint,2,0,meningioma,0.9448622462712776,0.0285875460640318,0.0265502076646903,0,meningioma,0.9448622462712776,919d6f0fb3ca462983d6df6ec06846e41abd9645
densenet121,A,145,112552,patient_disjoint,2,0,meningioma,0.9930834539190252,0.0006635398727082,0.0062530062082665,0,meningioma,0.9930834539190252,919d6f0fb3ca462983d6df6ec06846e41abd9645
densenet121,A,146,112552,patient_disjoint,2,0,meningioma,0.9920821291862808,0.0030619181133749,0.0048559527003442,0,meningioma,0.9920821291862808,919d6f0fb3ca462983d6df6ec06846e41abd9645
densenet121,A,147,112552,patient_disjoint,2,0,meningioma,0.995462981313594,0.0013593994141955,0.0031776192722106,0,meningioma,0.995462981313594,919d6f0fb3ca462983d6df6ec06846e41abd9645
densenet121,A,148,112552,patient_disjoint,2,0,meningioma,0.9929962657343758,0.003754163441543,0.0032495708240813,0,meningioma,0.9929962657343758,919d6f0fb3ca462983d6df6ec06846e41abd9645
densenet121,A,149,112552,patient_disjoint,2,0,meningioma,0.9977537761276644,0.0012710508528034,0.0009751730195319,0,meningioma,0.9977537761276644,919d6f0fb3ca462983d6df6ec06846e41abd9645
densenet121,A,150,112552,patient_disjoint,2,0,meningioma,0.9485820571350662,0.0467214888703578,0.0046964539945758,0,meningioma,0.9485820571350662,919d6f0fb3ca462983d6df6ec06846e41abd9645
densenet121,A,151,112648,patient_disjoint,3,0,meningioma,0.9987977068344568,0.0004377714967679,0.0007645216687752,0,meningioma,0.9987977068344568,919d6f0fb3ca462983d6df6ec06846e41abd9645
densenet121,A,152,112648,patient_disjoint,3,0,meningioma,0.9978688936481878,0.0008190469125764,0.0013120594392359,0,meningioma,0.9978688936481878,919d6f0fb3ca462983d6df6ec06846e41abd9645
densenet121,A,153,112648,patient_disjoint,3,0,meningioma,0.9943658783999813,0.0040999327957524,0.0015341888042662,0,meningioma,0.9943658783999813,919d6f0fb3ca462983d6df6ec06846e41abd9645
densenet121,A,154,113435,patient_disjoint,5,0,meningioma,0.8797104746691475,0.119108944085111,0.0011805812457413,0,meningioma,0.8797104746691475,919d6f0fb3ca462983d6df6ec06846e41abd9645
densenet121,A,155,113435,patient_disjoint,5,0,meningioma,0.9863871591664732,0.0124803125011459,0.0011325283323805,0,meningioma,0.9863871591664732,919d6f0fb3ca462983d6df6ec06846e41abd9645
densenet121,A,156,113435,patient_disjoint,5,0,meningioma,0.9928558108245636,0.0066950457893454,0.0004491433860908,0,meningioma,0.9928558108245636,919d6f0fb3ca462983d6df6ec06846e41abd9645
densenet121,A,157,113435,patient_disjoint,5,0,meningioma,0.9679600978231884,0.0300566328976701,0.0019832692791412,0,meningioma,0.9679600978231884,919d6f0fb3ca462983d6df6ec06846e41abd9645
densenet121,A,158,113435,patient_disjoint,5,0,meningioma,0.996328487580675,0.0029798771254303,0.0006916352938944,0,meningioma,0.996328487580675,919d6f0fb3ca462983d6df6ec06846e41abd9645
densenet121,A,159,113435,patient_disjoint,5,0,meningioma,0.9882643067306498,0.0112009569257973,0.0005347363435527,0,meningioma,0.9882643067306498,919d6f0fb3ca462983d6df6ec06846e41abd9645
densenet121,A,160,113554,patient_disjoint,5,0,meningioma,0.9999044992213614,7.247194035649602e-05,2.3028838282226797e-05,0,meningioma,0.9999044992213614,919d6f0fb3ca462983d6df6ec06846e41abd9645
densenet121,A,161,113554,patient_disjoint,5,0,meningioma,0.9995354225642068,0.0002386212093355,0.0002259562264576,0,meningioma,0.9995354225642068,919d6f0fb3ca462983d6df6ec06846e41abd9645
densenet121,A,162,113554,patient_disjoint,5,0,meningioma,0.9998747662303282,5.546652626111746e-05,6.976724341064053e-05,0,meningioma,0.9998747662303282,919d6f0fb3ca462983d6df6ec06846e41abd9645
densenet121,A,163,113805,patient_disjoint,2,0,meningioma,0.9953402623547648,0.0025839075508095,0.0020758300944258,0,meningioma,0.9953402623547648,919d6f0fb3ca462983d6df6ec06846e41abd9645
densenet121,A,164,114018,patient_disjoint,2,0,meningioma,0.9984855090943844,0.0008611778577522,0.0006533130478631,0,meningioma,0.9984855090943844,919d6f0fb3ca462983d6df6ec06846e41abd9645
densenet121,A,165,114018,patient_disjoint,2,0,meningioma,0.999141433629628,0.0002562453337948,0.0006023210365768,0,meningioma,0.999141433629628,919d6f0fb3ca462983d6df6ec06846e41abd9645
densenet121,A,166,114018,patient_disjoint,2,0,meningioma,0.9992044965324984,5.64414820121156e-05,0.0007390619854892,0,meningioma,0.9992044965324984,919d6f0fb3ca462983d6df6ec06846e41abd9645
densenet121,A,167,114018,patient_disjoint,2,0,meningioma,0.9995253741092208,0.0001233201489641,0.0003513057418151,0,meningioma,0.9995253741092208,919d6f0fb3ca462983d6df6ec06846e41abd9645
densenet121,A,168,114018,patient_disjoint,2,0,meningioma,0.9995802809014532,0.0001565360988418,0.000263182999705,0,meningioma,0.9995802809014532,919d6f0fb3ca462983d6df6ec06846e41abd9645
densenet121,A,169,114359,patient_disjoint,2,0,meningioma,0.8884362402230184,0.1113594645794545,0.0002042951975272,0,meningioma,0.8884362402230184,919d6f0fb3ca462983d6df6ec06846e41abd9645
densenet121,A,170,114359,patient_disjoint,2,0,meningioma,0.9855451222091266,0.0143806449765364,7.423281433687012e-05,0,meningioma,0.9855451222091266,919d6f0fb3ca462983d6df6ec06846e41abd9645
densenet121,A,171,114359,patient_disjoint,2,0,meningioma,0.9964572304995224,0.0035080775666394,3.469193383807706e-05,0,meningioma,0.9964572304995224,919d6f0fb3ca462983d6df6ec06846e41abd9645
densenet121,A,172,114359,patient_disjoint,2,0,meningioma,0.9963994262684358,0.0034866365552658,0.0001139371762982,0,meningioma,0.9963994262684358,919d6f0fb3ca462983d6df6ec06846e41abd9645
densenet121,A,173,114359,patient_disjoint,2,0,meningioma,0.9983931082273316,0.0014650301830232,0.000141861589645,0,meningioma,0.9983931082273316,919d6f0fb3ca462983d6df6ec06846e41abd9645
densenet121,A,174,114359,patient_disjoint,2,0,meningioma,0.9979350417931396,0.0019613123311304,0.00010364587573,0,meningioma,0.9979350417931396,919d6f0fb3ca462983d6df6ec06846e41abd9645
densenet121,A,175,97607,patient_disjoint,1,0,meningioma,0.9970618146664412,0.0028944646872052,4.372064635368119e-05,0,meningioma,0.9970618146664412,919d6f0fb3ca462983d6df6ec06846e41abd9645
densenet121,A,176,97607,patient_disjoint,1,0,meningioma,0.9998735004999464,0.000118056730024,8.442770029620318e-06,0,meningioma,0.9998735004999464,919d6f0fb3ca462983d6df6ec06846e41abd9645
densenet121,A,177,97607,patient_disjoint,1,0,meningioma,0.9997667366088628,0.000133931700873,9.93316902642713e-05,0,meningioma,0.9997667366088628,919d6f0fb3ca462983d6df6ec06846e41abd9645
densenet121,A,178,97607,patient_disjoint,1,0,meningioma,0.999673580466944,0.0001531895833507,0.0001732299497052,0,meningioma,0.999673580466944,919d6f0fb3ca462983d6df6ec06846e41abd9645
densenet121,A,179,97607,patient_disjoint,1,0,meningioma,0.9338582172678592,0.0651546584511531,0.0009871242809877,0,meningioma,0.9338582172678592,919d6f0fb3ca462983d6df6ec06846e41abd9645
densenet121,A,180,97737,patient_disjoint,1,0,meningioma,0.9999181731019716,5.616944899489795e-05,2.5657449033552693e-05,0,meningioma,0.9999181731019716,919d6f0fb3ca462983d6df6ec06846e41abd9645
densenet121,A,181,97737,patient_disjoint,1,0,meningioma,0.9997342397854112,0.000115409877554,0.0001503503370349,0,meningioma,0.9997342397854112,919d6f0fb3ca462983d6df6ec06846e41abd9645
densenet121,A,182,97737,patient_disjoint,1,0,meningioma,0.9995489167878034,0.0001937915212647,0.0002572916909318,0,meningioma,0.9995489167878034,919d6f0fb3ca462983d6df6ec06846e41abd9645
densenet121,A,183,97737,patient_disjoint,1,0,meningioma,0.9982241362655552,0.001109406781389,0.0006664569530556,0,meningioma,0.9982241362655552,919d6f0fb3ca462983d6df6ec06846e41abd9645
densenet121,A,184,97875,patient_disjoint,4,0,meningioma,0.9580140091440283,0.0065141511147884,0.0354718397411831,0,meningioma,0.9580140091440283,919d6f0fb3ca462983d6df6ec06846e41abd9645
densenet121,A,185,97875,patient_disjoint,4,0,meningioma,0.8988498407800224,0.08680674724843,0.0143434119715476,0,meningioma,0.8988498407800224,919d6f0fb3ca462983d6df6ec06846e41abd9645
densenet121,A,186,97875,patient_disjoint,4,0,meningioma,0.1783249296182562,0.1041541879791721,0.7175208824025716,2,pituitary,0.7175208824025716,919d6f0fb3ca462983d6df6ec06846e41abd9645
densenet121,A,187,97943,patient_disjoint,3,0,meningioma,0.997852451045919,0.0020397177805094,0.0001078311735715,0,meningioma,0.997852451045919,919d6f0fb3ca462983d6df6ec06846e41abd9645
densenet121,A,188,97943,patient_disjoint,3,0,meningioma,0.996030285710462,0.0039110708079118,5.8643481626174415e-05,0,meningioma,0.996030285710462,919d6f0fb3ca462983d6df6ec06846e41abd9645
densenet121,A,189,97943,patient_disjoint,3,0,meningioma,0.9889271932445028,0.0103829989205193,0.0006898078349779,0,meningioma,0.9889271932445028,919d6f0fb3ca462983d6df6ec06846e41abd9645
densenet121,A,190,97943,patient_disjoint,3,0,meningioma,0.9932477591380784,0.0067098526186898,4.238824323164929e-05,0,meningioma,0.9932477591380784,919d6f0fb3ca462983d6df6ec06846e41abd9645
densenet121,A,191,97943,patient_disjoint,3,0,meningioma,0.994690471151106,0.0052155503477093,9.397850118449478e-05,0,meningioma,0.994690471151106,919d6f0fb3ca462983d6df6ec06846e41abd9645
densenet121,A,192,98241,patient_disjoint,2,0,meningioma,0.9932238021312744,0.0061513178809694,0.0006248799877561,0,meningioma,0.9932238021312744,919d6f0fb3ca462983d6df6ec06846e41abd9645
densenet121,A,193,98241,patient_disjoint,2,0,meningioma,0.9875208128174552,0.0103394632789367,0.002139723903608,0,meningioma,0.9875208128174552,919d6f0fb3ca462983d6df6ec06846e41abd9645
densenet121,A,194,98241,patient_disjoint,2,0,meningioma,0.9991246732150066,0.0005125029657319,0.0003628238192613,0,meningioma,0.9991246732150066,919d6f0fb3ca462983d6df6ec06846e41abd9645
densenet121,A,195,98241,patient_disjoint,2,0,meningioma,0.9993635413236972,0.0001987957695857,0.000437662906717,0,meningioma,0.9993635413236972,919d6f0fb3ca462983d6df6ec06846e41abd9645
densenet121,A,196,98241,patient_disjoint,2,0,meningioma,0.999533900448319,0.0001964178069757,0.0002696817447051,0,meningioma,0.999533900448319,919d6f0fb3ca462983d6df6ec06846e41abd9645
densenet121,A,197,98241,patient_disjoint,2,0,meningioma,0.9997467671880996,0.0002073528342069,4.587997769349768e-05,0,meningioma,0.9997467671880996,919d6f0fb3ca462983d6df6ec06846e41abd9645
densenet121,A,198,99017,patient_disjoint,1,0,meningioma,0.9921884530447236,0.0033832955338497,0.0044282514214266,0,meningioma,0.9921884530447236,919d6f0fb3ca462983d6df6ec06846e41abd9645
densenet121,A,199,99017,patient_disjoint,1,0,meningioma,0.991694508931191,0.0024906663868916,0.0058148246819173,0,meningioma,0.991694508931191,919d6f0fb3ca462983d6df6ec06846e41abd9645
densenet121,A,200,99089,patient_disjoint,5,0,meningioma,0.9989912897554472,0.0006784116278552,0.0003302986166975,0,meningioma,0.9989912897554472,919d6f0fb3ca462983d6df6ec06846e41abd9645
densenet121,A,201,99089,patient_disjoint,5,0,meningioma,0.9997766672352222,1.4763224181216152e-05,0.0002085695405967,0,meningioma,0.9997766672352222,919d6f0fb3ca462983d6df6ec06846e41abd9645
densenet121,A,202,99089,patient_disjoint,5,0,meningioma,0.9996304950539164,0.0001758718701474,0.0001936330759361,0,meningioma,0.9996304950539164,919d6f0fb3ca462983d6df6ec06846e41abd9645
densenet121,A,203,99288,patient_disjoint,2,0,meningioma,0.9938472510365498,0.0052818294173494,0.0008709195461005,0,meningioma,0.9938472510365498,919d6f0fb3ca462983d6df6ec06846e41abd9645
densenet121,A,204,99308,patient_disjoint,2,0,meningioma,0.9502955839108296,0.0472703241868191,0.0024340919023513,0,meningioma,0.9502955839108296,919d6f0fb3ca462983d6df6ec06846e41abd9645
densenet121,A,205,99308,patient_disjoint,2,0,meningioma,0.9012403516380778,0.0932539093391274,0.0055057390227947,0,meningioma,0.9012403516380778,919d6f0fb3ca462983d6df6ec06846e41abd9645
densenet121,A,206,99308,patient_disjoint,2,0,meningioma,0.9822532721219138,0.0106689671070683,0.0070777607710179,0,meningioma,0.9822532721219138,919d6f0fb3ca462983d6df6ec06846e41abd9645
densenet121,A,207,99308,patient_disjoint,2,0,meningioma,0.9980265832885707,0.0012429874156737,0.0007304292957554,0,meningioma,0.9980265832885707,919d6f0fb3ca462983d6df6ec06846e41abd9645
densenet121,A,208,99308,patient_disjoint,2,0,meningioma,0.998831154906246,0.001062278911568,0.0001065661821858,0,meningioma,0.998831154906246,919d6f0fb3ca462983d6df6ec06846e41abd9645
densenet121,A,209,100820,patient_disjoint,3,1,glioma,0.0680163623256268,0.9269663927139774,0.0050172449603958,1,glioma,0.9269663927139774,919d6f0fb3ca462983d6df6ec06846e41abd9645
densenet121,A,210,100820,patient_disjoint,3,1,glioma,0.9755638309237724,0.0233964856086149,0.0010396834676127,0,meningioma,0.9755638309237724,919d6f0fb3ca462983d6df6ec06846e41abd9645
densenet121,A,211,100360,patient_disjoint,5,0,meningioma,0.578586826209447,0.4159638494560013,0.0054493243345515,0,meningioma,0.578586826209447,919d6f0fb3ca462983d6df6ec06846e41abd9645
densenet121,A,212,100360,patient_disjoint,5,0,meningioma,0.5654518684795677,0.4296346798857418,0.0049134516346904,0,meningioma,0.5654518684795677,919d6f0fb3ca462983d6df6ec06846e41abd9645
densenet121,A,213,100360,patient_disjoint,5,0,meningioma,0.9703513416417596,0.023530152011536,0.0061185063467044,0,meningioma,0.9703513416417596,919d6f0fb3ca462983d6df6ec06846e41abd9645
densenet121,A,214,100360,patient_disjoint,5,0,meningioma,0.9816160748666576,0.0171935493759057,0.0011903757574364,0,meningioma,0.9816160748666576,919d6f0fb3ca462983d6df6ec06846e41abd9645
densenet121,A,215,100360,patient_disjoint,5,0,meningioma,0.9684215776156874,0.0303616306002474,0.0012167917840652,0,meningioma,0.9684215776156874,919d6f0fb3ca462983d6df6ec06846e41abd9645
densenet121,A,216,100360,patient_disjoint,5,0,meningioma,0.9842803662035072,0.0146062787777353,0.0011133550187575,0,meningioma,0.9842803662035072,919d6f0fb3ca462983d6df6ec06846e41abd9645
densenet121,A,217,100360,patient_disjoint,5,0,meningioma,0.6577944519488609,0.3378754840836894,0.0043300639674497,0,meningioma,0.6577944519488609,919d6f0fb3ca462983d6df6ec06846e41abd9645
densenet121,A,218,100572,patient_disjoint,3,0,meningioma,0.9962187878866876,0.0002270193233316,0.0035541927899806,0,meningioma,0.9962187878866876,919d6f0fb3ca462983d6df6ec06846e41abd9645
densenet121,A,219,100572,patient_disjoint,3,0,meningioma,0.9933818667608496,0.0003211246864142,0.006297008552736,0,meningioma,0.9933818667608496,919d6f0fb3ca462983d6df6ec06846e41abd9645
densenet121,A,220,100572,patient_disjoint,3,0,meningioma,0.8366920736246737,0.0029217056093627,0.1603862207659636,0,meningioma,0.8366920736246737,919d6f0fb3ca462983d6df6ec06846e41abd9645
densenet121,A,221,101016,patient_disjoint,4,0,meningioma,0.9990241829358348,0.0008892177731406,8.659929102475447e-05,0,meningioma,0.9990241829358348,919d6f0fb3ca462983d6df6ec06846e41abd9645
densenet121,A,222,101016,patient_disjoint,4,0,meningioma,0.9991624879084072,0.0007402904851725,9.722160642028592e-05,0,meningioma,0.9991624879084072,919d6f0fb3ca462983d6df6ec06846e41abd9645
densenet121,A,223,101016,patient_disjoint,4,0,meningioma,0.9977211509122234,0.0021130282266531,0.0001658208611235,0,meningioma,0.9977211509122234,919d6f0fb3ca462983d6df6ec06846e41abd9645
densenet121,A,224,101016,patient_disjoint,4,0,meningioma,0.999035923029114,0.0008733204318524,9.075653903331056e-05,0,meningioma,0.999035923029114,919d6f0fb3ca462983d6df6ec06846e41abd9645
densenet121,A,225,101016,patient_disjoint,4,0,meningioma,0.999049641500766,0.0008690201734698,8.133832576451493e-05,0,meningioma,0.999049641500766,919d6f0fb3ca462983d6df6ec06846e41abd9645
densenet121,A,226,101016,patient_disjoint,4,0,meningioma,0.9959691464853636,0.0039236095647399,0.0001072439498966,0,meningioma,0.9959691464853636,919d6f0fb3ca462983d6df6ec06846e41abd9645
densenet121,A,227,101127,patient_disjoint,4,0,meningioma,0.6152352330252876,0.0163719913478405,0.3683927756268718,0,meningioma,0.6152352330252876,919d6f0fb3ca462983d6df6ec06846e41abd9645
densenet121,A,228,101127,patient_disjoint,4,0,meningioma,0.9543676477426554,0.0010714985848523,0.0445608536724922,0,meningioma,0.9543676477426554,919d6f0fb3ca462983d6df6ec06846e41abd9645
densenet121,A,229,101127,patient_disjoint,4,0,meningioma,0.7558005716857068,0.0016364903532924,0.2425629379610007,0,meningioma,0.7558005716857068,919d6f0fb3ca462983d6df6ec06846e41abd9645
densenet121,A,230,101127,patient_disjoint,4,0,meningioma,0.0245586457716042,0.016462621986897,0.9589787322414988,2,pituitary,0.9589787322414988,919d6f0fb3ca462983d6df6ec06846e41abd9645
densenet121,A,231,101797,patient_disjoint,5,0,meningioma,0.8994297571756866,0.09555394266476,0.0050163001595532,0,meningioma,0.8994297571756866,919d6f0fb3ca462983d6df6ec06846e41abd9645
densenet121,A,232,101797,patient_disjoint,5,0,meningioma,0.9998262653231172,3.3948308461082056e-05,0.0001397863684218,0,meningioma,0.9998262653231172,919d6f0fb3ca462983d6df6ec06846e41abd9645
densenet121,A,233,101797,patient_disjoint,5,0,meningioma,0.9869364772324534,0.0016116591997783,0.0114518635677681,0,meningioma,0.9869364772324534,919d6f0fb3ca462983d6df6ec06846e41abd9645
densenet121,A,234,101797,patient_disjoint,5,0,meningioma,0.99890575702034,0.0006971919383284,0.0003970510413316,0,meningioma,0.99890575702034,919d6f0fb3ca462983d6df6ec06846e41abd9645
densenet121,A,235,101797,patient_disjoint,5,0,meningioma,0.9969031888425472,0.0003825687943597,0.0027142423630928,0,meningioma,0.9969031888425472,919d6f0fb3ca462983d6df6ec06846e41abd9645
densenet121,A,236,102420,patient_disjoint,1,0,meningioma,0.9998472730890484,0.0001380151265142,1.4711784437123495e-05,0,meningioma,0.9998472730890484,919d6f0fb3ca462983d6df6ec06846e41abd9645
densenet121,A,237,102420,patient_disjoint,1,0,meningioma,0.9998544138770376,0.0001326716910175,1.291443194478337e-05,0,meningioma,0.9998544138770376,919d6f0fb3ca462983d6df6ec06846e41abd9645
densenet121,A,238,102420,patient_disjoint,1,0,meningioma,0.9977441075723332,0.0021973772031662,5.8515224500572034e-05,0,meningioma,0.9977441075723332,919d6f0fb3ca462983d6df6ec06846e41abd9645
densenet121,A,239,102446,patient_disjoint,3,0,meningioma,0.9998619909921432,7.869618648250016e-05,5.9312821374271194e-05,0,meningioma,0.9998619909921432,919d6f0fb3ca462983d6df6ec06846e41abd9645
densenet121,A,240,102675,patient_disjoint,1,0,meningioma,0.9961559163548522,0.0023857702796698,0.001458313365478,0,meningioma,0.9961559163548522,919d6f0fb3ca462983d6df6ec06846e41abd9645
densenet121,A,241,102675,patient_disjoint,1,0,meningioma,0.9923206478032158,0.0055711797859832,0.0021081724108009,0,meningioma,0.9923206478032158,919d6f0fb3ca462983d6df6ec06846e41abd9645
densenet121,A,242,102714,patient_disjoint,5,0,meningioma,0.9993588700915084,0.0002397032940859,0.0004014266144057,0,meningioma,0.9993588700915084,919d6f0fb3ca462983d6df6ec06846e41abd9645
densenet121,A,243,102714,patient_disjoint,5,0,meningioma,0.999661917738002,0.0001669017241161,0.0001711805378817,0,meningioma,0.999661917738002,919d6f0fb3ca462983d6df6ec06846e41abd9645
densenet121,A,244,102714,patient_disjoint,5,0,meningioma,0.999542965419414,5.737993813929738e-05,0.0003996546424466,0,meningioma,0.999542965419414,919d6f0fb3ca462983d6df6ec06846e41abd9645
densenet121,A,245,102714,patient_disjoint,5,0,meningioma,0.999006041205661,0.0005154712145705,0.0004784875797682,0,meningioma,0.999006041205661,919d6f0fb3ca462983d6df6ec06846e41abd9645
densenet121,A,246,102929,patient_disjoint,2,0,meningioma,0.826447777003917,0.0050002975306938,0.168551925465389,0,meningioma,0.826447777003917,919d6f0fb3ca462983d6df6ec06846e41abd9645
densenet121,A,247,102929,patient_disjoint,2,0,meningioma,0.7547195476391503,0.0311535027402098,0.2141269496206398,0,meningioma,0.7547195476391503,919d6f0fb3ca462983d6df6ec06846e41abd9645
densenet121,A,248,102929,patient_disjoint,2,0,meningioma,0.831210028052133,0.0188147922605468,0.1499751796873204,0,meningioma,0.831210028052133,919d6f0fb3ca462983d6df6ec06846e41abd9645
densenet121,A,249,102929,patient_disjoint,2,0,meningioma,0.9605455125632502,0.0109262807563549,0.0285282066803947,0,meningioma,0.9605455125632502,919d6f0fb3ca462983d6df6ec06846e41abd9645
densenet121,A,250,102929,patient_disjoint,2,0,meningioma,0.8378339458110221,0.0053443970971155,0.1568216570918622,0,meningioma,0.8378339458110221,919d6f0fb3ca462983d6df6ec06846e41abd9645
densenet121,A,251,102929,patient_disjoint,2,0,meningioma,0.4793679569161379,0.0119546737568454,0.5086773693270167,2,pituitary,0.5086773693270167,919d6f0fb3ca462983d6df6ec06846e41abd9645
densenet121,A,252,102935,patient_disjoint,1,0,meningioma,0.9109141509480662,0.0868213252021704,0.0022645238497633,0,meningioma,0.9109141509480662,919d6f0fb3ca462983d6df6ec06846e41abd9645
densenet121,A,253,102985,patient_disjoint,4,0,meningioma,0.9972068066863552,0.002666527366577,0.0001266659470675,0,meningioma,0.9972068066863552,919d6f0fb3ca462983d6df6ec06846e41abd9645
densenet121,A,254,103673,patient_disjoint,5,0,meningioma,0.0009102400251707,0.000115172295425,0.9989745876794044,2,pituitary,0.9989745876794044,919d6f0fb3ca462983d6df6ec06846e41abd9645
densenet121,A,255,103673,patient_disjoint,5,0,meningioma,0.0002774409931086,9.29720906429751e-05,0.9996295869162484,2,pituitary,0.9996295869162484,919d6f0fb3ca462983d6df6ec06846e41abd9645
densenet121,A,256,103673,patient_disjoint,5,0,meningioma,0.0002528478287484,0.0001061521204269,0.9996410000508248,2,pituitary,0.9996410000508248,919d6f0fb3ca462983d6df6ec06846e41abd9645
densenet121,A,257,103673,patient_disjoint,5,0,meningioma,0.0002624044805902,8.9991549919859e-05,0.99964760396949,2,pituitary,0.99964760396949,919d6f0fb3ca462983d6df6ec06846e41abd9645
densenet121,A,258,103673,patient_disjoint,5,0,meningioma,0.0001056536746694,8.17493368473064e-05,0.9998125969884832,2,pituitary,0.9998125969884832,919d6f0fb3ca462983d6df6ec06846e41abd9645
densenet121,A,259,103673,patient_disjoint,5,0,meningioma,0.0001473808077353,7.251681239259483e-05,0.999780102379872,2,pituitary,0.999780102379872,919d6f0fb3ca462983d6df6ec06846e41abd9645
densenet121,A,260,103673,patient_disjoint,5,0,meningioma,0.0001836733607293,0.0001938362383809,0.9996224904008896,2,pituitary,0.9996224904008896,919d6f0fb3ca462983d6df6ec06846e41abd9645
densenet121,A,261,103925,patient_disjoint,4,0,meningioma,0.9541951478948836,0.0337436363481113,0.0120612157570051,0,meningioma,0.9541951478948836,919d6f0fb3ca462983d6df6ec06846e41abd9645
densenet121,A,262,103925,patient_disjoint,4,0,meningioma,0.5352727278831251,0.444923037469476,0.0198042346473988,0,meningioma,0.5352727278831251,919d6f0fb3ca462983d6df6ec06846e41abd9645
densenet121,A,263,103925,patient_disjoint,4,0,meningioma,0.9973629365331854,0.0007598526824472,0.0018772107843671,0,meningioma,0.9973629365331854,919d6f0fb3ca462983d6df6ec06846e41abd9645
densenet121,A,264,103925,patient_disjoint,4,0,meningioma,0.7223690734359998,0.2737007030354578,0.0039302235285424,0,meningioma,0.7223690734359998,919d6f0fb3ca462983d6df6ec06846e41abd9645
densenet121,A,265,103925,patient_disjoint,4,0,meningioma,0.8870650828538447,0.1123607793449842,0.0005741378011712,0,meningioma,0.8870650828538447,919d6f0fb3ca462983d6df6ec06846e41abd9645
densenet121,A,266,103925,patient_disjoint,4,0,meningioma,0.1496356223458553,0.848231486345387,0.0021328913087574,1,glioma,0.848231486345387,919d6f0fb3ca462983d6df6ec06846e41abd9645
densenet121,A,267,103925,patient_disjoint,4,0,meningioma,0.4749640612775531,0.5141804908917675,0.0108554478306793,1,glioma,0.5141804908917675,919d6f0fb3ca462983d6df6ec06846e41abd9645
densenet121,A,268,103925,patient_disjoint,4,0,meningioma,0.2737249547995954,0.7229938146028357,0.0032812305975687,1,glioma,0.7229938146028357,919d6f0fb3ca462983d6df6ec06846e41abd9645
densenet121,A,269,104167,patient_disjoint,3,0,meningioma,0.9985252559987018,0.0002467253494381,0.0012280186518601,0,meningioma,0.9985252559987018,919d6f0fb3ca462983d6df6ec06846e41abd9645
densenet121,A,270,104167,patient_disjoint,3,0,meningioma,0.999478225774073,8.33348323563565e-05,0.0004384393935707,0,meningioma,0.999478225774073,919d6f0fb3ca462983d6df6ec06846e41abd9645
densenet121,A,271,104167,patient_disjoint,3,0,meningioma,0.9989122366707036,6.709167748165376e-05,0.0010206716518148,0,meningioma,0.9989122366707036,919d6f0fb3ca462983d6df6ec06846e41abd9645
densenet121,A,272,104167,patient_disjoint,3,0,meningioma,0.9997024444597044,9.898440570868717e-06,0.0002876570997246,0,meningioma,0.9997024444597044,919d6f0fb3ca462983d6df6ec06846e41abd9645
densenet121,A,273,104167,patient_disjoint,3,0,meningioma,0.9990288459255022,1.974535430881582e-05,0.000951408720189,0,meningioma,0.9990288459255022,919d6f0fb3ca462983d6df6ec06846e41abd9645
densenet121,A,274,104167,patient_disjoint,3,0,meningioma,0.9996418364123238,0.0003023251072427,5.5838480433347405e-05,0,meningioma,0.9996418364123238,919d6f0fb3ca462983d6df6ec06846e41abd9645
densenet121,A,275,104281,patient_disjoint,3,0,meningioma,0.9987587170659518,0.0011847746355476,5.65082985004693e-05,0,meningioma,0.9987587170659518,919d6f0fb3ca462983d6df6ec06846e41abd9645
densenet121,A,276,104281,patient_disjoint,3,0,meningioma,0.9996144989172082,0.0003264360255641,5.9065057227760546e-05,0,meningioma,0.9996144989172082,919d6f0fb3ca462983d6df6ec06846e41abd9645
densenet121,A,277,104281,patient_disjoint,3,0,meningioma,0.9984085073497154,0.0012607952071123,0.0003306974431722,0,meningioma,0.9984085073497154,919d6f0fb3ca462983d6df6ec06846e41abd9645
densenet121,A,278,104281,patient_disjoint,3,0,meningioma,0.9964499485917796,0.0034986456167772,5.140579144303999e-05,0,meningioma,0.9964499485917796,919d6f0fb3ca462983d6df6ec06846e41abd9645
densenet121,A,279,104281,patient_disjoint,3,0,meningioma,0.9992156331914024,0.0007444958402454,3.9870968352232265e-05,0,meningioma,0.9992156331914024,919d6f0fb3ca462983d6df6ec06846e41abd9645
densenet121,A,280,104281,patient_disjoint,3,0,meningioma,0.9988703280609432,0.0010506510722433,7.902086681325395e-05,0,meningioma,0.9988703280609432,919d6f0fb3ca462983d6df6ec06846e41abd9645
densenet121,A,281,105374,patient_disjoint,4,0,meningioma,0.993850887794704,0.0059780758225493,0.0001710363827466,0,meningioma,0.993850887794704,919d6f0fb3ca462983d6df6ec06846e41abd9645
densenet121,A,282,105374,patient_disjoint,4,0,meningioma,0.9973566211550152,0.001815071887343,0.0008283069576417,0,meningioma,0.9973566211550152,919d6f0fb3ca462983d6df6ec06846e41abd9645
densenet121,A,283,105555,patient_disjoint,5,0,meningioma,0.9424210572682687,0.0555314548936441,0.0020474878380871,0,meningioma,0.9424210572682687,919d6f0fb3ca462983d6df6ec06846e41abd9645
densenet121,A,284,105555,patient_disjoint,5,0,meningioma,0.5772222504454821,0.4207434160574556,0.0020343334970622,0,meningioma,0.5772222504454821,919d6f0fb3ca462983d6df6ec06846e41abd9645
densenet121,A,285,105555,patient_disjoint,5,0,meningioma,0.2792276388888611,0.7181135062429918,0.0026588548681472,1,glioma,0.7181135062429918,919d6f0fb3ca462983d6df6ec06846e41abd9645
densenet121,A,286,105937,patient_disjoint,1,0,meningioma,0.9995093747833276,8.337797251839986e-05,0.0004072472441541,0,meningioma,0.9995093747833276,919d6f0fb3ca462983d6df6ec06846e41abd9645
densenet121,A,287,105937,patient_disjoint,1,0,meningioma,0.9992727889062948,8.191562076058916e-05,0.0006452954729445,0,meningioma,0.9992727889062948,919d6f0fb3ca462983d6df6ec06846e41abd9645
densenet121,A,288,105937,patient_disjoint,1,0,meningioma,0.9988837696999396,0.0004469762185823,0.000669254081478,0,meningioma,0.9988837696999396,919d6f0fb3ca462983d6df6ec06846e41abd9645
densenet121,A,289,105937,patient_disjoint,1,0,meningioma,0.9973879235808536,0.0010004396025,0.0016116368166461,0,meningioma,0.9973879235808536,919d6f0fb3ca462983d6df6ec06846e41abd9645
densenet121,A,290,106284,patient_disjoint,2,0,meningioma,0.9544794284487136,0.0027003447360246,0.0428202268152618,0,meningioma,0.9544794284487136,919d6f0fb3ca462983d6df6ec06846e41abd9645
densenet121,A,291,106284,patient_disjoint,2,0,meningioma,0.839377646531793,0.0449141342010348,0.1157082192671721,0,meningioma,0.839377646531793,919d6f0fb3ca462983d6df6ec06846e41abd9645
densenet121,A,292,106284,patient_disjoint,2,0,meningioma,0.9771738317185368,0.0040619206857751,0.018764247595688,0,meningioma,0.9771738317185368,919d6f0fb3ca462983d6df6ec06846e41abd9645
densenet121,A,293,106284,patient_disjoint,2,0,meningioma,0.9908798446461026,0.0016746083494398,0.0074455470044574,0,meningioma,0.9908798446461026,919d6f0fb3ca462983d6df6ec06846e41abd9645
densenet121,A,294,106442,patient_disjoint,1,0,meningioma,0.9999194757553757,6.079920499926536e-05,1.9725039625276908e-05,0,meningioma,0.9999194757553757,919d6f0fb3ca462983d6df6ec06846e41abd9645
densenet121,A,295,106442,patient_disjoint,1,0,meningioma,0.9998163074560332,0.0001718443011541,1.1848242812429016e-05,0,meningioma,0.9998163074560332,919d6f0fb3ca462983d6df6ec06846e41abd9645
densenet121,A,296,106442,patient_disjoint,1,0,meningioma,0.9998483524730348,0.0001169194644753,3.472806248986823e-05,0,meningioma,0.9998483524730348,919d6f0fb3ca462983d6df6ec06846e41abd9645
densenet121,A,297,106534,patient_disjoint,4,0,meningioma,0.9996097907318952,0.0001983065937064,0.0001919026743982,0,meningioma,0.9996097907318952,919d6f0fb3ca462983d6df6ec06846e41abd9645
densenet121,A,298,106534,patient_disjoint,4,0,meningioma,0.9842297908087532,0.0151987090660298,0.000571500125217,0,meningioma,0.9842297908087532,919d6f0fb3ca462983d6df6ec06846e41abd9645
densenet121,A,299,106665,patient_disjoint,3,0,meningioma,0.999664326767913,0.0001503253067539,0.000185347925333,0,meningioma,0.999664326767913,919d6f0fb3ca462983d6df6ec06846e41abd9645
densenet121,A,300,106665,patient_disjoint,3,0,meningioma,0.9985893839216424,0.0008632689815431,0.0005473470968146,0,meningioma,0.9985893839216424,919d6f0fb3ca462983d6df6ec06846e41abd9645
densenet121,A,301,106665,patient_disjoint,3,0,meningioma,0.9986661233395816,0.0006910714646353,0.0006428051957828,0,meningioma,0.9986661233395816,919d6f0fb3ca462983d6df6ec06846e41abd9645
densenet121,A,302,106665,patient_disjoint,3,0,meningioma,0.9992697234807932,0.0002399038497492,0.0004903726694575,0,meningioma,0.9992697234807932,919d6f0fb3ca462983d6df6ec06846e41abd9645
densenet121,A,303,106665,patient_disjoint,3,0,meningioma,0.9839537450355316,0.0040807400139827,0.0119655149504856,0,meningioma,0.9839537450355316,919d6f0fb3ca462983d6df6ec06846e41abd9645
densenet121,A,304,106720,patient_disjoint,1,0,meningioma,0.9920249634728472,0.0067551264543597,0.001219910072793,0,meningioma,0.9920249634728472,919d6f0fb3ca462983d6df6ec06846e41abd9645
densenet121,A,305,106720,patient_disjoint,1,0,meningioma,0.9841183399139596,0.0099118306362427,0.0059698294497976,0,meningioma,0.9841183399139596,919d6f0fb3ca462983d6df6ec06846e41abd9645
densenet121,A,306,106720,patient_disjoint,1,0,meningioma,0.9001051000644208,0.077234232655888,0.0226606672796912,0,meningioma,0.9001051000644208,919d6f0fb3ca462983d6df6ec06846e41abd9645
densenet121,A,307,106720,patient_disjoint,1,0,meningioma,0.9991061568201652,0.0006630295822144,0.0002308135976201,0,meningioma,0.9991061568201652,919d6f0fb3ca462983d6df6ec06846e41abd9645
densenet121,A,308,106720,patient_disjoint,1,0,meningioma,0.9897923150150664,0.0077058141497777,0.0025018708351559,0,meningioma,0.9897923150150664,919d6f0fb3ca462983d6df6ec06846e41abd9645
densenet121,A,309,106720,patient_disjoint,1,0,meningioma,0.897884344920744,0.0958889816355877,0.0062266734436683,0,meningioma,0.897884344920744,919d6f0fb3ca462983d6df6ec06846e41abd9645
densenet121,A,310,106720,patient_disjoint,1,0,meningioma,0.8209825258219585,0.1773050154916632,0.0017124586863783,0,meningioma,0.8209825258219585,919d6f0fb3ca462983d6df6ec06846e41abd9645
densenet121,A,311,106914,patient_disjoint,2,0,meningioma,0.9999073620214438,5.762528379314904e-05,3.501269476318224e-05,0,meningioma,0.9999073620214438,919d6f0fb3ca462983d6df6ec06846e41abd9645
densenet121,A,312,106914,patient_disjoint,2,0,meningioma,0.999946124862932,3.122389351838743e-05,2.2651243549628744e-05,0,meningioma,0.999946124862932,919d6f0fb3ca462983d6df6ec06846e41abd9645
densenet121,A,313,106914,patient_disjoint,2,0,meningioma,0.9997320265783508,0.0001932571901396,7.471623150961194e-05,0,meningioma,0.9997320265783508,919d6f0fb3ca462983d6df6ec06846e41abd9645
densenet121,A,314,106914,patient_disjoint,2,0,meningioma,0.9993181133011176,0.0003340923273817,0.0003477943715007,0,meningioma,0.9993181133011176,919d6f0fb3ca462983d6df6ec06846e41abd9645
densenet121,A,315,107190,patient_disjoint,5,0,meningioma,0.992146778222596,0.0067261830839173,0.0011270386934864,0,meningioma,0.992146778222596,919d6f0fb3ca462983d6df6ec06846e41abd9645
densenet121,A,316,107248,patient_disjoint,5,0,meningioma,0.4648448867482201,0.5133267923301644,0.0218283209216154,1,glioma,0.5133267923301644,919d6f0fb3ca462983d6df6ec06846e41abd9645
densenet121,A,317,107248,patient_disjoint,5,0,meningioma,0.2023134188156223,0.6959798050007552,0.1017067761836226,1,glioma,0.6959798050007552,919d6f0fb3ca462983d6df6ec06846e41abd9645
densenet121,A,318,107248,patient_disjoint,5,0,meningioma,0.9943566235476022,0.0029127721953455,0.0027306042570521,0,meningioma,0.9943566235476022,919d6f0fb3ca462983d6df6ec06846e41abd9645
densenet121,A,319,107248,patient_disjoint,5,0,meningioma,0.9811684191508848,0.015767457596643,0.0030641232524722,0,meningioma,0.9811684191508848,919d6f0fb3ca462983d6df6ec06846e41abd9645
densenet121,A,320,107494,patient_disjoint,4,0,meningioma,0.9840152030439412,0.006811291113032,0.0091735058430268,0,meningioma,0.9840152030439412,919d6f0fb3ca462983d6df6ec06846e41abd9645
densenet121,A,321,107494,patient_disjoint,4,0,meningioma,0.9881015196196776,0.0062943898166466,0.0056040905636759,0,meningioma,0.9881015196196776,919d6f0fb3ca462983d6df6ec06846e41abd9645
densenet121,A,322,107494,patient_disjoint,4,0,meningioma,0.9145784958181216,0.0781362091534727,0.0072852950284055,0,meningioma,0.9145784958181216,919d6f0fb3ca462983d6df6ec06846e41abd9645
densenet121,A,323,107494,patient_disjoint,4,0,meningioma,0.9300847552716268,0.0612428094155371,0.0086724353128361,0,meningioma,0.9300847552716268,919d6f0fb3ca462983d6df6ec06846e41abd9645
densenet121,A,324,107494,patient_disjoint,4,0,meningioma,0.6826369586996142,0.3006022458488716,0.0167607954515142,0,meningioma,0.6826369586996142,919d6f0fb3ca462983d6df6ec06846e41abd9645
densenet121,A,325,107494,patient_disjoint,4,0,meningioma,0.9924820560103744,0.0054298069125181,0.0020881370771073,0,meningioma,0.9924820560103744,919d6f0fb3ca462983d6df6ec06846e41abd9645
densenet121,A,326,108514,patient_disjoint,5,0,meningioma,0.9996947282762864,0.0002587741803546,4.649754335887324e-05,0,meningioma,0.9996947282762864,919d6f0fb3ca462983d6df6ec06846e41abd9645
densenet121,A,327,108514,patient_disjoint,5,0,meningioma,0.9993698133106388,0.000530190088299,9.999660106203616e-05,0,meningioma,0.9993698133106388,919d6f0fb3ca462983d6df6ec06846e41abd9645
densenet121,A,328,108514,patient_disjoint,5,0,meningioma,0.9998078726143916,0.0001382196107843,5.390777482397242e-05,0,meningioma,0.9998078726143916,919d6f0fb3ca462983d6df6ec06846e41abd9645
densenet121,A,329,108514,patient_disjoint,5,0,meningioma,0.9997862168269444,0.0001176347991373,9.61483739182894e-05,0,meningioma,0.9997862168269444,919d6f0fb3ca462983d6df6ec06846e41abd9645
densenet121,A,330,108514,patient_disjoint,5,0,meningioma,0.9996519195678272,0.0002646207348778,8.345969729522295e-05,0,meningioma,0.9996519195678272,919d6f0fb3ca462983d6df6ec06846e41abd9645
densenet121,A,331,108514,patient_disjoint,5,0,meningioma,0.9986642473954772,0.001001401404104,0.0003343512004186,0,meningioma,0.9986642473954772,919d6f0fb3ca462983d6df6ec06846e41abd9645
densenet121,A,332,108550,patient_disjoint,5,0,meningioma,0.9969045035370422,0.0020110949597079,0.0010844015032499,0,meningioma,0.9969045035370422,919d6f0fb3ca462983d6df6ec06846e41abd9645
densenet121,A,333,108550,patient_disjoint,5,0,meningioma,0.9964442210320712,0.0027643776920115,0.0007914012759173,0,meningioma,0.9964442210320712,919d6f0fb3ca462983d6df6ec06846e41abd9645
densenet121,A,334,108590,patient_disjoint,3,0,meningioma,0.9991281517954472,0.000306360317111,0.0005654878874414,0,meningioma,0.9991281517954472,919d6f0fb3ca462983d6df6ec06846e41abd9645
densenet121,A,335,108590,patient_disjoint,3,0,meningioma,0.9996729902006778,0.00022525392366,0.0001017558756621,0,meningioma,0.9996729902006778,919d6f0fb3ca462983d6df6ec06846e41abd9645
densenet121,A,336,108945,patient_disjoint,4,0,meningioma,0.9886928533471588,0.0091669390397169,0.0021402076131241,0,meningioma,0.9886928533471588,919d6f0fb3ca462983d6df6ec06846e41abd9645
densenet121,A,337,108945,patient_disjoint,4,0,meningioma,0.9967538839790338,0.0022455765120872,0.0010005395088788,0,meningioma,0.9967538839790338,919d6f0fb3ca462983d6df6ec06846e41abd9645
densenet121,A,338,108945,patient_disjoint,4,0,meningioma,0.9950740702125522,0.0047611156082589,0.0001648141791888,0,meningioma,0.9950740702125522,919d6f0fb3ca462983d6df6ec06846e41abd9645
densenet121,A,339,108945,patient_disjoint,4,0,meningioma,0.1938784553625828,0.8045490762709062,0.0015724683665109,1,glioma,0.8045490762709062,919d6f0fb3ca462983d6df6ec06846e41abd9645
densenet121,A,340,109411,patient_disjoint,3,0,meningioma,0.9195689409738088,0.0778177958812077,0.0026132631449832,0,meningioma,0.9195689409738088,919d6f0fb3ca462983d6df6ec06846e41abd9645
densenet121,A,341,109968,patient_disjoint,3,0,meningioma,0.9996269290594187,0.0003702492750609,2.8216655203865565e-06,0,meningioma,0.9996269290594187,919d6f0fb3ca462983d6df6ec06846e41abd9645
densenet121,A,342,109968,patient_disjoint,3,0,meningioma,0.9993221096660452,0.0006530672718181,2.482306213654029e-05,0,meningioma,0.9993221096660452,919d6f0fb3ca462983d6df6ec06846e41abd9645
densenet121,A,343,109968,patient_disjoint,3,0,meningioma,0.9994527518033752,0.0005363183221746,1.0929874450109452e-05,0,meningioma,0.9994527518033752,919d6f0fb3ca462983d6df6ec06846e41abd9645
densenet121,A,344,109968,patient_disjoint,3,0,meningioma,0.9997162469286974,0.0002702900443298,1.3463026972713422e-05,0,meningioma,0.9997162469286974,919d6f0fb3ca462983d6df6ec06846e41abd9645
densenet121,A,345,110116,patient_disjoint,5,0,meningioma,0.0052773676327204,0.000879433972037,0.9938431983952424,2,pituitary,0.9938431983952424,919d6f0fb3ca462983d6df6ec06846e41abd9645
densenet121,A,346,110116,patient_disjoint,5,0,meningioma,0.2692767613442187,0.0013207780465879,0.7294024606091932,2,pituitary,0.7294024606091932,919d6f0fb3ca462983d6df6ec06846e41abd9645
densenet121,A,347,110116,patient_disjoint,5,0,meningioma,0.2856285330028178,0.0014609413215642,0.712910525675618,2,pituitary,0.712910525675618,919d6f0fb3ca462983d6df6ec06846e41abd9645
densenet121,A,348,110116,patient_disjoint,5,0,meningioma,0.6684421236269555,0.0044953886352422,0.3270624877378022,0,meningioma,0.6684421236269555,919d6f0fb3ca462983d6df6ec06846e41abd9645
densenet121,A,349,111077,patient_disjoint,2,0,meningioma,0.984083198352984,0.0151703247867267,0.0007464768602891,0,meningioma,0.984083198352984,919d6f0fb3ca462983d6df6ec06846e41abd9645
densenet121,A,350,111077,patient_disjoint,2,0,meningioma,0.9959579825065784,0.0015131727432491,0.0025288447501723,0,meningioma,0.9959579825065784,919d6f0fb3ca462983d6df6ec06846e41abd9645
densenet121,A,351,111077,patient_disjoint,2,0,meningioma,0.9957050735598328,0.0014513540964942,0.0028435723436726,0,meningioma,0.9957050735598328,919d6f0fb3ca462983d6df6ec06846e41abd9645
densenet121,A,352,111077,patient_disjoint,2,0,meningioma,0.9871171272105554,0.0012904866387691,0.0115923861506754,0,meningioma,0.9871171272105554,919d6f0fb3ca462983d6df6ec06846e41abd9645
densenet121,A,353,111366,patient_disjoint,3,0,meningioma,0.9991800932995228,0.0005061643608553,0.0003137423396218,0,meningioma,0.9991800932995228,919d6f0fb3ca462983d6df6ec06846e41abd9645
densenet121,A,354,111366,patient_disjoint,3,0,meningioma,0.997607949330845,0.000852369381043,0.0015396812881119,0,meningioma,0.997607949330845,919d6f0fb3ca462983d6df6ec06846e41abd9645
densenet121,A,355,111366,patient_disjoint,3,0,meningioma,0.9953999964091248,0.0010031913723208,0.0035968122185545,0,meningioma,0.9953999964091248,919d6f0fb3ca462983d6df6ec06846e41abd9645
densenet121,A,356,111366,patient_disjoint,3,0,meningioma,0.9980538181015924,0.0011234513959011,0.0008227305025063,0,meningioma,0.9980538181015924,919d6f0fb3ca462983d6df6ec06846e41abd9645
densenet121,A,357,111532,patient_disjoint,1,0,meningioma,0.9987534965924526,0.0010577918825528,0.0001887115249945,0,meningioma,0.9987534965924526,919d6f0fb3ca462983d6df6ec06846e41abd9645
densenet121,A,358,111532,patient_disjoint,1,0,meningioma,0.999590670377597,0.0003620153722772,4.731425012578713e-05,0,meningioma,0.999590670377597,919d6f0fb3ca462983d6df6ec06846e41abd9645
densenet121,A,359,111532,patient_disjoint,1,0,meningioma,0.998256876066846,0.0016577576425143,8.53662906395482e-05,0,meningioma,0.998256876066846,919d6f0fb3ca462983d6df6ec06846e41abd9645
densenet121,A,360,111532,patient_disjoint,1,0,meningioma,0.999338343962215,0.0006180722532893,4.358378449553059e-05,0,meningioma,0.999338343962215,919d6f0fb3ca462983d6df6ec06846e41abd9645
densenet121,A,361,111532,patient_disjoint,1,0,meningioma,0.9994745343376016,0.0005017711879799,2.36944744184494e-05,0,meningioma,0.9994745343376016,919d6f0fb3ca462983d6df6ec06846e41abd9645
densenet121,A,362,112002,patient_disjoint,2,0,meningioma,0.9631617326268546,0.028855969146649,0.0079822982264963,0,meningioma,0.9631617326268546,919d6f0fb3ca462983d6df6ec06846e41abd9645
densenet121,A,363,112002,patient_disjoint,2,0,meningioma,0.1915520714870356,0.7993465149929267,0.0091014135200377,1,glioma,0.7993465149929267,919d6f0fb3ca462983d6df6ec06846e41abd9645
densenet121,A,364,112002,patient_disjoint,2,0,meningioma,0.003269347306925,0.9946955975515744,0.0020350551415005,1,glioma,0.9946955975515744,919d6f0fb3ca462983d6df6ec06846e41abd9645
densenet121,A,365,112002,patient_disjoint,2,0,meningioma,0.2119437134846726,0.7353217424421804,0.0527345440731469,1,glioma,0.7353217424421804,919d6f0fb3ca462983d6df6ec06846e41abd9645
densenet121,A,366,112062,patient_disjoint,4,0,meningioma,0.9910881540755648,0.0087302820744595,0.0001815638499755,0,meningioma,0.9910881540755648,919d6f0fb3ca462983d6df6ec06846e41abd9645
densenet121,A,367,112062,patient_disjoint,4,0,meningioma,0.9989786491972849,0.0009733911231555,4.795967955964336e-05,0,meningioma,0.9989786491972849,919d6f0fb3ca462983d6df6ec06846e41abd9645
densenet121,A,368,112062,patient_disjoint,4,0,meningioma,0.9993893087728424,0.0005462886135753,6.440261358239153e-05,0,meningioma,0.9993893087728424,919d6f0fb3ca462983d6df6ec06846e41abd9645
densenet121,A,369,112062,patient_disjoint,4,0,meningioma,0.9948306042710304,0.0050036959249461,0.0001656998040235,0,meningioma,0.9948306042710304,919d6f0fb3ca462983d6df6ec06846e41abd9645
densenet121,A,370,112252,patient_disjoint,1,0,meningioma,0.9996260878295432,0.0002907793260457,8.31328444109702e-05,0,meningioma,0.9996260878295432,919d6f0fb3ca462983d6df6ec06846e41abd9645
densenet121,A,371,112252,patient_disjoint,1,0,meningioma,0.998893835538888,0.0009735573925101,0.0001326070686015,0,meningioma,0.998893835538888,919d6f0fb3ca462983d6df6ec06846e41abd9645
densenet121,A,372,112552,patient_disjoint,2,0,meningioma,0.8904711941901304,0.1010651243983502,0.008463681411519,0,meningioma,0.8904711941901304,919d6f0fb3ca462983d6df6ec06846e41abd9645
densenet121,A,373,112552,patient_disjoint,2,0,meningioma,0.9672003042391196,0.0310399324116112,0.0017597633492689,0,meningioma,0.9672003042391196,919d6f0fb3ca462983d6df6ec06846e41abd9645
densenet121,A,374,112552,patient_disjoint,2,0,meningioma,0.8873962970170255,0.0950825081626171,0.0175211948203572,0,meningioma,0.8873962970170255,919d6f0fb3ca462983d6df6ec06846e41abd9645
densenet121,A,375,112552,patient_disjoint,2,0,meningioma,0.9916325569875484,0.0023978628047275,0.0059695802077241,0,meningioma,0.9916325569875484,919d6f0fb3ca462983d6df6ec06846e41abd9645
densenet121,A,376,112552,patient_disjoint,2,0,meningioma,0.9884865659663394,0.0108216277538511,0.0006918062798094,0,meningioma,0.9884865659663394,919d6f0fb3ca462983d6df6ec06846e41abd9645
densenet121,A,377,112552,patient_disjoint,2,0,meningioma,0.9982920768101132,0.0007257541030896,0.0009821690867969,0,meningioma,0.9982920768101132,919d6f0fb3ca462983d6df6ec06846e41abd9645
densenet121,A,378,112552,patient_disjoint,2,0,meningioma,0.9892163925570768,0.0099493067080276,0.0008343007348955,0,meningioma,0.9892163925570768,919d6f0fb3ca462983d6df6ec06846e41abd9645
densenet121,A,379,112648,patient_disjoint,3,0,meningioma,0.9699143021284936,0.0299560248156462,0.0001296730558602,0,meningioma,0.9699143021284936,919d6f0fb3ca462983d6df6ec06846e41abd9645
densenet121,A,380,112648,patient_disjoint,3,0,meningioma,0.9973098175415256,0.0026526807339963,3.7501724478173395e-05,0,meningioma,0.9973098175415256,919d6f0fb3ca462983d6df6ec06846e41abd9645
densenet121,A,381,112648,patient_disjoint,3,0,meningioma,0.9986298920926864,0.0012232198329426,0.0001468880743709,0,meningioma,0.9986298920926864,919d6f0fb3ca462983d6df6ec06846e41abd9645
densenet121,A,382,113435,patient_disjoint,5,0,meningioma,0.9913179497341232,0.0073141376602262,0.0013679126056504,0,meningioma,0.9913179497341232,919d6f0fb3ca462983d6df6ec06846e41abd9645
densenet121,A,383,113435,patient_disjoint,5,0,meningioma,0.9970401400401988,0.0005628172298719,0.0023970427299292,0,meningioma,0.9970401400401988,919d6f0fb3ca462983d6df6ec06846e41abd9645
densenet121,A,384,113435,patient_disjoint,5,0,meningioma,0.9974760348544244,0.0010635583506151,0.0014604067949606,0,meningioma,0.9974760348544244,919d6f0fb3ca462983d6df6ec06846e41abd9645
densenet121,A,385,113435,patient_disjoint,5,0,meningioma,0.9942583904054024,0.003005758481807,0.0027358511127906,0,meningioma,0.9942583904054024,919d6f0fb3ca462983d6df6ec06846e41abd9645
densenet121,A,386,113435,patient_disjoint,5,0,meningioma,0.9983556295799172,0.0011454757063777,0.0004988947137053,0,meningioma,0.9983556295799172,919d6f0fb3ca462983d6df6ec06846e41abd9645
densenet121,A,387,113435,patient_disjoint,5,0,meningioma,0.9986297908604588,0.0005083131736998,0.0008618959658413,0,meningioma,0.9986297908604588,919d6f0fb3ca462983d6df6ec06846e41abd9645
densenet121,A,388,113435,patient_disjoint,5,0,meningioma,0.997639905416959,0.0009415281700607,0.0014185664129803,0,meningioma,0.997639905416959,919d6f0fb3ca462983d6df6ec06846e41abd9645
densenet121,A,389,113435,patient_disjoint,5,0,meningioma,0.997452475216636,0.0010111630622211,0.001536361721143,0,meningioma,0.997452475216636,919d6f0fb3ca462983d6df6ec06846e41abd9645
densenet121,A,390,113554,patient_disjoint,5,0,meningioma,0.9983846586804698,0.0013926356034126,0.0002227057161175,0,meningioma,0.9983846586804698,919d6f0fb3ca462983d6df6ec06846e41abd9645
densenet121,A,391,113554,patient_disjoint,5,0,meningioma,0.9991322088307066,0.0004759061629566,0.0003918850063368,0,meningioma,0.9991322088307066,919d6f0fb3ca462983d6df6ec06846e41abd9645
densenet121,A,392,113554,patient_disjoint,5,0,meningioma,0.9993082433099676,0.0005632535734282,0.0001285031166043,0,meningioma,0.9993082433099676,919d6f0fb3ca462983d6df6ec06846e41abd9645
densenet121,A,393,113805,patient_disjoint,2,0,meningioma,0.9342770532861954,0.0624935012553261,0.0032294454584783,0,meningioma,0.9342770532861954,919d6f0fb3ca462983d6df6ec06846e41abd9645
densenet121,A,394,113805,patient_disjoint,2,0,meningioma,0.9975826086388702,0.0021279534598597,0.0002894379012702,0,meningioma,0.9975826086388702,919d6f0fb3ca462983d6df6ec06846e41abd9645
densenet121,A,395,114018,patient_disjoint,2,0,meningioma,0.9832252168698772,0.0128750380365757,0.0038997450935467,0,meningioma,0.9832252168698772,919d6f0fb3ca462983d6df6ec06846e41abd9645
densenet121,A,396,114018,patient_disjoint,2,0,meningioma,0.9904931377242894,0.0003702496849186,0.0091366125907918,0,meningioma,0.9904931377242894,919d6f0fb3ca462983d6df6ec06846e41abd9645
densenet121,A,397,114018,patient_disjoint,2,0,meningioma,0.9792066435341312,0.0009019744382658,0.0198913820276028,0,meningioma,0.9792066435341312,919d6f0fb3ca462983d6df6ec06846e41abd9645
densenet121,A,398,114018,patient_disjoint,2,0,meningioma,0.9931687774013872,0.0040459004701842,0.0027853221284286,0,meningioma,0.9931687774013872,919d6f0fb3ca462983d6df6ec06846e41abd9645
densenet121,A,399,114359,patient_disjoint,2,0,meningioma,0.8703301078092139,0.1293879294686031,0.000281962722183,0,meningioma,0.8703301078092139,919d6f0fb3ca462983d6df6ec06846e41abd9645
densenet121,A,400,114359,patient_disjoint,2,0,meningioma,0.9933463577668884,0.0064956826878097,0.0001579595453018,0,meningioma,0.9933463577668884,919d6f0fb3ca462983d6df6ec06846e41abd9645
densenet121,A,401,114359,patient_disjoint,2,0,meningioma,0.9940508153607432,0.0058715265730927,7.765806616391657e-05,0,meningioma,0.9940508153607432,919d6f0fb3ca462983d6df6ec06846e41abd9645
densenet121,A,402,114359,patient_disjoint,2,0,meningioma,0.9947481260162284,0.0051100994868791,0.0001417744968926,0,meningioma,0.9947481260162284,919d6f0fb3ca462983d6df6ec06846e41abd9645
densenet121,A,403,114359,patient_disjoint,2,0,meningioma,0.8627800258675072,0.1370185037665164,0.0002014703659763,0,meningioma,0.8627800258675072,919d6f0fb3ca462983d6df6ec06846e41abd9645
densenet121,A,404,114359,patient_disjoint,2,0,meningioma,0.1856705958826853,0.8141812550583086,0.0001481490590061,1,glioma,0.8141812550583086,919d6f0fb3ca462983d6df6ec06846e41abd9645
densenet121,A,405,97607,patient_disjoint,1,0,meningioma,0.9998149428892846,8.513968373288383e-05,9.991742698246796e-05,0,meningioma,0.9998149428892846,919d6f0fb3ca462983d6df6ec06846e41abd9645
densenet121,A,406,97607,patient_disjoint,1,0,meningioma,0.9996334355673384,6.642719504569758e-05,0.0003001372376158,0,meningioma,0.9996334355673384,919d6f0fb3ca462983d6df6ec06846e41abd9645
densenet121,A,407,97607,patient_disjoint,1,0,meningioma,0.9998470786831524,5.390799936664583e-05,9.901331748110926e-05,0,meningioma,0.9998470786831524,919d6f0fb3ca462983d6df6ec06846e41abd9645
densenet121,A,408,97737,patient_disjoint,1,0,meningioma,0.9995925116656772,0.0002723968906985,0.0001350914436242,0,meningioma,0.9995925116656772,919d6f0fb3ca462983d6df6ec06846e41abd9645
densenet121,A,409,97737,patient_disjoint,1,0,meningioma,0.9997985434906236,7.255453657756437e-05,0.0001289019727986,0,meningioma,0.9997985434906236,919d6f0fb3ca462983d6df6ec06846e41abd9645
densenet121,A,410,97737,patient_disjoint,1,0,meningioma,0.9988792259699666,5.226717846944391e-05,0.0010685068515638,0,meningioma,0.9988792259699666,919d6f0fb3ca462983d6df6ec06846e41abd9645
densenet121,A,411,97737,patient_disjoint,1,0,meningioma,0.999692387785134,2.0117315273024176e-05,0.0002874948995931,0,meningioma,0.999692387785134,919d6f0fb3ca462983d6df6ec06846e41abd9645
densenet121,A,412,97737,patient_disjoint,1,0,meningioma,0.999910838074974,2.9155352442762788e-05,6.000657258334467e-05,0,meningioma,0.999910838074974,919d6f0fb3ca462983d6df6ec06846e41abd9645
densenet121,A,413,97737,patient_disjoint,1,0,meningioma,0.9996233294466416,6.945685267369532e-05,0.0003072137006848,0,meningioma,0.9996233294466416,919d6f0fb3ca462983d6df6ec06846e41abd9645
densenet121,A,414,97875,patient_disjoint,4,0,meningioma,0.9713827308282108,0.0016666961393052,0.026950573032484,0,meningioma,0.9713827308282108,919d6f0fb3ca462983d6df6ec06846e41abd9645
densenet121,A,415,97875,patient_disjoint,4,0,meningioma,0.9420824095193486,0.0039008578006776,0.0540167326799738,0,meningioma,0.9420824095193486,919d6f0fb3ca462983d6df6ec06846e41abd9645
densenet121,A,416,97875,patient_disjoint,4,0,meningioma,0.9933511658813082,0.0008383528517026,0.005810481266989,0,meningioma,0.9933511658813082,919d6f0fb3ca462983d6df6ec06846e41abd9645
densenet121,A,417,97875,patient_disjoint,4,0,meningioma,0.997072682661812,0.0002813003401288,0.0026460169980591,0,meningioma,0.997072682661812,919d6f0fb3ca462983d6df6ec06846e41abd9645
densenet121,A,418,97943,patient_disjoint,3,0,meningioma,0.9999592426205568,3.36500851842338e-05,7.1072942588560545e-06,0,meningioma,0.9999592426205568,919d6f0fb3ca462983d6df6ec06846e41abd9645
densenet121,A,419,97943,patient_disjoint,3,0,meningioma,0.9999300365690046,4.455441021611611e-05,2.5409020779277933e-05,0,meningioma,0.9999300365690046,919d6f0fb3ca462983d6df6ec06846e41abd9645
densenet121,A,420,97943,patient_disjoint,3,0,meningioma,0.9999783281945128,1.6524032556895357e-05,5.147772930252811e-06,0,meningioma,0.9999783281945128,919d6f0fb3ca462983d6df6ec06846e41abd9645
densenet121,A,421,97943,patient_disjoint,3,0,meningioma,0.9998247324244006,0.0001621631265457,1.3104449053532044e-05,0,meningioma,0.9998247324244006,919d6f0fb3ca462983d6df6ec06846e41abd9645
densenet121,A,422,97943,patient_disjoint,3,0,meningioma,0.0037437352368082,0.9959578961457792,0.0002983686174123,1,glioma,0.9959578961457792,919d6f0fb3ca462983d6df6ec06846e41abd9645
densenet121,A,423,98241,patient_disjoint,2,0,meningioma,0.9973291600272112,0.0007835286323407,0.0018873113404481,0,meningioma,0.9973291600272112,919d6f0fb3ca462983d6df6ec06846e41abd9645
densenet121,A,424,98241,patient_disjoint,2,0,meningioma,0.9918649532545624,0.0033692000877016,0.004765846657736,0,meningioma,0.9918649532545624,919d6f0fb3ca462983d6df6ec06846e41abd9645
densenet121,A,425,98241,patient_disjoint,2,0,meningioma,0.996581861146825,0.0028693190095471,0.0005488198436278,0,meningioma,0.996581861146825,919d6f0fb3ca462983d6df6ec06846e41abd9645
densenet121,A,426,98241,patient_disjoint,2,0,meningioma,0.994998958233725,0.0011699455029549,0.00383109626332,0,meningioma,0.994998958233725,919d6f0fb3ca462983d6df6ec06846e41abd9645
densenet121,A,427,98241,patient_disjoint,2,0,meningioma,0.997060941741814,0.0017861963433153,0.0011528619148705,0,meningioma,0.997060941741814,919d6f0fb3ca462983d6df6ec06846e41abd9645
densenet121,A,428,98241,patient_disjoint,2,0,meningioma,0.9955827699395716,0.0017631812083289,0.0026540488520996,0,meningioma,0.9955827699395716,919d6f0fb3ca462983d6df6ec06846e41abd9645
densenet121,A,429,98241,patient_disjoint,2,0,meningioma,0.997083009445306,0.0007144135898461,0.0022025769648476,0,meningioma,0.997083009445306,919d6f0fb3ca462983d6df6ec06846e41abd9645
densenet121,A,430,99017,patient_disjoint,1,0,meningioma,0.998188554711571,0.0012991795181545,0.0005122657702744,0,meningioma,0.998188554711571,919d6f0fb3ca462983d6df6ec06846e41abd9645
densenet121,A,431,99017,patient_disjoint,1,0,meningioma,0.9981783451904972,0.0003641990160343,0.0014574557934685,0,meningioma,0.9981783451904972,919d6f0fb3ca462983d6df6ec06846e41abd9645
densenet121,A,432,99089,patient_disjoint,5,0,meningioma,0.994569295366967,0.0013282369443822,0.0041024676886505,0,meningioma,0.994569295366967,919d6f0fb3ca462983d6df6ec06846e41abd9645
densenet121,A,433,99089,patient_disjoint,5,0,meningioma,0.9982731540740198,0.0004759588342772,0.001250887091703,0,meningioma,0.9982731540740198,919d6f0fb3ca462983d6df6ec06846e41abd9645
densenet121,A,434,99089,patient_disjoint,5,0,meningioma,0.9972837015949751,0.0013725213699283,0.0013437770350965,0,meningioma,0.9972837015949751,919d6f0fb3ca462983d6df6ec06846e41abd9645
densenet121,A,435,99089,patient_disjoint,5,0,meningioma,0.9921498536107036,0.0006935955727009,0.0071565508165952,0,meningioma,0.9921498536107036,919d6f0fb3ca462983d6df6ec06846e41abd9645
densenet121,A,436,99089,patient_disjoint,5,0,meningioma,0.9682850375057436,0.0006450423578486,0.0310699201364076,0,meningioma,0.9682850375057436,919d6f0fb3ca462983d6df6ec06846e41abd9645
densenet121,A,437,99288,patient_disjoint,2,0,meningioma,0.991632734904868,0.0075472514758459,0.000820013619286,0,meningioma,0.991632734904868,919d6f0fb3ca462983d6df6ec06846e41abd9645
densenet121,A,438,99308,patient_disjoint,2,0,meningioma,0.9514120829414602,0.0476058088999145,0.0009821081586253,0,meningioma,0.9514120829414602,919d6f0fb3ca462983d6df6ec06846e41abd9645
densenet121,A,439,99308,patient_disjoint,2,0,meningioma,0.3932647161713004,0.5993307367735718,0.0074045470551278,1,glioma,0.5993307367735718,919d6f0fb3ca462983d6df6ec06846e41abd9645
densenet121,A,440,99308,patient_disjoint,2,0,meningioma,0.9802412396943604,0.0100966427522379,0.0096621175534016,0,meningioma,0.9802412396943604,919d6f0fb3ca462983d6df6ec06846e41abd9645
densenet121,A,441,99308,patient_disjoint,2,0,meningioma,0.3967901306117236,0.6004390244961113,0.002770844892165,1,glioma,0.6004390244961113,919d6f0fb3ca462983d6df6ec06846e41abd9645
densenet121,A,442,100360,patient_disjoint,5,0,meningioma,0.9728624395056268,0.0259238220860191,0.0012137384083539,0,meningioma,0.9728624395056268,919d6f0fb3ca462983d6df6ec06846e41abd9645
densenet121,A,443,100360,patient_disjoint,5,0,meningioma,0.9334595089306904,0.0579399319348777,0.0086005591344319,0,meningioma,0.9334595089306904,919d6f0fb3ca462983d6df6ec06846e41abd9645
densenet121,A,444,100360,patient_disjoint,5,0,meningioma,0.8770788613327889,0.1205003210753777,0.0024208175918332,0,meningioma,0.8770788613327889,919d6f0fb3ca462983d6df6ec06846e41abd9645
densenet121,A,445,100360,patient_disjoint,5,0,meningioma,0.9848613760217702,0.0141625881383918,0.000976035839838,0,meningioma,0.9848613760217702,919d6f0fb3ca462983d6df6ec06846e41abd9645
densenet121,A,446,100360,patient_disjoint,5,0,meningioma,0.9770525254467274,0.022571513410228,0.0003759611430444,0,meningioma,0.9770525254467274,919d6f0fb3ca462983d6df6ec06846e41abd9645
densenet121,A,447,100360,patient_disjoint,5,0,meningioma,0.9579543612892764,0.0372596718955391,0.0047859668151846,0,meningioma,0.9579543612892764,919d6f0fb3ca462983d6df6ec06846e41abd9645
densenet121,A,448,100572,patient_disjoint,3,0,meningioma,0.4284456343127946,0.0034417154358943,0.568112650251311,2,pituitary,0.568112650251311,919d6f0fb3ca462983d6df6ec06846e41abd9645
densenet121,A,449,100572,patient_disjoint,3,0,meningioma,0.5446828522567855,0.0584438938684448,0.3968732538747697,0,meningioma,0.5446828522567855,919d6f0fb3ca462983d6df6ec06846e41abd9645
densenet121,A,450,100639,patient_disjoint,3,0,meningioma,0.9918777308191752,0.0079922017936559,0.0001300673871689,0,meningioma,0.9918777308191752,919d6f0fb3ca462983d6df6ec06846e41abd9645
densenet121,A,451,100639,patient_disjoint,3,0,meningioma,0.9963935153762324,0.0014161936797837,0.0021902909439838,0,meningioma,0.9963935153762324,919d6f0fb3ca462983d6df6ec06846e41abd9645
densenet121,A,452,100920,patient_disjoint,4,0,meningioma,0.9998614000235242,2.600589259922263e-05,0.0001125940838767,0,meningioma,0.9998614000235242,919d6f0fb3ca462983d6df6ec06846e41abd9645
densenet121,A,453,100920,patient_disjoint,4,0,meningioma,0.9999067489709004,3.0191332435400503e-05,6.305969666413345e-05,0,meningioma,0.9999067489709004,919d6f0fb3ca462983d6df6ec06846e41abd9645
densenet121,A,454,100920,patient_disjoint,4,0,meningioma,0.8569470248527576,0.1250538502870544,0.0179991248601878,0,meningioma,0.8569470248527576,919d6f0fb3ca462983d6df6ec06846e41abd9645
densenet121,A,455,101016,patient_disjoint,4,0,meningioma,0.9987329503283272,0.0010645522843123,0.0002024973873603,0,meningioma,0.9987329503283272,919d6f0fb3ca462983d6df6ec06846e41abd9645
densenet121,A,456,101016,patient_disjoint,4,0,meningioma,0.9987273097049968,0.0009402334210187,0.0003324568739843,0,meningioma,0.9987273097049968,919d6f0fb3ca462983d6df6ec06846e41abd9645
densenet121,A,457,101016,patient_disjoint,4,0,meningioma,0.9971760671264244,0.0023035464395741,0.0005203864340014,0,meningioma,0.9971760671264244,919d6f0fb3ca462983d6df6ec06846e41abd9645
densenet121,A,458,101016,patient_disjoint,4,0,meningioma,0.9981661687441332,0.0016849582197782,0.0001488730360882,0,meningioma,0.9981661687441332,919d6f0fb3ca462983d6df6ec06846e41abd9645
densenet121,A,459,101082,patient_disjoint,4,0,meningioma,0.9993116133698692,0.0004692129620524,0.0002191736680783,0,meningioma,0.9993116133698692,919d6f0fb3ca462983d6df6ec06846e41abd9645
densenet121,A,460,101082,patient_disjoint,4,0,meningioma,0.9994022940066566,0.000222363502524,0.0003753424908193,0,meningioma,0.9994022940066566,919d6f0fb3ca462983d6df6ec06846e41abd9645
densenet121,A,461,101127,patient_disjoint,4,0,meningioma,0.9113813777053064,0.0061458867469254,0.082472735547768,0,meningioma,0.9113813777053064,919d6f0fb3ca462983d6df6ec06846e41abd9645
densenet121,A,462,101127,patient_disjoint,4,0,meningioma,0.3262303957805997,0.0428171748694028,0.6309524293499975,2,pituitary,0.6309524293499975,919d6f0fb3ca462983d6df6ec06846e41abd9645
densenet121,A,463,101127,patient_disjoint,4,0,meningioma,0.9971652227941866,0.0002760963900889,0.0025586808157244,0,meningioma,0.9971652227941866,919d6f0fb3ca462983d6df6ec06846e41abd9645
densenet121,A,464,101127,patient_disjoint,4,0,meningioma,0.9544201511655686,0.0319410499756848,0.0136387988587466,0,meningioma,0.9544201511655686,919d6f0fb3ca462983d6df6ec06846e41abd9645
densenet121,A,465,101797,patient_disjoint,5,0,meningioma,0.9913250975082402,0.0072852286662345,0.0013896738255253,0,meningioma,0.9913250975082402,919d6f0fb3ca462983d6df6ec06846e41abd9645
densenet121,A,466,101797,patient_disjoint,5,0,meningioma,0.9760286759454632,0.0032673125696726,0.0207040114848644,0,meningioma,0.9760286759454632,919d6f0fb3ca462983d6df6ec06846e41abd9645
densenet121,A,467,101797,patient_disjoint,5,0,meningioma,0.9828444790792348,0.0064202952853223,0.0107352256354429,0,meningioma,0.9828444790792348,919d6f0fb3ca462983d6df6ec06846e41abd9645
densenet121,A,468,101797,patient_disjoint,5,0,meningioma,0.993364246962802,0.0008941279308238,0.0057416251063739,0,meningioma,0.993364246962802,919d6f0fb3ca462983d6df6ec06846e41abd9645
densenet121,A,469,101797,patient_disjoint,5,0,meningioma,0.9965168781464544,0.0024683337084278,0.0010147881451178,0,meningioma,0.9965168781464544,919d6f0fb3ca462983d6df6ec06846e41abd9645
densenet121,A,470,101797,patient_disjoint,5,0,meningioma,0.992895180784282,0.0068475611220459,0.0002572580936721,0,meningioma,0.992895180784282,919d6f0fb3ca462983d6df6ec06846e41abd9645
densenet121,A,471,101801,patient_disjoint,3,0,meningioma,0.9999700486931048,1.234905453339214e-05,1.7602252361653098e-05,0,meningioma,0.9999700486931048,919d6f0fb3ca462983d6df6ec06846e41abd9645
densenet121,A,472,101801,patient_disjoint,3,0,meningioma,0.9870028159072372,0.002489918117338,0.0105072659754247,0,meningioma,0.9870028159072372,919d6f0fb3ca462983d6df6ec06846e41abd9645
densenet121,A,473,101801,patient_disjoint,3,0,meningioma,0.999903816127175,1.0350878129235263e-05,8.583299469562293e-05,0,meningioma,0.999903816127175,919d6f0fb3ca462983d6df6ec06846e41abd9645
densenet121,A,474,102420,patient_disjoint,1,0,meningioma,0.9980031336696856,0.0017857395011329,0.0002111268291815,0,meningioma,0.9980031336696856,919d6f0fb3ca462983d6df6ec06846e41abd9645
densenet121,A,475,102420,patient_disjoint,1,0,meningioma,0.9945049542384752,0.0031832521053265,0.0023117936561982,0,meningioma,0.9945049542384752,919d6f0fb3ca462983d6df6ec06846e41abd9645
densenet121,A,476,102446,patient_disjoint,3,0,meningioma,0.999979719374005,1.9576329508178643e-05,7.042964868091292e-07,0,meningioma,0.999979719374005,919d6f0fb3ca462983d6df6ec06846e41abd9645
densenet121,A,477,102446,patient_disjoint,3,0,meningioma,0.9693612933527124,0.0161701479099577,0.01446855873733,0,meningioma,0.9693612933527124,919d6f0fb3ca462983d6df6ec06846e41abd9645
densenet121,A,478,102675,patient_disjoint,1,0,meningioma,0.8225084175638842,0.1713533983580011,0.0061381840781145,0,meningioma,0.8225084175638842,919d6f0fb3ca462983d6df6ec06846e41abd9645
densenet121,A,479,102675,patient_disjoint,1,0,meningioma,0.3793278302916381,0.6197744214786584,0.0008977482297036,1,glioma,0.6197744214786584,919d6f0fb3ca462983d6df6ec06846e41abd9645
densenet121,A,480,102714,patient_disjoint,5,0,meningioma,0.9948339225567842,0.0033549969066701,0.0018110805365457,0,meningioma,0.9948339225567842,919d6f0fb3ca462983d6df6ec06846e41abd9645
densenet121,A,481,102714,patient_disjoint,5,0,meningioma,0.9987782971623336,0.0004684781075011,0.0007532247301654,0,meningioma,0.9987782971623336,919d6f0fb3ca462983d6df6ec06846e41abd9645
densenet121,A,482,102714,patient_disjoint,5,0,meningioma,0.9983799737666956,0.0003553225916038,0.0012647036417008,0,meningioma,0.9983799737666956,919d6f0fb3ca462983d6df6ec06846e41abd9645
densenet121,A,483,102714,patient_disjoint,5,0,meningioma,0.9962969589152096,0.0017406342291753,0.0019624068556148,0,meningioma,0.9962969589152096,919d6f0fb3ca462983d6df6ec06846e41abd9645
densenet121,A,484,102714,patient_disjoint,5,0,meningioma,0.3937304959446278,0.5912072875633204,0.0150622164920519,1,glioma,0.5912072875633204,919d6f0fb3ca462983d6df6ec06846e41abd9645
densenet121,A,485,102818,patient_disjoint,2,0,meningioma,0.9957948226314997,0.0033085400009569,0.0008966373675433,0,meningioma,0.9957948226314997,919d6f0fb3ca462983d6df6ec06846e41abd9645
densenet121,A,486,102818,patient_disjoint,2,0,meningioma,0.9893670634106714,0.0087418019291899,0.0018911346601385,0,meningioma,0.9893670634106714,919d6f0fb3ca462983d6df6ec06846e41abd9645
densenet121,A,487,102818,patient_disjoint,2,0,meningioma,0.9950158780942212,0.0017376215837397,0.0032465003220392,0,meningioma,0.9950158780942212,919d6f0fb3ca462983d6df6ec06846e41abd9645
densenet121,A,488,102818,patient_disjoint,2,0,meningioma,0.8072170830299124,0.036902764411103,0.1558801525589846,0,meningioma,0.8072170830299124,919d6f0fb3ca462983d6df6ec06846e41abd9645
densenet121,A,489,102935,patient_disjoint,1,0,meningioma,0.99605706573376,0.0035129412288703,0.0004299930373696,0,meningioma,0.99605706573376,919d6f0fb3ca462983d6df6ec06846e41abd9645
densenet121,A,490,102960,patient_disjoint,3,0,meningioma,0.00062345165691,0.9992379836822276,0.0001385646608624,1,glioma,0.9992379836822276,919d6f0fb3ca462983d6df6ec06846e41abd9645
densenet121,A,491,102960,patient_disjoint,3,0,meningioma,0.0036488588395936,0.9960898988164,0.0002612423440063,1,glioma,0.9960898988164,919d6f0fb3ca462983d6df6ec06846e41abd9645
densenet121,A,492,102960,patient_disjoint,3,0,meningioma,0.9601739173235596,0.0377560340651843,0.002070048611256,0,meningioma,0.9601739173235596,919d6f0fb3ca462983d6df6ec06846e41abd9645
densenet121,A,493,102960,patient_disjoint,3,0,meningioma,0.9721498325821324,0.0077112700497962,0.0201388973680714,0,meningioma,0.9721498325821324,919d6f0fb3ca462983d6df6ec06846e41abd9645
densenet121,A,494,102960,patient_disjoint,3,0,meningioma,0.4213370156546618,0.2802125014556845,0.2984504828896537,0,meningioma,0.4213370156546618,919d6f0fb3ca462983d6df6ec06846e41abd9645
densenet121,A,495,102985,patient_disjoint,4,0,meningioma,0.3910698659931841,0.2202328833349455,0.3886972506718703,0,meningioma,0.3910698659931841,919d6f0fb3ca462983d6df6ec06846e41abd9645
densenet121,A,496,103673,patient_disjoint,5,0,meningioma,8.065170920963236e-05,2.5544820789376967e-05,0.999893803470001,2,pituitary,0.999893803470001,919d6f0fb3ca462983d6df6ec06846e41abd9645
densenet121,A,497,103673,patient_disjoint,5,0,meningioma,6.786963573144157e-05,3.3180853049804586e-05,0.9998989495112188,2,pituitary,0.9998989495112188,919d6f0fb3ca462983d6df6ec06846e41abd9645
densenet121,A,498,103673,patient_disjoint,5,0,meningioma,9.533406122060956e-05,5.724502134333608e-05,0.999847420917436,2,pituitary,0.999847420917436,919d6f0fb3ca462983d6df6ec06846e41abd9645
densenet121,A,499,103673,patient_disjoint,5,0,meningioma,0.0006264607597368,8.654872561308805e-05,0.99928699051465,2,pituitary,0.99928699051465,919d6f0fb3ca462983d6df6ec06846e41abd9645
densenet121,A,500,103673,patient_disjoint,5,0,meningioma,0.0059759603505593,0.0002996487858927,0.9937243908635478,2,pituitary,0.9937243908635478,919d6f0fb3ca462983d6df6ec06846e41abd9645
densenet121,A,501,103925,patient_disjoint,4,0,meningioma,0.0931299935229962,0.0528838215526935,0.8539861849243101,2,pituitary,0.8539861849243101,919d6f0fb3ca462983d6df6ec06846e41abd9645
densenet121,A,502,103925,patient_disjoint,4,0,meningioma,0.6842694686000815,0.1870009706898011,0.1287295607101173,0,meningioma,0.6842694686000815,919d6f0fb3ca462983d6df6ec06846e41abd9645
densenet121,A,503,103925,patient_disjoint,4,0,meningioma,0.6285000593666046,0.3565622876421721,0.0149376529912232,0,meningioma,0.6285000593666046,919d6f0fb3ca462983d6df6ec06846e41abd9645
densenet121,A,504,103925,patient_disjoint,4,0,meningioma,0.0882287418440892,0.893258040916449,0.0185132172394619,1,glioma,0.893258040916449,919d6f0fb3ca462983d6df6ec06846e41abd9645
densenet121,A,505,104167,patient_disjoint,3,0,meningioma,0.995143582303756,0.00397612733542,0.0008802903608237,0,meningioma,0.995143582303756,919d6f0fb3ca462983d6df6ec06846e41abd9645
densenet121,A,506,104167,patient_disjoint,3,0,meningioma,0.9992104952915084,0.0001485476265824,0.0006409570819092,0,meningioma,0.9992104952915084,919d6f0fb3ca462983d6df6ec06846e41abd9645
densenet121,A,507,104167,patient_disjoint,3,0,meningioma,0.9996636974113476,0.0001878666967371,0.0001484358919153,0,meningioma,0.9996636974113476,919d6f0fb3ca462983d6df6ec06846e41abd9645
densenet121,A,508,104167,patient_disjoint,3,0,meningioma,0.9998892696051944,3.53042181151068e-05,7.54261766903589e-05,0,meningioma,0.9998892696051944,919d6f0fb3ca462983d6df6ec06846e41abd9645
densenet121,A,509,104167,patient_disjoint,3,0,meningioma,0.999848567089621,0.0001173112136186,3.412169676048713e-05,0,meningioma,0.999848567089621,919d6f0fb3ca462983d6df6ec06846e41abd9645
densenet121,A,510,104281,patient_disjoint,3,0,meningioma,0.9999322786226452,2.7024726634815368e-05,4.069665071994285e-05,0,meningioma,0.9999322786226452,919d6f0fb3ca462983d6df6ec06846e41abd9645
densenet121,A,511,104281,patient_disjoint,3,0,meningioma,0.999531825928086,0.000242103450887,0.0002260706210269,0,meningioma,0.999531825928086,919d6f0fb3ca462983d6df6ec06846e41abd9645
densenet121,A,512,104281,patient_disjoint,3,0,meningioma,0.9992961020955936,0.0002685706076399,0.0004353272967663,0,meningioma,0.9992961020955936,919d6f0fb3ca462983d6df6ec06846e41abd9645
densenet121,A,513,104281,patient_disjoint,3,0,meningioma,0.999814061429008,9.902187506289266e-05,8.691669592903213e-05,0,meningioma,0.999814061429008,919d6f0fb3ca462983d6df6ec06846e41abd9645
densenet121,A,514,104695,patient_disjoint,4,0,meningioma,0.2844525015124111,0.7135895774192234,0.0019579210683655,1,glioma,0.7135895774192234,919d6f0fb3ca462983d6df6ec06846e41abd9645
densenet121,A,515,104695,patient_disjoint,4,0,meningioma,0.9948811713754482,0.0044488170919755,0.0006700115325762,0,meningioma,0.9948811713754482,919d6f0fb3ca462983d6df6ec06846e41abd9645
densenet121,A,516,104695,patient_disjoint,4,0,meningioma,0.9961763764360128,0.0025201115205502,0.0013035120434369,0,meningioma,0.9961763764360128,919d6f0fb3ca462983d6df6ec06846e41abd9645
densenet121,A,517,105374,patient_disjoint,4,0,meningioma,0.9997441067769708,0.0001018043686879,0.0001540888543412,0,meningioma,0.9997441067769708,919d6f0fb3ca462983d6df6ec06846e41abd9645
densenet121,A,518,105555,patient_disjoint,5,0,meningioma,0.8987261122844825,0.0912745606365544,0.009999327078963,0,meningioma,0.8987261122844825,919d6f0fb3ca462983d6df6ec06846e41abd9645
densenet121,A,519,105555,patient_disjoint,5,0,meningioma,0.6846802461654621,0.2983681331497911,0.0169516206847466,0,meningioma,0.6846802461654621,919d6f0fb3ca462983d6df6ec06846e41abd9645
densenet121,A,520,105937,patient_disjoint,1,0,meningioma,0.9948336276893556,0.0012155285558193,0.003950843754825,0,meningioma,0.9948336276893556,919d6f0fb3ca462983d6df6ec06846e41abd9645
densenet121,A,521,105937,patient_disjoint,1,0,meningioma,0.998982256104838,9.493660708119528e-05,0.0009228072880808,0,meningioma,0.998982256104838,919d6f0fb3ca462983d6df6ec06846e41abd9645
densenet121,A,522,105937,patient_disjoint,1,0,meningioma,0.9991546072345108,0.0006349110935983,0.000210481671891,0,meningioma,0.9991546072345108,919d6f0fb3ca462983d6df6ec06846e41abd9645
densenet121,A,523,106284,patient_disjoint,2,0,meningioma,0.994972963184382,0.0001599908932468,0.004867045922371,0,meningioma,0.994972963184382,919d6f0fb3ca462983d6df6ec06846e41abd9645
densenet121,A,524,106284,patient_disjoint,2,0,meningioma,0.9910338179680264,0.00089478680797,0.0080713952240037,0,meningioma,0.9910338179680264,919d6f0fb3ca462983d6df6ec06846e41abd9645
densenet121,A,525,106284,patient_disjoint,2,0,meningioma,0.989531027507253,0.0002627505393714,0.0102062219533756,0,meningioma,0.989531027507253,919d6f0fb3ca462983d6df6ec06846e41abd9645
densenet121,A,526,106284,patient_disjoint,2,0,meningioma,0.9533384906530656,0.0009282597831925,0.0457332495637418,0,meningioma,0.9533384906530656,919d6f0fb3ca462983d6df6ec06846e41abd9645
densenet121,A,527,106442,patient_disjoint,1,0,meningioma,0.9992140894834692,0.0006492195587439,0.000136690957787,0,meningioma,0.9992140894834692,919d6f0fb3ca462983d6df6ec06846e41abd9645
densenet121,A,528,106442,patient_disjoint,1,0,meningioma,0.9725249682381492,0.0270366447132938,0.0004383870485566,0,meningioma,0.9725249682381492,919d6f0fb3ca462983d6df6ec06846e41abd9645
densenet121,A,529,106442,patient_disjoint,1,0,meningioma,0.9998924151323666,7.287626689069571e-05,3.4708600742644554e-05,0,meningioma,0.9998924151323666,919d6f0fb3ca462983d6df6ec06846e41abd9645
densenet121,A,530,106534,patient_disjoint,4,0,meningioma,0.9996974669241446,0.0001953623640808,0.0001071707117745,0,meningioma,0.9996974669241446,919d6f0fb3ca462983d6df6ec06846e41abd9645
densenet121,A,531,106534,patient_disjoint,4,0,meningioma,0.9993196851348296,0.0005042626539814,0.000176052211189,0,meningioma,0.9993196851348296,919d6f0fb3ca462983d6df6ec06846e41abd9645
densenet121,A,532,106592,patient_disjoint,4,0,meningioma,0.9820354790220064,0.0092645635041629,0.0086999574738305,0,meningioma,0.9820354790220064,919d6f0fb3ca462983d6df6ec06846e41abd9645
densenet121,A,533,106665,patient_disjoint,3,0,meningioma,0.9996661821974304,0.0002950252749423,3.8792527627357675e-05,0,meningioma,0.9996661821974304,919d6f0fb3ca462983d6df6ec06846e41abd9645
densenet121,A,534,106665,patient_disjoint,3,0,meningioma,0.9996304015925412,0.0002954740212634,7.412438619562634e-05,0,meningioma,0.9996304015925412,919d6f0fb3ca462983d6df6ec06846e41abd9645
densenet121,A,535,106665,patient_disjoint,3,0,meningioma,0.9996586914913068,0.0002287195097323,0.0001125889989607,0,meningioma,0.9996586914913068,919d6f0fb3ca462983d6df6ec06846e41abd9645
densenet121,A,536,106665,patient_disjoint,3,0,meningioma,0.9960931676118324,0.0034941347355283,0.000412697652639,0,meningioma,0.9960931676118324,919d6f0fb3ca462983d6df6ec06846e41abd9645
densenet121,A,537,106665,patient_disjoint,3,0,meningioma,0.9992224952839546,0.000186992556342,0.0005905121597034,0,meningioma,0.9992224952839546,919d6f0fb3ca462983d6df6ec06846e41abd9645
densenet121,A,538,106665,patient_disjoint,3,0,meningioma,0.9980848546351584,0.001108035580121,0.0008071097847205,0,meningioma,0.9980848546351584,919d6f0fb3ca462983d6df6ec06846e41abd9645
densenet121,A,539,106665,patient_disjoint,3,0,meningioma,0.9967138510799496,0.0008801546035488,0.0024059943165017,0,meningioma,0.9967138510799496,919d6f0fb3ca462983d6df6ec06846e41abd9645
densenet121,A,540,106720,patient_disjoint,1,0,meningioma,0.9997188329726944,0.0002304363030984,5.0730724207218e-05,0,meningioma,0.9997188329726944,919d6f0fb3ca462983d6df6ec06846e41abd9645
densenet121,A,541,106720,patient_disjoint,1,0,meningioma,0.9994832281722638,0.0003787721141046,0.0001379997136317,0,meningioma,0.9994832281722638,919d6f0fb3ca462983d6df6ec06846e41abd9645
densenet121,A,542,106720,patient_disjoint,1,0,meningioma,0.9994966978132264,0.0002427639732163,0.0002605382135572,0,meningioma,0.9994966978132264,919d6f0fb3ca462983d6df6ec06846e41abd9645
densenet121,A,543,106914,patient_disjoint,2,0,meningioma,0.99951044464997,0.0003391277091741,0.000150427640856,0,meningioma,0.99951044464997,919d6f0fb3ca462983d6df6ec06846e41abd9645
densenet121,A,544,106914,patient_disjoint,2,0,meningioma,0.9998954937334208,8.132381431681195e-05,2.318245226244487e-05,0,meningioma,0.9998954937334208,919d6f0fb3ca462983d6df6ec06846e41abd9645
densenet121,A,545,106914,patient_disjoint,2,0,meningioma,0.9991403675315336,0.0008381793233752,2.1453145091217835e-05,0,meningioma,0.9991403675315336,919d6f0fb3ca462983d6df6ec06846e41abd9645
densenet121,A,546,106914,patient_disjoint,2,0,meningioma,0.999745303284966,0.0002212973939818,3.339932105238382e-05,0,meningioma,0.999745303284966,919d6f0fb3ca462983d6df6ec06846e41abd9645
densenet121,A,547,106914,patient_disjoint,2,0,meningioma,0.9986085512914452,0.0012219413368538,0.0001695073717008,0,meningioma,0.9986085512914452,919d6f0fb3ca462983d6df6ec06846e41abd9645
densenet121,A,548,106914,patient_disjoint,2,0,meningioma,0.9995531244485408,0.0003407600393712,0.0001061155120877,0,meningioma,0.9995531244485408,919d6f0fb3ca462983d6df6ec06846e41abd9645
densenet121,A,549,106914,patient_disjoint,2,0,meningioma,0.998973881338802,0.0008488196067241,0.0001772990544739,0,meningioma,0.998973881338802,919d6f0fb3ca462983d6df6ec06846e41abd9645
densenet121,A,550,107190,patient_disjoint,5,0,meningioma,0.9994926864448962,1.9725351845657988e-05,0.000487588203258,0,meningioma,0.9994926864448962,919d6f0fb3ca462983d6df6ec06846e41abd9645
densenet121,A,551,107248,patient_disjoint,5,0,meningioma,0.9947262900295796,0.0006051840503642,0.0046685259200562,0,meningioma,0.9947262900295796,919d6f0fb3ca462983d6df6ec06846e41abd9645
densenet121,A,552,107248,patient_disjoint,5,0,meningioma,0.93923288527316,0.0047104928555282,0.0560566218713116,0,meningioma,0.93923288527316,919d6f0fb3ca462983d6df6ec06846e41abd9645
densenet121,A,553,107248,patient_disjoint,5,0,meningioma,0.6075262251595038,0.0030858775305135,0.3893878973099825,0,meningioma,0.6075262251595038,919d6f0fb3ca462983d6df6ec06846e41abd9645
densenet121,A,554,107248,patient_disjoint,5,0,meningioma,0.961728787876951,0.0184384236884319,0.0198327884346169,0,meningioma,0.961728787876951,919d6f0fb3ca462983d6df6ec06846e41abd9645
densenet121,A,555,107248,patient_disjoint,5,0,meningioma,0.989366236036656,0.000626409840885,0.0100073541224588,0,meningioma,0.989366236036656,919d6f0fb3ca462983d6df6ec06846e41abd9645
densenet121,A,556,107494,patient_disjoint,4,0,meningioma,0.9985650146618048,0.0006273149419348,0.0008076703962602,0,meningioma,0.9985650146618048,919d6f0fb3ca462983d6df6ec06846e41abd9645
densenet121,A,557,107494,patient_disjoint,4,0,meningioma,0.9982371240517746,0.0015956209832481,0.0001672549649773,0,meningioma,0.9982371240517746,919d6f0fb3ca462983d6df6ec06846e41abd9645
densenet121,A,558,107494,patient_disjoint,4,0,meningioma,0.992872319076998,0.00125233301257,0.0058753479104318,0,meningioma,0.992872319076998,919d6f0fb3ca462983d6df6ec06846e41abd9645
densenet121,A,559,107494,patient_disjoint,4,0,meningioma,0.8656932446563834,0.0342336874088233,0.1000730679347932,0,meningioma,0.8656932446563834,919d6f0fb3ca462983d6df6ec06846e41abd9645
densenet121,A,560,107946,patient_disjoint,2,0,meningioma,0.0387370966112629,0.960685377850212,0.000577525538525,1,glioma,0.960685377850212,919d6f0fb3ca462983d6df6ec06846e41abd9645
densenet121,A,561,107946,patient_disjoint,2,0,meningioma,0.2168811911786731,0.7807874686467702,0.0023313401745567,1,glioma,0.7807874686467702,919d6f0fb3ca462983d6df6ec06846e41abd9645
densenet121,A,562,107946,patient_disjoint,2,0,meningioma,0.2627405049003176,0.7350469231955364,0.0022125719041459,1,glioma,0.7350469231955364,919d6f0fb3ca462983d6df6ec06846e41abd9645
densenet121,A,563,107946,patient_disjoint,2,0,meningioma,0.3085719250167937,0.6894639760193425,0.0019640989638636,1,glioma,0.6894639760193425,919d6f0fb3ca462983d6df6ec06846e41abd9645
densenet121,A,564,108514,patient_disjoint,5,0,meningioma,0.7226529110343418,0.2765623215097919,0.0007847674558663,0,meningioma,0.7226529110343418,919d6f0fb3ca462983d6df6ec06846e41abd9645
densenet121,A,565,108514,patient_disjoint,5,0,meningioma,0.9936752302898808,0.0050846242993367,0.0012401454107825,0,meningioma,0.9936752302898808,919d6f0fb3ca462983d6df6ec06846e41abd9645
densenet121,A,566,108514,patient_disjoint,5,0,meningioma,0.975066232393301,0.023282719622266,0.0016510479844329,0,meningioma,0.975066232393301,919d6f0fb3ca462983d6df6ec06846e41abd9645
densenet121,A,567,108514,patient_disjoint,5,0,meningioma,0.9925885264833996,0.0060308967114282,0.001380576805172,0,meningioma,0.9925885264833996,919d6f0fb3ca462983d6df6ec06846e41abd9645
densenet121,A,568,108514,patient_disjoint,5,0,meningioma,0.8706025689951166,0.1284853680154643,0.0009120629894191,0,meningioma,0.8706025689951166,919d6f0fb3ca462983d6df6ec06846e41abd9645
densenet121,A,569,108550,patient_disjoint,5,0,meningioma,0.9996885322718564,9.33094361256769e-05,0.0002181582920178,0,meningioma,0.9996885322718564,919d6f0fb3ca462983d6df6ec06846e41abd9645
densenet121,A,570,108550,patient_disjoint,5,0,meningioma,0.9777363836256096,0.003754134875832,0.0185094814985583,0,meningioma,0.9777363836256096,919d6f0fb3ca462983d6df6ec06846e41abd9645
densenet121,A,571,108590,patient_disjoint,3,0,meningioma,0.9990109391398933,7.864446396722033e-05,0.0009104163961396,0,meningioma,0.9990109391398933,919d6f0fb3ca462983d6df6ec06846e41abd9645
densenet121,A,572,108590,patient_disjoint,3,0,meningioma,0.9977433560338712,0.0015027200510741,0.0007539239150547,0,meningioma,0.9977433560338712,919d6f0fb3ca462983d6df6ec06846e41abd9645
densenet121,A,573,108945,patient_disjoint,4,0,meningioma,0.9835912015920816,0.0160890477178477,0.0003197506900707,0,meningioma,0.9835912015920816,919d6f0fb3ca462983d6df6ec06846e41abd9645
densenet121,A,574,108945,patient_disjoint,4,0,meningioma,0.8539879840747775,0.145155777857947,0.0008562380672755,0,meningioma,0.8539879840747775,919d6f0fb3ca462983d6df6ec06846e41abd9645
densenet121,A,575,108945,patient_disjoint,4,0,meningioma,0.9841331673920872,0.0154217365912211,0.0004450960166918,0,meningioma,0.9841331673920872,919d6f0fb3ca462983d6df6ec06846e41abd9645
densenet121,A,576,108945,patient_disjoint,4,0,meningioma,0.9792023996975684,0.0196464190200347,0.0011511812823969,0,meningioma,0.9792023996975684,919d6f0fb3ca462983d6df6ec06846e41abd9645
densenet121,A,577,109350,patient_disjoint,5,0,meningioma,0.8830048388291292,0.0129326989077424,0.1040624622631284,0,meningioma,0.8830048388291292,919d6f0fb3ca462983d6df6ec06846e41abd9645
densenet121,A,578,109350,patient_disjoint,5,0,meningioma,0.981907270805777,0.0025080939254655,0.0155846352687575,0,meningioma,0.981907270805777,919d6f0fb3ca462983d6df6ec06846e41abd9645
densenet121,A,579,109411,patient_disjoint,3,0,meningioma,0.4984764061443296,0.4739897158682517,0.0275338779874187,0,meningioma,0.4984764061443296,919d6f0fb3ca462983d6df6ec06846e41abd9645
densenet121,A,580,109968,patient_disjoint,3,0,meningioma,0.9999741573535328,1.608758333240324e-05,9.755063134744036e-06,0,meningioma,0.9999741573535328,919d6f0fb3ca462983d6df6ec06846e41abd9645
densenet121,A,581,109968,patient_disjoint,3,0,meningioma,0.999965449098153,2.7287981839920437e-05,7.262920007150086e-06,0,meningioma,0.999965449098153,919d6f0fb3ca462983d6df6ec06846e41abd9645
densenet121,A,582,109968,patient_disjoint,3,0,meningioma,0.9999404506037544,2.7683548312334155e-05,3.186584793306033e-05,0,meningioma,0.9999404506037544,919d6f0fb3ca462983d6df6ec06846e41abd9645
densenet121,A,583,109968,patient_disjoint,3,0,meningioma,0.999437628772916,0.000140888078679,0.0004214831484048,0,meningioma,0.999437628772916,919d6f0fb3ca462983d6df6ec06846e41abd9645
densenet121,A,584,110808,patient_disjoint,1,0,meningioma,0.9981184679895388,0.0010563851356774,0.0008251468747837,0,meningioma,0.9981184679895388,919d6f0fb3ca462983d6df6ec06846e41abd9645
densenet121,A,585,110808,patient_disjoint,1,0,meningioma,0.9979740350825504,0.0018276903843761,0.0001982745330734,0,meningioma,0.9979740350825504,919d6f0fb3ca462983d6df6ec06846e41abd9645
densenet121,A,586,111077,patient_disjoint,2,0,meningioma,0.9958833000171028,0.0039683549280026,0.0001483450548945,0,meningioma,0.9958833000171028,919d6f0fb3ca462983d6df6ec06846e41abd9645
densenet121,A,587,111077,patient_disjoint,2,0,meningioma,0.9989375983489274,0.0004153146692642,0.0006470869818083,0,meningioma,0.9989375983489274,919d6f0fb3ca462983d6df6ec06846e41abd9645
densenet121,A,588,111077,patient_disjoint,2,0,meningioma,0.9987832470943236,0.0006358645294687,0.0005808883762077,0,meningioma,0.9987832470943236,919d6f0fb3ca462983d6df6ec06846e41abd9645
densenet121,A,589,111366,patient_disjoint,3,0,meningioma,0.513156463773222,0.4667976924340598,0.0200458437927181,0,meningioma,0.513156463773222,919d6f0fb3ca462983d6df6ec06846e41abd9645
densenet121,A,590,111366,patient_disjoint,3,0,meningioma,0.9743446896513676,0.014227583845674,0.0114277265029582,0,meningioma,0.9743446896513676,919d6f0fb3ca462983d6df6ec06846e41abd9645
densenet121,A,591,111366,patient_disjoint,3,0,meningioma,0.9937586319411912,0.0041829431523565,0.0020584249064522,0,meningioma,0.9937586319411912,919d6f0fb3ca462983d6df6ec06846e41abd9645
densenet121,A,592,111366,patient_disjoint,3,0,meningioma,0.999831169753418,9.859490953601634e-05,7.023533704609856e-05,0,meningioma,0.999831169753418,919d6f0fb3ca462983d6df6ec06846e41abd9645
densenet121,A,593,111532,patient_disjoint,1,0,meningioma,0.995825915820948,0.0040614311465719,0.0001126530324799,0,meningioma,0.995825915820948,919d6f0fb3ca462983d6df6ec06846e41abd9645
densenet121,A,594,111532,patient_disjoint,1,0,meningioma,0.9964128119510328,0.0035060850371584,8.11030118087756e-05,0,meningioma,0.9964128119510328,919d6f0fb3ca462983d6df6ec06846e41abd9645
densenet121,A,595,111532,patient_disjoint,1,0,meningioma,0.9961465658870512,0.0036660622807696,0.0001873718321794,0,meningioma,0.9961465658870512,919d6f0fb3ca462983d6df6ec06846e41abd9645
densenet121,A,596,111696,patient_disjoint,1,0,meningioma,0.9637804935636436,0.013539377241592,0.0226801291947644,0,meningioma,0.9637804935636436,919d6f0fb3ca462983d6df6ec06846e41abd9645
densenet121,A,597,111710,patient_disjoint,4,0,meningioma,0.9532507826787904,0.0463703585682793,0.0003788587529303,0,meningioma,0.9532507826787904,919d6f0fb3ca462983d6df6ec06846e41abd9645
densenet121,A,598,111710,patient_disjoint,4,0,meningioma,0.9868201793255258,0.0128178784430633,0.0003619422314108,0,meningioma,0.9868201793255258,919d6f0fb3ca462983d6df6ec06846e41abd9645
densenet121,A,599,112002,patient_disjoint,2,0,meningioma,0.2851300443419648,0.6796410453552504,0.0352289103027847,1,glioma,0.6796410453552504,919d6f0fb3ca462983d6df6ec06846e41abd9645
densenet121,A,600,112002,patient_disjoint,2,0,meningioma,0.040320401826833,0.9531247700626604,0.0065548281105063,1,glioma,0.9531247700626604,919d6f0fb3ca462983d6df6ec06846e41abd9645
densenet121,A,601,112002,patient_disjoint,2,0,meningioma,0.8510967328035325,0.1314205883275123,0.0174826788689552,0,meningioma,0.8510967328035325,919d6f0fb3ca462983d6df6ec06846e41abd9645
densenet121,A,602,112002,patient_disjoint,2,0,meningioma,0.6643253226257835,0.0045035048019341,0.3311711725722824,0,meningioma,0.6643253226257835,919d6f0fb3ca462983d6df6ec06846e41abd9645
densenet121,A,603,112062,patient_disjoint,4,0,meningioma,0.9999376288348124,4.753684861971316e-05,1.4834316567931226e-05,0,meningioma,0.9999376288348124,919d6f0fb3ca462983d6df6ec06846e41abd9645
densenet121,A,604,112062,patient_disjoint,4,0,meningioma,0.9998735902243132,0.0001190534127567,7.356362930100697e-06,0,meningioma,0.9998735902243132,919d6f0fb3ca462983d6df6ec06846e41abd9645
densenet121,A,605,112062,patient_disjoint,4,0,meningioma,0.9986823990593298,0.0011614013498362,0.0001561995908341,0,meningioma,0.9986823990593298,919d6f0fb3ca462983d6df6ec06846e41abd9645
densenet121,A,606,112252,patient_disjoint,1,0,meningioma,0.998520193194886,0.0012009620342216,0.0002788447708923,0,meningioma,0.998520193194886,919d6f0fb3ca462983d6df6ec06846e41abd9645
densenet121,A,607,112252,patient_disjoint,1,0,meningioma,0.994653008174585,0.0034137848150776,0.0019332070103373,0,meningioma,0.994653008174585,919d6f0fb3ca462983d6df6ec06846e41abd9645
densenet121,A,608,112552,patient_disjoint,2,0,meningioma,0.9888514295977396,0.0086544770214604,0.0024940933808,0,meningioma,0.9888514295977396,919d6f0fb3ca462983d6df6ec06846e41abd9645
densenet121,A,609,112552,patient_disjoint,2,0,meningioma,0.8298382400151849,0.1583360364908016,0.0118257234940133,0,meningioma,0.8298382400151849,919d6f0fb3ca462983d6df6ec06846e41abd9645
densenet121,A,610,112552,patient_disjoint,2,0,meningioma,0.9928189223010472,0.004109355223582,0.0030717224753706,0,meningioma,0.9928189223010472,919d6f0fb3ca462983d6df6ec06846e41abd9645
densenet121,A,611,112552,patient_disjoint,2,0,meningioma,0.9695628471199754,0.0260954385146229,0.0043417143654015,0,meningioma,0.9695628471199754,919d6f0fb3ca462983d6df6ec06846e41abd9645
densenet121,A,612,112552,patient_disjoint,2,0,meningioma,0.9984552201788834,0.0011849457600218,0.0003598340610946,0,meningioma,0.9984552201788834,919d6f0fb3ca462983d6df6ec06846e41abd9645
densenet121,A,613,112552,patient_disjoint,2,0,meningioma,0.9966246438048214,0.0028642563977018,0.0005110997974766,0,meningioma,0.9966246438048214,919d6f0fb3ca462983d6df6ec06846e41abd9645
densenet121,A,614,112552,patient_disjoint,2,0,meningioma,0.9860439051155246,0.0136415736435847,0.0003145212408907,0,meningioma,0.9860439051155246,919d6f0fb3ca462983d6df6ec06846e41abd9645
densenet121,A,615,112648,patient_disjoint,3,0,meningioma,0.964094233562124,0.0325530685569235,0.0033526978809523,0,meningioma,0.964094233562124,919d6f0fb3ca462983d6df6ec06846e41abd9645
densenet121,A,616,112648,patient_disjoint,3,0,meningioma,0.9980991492524276,0.0012943745644261,0.000606476183146,0,meningioma,0.9980991492524276,919d6f0fb3ca462983d6df6ec06846e41abd9645
densenet121,A,617,112648,patient_disjoint,3,0,meningioma,0.8642648190145017,0.1345536675052037,0.0011815134802946,0,meningioma,0.8642648190145017,919d6f0fb3ca462983d6df6ec06846e41abd9645
densenet121,A,618,112648,patient_disjoint,3,0,meningioma,0.9883616345212118,0.0114825014422437,0.0001558640365443,0,meningioma,0.9883616345212118,919d6f0fb3ca462983d6df6ec06846e41abd9645
densenet121,A,619,112650,patient_disjoint,3,0,meningioma,0.456772529261851,0.5393119321948913,0.0039155385432577,1,glioma,0.5393119321948913,919d6f0fb3ca462983d6df6ec06846e41abd9645
densenet121,A,620,112650,patient_disjoint,3,0,meningioma,0.80593559773099,0.1923281344219207,0.0017362678470893,0,meningioma,0.80593559773099,919d6f0fb3ca462983d6df6ec06846e41abd9645
densenet121,A,621,113098,patient_disjoint,1,0,meningioma,0.9981170732079984,0.0015965251500495,0.0002864016419518,0,meningioma,0.9981170732079984,919d6f0fb3ca462983d6df6ec06846e41abd9645
densenet121,A,622,113098,patient_disjoint,1,0,meningioma,0.9480980827807444,0.0442139694134057,0.0076879478058498,0,meningioma,0.9480980827807444,919d6f0fb3ca462983d6df6ec06846e41abd9645
densenet121,A,623,113098,patient_disjoint,1,0,meningioma,0.1091243341808696,0.884689932822869,0.0061857329962613,1,glioma,0.884689932822869,919d6f0fb3ca462983d6df6ec06846e41abd9645
densenet121,A,624,113098,patient_disjoint,1,0,meningioma,0.1626433571737347,0.8116707807080261,0.025685862118239,1,glioma,0.8116707807080261,919d6f0fb3ca462983d6df6ec06846e41abd9645
densenet121,A,625,113435,patient_disjoint,5,0,meningioma,0.9977747491264268,0.0015251408886025,0.0007001099849704,0,meningioma,0.9977747491264268,919d6f0fb3ca462983d6df6ec06846e41abd9645
densenet121,A,626,113435,patient_disjoint,5,0,meningioma,0.9987239897207868,0.0003968635279224,0.0008791467512909,0,meningioma,0.9987239897207868,919d6f0fb3ca462983d6df6ec06846e41abd9645
densenet121,A,627,113435,patient_disjoint,5,0,meningioma,0.992900650662338,0.0007766199725612,0.0063227293651005,0,meningioma,0.992900650662338,919d6f0fb3ca462983d6df6ec06846e41abd9645
densenet121,A,628,113435,patient_disjoint,5,0,meningioma,0.9518348071309596,0.0080223087205939,0.0401428841484465,0,meningioma,0.9518348071309596,919d6f0fb3ca462983d6df6ec06846e41abd9645
densenet121,A,629,113435,patient_disjoint,5,0,meningioma,0.9822029563262856,0.0139657760742322,0.0038312675994821,0,meningioma,0.9822029563262856,919d6f0fb3ca462983d6df6ec06846e41abd9645
densenet121,A,630,113435,patient_disjoint,5,0,meningioma,0.9851048783197413,0.0137107215643671,0.0011844001158916,0,meningioma,0.9851048783197413,919d6f0fb3ca462983d6df6ec06846e41abd9645
densenet121,A,631,113554,patient_disjoint,5,0,meningioma,0.9949384638474074,0.0046982132550599,0.0003633228975326,0,meningioma,0.9949384638474074,919d6f0fb3ca462983d6df6ec06846e41abd9645
densenet121,A,632,113554,patient_disjoint,5,0,meningioma,0.9998044724859636,1.9244073687863263e-05,0.0001762834403484,0,meningioma,0.9998044724859636,919d6f0fb3ca462983d6df6ec06846e41abd9645
densenet121,A,633,113554,patient_disjoint,5,0,meningioma,0.9892735684810174,0.000595383368893,0.0101310481500895,0,meningioma,0.9892735684810174,919d6f0fb3ca462983d6df6ec06846e41abd9645
densenet121,A,634,113554,patient_disjoint,5,0,meningioma,0.9981322487461848,0.000336852100558,0.0015308991532571,0,meningioma,0.9981322487461848,919d6f0fb3ca462983d6df6ec06846e41abd9645
densenet121,A,635,113614,patient_disjoint,4,0,meningioma,0.2339819849270647,0.7190227921015221,0.0469952229714132,1,glioma,0.7190227921015221,919d6f0fb3ca462983d6df6ec06846e41abd9645
densenet121,A,636,113614,patient_disjoint,4,0,meningioma,0.96804804532316,0.0212781354092265,0.0106738192676132,0,meningioma,0.96804804532316,919d6f0fb3ca462983d6df6ec06846e41abd9645
densenet121,A,637,113614,patient_disjoint,4,0,meningioma,0.9943435511899528,0.0020518522825755,0.0036045965274718,0,meningioma,0.9943435511899528,919d6f0fb3ca462983d6df6ec06846e41abd9645
densenet121,A,638,113614,patient_disjoint,4,0,meningioma,0.9859624796646568,0.0138788554254377,0.0001586649099056,0,meningioma,0.9859624796646568,919d6f0fb3ca462983d6df6ec06846e41abd9645
densenet121,A,639,113805,patient_disjoint,2,0,meningioma,0.9769261236952868,0.0213625253008923,0.0017113510038207,0,meningioma,0.9769261236952868,919d6f0fb3ca462983d6df6ec06846e41abd9645
densenet121,A,640,113971,patient_disjoint,5,0,meningioma,0.9206576979223072,0.0616440954466223,0.0176982066310705,0,meningioma,0.9206576979223072,919d6f0fb3ca462983d6df6ec06846e41abd9645
densenet121,A,641,113971,patient_disjoint,5,0,meningioma,0.823825867332631,0.0048775490584009,0.1712965836089679,0,meningioma,0.823825867332631,919d6f0fb3ca462983d6df6ec06846e41abd9645
densenet121,A,642,114018,patient_disjoint,2,0,meningioma,0.994185111993757,0.0027305036643806,0.0030843843418622,0,meningioma,0.994185111993757,919d6f0fb3ca462983d6df6ec06846e41abd9645
densenet121,A,643,114018,patient_disjoint,2,0,meningioma,0.9892078878425724,0.0013523843165316,0.0094397278408961,0,meningioma,0.9892078878425724,919d6f0fb3ca462983d6df6ec06846e41abd9645
densenet121,A,644,114018,patient_disjoint,2,0,meningioma,0.9241477029478924,0.0004740156921292,0.0753782813599781,0,meningioma,0.9241477029478924,919d6f0fb3ca462983d6df6ec06846e41abd9645
densenet121,A,645,114018,patient_disjoint,2,0,meningioma,0.9975429545551482,9.025444399112176e-05,0.0023667910008608,0,meningioma,0.9975429545551482,919d6f0fb3ca462983d6df6ec06846e41abd9645
densenet121,A,646,114018,patient_disjoint,2,0,meningioma,0.9981147323865902,0.0001681076096215,0.0017171600037882,0,meningioma,0.9981147323865902,919d6f0fb3ca462983d6df6ec06846e41abd9645
densenet121,A,647,114018,patient_disjoint,2,0,meningioma,0.9965604932146436,0.0002417869329737,0.0031977198523826,0,meningioma,0.9965604932146436,919d6f0fb3ca462983d6df6ec06846e41abd9645
densenet121,A,648,114359,patient_disjoint,2,0,meningioma,0.9996001781580532,0.0003870201944793,1.2801647467560643e-05,0,meningioma,0.9996001781580532,919d6f0fb3ca462983d6df6ec06846e41abd9645
densenet121,A,649,114359,patient_disjoint,2,0,meningioma,0.998573141546182,0.0013591234606067,6.773499321116873e-05,0,meningioma,0.998573141546182,919d6f0fb3ca462983d6df6ec06846e41abd9645
densenet121,A,650,114359,patient_disjoint,2,0,meningioma,0.9987257039971188,0.0010323590265689,0.0002419369763124,0,meningioma,0.9987257039971188,919d6f0fb3ca462983d6df6ec06846e41abd9645
densenet121,A,651,114359,patient_disjoint,2,0,meningioma,0.9974383249403812,0.0022870261669824,0.0002746488926363,0,meningioma,0.9974383249403812,919d6f0fb3ca462983d6df6ec06846e41abd9645
densenet121,A,652,114359,patient_disjoint,2,0,meningioma,0.9912794939299968,0.0082324190735474,0.0004880869964554,0,meningioma,0.9912794939299968,919d6f0fb3ca462983d6df6ec06846e41abd9645
densenet121,A,653,114359,patient_disjoint,2,0,meningioma,0.9960911135673534,0.0037373509441779,0.0001715354884686,0,meningioma,0.9960911135673534,919d6f0fb3ca462983d6df6ec06846e41abd9645
densenet121,A,654,114359,patient_disjoint,2,0,meningioma,0.9736768775056568,0.0258154116852693,0.0005077108090738,0,meningioma,0.9736768775056568,919d6f0fb3ca462983d6df6ec06846e41abd9645
densenet121,A,655,114417,patient_disjoint,2,0,meningioma,0.8928252279222999,0.1064099621884,0.0007648098892999,0,meningioma,0.8928252279222999,919d6f0fb3ca462983d6df6ec06846e41abd9645
densenet121,A,656,114417,patient_disjoint,2,0,meningioma,0.996163817539388,0.0027924813694987,0.0010437010911134,0,meningioma,0.996163817539388,919d6f0fb3ca462983d6df6ec06846e41abd9645
densenet121,A,657,114417,patient_disjoint,2,0,meningioma,0.9880257959000758,0.0056823521224192,0.006291851977505,0,meningioma,0.9880257959000758,919d6f0fb3ca462983d6df6ec06846e41abd9645
densenet121,A,658,114417,patient_disjoint,2,0,meningioma,0.9596480128130318,0.0108035017816986,0.0295484854052697,0,meningioma,0.9596480128130318,919d6f0fb3ca462983d6df6ec06846e41abd9645
densenet121,A,659,97374,patient_disjoint,3,0,meningioma,0.9350163634676838,0.0502136590439072,0.0147699774884089,0,meningioma,0.9350163634676838,919d6f0fb3ca462983d6df6ec06846e41abd9645
densenet121,A,660,97374,patient_disjoint,3,0,meningioma,0.9987616183917376,0.0004705308293623,0.0007678507789001,0,meningioma,0.9987616183917376,919d6f0fb3ca462983d6df6ec06846e41abd9645
densenet121,A,661,97374,patient_disjoint,3,0,meningioma,0.9986065616549452,0.0013300666997121,6.337164534271933e-05,0,meningioma,0.9986065616549452,919d6f0fb3ca462983d6df6ec06846e41abd9645
densenet121,A,662,97374,patient_disjoint,3,0,meningioma,0.9983616559244788,0.0015925253141891,4.581876133214233e-05,0,meningioma,0.9983616559244788,919d6f0fb3ca462983d6df6ec06846e41abd9645
densenet121,A,663,97374,patient_disjoint,3,0,meningioma,0.997227646881193,0.0026468049483852,0.0001255481704217,0,meningioma,0.997227646881193,919d6f0fb3ca462983d6df6ec06846e41abd9645
densenet121,A,664,97607,patient_disjoint,1,0,meningioma,0.9971232805144226,0.0027558320438224,0.0001208874417549,0,meningioma,0.9971232805144226,919d6f0fb3ca462983d6df6ec06846e41abd9645
densenet121,A,665,97607,patient_disjoint,1,0,meningioma,0.9983644843507128,0.0015320698747158,0.0001034457745712,0,meningioma,0.9983644843507128,919d6f0fb3ca462983d6df6ec06846e41abd9645
densenet121,A,666,97607,patient_disjoint,1,0,meningioma,0.9992547129794804,0.0005627452886812,0.0001825417318385,0,meningioma,0.9992547129794804,919d6f0fb3ca462983d6df6ec06846e41abd9645
densenet121,A,667,97607,patient_disjoint,1,0,meningioma,0.9981186967323727,0.0016750034686414,0.0002062997989857,0,meningioma,0.9981186967323727,919d6f0fb3ca462983d6df6ec06846e41abd9645
densenet121,A,668,97737,patient_disjoint,1,0,meningioma,0.9994659658817476,0.0004290662523444,0.000104967865908,0,meningioma,0.9994659658817476,919d6f0fb3ca462983d6df6ec06846e41abd9645
densenet121,A,669,97737,patient_disjoint,1,0,meningioma,0.9987276472248052,0.0006103052877108,0.0006620474874838,0,meningioma,0.9987276472248052,919d6f0fb3ca462983d6df6ec06846e41abd9645
densenet121,A,670,97737,patient_disjoint,1,0,meningioma,0.9986056763135336,0.0005511716388301,0.0008431520476362,0,meningioma,0.9986056763135336,919d6f0fb3ca462983d6df6ec06846e41abd9645
densenet121,A,671,97737,patient_disjoint,1,0,meningioma,0.9990215961929254,0.0005431818788238,0.0004352219282507,0,meningioma,0.9990215961929254,919d6f0fb3ca462983d6df6ec06846e41abd9645
densenet121,A,672,97737,patient_disjoint,1,0,meningioma,0.9993908665090044,0.0004376125811433,0.0001715209098521,0,meningioma,0.9993908665090044,919d6f0fb3ca462983d6df6ec06846e41abd9645
densenet121,A,673,97793,patient_disjoint,3,0,meningioma,0.9993213013052474,0.0005335586740464,0.000145140020706,0,meningioma,0.9993213013052474,919d6f0fb3ca462983d6df6ec06846e41abd9645
densenet121,A,674,97875,patient_disjoint,4,0,meningioma,0.9476421334403436,0.0120411603609167,0.0403167061987397,0,meningioma,0.9476421334403436,919d6f0fb3ca462983d6df6ec06846e41abd9645
densenet121,A,675,97943,patient_disjoint,3,0,meningioma,0.9992341570851646,0.0006458340733781,0.0001200088414574,0,meningioma,0.9992341570851646,919d6f0fb3ca462983d6df6ec06846e41abd9645
densenet121,A,676,97943,patient_disjoint,3,0,meningioma,0.999728247274898,0.0002604796787782,1.1273046323914851e-05,0,meningioma,0.999728247274898,919d6f0fb3ca462983d6df6ec06846e41abd9645
densenet121,A,677,97943,patient_disjoint,3,0,meningioma,0.9999366313639216,5.78050459817107e-05,5.563590096751364e-06,0,meningioma,0.9999366313639216,919d6f0fb3ca462983d6df6ec06846e41abd9645
densenet121,A,678,97943,patient_disjoint,3,0,meningioma,0.99967845926884,0.0003156847264582,5.856004701860347e-06,0,meningioma,0.99967845926884,919d6f0fb3ca462983d6df6ec06846e41abd9645
densenet121,A,679,97943,patient_disjoint,3,0,meningioma,0.999404763802786,0.0004718754713948,0.0001233607258191,0,meningioma,0.999404763802786,919d6f0fb3ca462983d6df6ec06846e41abd9645
densenet121,A,680,98241,patient_disjoint,2,0,meningioma,0.9987134193570212,0.0006875549206289,0.0005990257223497,0,meningioma,0.9987134193570212,919d6f0fb3ca462983d6df6ec06846e41abd9645
densenet121,A,681,98241,patient_disjoint,2,0,meningioma,0.9981148919119248,0.0008145095704553,0.00107059851762,0,meningioma,0.9981148919119248,919d6f0fb3ca462983d6df6ec06846e41abd9645
densenet121,A,682,98241,patient_disjoint,2,0,meningioma,0.9959150048348716,0.0012214318775427,0.0028635632875856,0,meningioma,0.9959150048348716,919d6f0fb3ca462983d6df6ec06846e41abd9645
densenet121,A,683,98241,patient_disjoint,2,0,meningioma,0.9938408082447444,0.0039230292785563,0.0022361624766992,0,meningioma,0.9938408082447444,919d6f0fb3ca462983d6df6ec06846e41abd9645
densenet121,A,684,98241,patient_disjoint,2,0,meningioma,0.9783965303824416,0.0068159064783334,0.014787563139225,0,meningioma,0.9783965303824416,919d6f0fb3ca462983d6df6ec06846e41abd9645
densenet121,A,685,98241,patient_disjoint,2,0,meningioma,0.8871462975951856,0.0194430141145846,0.0934106882902296,0,meningioma,0.8871462975951856,919d6f0fb3ca462983d6df6ec06846e41abd9645
densenet121,A,686,99017,patient_disjoint,1,0,meningioma,0.999087051736298,0.0002825765737996,0.0006303716899023,0,meningioma,0.999087051736298,919d6f0fb3ca462983d6df6ec06846e41abd9645
densenet121,A,687,99017,patient_disjoint,1,0,meningioma,0.9984659715662366,0.0009162918512996,0.0006177365824638,0,meningioma,0.9984659715662366,919d6f0fb3ca462983d6df6ec06846e41abd9645
densenet121,A,688,99089,patient_disjoint,5,0,meningioma,0.9852300355102024,0.0008894300372111,0.0138805344525864,0,meningioma,0.9852300355102024,919d6f0fb3ca462983d6df6ec06846e41abd9645
densenet121,A,689,99089,patient_disjoint,5,0,meningioma,0.9971791975018044,0.0001028734819052,0.0027179290162903,0,meningioma,0.9971791975018044,919d6f0fb3ca462983d6df6ec06846e41abd9645
densenet121,A,690,99089,patient_disjoint,5,0,meningioma,0.9981493749120636,0.0008066398398375,0.0010439852480987,0,meningioma,0.9981493749120636,919d6f0fb3ca462983d6df6ec06846e41abd9645
densenet121,A,691,99089,patient_disjoint,5,0,meningioma,0.997232726941699,0.0018815817789357,0.0008856912793651,0,meningioma,0.997232726941699,919d6f0fb3ca462983d6df6ec06846e41abd9645
densenet121,A,692,99089,patient_disjoint,5,0,meningioma,0.997856368352488,0.0019924779661374,0.0001511536813744,0,meningioma,0.997856368352488,919d6f0fb3ca462983d6df6ec06846e41abd9645
densenet121,A,693,99162,patient_disjoint,1,0,meningioma,0.9999032114573824,8.688282064025668e-05,9.905721977343714e-06,0,meningioma,0.9999032114573824,919d6f0fb3ca462983d6df6ec06846e41abd9645
densenet121,A,694,99162,patient_disjoint,1,0,meningioma,0.999846194807497,0.0001120105040732,4.179468842973364e-05,0,meningioma,0.999846194807497,919d6f0fb3ca462983d6df6ec06846e41abd9645
densenet121,A,695,99162,patient_disjoint,1,0,meningioma,0.9944220519982347,0.0008678123436321,0.004710135658133,0,meningioma,0.9944220519982347,919d6f0fb3ca462983d6df6ec06846e41abd9645
densenet121,A,696,99288,patient_disjoint,2,0,meningioma,0.6589574976071866,0.3205493170869676,0.0204931853058457,0,meningioma,0.6589574976071866,919d6f0fb3ca462983d6df6ec06846e41abd9645
densenet121,A,697,99308,patient_disjoint,2,0,meningioma,0.9287534046701406,0.0501523293809172,0.0210942659489422,0,meningioma,0.9287534046701406,919d6f0fb3ca462983d6df6ec06846e41abd9645
densenet121,A,698,99308,patient_disjoint,2,0,meningioma,0.2828433991107912,0.7013629548627476,0.0157936460264612,1,glioma,0.7013629548627476,919d6f0fb3ca462983d6df6ec06846e41abd9645
densenet121,A,699,99308,patient_disjoint,2,0,meningioma,0.8632523400436711,0.122113380530816,0.0146342794255128,0,meningioma,0.8632523400436711,919d6f0fb3ca462983d6df6ec06846e41abd9645
densenet121,A,700,99308,patient_disjoint,2,0,meningioma,0.9912784584061246,0.0079752530664325,0.0007462885274428,0,meningioma,0.9912784584061246,919d6f0fb3ca462983d6df6ec06846e41abd9645
densenet121,A,701,99308,patient_disjoint,2,0,meningioma,0.99901144819153,0.0007633522561423,0.0002251995523275,0,meningioma,0.99901144819153,919d6f0fb3ca462983d6df6ec06846e41abd9645
densenet121,A,702,99308,patient_disjoint,2,0,meningioma,0.999582205732029,0.0003375257475181,8.026852045269805e-05,0,meningioma,0.999582205732029,919d6f0fb3ca462983d6df6ec06846e41abd9645
densenet121,A,703,99815,patient_disjoint,4,0,meningioma,0.9997345494095792,0.000171949813248,9.350077717272132e-05,0,meningioma,0.9997345494095792,919d6f0fb3ca462983d6df6ec06846e41abd9645
densenet121,A,704,99815,patient_disjoint,4,0,meningioma,0.9998743201893396,7.10263742864231e-05,5.465343637400363e-05,0,meningioma,0.9998743201893396,919d6f0fb3ca462983d6df6ec06846e41abd9645
densenet121,A,705,99815,patient_disjoint,4,0,meningioma,0.9994744463198056,0.000199992492825,0.0003255611873694,0,meningioma,0.9994744463198056,919d6f0fb3ca462983d6df6ec06846e41abd9645
densenet121,A,706,99815,patient_disjoint,4,0,meningioma,0.996385308836902,0.000626738565581,0.0029879525975169,0,meningioma,0.996385308836902,919d6f0fb3ca462983d6df6ec06846e41abd9645
densenet121,A,707,99815,patient_disjoint,4,0,meningioma,0.996206603723256,0.0007136085068242,0.0030797877699197,0,meningioma,0.996206603723256,919d6f0fb3ca462983d6df6ec06846e41abd9645
densenet121,A,708,99815,patient_disjoint,4,0,meningioma,0.9981156881822922,0.0004274613174943,0.0014568505002133,0,meningioma,0.9981156881822922,919d6f0fb3ca462983d6df6ec06846e41abd9645
densenet121,A,709,105936,patient_disjoint,5,2,pituitary,0.0001019529039147,0.00010790315352,0.9997901439425652,2,pituitary,0.9997901439425652,919d6f0fb3ca462983d6df6ec06846e41abd9645
densenet121,A,710,105936,patient_disjoint,5,2,pituitary,7.900967476445124e-05,5.830150270447767e-05,0.9998626888225312,2,pituitary,0.9998626888225312,919d6f0fb3ca462983d6df6ec06846e41abd9645
densenet121,A,711,105936,patient_disjoint,5,2,pituitary,0.000101673608182,0.0001014814628519,0.999796844928966,2,pituitary,0.999796844928966,919d6f0fb3ca462983d6df6ec06846e41abd9645
densenet121,A,712,106062,patient_disjoint,3,2,pituitary,0.0004984060217847,0.0001253901049441,0.999376203873271,2,pituitary,0.999376203873271,919d6f0fb3ca462983d6df6ec06846e41abd9645
densenet121,A,713,106062,patient_disjoint,3,2,pituitary,0.0016460096615742,0.0005599152370454,0.9977940751013804,2,pituitary,0.9977940751013804,919d6f0fb3ca462983d6df6ec06846e41abd9645
densenet121,A,714,106062,patient_disjoint,3,2,pituitary,0.0057592072798008,0.0003082609023603,0.9939325318178388,2,pituitary,0.9939325318178388,919d6f0fb3ca462983d6df6ec06846e41abd9645
densenet121,A,715,100820,patient_disjoint,3,1,glioma,0.4487114539054275,0.550324807239304,0.0009637388552685,1,glioma,0.550324807239304,919d6f0fb3ca462983d6df6ec06846e41abd9645
densenet121,A,716,100820,patient_disjoint,3,1,glioma,0.9941534055198252,0.0055067987028201,0.0003397957773547,0,meningioma,0.9941534055198252,919d6f0fb3ca462983d6df6ec06846e41abd9645
densenet121,A,717,100820,patient_disjoint,3,1,glioma,0.9985079562662884,0.0012010861935387,0.0002909575401728,0,meningioma,0.9985079562662884,919d6f0fb3ca462983d6df6ec06846e41abd9645
densenet121,A,718,101020,patient_disjoint,3,1,glioma,0.0318580210222182,0.9592051576983022,0.0089368212794795,1,glioma,0.9592051576983022,919d6f0fb3ca462983d6df6ec06846e41abd9645
densenet121,A,719,101020,patient_disjoint,3,1,glioma,0.015840769260146,0.9827764051646078,0.0013828255752461,1,glioma,0.9827764051646078,919d6f0fb3ca462983d6df6ec06846e41abd9645
densenet121,A,720,101020,patient_disjoint,3,1,glioma,0.0137219319011196,0.9856260104257488,0.0006520576731317,1,glioma,0.9856260104257488,919d6f0fb3ca462983d6df6ec06846e41abd9645
densenet121,A,721,101020,patient_disjoint,3,1,glioma,0.6766399092663212,0.3223427746693252,0.0010173160643534,0,meningioma,0.6766399092663212,919d6f0fb3ca462983d6df6ec06846e41abd9645
densenet121,A,722,102075,patient_disjoint,5,1,glioma,0.1191429007063024,0.5057951882140602,0.3750619110796374,1,glioma,0.5057951882140602,919d6f0fb3ca462983d6df6ec06846e41abd9645
densenet121,A,723,102075,patient_disjoint,5,1,glioma,0.2948409852842422,0.1897362130298112,0.5154228016859466,2,pituitary,0.5154228016859466,919d6f0fb3ca462983d6df6ec06846e41abd9645
densenet121,A,724,102075,patient_disjoint,5,1,glioma,0.242544356504415,0.2154393041449047,0.5420163393506802,2,pituitary,0.5420163393506802,919d6f0fb3ca462983d6df6ec06846e41abd9645
densenet121,A,725,103148,patient_disjoint,1,1,glioma,0.0017824189094476,0.9980043019512737,0.0002132791392787,1,glioma,0.9980043019512737,919d6f0fb3ca462983d6df6ec06846e41abd9645
densenet121,A,726,103148,patient_disjoint,1,1,glioma,0.0702202624350832,0.9290028949746608,0.0007768425902561,1,glioma,0.9290028949746608,919d6f0fb3ca462983d6df6ec06846e41abd9645
densenet121,A,727,103148,patient_disjoint,1,1,glioma,0.0248797995364712,0.974509141514624,0.0006110589489047,1,glioma,0.974509141514624,919d6f0fb3ca462983d6df6ec06846e41abd9645
densenet121,A,728,103148,patient_disjoint,1,1,glioma,0.008227334452234,0.991477366479248,0.0002952990685179,1,glioma,0.991477366479248,919d6f0fb3ca462983d6df6ec06846e41abd9645
densenet121,A,729,106494,patient_disjoint,5,1,glioma,0.294808444471317,0.2711861206752168,0.4340054348534662,2,pituitary,0.4340054348534662,919d6f0fb3ca462983d6df6ec06846e41abd9645
densenet121,A,730,106494,patient_disjoint,5,1,glioma,0.0402312622129425,0.9578471806531784,0.0019215571338789,1,glioma,0.9578471806531784,919d6f0fb3ca462983d6df6ec06846e41abd9645
densenet121,A,731,106494,patient_disjoint,5,1,glioma,0.0105828451805759,0.989043277854736,0.0003738769646878,1,glioma,0.989043277854736,919d6f0fb3ca462983d6df6ec06846e41abd9645
densenet121,A,732,106494,patient_disjoint,5,1,glioma,0.0332072218014649,0.9658983294611472,0.0008944487373877,1,glioma,0.9658983294611472,919d6f0fb3ca462983d6df6ec06846e41abd9645
densenet121,A,733,106494,patient_disjoint,5,1,glioma,0.0550124451825744,0.9429591305782417,0.0020284242391839,1,glioma,0.9429591305782417,919d6f0fb3ca462983d6df6ec06846e41abd9645
densenet121,A,734,106494,patient_disjoint,5,1,glioma,0.4282876046325748,0.5646064787360401,0.0071059166313851,1,glioma,0.5646064787360401,919d6f0fb3ca462983d6df6ec06846e41abd9645
densenet121,A,735,107747,patient_disjoint,5,1,glioma,0.1595343872109113,0.8026724429294572,0.0377931698596314,1,glioma,0.8026724429294572,919d6f0fb3ca462983d6df6ec06846e41abd9645
densenet121,A,736,107747,patient_disjoint,5,1,glioma,0.0939274764934767,0.8869442725000375,0.0191282510064856,1,glioma,0.8869442725000375,919d6f0fb3ca462983d6df6ec06846e41abd9645
densenet121,A,737,107747,patient_disjoint,5,1,glioma,0.0531944701305814,0.938047466440134,0.0087580634292846,1,glioma,0.938047466440134,919d6f0fb3ca462983d6df6ec06846e41abd9645
densenet121,A,738,107747,patient_disjoint,5,1,glioma,0.907107195097914,0.0815501583786305,0.0113426465234554,0,meningioma,0.907107195097914,919d6f0fb3ca462983d6df6ec06846e41abd9645
densenet121,A,739,107747,patient_disjoint,5,1,glioma,0.778551169438139,0.2169814958286227,0.0044673347332383,0,meningioma,0.778551169438139,919d6f0fb3ca462983d6df6ec06846e41abd9645
densenet121,A,740,112105,patient_disjoint,4,1,glioma,0.0123023633640529,0.9643599559791676,0.0233376806567795,1,glioma,0.9643599559791676,919d6f0fb3ca462983d6df6ec06846e41abd9645
densenet121,A,741,112105,patient_disjoint,4,1,glioma,0.0013990117915299,0.9923207539726696,0.0062802342358005,1,glioma,0.9923207539726696,919d6f0fb3ca462983d6df6ec06846e41abd9645
densenet121,A,742,112105,patient_disjoint,4,1,glioma,0.0048460871397979,0.9716971368921656,0.0234567759680362,1,glioma,0.9716971368921656,919d6f0fb3ca462983d6df6ec06846e41abd9645
densenet121,A,743,112105,patient_disjoint,4,1,glioma,0.0080772643700471,0.9872853105309118,0.0046374250990409,1,glioma,0.9872853105309118,919d6f0fb3ca462983d6df6ec06846e41abd9645
densenet121,A,744,112105,patient_disjoint,4,1,glioma,0.0083021476043529,0.9895996869212496,0.0020981654743973,1,glioma,0.9895996869212496,919d6f0fb3ca462983d6df6ec06846e41abd9645
densenet121,A,745,112105,patient_disjoint,4,1,glioma,0.0045043701242163,0.994486570999078,0.0010090588767056,1,glioma,0.994486570999078,919d6f0fb3ca462983d6df6ec06846e41abd9645
densenet121,A,746,112105,patient_disjoint,4,1,glioma,0.0096380118669355,0.9887292805916932,0.0016327075413713,1,glioma,0.9887292805916932,919d6f0fb3ca462983d6df6ec06846e41abd9645
densenet121,A,747,100820,patient_disjoint,3,1,glioma,0.923603783832294,0.0694255714888967,0.0069706446788092,0,meningioma,0.923603783832294,919d6f0fb3ca462983d6df6ec06846e41abd9645
densenet121,A,748,100820,patient_disjoint,3,1,glioma,0.4552643659088381,0.5379525961871199,0.0067830379040419,1,glioma,0.5379525961871199,919d6f0fb3ca462983d6df6ec06846e41abd9645
densenet121,A,749,100820,patient_disjoint,3,1,glioma,0.8938032862229769,0.0998845652903465,0.0063121484866765,0,meningioma,0.8938032862229769,919d6f0fb3ca462983d6df6ec06846e41abd9645
densenet121,A,750,100820,patient_disjoint,3,1,glioma,0.9992816590718618,0.0002301966926414,0.0004881442354966,0,meningioma,0.9992816590718618,919d6f0fb3ca462983d6df6ec06846e41abd9645
densenet121,A,751,100820,patient_disjoint,3,1,glioma,0.9948779045404216,0.0044773954330176,0.0006447000265605,0,meningioma,0.9948779045404216,919d6f0fb3ca462983d6df6ec06846e41abd9645
densenet121,A,752,100820,patient_disjoint,3,1,glioma,0.9858855372045988,0.0136329619263364,0.0004815008690648,0,meningioma,0.9858855372045988,919d6f0fb3ca462983d6df6ec06846e41abd9645
densenet121,A,753,101020,patient_disjoint,3,1,glioma,0.0015381666761014,0.9983938614450798,6.797187881866277e-05,1,glioma,0.9983938614450798,919d6f0fb3ca462983d6df6ec06846e41abd9645
densenet121,A,754,101020,patient_disjoint,3,1,glioma,0.000548755994269,0.9994171737829683,3.4070222762519345e-05,1,glioma,0.9994171737829683,919d6f0fb3ca462983d6df6ec06846e41abd9645
densenet121,A,755,101020,patient_disjoint,3,1,glioma,0.0023462242091182,0.9975587272814032,9.504850947843947e-05,1,glioma,0.9975587272814032,919d6f0fb3ca462983d6df6ec06846e41abd9645
densenet121,A,756,101020,patient_disjoint,3,1,glioma,0.0022393419435206,0.9977191485089006,4.150954757859222e-05,1,glioma,0.9977191485089006,919d6f0fb3ca462983d6df6ec06846e41abd9645
densenet121,A,757,101020,patient_disjoint,3,1,glioma,0.0055932906920512,0.9942975687849328,0.0001091405230158,1,glioma,0.9942975687849328,919d6f0fb3ca462983d6df6ec06846e41abd9645
densenet121,A,758,101020,patient_disjoint,3,1,glioma,0.0042232856741917,0.9951375202581624,0.0006391940676458,1,glioma,0.9951375202581624,919d6f0fb3ca462983d6df6ec06846e41abd9645
densenet121,A,759,101020,patient_disjoint,3,1,glioma,0.3681228311576262,0.6302784973157197,0.0015986715266541,1,glioma,0.6302784973157197,919d6f0fb3ca462983d6df6ec06846e41abd9645
densenet121,A,760,101020,patient_disjoint,3,1,glioma,0.9518653930424844,0.0458734607073932,0.0022611462501222,0,meningioma,0.9518653930424844,919d6f0fb3ca462983d6df6ec06846e41abd9645
densenet121,A,761,102075,patient_disjoint,5,1,glioma,0.816492108374573,0.1676498318606713,0.0158580597647558,0,meningioma,0.816492108374573,919d6f0fb3ca462983d6df6ec06846e41abd9645
densenet121,A,762,102075,patient_disjoint,5,1,glioma,0.3759623290600625,0.6118182335970852,0.0122194373428524,1,glioma,0.6118182335970852,919d6f0fb3ca462983d6df6ec06846e41abd9645
densenet121,A,763,102075,patient_disjoint,5,1,glioma,0.963649423640149,0.0242998746844413,0.0120507016754096,0,meningioma,0.963649423640149,919d6f0fb3ca462983d6df6ec06846e41abd9645
densenet121,A,764,103148,patient_disjoint,1,1,glioma,0.0573313591611471,0.9420830270896772,0.0005856137491755,1,glioma,0.9420830270896772,919d6f0fb3ca462983d6df6ec06846e41abd9645
densenet121,A,765,103148,patient_disjoint,1,1,glioma,0.1927912867860799,0.8069382474439271,0.0002704657699931,1,glioma,0.8069382474439271,919d6f0fb3ca462983d6df6ec06846e41abd9645
densenet121,A,766,103148,patient_disjoint,1,1,glioma,0.0046948479512658,0.9952578774221263,4.7274626607874313e-05,1,glioma,0.9952578774221263,919d6f0fb3ca462983d6df6ec06846e41abd9645
densenet121,A,767,103148,patient_disjoint,1,1,glioma,0.0540848449780208,0.9450829901707593,0.0008321648512201,1,glioma,0.9450829901707593,919d6f0fb3ca462983d6df6ec06846e41abd9645
densenet121,A,768,106494,patient_disjoint,5,1,glioma,0.0077306405762027,0.9920311295768204,0.0002382298469768,1,glioma,0.9920311295768204,919d6f0fb3ca462983d6df6ec06846e41abd9645
densenet121,A,769,106494,patient_disjoint,5,1,glioma,0.1149514730561002,0.8846388716563038,0.0004096552875958,1,glioma,0.8846388716563038,919d6f0fb3ca462983d6df6ec06846e41abd9645
densenet121,A,770,106494,patient_disjoint,5,1,glioma,0.0019801271607238,0.9979852117211808,3.466111809529207e-05,1,glioma,0.9979852117211808,919d6f0fb3ca462983d6df6ec06846e41abd9645
densenet121,A,771,106494,patient_disjoint,5,1,glioma,0.1603985289748441,0.83938390098372,0.0002175700414361,1,glioma,0.83938390098372,919d6f0fb3ca462983d6df6ec06846e41abd9645
densenet121,A,772,106494,patient_disjoint,5,1,glioma,0.0193238926848377,0.9805718305209726,0.0001042767941896,1,glioma,0.9805718305209726,919d6f0fb3ca462983d6df6ec06846e41abd9645
densenet121,A,773,107747,patient_disjoint,5,1,glioma,0.0151178433624917,0.980606537661055,0.0042756189764531,1,glioma,0.980606537661055,919d6f0fb3ca462983d6df6ec06846e41abd9645
densenet121,A,774,107747,patient_disjoint,5,1,glioma,0.9955464768152932,0.0014104985537297,0.003043024630977,0,meningioma,0.9955464768152932,919d6f0fb3ca462983d6df6ec06846e41abd9645
densenet121,A,775,107747,patient_disjoint,5,1,glioma,0.0072062270714145,0.992034100832279,0.0007596720963062,1,glioma,0.992034100832279,919d6f0fb3ca462983d6df6ec06846e41abd9645
densenet121,A,776,107747,patient_disjoint,5,1,glioma,0.4348739443791691,0.5505296040714489,0.014596451549382,1,glioma,0.5505296040714489,919d6f0fb3ca462983d6df6ec06846e41abd9645
densenet121,A,777,107747,patient_disjoint,5,1,glioma,0.0022838338369796,0.9971705463017276,0.0005456198612925,1,glioma,0.9971705463017276,919d6f0fb3ca462983d6df6ec06846e41abd9645
densenet121,A,778,107747,patient_disjoint,5,1,glioma,0.0084150838912451,0.9894014292809388,0.002183486827816,1,glioma,0.9894014292809388,919d6f0fb3ca462983d6df6ec06846e41abd9645
densenet121,A,779,112027,patient_disjoint,3,1,glioma,0.6245751173696947,0.3741571389507863,0.0012677436795188,0,meningioma,0.6245751173696947,919d6f0fb3ca462983d6df6ec06846e41abd9645
densenet121,A,780,112027,patient_disjoint,3,1,glioma,0.0052756001122354,0.9946288199202342,9.557996753043576e-05,1,glioma,0.9946288199202342,919d6f0fb3ca462983d6df6ec06846e41abd9645
densenet121,A,781,112105,patient_disjoint,4,1,glioma,0.0363834698821355,0.9594223684718516,0.0041941616460128,1,glioma,0.9594223684718516,919d6f0fb3ca462983d6df6ec06846e41abd9645
densenet121,A,782,112105,patient_disjoint,4,1,glioma,0.0097819051742822,0.9894095164647768,0.0008085783609409,1,glioma,0.9894095164647768,919d6f0fb3ca462983d6df6ec06846e41abd9645
densenet121,A,783,112105,patient_disjoint,4,1,glioma,0.0053294484995978,0.9945482589504284,0.0001222925499737,1,glioma,0.9945482589504284,919d6f0fb3ca462983d6df6ec06846e41abd9645
densenet121,A,784,112105,patient_disjoint,4,1,glioma,0.0253849051758751,0.9696423268623208,0.0049727679618038,1,glioma,0.9696423268623208,919d6f0fb3ca462983d6df6ec06846e41abd9645
densenet121,A,785,112105,patient_disjoint,4,1,glioma,0.1007990900124785,0.8935804673106457,0.0056204426768758,1,glioma,0.8935804673106457,919d6f0fb3ca462983d6df6ec06846e41abd9645
densenet121,A,786,112105,patient_disjoint,4,1,glioma,0.0045959320997479,0.9948726912655032,0.0005313766347488,1,glioma,0.9948726912655032,919d6f0fb3ca462983d6df6ec06846e41abd9645
densenet121,A,787,112105,patient_disjoint,4,1,glioma,0.003765449276984,0.995197406231496,0.00103714449152,1,glioma,0.995197406231496,919d6f0fb3ca462983d6df6ec06846e41abd9645
densenet121,A,788,112105,patient_disjoint,4,1,glioma,0.0560246244265098,0.9431773254344066,0.0007980501390836,1,glioma,0.9431773254344066,919d6f0fb3ca462983d6df6ec06846e41abd9645
densenet121,A,789,112105,patient_disjoint,4,1,glioma,0.0956508277742413,0.9020112846342132,0.0023378875915454,1,glioma,0.9020112846342132,919d6f0fb3ca462983d6df6ec06846e41abd9645
densenet121,A,790,112105,patient_disjoint,4,1,glioma,0.012714046020851,0.9869404213980576,0.0003455325810913,1,glioma,0.9869404213980576,919d6f0fb3ca462983d6df6ec06846e41abd9645
densenet121,A,791,112105,patient_disjoint,4,1,glioma,0.013720386368335,0.985926124876232,0.0003534887554331,1,glioma,0.985926124876232,919d6f0fb3ca462983d6df6ec06846e41abd9645
densenet121,A,792,88670,patient_disjoint,4,1,glioma,0.0945121557381138,0.8970388275340151,0.008449016727871,1,glioma,0.8970388275340151,919d6f0fb3ca462983d6df6ec06846e41abd9645
densenet121,A,793,88670,patient_disjoint,4,1,glioma,0.013678322381949,0.9853282981553692,0.0009933794626819,1,glioma,0.9853282981553692,919d6f0fb3ca462983d6df6ec06846e41abd9645
densenet121,A,794,88670,patient_disjoint,4,1,glioma,0.015422106955429,0.98369598654585,0.000881906498721,1,glioma,0.98369598654585,919d6f0fb3ca462983d6df6ec06846e41abd9645
densenet121,A,795,88670,patient_disjoint,4,1,glioma,0.0016266028705863,0.9980888586312332,0.0002845384981803,1,glioma,0.9980888586312332,919d6f0fb3ca462983d6df6ec06846e41abd9645
densenet121,A,796,88670,patient_disjoint,4,1,glioma,0.0100639324277702,0.9897060702172364,0.0002299973549934,1,glioma,0.9897060702172364,919d6f0fb3ca462983d6df6ec06846e41abd9645
densenet121,A,797,88670,patient_disjoint,4,1,glioma,0.1642051579749833,0.8338505116074687,0.001944330417548,1,glioma,0.8338505116074687,919d6f0fb3ca462983d6df6ec06846e41abd9645
densenet121,A,798,88670,patient_disjoint,4,1,glioma,0.1334848114259147,0.864984328811672,0.0015308597624133,1,glioma,0.864984328811672,919d6f0fb3ca462983d6df6ec06846e41abd9645
densenet121,A,799,90284,patient_disjoint,2,1,glioma,0.0001963071977202,0.9994453459154564,0.0003583468868232,1,glioma,0.9994453459154564,919d6f0fb3ca462983d6df6ec06846e41abd9645
densenet121,A,800,90284,patient_disjoint,2,1,glioma,0.0005362848716137,0.998987814548248,0.0004759005801385,1,glioma,0.998987814548248,919d6f0fb3ca462983d6df6ec06846e41abd9645
densenet121,A,801,90284,patient_disjoint,2,1,glioma,0.0004638493799646,0.9992217229640108,0.0003144276560247,1,glioma,0.9992217229640108,919d6f0fb3ca462983d6df6ec06846e41abd9645
densenet121,A,802,90284,patient_disjoint,2,1,glioma,0.000960100378368,0.9972113188958214,0.0018285807258104,1,glioma,0.9972113188958214,919d6f0fb3ca462983d6df6ec06846e41abd9645
densenet121,A,803,90284,patient_disjoint,2,1,glioma,0.0004795446456083,0.9989633500029996,0.0005571053513919,1,glioma,0.9989633500029996,919d6f0fb3ca462983d6df6ec06846e41abd9645
densenet121,A,804,90284,patient_disjoint,2,1,glioma,0.0014567517485277,0.99215355966636,0.0063896885851123,1,glioma,0.99215355966636,919d6f0fb3ca462983d6df6ec06846e41abd9645
densenet121,A,805,90284,patient_disjoint,2,1,glioma,0.0002346695293659,0.9996004283796944,0.0001649020909394,1,glioma,0.9996004283796944,919d6f0fb3ca462983d6df6ec06846e41abd9645
densenet121,A,806,90284,patient_disjoint,2,1,glioma,0.0004189899309785,0.9991904582675882,0.0003905518014329,1,glioma,0.9991904582675882,919d6f0fb3ca462983d6df6ec06846e41abd9645
densenet121,A,807,92897,patient_disjoint,3,1,glioma,0.2695327376847078,0.7277617487603781,0.0027055135549139,1,glioma,0.7277617487603781,919d6f0fb3ca462983d6df6ec06846e41abd9645
densenet121,A,808,92897,patient_disjoint,3,1,glioma,0.8373815526199266,0.1577471812069594,0.0048712661731139,0,meningioma,0.8373815526199266,919d6f0fb3ca462983d6df6ec06846e41abd9645
densenet121,A,809,93825,patient_disjoint,1,1,glioma,0.0034322774984874,0.9957266592661104,0.000841063235402,1,glioma,0.9957266592661104,919d6f0fb3ca462983d6df6ec06846e41abd9645
densenet121,A,810,93825,patient_disjoint,1,1,glioma,0.0028317195231408,0.9969835289540716,0.0001847515227876,1,glioma,0.9969835289540716,919d6f0fb3ca462983d6df6ec06846e41abd9645
densenet121,A,811,93825,patient_disjoint,1,1,glioma,0.0079365764002693,0.9919488863098166,0.000114537289914,1,glioma,0.9919488863098166,919d6f0fb3ca462983d6df6ec06846e41abd9645
densenet121,A,812,97609,patient_disjoint,2,1,glioma,0.0086657159476074,0.9912906833625252,4.3600689867383226e-05,1,glioma,0.9912906833625252,919d6f0fb3ca462983d6df6ec06846e41abd9645
densenet121,A,813,97609,patient_disjoint,2,1,glioma,0.0143795916172033,0.9854335123345108,0.0001868960482858,1,glioma,0.9854335123345108,919d6f0fb3ca462983d6df6ec06846e41abd9645
densenet121,A,814,97609,patient_disjoint,2,1,glioma,0.0076639216706149,0.992201445789255,0.00013463254013,1,glioma,0.992201445789255,919d6f0fb3ca462983d6df6ec06846e41abd9645
densenet121,A,815,97609,patient_disjoint,2,1,glioma,0.0277392902618181,0.9716467025712248,0.0006140071669569,1,glioma,0.9716467025712248,919d6f0fb3ca462983d6df6ec06846e41abd9645
densenet121,A,816,97609,patient_disjoint,2,1,glioma,0.0010893361668698,0.998821514836914,8.914899621601305e-05,1,glioma,0.998821514836914,919d6f0fb3ca462983d6df6ec06846e41abd9645
densenet121,A,817,97609,patient_disjoint,2,1,glioma,0.0028407063519844,0.996975825020998,0.0001834686270177,1,glioma,0.996975825020998,919d6f0fb3ca462983d6df6ec06846e41abd9645
densenet121,A,818,100416,patient_disjoint,3,1,glioma,0.001615157041537,0.9968330474095858,0.0015517955488771,1,glioma,0.9968330474095858,919d6f0fb3ca462983d6df6ec06846e41abd9645
densenet121,A,819,100416,patient_disjoint,3,1,glioma,0.0010068118395029,0.998685142099,0.0003080460614971,1,glioma,0.998685142099,919d6f0fb3ca462983d6df6ec06846e41abd9645
densenet121,A,820,100416,patient_disjoint,3,1,glioma,0.0028045191811399,0.9966818106653378,0.0005136701535223,1,glioma,0.9966818106653378,919d6f0fb3ca462983d6df6ec06846e41abd9645
densenet121,A,821,100416,patient_disjoint,3,1,glioma,0.0053509310258385,0.9936026942820516,0.0010463746921097,1,glioma,0.9936026942820516,919d6f0fb3ca462983d6df6ec06846e41abd9645
densenet121,A,822,100820,patient_disjoint,3,1,glioma,0.0488908956156649,0.9507702016760748,0.0003389027082602,1,glioma,0.9507702016760748,919d6f0fb3ca462983d6df6ec06846e41abd9645
densenet121,A,823,100820,patient_disjoint,3,1,glioma,0.6250946585572892,0.3743770967072505,0.0005282447354602,0,meningioma,0.6250946585572892,919d6f0fb3ca462983d6df6ec06846e41abd9645
densenet121,A,824,100820,patient_disjoint,3,1,glioma,0.052445851316388,0.9471509968925867,0.0004031517910249,1,glioma,0.9471509968925867,919d6f0fb3ca462983d6df6ec06846e41abd9645
densenet121,A,825,100820,patient_disjoint,3,1,glioma,0.1270954068794643,0.8705970103314442,0.0023075827890913,1,glioma,0.8705970103314442,919d6f0fb3ca462983d6df6ec06846e41abd9645
densenet121,A,826,100820,patient_disjoint,3,1,glioma,0.9979041570402428,0.001619402925285,0.000476440034472,0,meningioma,0.9979041570402428,919d6f0fb3ca462983d6df6ec06846e41abd9645
densenet121,A,827,100820,patient_disjoint,3,1,glioma,0.999309381107196,0.0001711540359421,0.0005194648568618,0,meningioma,0.999309381107196,919d6f0fb3ca462983d6df6ec06846e41abd9645
densenet121,A,828,101020,patient_disjoint,3,1,glioma,0.7954626570608093,0.2028829399695335,0.0016544029696571,0,meningioma,0.7954626570608093,919d6f0fb3ca462983d6df6ec06846e41abd9645
densenet121,A,829,101020,patient_disjoint,3,1,glioma,0.0796495680264477,0.918721881804416,0.0016285501691361,1,glioma,0.918721881804416,919d6f0fb3ca462983d6df6ec06846e41abd9645
densenet121,A,830,101020,patient_disjoint,3,1,glioma,0.0042394511489559,0.9956581187118232,0.0001024301392208,1,glioma,0.9956581187118232,919d6f0fb3ca462983d6df6ec06846e41abd9645
densenet121,A,831,101020,patient_disjoint,3,1,glioma,0.0202259417727636,0.9796330087842272,0.0001410494430093,1,glioma,0.9796330087842272,919d6f0fb3ca462983d6df6ec06846e41abd9645
densenet121,A,832,101020,patient_disjoint,3,1,glioma,0.2295186051989106,0.7702493469732898,0.0002320478277996,1,glioma,0.7702493469732898,919d6f0fb3ca462983d6df6ec06846e41abd9645
densenet121,A,833,101020,patient_disjoint,3,1,glioma,0.0024693489623417,0.9972640902433724,0.0002665607942859,1,glioma,0.9972640902433724,919d6f0fb3ca462983d6df6ec06846e41abd9645
densenet121,A,834,101384,patient_disjoint,1,1,glioma,0.0496388891198702,0.9501240082743596,0.0002371026057698,1,glioma,0.9501240082743596,919d6f0fb3ca462983d6df6ec06846e41abd9645
densenet121,A,835,101384,patient_disjoint,1,1,glioma,0.0088788691792772,0.990572021217811,0.0005491096029117,1,glioma,0.990572021217811,919d6f0fb3ca462983d6df6ec06846e41abd9645
densenet121,A,836,101384,patient_disjoint,1,1,glioma,0.0037788034634859,0.9961273731240315,9.382341248247787e-05,1,glioma,0.9961273731240315,919d6f0fb3ca462983d6df6ec06846e41abd9645
densenet121,A,837,102075,patient_disjoint,5,1,glioma,0.4269980967990415,0.5681304916970028,0.0048714115039557,1,glioma,0.5681304916970028,919d6f0fb3ca462983d6df6ec06846e41abd9645
densenet121,A,838,102075,patient_disjoint,5,1,glioma,0.8033291746725145,0.147590699528922,0.0490801257985634,0,meningioma,0.8033291746725145,919d6f0fb3ca462983d6df6ec06846e41abd9645
densenet121,A,839,102075,patient_disjoint,5,1,glioma,0.3673202309762491,0.5452343563360292,0.0874454126877215,1,glioma,0.5452343563360292,919d6f0fb3ca462983d6df6ec06846e41abd9645
densenet121,A,840,103148,patient_disjoint,1,1,glioma,0.002984742120301,0.9969715710313952,4.3686848303800734e-05,1,glioma,0.9969715710313952,919d6f0fb3ca462983d6df6ec06846e41abd9645
densenet121,A,841,103148,patient_disjoint,1,1,glioma,0.3861381631344115,0.6132924878350058,0.0005693490305826,1,glioma,0.6132924878350058,919d6f0fb3ca462983d6df6ec06846e41abd9645
densenet121,A,842,103148,patient_disjoint,1,1,glioma,0.993586886889214,0.0063562792363407,5.683387444523944e-05,0,meningioma,0.993586886889214,919d6f0fb3ca462983d6df6ec06846e41abd9645
densenet121,A,843,103148,patient_disjoint,1,1,glioma,0.6609960486492261,0.3377672639548633,0.0012366873959106,0,meningioma,0.6609960486492261,919d6f0fb3ca462983d6df6ec06846e41abd9645
densenet121,A,844,105653,patient_disjoint,2,1,glioma,0.3723476941916149,0.6170638093239729,0.0105884964844122,1,glioma,0.6170638093239729,919d6f0fb3ca462983d6df6ec06846e41abd9645
densenet121,A,845,105653,patient_disjoint,2,1,glioma,0.8423652602088851,0.0350664159124481,0.1225683238786668,0,meningioma,0.8423652602088851,919d6f0fb3ca462983d6df6ec06846e41abd9645
densenet121,A,846,106494,patient_disjoint,5,1,glioma,0.9618062287172362,0.0331768723051176,0.005016898977646,0,meningioma,0.9618062287172362,919d6f0fb3ca462983d6df6ec06846e41abd9645
densenet121,A,847,106494,patient_disjoint,5,1,glioma,0.0973163411034202,0.876744960878882,0.0259386980176977,1,glioma,0.876744960878882,919d6f0fb3ca462983d6df6ec06846e41abd9645
densenet121,A,848,106494,patient_disjoint,5,1,glioma,0.0289390003926362,0.9705518907299852,0.0005091088773787,1,glioma,0.9705518907299852,919d6f0fb3ca462983d6df6ec06846e41abd9645
densenet121,A,849,106494,patient_disjoint,5,1,glioma,0.001244265720511,0.9984310012585668,0.0003247330209222,1,glioma,0.9984310012585668,919d6f0fb3ca462983d6df6ec06846e41abd9645
densenet121,A,850,106494,patient_disjoint,5,1,glioma,0.0141120032184603,0.9848309726934412,0.0010570240880986,1,glioma,0.9848309726934412,919d6f0fb3ca462983d6df6ec06846e41abd9645
densenet121,A,851,106494,patient_disjoint,5,1,glioma,0.0017926445148167,0.9980890494248028,0.0001183060603803,1,glioma,0.9980890494248028,919d6f0fb3ca462983d6df6ec06846e41abd9645
densenet121,A,852,106494,patient_disjoint,5,1,glioma,0.3250714576566148,0.6711848842971379,0.0037436580462473,1,glioma,0.6711848842971379,919d6f0fb3ca462983d6df6ec06846e41abd9645
densenet121,A,853,107747,patient_disjoint,5,1,glioma,0.9946961594943906,0.004582131755683,0.0007217087499263,0,meningioma,0.9946961594943906,919d6f0fb3ca462983d6df6ec06846e41abd9645
densenet121,A,854,107747,patient_disjoint,5,1,glioma,0.0080444118772547,0.9914860686068812,0.0004695195158642,1,glioma,0.9914860686068812,919d6f0fb3ca462983d6df6ec06846e41abd9645
densenet121,A,855,107747,patient_disjoint,5,1,glioma,0.8382054945701806,0.1570788430790544,0.004715662350765,0,meningioma,0.8382054945701806,919d6f0fb3ca462983d6df6ec06846e41abd9645
densenet121,A,856,107747,patient_disjoint,5,1,glioma,0.0014671368534234,0.9977548901815262,0.0007779729650504,1,glioma,0.9977548901815262,919d6f0fb3ca462983d6df6ec06846e41abd9645
densenet121,A,857,108479,patient_disjoint,1,1,glioma,0.0582458688817871,0.9114702821147508,0.030283849003462,1,glioma,0.9114702821147508,919d6f0fb3ca462983d6df6ec06846e41abd9645
densenet121,A,858,108479,patient_disjoint,1,1,glioma,0.0343983619327553,0.9583810154445204,0.0072206226227242,1,glioma,0.9583810154445204,919d6f0fb3ca462983d6df6ec06846e41abd9645
densenet121,A,859,112105,patient_disjoint,4,1,glioma,0.0057805438431387,0.9904495293911322,0.003769926765729,1,glioma,0.9904495293911322,919d6f0fb3ca462983d6df6ec06846e41abd9645
densenet121,A,860,112105,patient_disjoint,4,1,glioma,0.0009891499961647,0.9986772960587758,0.0003335539450592,1,glioma,0.9986772960587758,919d6f0fb3ca462983d6df6ec06846e41abd9645
densenet121,A,861,112105,patient_disjoint,4,1,glioma,0.0372475024639573,0.9589361294313452,0.0038163681046976,1,glioma,0.9589361294313452,919d6f0fb3ca462983d6df6ec06846e41abd9645
densenet121,A,862,112105,patient_disjoint,4,1,glioma,0.0229424346773114,0.97694867802523,0.0001088872974585,1,glioma,0.97694867802523,919d6f0fb3ca462983d6df6ec06846e41abd9645
densenet121,A,863,112105,patient_disjoint,4,1,glioma,0.0040195807232489,0.9957211442982368,0.0002592749785143,1,glioma,0.9957211442982368,919d6f0fb3ca462983d6df6ec06846e41abd9645
densenet121,A,864,112105,patient_disjoint,4,1,glioma,0.0087073168688039,0.9903741839273584,0.0009184992038375,1,glioma,0.9903741839273584,919d6f0fb3ca462983d6df6ec06846e41abd9645
densenet121,A,865,88670,patient_disjoint,4,1,glioma,0.0147667794346012,0.9834467231479972,0.0017864974174014,1,glioma,0.9834467231479972,919d6f0fb3ca462983d6df6ec06846e41abd9645
densenet121,A,866,88670,patient_disjoint,4,1,glioma,0.003507345234345,0.9960652090848384,0.0004274456808165,1,glioma,0.9960652090848384,919d6f0fb3ca462983d6df6ec06846e41abd9645
densenet121,A,867,88670,patient_disjoint,4,1,glioma,0.0635017068504402,0.9267954416117612,0.0097028515377984,1,glioma,0.9267954416117612,919d6f0fb3ca462983d6df6ec06846e41abd9645
densenet121,A,868,88670,patient_disjoint,4,1,glioma,0.0025442869848657,0.9971703038853316,0.0002854091298026,1,glioma,0.9971703038853316,919d6f0fb3ca462983d6df6ec06846e41abd9645
densenet121,A,869,88670,patient_disjoint,4,1,glioma,0.0217993839740628,0.977941389437838,0.0002592265880991,1,glioma,0.977941389437838,919d6f0fb3ca462983d6df6ec06846e41abd9645
densenet121,A,870,90284,patient_disjoint,2,1,glioma,0.0065979381074679,0.9910967046448782,0.0023053572476538,1,glioma,0.9910967046448782,919d6f0fb3ca462983d6df6ec06846e41abd9645
densenet121,A,871,90284,patient_disjoint,2,1,glioma,0.030348147315427,0.946030476764448,0.0236213759201248,1,glioma,0.946030476764448,919d6f0fb3ca462983d6df6ec06846e41abd9645
densenet121,A,872,90284,patient_disjoint,2,1,glioma,0.0009746447757464,0.9986917999341146,0.000333555290139,1,glioma,0.9986917999341146,919d6f0fb3ca462983d6df6ec06846e41abd9645
densenet121,A,873,90284,patient_disjoint,2,1,glioma,0.000584656495213,0.9931637650803729,0.0062515784244142,1,glioma,0.9931637650803729,919d6f0fb3ca462983d6df6ec06846e41abd9645
densenet121,A,874,90284,patient_disjoint,2,1,glioma,0.0183771438333419,0.7188532779885806,0.2627695781780774,1,glioma,0.7188532779885806,919d6f0fb3ca462983d6df6ec06846e41abd9645
densenet121,A,875,90284,patient_disjoint,2,1,glioma,0.0065340873113409,0.9346035047136304,0.0588624079750287,1,glioma,0.9346035047136304,919d6f0fb3ca462983d6df6ec06846e41abd9645
densenet121,A,876,90284,patient_disjoint,2,1,glioma,0.0011439924478158,0.991583483728675,0.0072725238235092,1,glioma,0.991583483728675,919d6f0fb3ca462983d6df6ec06846e41abd9645
densenet121,A,877,90284,patient_disjoint,2,1,glioma,0.0006995784190567,0.9946355839893026,0.0046648375916404,1,glioma,0.9946355839893026,919d6f0fb3ca462983d6df6ec06846e41abd9645
densenet121,A,878,90284,patient_disjoint,2,1,glioma,0.0010495292085345,0.9956944318293942,0.0032560389620711,1,glioma,0.9956944318293942,919d6f0fb3ca462983d6df6ec06846e41abd9645
densenet121,A,879,90284,patient_disjoint,2,1,glioma,0.000281717298995,0.9991223756872978,0.0005959070137071,1,glioma,0.9991223756872978,919d6f0fb3ca462983d6df6ec06846e41abd9645
densenet121,A,880,90284,patient_disjoint,2,1,glioma,0.0006939181394922,0.9983606324491132,0.0009454494113944,1,glioma,0.9983606324491132,919d6f0fb3ca462983d6df6ec06846e41abd9645
densenet121,A,881,92897,patient_disjoint,3,1,glioma,0.6868203251314015,0.272202834727124,0.0409768401414745,0,meningioma,0.6868203251314015,919d6f0fb3ca462983d6df6ec06846e41abd9645
densenet121,A,882,92897,patient_disjoint,3,1,glioma,0.6996108501717182,0.2541663094043627,0.046222840423919,0,meningioma,0.6996108501717182,919d6f0fb3ca462983d6df6ec06846e41abd9645
densenet121,A,883,93329,patient_disjoint,3,1,glioma,0.4109601843384251,0.5831483662232666,0.0058914494383083,1,glioma,0.5831483662232666,919d6f0fb3ca462983d6df6ec06846e41abd9645
densenet121,A,884,93329,patient_disjoint,3,1,glioma,0.1084148482234153,0.8673926677997712,0.0241924839768135,1,glioma,0.8673926677997712,919d6f0fb3ca462983d6df6ec06846e41abd9645
densenet121,A,885,93329,patient_disjoint,3,1,glioma,0.0192950601549144,0.9761184060741568,0.0045865337709288,1,glioma,0.9761184060741568,919d6f0fb3ca462983d6df6ec06846e41abd9645
densenet121,A,886,93329,patient_disjoint,3,1,glioma,0.1212804933573441,0.8713426661852129,0.0073768404574427,1,glioma,0.8713426661852129,919d6f0fb3ca462983d6df6ec06846e41abd9645
densenet121,A,887,93329,patient_disjoint,3,1,glioma,0.0863250228642621,0.881100536381258,0.0325744407544799,1,glioma,0.881100536381258,919d6f0fb3ca462983d6df6ec06846e41abd9645
densenet121,A,888,93825,patient_disjoint,1,1,glioma,0.0021602706134936,0.9976635716937556,0.0001761576927507,1,glioma,0.9976635716937556,919d6f0fb3ca462983d6df6ec06846e41abd9645
densenet121,A,889,93825,patient_disjoint,1,1,glioma,0.0048184801527688,0.99403134075367,0.0011501790935611,1,glioma,0.99403134075367,919d6f0fb3ca462983d6df6ec06846e41abd9645
densenet121,A,890,93825,patient_disjoint,1,1,glioma,0.0012330056284962,0.9985793110597744,0.0001876833117294,1,glioma,0.9985793110597744,919d6f0fb3ca462983d6df6ec06846e41abd9645
densenet121,A,891,93825,patient_disjoint,1,1,glioma,0.0014765272534813,0.9961597480197304,0.0023637247267883,1,glioma,0.9961597480197304,919d6f0fb3ca462983d6df6ec06846e41abd9645
densenet121,A,892,94731,patient_disjoint,3,1,glioma,0.1672913956322444,0.8082925576158028,0.0244160467519528,1,glioma,0.8082925576158028,919d6f0fb3ca462983d6df6ec06846e41abd9645
densenet121,A,893,94731,patient_disjoint,3,1,glioma,0.0544233971522072,0.9380808883875604,0.0074957144602324,1,glioma,0.9380808883875604,919d6f0fb3ca462983d6df6ec06846e41abd9645
densenet121,A,894,94731,patient_disjoint,3,1,glioma,0.0765100789851355,0.9219942649258334,0.001495656089031,1,glioma,0.9219942649258334,919d6f0fb3ca462983d6df6ec06846e41abd9645
densenet121,A,895,95142,patient_disjoint,2,1,glioma,0.0928614068134032,0.3593972842535813,0.5477413089330154,2,pituitary,0.5477413089330154,919d6f0fb3ca462983d6df6ec06846e41abd9645
densenet121,A,896,95142,patient_disjoint,2,1,glioma,0.1200883046463624,0.0232453075858102,0.8566663877678274,2,pituitary,0.8566663877678274,919d6f0fb3ca462983d6df6ec06846e41abd9645
densenet121,A,897,95142,patient_disjoint,2,1,glioma,0.0582861532940522,0.5352047828583073,0.4065090638476404,1,glioma,0.5352047828583073,919d6f0fb3ca462983d6df6ec06846e41abd9645
densenet121,A,898,95142,patient_disjoint,2,1,glioma,0.0045600973996551,0.9803679829094234,0.0150719196909214,1,glioma,0.9803679829094234,919d6f0fb3ca462983d6df6ec06846e41abd9645
densenet121,A,899,95142,patient_disjoint,2,1,glioma,0.0029437623734424,0.982774876510186,0.0142813611163713,1,glioma,0.982774876510186,919d6f0fb3ca462983d6df6ec06846e41abd9645
densenet121,A,900,95142,patient_disjoint,2,1,glioma,0.0015348815692768,0.9951707227970724,0.0032943956336507,1,glioma,0.9951707227970724,919d6f0fb3ca462983d6df6ec06846e41abd9645
densenet121,A,901,95142,patient_disjoint,2,1,glioma,0.005161501196646,0.9923293258202228,0.0025091729831312,1,glioma,0.9923293258202228,919d6f0fb3ca462983d6df6ec06846e41abd9645
densenet121,A,902,95142,patient_disjoint,2,1,glioma,0.0026829757514656,0.9962048749026378,0.0011121493458965,1,glioma,0.9962048749026378,919d6f0fb3ca462983d6df6ec06846e41abd9645
densenet121,A,903,95142,patient_disjoint,2,1,glioma,0.1642885760294015,0.8319677087427162,0.0037437152278823,1,glioma,0.8319677087427162,919d6f0fb3ca462983d6df6ec06846e41abd9645
densenet121,A,904,96587,patient_disjoint,3,1,glioma,0.0004638765144033,0.9994522049301144,8.391855548229218e-05,1,glioma,0.9994522049301144,919d6f0fb3ca462983d6df6ec06846e41abd9645
densenet121,A,905,96587,patient_disjoint,3,1,glioma,0.0002147412390932,0.9996904183878308,9.48403730761261e-05,1,glioma,0.9996904183878308,919d6f0fb3ca462983d6df6ec06846e41abd9645
densenet121,A,906,96587,patient_disjoint,3,1,glioma,0.0005580005564037,0.9992521414397928,0.0001898580038033,1,glioma,0.9992521414397928,919d6f0fb3ca462983d6df6ec06846e41abd9645
densenet121,A,907,96587,patient_disjoint,3,1,glioma,0.0020264787978232,0.997678256187012,0.0002952650151645,1,glioma,0.997678256187012,919d6f0fb3ca462983d6df6ec06846e41abd9645
densenet121,A,908,97609,patient_disjoint,2,1,glioma,0.001090066619004,0.9988324786145092,7.745476648679327e-05,1,glioma,0.9988324786145092,919d6f0fb3ca462983d6df6ec06846e41abd9645
densenet121,A,909,97609,patient_disjoint,2,1,glioma,0.0003707899362314,0.9996030529413809,2.615712238793729e-05,1,glioma,0.9996030529413809,919d6f0fb3ca462983d6df6ec06846e41abd9645
densenet121,A,910,97609,patient_disjoint,2,1,glioma,0.0007536633699278,0.999191375868592,5.496076148028941e-05,1,glioma,0.999191375868592,919d6f0fb3ca462983d6df6ec06846e41abd9645
densenet121,A,911,97609,patient_disjoint,2,1,glioma,0.0007348781597552,0.9992284642798116,3.66575604332138e-05,1,glioma,0.9992284642798116,919d6f0fb3ca462983d6df6ec06846e41abd9645
densenet121,A,912,98889,patient_disjoint,2,1,glioma,0.000535334310364,0.9994194917623194,4.517392731650853e-05,1,glioma,0.9994194917623194,919d6f0fb3ca462983d6df6ec06846e41abd9645
densenet121,A,913,98889,patient_disjoint,2,1,glioma,0.0042436211156776,0.9951650250766616,0.0005913538076609,1,glioma,0.9951650250766616,919d6f0fb3ca462983d6df6ec06846e41abd9645
densenet121,A,914,98889,patient_disjoint,2,1,glioma,0.0027255476761227,0.9969601758938852,0.0003142764299918,1,glioma,0.9969601758938852,919d6f0fb3ca462983d6df6ec06846e41abd9645
densenet121,A,915,98889,patient_disjoint,2,1,glioma,0.0081295940647932,0.9910652532994646,0.0008051526357422,1,glioma,0.9910652532994646,919d6f0fb3ca462983d6df6ec06846e41abd9645
densenet121,A,916,98889,patient_disjoint,2,1,glioma,0.0030218714508729,0.995608320906768,0.0013698076423592,1,glioma,0.995608320906768,919d6f0fb3ca462983d6df6ec06846e41abd9645
densenet121,A,917,98889,patient_disjoint,2,1,glioma,0.0013755474711931,0.9984137102638728,0.000210742264934,1,glioma,0.9984137102638728,919d6f0fb3ca462983d6df6ec06846e41abd9645
densenet121,A,918,105936,patient_disjoint,5,2,pituitary,3.498475216058359e-05,0.0001543629466441,0.9998106523011951,2,pituitary,0.9998106523011951,919d6f0fb3ca462983d6df6ec06846e41abd9645
densenet121,A,919,105936,patient_disjoint,5,2,pituitary,8.633683565220395e-05,0.0002571169598134,0.9996565462045344,2,pituitary,0.9996565462045344,919d6f0fb3ca462983d6df6ec06846e41abd9645
densenet121,A,920,105936,patient_disjoint,5,2,pituitary,7.245478557077207e-05,0.0002871413876652,0.999640403826764,2,pituitary,0.999640403826764,919d6f0fb3ca462983d6df6ec06846e41abd9645
densenet121,A,921,105936,patient_disjoint,5,2,pituitary,7.96764563084876e-05,0.0004072357949256,0.999513087748766,2,pituitary,0.999513087748766,919d6f0fb3ca462983d6df6ec06846e41abd9645
densenet121,A,922,106062,patient_disjoint,3,2,pituitary,0.0009244234980508,0.0004036147903734,0.9986719617115756,2,pituitary,0.9986719617115756,919d6f0fb3ca462983d6df6ec06846e41abd9645
densenet121,A,923,106062,patient_disjoint,3,2,pituitary,0.004078645243938,0.0002594370185559,0.995661917737506,2,pituitary,0.995661917737506,919d6f0fb3ca462983d6df6ec06846e41abd9645
densenet121,A,924,106062,patient_disjoint,3,2,pituitary,0.0004937135313765,0.0001740243236997,0.9993322621449237,2,pituitary,0.9993322621449237,919d6f0fb3ca462983d6df6ec06846e41abd9645
densenet121,A,925,106062,patient_disjoint,3,2,pituitary,0.0003921857163604,5.489854592860453e-05,0.999552915737711,2,pituitary,0.999552915737711,919d6f0fb3ca462983d6df6ec06846e41abd9645
densenet121,A,926,107495,patient_disjoint,3,2,pituitary,0.0001753644908252,2.5815416850986593e-05,0.9997988200923238,2,pituitary,0.9997988200923238,919d6f0fb3ca462983d6df6ec06846e41abd9645
densenet121,A,927,107495,patient_disjoint,3,2,pituitary,0.0001745983410157,2.291968877069072e-05,0.9998024819702136,2,pituitary,0.9998024819702136,919d6f0fb3ca462983d6df6ec06846e41abd9645
densenet121,A,928,107495,patient_disjoint,3,2,pituitary,0.0018405437363156,0.0002327736072949,0.9979266826563894,2,pituitary,0.9979266826563894,919d6f0fb3ca462983d6df6ec06846e41abd9645
densenet121,A,929,107495,patient_disjoint,3,2,pituitary,0.0005942374420414,0.0001093140457747,0.9992964485121836,2,pituitary,0.9992964485121836,919d6f0fb3ca462983d6df6ec06846e41abd9645
densenet121,A,930,107495,patient_disjoint,3,2,pituitary,0.000842138743561,0.0001782638938462,0.9989795973625928,2,pituitary,0.9989795973625928,919d6f0fb3ca462983d6df6ec06846e41abd9645
densenet121,A,931,107495,patient_disjoint,3,2,pituitary,0.0004546765492277,9.567100626497764e-05,0.9994496524445076,2,pituitary,0.9994496524445076,919d6f0fb3ca462983d6df6ec06846e41abd9645
densenet121,A,932,107495,patient_disjoint,3,2,pituitary,0.000617129033911,0.0002153873281308,0.9991674836379582,2,pituitary,0.9991674836379582,919d6f0fb3ca462983d6df6ec06846e41abd9645
densenet121,A,933,107429,patient_disjoint,1,2,pituitary,0.0038669158009454,0.0012956108133346,0.9948374733857198,2,pituitary,0.9948374733857198,919d6f0fb3ca462983d6df6ec06846e41abd9645
densenet121,A,934,107429,patient_disjoint,1,2,pituitary,0.0014402254935839,8.800865928971434e-05,0.9984717658471264,2,pituitary,0.9984717658471264,919d6f0fb3ca462983d6df6ec06846e41abd9645
densenet121,A,935,107429,patient_disjoint,1,2,pituitary,0.0050426520745104,0.0001684427226285,0.9947889052028608,2,pituitary,0.9947889052028608,919d6f0fb3ca462983d6df6ec06846e41abd9645
densenet121,A,936,107429,patient_disjoint,1,2,pituitary,0.0245416943072157,0.0004546973522594,0.9750036083405248,2,pituitary,0.9750036083405248,919d6f0fb3ca462983d6df6ec06846e41abd9645
densenet121,A,937,107429,patient_disjoint,1,2,pituitary,0.0004093572714,0.0002106807857063,0.9993799619428936,2,pituitary,0.9993799619428936,919d6f0fb3ca462983d6df6ec06846e41abd9645
densenet121,A,938,107429,patient_disjoint,1,2,pituitary,0.0048200913440103,0.0005221700158943,0.9946577386400952,2,pituitary,0.9946577386400952,919d6f0fb3ca462983d6df6ec06846e41abd9645
densenet121,A,939,107505,patient_disjoint,5,2,pituitary,0.0002006723389143,0.0003716424673699,0.9994276851937156,2,pituitary,0.9994276851937156,919d6f0fb3ca462983d6df6ec06846e41abd9645
densenet121,A,940,107505,patient_disjoint,5,2,pituitary,0.0003370460192099,0.0007391595303355,0.9989237944504544,2,pituitary,0.9989237944504544,919d6f0fb3ca462983d6df6ec06846e41abd9645
densenet121,A,941,107505,patient_disjoint,5,2,pituitary,0.000280734923767,0.0012721038458686,0.9984471612303644,2,pituitary,0.9984471612303644,919d6f0fb3ca462983d6df6ec06846e41abd9645
densenet121,A,942,107505,patient_disjoint,5,2,pituitary,0.0005194410977044,0.0018177845544969,0.9976627743477984,2,pituitary,0.9976627743477984,919d6f0fb3ca462983d6df6ec06846e41abd9645
densenet121,A,943,107505,patient_disjoint,5,2,pituitary,0.0004251361373909,0.0023143648715105,0.9972604989910986,2,pituitary,0.9972604989910986,919d6f0fb3ca462983d6df6ec06846e41abd9645
densenet121,A,944,107505,patient_disjoint,5,2,pituitary,0.0003303993844203,0.0016685439079506,0.998001056707629,2,pituitary,0.998001056707629,919d6f0fb3ca462983d6df6ec06846e41abd9645
densenet121,A,945,107505,patient_disjoint,5,2,pituitary,0.0005433128158125,0.0078587749754428,0.9915979122087444,2,pituitary,0.9915979122087444,919d6f0fb3ca462983d6df6ec06846e41abd9645
densenet121,A,946,107743,patient_disjoint,5,2,pituitary,0.0006661710739805,0.0003598566767165,0.9989739722493028,2,pituitary,0.9989739722493028,919d6f0fb3ca462983d6df6ec06846e41abd9645
densenet121,A,947,107743,patient_disjoint,5,2,pituitary,0.0004924696668272,0.0002742567501787,0.999233273582994,2,pituitary,0.999233273582994,919d6f0fb3ca462983d6df6ec06846e41abd9645
densenet121,A,948,107743,patient_disjoint,5,2,pituitary,0.0006921017250839,0.0011689619327555,0.9981389363421606,2,pituitary,0.9981389363421606,919d6f0fb3ca462983d6df6ec06846e41abd9645
densenet121,A,949,107743,patient_disjoint,5,2,pituitary,0.0008159480342226,0.0013932658879589,0.9977907860778186,2,pituitary,0.9977907860778186,919d6f0fb3ca462983d6df6ec06846e41abd9645
densenet121,A,950,108858,patient_disjoint,1,2,pituitary,0.0148981217271494,0.0006966191402322,0.9844052591326182,2,pituitary,0.9844052591326182,919d6f0fb3ca462983d6df6ec06846e41abd9645
densenet121,A,951,108858,patient_disjoint,1,2,pituitary,0.0052705023907743,0.0007914798522771,0.9939380177569486,2,pituitary,0.9939380177569486,919d6f0fb3ca462983d6df6ec06846e41abd9645
densenet121,A,952,108858,patient_disjoint,1,2,pituitary,0.004044173188319,0.0016007394353057,0.9943550873763752,2,pituitary,0.9943550873763752,919d6f0fb3ca462983d6df6ec06846e41abd9645
densenet121,A,953,108858,patient_disjoint,1,2,pituitary,0.0039620775155573,0.0035052856924256,0.992532636792017,2,pituitary,0.992532636792017,919d6f0fb3ca462983d6df6ec06846e41abd9645
densenet121,A,954,108858,patient_disjoint,1,2,pituitary,0.0022137274218368,0.0053697659417455,0.9924165066364176,2,pituitary,0.9924165066364176,919d6f0fb3ca462983d6df6ec06846e41abd9645
densenet121,A,955,108931,patient_disjoint,4,2,pituitary,0.0011032689019117,0.0004464128903261,0.998450318207762,2,pituitary,0.998450318207762,919d6f0fb3ca462983d6df6ec06846e41abd9645
densenet121,A,956,108931,patient_disjoint,4,2,pituitary,0.0014041809342614,0.0003446675110802,0.9982511515546584,2,pituitary,0.9982511515546584,919d6f0fb3ca462983d6df6ec06846e41abd9645
densenet121,A,957,108931,patient_disjoint,4,2,pituitary,0.0003281872066797,0.0003691395893606,0.9993026732039596,2,pituitary,0.9993026732039596,919d6f0fb3ca462983d6df6ec06846e41abd9645
densenet121,A,958,109471,patient_disjoint,3,2,pituitary,0.0003697806541415,0.0001007748270915,0.9995294445187668,2,pituitary,0.9995294445187668,919d6f0fb3ca462983d6df6ec06846e41abd9645
densenet121,A,959,109471,patient_disjoint,3,2,pituitary,0.0001416366172523,3.6700185280773536e-05,0.999821663197467,2,pituitary,0.999821663197467,919d6f0fb3ca462983d6df6ec06846e41abd9645
densenet121,A,960,109471,patient_disjoint,3,2,pituitary,0.0001408840246957,7.750979247230259e-05,0.999781606182832,2,pituitary,0.999781606182832,919d6f0fb3ca462983d6df6ec06846e41abd9645
densenet121,A,961,109471,patient_disjoint,3,2,pituitary,0.0001476792319725,1.995390572897804e-05,0.9998323668622984,2,pituitary,0.9998323668622984,919d6f0fb3ca462983d6df6ec06846e41abd9645
densenet121,A,962,109769,patient_disjoint,2,2,pituitary,0.0005295480171089,9.395932597567032e-05,0.9993764926569152,2,pituitary,0.9993764926569152,919d6f0fb3ca462983d6df6ec06846e41abd9645
densenet121,A,963,109769,patient_disjoint,2,2,pituitary,0.0016242893974484,0.000430259799606,0.9979454508029456,2,pituitary,0.9979454508029456,919d6f0fb3ca462983d6df6ec06846e41abd9645
densenet121,A,964,109769,patient_disjoint,2,2,pituitary,0.0012321502887141,0.0004343523222111,0.9983334973890746,2,pituitary,0.9983334973890746,919d6f0fb3ca462983d6df6ec06846e41abd9645
densenet121,A,965,109769,patient_disjoint,2,2,pituitary,0.0005025352188793,0.0001577536875198,0.9993397110936008,2,pituitary,0.9993397110936008,919d6f0fb3ca462983d6df6ec06846e41abd9645
densenet121,A,966,109898,patient_disjoint,3,2,pituitary,0.0003322424717204,6.0412889074064055e-05,0.9996073446392056,2,pituitary,0.9996073446392056,919d6f0fb3ca462983d6df6ec06846e41abd9645
densenet121,A,967,109898,patient_disjoint,3,2,pituitary,0.000771177334501,0.0001214579733862,0.9991073646921126,2,pituitary,0.9991073646921126,919d6f0fb3ca462983d6df6ec06846e41abd9645
densenet121,A,968,109898,patient_disjoint,3,2,pituitary,0.0023257306251329,0.0002647643544527,0.9974095050204144,2,pituitary,0.9974095050204144,919d6f0fb3ca462983d6df6ec06846e41abd9645
densenet121,A,969,109898,patient_disjoint,3,2,pituitary,0.0024440857676303,0.0001646638948017,0.997391250337568,2,pituitary,0.997391250337568,919d6f0fb3ca462983d6df6ec06846e41abd9645
densenet121,A,970,109898,patient_disjoint,3,2,pituitary,0.0019200666794052,0.000383689170186,0.9976962441504086,2,pituitary,0.9976962441504086,919d6f0fb3ca462983d6df6ec06846e41abd9645
densenet121,A,971,109898,patient_disjoint,3,2,pituitary,0.0014848000029235,0.0003488049195856,0.9981663950774908,2,pituitary,0.9981663950774908,919d6f0fb3ca462983d6df6ec06846e41abd9645
densenet121,A,972,110518,patient_disjoint,2,2,pituitary,0.0996586277773623,0.018326981231611,0.8820143909910265,2,pituitary,0.8820143909910265,919d6f0fb3ca462983d6df6ec06846e41abd9645
densenet121,A,973,110518,patient_disjoint,2,2,pituitary,0.4598913200476917,0.0078292026027058,0.5322794773496025,2,pituitary,0.5322794773496025,919d6f0fb3ca462983d6df6ec06846e41abd9645
densenet121,A,974,110537,patient_disjoint,5,2,pituitary,0.0028233736899852,0.0015839716974084,0.9955926546126064,2,pituitary,0.9955926546126064,919d6f0fb3ca462983d6df6ec06846e41abd9645
densenet121,A,975,110537,patient_disjoint,5,2,pituitary,0.0001611696124057,6.868639031966019e-05,0.9997701439972746,2,pituitary,0.9997701439972746,919d6f0fb3ca462983d6df6ec06846e41abd9645
densenet121,A,976,110993,patient_disjoint,4,2,pituitary,0.0001518726080869,0.0001369943737635,0.9997111330181496,2,pituitary,0.9997111330181496,919d6f0fb3ca462983d6df6ec06846e41abd9645
densenet121,A,977,110993,patient_disjoint,4,2,pituitary,8.919074547726696e-05,8.819366479291688e-05,0.9998226155897296,2,pituitary,0.9998226155897296,919d6f0fb3ca462983d6df6ec06846e41abd9645
densenet121,A,978,110993,patient_disjoint,4,2,pituitary,3.03465430453294e-05,2.255274889438851e-05,0.9999471007080604,2,pituitary,0.9999471007080604,919d6f0fb3ca462983d6df6ec06846e41abd9645
densenet121,A,979,110993,patient_disjoint,4,2,pituitary,3.9627377794710926e-05,4.3754537285052354e-05,0.9999166180849204,2,pituitary,0.9999166180849204,919d6f0fb3ca462983d6df6ec06846e41abd9645
densenet121,A,980,111075,patient_disjoint,2,2,pituitary,0.000709589361981,0.0001294359009306,0.9991609747370884,2,pituitary,0.9991609747370884,919d6f0fb3ca462983d6df6ec06846e41abd9645
densenet121,A,981,111075,patient_disjoint,2,2,pituitary,0.000214107826051,7.903767663663092e-05,0.9997068544973124,2,pituitary,0.9997068544973124,919d6f0fb3ca462983d6df6ec06846e41abd9645
densenet121,A,982,111075,patient_disjoint,2,2,pituitary,8.599914983029348e-05,2.3423521188156776e-05,0.9998905773289816,2,pituitary,0.9998905773289816,919d6f0fb3ca462983d6df6ec06846e41abd9645
densenet121,A,983,111075,patient_disjoint,2,2,pituitary,0.0002339370685742,4.9306552750280536e-05,0.9997167563786754,2,pituitary,0.9997167563786754,919d6f0fb3ca462983d6df6ec06846e41abd9645
densenet121,A,984,111075,patient_disjoint,2,2,pituitary,0.0005426940345095,0.0001588274050251,0.9992984785604652,2,pituitary,0.9992984785604652,919d6f0fb3ca462983d6df6ec06846e41abd9645
densenet121,A,985,111075,patient_disjoint,2,2,pituitary,0.0008914346850116,0.0004899734620741,0.998618591852914,2,pituitary,0.998618591852914,919d6f0fb3ca462983d6df6ec06846e41abd9645
densenet121,A,986,111125,patient_disjoint,5,2,pituitary,0.0001434709340518,6.534639957453487e-05,0.9997911826663736,2,pituitary,0.9997911826663736,919d6f0fb3ca462983d6df6ec06846e41abd9645
densenet121,A,987,111125,patient_disjoint,5,2,pituitary,0.0001070892823127,0.0002967570440177,0.9995961536736696,2,pituitary,0.9995961536736696,919d6f0fb3ca462983d6df6ec06846e41abd9645
densenet121,A,988,111125,patient_disjoint,5,2,pituitary,0.0002581992892269,0.0002680912679289,0.999473709442844,2,pituitary,0.999473709442844,919d6f0fb3ca462983d6df6ec06846e41abd9645
densenet121,A,989,111125,patient_disjoint,5,2,pituitary,0.0001602309376822,7.073026438361107e-05,0.999769038797934,2,pituitary,0.999769038797934,919d6f0fb3ca462983d6df6ec06846e41abd9645
densenet121,A,990,111785,patient_disjoint,5,2,pituitary,0.0012516347189288,0.0037602172009735,0.9949881480800976,2,pituitary,0.9949881480800976,919d6f0fb3ca462983d6df6ec06846e41abd9645
densenet121,A,991,111785,patient_disjoint,5,2,pituitary,0.0005011136918084,0.0017723978056515,0.99772648850254,2,pituitary,0.99772648850254,919d6f0fb3ca462983d6df6ec06846e41abd9645
densenet121,A,992,111785,patient_disjoint,5,2,pituitary,0.0003935130925644,0.0008157821389231,0.9987907047685124,2,pituitary,0.9987907047685124,919d6f0fb3ca462983d6df6ec06846e41abd9645
densenet121,A,993,111785,patient_disjoint,5,2,pituitary,0.0008477937585585,0.0018715262261976,0.9972806800152436,2,pituitary,0.9972806800152436,919d6f0fb3ca462983d6df6ec06846e41abd9645
densenet121,A,994,112074,patient_disjoint,1,2,pituitary,0.4274392023684253,0.5110220756201709,0.0615387220114038,1,glioma,0.5110220756201709,919d6f0fb3ca462983d6df6ec06846e41abd9645
densenet121,A,995,112074,patient_disjoint,1,2,pituitary,0.9748107473053184,0.0192444695813216,0.0059447831133599,0,meningioma,0.9748107473053184,919d6f0fb3ca462983d6df6ec06846e41abd9645
densenet121,A,996,112074,patient_disjoint,1,2,pituitary,0.761738304275188,0.1383598999615527,0.0999017957632592,0,meningioma,0.761738304275188,919d6f0fb3ca462983d6df6ec06846e41abd9645
densenet121,A,997,112074,patient_disjoint,1,2,pituitary,0.4468186585406244,0.4999544228864553,0.05322691857292,1,glioma,0.4999544228864553,919d6f0fb3ca462983d6df6ec06846e41abd9645
densenet121,A,998,112649,patient_disjoint,5,2,pituitary,0.0006663228527986,0.0015273815743667,0.9978062955728346,2,pituitary,0.9978062955728346,919d6f0fb3ca462983d6df6ec06846e41abd9645
densenet121,A,999,112649,patient_disjoint,5,2,pituitary,0.0006662565801006,0.0018169693726294,0.99751677404727,2,pituitary,0.99751677404727,919d6f0fb3ca462983d6df6ec06846e41abd9645
densenet121,A,1000,112649,patient_disjoint,5,2,pituitary,0.0004022686336357,0.0010356329485343,0.99856209841783,2,pituitary,0.99856209841783,919d6f0fb3ca462983d6df6ec06846e41abd9645
densenet121,A,1001,112649,patient_disjoint,5,2,pituitary,0.0003150487302358,0.0007934503302291,0.998891500939535,2,pituitary,0.998891500939535,919d6f0fb3ca462983d6df6ec06846e41abd9645
densenet121,A,1002,112649,patient_disjoint,5,2,pituitary,0.0005807311255206,0.0021048083619774,0.9973144605125018,2,pituitary,0.9973144605125018,919d6f0fb3ca462983d6df6ec06846e41abd9645
densenet121,A,1003,112746,patient_disjoint,1,2,pituitary,0.0063669483698839,0.0054717467270584,0.9881613049030576,2,pituitary,0.9881613049030576,919d6f0fb3ca462983d6df6ec06846e41abd9645
densenet121,A,1004,112746,patient_disjoint,1,2,pituitary,0.0081012249234238,0.0147659617069441,0.977132813369632,2,pituitary,0.977132813369632,919d6f0fb3ca462983d6df6ec06846e41abd9645
densenet121,A,1005,112746,patient_disjoint,1,2,pituitary,0.0034541142655826,0.0082569634379873,0.98828892229643,2,pituitary,0.98828892229643,919d6f0fb3ca462983d6df6ec06846e41abd9645
densenet121,A,1006,112847,patient_disjoint,5,2,pituitary,0.0011386771933282,0.0008777262433042,0.9979835965633675,2,pituitary,0.9979835965633675,919d6f0fb3ca462983d6df6ec06846e41abd9645
densenet121,A,1007,112847,patient_disjoint,5,2,pituitary,0.0005818689875309,0.000646663227419,0.99877146778505,2,pituitary,0.99877146778505,919d6f0fb3ca462983d6df6ec06846e41abd9645
densenet121,A,1008,112847,patient_disjoint,5,2,pituitary,0.0005524678385402,0.0002678472087882,0.9991796849526716,2,pituitary,0.9991796849526716,919d6f0fb3ca462983d6df6ec06846e41abd9645
densenet121,A,1009,112847,patient_disjoint,5,2,pituitary,0.0003325154175457,0.0002437965100506,0.9994236880724036,2,pituitary,0.9994236880724036,919d6f0fb3ca462983d6df6ec06846e41abd9645
densenet121,A,1010,113274,patient_disjoint,3,2,pituitary,4.772780275431973e-05,4.476582718896612e-05,0.9999075063700568,2,pituitary,0.9999075063700568,919d6f0fb3ca462983d6df6ec06846e41abd9645
densenet121,A,1011,113274,patient_disjoint,3,2,pituitary,4.25194831893384e-05,4.161629728246462e-05,0.9999158642195282,2,pituitary,0.9999158642195282,919d6f0fb3ca462983d6df6ec06846e41abd9645
densenet121,A,1012,113274,patient_disjoint,3,2,pituitary,2.3809628618179688e-05,2.5009000027916092e-05,0.999951181371354,2,pituitary,0.999951181371354,919d6f0fb3ca462983d6df6ec06846e41abd9645
densenet121,A,1013,113741,patient_disjoint,3,2,pituitary,0.0002109492912078,1.3100973212196058e-05,0.99977594973558,2,pituitary,0.99977594973558,919d6f0fb3ca462983d6df6ec06846e41abd9645
densenet121,A,1014,113741,patient_disjoint,3,2,pituitary,8.283434571670201e-05,1.4164202273503875e-05,0.9999030014520098,2,pituitary,0.9999030014520098,919d6f0fb3ca462983d6df6ec06846e41abd9645
densenet121,A,1015,114040,patient_disjoint,4,2,pituitary,0.0010654626504387,0.0002428321390121,0.9986917052105492,2,pituitary,0.9986917052105492,919d6f0fb3ca462983d6df6ec06846e41abd9645
densenet121,A,1016,114040,patient_disjoint,4,2,pituitary,0.0068486751840696,0.0028423990172467,0.9903089257986836,2,pituitary,0.9903089257986836,919d6f0fb3ca462983d6df6ec06846e41abd9645
densenet121,A,1017,114040,patient_disjoint,4,2,pituitary,0.0067112802737859,0.0048214107269529,0.9884673089992612,2,pituitary,0.9884673089992612,919d6f0fb3ca462983d6df6ec06846e41abd9645
densenet121,A,1018,114361,patient_disjoint,4,2,pituitary,0.0004037391304102,9.085096479031212e-05,0.9995054099047994,2,pituitary,0.9995054099047994,919d6f0fb3ca462983d6df6ec06846e41abd9645
densenet121,A,1019,114361,patient_disjoint,4,2,pituitary,0.0003506366773113,0.0001520375536933,0.9994973257689952,2,pituitary,0.9994973257689952,919d6f0fb3ca462983d6df6ec06846e41abd9645
densenet121,A,1020,114361,patient_disjoint,4,2,pituitary,0.0001179321198479,0.0003345037481438,0.9995475641320082,2,pituitary,0.9995475641320082,919d6f0fb3ca462983d6df6ec06846e41abd9645
densenet121,A,1021,114094,patient_disjoint,1,2,pituitary,0.6072218834736522,0.0135629521598973,0.3792151643664504,0,meningioma,0.6072218834736522,919d6f0fb3ca462983d6df6ec06846e41abd9645
densenet121,A,1022,114094,patient_disjoint,1,2,pituitary,0.250481212470524,0.0157624866409695,0.7337563008885065,2,pituitary,0.7337563008885065,919d6f0fb3ca462983d6df6ec06846e41abd9645
densenet121,A,1023,114094,patient_disjoint,1,2,pituitary,0.0117134389058188,0.0037497779877695,0.9845367831064116,2,pituitary,0.9845367831064116,919d6f0fb3ca462983d6df6ec06846e41abd9645
densenet121,A,1024,114094,patient_disjoint,1,2,pituitary,0.0174940062049031,0.0022414085376874,0.9802645852574094,2,pituitary,0.9802645852574094,919d6f0fb3ca462983d6df6ec06846e41abd9645
densenet121,A,1025,101017,patient_disjoint,2,2,pituitary,0.0002227005513139,7.026878898562697e-05,0.9997070306597003,2,pituitary,0.9997070306597003,919d6f0fb3ca462983d6df6ec06846e41abd9645
densenet121,A,1026,101017,patient_disjoint,2,2,pituitary,0.0003092220832337,4.524678810755211e-05,0.9996455311286588,2,pituitary,0.9996455311286588,919d6f0fb3ca462983d6df6ec06846e41abd9645
densenet121,A,1027,101017,patient_disjoint,2,2,pituitary,0.000523645304127,0.0001469599170187,0.999329394778854,2,pituitary,0.999329394778854,919d6f0fb3ca462983d6df6ec06846e41abd9645
densenet121,A,1028,101017,patient_disjoint,2,2,pituitary,0.0007161712658308,0.0004049655902945,0.9988788631438744,2,pituitary,0.9988788631438744,919d6f0fb3ca462983d6df6ec06846e41abd9645
densenet121,A,1029,101017,patient_disjoint,2,2,pituitary,0.0001230903139728,8.253065351688894e-05,0.9997943790325104,2,pituitary,0.9997943790325104,919d6f0fb3ca462983d6df6ec06846e41abd9645
densenet121,A,1030,101029,patient_disjoint,1,2,pituitary,0.0046761897749657,0.0194683995893605,0.9758554106356738,2,pituitary,0.9758554106356738,919d6f0fb3ca462983d6df6ec06846e41abd9645
densenet121,A,1031,101029,patient_disjoint,1,2,pituitary,0.0003066342872019,0.001897309106298,0.9977960566065,2,pituitary,0.9977960566065,919d6f0fb3ca462983d6df6ec06846e41abd9645
densenet121,A,1032,101029,patient_disjoint,1,2,pituitary,0.0002731096172488,0.0016610747133692,0.998065815669382,2,pituitary,0.998065815669382,919d6f0fb3ca462983d6df6ec06846e41abd9645
densenet121,A,1033,101029,patient_disjoint,1,2,pituitary,0.0034720950500159,0.008303237498595,0.9882246674513888,2,pituitary,0.9882246674513888,919d6f0fb3ca462983d6df6ec06846e41abd9645
densenet121,A,1034,105936,patient_disjoint,5,2,pituitary,7.04308874383414e-05,0.0002703449388118,0.9996592241737496,2,pituitary,0.9996592241737496,919d6f0fb3ca462983d6df6ec06846e41abd9645
densenet121,A,1035,106062,patient_disjoint,3,2,pituitary,0.0040220332717761,0.0004564840189944,0.9955214827092296,2,pituitary,0.9955214827092296,919d6f0fb3ca462983d6df6ec06846e41abd9645
densenet121,A,1036,106062,patient_disjoint,3,2,pituitary,0.0028380409428784,0.001225002234617,0.9959369568225044,2,pituitary,0.9959369568225044,919d6f0fb3ca462983d6df6ec06846e41abd9645
densenet121,A,1037,106062,patient_disjoint,3,2,pituitary,0.0006146372162784,0.0003550528957924,0.9990303098879292,2,pituitary,0.9990303098879292,919d6f0fb3ca462983d6df6ec06846e41abd9645
densenet121,A,1038,106062,patient_disjoint,3,2,pituitary,0.0004114943424244,0.0001719386511619,0.9994165670064136,2,pituitary,0.9994165670064136,919d6f0fb3ca462983d6df6ec06846e41abd9645
densenet121,A,1039,106062,patient_disjoint,3,2,pituitary,0.0048882480480873,0.0005487857558143,0.9945629661960984,2,pituitary,0.9945629661960984,919d6f0fb3ca462983d6df6ec06846e41abd9645
densenet121,A,1040,106062,patient_disjoint,3,2,pituitary,0.0057903050211723,0.001234216970593,0.9929754780082344,2,pituitary,0.9929754780082344,919d6f0fb3ca462983d6df6ec06846e41abd9645
densenet121,A,1041,106062,patient_disjoint,3,2,pituitary,0.0066261452234407,0.0006904197513587,0.9926834350252004,2,pituitary,0.9926834350252004,919d6f0fb3ca462983d6df6ec06846e41abd9645
densenet121,A,1042,107495,patient_disjoint,3,2,pituitary,9.108977475564864e-05,0.0001001828941721,0.9998087273310724,2,pituitary,0.9998087273310724,919d6f0fb3ca462983d6df6ec06846e41abd9645
densenet121,A,1043,107495,patient_disjoint,3,2,pituitary,0.0001373185201252,0.0001347347011455,0.9997279467787292,2,pituitary,0.9997279467787292,919d6f0fb3ca462983d6df6ec06846e41abd9645
densenet121,A,1044,107495,patient_disjoint,3,2,pituitary,2.7457924893809765e-05,5.394363254931576e-06,0.9999671477118514,2,pituitary,0.9999671477118514,919d6f0fb3ca462983d6df6ec06846e41abd9645
densenet121,A,1045,107495,patient_disjoint,3,2,pituitary,7.324948696481124e-05,3.185449117949247e-05,0.9998948960218556,2,pituitary,0.9998948960218556,919d6f0fb3ca462983d6df6ec06846e41abd9645
densenet121,A,1046,107495,patient_disjoint,3,2,pituitary,4.7588313381996235e-05,8.644011951088913e-05,0.9998659715671072,2,pituitary,0.9998659715671072,919d6f0fb3ca462983d6df6ec06846e41abd9645
densenet121,A,1047,107429,patient_disjoint,1,2,pituitary,0.0026155541716064,0.0008353051287044,0.996549140699689,2,pituitary,0.996549140699689,919d6f0fb3ca462983d6df6ec06846e41abd9645
densenet121,A,1048,107429,patient_disjoint,1,2,pituitary,0.0031788450350085,0.00039289936619,0.9964282555988015,2,pituitary,0.9964282555988015,919d6f0fb3ca462983d6df6ec06846e41abd9645
densenet121,A,1049,107429,patient_disjoint,1,2,pituitary,0.0190525771179278,0.0006172270266727,0.9803301958553994,2,pituitary,0.9803301958553994,919d6f0fb3ca462983d6df6ec06846e41abd9645
densenet121,A,1050,107429,patient_disjoint,1,2,pituitary,0.0030175324058226,0.0007382260896022,0.996244241504575,2,pituitary,0.996244241504575,919d6f0fb3ca462983d6df6ec06846e41abd9645
densenet121,A,1051,107429,patient_disjoint,1,2,pituitary,0.0096458190663311,0.0003189848683325,0.9900351960653364,2,pituitary,0.9900351960653364,919d6f0fb3ca462983d6df6ec06846e41abd9645
densenet121,A,1052,107429,patient_disjoint,1,2,pituitary,0.0106472291281183,0.0007058599835754,0.9886469108883064,2,pituitary,0.9886469108883064,919d6f0fb3ca462983d6df6ec06846e41abd9645
densenet121,A,1053,107429,patient_disjoint,1,2,pituitary,0.0085392417187424,0.0043250608801514,0.987135697401106,2,pituitary,0.987135697401106,919d6f0fb3ca462983d6df6ec06846e41abd9645
densenet121,A,1054,107505,patient_disjoint,5,2,pituitary,0.0001247044467425,0.000236538871467,0.9996387566817904,2,pituitary,0.9996387566817904,919d6f0fb3ca462983d6df6ec06846e41abd9645
densenet121,A,1055,107505,patient_disjoint,5,2,pituitary,0.0002324427763281,0.0006496914515959,0.9991178657720758,2,pituitary,0.9991178657720758,919d6f0fb3ca462983d6df6ec06846e41abd9645
densenet121,A,1056,107505,patient_disjoint,5,2,pituitary,0.0004495630929131,0.0003692765536455,0.9991811603534412,2,pituitary,0.9991811603534412,919d6f0fb3ca462983d6df6ec06846e41abd9645
densenet121,A,1057,107505,patient_disjoint,5,2,pituitary,0.0005885412520888,0.0007644700924518,0.9986469886554592,2,pituitary,0.9986469886554592,919d6f0fb3ca462983d6df6ec06846e41abd9645
densenet121,A,1058,107505,patient_disjoint,5,2,pituitary,0.0013687892675439,0.0011114957133198,0.9975197150191364,2,pituitary,0.9975197150191364,919d6f0fb3ca462983d6df6ec06846e41abd9645
densenet121,A,1059,107743,patient_disjoint,5,2,pituitary,7.713022285193469e-05,0.0002039970785437,0.9997188726986044,2,pituitary,0.9997188726986044,919d6f0fb3ca462983d6df6ec06846e41abd9645
densenet121,A,1060,107743,patient_disjoint,5,2,pituitary,0.0002006906995164,0.0002892365486155,0.999510072751868,2,pituitary,0.999510072751868,919d6f0fb3ca462983d6df6ec06846e41abd9645
densenet121,A,1061,107743,patient_disjoint,5,2,pituitary,0.0001790515854171,0.000437688134279,0.9993832602803038,2,pituitary,0.9993832602803038,919d6f0fb3ca462983d6df6ec06846e41abd9645
densenet121,A,1062,107743,patient_disjoint,5,2,pituitary,0.0001260685539339,0.0001617176089468,0.9997122138371192,2,pituitary,0.9997122138371192,919d6f0fb3ca462983d6df6ec06846e41abd9645
densenet121,A,1063,107743,patient_disjoint,5,2,pituitary,0.0001446171976421,0.0001723400005543,0.9996830428018034,2,pituitary,0.9996830428018034,919d6f0fb3ca462983d6df6ec06846e41abd9645
densenet121,A,1064,107743,patient_disjoint,5,2,pituitary,0.0011608501327929,0.0009721984888939,0.9978669513783132,2,pituitary,0.9978669513783132,919d6f0fb3ca462983d6df6ec06846e41abd9645
densenet121,A,1065,108858,patient_disjoint,1,2,pituitary,0.0008078346800429,0.0057795820220837,0.9934125832978732,2,pituitary,0.9934125832978732,919d6f0fb3ca462983d6df6ec06846e41abd9645
densenet121,A,1066,108858,patient_disjoint,1,2,pituitary,0.0015238946918144,0.0040139261414758,0.9944621791667098,2,pituitary,0.9944621791667098,919d6f0fb3ca462983d6df6ec06846e41abd9645
densenet121,A,1067,108858,patient_disjoint,1,2,pituitary,0.0008687362473301,0.0022855806539036,0.9968456830987662,2,pituitary,0.9968456830987662,919d6f0fb3ca462983d6df6ec06846e41abd9645
densenet121,A,1068,108858,patient_disjoint,1,2,pituitary,0.0008443111313463,0.0026783829165195,0.9964773059521342,2,pituitary,0.9964773059521342,919d6f0fb3ca462983d6df6ec06846e41abd9645
densenet121,A,1069,108858,patient_disjoint,1,2,pituitary,0.0013307751132261,0.004331483299286,0.9943377415874876,2,pituitary,0.9943377415874876,919d6f0fb3ca462983d6df6ec06846e41abd9645
densenet121,A,1070,108931,patient_disjoint,4,2,pituitary,2.0909588753433134e-05,4.567061004421941e-05,0.9999334198012024,2,pituitary,0.9999334198012024,919d6f0fb3ca462983d6df6ec06846e41abd9645
densenet121,A,1071,108931,patient_disjoint,4,2,pituitary,3.649464160438884e-05,9.672072947179008e-05,0.999866784628924,2,pituitary,0.999866784628924,919d6f0fb3ca462983d6df6ec06846e41abd9645
densenet121,A,1072,108931,patient_disjoint,4,2,pituitary,9.928840069157076e-05,0.000248695082401,0.9996520165169074,2,pituitary,0.9996520165169074,919d6f0fb3ca462983d6df6ec06846e41abd9645
densenet121,A,1073,108931,patient_disjoint,4,2,pituitary,0.00013285378002,0.000318855227641,0.9995482909923388,2,pituitary,0.9995482909923388,919d6f0fb3ca462983d6df6ec06846e41abd9645
densenet121,A,1074,108931,patient_disjoint,4,2,pituitary,0.0004189038131864,0.0001774442337619,0.9994036519530516,2,pituitary,0.9994036519530516,919d6f0fb3ca462983d6df6ec06846e41abd9645
densenet121,A,1075,108931,patient_disjoint,4,2,pituitary,0.0005002429154508,0.0003475387095423,0.9991522183750068,2,pituitary,0.9991522183750068,919d6f0fb3ca462983d6df6ec06846e41abd9645
densenet121,A,1076,108931,patient_disjoint,4,2,pituitary,0.0001520111145292,0.0002278002491905,0.9996201886362802,2,pituitary,0.9996201886362802,919d6f0fb3ca462983d6df6ec06846e41abd9645
densenet121,A,1077,109471,patient_disjoint,3,2,pituitary,0.0001151305749394,0.0002435618066153,0.9996413076184452,2,pituitary,0.9996413076184452,919d6f0fb3ca462983d6df6ec06846e41abd9645
densenet121,A,1078,109471,patient_disjoint,3,2,pituitary,4.392641675406664e-05,0.0001126256491994,0.9998434479340464,2,pituitary,0.9998434479340464,919d6f0fb3ca462983d6df6ec06846e41abd9645
densenet121,A,1079,109471,patient_disjoint,3,2,pituitary,5.847328797160842e-05,0.0001095087839342,0.999832017928094,2,pituitary,0.999832017928094,919d6f0fb3ca462983d6df6ec06846e41abd9645
densenet121,A,1080,109471,patient_disjoint,3,2,pituitary,7.713168192019291e-05,0.0002129712618732,0.9997098970562066,2,pituitary,0.9997098970562066,919d6f0fb3ca462983d6df6ec06846e41abd9645
densenet121,A,1081,109471,patient_disjoint,3,2,pituitary,0.0001572574181193,0.0002734281209594,0.9995693144609212,2,pituitary,0.9995693144609212,919d6f0fb3ca462983d6df6ec06846e41abd9645
densenet121,A,1082,109471,patient_disjoint,3,2,pituitary,0.0001507476437958,0.0001962891419773,0.9996529632142268,2,pituitary,0.9996529632142268,919d6f0fb3ca462983d6df6ec06846e41abd9645
densenet121,A,1083,109769,patient_disjoint,2,2,pituitary,6.56285542449964e-05,0.0001483597228904,0.9997860117228644,2,pituitary,0.9997860117228644,919d6f0fb3ca462983d6df6ec06846e41abd9645
densenet121,A,1084,109769,patient_disjoint,2,2,pituitary,0.0002771507316735,0.0004412636278161,0.9992815856405102,2,pituitary,0.9992815856405102,919d6f0fb3ca462983d6df6ec06846e41abd9645
densenet121,A,1085,109769,patient_disjoint,2,2,pituitary,0.0004177044684555,0.0006450196774135,0.9989372758541308,2,pituitary,0.9989372758541308,919d6f0fb3ca462983d6df6ec06846e41abd9645
densenet121,A,1086,109769,patient_disjoint,2,2,pituitary,0.0001394759740644,8.306984068504949e-05,0.9997774541852504,2,pituitary,0.9997774541852504,919d6f0fb3ca462983d6df6ec06846e41abd9645
densenet121,A,1087,109769,patient_disjoint,2,2,pituitary,0.00022385708801,0.0002388857145452,0.9995372571974448,2,pituitary,0.9995372571974448,919d6f0fb3ca462983d6df6ec06846e41abd9645
densenet121,A,1088,109898,patient_disjoint,3,2,pituitary,0.0009132417664335,0.0004225831132254,0.998664175120341,2,pituitary,0.998664175120341,919d6f0fb3ca462983d6df6ec06846e41abd9645
densenet121,A,1089,109898,patient_disjoint,3,2,pituitary,0.0010226581311098,0.0002552051601119,0.9987221367087784,2,pituitary,0.9987221367087784,919d6f0fb3ca462983d6df6ec06846e41abd9645
densenet121,A,1090,109898,patient_disjoint,3,2,pituitary,0.0015426766072905,0.000134803894993,0.9983225194977164,2,pituitary,0.9983225194977164,919d6f0fb3ca462983d6df6ec06846e41abd9645
densenet121,A,1091,109898,patient_disjoint,3,2,pituitary,0.054188950402921,0.0005141649042859,0.9452968846927928,2,pituitary,0.9452968846927928,919d6f0fb3ca462983d6df6ec06846e41abd9645
densenet121,A,1092,109898,patient_disjoint,3,2,pituitary,0.0795155880968331,0.000569355543518,0.9199150563596488,2,pituitary,0.9199150563596488,919d6f0fb3ca462983d6df6ec06846e41abd9645
densenet121,A,1093,109898,patient_disjoint,3,2,pituitary,0.0048010368611894,0.0011698199497389,0.9940291431890717,2,pituitary,0.9940291431890717,919d6f0fb3ca462983d6df6ec06846e41abd9645
densenet121,A,1094,110518,patient_disjoint,2,2,pituitary,0.0002928061555979,0.0005868829820752,0.9991203108623268,2,pituitary,0.9991203108623268,919d6f0fb3ca462983d6df6ec06846e41abd9645
densenet121,A,1095,110518,patient_disjoint,2,2,pituitary,0.0008786512290754,0.0026639519228171,0.9964573968481076,2,pituitary,0.9964573968481076,919d6f0fb3ca462983d6df6ec06846e41abd9645
densenet121,A,1096,110518,patient_disjoint,2,2,pituitary,0.0003900464967281,0.0013439062975888,0.9982660472056832,2,pituitary,0.9982660472056832,919d6f0fb3ca462983d6df6ec06846e41abd9645
densenet121,A,1097,110518,patient_disjoint,2,2,pituitary,8.633277589451789e-05,6.625004776011423e-05,0.9998474171763454,2,pituitary,0.9998474171763454,919d6f0fb3ca462983d6df6ec06846e41abd9645
densenet121,A,1098,110518,patient_disjoint,2,2,pituitary,0.0001052650708508,7.343060810234737e-05,0.9998213043210468,2,pituitary,0.9998213043210468,919d6f0fb3ca462983d6df6ec06846e41abd9645
densenet121,A,1099,110518,patient_disjoint,2,2,pituitary,0.0001964217782461,0.0001879822558695,0.9996155959658842,2,pituitary,0.9996155959658842,919d6f0fb3ca462983d6df6ec06846e41abd9645
densenet121,A,1100,110537,patient_disjoint,5,2,pituitary,4.97873634178426e-05,0.000131332670972,0.9998188799656104,2,pituitary,0.9998188799656104,919d6f0fb3ca462983d6df6ec06846e41abd9645
densenet121,A,1101,110537,patient_disjoint,5,2,pituitary,0.0001908882529149,0.000395067841991,0.999414043905094,2,pituitary,0.999414043905094,919d6f0fb3ca462983d6df6ec06846e41abd9645
densenet121,A,1102,110537,patient_disjoint,5,2,pituitary,9.605080424125064e-05,0.0002208131620494,0.9996831360337092,2,pituitary,0.9996831360337092,919d6f0fb3ca462983d6df6ec06846e41abd9645
densenet121,A,1103,110537,patient_disjoint,5,2,pituitary,0.0003348358643416,7.701466883485488e-05,0.9995881494668236,2,pituitary,0.9995881494668236,919d6f0fb3ca462983d6df6ec06846e41abd9645
densenet121,A,1104,110537,patient_disjoint,5,2,pituitary,0.000145500626971,8.207761999565172e-05,0.9997724217530334,2,pituitary,0.9997724217530334,919d6f0fb3ca462983d6df6ec06846e41abd9645
densenet121,A,1105,110537,patient_disjoint,5,2,pituitary,0.0001240488436378,4.762908615645639e-05,0.9998283220702058,2,pituitary,0.9998283220702058,919d6f0fb3ca462983d6df6ec06846e41abd9645
densenet121,A,1106,110537,patient_disjoint,5,2,pituitary,0.0006103985630411,0.0003221100697388,0.9990674913672198,2,pituitary,0.9990674913672198,919d6f0fb3ca462983d6df6ec06846e41abd9645
densenet121,A,1107,110993,patient_disjoint,4,2,pituitary,0.0001291613799148,4.147543546263146e-05,0.9998293631846225,2,pituitary,0.9998293631846225,919d6f0fb3ca462983d6df6ec06846e41abd9645
densenet121,A,1108,110993,patient_disjoint,4,2,pituitary,0.0001738276893177,0.0002989776420059,0.9995271946686765,2,pituitary,0.9995271946686765,919d6f0fb3ca462983d6df6ec06846e41abd9645
densenet121,A,1109,110993,patient_disjoint,4,2,pituitary,0.0001409489535308,0.0001542979191129,0.9997047531273562,2,pituitary,0.9997047531273562,919d6f0fb3ca462983d6df6ec06846e41abd9645
densenet121,A,1110,110993,patient_disjoint,4,2,pituitary,5.830909102461427e-05,4.160330951619226e-05,0.9999000875994593,2,pituitary,0.9999000875994593,919d6f0fb3ca462983d6df6ec06846e41abd9645
densenet121,A,1111,110993,patient_disjoint,4,2,pituitary,0.0004723412816928,0.0002405130393321,0.9992871456789748,2,pituitary,0.9992871456789748,919d6f0fb3ca462983d6df6ec06846e41abd9645
densenet121,A,1112,111075,patient_disjoint,2,2,pituitary,0.0001821230486539,0.0002322475748617,0.9995856293764842,2,pituitary,0.9995856293764842,919d6f0fb3ca462983d6df6ec06846e41abd9645
densenet121,A,1113,111075,patient_disjoint,2,2,pituitary,0.0002027712333818,0.0001584757406503,0.9996387530259678,2,pituitary,0.9996387530259678,919d6f0fb3ca462983d6df6ec06846e41abd9645
densenet121,A,1114,111075,patient_disjoint,2,2,pituitary,0.0002946977085187,0.0001970122016093,0.999508290089872,2,pituitary,0.999508290089872,919d6f0fb3ca462983d6df6ec06846e41abd9645
densenet121,A,1115,111075,patient_disjoint,2,2,pituitary,0.0001299918730291,7.793409792336652e-05,0.9997920740290476,2,pituitary,0.9997920740290476,919d6f0fb3ca462983d6df6ec06846e41abd9645
densenet121,A,1116,111075,patient_disjoint,2,2,pituitary,0.0003334007232032,0.000420823528034,0.9992457757487628,2,pituitary,0.9992457757487628,919d6f0fb3ca462983d6df6ec06846e41abd9645
densenet121,A,1117,111075,patient_disjoint,2,2,pituitary,0.0017708652538223,0.0011809078715445,0.9970482268746332,2,pituitary,0.9970482268746332,919d6f0fb3ca462983d6df6ec06846e41abd9645
densenet121,A,1118,111125,patient_disjoint,5,2,pituitary,2.1395175255158985e-05,4.300734488049684e-05,0.9999355974798644,2,pituitary,0.9999355974798644,919d6f0fb3ca462983d6df6ec06846e41abd9645
densenet121,A,1119,111125,patient_disjoint,5,2,pituitary,0.0001199167560243,0.0002862722047835,0.999593811039192,2,pituitary,0.999593811039192,919d6f0fb3ca462983d6df6ec06846e41abd9645
densenet121,A,1120,111125,patient_disjoint,5,2,pituitary,8.968421784322152e-05,0.000277386627087,0.9996329291550696,2,pituitary,0.9996329291550696,919d6f0fb3ca462983d6df6ec06846e41abd9645
densenet121,A,1121,111125,patient_disjoint,5,2,pituitary,6.944973901346969e-05,0.0002642244100641,0.9996663258509224,2,pituitary,0.9996663258509224,919d6f0fb3ca462983d6df6ec06846e41abd9645
densenet121,A,1122,111125,patient_disjoint,5,2,pituitary,9.576568812670952e-05,0.0002591942132829,0.9996450400985905,2,pituitary,0.9996450400985905,919d6f0fb3ca462983d6df6ec06846e41abd9645
densenet121,A,1123,111125,patient_disjoint,5,2,pituitary,6.479310179046302e-05,5.4395137746862104e-05,0.9998808117604628,2,pituitary,0.9998808117604628,919d6f0fb3ca462983d6df6ec06846e41abd9645
densenet121,A,1124,111785,patient_disjoint,5,2,pituitary,0.0002773891531686,0.0010139319221507,0.9987086789246808,2,pituitary,0.9987086789246808,919d6f0fb3ca462983d6df6ec06846e41abd9645
densenet121,A,1125,111785,patient_disjoint,5,2,pituitary,0.0001057411184578,0.0001355422195089,0.9997587166620332,2,pituitary,0.9997587166620332,919d6f0fb3ca462983d6df6ec06846e41abd9645
densenet121,A,1126,111785,patient_disjoint,5,2,pituitary,0.0001243762332773,0.000153130289045,0.9997224934776776,2,pituitary,0.9997224934776776,919d6f0fb3ca462983d6df6ec06846e41abd9645
densenet121,A,1127,111785,patient_disjoint,5,2,pituitary,0.0003269372311046,0.0006013389160877,0.9990717238528076,2,pituitary,0.9990717238528076,919d6f0fb3ca462983d6df6ec06846e41abd9645
densenet121,A,1128,111785,patient_disjoint,5,2,pituitary,0.0004575530870041,0.0008307545818116,0.9987116923311844,2,pituitary,0.9987116923311844,919d6f0fb3ca462983d6df6ec06846e41abd9645
densenet121,A,1129,112074,patient_disjoint,1,2,pituitary,0.283833765954972,0.2661583261167741,0.4500079079282539,2,pituitary,0.4500079079282539,919d6f0fb3ca462983d6df6ec06846e41abd9645
densenet121,A,1130,112074,patient_disjoint,1,2,pituitary,0.2848780232403045,0.0712285787714232,0.6438933979882723,2,pituitary,0.6438933979882723,919d6f0fb3ca462983d6df6ec06846e41abd9645
densenet121,A,1131,112074,patient_disjoint,1,2,pituitary,0.83968910005712,0.0079327901579115,0.1523781097849683,0,meningioma,0.83968910005712,919d6f0fb3ca462983d6df6ec06846e41abd9645
densenet121,A,1132,112074,patient_disjoint,1,2,pituitary,0.5761242074900973,0.0627130840895016,0.361162708420401,0,meningioma,0.5761242074900973,919d6f0fb3ca462983d6df6ec06846e41abd9645
densenet121,A,1133,112074,patient_disjoint,1,2,pituitary,0.0250905219451986,0.7740300550875482,0.2008794229672531,1,glioma,0.7740300550875482,919d6f0fb3ca462983d6df6ec06846e41abd9645
densenet121,A,1134,112649,patient_disjoint,5,2,pituitary,0.0001200493754062,0.0002089112867225,0.9996710393378714,2,pituitary,0.9996710393378714,919d6f0fb3ca462983d6df6ec06846e41abd9645
densenet121,A,1135,112649,patient_disjoint,5,2,pituitary,8.809434795019197e-05,0.0002282443175243,0.9996836613345256,2,pituitary,0.9996836613345256,919d6f0fb3ca462983d6df6ec06846e41abd9645
densenet121,A,1136,112649,patient_disjoint,5,2,pituitary,9.713523717874352e-05,0.0008024954467288,0.9991003693160924,2,pituitary,0.9991003693160924,919d6f0fb3ca462983d6df6ec06846e41abd9645
densenet121,A,1137,112649,patient_disjoint,5,2,pituitary,0.0001497394143445,0.0016752082733425,0.9981750523123128,2,pituitary,0.9981750523123128,919d6f0fb3ca462983d6df6ec06846e41abd9645
densenet121,A,1138,112649,patient_disjoint,5,2,pituitary,0.0004498037307272,0.0039164240049115,0.9956337722643612,2,pituitary,0.9956337722643612,919d6f0fb3ca462983d6df6ec06846e41abd9645
densenet121,A,1139,112649,patient_disjoint,5,2,pituitary,0.0002971439147956,0.0013779642864781,0.998324891798726,2,pituitary,0.998324891798726,919d6f0fb3ca462983d6df6ec06846e41abd9645
densenet121,A,1140,112746,patient_disjoint,1,2,pituitary,0.0015696837664522,0.0007670012797835,0.997663314953764,2,pituitary,0.997663314953764,919d6f0fb3ca462983d6df6ec06846e41abd9645
densenet121,A,1141,112746,patient_disjoint,1,2,pituitary,0.001159084177001,0.0002175971392093,0.9986233186837896,2,pituitary,0.9986233186837896,919d6f0fb3ca462983d6df6ec06846e41abd9645
densenet121,A,1142,112746,patient_disjoint,1,2,pituitary,0.0165053346467109,0.000884194177492,0.9826104711757968,2,pituitary,0.9826104711757968,919d6f0fb3ca462983d6df6ec06846e41abd9645
densenet121,A,1143,112746,patient_disjoint,1,2,pituitary,0.001570589835802,0.0010145387117641,0.997414871452434,2,pituitary,0.997414871452434,919d6f0fb3ca462983d6df6ec06846e41abd9645
densenet121,A,1144,112847,patient_disjoint,5,2,pituitary,7.886838944915767e-05,5.9629906602141525e-05,0.9998615017039488,2,pituitary,0.9998615017039488,919d6f0fb3ca462983d6df6ec06846e41abd9645
densenet121,A,1145,112847,patient_disjoint,5,2,pituitary,5.1641949918930295e-05,7.827775039419456e-05,0.9998700802996868,2,pituitary,0.9998700802996868,919d6f0fb3ca462983d6df6ec06846e41abd9645
densenet121,A,1146,112847,patient_disjoint,5,2,pituitary,0.000137029207056,0.0001608135210146,0.9997021572719296,2,pituitary,0.9997021572719296,919d6f0fb3ca462983d6df6ec06846e41abd9645
densenet121,A,1147,112847,patient_disjoint,5,2,pituitary,0.0001317138657881,0.0001889915904831,0.9996792945437284,2,pituitary,0.9996792945437284,919d6f0fb3ca462983d6df6ec06846e41abd9645
densenet121,A,1148,113274,patient_disjoint,3,2,pituitary,6.854655129952715e-05,6.331619656358404e-05,0.999868137252137,2,pituitary,0.999868137252137,919d6f0fb3ca462983d6df6ec06846e41abd9645
densenet121,A,1149,113274,patient_disjoint,3,2,pituitary,6.748152350479691e-05,0.0001429745444378,0.9997895439320572,2,pituitary,0.9997895439320572,919d6f0fb3ca462983d6df6ec06846e41abd9645
densenet121,A,1150,113274,patient_disjoint,3,2,pituitary,2.4635805894010793e-05,0.0002658366050409,0.999709527589065,2,pituitary,0.999709527589065,919d6f0fb3ca462983d6df6ec06846e41abd9645
densenet121,A,1151,113741,patient_disjoint,3,2,pituitary,7.773087666610474e-05,0.000105015399996,0.999817253723338,2,pituitary,0.999817253723338,919d6f0fb3ca462983d6df6ec06846e41abd9645
densenet121,A,1152,113741,patient_disjoint,3,2,pituitary,6.203602527066936e-05,9.853349710903825e-05,0.9998394304776204,2,pituitary,0.9998394304776204,919d6f0fb3ca462983d6df6ec06846e41abd9645
densenet121,A,1153,113741,patient_disjoint,3,2,pituitary,0.0001332047187634,0.0004040972530191,0.9994626980282174,2,pituitary,0.9994626980282174,919d6f0fb3ca462983d6df6ec06846e41abd9645
densenet121,A,1154,114040,patient_disjoint,4,2,pituitary,0.0007256586122075,0.0008080013872082,0.9984663400005842,2,pituitary,0.9984663400005842,919d6f0fb3ca462983d6df6ec06846e41abd9645
densenet121,A,1155,114040,patient_disjoint,4,2,pituitary,0.0017467787679895,0.0026037969048192,0.9956494243271912,2,pituitary,0.9956494243271912,919d6f0fb3ca462983d6df6ec06846e41abd9645
densenet121,A,1156,114040,patient_disjoint,4,2,pituitary,0.014370449493707,0.008048792078565,0.977580758427728,2,pituitary,0.977580758427728,919d6f0fb3ca462983d6df6ec06846e41abd9645
densenet121,A,1157,114361,patient_disjoint,4,2,pituitary,0.0003936794596219,0.0001596212683354,0.9994466992720424,2,pituitary,0.9994466992720424,919d6f0fb3ca462983d6df6ec06846e41abd9645
densenet121,A,1158,114361,patient_disjoint,4,2,pituitary,0.000161167879074,9.207342157795488e-05,0.999746758699348,2,pituitary,0.999746758699348,919d6f0fb3ca462983d6df6ec06846e41abd9645
densenet121,A,1159,114361,patient_disjoint,4,2,pituitary,0.0002699411593523,0.0002448475405507,0.9994852113000968,2,pituitary,0.9994852113000968,919d6f0fb3ca462983d6df6ec06846e41abd9645
densenet121,A,1160,114361,patient_disjoint,4,2,pituitary,0.0005723509787296,0.0004671605273869,0.9989604884938832,2,pituitary,0.9989604884938832,919d6f0fb3ca462983d6df6ec06846e41abd9645
densenet121,A,1161,114094,patient_disjoint,1,2,pituitary,0.0048407351550045,0.0023016537355432,0.992857611109452,2,pituitary,0.992857611109452,919d6f0fb3ca462983d6df6ec06846e41abd9645
densenet121,A,1162,114094,patient_disjoint,1,2,pituitary,0.0026923079033848,0.000295616390704,0.9970120757059112,2,pituitary,0.9970120757059112,919d6f0fb3ca462983d6df6ec06846e41abd9645
densenet121,A,1163,114094,patient_disjoint,1,2,pituitary,0.0008369634605158,6.773187109554714e-05,0.9990953046683884,2,pituitary,0.9990953046683884,919d6f0fb3ca462983d6df6ec06846e41abd9645
densenet121,A,1164,114094,patient_disjoint,1,2,pituitary,0.0030481207990785,0.0011105981693975,0.995841281031524,2,pituitary,0.995841281031524,919d6f0fb3ca462983d6df6ec06846e41abd9645
densenet121,A,1165,114094,patient_disjoint,1,2,pituitary,0.0005264754027008,0.0005449103509883,0.9989286142463109,2,pituitary,0.9989286142463109,919d6f0fb3ca462983d6df6ec06846e41abd9645
densenet121,A,1166,105936,patient_disjoint,5,2,pituitary,2.429354763309118e-05,6.805040397534596e-05,0.9999076560483916,2,pituitary,0.9999076560483916,919d6f0fb3ca462983d6df6ec06846e41abd9645
densenet121,A,1167,105936,patient_disjoint,5,2,pituitary,2.312784754869112e-05,9.354967966592943e-05,0.9998833224727852,2,pituitary,0.9998833224727852,919d6f0fb3ca462983d6df6ec06846e41abd9645
densenet121,A,1168,105936,patient_disjoint,5,2,pituitary,3.5123042739446594e-05,9.96585040892367e-05,0.9998652184531712,2,pituitary,0.9998652184531712,919d6f0fb3ca462983d6df6ec06846e41abd9645
densenet121,A,1169,106062,patient_disjoint,3,2,pituitary,0.0002404815566787,0.0001440268962932,0.999615491547028,2,pituitary,0.999615491547028,919d6f0fb3ca462983d6df6ec06846e41abd9645
densenet121,A,1170,106062,patient_disjoint,3,2,pituitary,0.0001381386496189,7.746910492825304e-05,0.9997843922454528,2,pituitary,0.9997843922454528,919d6f0fb3ca462983d6df6ec06846e41abd9645
densenet121,A,1171,106062,patient_disjoint,3,2,pituitary,0.0001143792422214,0.0001621773576366,0.999723443400142,2,pituitary,0.999723443400142,919d6f0fb3ca462983d6df6ec06846e41abd9645
densenet121,A,1172,106062,patient_disjoint,3,2,pituitary,0.0001875238771964,0.0004177709191169,0.9993947052036866,2,pituitary,0.9993947052036866,919d6f0fb3ca462983d6df6ec06846e41abd9645
densenet121,A,1173,106062,patient_disjoint,3,2,pituitary,0.0002013642162753,0.0001027915235746,0.99969584426015,2,pituitary,0.99969584426015,919d6f0fb3ca462983d6df6ec06846e41abd9645
densenet121,A,1174,106062,patient_disjoint,3,2,pituitary,0.0002347900518542,8.551829689406736e-05,0.9996796916512516,2,pituitary,0.9996796916512516,919d6f0fb3ca462983d6df6ec06846e41abd9645
densenet121,A,1175,106062,patient_disjoint,3,2,pituitary,0.008382991819036,0.0006355852311362,0.9909814229498276,2,pituitary,0.9909814229498276,919d6f0fb3ca462983d6df6ec06846e41abd9645
densenet121,A,1176,107495,patient_disjoint,3,2,pituitary,0.0002219558587904,0.0003645954143863,0.9994134487268234,2,pituitary,0.9994134487268234,919d6f0fb3ca462983d6df6ec06846e41abd9645
densenet121,A,1177,107495,patient_disjoint,3,2,pituitary,0.000177556920082,7.042850814400013e-05,0.999752014571774,2,pituitary,0.999752014571774,919d6f0fb3ca462983d6df6ec06846e41abd9645
densenet121,A,1178,107495,patient_disjoint,3,2,pituitary,0.0003438864416652,0.0001264851373156,0.9995296284210192,2,pituitary,0.9995296284210192,919d6f0fb3ca462983d6df6ec06846e41abd9645
densenet121,A,1179,107495,patient_disjoint,3,2,pituitary,0.0001067198803552,0.0001493948365937,0.999743885283051,2,pituitary,0.999743885283051,919d6f0fb3ca462983d6df6ec06846e41abd9645
densenet121,A,1180,107495,patient_disjoint,3,2,pituitary,0.0002318415507471,9.412285629845892e-05,0.9996740355929544,2,pituitary,0.9996740355929544,919d6f0fb3ca462983d6df6ec06846e41abd9645
densenet121,A,1181,107495,patient_disjoint,3,2,pituitary,0.0007971008609956,0.0003671182696169,0.9988357808693872,2,pituitary,0.9988357808693872,919d6f0fb3ca462983d6df6ec06846e41abd9645
densenet121,A,1182,107429,patient_disjoint,1,2,pituitary,0.0025813391358764,0.0005990468629882,0.9968196140011354,2,pituitary,0.9968196140011354,919d6f0fb3ca462983d6df6ec06846e41abd9645
densenet121,A,1183,107429,patient_disjoint,1,2,pituitary,0.0381608909639767,0.0008011231120644,0.9610379859239588,2,pituitary,0.9610379859239588,919d6f0fb3ca462983d6df6ec06846e41abd9645
densenet121,A,1184,107429,patient_disjoint,1,2,pituitary,0.0038406036310529,3.723315396526813e-05,0.9961221632149818,2,pituitary,0.9961221632149818,919d6f0fb3ca462983d6df6ec06846e41abd9645
densenet121,A,1185,107429,patient_disjoint,1,2,pituitary,9.747234464418573e-05,1.5986430469276106e-05,0.9998865412248866,2,pituitary,0.9998865412248866,919d6f0fb3ca462983d6df6ec06846e41abd9645
densenet121,A,1186,107429,patient_disjoint,1,2,pituitary,0.0005215701526881,3.2664909677526006e-05,0.9994457649376344,2,pituitary,0.9994457649376344,919d6f0fb3ca462983d6df6ec06846e41abd9645
densenet121,A,1187,107429,patient_disjoint,1,2,pituitary,0.0037076589555689,4.6825121256482936e-05,0.9962455159231748,2,pituitary,0.9962455159231748,919d6f0fb3ca462983d6df6ec06846e41abd9645
densenet121,A,1188,107429,patient_disjoint,1,2,pituitary,0.0076381972309747,0.0004635803785672,0.991898222390458,2,pituitary,0.991898222390458,919d6f0fb3ca462983d6df6ec06846e41abd9645
densenet121,A,1189,107505,patient_disjoint,5,2,pituitary,5.0173118163806806e-05,0.0003436964447989,0.9996061304370372,2,pituitary,0.9996061304370372,919d6f0fb3ca462983d6df6ec06846e41abd9645
densenet121,A,1190,107505,patient_disjoint,5,2,pituitary,6.489473682909354e-05,0.0002864423512523,0.9996486629119185,2,pituitary,0.9996486629119185,919d6f0fb3ca462983d6df6ec06846e41abd9645
densenet121,A,1191,107505,patient_disjoint,5,2,pituitary,8.223050347874278e-05,0.0004934574980713,0.9994243119984498,2,pituitary,0.9994243119984498,919d6f0fb3ca462983d6df6ec06846e41abd9645
densenet121,A,1192,107505,patient_disjoint,5,2,pituitary,1.2868249810675683e-05,4.397649773684854e-05,0.9999431552524524,2,pituitary,0.9999431552524524,919d6f0fb3ca462983d6df6ec06846e41abd9645
densenet121,A,1193,107505,patient_disjoint,5,2,pituitary,2.5479366281220304e-05,5.235373306948338e-05,0.9999221669006494,2,pituitary,0.9999221669006494,919d6f0fb3ca462983d6df6ec06846e41abd9645
densenet121,A,1194,107743,patient_disjoint,5,2,pituitary,2.6270545801319184e-05,9.414288301211344e-05,0.9998795865711866,2,pituitary,0.9998795865711866,919d6f0fb3ca462983d6df6ec06846e41abd9645
densenet121,A,1195,107743,patient_disjoint,5,2,pituitary,1.098741401088975e-05,3.7470188123222016e-05,0.999951542397866,2,pituitary,0.999951542397866,919d6f0fb3ca462983d6df6ec06846e41abd9645
densenet121,A,1196,107743,patient_disjoint,5,2,pituitary,4.969161489602818e-06,8.059209609238461e-06,0.9999869716289012,2,pituitary,0.9999869716289012,919d6f0fb3ca462983d6df6ec06846e41abd9645
densenet121,A,1197,107743,patient_disjoint,5,2,pituitary,3.455878738410622e-05,0.0001276484891996,0.9998377927234164,2,pituitary,0.9998377927234164,919d6f0fb3ca462983d6df6ec06846e41abd9645
densenet121,A,1198,108858,patient_disjoint,1,2,pituitary,0.0009423033722092,0.0033480398924163,0.9957096567353744,2,pituitary,0.9957096567353744,919d6f0fb3ca462983d6df6ec06846e41abd9645
densenet121,A,1199,108858,patient_disjoint,1,2,pituitary,0.0024850503877907,0.0003481797280805,0.9971667698841288,2,pituitary,0.9971667698841288,919d6f0fb3ca462983d6df6ec06846e41abd9645
densenet121,A,1200,108858,patient_disjoint,1,2,pituitary,0.0003461162432925,0.0001944137076667,0.9994594700490408,2,pituitary,0.9994594700490408,919d6f0fb3ca462983d6df6ec06846e41abd9645
densenet121,A,1201,108858,patient_disjoint,1,2,pituitary,0.0128828264984241,0.0001145452964859,0.98700262820509,2,pituitary,0.98700262820509,919d6f0fb3ca462983d6df6ec06846e41abd9645
densenet121,A,1202,108858,patient_disjoint,1,2,pituitary,0.0046193728512304,0.0014847164216817,0.9938959107270878,2,pituitary,0.9938959107270878,919d6f0fb3ca462983d6df6ec06846e41abd9645
densenet121,A,1203,108931,patient_disjoint,4,2,pituitary,4.5057568638514794e-05,8.943272423905895e-05,0.9998655097071224,2,pituitary,0.9998655097071224,919d6f0fb3ca462983d6df6ec06846e41abd9645
densenet121,A,1204,108931,patient_disjoint,4,2,pituitary,1.2611417798818111e-05,1.2771116175899516e-05,0.9999746174660252,2,pituitary,0.9999746174660252,919d6f0fb3ca462983d6df6ec06846e41abd9645
densenet121,A,1205,108931,patient_disjoint,4,2,pituitary,5.40743521413087e-05,0.0001002476927088,0.9998456779551498,2,pituitary,0.9998456779551498,919d6f0fb3ca462983d6df6ec06846e41abd9645
densenet121,A,1206,108931,patient_disjoint,4,2,pituitary,3.365380138876752e-05,5.593339892068401e-05,0.9999104127996906,2,pituitary,0.9999104127996906,919d6f0fb3ca462983d6df6ec06846e41abd9645
densenet121,A,1207,108931,patient_disjoint,4,2,pituitary,8.006145346855103e-05,0.0002040117498677,0.9997159267966638,2,pituitary,0.9997159267966638,919d6f0fb3ca462983d6df6ec06846e41abd9645
densenet121,A,1208,109471,patient_disjoint,3,2,pituitary,7.276023445493167e-05,7.402193460414386e-05,0.9998532178309408,2,pituitary,0.9998532178309408,919d6f0fb3ca462983d6df6ec06846e41abd9645
densenet121,A,1209,109471,patient_disjoint,3,2,pituitary,2.160054440363582e-05,1.740954479272035e-05,0.9999609899108036,2,pituitary,0.9999609899108036,919d6f0fb3ca462983d6df6ec06846e41abd9645
densenet121,A,1210,109471,patient_disjoint,3,2,pituitary,3.1624773214457e-05,4.051404158061362e-05,0.9999278611852048,2,pituitary,0.9999278611852048,919d6f0fb3ca462983d6df6ec06846e41abd9645
densenet121,A,1211,109471,patient_disjoint,3,2,pituitary,6.186301082516336e-05,1.6696471196812638e-05,0.999921440517978,2,pituitary,0.999921440517978,919d6f0fb3ca462983d6df6ec06846e41abd9645
densenet121,A,1212,109471,patient_disjoint,3,2,pituitary,4.224552635640251e-05,1.7266119987121266e-05,0.9999404883536565,2,pituitary,0.9999404883536565,919d6f0fb3ca462983d6df6ec06846e41abd9645
densenet121,A,1213,109471,patient_disjoint,3,2,pituitary,2.1195634028763335e-05,2.6891157596693488e-05,0.9999519132083744,2,pituitary,0.9999519132083744,919d6f0fb3ca462983d6df6ec06846e41abd9645
densenet121,A,1214,109769,patient_disjoint,2,2,pituitary,0.0001732990518141,0.0001505486006782,0.9996761523475076,2,pituitary,0.9996761523475076,919d6f0fb3ca462983d6df6ec06846e41abd9645
densenet121,A,1215,109769,patient_disjoint,2,2,pituitary,7.433179148147795e-05,2.7211066336493445e-05,0.999898457142182,2,pituitary,0.999898457142182,919d6f0fb3ca462983d6df6ec06846e41abd9645
densenet121,A,1216,109769,patient_disjoint,2,2,pituitary,0.0002145958805024,0.0003259367065784,0.999459467412919,2,pituitary,0.999459467412919,919d6f0fb3ca462983d6df6ec06846e41abd9645
densenet121,A,1217,109769,patient_disjoint,2,2,pituitary,0.0001271856982874,7.795878974511674e-05,0.9997948555119672,2,pituitary,0.9997948555119672,919d6f0fb3ca462983d6df6ec06846e41abd9645
densenet121,A,1218,109769,patient_disjoint,2,2,pituitary,0.0003977764466183,0.0002822415157716,0.99931998203761,2,pituitary,0.99931998203761,919d6f0fb3ca462983d6df6ec06846e41abd9645
densenet121,A,1219,109898,patient_disjoint,3,2,pituitary,0.0013200759263125,0.0001660607000599,0.9985138633736276,2,pituitary,0.9985138633736276,919d6f0fb3ca462983d6df6ec06846e41abd9645
densenet121,A,1220,109898,patient_disjoint,3,2,pituitary,0.0008308827991671,0.0028413344485898,0.996327782752243,2,pituitary,0.996327782752243,919d6f0fb3ca462983d6df6ec06846e41abd9645
densenet121,A,1221,109898,patient_disjoint,3,2,pituitary,0.0009530763208134,0.0280382888762648,0.9710086348029218,2,pituitary,0.9710086348029218,919d6f0fb3ca462983d6df6ec06846e41abd9645
densenet121,A,1222,110518,patient_disjoint,2,2,pituitary,0.0205406610223623,0.0005052005088131,0.9789541384688244,2,pituitary,0.9789541384688244,919d6f0fb3ca462983d6df6ec06846e41abd9645
densenet121,A,1223,110518,patient_disjoint,2,2,pituitary,0.0009762425041028,0.0005393117853772,0.99848444571052,2,pituitary,0.99848444571052,919d6f0fb3ca462983d6df6ec06846e41abd9645
densenet121,A,1224,110518,patient_disjoint,2,2,pituitary,0.0008334609124585,0.0001600254195907,0.9990065136679508,2,pituitary,0.9990065136679508,919d6f0fb3ca462983d6df6ec06846e41abd9645
densenet121,A,1225,110518,patient_disjoint,2,2,pituitary,0.0002155895389414,9.512045342844324e-05,0.99968929000763,2,pituitary,0.99968929000763,919d6f0fb3ca462983d6df6ec06846e41abd9645
densenet121,A,1226,110537,patient_disjoint,5,2,pituitary,9.545255791924228e-05,4.660741998822314e-05,0.9998579400220924,2,pituitary,0.9998579400220924,919d6f0fb3ca462983d6df6ec06846e41abd9645
densenet121,A,1227,110537,patient_disjoint,5,2,pituitary,8.513303912477137e-05,8.975768101538322e-05,0.99982510927986,2,pituitary,0.99982510927986,919d6f0fb3ca462983d6df6ec06846e41abd9645
densenet121,A,1228,110537,patient_disjoint,5,2,pituitary,0.0001694159160503,0.0001073067648921,0.9997232773190574,2,pituitary,0.9997232773190574,919d6f0fb3ca462983d6df6ec06846e41abd9645
densenet121,A,1229,110537,patient_disjoint,5,2,pituitary,0.0007579180408284,0.0019988960555436,0.997243185903628,2,pituitary,0.997243185903628,919d6f0fb3ca462983d6df6ec06846e41abd9645
densenet121,A,1230,110993,patient_disjoint,4,2,pituitary,2.9815659685879933e-05,1.0372481619427057e-05,0.9999598118586948,2,pituitary,0.9999598118586948,919d6f0fb3ca462983d6df6ec06846e41abd9645
densenet121,A,1231,110993,patient_disjoint,4,2,pituitary,8.036696073571744e-05,3.192983474205087e-05,0.999887703204522,2,pituitary,0.999887703204522,919d6f0fb3ca462983d6df6ec06846e41abd9645
densenet121,A,1232,110993,patient_disjoint,4,2,pituitary,1.6406630753204247e-05,9.444639589894644e-06,0.999974148729657,2,pituitary,0.999974148729657,919d6f0fb3ca462983d6df6ec06846e41abd9645
densenet121,A,1233,111075,patient_disjoint,2,2,pituitary,0.0005363117135675,0.0005042338946268,0.9989594543918056,2,pituitary,0.9989594543918056,919d6f0fb3ca462983d6df6ec06846e41abd9645
densenet121,A,1234,111075,patient_disjoint,2,2,pituitary,0.0004886482717052,0.0004591892483218,0.999052162479973,2,pituitary,0.999052162479973,919d6f0fb3ca462983d6df6ec06846e41abd9645
densenet121,A,1235,111075,patient_disjoint,2,2,pituitary,0.000712636866614,0.0002307487267884,0.9990566144065974,2,pituitary,0.9990566144065974,919d6f0fb3ca462983d6df6ec06846e41abd9645
densenet121,A,1236,111075,patient_disjoint,2,2,pituitary,0.0007128522641466,0.0013069326399189,0.9979802150959344,2,pituitary,0.9979802150959344,919d6f0fb3ca462983d6df6ec06846e41abd9645
densenet121,A,1237,111075,patient_disjoint,2,2,pituitary,0.0001592854865841,0.000127216682823,0.9997134978305928,2,pituitary,0.9997134978305928,919d6f0fb3ca462983d6df6ec06846e41abd9645
densenet121,A,1238,111125,patient_disjoint,5,2,pituitary,0.0001556794070533,8.186616172746996e-05,0.9997624544312192,2,pituitary,0.9997624544312192,919d6f0fb3ca462983d6df6ec06846e41abd9645
densenet121,A,1239,111125,patient_disjoint,5,2,pituitary,9.54842736904818e-05,0.000476195912649,0.9994283198136604,2,pituitary,0.9994283198136604,919d6f0fb3ca462983d6df6ec06846e41abd9645
densenet121,A,1240,111125,patient_disjoint,5,2,pituitary,5.68006051038139e-05,0.0001685137772205,0.9997746856176756,2,pituitary,0.9997746856176756,919d6f0fb3ca462983d6df6ec06846e41abd9645
densenet121,A,1241,111125,patient_disjoint,5,2,pituitary,0.0003311748692622,0.0005426273819077,0.99912619774883,2,pituitary,0.99912619774883,919d6f0fb3ca462983d6df6ec06846e41abd9645
densenet121,A,1242,111785,patient_disjoint,5,2,pituitary,9.6695265767291e-05,0.0005521087452741,0.9993511959889586,2,pituitary,0.9993511959889586,919d6f0fb3ca462983d6df6ec06846e41abd9645
densenet121,A,1243,111785,patient_disjoint,5,2,pituitary,0.0004835733180418,0.0014914320919254,0.9980249945900326,2,pituitary,0.9980249945900326,919d6f0fb3ca462983d6df6ec06846e41abd9645
densenet121,A,1244,111785,patient_disjoint,5,2,pituitary,6.268122845226622e-05,0.0002670280535009,0.9996702907180468,2,pituitary,0.9996702907180468,919d6f0fb3ca462983d6df6ec06846e41abd9645
densenet121,A,1245,111785,patient_disjoint,5,2,pituitary,0.0002516834347686,0.0014379666069516,0.9983103499582796,2,pituitary,0.9983103499582796,919d6f0fb3ca462983d6df6ec06846e41abd9645
densenet121,A,1246,112074,patient_disjoint,1,2,pituitary,0.7618846980454781,0.1200205283613643,0.1180947735931575,0,meningioma,0.7618846980454781,919d6f0fb3ca462983d6df6ec06846e41abd9645
densenet121,A,1247,112074,patient_disjoint,1,2,pituitary,0.9520523821213064,0.0055130863354203,0.0424345315432733,0,meningioma,0.9520523821213064,919d6f0fb3ca462983d6df6ec06846e41abd9645
densenet121,A,1248,112074,patient_disjoint,1,2,pituitary,0.6198740476545475,0.0033458112362583,0.3767801411091943,0,meningioma,0.6198740476545475,919d6f0fb3ca462983d6df6ec06846e41abd9645
densenet121,A,1249,112074,patient_disjoint,1,2,pituitary,0.9722660302790548,0.0002802025739747,0.0274537671469704,0,meningioma,0.9722660302790548,919d6f0fb3ca462983d6df6ec06846e41abd9645
densenet121,A,1250,112074,patient_disjoint,1,2,pituitary,0.5748093802556423,0.1942021652296494,0.2309884545147082,0,meningioma,0.5748093802556423,919d6f0fb3ca462983d6df6ec06846e41abd9645
densenet121,A,1251,112649,patient_disjoint,5,2,pituitary,8.703354544810649e-05,0.0004707060794593,0.9994422603750924,2,pituitary,0.9994422603750924,919d6f0fb3ca462983d6df6ec06846e41abd9645
densenet121,A,1252,112649,patient_disjoint,5,2,pituitary,9.51366822465498e-05,0.0003400902670955,0.999564773050658,2,pituitary,0.999564773050658,919d6f0fb3ca462983d6df6ec06846e41abd9645
densenet121,A,1253,112649,patient_disjoint,5,2,pituitary,0.0002571432330764,0.001969166049287,0.9977736907176364,2,pituitary,0.9977736907176364,919d6f0fb3ca462983d6df6ec06846e41abd9645
densenet121,A,1254,112649,patient_disjoint,5,2,pituitary,0.0002367003792177,0.0015295073966166,0.9982337922241656,2,pituitary,0.9982337922241656,919d6f0fb3ca462983d6df6ec06846e41abd9645
densenet121,A,1255,112649,patient_disjoint,5,2,pituitary,6.288201594929534e-05,0.0004872224929418,0.9994498954911089,2,pituitary,0.9994498954911089,919d6f0fb3ca462983d6df6ec06846e41abd9645
densenet121,A,1256,112746,patient_disjoint,1,2,pituitary,8.587920214581847e-05,3.095912415505797e-05,0.9998831616736992,2,pituitary,0.9998831616736992,919d6f0fb3ca462983d6df6ec06846e41abd9645
densenet121,A,1257,112746,patient_disjoint,1,2,pituitary,3.831551669030327e-05,2.681749286617355e-05,0.9999348669904436,2,pituitary,0.9999348669904436,919d6f0fb3ca462983d6df6ec06846e41abd9645
densenet121,A,1258,112746,patient_disjoint,1,2,pituitary,0.0003043475913421,0.0007046175211652,0.9989910348874924,2,pituitary,0.9989910348874924,919d6f0fb3ca462983d6df6ec06846e41abd9645
densenet121,A,1259,112746,patient_disjoint,1,2,pituitary,0.000673743150366,0.0003191986674048,0.9990070581822292,2,pituitary,0.9990070581822292,919d6f0fb3ca462983d6df6ec06846e41abd9645
densenet121,A,1260,112746,patient_disjoint,1,2,pituitary,0.0012569226667714,0.0022997071128608,0.9964433702203678,2,pituitary,0.9964433702203678,919d6f0fb3ca462983d6df6ec06846e41abd9645
densenet121,A,1261,112847,patient_disjoint,5,2,pituitary,5.3161370624731746e-05,1.6174330029147973e-05,0.999930664299346,2,pituitary,0.999930664299346,919d6f0fb3ca462983d6df6ec06846e41abd9645
densenet121,A,1262,112847,patient_disjoint,5,2,pituitary,0.0002311314427218,0.0008094707926173,0.9989593977646608,2,pituitary,0.9989593977646608,919d6f0fb3ca462983d6df6ec06846e41abd9645
densenet121,A,1263,112847,patient_disjoint,5,2,pituitary,0.0001252398680091,0.0004688779941086,0.9994058821378822,2,pituitary,0.9994058821378822,919d6f0fb3ca462983d6df6ec06846e41abd9645
densenet121,A,1264,112847,patient_disjoint,5,2,pituitary,8.17731986536632e-05,5.983800506061352e-05,0.9998583887962856,2,pituitary,0.9998583887962856,919d6f0fb3ca462983d6df6ec06846e41abd9645
densenet121,A,1265,112847,patient_disjoint,5,2,pituitary,3.291891059333049e-05,7.500765057809934e-05,0.9998920734388286,2,pituitary,0.9998920734388286,919d6f0fb3ca462983d6df6ec06846e41abd9645
densenet121,A,1266,113274,patient_disjoint,3,2,pituitary,0.0117497574719695,0.0637329307096331,0.9245173118183972,2,pituitary,0.9245173118183972,919d6f0fb3ca462983d6df6ec06846e41abd9645
densenet121,A,1267,113274,patient_disjoint,3,2,pituitary,0.0140972286330209,0.0533736176946208,0.9325291536723582,2,pituitary,0.9325291536723582,919d6f0fb3ca462983d6df6ec06846e41abd9645
densenet121,A,1268,113274,patient_disjoint,3,2,pituitary,0.0107631648909698,0.0183351359763531,0.9709016991326772,2,pituitary,0.9709016991326772,919d6f0fb3ca462983d6df6ec06846e41abd9645
densenet121,A,1269,113274,patient_disjoint,3,2,pituitary,0.0039056668384483,0.0031850697712119,0.9929092633903396,2,pituitary,0.9929092633903396,919d6f0fb3ca462983d6df6ec06846e41abd9645
densenet121,A,1270,113741,patient_disjoint,3,2,pituitary,0.0002460903428083,9.69468832633877e-05,0.999656962773928,2,pituitary,0.999656962773928,919d6f0fb3ca462983d6df6ec06846e41abd9645
densenet121,A,1271,113741,patient_disjoint,3,2,pituitary,0.0001660830512304,0.000215181649148,0.9996187352996216,2,pituitary,0.9996187352996216,919d6f0fb3ca462983d6df6ec06846e41abd9645
densenet121,A,1272,113741,patient_disjoint,3,2,pituitary,0.0002656714160788,0.0008136929179032,0.998920635666018,2,pituitary,0.998920635666018,919d6f0fb3ca462983d6df6ec06846e41abd9645
densenet121,A,1273,114040,patient_disjoint,4,2,pituitary,0.000683062547015,0.0011160011956993,0.9982009362572856,2,pituitary,0.9982009362572856,919d6f0fb3ca462983d6df6ec06846e41abd9645
densenet121,A,1274,114040,patient_disjoint,4,2,pituitary,0.0002858300822775,0.0010314632239744,0.998682706693748,2,pituitary,0.998682706693748,919d6f0fb3ca462983d6df6ec06846e41abd9645
densenet121,A,1275,114040,patient_disjoint,4,2,pituitary,0.0001533046598503,0.000207771022492,0.9996389243176576,2,pituitary,0.9996389243176576,919d6f0fb3ca462983d6df6ec06846e41abd9645
densenet121,A,1276,114361,patient_disjoint,4,2,pituitary,0.0001771275148438,1.4800778250777023e-05,0.9998080717069054,2,pituitary,0.9998080717069054,919d6f0fb3ca462983d6df6ec06846e41abd9645
densenet121,A,1277,114361,patient_disjoint,4,2,pituitary,0.0008939038282232,0.000286406661314,0.9988196895104628,2,pituitary,0.9988196895104628,919d6f0fb3ca462983d6df6ec06846e41abd9645
densenet121,A,1278,114361,patient_disjoint,4,2,pituitary,0.0001742013425646,0.0001140818342431,0.9997117168231922,2,pituitary,0.9997117168231922,919d6f0fb3ca462983d6df6ec06846e41abd9645
densenet121,A,1279,114094,patient_disjoint,1,2,pituitary,7.882147041943393e-05,0.0025574417717842,0.9973637367577962,2,pituitary,0.9973637367577962,919d6f0fb3ca462983d6df6ec06846e41abd9645
densenet121,A,1280,114094,patient_disjoint,1,2,pituitary,0.0001043562634351,0.000356727999957,0.999538915736608,2,pituitary,0.999538915736608,919d6f0fb3ca462983d6df6ec06846e41abd9645
densenet121,A,1281,114094,patient_disjoint,1,2,pituitary,0.0003010957031389,0.0003206052741319,0.9993782990227292,2,pituitary,0.9993782990227292,919d6f0fb3ca462983d6df6ec06846e41abd9645
densenet121,A,1282,114094,patient_disjoint,1,2,pituitary,0.0004994464138694,0.0014151220755939,0.9980854315105366,2,pituitary,0.9980854315105366,919d6f0fb3ca462983d6df6ec06846e41abd9645
densenet121,A,1283,101029,patient_disjoint,1,2,pituitary,0.0021370120999481,0.0084205196830077,0.989442468217044,2,pituitary,0.989442468217044,919d6f0fb3ca462983d6df6ec06846e41abd9645
densenet121,A,1284,101029,patient_disjoint,1,2,pituitary,0.0018430918944748,0.0046657566075645,0.9934911514979606,2,pituitary,0.9934911514979606,919d6f0fb3ca462983d6df6ec06846e41abd9645
densenet121,A,1285,101145,patient_disjoint,2,2,pituitary,0.0008160939914243,1.448614952790763e-05,0.9991694198590476,2,pituitary,0.9991694198590476,919d6f0fb3ca462983d6df6ec06846e41abd9645
densenet121,A,1286,101145,patient_disjoint,2,2,pituitary,0.0014396159882898,2.9081550103270084e-05,0.9985313024616068,2,pituitary,0.9985313024616068,919d6f0fb3ca462983d6df6ec06846e41abd9645
densenet121,A,1287,101145,patient_disjoint,2,2,pituitary,0.0007669970424614,2.7314415423185014e-05,0.9992056885421154,2,pituitary,0.9992056885421154,919d6f0fb3ca462983d6df6ec06846e41abd9645
densenet121,A,1288,101145,patient_disjoint,2,2,pituitary,0.0001596849083631,4.0672367981932014e-05,0.999799642723655,2,pituitary,0.999799642723655,919d6f0fb3ca462983d6df6ec06846e41abd9645
densenet121,A,1289,101305,patient_disjoint,3,2,pituitary,8.974782387390038e-05,0.0002237831848328,0.9996864689912932,2,pituitary,0.9996864689912932,919d6f0fb3ca462983d6df6ec06846e41abd9645
densenet121,A,1290,101305,patient_disjoint,3,2,pituitary,8.819944968301213e-05,0.0001456527765207,0.999766147773796,2,pituitary,0.999766147773796,919d6f0fb3ca462983d6df6ec06846e41abd9645
densenet121,A,1291,101305,patient_disjoint,3,2,pituitary,0.00013870626916,0.0001900430865457,0.9996712506442942,2,pituitary,0.9996712506442942,919d6f0fb3ca462983d6df6ec06846e41abd9645
densenet121,A,1292,101305,patient_disjoint,3,2,pituitary,0.0002618274753516,0.0002333385219518,0.9995048340026964,2,pituitary,0.9995048340026964,919d6f0fb3ca462983d6df6ec06846e41abd9645
densenet121,A,1293,101724,patient_disjoint,2,2,pituitary,0.00035719907474,8.765473069275046e-05,0.9995551461945672,2,pituitary,0.9995551461945672,919d6f0fb3ca462983d6df6ec06846e41abd9645
densenet121,A,1294,101724,patient_disjoint,2,2,pituitary,0.0008779681570929,0.0005317830491948,0.9985902487937122,2,pituitary,0.9985902487937122,919d6f0fb3ca462983d6df6ec06846e41abd9645
densenet121,A,1295,102648,patient_disjoint,2,2,pituitary,0.0128779296021648,0.5976749983839927,0.3894470720138425,1,glioma,0.5976749983839927,919d6f0fb3ca462983d6df6ec06846e41abd9645
densenet121,A,1296,102648,patient_disjoint,2,2,pituitary,0.0034511684767446,0.0362321048432942,0.9603167266799612,2,pituitary,0.9603167266799612,919d6f0fb3ca462983d6df6ec06846e41abd9645
densenet121,A,1297,102648,patient_disjoint,2,2,pituitary,0.0031117543727394,0.0244280251700581,0.9724602204572024,2,pituitary,0.9724602204572024,919d6f0fb3ca462983d6df6ec06846e41abd9645
densenet121,A,1298,102648,patient_disjoint,2,2,pituitary,0.0075031795070461,0.261621897027615,0.7308749234653389,2,pituitary,0.7308749234653389,919d6f0fb3ca462983d6df6ec06846e41abd9645
densenet121,A,1299,102648,patient_disjoint,2,2,pituitary,0.0093982667042637,0.0063399805525007,0.9842617527432356,2,pituitary,0.9842617527432356,919d6f0fb3ca462983d6df6ec06846e41abd9645
densenet121,A,1300,102648,patient_disjoint,2,2,pituitary,0.0227084939993877,0.4070707131762612,0.5702207928243509,2,pituitary,0.5702207928243509,919d6f0fb3ca462983d6df6ec06846e41abd9645
densenet121,A,1301,103046,patient_disjoint,2,2,pituitary,0.0004179932596045,5.477819807894335e-05,0.9995272285423163,2,pituitary,0.9995272285423163,919d6f0fb3ca462983d6df6ec06846e41abd9645
densenet121,A,1302,103046,patient_disjoint,2,2,pituitary,0.000343802078962,7.701930270066465e-05,0.9995791786183372,2,pituitary,0.9995791786183372,919d6f0fb3ca462983d6df6ec06846e41abd9645
densenet121,A,1303,103046,patient_disjoint,2,2,pituitary,0.0004128235679114,0.0001056111140542,0.9994815653180342,2,pituitary,0.9994815653180342,919d6f0fb3ca462983d6df6ec06846e41abd9645
densenet121,A,1304,103257,patient_disjoint,4,2,pituitary,0.0004044586320524,3.853864743596266e-05,0.9995570027205116,2,pituitary,0.9995570027205116,919d6f0fb3ca462983d6df6ec06846e41abd9645
densenet121,A,1305,103257,patient_disjoint,4,2,pituitary,0.0013866430624785,0.0001526729219701,0.9984606840155512,2,pituitary,0.9984606840155512,919d6f0fb3ca462983d6df6ec06846e41abd9645
densenet121,A,1306,103257,patient_disjoint,4,2,pituitary,0.0013938351166844,0.0001979148586587,0.9984082500246568,2,pituitary,0.9984082500246568,919d6f0fb3ca462983d6df6ec06846e41abd9645
densenet121,A,1307,103257,patient_disjoint,4,2,pituitary,0.0002449645596511,0.0001380164751623,0.9996170189651864,2,pituitary,0.9996170189651864,919d6f0fb3ca462983d6df6ec06846e41abd9645
densenet121,A,1308,103257,patient_disjoint,4,2,pituitary,0.0001540012901747,3.614531002736738e-05,0.999809853399798,2,pituitary,0.999809853399798,919d6f0fb3ca462983d6df6ec06846e41abd9645
densenet121,A,1309,103257,patient_disjoint,4,2,pituitary,0.0004998227513203,6.655250108261393e-05,0.9994336247475968,2,pituitary,0.9994336247475968,919d6f0fb3ca462983d6df6ec06846e41abd9645
densenet121,A,1310,103478,patient_disjoint,5,2,pituitary,0.0016212750132016,0.0002927895723021,0.9980859354144962,2,pituitary,0.9980859354144962,919d6f0fb3ca462983d6df6ec06846e41abd9645
densenet121,A,1311,103478,patient_disjoint,5,2,pituitary,0.0027183932612736,0.0004127714430587,0.9968688352956676,2,pituitary,0.9968688352956676,919d6f0fb3ca462983d6df6ec06846e41abd9645
densenet121,A,1312,103478,patient_disjoint,5,2,pituitary,0.0046378802790393,0.0002521987596775,0.9951099209612831,2,pituitary,0.9951099209612831,919d6f0fb3ca462983d6df6ec06846e41abd9645
densenet121,A,1313,103478,patient_disjoint,5,2,pituitary,0.0053307017471068,0.0026213446580379,0.9920479535948552,2,pituitary,0.9920479535948552,919d6f0fb3ca462983d6df6ec06846e41abd9645
densenet121,A,1314,103478,patient_disjoint,5,2,pituitary,0.0012844489505209,0.0050711392505308,0.993644411798948,2,pituitary,0.993644411798948,919d6f0fb3ca462983d6df6ec06846e41abd9645
densenet121,A,1315,103478,patient_disjoint,5,2,pituitary,0.0015244442185851,0.0031601157285687,0.995315440052846,2,pituitary,0.995315440052846,919d6f0fb3ca462983d6df6ec06846e41abd9645
densenet121,A,1316,103478,patient_disjoint,5,2,pituitary,0.0042898377743026,0.018868601854685,0.9768415603710124,2,pituitary,0.9768415603710124,919d6f0fb3ca462983d6df6ec06846e41abd9645
densenet121,A,1317,103582,patient_disjoint,3,2,pituitary,0.0012306614683767,0.000763920135533,0.9980054183960902,2,pituitary,0.9980054183960902,919d6f0fb3ca462983d6df6ec06846e41abd9645
densenet121,A,1318,103582,patient_disjoint,3,2,pituitary,0.0014010911573632,0.0009683598118911,0.9976305490307456,2,pituitary,0.9976305490307456,919d6f0fb3ca462983d6df6ec06846e41abd9645
densenet121,A,1319,103582,patient_disjoint,3,2,pituitary,0.0008736668348058,0.0001468967195164,0.9989794364456775,2,pituitary,0.9989794364456775,919d6f0fb3ca462983d6df6ec06846e41abd9645
densenet121,A,1320,103582,patient_disjoint,3,2,pituitary,0.000126899689454,2.4028983707665673e-05,0.9998490713268384,2,pituitary,0.9998490713268384,919d6f0fb3ca462983d6df6ec06846e41abd9645
densenet121,A,1321,103582,patient_disjoint,3,2,pituitary,0.0001285333030435,7.250035717667365e-05,0.9997989663397798,2,pituitary,0.9997989663397798,919d6f0fb3ca462983d6df6ec06846e41abd9645
densenet121,A,1322,103582,patient_disjoint,3,2,pituitary,0.000543348277022,0.0004236975388858,0.999032954184092,2,pituitary,0.999032954184092,919d6f0fb3ca462983d6df6ec06846e41abd9645
densenet121,A,1323,103670,patient_disjoint,5,2,pituitary,0.0001486690081735,0.0002817913780169,0.9995695396138092,2,pituitary,0.9995695396138092,919d6f0fb3ca462983d6df6ec06846e41abd9645
densenet121,A,1324,103670,patient_disjoint,5,2,pituitary,5.313427590665804e-05,6.20338578062774e-05,0.9998848318662872,2,pituitary,0.9998848318662872,919d6f0fb3ca462983d6df6ec06846e41abd9645
densenet121,A,1325,103670,patient_disjoint,5,2,pituitary,0.0001218125742448,0.0002360081319717,0.9996421792937834,2,pituitary,0.9996421792937834,919d6f0fb3ca462983d6df6ec06846e41abd9645
densenet121,A,1326,103671,patient_disjoint,1,2,pituitary,0.0288771373635687,0.1315212356457176,0.8396016269907136,2,pituitary,0.8396016269907136,919d6f0fb3ca462983d6df6ec06846e41abd9645
densenet121,A,1327,103671,patient_disjoint,1,2,pituitary,0.4482997466551369,0.0425111587362964,0.5091890946085667,2,pituitary,0.5091890946085667,919d6f0fb3ca462983d6df6ec06846e41abd9645
densenet121,A,1328,103671,patient_disjoint,1,2,pituitary,0.3096608520509109,0.0743089000468883,0.6160302479022008,2,pituitary,0.6160302479022008,919d6f0fb3ca462983d6df6ec06846e41abd9645
densenet121,A,1329,103671,patient_disjoint,1,2,pituitary,0.8369697349800419,0.0971224238056969,0.0659078412142613,0,meningioma,0.8369697349800419,919d6f0fb3ca462983d6df6ec06846e41abd9645
densenet121,A,1330,103731,patient_disjoint,4,2,pituitary,3.314210693211107e-05,1.2040568433108644e-05,0.9999548173246348,2,pituitary,0.9999548173246348,919d6f0fb3ca462983d6df6ec06846e41abd9645
densenet121,A,1331,103731,patient_disjoint,4,2,pituitary,0.0001218360820821,8.02564838447362e-05,0.9997979074340732,2,pituitary,0.9997979074340732,919d6f0fb3ca462983d6df6ec06846e41abd9645
densenet121,A,1332,103731,patient_disjoint,4,2,pituitary,0.000114792767572,4.408442431726206e-05,0.9998411228081108,2,pituitary,0.9998411228081108,919d6f0fb3ca462983d6df6ec06846e41abd9645
densenet121,A,1333,103731,patient_disjoint,4,2,pituitary,9.73489748109544e-05,0.0001786924017487,0.9997239586234402,2,pituitary,0.9997239586234402,919d6f0fb3ca462983d6df6ec06846e41abd9645
densenet121,A,1334,103731,patient_disjoint,4,2,pituitary,0.0002111456136833,0.0004373038578588,0.999351550528458,2,pituitary,0.999351550528458,919d6f0fb3ca462983d6df6ec06846e41abd9645
densenet121,A,1335,103731,patient_disjoint,4,2,pituitary,0.0001657809501296,0.0001771804101767,0.9996570386396936,2,pituitary,0.9996570386396936,919d6f0fb3ca462983d6df6ec06846e41abd9645
densenet121,A,1336,103731,patient_disjoint,4,2,pituitary,0.0002203634937156,0.001077770951238,0.9987018655550464,2,pituitary,0.9987018655550464,919d6f0fb3ca462983d6df6ec06846e41abd9645
densenet121,A,1337,103731,patient_disjoint,4,2,pituitary,0.0014817944528649,0.0044591692063228,0.9940590363408122,2,pituitary,0.9940590363408122,919d6f0fb3ca462983d6df6ec06846e41abd9645
densenet121,A,1338,103731,patient_disjoint,4,2,pituitary,0.007322130540809,0.0012784877576357,0.9913993817015552,2,pituitary,0.9913993817015552,919d6f0fb3ca462983d6df6ec06846e41abd9645
densenet121,A,1339,103731,patient_disjoint,4,2,pituitary,0.0002273160499538,0.0003642659289458,0.9994084180211004,2,pituitary,0.9994084180211004,919d6f0fb3ca462983d6df6ec06846e41abd9645
densenet121,A,1340,103837,patient_disjoint,2,2,pituitary,0.0006911176692431,5.239164975402016e-06,0.9993036431657816,2,pituitary,0.9993036431657816,919d6f0fb3ca462983d6df6ec06846e41abd9645
densenet121,A,1341,103837,patient_disjoint,2,2,pituitary,0.0005305664296433,5.93851116131682e-06,0.9994634950591954,2,pituitary,0.9994634950591954,919d6f0fb3ca462983d6df6ec06846e41abd9645
densenet121,A,1342,103837,patient_disjoint,2,2,pituitary,0.0004548918486811,7.851212343297657e-06,0.9995372569389754,2,pituitary,0.9995372569389754,919d6f0fb3ca462983d6df6ec06846e41abd9645
densenet121,A,1343,103837,patient_disjoint,2,2,pituitary,0.0004513220029075,2.4144667457215685e-05,0.9995245333296352,2,pituitary,0.9995245333296352,919d6f0fb3ca462983d6df6ec06846e41abd9645
densenet121,A,1344,103837,patient_disjoint,2,2,pituitary,0.0006893349877172,0.0001057944472926,0.9992048705649902,2,pituitary,0.9992048705649902,919d6f0fb3ca462983d6df6ec06846e41abd9645
densenet121,A,1345,103837,patient_disjoint,2,2,pituitary,0.0003934168188418,4.541335383443109e-05,0.9995611698273236,2,pituitary,0.9995611698273236,919d6f0fb3ca462983d6df6ec06846e41abd9645
densenet121,A,1346,103837,patient_disjoint,2,2,pituitary,0.0002350988365113,1.5009523944864918e-05,0.999749891639544,2,pituitary,0.999749891639544,919d6f0fb3ca462983d6df6ec06846e41abd9645
densenet121,A,1347,103837,patient_disjoint,2,2,pituitary,0.0002306731383644,1.877797442983324e-05,0.9997505488872056,2,pituitary,0.9997505488872056,919d6f0fb3ca462983d6df6ec06846e41abd9645
densenet121,A,1348,104019,patient_disjoint,4,2,pituitary,0.0001958229068581,0.0002575910488198,0.999546586044322,2,pituitary,0.999546586044322,919d6f0fb3ca462983d6df6ec06846e41abd9645
densenet121,A,1349,104019,patient_disjoint,4,2,pituitary,2.0772226450569054e-05,2.35728020591463e-05,0.9999556549714904,2,pituitary,0.9999556549714904,919d6f0fb3ca462983d6df6ec06846e41abd9645
densenet121,A,1350,104019,patient_disjoint,4,2,pituitary,0.0006306997971607,0.000294263427984,0.9990750367748552,2,pituitary,0.9990750367748552,919d6f0fb3ca462983d6df6ec06846e41abd9645
densenet121,A,1351,104019,patient_disjoint,4,2,pituitary,2.7668661925148126e-05,0.0001544194663123,0.9998179118717624,2,pituitary,0.9998179118717624,919d6f0fb3ca462983d6df6ec06846e41abd9645
densenet121,A,1352,104558,patient_disjoint,2,2,pituitary,0.0039192815917884,0.0028455481752981,0.9932351702329132,2,pituitary,0.9932351702329132,919d6f0fb3ca462983d6df6ec06846e41abd9645
densenet121,A,1353,104558,patient_disjoint,2,2,pituitary,0.0015215313910259,0.0005768641528603,0.9979016044561138,2,pituitary,0.9979016044561138,919d6f0fb3ca462983d6df6ec06846e41abd9645
densenet121,A,1354,104558,patient_disjoint,2,2,pituitary,0.0002825219180968,1.4448322865027456e-05,0.999703029759038,2,pituitary,0.999703029759038,919d6f0fb3ca462983d6df6ec06846e41abd9645
densenet121,A,1355,104558,patient_disjoint,2,2,pituitary,0.0002882084499592,5.975707289336635e-05,0.9996520344771472,2,pituitary,0.9996520344771472,919d6f0fb3ca462983d6df6ec06846e41abd9645
densenet121,A,1356,104558,patient_disjoint,2,2,pituitary,0.0469941691476786,0.0002530911469633,0.952752739705358,2,pituitary,0.952752739705358,919d6f0fb3ca462983d6df6ec06846e41abd9645
densenet121,A,1357,104558,patient_disjoint,2,2,pituitary,0.0192475095111457,0.0001786837441909,0.9805738067446632,2,pituitary,0.9805738067446632,919d6f0fb3ca462983d6df6ec06846e41abd9645
densenet121,A,1358,104558,patient_disjoint,2,2,pituitary,0.3250419055350059,0.0016742055413653,0.6732838889236288,2,pituitary,0.6732838889236288,919d6f0fb3ca462983d6df6ec06846e41abd9645
densenet121,A,1359,104558,patient_disjoint,2,2,pituitary,0.007201673966687,0.0002281089077054,0.9925702171256074,2,pituitary,0.9925702171256074,919d6f0fb3ca462983d6df6ec06846e41abd9645
densenet121,A,1360,104684,patient_disjoint,3,2,pituitary,0.0002772098926049,3.2234675368750315e-05,0.9996905554320265,2,pituitary,0.9996905554320265,919d6f0fb3ca462983d6df6ec06846e41abd9645
densenet121,A,1361,104684,patient_disjoint,3,2,pituitary,0.0004552123050729,0.0001088758857975,0.9994359118091296,2,pituitary,0.9994359118091296,919d6f0fb3ca462983d6df6ec06846e41abd9645
densenet121,A,1362,104684,patient_disjoint,3,2,pituitary,0.0003863766655235,2.1787475315481273e-05,0.9995918358591608,2,pituitary,0.9995918358591608,919d6f0fb3ca462983d6df6ec06846e41abd9645
densenet121,A,1363,104684,patient_disjoint,3,2,pituitary,0.0003302795083061,9.32060425376572e-06,0.9996603998874402,2,pituitary,0.9996603998874402,919d6f0fb3ca462983d6df6ec06846e41abd9645
densenet121,A,1364,104684,patient_disjoint,3,2,pituitary,0.0002744601752141,1.415641750593122e-05,0.9997113834072798,2,pituitary,0.9997113834072798,919d6f0fb3ca462983d6df6ec06846e41abd9645
densenet121,A,1365,104684,patient_disjoint,3,2,pituitary,0.0014737433174021,0.0001722197037382,0.9983540369788596,2,pituitary,0.9983540369788596,919d6f0fb3ca462983d6df6ec06846e41abd9645
densenet121,A,1366,104684,patient_disjoint,3,2,pituitary,0.0006955008881467,0.0001090310647767,0.9991954680470764,2,pituitary,0.9991954680470764,919d6f0fb3ca462983d6df6ec06846e41abd9645
densenet121,A,1367,104684,patient_disjoint,3,2,pituitary,0.00045694640219,0.0002030393526529,0.999340014245157,2,pituitary,0.999340014245157,919d6f0fb3ca462983d6df6ec06846e41abd9645
densenet121,A,1368,104684,patient_disjoint,3,2,pituitary,0.0010632093158964,0.0002462469421668,0.9986905437419368,2,pituitary,0.9986905437419368,919d6f0fb3ca462983d6df6ec06846e41abd9645
densenet121,A,1369,104912,patient_disjoint,5,2,pituitary,0.0003169626282323,0.0001623711583551,0.9995206662134124,2,pituitary,0.9995206662134124,919d6f0fb3ca462983d6df6ec06846e41abd9645
densenet121,A,1370,104912,patient_disjoint,5,2,pituitary,0.0002624567596056,0.0003729094247763,0.999364633815618,2,pituitary,0.999364633815618,919d6f0fb3ca462983d6df6ec06846e41abd9645
densenet121,A,1371,104912,patient_disjoint,5,2,pituitary,0.0002127052215726,0.0003895230436166,0.9993977717348108,2,pituitary,0.9993977717348108,919d6f0fb3ca462983d6df6ec06846e41abd9645
densenet121,A,1372,104912,patient_disjoint,5,2,pituitary,0.0001320613670311,0.0002562647354944,0.9996116738974744,2,pituitary,0.9996116738974744,919d6f0fb3ca462983d6df6ec06846e41abd9645
densenet121,A,1373,104912,patient_disjoint,5,2,pituitary,0.0001205538310489,0.0002823314995638,0.9995971146693872,2,pituitary,0.9995971146693872,919d6f0fb3ca462983d6df6ec06846e41abd9645
densenet121,A,1374,105187,patient_disjoint,1,2,pituitary,0.0001445429304847,0.0001932711967736,0.9996621858727416,2,pituitary,0.9996621858727416,919d6f0fb3ca462983d6df6ec06846e41abd9645
densenet121,A,1375,105187,patient_disjoint,1,2,pituitary,9.875746636391944e-05,6.730778242494682e-05,0.9998339347512112,2,pituitary,0.9998339347512112,919d6f0fb3ca462983d6df6ec06846e41abd9645
densenet121,A,1376,105187,patient_disjoint,1,2,pituitary,0.0020745350049743,0.000193262649224,0.9977322023458016,2,pituitary,0.9977322023458016,919d6f0fb3ca462983d6df6ec06846e41abd9645
densenet121,A,1377,105187,patient_disjoint,1,2,pituitary,0.0002321321764737,0.0004106584189532,0.9993572094045732,2,pituitary,0.9993572094045732,919d6f0fb3ca462983d6df6ec06846e41abd9645
densenet121,A,1378,105475,patient_disjoint,1,2,pituitary,0.004014842630586,0.003719737809081,0.992265419560333,2,pituitary,0.992265419560333,919d6f0fb3ca462983d6df6ec06846e41abd9645
densenet121,A,1379,105475,patient_disjoint,1,2,pituitary,0.0085431406113482,0.0206814761730881,0.9707753832155636,2,pituitary,0.9707753832155636,919d6f0fb3ca462983d6df6ec06846e41abd9645
densenet121,A,1380,105538,patient_disjoint,4,2,pituitary,0.9182020079316888,0.0146131249165833,0.0671848671517277,0,meningioma,0.9182020079316888,919d6f0fb3ca462983d6df6ec06846e41abd9645
densenet121,A,1381,105538,patient_disjoint,4,2,pituitary,0.3515560886008115,0.0080289589063152,0.6404149524928731,2,pituitary,0.6404149524928731,919d6f0fb3ca462983d6df6ec06846e41abd9645
densenet121,A,1382,105538,patient_disjoint,4,2,pituitary,0.1008165289158695,0.0176328195603452,0.8815506515237851,2,pituitary,0.8815506515237851,919d6f0fb3ca462983d6df6ec06846e41abd9645
densenet121,A,1383,105638,patient_disjoint,4,2,pituitary,0.0022887145810378,0.0001905962257852,0.9975206891931768,2,pituitary,0.9975206891931768,919d6f0fb3ca462983d6df6ec06846e41abd9645
densenet121,A,1384,105638,patient_disjoint,4,2,pituitary,0.0018541003555303,0.0010598908481823,0.9970860087962874,2,pituitary,0.9970860087962874,919d6f0fb3ca462983d6df6ec06846e41abd9645
densenet121,A,1385,105638,patient_disjoint,4,2,pituitary,0.0005537520717245,0.0003143231752781,0.9991319247529972,2,pituitary,0.9991319247529972,919d6f0fb3ca462983d6df6ec06846e41abd9645
densenet121,A,1386,97416,patient_disjoint,4,2,pituitary,0.0011436091474889,0.0004935527943459,0.9983628380581652,2,pituitary,0.9983628380581652,919d6f0fb3ca462983d6df6ec06846e41abd9645
densenet121,A,1387,97416,patient_disjoint,4,2,pituitary,0.0004720130085459,0.0002668145520739,0.9992611724393802,2,pituitary,0.9992611724393802,919d6f0fb3ca462983d6df6ec06846e41abd9645
densenet121,A,1388,97416,patient_disjoint,4,2,pituitary,0.0003975966150501,0.0001014826089345,0.9995009207760154,2,pituitary,0.9995009207760154,919d6f0fb3ca462983d6df6ec06846e41abd9645
densenet121,A,1389,97416,patient_disjoint,4,2,pituitary,0.0007648060356979,8.086895914795852e-05,0.999154325005154,2,pituitary,0.999154325005154,919d6f0fb3ca462983d6df6ec06846e41abd9645
densenet121,A,1390,97416,patient_disjoint,4,2,pituitary,0.0084132487858982,0.0013610717897198,0.990225679424382,2,pituitary,0.990225679424382,919d6f0fb3ca462983d6df6ec06846e41abd9645
densenet121,A,1391,97416,patient_disjoint,4,2,pituitary,0.0027425575874154,0.0005398152389956,0.9967176271735888,2,pituitary,0.9967176271735888,919d6f0fb3ca462983d6df6ec06846e41abd9645
densenet121,A,1392,97416,patient_disjoint,4,2,pituitary,0.0053501197197171,0.0006647634855053,0.9939851167947776,2,pituitary,0.9939851167947776,919d6f0fb3ca462983d6df6ec06846e41abd9645
densenet121,A,1393,97416,patient_disjoint,4,2,pituitary,0.0047932407571317,0.0007160569535309,0.9944907022893372,2,pituitary,0.9944907022893372,919d6f0fb3ca462983d6df6ec06846e41abd9645
densenet121,A,1394,97416,patient_disjoint,4,2,pituitary,0.0003050646870913,0.0014529551467432,0.9982419801661652,2,pituitary,0.9982419801661652,919d6f0fb3ca462983d6df6ec06846e41abd9645
densenet121,A,1395,97461,patient_disjoint,3,2,pituitary,0.0003402512726292,0.0001373477448542,0.9995224009825164,2,pituitary,0.9995224009825164,919d6f0fb3ca462983d6df6ec06846e41abd9645
densenet121,A,1396,97461,patient_disjoint,3,2,pituitary,0.0002028145627308,0.0001431390281556,0.9996540464091134,2,pituitary,0.9996540464091134,919d6f0fb3ca462983d6df6ec06846e41abd9645
densenet121,A,1397,97461,patient_disjoint,3,2,pituitary,3.934933854629515e-05,6.129225734676247e-05,0.9998993584041068,2,pituitary,0.9998993584041068,919d6f0fb3ca462983d6df6ec06846e41abd9645
densenet121,A,1398,97461,patient_disjoint,3,2,pituitary,0.000167087658644,0.0002932533569872,0.9995396589843688,2,pituitary,0.9995396589843688,919d6f0fb3ca462983d6df6ec06846e41abd9645
densenet121,A,1399,97461,patient_disjoint,3,2,pituitary,0.0002098815132445,0.0003618925139918,0.9994282259727636,2,pituitary,0.9994282259727636,919d6f0fb3ca462983d6df6ec06846e41abd9645
densenet121,A,1400,97461,patient_disjoint,3,2,pituitary,0.0004681179962987,0.0004064135819089,0.9991254684217924,2,pituitary,0.9991254684217924,919d6f0fb3ca462983d6df6ec06846e41abd9645
densenet121,A,1401,97461,patient_disjoint,3,2,pituitary,4.066368231395128e-05,2.5910448135421866e-05,0.9999334258695506,2,pituitary,0.9999334258695506,919d6f0fb3ca462983d6df6ec06846e41abd9645
densenet121,A,1402,97461,patient_disjoint,3,2,pituitary,2.113760904954101e-05,6.176435464665253e-05,0.9999170980363038,2,pituitary,0.9999170980363038,919d6f0fb3ca462983d6df6ec06846e41abd9645
densenet121,A,1403,97461,patient_disjoint,3,2,pituitary,3.904599989284651e-05,0.0003313229385384,0.9996296310615688,2,pituitary,0.9996296310615688,919d6f0fb3ca462983d6df6ec06846e41abd9645
densenet121,A,1404,97481,patient_disjoint,2,2,pituitary,0.0017217432813719,0.000522289345938,0.99775596737269,2,pituitary,0.99775596737269,919d6f0fb3ca462983d6df6ec06846e41abd9645
densenet121,A,1405,97481,patient_disjoint,2,2,pituitary,0.0003943302782159,9.673582565915608e-05,0.9995089338961248,2,pituitary,0.9995089338961248,919d6f0fb3ca462983d6df6ec06846e41abd9645
densenet121,A,1406,97481,patient_disjoint,2,2,pituitary,0.0015008972018788,0.0005997843734374,0.9978993184246836,2,pituitary,0.9978993184246836,919d6f0fb3ca462983d6df6ec06846e41abd9645
densenet121,A,1407,97481,patient_disjoint,2,2,pituitary,0.0012879626156785,0.0002802700172057,0.9984317673671158,2,pituitary,0.9984317673671158,919d6f0fb3ca462983d6df6ec06846e41abd9645
densenet121,A,1408,97599,patient_disjoint,2,2,pituitary,0.1018447968928791,0.001497238666544,0.8966579644405769,2,pituitary,0.8966579644405769,919d6f0fb3ca462983d6df6ec06846e41abd9645
densenet121,A,1409,97599,patient_disjoint,2,2,pituitary,0.0873110061927434,0.0010383587005312,0.9116506351067252,2,pituitary,0.9116506351067252,919d6f0fb3ca462983d6df6ec06846e41abd9645
densenet121,A,1410,97890,patient_disjoint,1,2,pituitary,0.0039469607188234,0.0057263578223139,0.9903266814588624,2,pituitary,0.9903266814588624,919d6f0fb3ca462983d6df6ec06846e41abd9645
densenet121,A,1411,97890,patient_disjoint,1,2,pituitary,0.0067801321716933,0.0588478695252183,0.9343719983030884,2,pituitary,0.9343719983030884,919d6f0fb3ca462983d6df6ec06846e41abd9645
densenet121,A,1412,97890,patient_disjoint,1,2,pituitary,0.0020649237196922,0.04763157928574,0.9503034969945676,2,pituitary,0.9503034969945676,919d6f0fb3ca462983d6df6ec06846e41abd9645
densenet121,A,1413,97890,patient_disjoint,1,2,pituitary,0.0023913339517248,0.0111658678258555,0.9864427982224196,2,pituitary,0.9864427982224196,919d6f0fb3ca462983d6df6ec06846e41abd9645
densenet121,A,1414,98472,patient_disjoint,3,2,pituitary,0.0002655147000529,5.761451414072231e-05,0.9996768707858062,2,pituitary,0.9996768707858062,919d6f0fb3ca462983d6df6ec06846e41abd9645
densenet121,A,1415,98472,patient_disjoint,3,2,pituitary,0.0005331115791122,9.056878245384848e-05,0.999376319638434,2,pituitary,0.999376319638434,919d6f0fb3ca462983d6df6ec06846e41abd9645
densenet121,A,1416,98472,patient_disjoint,3,2,pituitary,0.0008341588223489,0.0001970337871322,0.9989688073905189,2,pituitary,0.9989688073905189,919d6f0fb3ca462983d6df6ec06846e41abd9645
densenet121,A,1417,98472,patient_disjoint,3,2,pituitary,0.0009218110532973,0.000111530724514,0.9989666582221888,2,pituitary,0.9989666582221888,919d6f0fb3ca462983d6df6ec06846e41abd9645
densenet121,A,1418,98472,patient_disjoint,3,2,pituitary,0.4462577387840052,0.0013740332770167,0.5523682279389781,2,pituitary,0.5523682279389781,919d6f0fb3ca462983d6df6ec06846e41abd9645
densenet121,A,1419,98472,patient_disjoint,3,2,pituitary,0.3623760676463338,0.0006902778790978,0.6369336544745684,2,pituitary,0.6369336544745684,919d6f0fb3ca462983d6df6ec06846e41abd9645
densenet121,A,1420,98472,patient_disjoint,3,2,pituitary,0.0008651113233202,0.0003024603957821,0.9988324282808976,2,pituitary,0.9988324282808976,919d6f0fb3ca462983d6df6ec06846e41abd9645
densenet121,A,1421,98652,patient_disjoint,3,2,pituitary,0.0004030804528015,9.159499482863228e-05,0.9995053245523698,2,pituitary,0.9995053245523698,919d6f0fb3ca462983d6df6ec06846e41abd9645
densenet121,A,1422,98652,patient_disjoint,3,2,pituitary,0.000363424495783,0.0001101569640819,0.9995264185401352,2,pituitary,0.9995264185401352,919d6f0fb3ca462983d6df6ec06846e41abd9645
densenet121,A,1423,98652,patient_disjoint,3,2,pituitary,0.0008072443381661,0.0001476971523831,0.9990450585094508,2,pituitary,0.9990450585094508,919d6f0fb3ca462983d6df6ec06846e41abd9645
densenet121,A,1424,98871,patient_disjoint,4,2,pituitary,0.000412251866934,0.0014810396539507,0.9981067084791152,2,pituitary,0.9981067084791152,919d6f0fb3ca462983d6df6ec06846e41abd9645
densenet121,A,1425,98871,patient_disjoint,4,2,pituitary,0.0002796882668869,0.0006563529662977,0.9990639587668152,2,pituitary,0.9990639587668152,919d6f0fb3ca462983d6df6ec06846e41abd9645
densenet121,A,1426,98871,patient_disjoint,4,2,pituitary,7.397285817253492e-05,9.300961416951294e-05,0.999833017527658,2,pituitary,0.999833017527658,919d6f0fb3ca462983d6df6ec06846e41abd9645
densenet121,A,1427,98871,patient_disjoint,4,2,pituitary,8.493065229716638e-05,0.0004179110817113,0.9994971582659916,2,pituitary,0.9994971582659916,919d6f0fb3ca462983d6df6ec06846e41abd9645
densenet121,A,1428,98871,patient_disjoint,4,2,pituitary,4.583778631021171e-05,7.244437642647468e-05,0.9998817178372634,2,pituitary,0.9998817178372634,919d6f0fb3ca462983d6df6ec06846e41abd9645
densenet121,A,1429,98871,patient_disjoint,4,2,pituitary,4.414516015344565e-05,6.500824696047263e-05,0.999890846592886,2,pituitary,0.999890846592886,919d6f0fb3ca462983d6df6ec06846e41abd9645
densenet121,A,1430,98874,patient_disjoint,1,2,pituitary,0.0031687340920761,0.0045828984591082,0.9922483674488156,2,pituitary,0.9922483674488156,919d6f0fb3ca462983d6df6ec06846e41abd9645
densenet121,A,1431,98874,patient_disjoint,1,2,pituitary,0.0011636427368117,0.0047478754876437,0.9940884817755444,2,pituitary,0.9940884817755444,919d6f0fb3ca462983d6df6ec06846e41abd9645
densenet121,A,1432,98874,patient_disjoint,1,2,pituitary,0.0025548837477158,0.0057451749272612,0.991699941325023,2,pituitary,0.991699941325023,919d6f0fb3ca462983d6df6ec06846e41abd9645
densenet121,A,1433,98874,patient_disjoint,1,2,pituitary,0.003008343643821,0.0018563067968524,0.9951353495593266,2,pituitary,0.9951353495593266,919d6f0fb3ca462983d6df6ec06846e41abd9645
densenet121,A,1434,98874,patient_disjoint,1,2,pituitary,0.0009509810302439,0.008181929244344,0.990867089725412,2,pituitary,0.990867089725412,919d6f0fb3ca462983d6df6ec06846e41abd9645
densenet121,A,1435,98992,patient_disjoint,5,2,pituitary,0.0379696594994892,0.0011726007842968,0.960857739716214,2,pituitary,0.960857739716214,919d6f0fb3ca462983d6df6ec06846e41abd9645
densenet121,A,1436,98992,patient_disjoint,5,2,pituitary,0.0283364581531482,0.0056311222424192,0.9660324196044324,2,pituitary,0.9660324196044324,919d6f0fb3ca462983d6df6ec06846e41abd9645
densenet121,A,1437,98992,patient_disjoint,5,2,pituitary,0.0035421798875712,0.0010254237111159,0.9954323964013128,2,pituitary,0.9954323964013128,919d6f0fb3ca462983d6df6ec06846e41abd9645
densenet121,A,1438,98992,patient_disjoint,5,2,pituitary,0.0004963087815094,0.0001630911075261,0.9993406001109644,2,pituitary,0.9993406001109644,919d6f0fb3ca462983d6df6ec06846e41abd9645
densenet121,A,1439,98992,patient_disjoint,5,2,pituitary,0.1623511954714228,0.0493276587994754,0.7883211457291016,2,pituitary,0.7883211457291016,919d6f0fb3ca462983d6df6ec06846e41abd9645
densenet121,A,1440,98992,patient_disjoint,5,2,pituitary,0.1043860111815834,0.3607969040650277,0.5348170847533888,2,pituitary,0.5348170847533888,919d6f0fb3ca462983d6df6ec06846e41abd9645
densenet121,A,1441,98992,patient_disjoint,5,2,pituitary,0.0443478656002295,0.0988550117740843,0.8567971226256861,2,pituitary,0.8567971226256861,919d6f0fb3ca462983d6df6ec06846e41abd9645
densenet121,A,1442,98995,patient_disjoint,4,2,pituitary,0.0001055167767199,1.208368357493946e-05,0.999882399539705,2,pituitary,0.999882399539705,919d6f0fb3ca462983d6df6ec06846e41abd9645
densenet121,A,1443,98995,patient_disjoint,4,2,pituitary,0.0011823705766571,5.9489651252244826e-05,0.9987581397720906,2,pituitary,0.9987581397720906,919d6f0fb3ca462983d6df6ec06846e41abd9645
densenet121,A,1444,98995,patient_disjoint,4,2,pituitary,0.0003628517409028,4.576855050123433e-05,0.999591379708596,2,pituitary,0.999591379708596,919d6f0fb3ca462983d6df6ec06846e41abd9645
densenet121,A,1445,98995,patient_disjoint,4,2,pituitary,0.0023270886360229,7.817320381179663e-05,0.9975947381601652,2,pituitary,0.9975947381601652,919d6f0fb3ca462983d6df6ec06846e41abd9645
densenet121,A,1446,98995,patient_disjoint,4,2,pituitary,0.0143776105129214,0.000249107384022,0.9853732821030564,2,pituitary,0.9853732821030564,919d6f0fb3ca462983d6df6ec06846e41abd9645
densenet121,A,1447,99223,patient_disjoint,1,2,pituitary,0.0892439529971182,0.0215381643090055,0.8892178826938762,2,pituitary,0.8892178826938762,919d6f0fb3ca462983d6df6ec06846e41abd9645
densenet121,A,1448,99223,patient_disjoint,1,2,pituitary,0.036067509803406,0.0148568898034573,0.9490756003931364,2,pituitary,0.9490756003931364,919d6f0fb3ca462983d6df6ec06846e41abd9645
densenet121,A,1449,99223,patient_disjoint,1,2,pituitary,0.3671523306670883,0.0049783076085184,0.6278693617243932,2,pituitary,0.6278693617243932,919d6f0fb3ca462983d6df6ec06846e41abd9645
densenet121,A,1450,99223,patient_disjoint,1,2,pituitary,0.0102529693500542,0.0070971857825068,0.982649844867439,2,pituitary,0.982649844867439,919d6f0fb3ca462983d6df6ec06846e41abd9645
densenet121,A,1451,99223,patient_disjoint,1,2,pituitary,0.0056984688363452,0.0202215432031969,0.9740799879604576,2,pituitary,0.9740799879604576,919d6f0fb3ca462983d6df6ec06846e41abd9645
densenet121,A,1452,99223,patient_disjoint,1,2,pituitary,0.0414488725894532,0.0765203060555251,0.8820308213550216,2,pituitary,0.8820308213550216,919d6f0fb3ca462983d6df6ec06846e41abd9645
densenet121,A,1453,99223,patient_disjoint,1,2,pituitary,0.0014008101841116,0.0029879236645353,0.9956112661513532,2,pituitary,0.9956112661513532,919d6f0fb3ca462983d6df6ec06846e41abd9645
densenet121,A,1454,99223,patient_disjoint,1,2,pituitary,0.0041899605581586,0.0021697308190073,0.993640308622834,2,pituitary,0.993640308622834,919d6f0fb3ca462983d6df6ec06846e41abd9645
densenet121,A,1455,99223,patient_disjoint,1,2,pituitary,0.0003133988466427,0.0007072013145227,0.9989793998388344,2,pituitary,0.9989793998388344,919d6f0fb3ca462983d6df6ec06846e41abd9645
densenet121,A,1456,101017,patient_disjoint,2,2,pituitary,5.7591894615348535e-05,0.000266016854875,0.9996763912505096,2,pituitary,0.9996763912505096,919d6f0fb3ca462983d6df6ec06846e41abd9645
densenet121,A,1457,101017,patient_disjoint,2,2,pituitary,6.052088665551255e-05,0.0001430565100982,0.9997964226032464,2,pituitary,0.9997964226032464,919d6f0fb3ca462983d6df6ec06846e41abd9645
densenet121,A,1458,101017,patient_disjoint,2,2,pituitary,5.1897458402357415e-05,0.0001400113029399,0.9998080912386575,2,pituitary,0.9998080912386575,919d6f0fb3ca462983d6df6ec06846e41abd9645
densenet121,A,1459,101017,patient_disjoint,2,2,pituitary,0.0001512874149671,0.0005802500076384,0.9992684625773944,2,pituitary,0.9992684625773944,919d6f0fb3ca462983d6df6ec06846e41abd9645
densenet121,A,1460,101017,patient_disjoint,2,2,pituitary,9.337553664406583e-05,0.0001057784807343,0.9998008459826216,2,pituitary,0.9998008459826216,919d6f0fb3ca462983d6df6ec06846e41abd9645
densenet121,A,1461,101017,patient_disjoint,2,2,pituitary,0.0006495062521883,0.0007398323282688,0.9986106614195428,2,pituitary,0.9986106614195428,919d6f0fb3ca462983d6df6ec06846e41abd9645
densenet121,A,1462,101029,patient_disjoint,1,2,pituitary,7.273103601727265e-06,3.707926255468447e-06,0.9999890189701428,2,pituitary,0.9999890189701428,919d6f0fb3ca462983d6df6ec06846e41abd9645
densenet121,A,1463,101029,patient_disjoint,1,2,pituitary,1.57157730243629e-05,1.6555435817847746e-05,0.9999677287911578,2,pituitary,0.9999677287911578,919d6f0fb3ca462983d6df6ec06846e41abd9645
densenet121,A,1464,101029,patient_disjoint,1,2,pituitary,1.1726017848415228e-05,8.577256787075767e-06,0.9999796967253644,2,pituitary,0.9999796967253644,919d6f0fb3ca462983d6df6ec06846e41abd9645
densenet121,A,1465,101029,patient_disjoint,1,2,pituitary,8.834403904434867e-06,1.1084037948358729e-05,0.9999800815581472,2,pituitary,0.9999800815581472,919d6f0fb3ca462983d6df6ec06846e41abd9645
densenet121,A,1466,101029,patient_disjoint,1,2,pituitary,2.126833684941138e-05,3.726054048256356e-05,0.999941471122668,2,pituitary,0.999941471122668,919d6f0fb3ca462983d6df6ec06846e41abd9645
densenet121,A,1467,101029,patient_disjoint,1,2,pituitary,2.373006176968245e-05,2.7226564427893685e-05,0.9999490433738024,2,pituitary,0.9999490433738024,919d6f0fb3ca462983d6df6ec06846e41abd9645
densenet121,A,1468,101145,patient_disjoint,2,2,pituitary,0.001071036071522,0.0005815817090073,0.9983473822194704,2,pituitary,0.9983473822194704,919d6f0fb3ca462983d6df6ec06846e41abd9645
densenet121,A,1469,101145,patient_disjoint,2,2,pituitary,0.0011816466991828,0.0001595405412809,0.9986588127595362,2,pituitary,0.9986588127595362,919d6f0fb3ca462983d6df6ec06846e41abd9645
densenet121,A,1470,101145,patient_disjoint,2,2,pituitary,0.0023013809970648,0.0005302068553318,0.9971684121476032,2,pituitary,0.9971684121476032,919d6f0fb3ca462983d6df6ec06846e41abd9645
densenet121,A,1471,101145,patient_disjoint,2,2,pituitary,0.0003453562039156,9.733492853091967e-05,0.9995573088675532,2,pituitary,0.9995573088675532,919d6f0fb3ca462983d6df6ec06846e41abd9645
densenet121,A,1472,101305,patient_disjoint,3,2,pituitary,0.000131436156543,0.0004148883479001,0.9994536754955567,2,pituitary,0.9994536754955567,919d6f0fb3ca462983d6df6ec06846e41abd9645
densenet121,A,1473,101305,patient_disjoint,3,2,pituitary,0.0002716293908175,0.0003978506380323,0.99933051997115,2,pituitary,0.99933051997115,919d6f0fb3ca462983d6df6ec06846e41abd9645
densenet121,A,1474,101305,patient_disjoint,3,2,pituitary,0.0002431790358209,0.0015142078917183,0.9982426130724606,2,pituitary,0.9982426130724606,919d6f0fb3ca462983d6df6ec06846e41abd9645
densenet121,A,1475,101305,patient_disjoint,3,2,pituitary,0.0003308703165661,0.0014703089637116,0.9981988207197222,2,pituitary,0.9981988207197222,919d6f0fb3ca462983d6df6ec06846e41abd9645
densenet121,A,1476,101305,patient_disjoint,3,2,pituitary,0.000344099435691,0.0003831251153441,0.9992727754489648,2,pituitary,0.9992727754489648,919d6f0fb3ca462983d6df6ec06846e41abd9645
densenet121,A,1477,101305,patient_disjoint,3,2,pituitary,0.0005180118701617,0.0005666626668835,0.9989153254629548,2,pituitary,0.9989153254629548,919d6f0fb3ca462983d6df6ec06846e41abd9645
densenet121,A,1478,101305,patient_disjoint,3,2,pituitary,0.0002062429259307,0.0009771958367014,0.9988165612373678,2,pituitary,0.9988165612373678,919d6f0fb3ca462983d6df6ec06846e41abd9645
densenet121,A,1479,101305,patient_disjoint,3,2,pituitary,0.0003792763277457,0.0006936035792999,0.9989271200929544,2,pituitary,0.9989271200929544,919d6f0fb3ca462983d6df6ec06846e41abd9645
densenet121,A,1480,101724,patient_disjoint,2,2,pituitary,0.00037417158122,0.0007190028074811,0.9989068256112988,2,pituitary,0.9989068256112988,919d6f0fb3ca462983d6df6ec06846e41abd9645
densenet121,A,1481,101724,patient_disjoint,2,2,pituitary,0.00075023649819,0.0009399799580511,0.9983097835437588,2,pituitary,0.9983097835437588,919d6f0fb3ca462983d6df6ec06846e41abd9645
densenet121,A,1482,101724,patient_disjoint,2,2,pituitary,0.0012864378876387,0.0040319794267075,0.9946815826856538,2,pituitary,0.9946815826856538,919d6f0fb3ca462983d6df6ec06846e41abd9645
densenet121,A,1483,102648,patient_disjoint,2,2,pituitary,0.0056277094369845,0.0372510060184419,0.9571212845445736,2,pituitary,0.9571212845445736,919d6f0fb3ca462983d6df6ec06846e41abd9645
densenet121,A,1484,102648,patient_disjoint,2,2,pituitary,0.0034737293677538,0.0347610609140596,0.9617652097181866,2,pituitary,0.9617652097181866,919d6f0fb3ca462983d6df6ec06846e41abd9645
densenet121,A,1485,102648,patient_disjoint,2,2,pituitary,0.0059657912217902,0.0544963373247029,0.9395378714535068,2,pituitary,0.9395378714535068,919d6f0fb3ca462983d6df6ec06846e41abd9645
densenet121,A,1486,102648,patient_disjoint,2,2,pituitary,0.0032568944653796,0.0404365698360341,0.9563065356985864,2,pituitary,0.9563065356985864,919d6f0fb3ca462983d6df6ec06846e41abd9645
densenet121,A,1487,102669,patient_disjoint,5,2,pituitary,0.0004383689801662,0.0013077631378337,0.998253867882,2,pituitary,0.998253867882,919d6f0fb3ca462983d6df6ec06846e41abd9645
densenet121,A,1488,102669,patient_disjoint,5,2,pituitary,0.0002385266150359,0.0008904792131355,0.9988709941718286,2,pituitary,0.9988709941718286,919d6f0fb3ca462983d6df6ec06846e41abd9645
densenet121,A,1489,103046,patient_disjoint,2,2,pituitary,0.0001962945195222,0.0001915193283532,0.9996121861521244,2,pituitary,0.9996121861521244,919d6f0fb3ca462983d6df6ec06846e41abd9645
densenet121,A,1490,103046,patient_disjoint,2,2,pituitary,0.0001035223924677,6.981017564427812e-05,0.999826667431888,2,pituitary,0.999826667431888,919d6f0fb3ca462983d6df6ec06846e41abd9645
densenet121,A,1491,103046,patient_disjoint,2,2,pituitary,0.0001861193305111,0.0004185599902571,0.9993953206792316,2,pituitary,0.9993953206792316,919d6f0fb3ca462983d6df6ec06846e41abd9645
densenet121,A,1492,103046,patient_disjoint,2,2,pituitary,0.0001070134382894,9.962352452955653e-05,0.9997933630371808,2,pituitary,0.9997933630371808,919d6f0fb3ca462983d6df6ec06846e41abd9645
densenet121,A,1493,103257,patient_disjoint,4,2,pituitary,8.961012847019972e-05,4.134317501228446e-05,0.9998690466965175,2,pituitary,0.9998690466965175,919d6f0fb3ca462983d6df6ec06846e41abd9645
densenet121,A,1494,103257,patient_disjoint,4,2,pituitary,3.169051621591979e-05,9.87109776914408e-06,0.999958438386015,2,pituitary,0.999958438386015,919d6f0fb3ca462983d6df6ec06846e41abd9645
densenet121,A,1495,103257,patient_disjoint,4,2,pituitary,5.6035871809186794e-05,1.348947852274924e-05,0.999930474649668,2,pituitary,0.999930474649668,919d6f0fb3ca462983d6df6ec06846e41abd9645
densenet121,A,1496,103257,patient_disjoint,4,2,pituitary,0.0001812616577831,2.5735469644011577e-05,0.9997930028725728,2,pituitary,0.9997930028725728,919d6f0fb3ca462983d6df6ec06846e41abd9645
densenet121,A,1497,103257,patient_disjoint,4,2,pituitary,9.449411873233446e-05,2.250495040812543e-05,0.9998830009308596,2,pituitary,0.9998830009308596,919d6f0fb3ca462983d6df6ec06846e41abd9645
densenet121,A,1498,103478,patient_disjoint,5,2,pituitary,0.0001590389999048,0.0001905077047906,0.9996504532953046,2,pituitary,0.9996504532953046,919d6f0fb3ca462983d6df6ec06846e41abd9645
densenet121,A,1499,103478,patient_disjoint,5,2,pituitary,7.008121175613317e-05,4.991507746009792e-05,0.999880003710784,2,pituitary,0.999880003710784,919d6f0fb3ca462983d6df6ec06846e41abd9645
densenet121,A,1500,103478,patient_disjoint,5,2,pituitary,5.82999824954384e-05,7.313918914324317e-05,0.9998685608283614,2,pituitary,0.9998685608283614,919d6f0fb3ca462983d6df6ec06846e41abd9645
densenet121,A,1501,103478,patient_disjoint,5,2,pituitary,8.269113080159975e-05,0.0001454021696607,0.9997719066995376,2,pituitary,0.9997719066995376,919d6f0fb3ca462983d6df6ec06846e41abd9645
densenet121,A,1502,103478,patient_disjoint,5,2,pituitary,0.0001123425230495,0.0003686431029095,0.9995190143740408,2,pituitary,0.9995190143740408,919d6f0fb3ca462983d6df6ec06846e41abd9645
densenet121,A,1503,103478,patient_disjoint,5,2,pituitary,0.0001130497525358,0.000295340501219,0.9995916097462452,2,pituitary,0.9995916097462452,919d6f0fb3ca462983d6df6ec06846e41abd9645
densenet121,A,1504,103478,patient_disjoint,5,2,pituitary,2.6878774996352137e-05,0.0001517990224692,0.9998213222025344,2,pituitary,0.9998213222025344,919d6f0fb3ca462983d6df6ec06846e41abd9645
densenet121,A,1505,103478,patient_disjoint,5,2,pituitary,5.293769950575975e-05,0.0002996607588175,0.9996474015416768,2,pituitary,0.9996474015416768,919d6f0fb3ca462983d6df6ec06846e41abd9645
densenet121,A,1506,103582,patient_disjoint,3,2,pituitary,0.0001263353922646,2.574035666002117e-05,0.9998479242510754,2,pituitary,0.9998479242510754,919d6f0fb3ca462983d6df6ec06846e41abd9645
densenet121,A,1507,103582,patient_disjoint,3,2,pituitary,6.726901402308202e-05,1.0010479652313564e-05,0.9999227205063244,2,pituitary,0.9999227205063244,919d6f0fb3ca462983d6df6ec06846e41abd9645
densenet121,A,1508,103582,patient_disjoint,3,2,pituitary,0.0003213564178826,3.551712503629527e-05,0.9996431264570812,2,pituitary,0.9996431264570812,919d6f0fb3ca462983d6df6ec06846e41abd9645
densenet121,A,1509,103582,patient_disjoint,3,2,pituitary,0.0005635512107009,3.580888970059501e-05,0.9994006398995984,2,pituitary,0.9994006398995984,919d6f0fb3ca462983d6df6ec06846e41abd9645
densenet121,A,1510,103582,patient_disjoint,3,2,pituitary,0.0023289324278966,6.654143966463854e-05,0.9976045261324388,2,pituitary,0.9976045261324388,919d6f0fb3ca462983d6df6ec06846e41abd9645
densenet121,A,1511,103670,patient_disjoint,5,2,pituitary,4.052053274703626e-05,0.0001038612437332,0.9998556182235198,2,pituitary,0.9998556182235198,919d6f0fb3ca462983d6df6ec06846e41abd9645
densenet121,A,1512,103670,patient_disjoint,5,2,pituitary,3.693272072173104e-05,6.592602282258531e-05,0.9998971412564558,2,pituitary,0.9998971412564558,919d6f0fb3ca462983d6df6ec06846e41abd9645
densenet121,A,1513,103670,patient_disjoint,5,2,pituitary,9.672005952945604e-05,8.942823163014649e-05,0.9998138517088404,2,pituitary,0.9998138517088404,919d6f0fb3ca462983d6df6ec06846e41abd9645
densenet121,A,1514,103670,patient_disjoint,5,2,pituitary,4.663201061219252e-05,3.073288296712786e-05,0.9999226351064208,2,pituitary,0.9999226351064208,919d6f0fb3ca462983d6df6ec06846e41abd9645
densenet121,A,1515,103671,patient_disjoint,1,2,pituitary,0.0097579594459438,0.040830300972833,0.949411739581223,2,pituitary,0.949411739581223,919d6f0fb3ca462983d6df6ec06846e41abd9645
densenet121,A,1516,103671,patient_disjoint,1,2,pituitary,0.0047685890007596,0.0080428216265723,0.9871885893726678,2,pituitary,0.9871885893726678,919d6f0fb3ca462983d6df6ec06846e41abd9645
densenet121,A,1517,103671,patient_disjoint,1,2,pituitary,0.0045977487284496,0.0010518354778982,0.994350415793652,2,pituitary,0.994350415793652,919d6f0fb3ca462983d6df6ec06846e41abd9645
densenet121,A,1518,103671,patient_disjoint,1,2,pituitary,0.0015571528497845,0.0006019160721028,0.9978409310781126,2,pituitary,0.9978409310781126,919d6f0fb3ca462983d6df6ec06846e41abd9645
densenet121,A,1519,103671,patient_disjoint,1,2,pituitary,0.0012216290423649,0.0004947756346913,0.9982835953229436,2,pituitary,0.9982835953229436,919d6f0fb3ca462983d6df6ec06846e41abd9645
densenet121,A,1520,103671,patient_disjoint,1,2,pituitary,0.0004231923399455,0.0004731314687461,0.9991036761913084,2,pituitary,0.9991036761913084,919d6f0fb3ca462983d6df6ec06846e41abd9645
densenet121,A,1521,103731,patient_disjoint,4,2,pituitary,0.0003585138321642,0.000915846006739,0.9987256401610968,2,pituitary,0.9987256401610968,919d6f0fb3ca462983d6df6ec06846e41abd9645
densenet121,A,1522,103731,patient_disjoint,4,2,pituitary,0.0001893384107851,0.0003041610655548,0.99950650052366,2,pituitary,0.99950650052366,919d6f0fb3ca462983d6df6ec06846e41abd9645
densenet121,A,1523,103731,patient_disjoint,4,2,pituitary,0.0002349275075191,0.0008142519718852,0.9989508205205956,2,pituitary,0.9989508205205956,919d6f0fb3ca462983d6df6ec06846e41abd9645
densenet121,A,1524,103731,patient_disjoint,4,2,pituitary,0.0010339268436475,0.0016237024258686,0.9973423707304838,2,pituitary,0.9973423707304838,919d6f0fb3ca462983d6df6ec06846e41abd9645
densenet121,A,1525,103731,patient_disjoint,4,2,pituitary,0.0011411580290717,0.0011873260680263,0.9976715159029018,2,pituitary,0.9976715159029018,919d6f0fb3ca462983d6df6ec06846e41abd9645
densenet121,A,1526,103731,patient_disjoint,4,2,pituitary,0.0017181205708129,0.0014661815375083,0.9968156978916788,2,pituitary,0.9968156978916788,919d6f0fb3ca462983d6df6ec06846e41abd9645
densenet121,A,1527,103731,patient_disjoint,4,2,pituitary,0.0007444979277051,0.0003768477292215,0.9988786543430732,2,pituitary,0.9988786543430732,919d6f0fb3ca462983d6df6ec06846e41abd9645
densenet121,A,1528,103837,patient_disjoint,2,2,pituitary,0.0002182715011605,9.820367761952528e-05,0.99968352482122,2,pituitary,0.99968352482122,919d6f0fb3ca462983d6df6ec06846e41abd9645
densenet121,A,1529,103837,patient_disjoint,2,2,pituitary,0.0001563614988787,3.572009830006047e-05,0.9998079184028212,2,pituitary,0.9998079184028212,919d6f0fb3ca462983d6df6ec06846e41abd9645
densenet121,A,1530,103837,patient_disjoint,2,2,pituitary,0.0003067787381627,4.346827155057299e-05,0.9996497529902868,2,pituitary,0.9996497529902868,919d6f0fb3ca462983d6df6ec06846e41abd9645
densenet121,A,1531,103837,patient_disjoint,2,2,pituitary,0.0001968658797896,0.0001397657929706,0.9996633683272396,2,pituitary,0.9996633683272396,919d6f0fb3ca462983d6df6ec06846e41abd9645
densenet121,A,1532,103837,patient_disjoint,2,2,pituitary,0.0001605234594375,5.2024221912806993e-05,0.9997874523186496,2,pituitary,0.9997874523186496,919d6f0fb3ca462983d6df6ec06846e41abd9645
densenet121,A,1533,104019,patient_disjoint,4,2,pituitary,4.87589677811712e-05,0.0003804331834373,0.9995708078487816,2,pituitary,0.9995708078487816,919d6f0fb3ca462983d6df6ec06846e41abd9645
densenet121,A,1534,104019,patient_disjoint,4,2,pituitary,4.65239122877196e-05,0.0001255200537,0.999827956034012,2,pituitary,0.999827956034012,919d6f0fb3ca462983d6df6ec06846e41abd9645
densenet121,A,1535,104019,patient_disjoint,4,2,pituitary,0.0001412404997481,0.0004417088241027,0.9994170506761492,2,pituitary,0.9994170506761492,919d6f0fb3ca462983d6df6ec06846e41abd9645
densenet121,A,1536,104019,patient_disjoint,4,2,pituitary,0.0001406733744397,0.0004171039454568,0.9994422226801034,2,pituitary,0.9994422226801034,919d6f0fb3ca462983d6df6ec06846e41abd9645
densenet121,A,1537,104019,patient_disjoint,4,2,pituitary,0.0001392032133357,0.0009069034493512,0.9989538933373128,2,pituitary,0.9989538933373128,919d6f0fb3ca462983d6df6ec06846e41abd9645
densenet121,A,1538,104558,patient_disjoint,2,2,pituitary,0.0193857820906884,0.0008070598856122,0.9798071580236992,2,pituitary,0.9798071580236992,919d6f0fb3ca462983d6df6ec06846e41abd9645
densenet121,A,1539,104558,patient_disjoint,2,2,pituitary,0.0114058949559781,0.000433464341608,0.9881606407024138,2,pituitary,0.9881606407024138,919d6f0fb3ca462983d6df6ec06846e41abd9645
densenet121,A,1540,104558,patient_disjoint,2,2,pituitary,0.003154403456874,0.0003719364441155,0.9964736600990104,2,pituitary,0.9964736600990104,919d6f0fb3ca462983d6df6ec06846e41abd9645
densenet121,A,1541,104558,patient_disjoint,2,2,pituitary,0.0058753986366142,0.0001922297207124,0.9939323716426732,2,pituitary,0.9939323716426732,919d6f0fb3ca462983d6df6ec06846e41abd9645
densenet121,A,1542,104558,patient_disjoint,2,2,pituitary,0.0027189212966399,0.0002187250884887,0.9970623536148712,2,pituitary,0.9970623536148712,919d6f0fb3ca462983d6df6ec06846e41abd9645
densenet121,A,1543,104558,patient_disjoint,2,2,pituitary,0.0319336072529509,0.0003879739947746,0.9676784187522744,2,pituitary,0.9676784187522744,919d6f0fb3ca462983d6df6ec06846e41abd9645
densenet121,A,1544,104558,patient_disjoint,2,2,pituitary,0.002353706125047,0.0027573868945537,0.9948889069803992,2,pituitary,0.9948889069803992,919d6f0fb3ca462983d6df6ec06846e41abd9645
densenet121,A,1545,104684,patient_disjoint,3,2,pituitary,0.0016492609844555,0.0013768813768691,0.9969738576386752,2,pituitary,0.9969738576386752,919d6f0fb3ca462983d6df6ec06846e41abd9645
densenet121,A,1546,104684,patient_disjoint,3,2,pituitary,0.0005551001957163,0.0002763531658691,0.9991685466384144,2,pituitary,0.9991685466384144,919d6f0fb3ca462983d6df6ec06846e41abd9645
densenet121,A,1547,104684,patient_disjoint,3,2,pituitary,0.0001693613275877,0.0001282618563283,0.999702376816084,2,pituitary,0.999702376816084,919d6f0fb3ca462983d6df6ec06846e41abd9645
densenet121,A,1548,104684,patient_disjoint,3,2,pituitary,0.0002466145676447,0.0002000323646037,0.9995533530677516,2,pituitary,0.9995533530677516,919d6f0fb3ca462983d6df6ec06846e41abd9645
densenet121,A,1549,104684,patient_disjoint,3,2,pituitary,0.0002057646772448,7.527788231505167e-05,0.99971895744044,2,pituitary,0.99971895744044,919d6f0fb3ca462983d6df6ec06846e41abd9645
densenet121,A,1550,104684,patient_disjoint,3,2,pituitary,0.0001433247125708,0.0001450795386544,0.9997115957487748,2,pituitary,0.9997115957487748,919d6f0fb3ca462983d6df6ec06846e41abd9645
densenet121,A,1551,104684,patient_disjoint,3,2,pituitary,0.0004065657080748,5.048897579048426e-05,0.9995429453161346,2,pituitary,0.9995429453161346,919d6f0fb3ca462983d6df6ec06846e41abd9645
densenet121,A,1552,104912,patient_disjoint,5,2,pituitary,0.0001859472328553,0.0009706880720023,0.9988433646951422,2,pituitary,0.9988433646951422,919d6f0fb3ca462983d6df6ec06846e41abd9645
densenet121,A,1553,104912,patient_disjoint,5,2,pituitary,0.0002157787099354,0.0013250524396354,0.9984591688504292,2,pituitary,0.9984591688504292,919d6f0fb3ca462983d6df6ec06846e41abd9645
densenet121,A,1554,104912,patient_disjoint,5,2,pituitary,0.000775539613097,0.0004369908594129,0.99878746952749,2,pituitary,0.99878746952749,919d6f0fb3ca462983d6df6ec06846e41abd9645
densenet121,A,1555,104912,patient_disjoint,5,2,pituitary,0.0004501714340003,0.0003637074888928,0.9991861210771068,2,pituitary,0.9991861210771068,919d6f0fb3ca462983d6df6ec06846e41abd9645
densenet121,A,1556,104912,patient_disjoint,5,2,pituitary,0.0003598998834378,0.0010491417366209,0.9985909583799412,2,pituitary,0.9985909583799412,919d6f0fb3ca462983d6df6ec06846e41abd9645
densenet121,A,1557,105187,patient_disjoint,1,2,pituitary,0.0001047565667141,0.0005661899804003,0.9993290534528856,2,pituitary,0.9993290534528856,919d6f0fb3ca462983d6df6ec06846e41abd9645
densenet121,A,1558,105187,patient_disjoint,1,2,pituitary,0.0002907562075986,0.0008892141256157,0.9988200296667856,2,pituitary,0.9988200296667856,919d6f0fb3ca462983d6df6ec06846e41abd9645
densenet121,A,1559,105187,patient_disjoint,1,2,pituitary,7.23780599822711e-05,7.266884129796181e-05,0.99985495309872,2,pituitary,0.99985495309872,919d6f0fb3ca462983d6df6ec06846e41abd9645
densenet121,A,1560,105187,patient_disjoint,1,2,pituitary,3.715154332742471e-05,6.296712434431196e-05,0.9998998813323284,2,pituitary,0.9998998813323284,919d6f0fb3ca462983d6df6ec06846e41abd9645
densenet121,A,1561,105187,patient_disjoint,1,2,pituitary,7.02741244368595e-05,0.0001253350403451,0.999804390835218,2,pituitary,0.999804390835218,919d6f0fb3ca462983d6df6ec06846e41abd9645
densenet121,A,1562,105187,patient_disjoint,1,2,pituitary,0.0001121769562535,0.0001102130492827,0.9997776099944636,2,pituitary,0.9997776099944636,919d6f0fb3ca462983d6df6ec06846e41abd9645
densenet121,A,1563,105475,patient_disjoint,1,2,pituitary,0.0004798801609551,0.0003370240515728,0.999183095787472,2,pituitary,0.999183095787472,919d6f0fb3ca462983d6df6ec06846e41abd9645
densenet121,A,1564,105475,patient_disjoint,1,2,pituitary,0.0029294505475459,0.0022079242668223,0.9948626251856316,2,pituitary,0.9948626251856316,919d6f0fb3ca462983d6df6ec06846e41abd9645
densenet121,A,1565,105475,patient_disjoint,1,2,pituitary,0.003392120086699,0.0064035326371749,0.9902043472761262,2,pituitary,0.9902043472761262,919d6f0fb3ca462983d6df6ec06846e41abd9645
densenet121,A,1566,105538,patient_disjoint,4,2,pituitary,0.9075320634339316,0.0383011631313976,0.0541667734346708,0,meningioma,0.9075320634339316,919d6f0fb3ca462983d6df6ec06846e41abd9645
densenet121,A,1567,105538,patient_disjoint,4,2,pituitary,0.7708203603917222,0.154037161344476,0.0751424782638017,0,meningioma,0.7708203603917222,919d6f0fb3ca462983d6df6ec06846e41abd9645
densenet121,A,1568,105638,patient_disjoint,4,2,pituitary,8.032761892784807e-05,0.0002078220995335,0.9997118502815386,2,pituitary,0.9997118502815386,919d6f0fb3ca462983d6df6ec06846e41abd9645
densenet121,A,1569,105638,patient_disjoint,4,2,pituitary,7.462351865428711e-05,0.0002800601352445,0.9996453163461012,2,pituitary,0.9996453163461012,919d6f0fb3ca462983d6df6ec06846e41abd9645
densenet121,A,1570,105638,patient_disjoint,4,2,pituitary,0.0002085342870307,0.0003760960133708,0.9994153696995984,2,pituitary,0.9994153696995984,919d6f0fb3ca462983d6df6ec06846e41abd9645
densenet121,A,1571,105638,patient_disjoint,4,2,pituitary,0.000289015644152,0.0007935411252124,0.9989174432306356,2,pituitary,0.9989174432306356,919d6f0fb3ca462983d6df6ec06846e41abd9645
densenet121,A,1572,105638,patient_disjoint,4,2,pituitary,0.0008408460576826,0.0004622824596385,0.9986968714826788,2,pituitary,0.9986968714826788,919d6f0fb3ca462983d6df6ec06846e41abd9645
densenet121,A,1573,97416,patient_disjoint,4,2,pituitary,0.0011068338745841,0.0219705102200397,0.976922655905376,2,pituitary,0.976922655905376,919d6f0fb3ca462983d6df6ec06846e41abd9645
densenet121,A,1574,97416,patient_disjoint,4,2,pituitary,0.0001970440136745,0.0009611606226322,0.9988417953636932,2,pituitary,0.9988417953636932,919d6f0fb3ca462983d6df6ec06846e41abd9645
densenet121,A,1575,97416,patient_disjoint,4,2,pituitary,0.0003675674513492,0.0002328754650359,0.9993995570836148,2,pituitary,0.9993995570836148,919d6f0fb3ca462983d6df6ec06846e41abd9645
densenet121,A,1576,97416,patient_disjoint,4,2,pituitary,0.0001129891238555,0.0003654680342677,0.9995215428418768,2,pituitary,0.9995215428418768,919d6f0fb3ca462983d6df6ec06846e41abd9645
densenet121,A,1577,97416,patient_disjoint,4,2,pituitary,5.994704449120759e-05,1.6323381912897116e-05,0.9999237295735958,2,pituitary,0.9999237295735958,919d6f0fb3ca462983d6df6ec06846e41abd9645
densenet121,A,1578,97416,patient_disjoint,4,2,pituitary,0.0001527356752432,5.721742179763338e-05,0.9997900469029593,2,pituitary,0.9997900469029593,919d6f0fb3ca462983d6df6ec06846e41abd9645
densenet121,A,1579,97416,patient_disjoint,4,2,pituitary,8.47765182770987e-05,0.0002161655296717,0.9996990579520512,2,pituitary,0.9996990579520512,919d6f0fb3ca462983d6df6ec06846e41abd9645
densenet121,A,1580,97416,patient_disjoint,4,2,pituitary,0.0006668949626583,0.0014866718453034,0.997846433192038,2,pituitary,0.997846433192038,919d6f0fb3ca462983d6df6ec06846e41abd9645
densenet121,A,1581,97461,patient_disjoint,3,2,pituitary,0.0004273022636735,0.000998800715864,0.9985738970204624,2,pituitary,0.9985738970204624,919d6f0fb3ca462983d6df6ec06846e41abd9645
densenet121,A,1582,97461,patient_disjoint,3,2,pituitary,5.578233036312311e-05,7.1131066707169e-05,0.9998730866029296,2,pituitary,0.9998730866029296,919d6f0fb3ca462983d6df6ec06846e41abd9645
densenet121,A,1583,97461,patient_disjoint,3,2,pituitary,5.424643702551044e-05,4.771234430536186e-05,0.9998980412186692,2,pituitary,0.9998980412186692,919d6f0fb3ca462983d6df6ec06846e41abd9645
densenet121,A,1584,97461,patient_disjoint,3,2,pituitary,4.839475889626771e-05,3.786682852345909e-05,0.99991373841258,2,pituitary,0.99991373841258,919d6f0fb3ca462983d6df6ec06846e41abd9645
densenet121,A,1585,97461,patient_disjoint,3,2,pituitary,3.616281705638669e-05,8.294009686549287e-05,0.9998808970860782,2,pituitary,0.9998808970860782,919d6f0fb3ca462983d6df6ec06846e41abd9645
densenet121,A,1586,97461,patient_disjoint,3,2,pituitary,1.518082997949583e-05,3.870776518828089e-05,0.9999461114048322,2,pituitary,0.9999461114048322,919d6f0fb3ca462983d6df6ec06846e41abd9645
densenet121,A,1587,97461,patient_disjoint,3,2,pituitary,4.0293603733837705e-05,7.919485115101854e-05,0.9998805115451151,2,pituitary,0.9998805115451151,919d6f0fb3ca462983d6df6ec06846e41abd9645
densenet121,A,1588,97461,patient_disjoint,3,2,pituitary,3.3794568155070864e-05,0.0001398714561131,0.9998263339757318,2,pituitary,0.9998263339757318,919d6f0fb3ca462983d6df6ec06846e41abd9645
densenet121,A,1589,97481,patient_disjoint,2,2,pituitary,0.0002086581651394,0.0010653493600969,0.9987259924747636,2,pituitary,0.9987259924747636,919d6f0fb3ca462983d6df6ec06846e41abd9645
densenet121,A,1590,97481,patient_disjoint,2,2,pituitary,4.204344210909716e-05,7.369908219983818e-05,0.9998842574756912,2,pituitary,0.9998842574756912,919d6f0fb3ca462983d6df6ec06846e41abd9645
densenet121,A,1591,97481,patient_disjoint,2,2,pituitary,0.0001716443547329,0.0001904677515062,0.9996378878937608,2,pituitary,0.9996378878937608,919d6f0fb3ca462983d6df6ec06846e41abd9645
densenet121,A,1592,97481,patient_disjoint,2,2,pituitary,0.0001405320550954,0.0001109255807282,0.9997485423641762,2,pituitary,0.9997485423641762,919d6f0fb3ca462983d6df6ec06846e41abd9645
densenet121,A,1593,97481,patient_disjoint,2,2,pituitary,0.0001842120725605,0.0001461456149651,0.999669642312474,2,pituitary,0.999669642312474,919d6f0fb3ca462983d6df6ec06846e41abd9645
densenet121,A,1594,97599,patient_disjoint,2,2,pituitary,0.0001482514062177,0.00013923677108,0.9997125118227024,2,pituitary,0.9997125118227024,919d6f0fb3ca462983d6df6ec06846e41abd9645
densenet121,A,1595,97599,patient_disjoint,2,2,pituitary,0.0002252118420734,0.0002006201813703,0.9995741679765562,2,pituitary,0.9995741679765562,919d6f0fb3ca462983d6df6ec06846e41abd9645
densenet121,A,1596,97890,patient_disjoint,1,2,pituitary,0.000218080240976,0.000741444148141,0.9990404756108828,2,pituitary,0.9990404756108828,919d6f0fb3ca462983d6df6ec06846e41abd9645
densenet121,A,1597,97890,patient_disjoint,1,2,pituitary,0.0003214668949166,0.0008538221393699,0.9988247109657132,2,pituitary,0.9988247109657132,919d6f0fb3ca462983d6df6ec06846e41abd9645
densenet121,A,1598,97890,patient_disjoint,1,2,pituitary,9.325931655185628e-05,0.0013233965215974,0.9985833441618508,2,pituitary,0.9985833441618508,919d6f0fb3ca462983d6df6ec06846e41abd9645
densenet121,A,1599,97890,patient_disjoint,1,2,pituitary,0.0001910464485274,0.0007519011932341,0.9990570523582384,2,pituitary,0.9990570523582384,919d6f0fb3ca462983d6df6ec06846e41abd9645
densenet121,A,1600,98472,patient_disjoint,3,2,pituitary,0.0038724025801747,0.0004068973308017,0.9957207000890236,2,pituitary,0.9957207000890236,919d6f0fb3ca462983d6df6ec06846e41abd9645
densenet121,A,1601,98472,patient_disjoint,3,2,pituitary,0.039185576373485,0.0003261553491587,0.9604882682773562,2,pituitary,0.9604882682773562,919d6f0fb3ca462983d6df6ec06846e41abd9645
densenet121,A,1602,98472,patient_disjoint,3,2,pituitary,0.001892039162943,9.5340608490827e-05,0.9980126202285662,2,pituitary,0.9980126202285662,919d6f0fb3ca462983d6df6ec06846e41abd9645
densenet121,A,1603,98472,patient_disjoint,3,2,pituitary,0.0010998530995749,0.0001059124055502,0.9987942344948748,2,pituitary,0.9987942344948748,919d6f0fb3ca462983d6df6ec06846e41abd9645
densenet121,A,1604,98472,patient_disjoint,3,2,pituitary,0.0004466900761147,0.0002664915047974,0.9992868184190878,2,pituitary,0.9992868184190878,919d6f0fb3ca462983d6df6ec06846e41abd9645
densenet121,A,1605,98652,patient_disjoint,3,2,pituitary,0.0001926467458797,0.0001371960820073,0.9996701571721128,2,pituitary,0.9996701571721128,919d6f0fb3ca462983d6df6ec06846e41abd9645
densenet121,A,1606,98652,patient_disjoint,3,2,pituitary,0.0001953203887417,0.0005157218213819,0.9992889577898764,2,pituitary,0.9992889577898764,919d6f0fb3ca462983d6df6ec06846e41abd9645
densenet121,A,1607,98652,patient_disjoint,3,2,pituitary,0.0001502594874462,0.0001646448621414,0.9996850956504124,2,pituitary,0.9996850956504124,919d6f0fb3ca462983d6df6ec06846e41abd9645
densenet121,A,1608,98652,patient_disjoint,3,2,pituitary,0.0008615138782505,0.0007738447974504,0.9983646413242988,2,pituitary,0.9983646413242988,919d6f0fb3ca462983d6df6ec06846e41abd9645
densenet121,A,1609,98871,patient_disjoint,4,2,pituitary,5.4233498802115606e-05,0.0010471691419599,0.998898597359238,2,pituitary,0.998898597359238,919d6f0fb3ca462983d6df6ec06846e41abd9645
densenet121,A,1610,98871,patient_disjoint,4,2,pituitary,9.536421900120384e-05,0.0005885210996936,0.9993161146813052,2,pituitary,0.9993161146813052,919d6f0fb3ca462983d6df6ec06846e41abd9645
densenet121,A,1611,98871,patient_disjoint,4,2,pituitary,9.94249524196802e-05,0.0007609727198944,0.999139602327686,2,pituitary,0.999139602327686,919d6f0fb3ca462983d6df6ec06846e41abd9645
densenet121,A,1612,98871,patient_disjoint,4,2,pituitary,0.0001457036068744,0.00076070476707,0.9990935916260554,2,pituitary,0.9990935916260554,919d6f0fb3ca462983d6df6ec06846e41abd9645
densenet121,A,1613,98871,patient_disjoint,4,2,pituitary,9.01432429227484e-05,0.0004466785923452,0.9994631781647322,2,pituitary,0.9994631781647322,919d6f0fb3ca462983d6df6ec06846e41abd9645
densenet121,A,1614,98871,patient_disjoint,4,2,pituitary,0.0001166488435526,0.0016550088977481,0.9982283422586992,2,pituitary,0.9982283422586992,919d6f0fb3ca462983d6df6ec06846e41abd9645
densenet121,A,1615,98871,patient_disjoint,4,2,pituitary,0.000206438669649,0.001688798851283,0.998104762479068,2,pituitary,0.998104762479068,919d6f0fb3ca462983d6df6ec06846e41abd9645
densenet121,A,1616,98874,patient_disjoint,1,2,pituitary,0.0500451600993365,0.2857488433992107,0.6642059965014527,2,pituitary,0.6642059965014527,919d6f0fb3ca462983d6df6ec06846e41abd9645
densenet121,A,1617,98874,patient_disjoint,1,2,pituitary,0.0244214397774572,0.0012649123727301,0.9743136478498124,2,pituitary,0.9743136478498124,919d6f0fb3ca462983d6df6ec06846e41abd9645
densenet121,A,1618,98874,patient_disjoint,1,2,pituitary,0.014115640979589,0.0008825978822056,0.9850017611382051,2,pituitary,0.9850017611382051,919d6f0fb3ca462983d6df6ec06846e41abd9645
densenet121,A,1619,98874,patient_disjoint,1,2,pituitary,0.0521726809469808,0.0016873552269494,0.9461399638260696,2,pituitary,0.9461399638260696,919d6f0fb3ca462983d6df6ec06846e41abd9645
densenet121,A,1620,98874,patient_disjoint,1,2,pituitary,0.0076272574789783,0.0001145375548739,0.9922582049661478,2,pituitary,0.9922582049661478,919d6f0fb3ca462983d6df6ec06846e41abd9645
densenet121,A,1621,98992,patient_disjoint,5,2,pituitary,0.0015455622683115,0.0009109237094433,0.9975435140222452,2,pituitary,0.9975435140222452,919d6f0fb3ca462983d6df6ec06846e41abd9645
densenet121,A,1622,98992,patient_disjoint,5,2,pituitary,0.0002809872961713,0.0007168395027054,0.9990021732011232,2,pituitary,0.9990021732011232,919d6f0fb3ca462983d6df6ec06846e41abd9645
densenet121,A,1623,98992,patient_disjoint,5,2,pituitary,4.164224578785067e-05,6.289820130244304e-05,0.9998954595529096,2,pituitary,0.9998954595529096,919d6f0fb3ca462983d6df6ec06846e41abd9645
densenet121,A,1624,98992,patient_disjoint,5,2,pituitary,0.0001453748183264,0.0002409933704399,0.9996136318112336,2,pituitary,0.9996136318112336,919d6f0fb3ca462983d6df6ec06846e41abd9645
densenet121,A,1625,98992,patient_disjoint,5,2,pituitary,0.0002724372973922,0.0001459835590474,0.9995815791435602,2,pituitary,0.9995815791435602,919d6f0fb3ca462983d6df6ec06846e41abd9645
densenet121,A,1626,98992,patient_disjoint,5,2,pituitary,0.0013274624760526,0.0005222472963284,0.9981502902276188,2,pituitary,0.9981502902276188,919d6f0fb3ca462983d6df6ec06846e41abd9645
densenet121,A,1627,98992,patient_disjoint,5,2,pituitary,0.0028766372929904,0.0036176133061655,0.993505749400844,2,pituitary,0.993505749400844,919d6f0fb3ca462983d6df6ec06846e41abd9645
densenet121,A,1628,98995,patient_disjoint,4,2,pituitary,0.0001072359161491,0.0001688151773523,0.9997239489064986,2,pituitary,0.9997239489064986,919d6f0fb3ca462983d6df6ec06846e41abd9645
densenet121,A,1629,98995,patient_disjoint,4,2,pituitary,9.15640173382188e-05,5.578902386870345e-05,0.9998526469587932,2,pituitary,0.9998526469587932,919d6f0fb3ca462983d6df6ec06846e41abd9645
densenet121,A,1630,98995,patient_disjoint,4,2,pituitary,0.0001647470053198,2.566853878057598e-05,0.9998095844558996,2,pituitary,0.9998095844558996,919d6f0fb3ca462983d6df6ec06846e41abd9645
densenet121,A,1631,98995,patient_disjoint,4,2,pituitary,7.238553326765038e-05,2.6877705680685548e-05,0.9999007367610516,2,pituitary,0.9999007367610516,919d6f0fb3ca462983d6df6ec06846e41abd9645
densenet121,A,1632,98995,patient_disjoint,4,2,pituitary,0.0001277291184031,2.4586080631942205e-05,0.999847684800965,2,pituitary,0.999847684800965,919d6f0fb3ca462983d6df6ec06846e41abd9645
densenet121,A,1633,98995,patient_disjoint,4,2,pituitary,0.0002345008910589,1.651178460666677e-05,0.9997489873243344,2,pituitary,0.9997489873243344,919d6f0fb3ca462983d6df6ec06846e41abd9645
densenet121,A,1634,99223,patient_disjoint,1,2,pituitary,0.0021224414640829,0.0118837628707294,0.9859937956651876,2,pituitary,0.9859937956651876,919d6f0fb3ca462983d6df6ec06846e41abd9645
densenet121,A,1635,99223,patient_disjoint,1,2,pituitary,0.0011558613963981,0.0002106566727032,0.9986334819308984,2,pituitary,0.9986334819308984,919d6f0fb3ca462983d6df6ec06846e41abd9645
densenet121,A,1636,99223,patient_disjoint,1,2,pituitary,0.0013143177275783,0.0001028162008298,0.998582866071592,2,pituitary,0.998582866071592,919d6f0fb3ca462983d6df6ec06846e41abd9645
densenet121,A,1637,99223,patient_disjoint,1,2,pituitary,0.0008033045046044,0.0001208673596466,0.9990758281357488,2,pituitary,0.9990758281357488,919d6f0fb3ca462983d6df6ec06846e41abd9645
densenet121,A,1638,99223,patient_disjoint,1,2,pituitary,0.0014701675236829,0.0001769021085747,0.9983529303677424,2,pituitary,0.9983529303677424,919d6f0fb3ca462983d6df6ec06846e41abd9645
densenet121,A,1639,99223,patient_disjoint,1,2,pituitary,0.0003138927109901,0.0006149291330997,0.99907117815591,2,pituitary,0.99907117815591,919d6f0fb3ca462983d6df6ec06846e41abd9645
densenet121,A,1640,101017,patient_disjoint,2,2,pituitary,0.0001099119185752,2.1087756962962065e-05,0.9998690003244616,2,pituitary,0.9998690003244616,919d6f0fb3ca462983d6df6ec06846e41abd9645
densenet121,A,1641,101017,patient_disjoint,2,2,pituitary,3.526545024187706e-05,1.2845200842437008e-05,0.9999518893489155,2,pituitary,0.9999518893489155,919d6f0fb3ca462983d6df6ec06846e41abd9645
densenet121,A,1642,101017,patient_disjoint,2,2,pituitary,7.517296342019175e-05,2.539926691568587e-05,0.999899427769664,2,pituitary,0.999899427769664,919d6f0fb3ca462983d6df6ec06846e41abd9645
densenet121,A,1643,101017,patient_disjoint,2,2,pituitary,0.0001457165050357,0.0001835328226165,0.999670750672348,2,pituitary,0.999670750672348,919d6f0fb3ca462983d6df6ec06846e41abd9645
densenet121,A,1644,101029,patient_disjoint,1,2,pituitary,9.993252801968636e-06,4.136416481902498e-06,0.9999858703307162,2,pituitary,0.9999858703307162,919d6f0fb3ca462983d6df6ec06846e41abd9645
densenet121,A,1645,101029,patient_disjoint,1,2,pituitary,1.206654803778262e-05,1.6144812240732443e-05,0.9999717886397216,2,pituitary,0.9999717886397216,919d6f0fb3ca462983d6df6ec06846e41abd9645
densenet121,A,1646,101029,patient_disjoint,1,2,pituitary,1.0121085040635233e-05,1.2194273457422876e-05,0.9999776846415018,2,pituitary,0.9999776846415018,919d6f0fb3ca462983d6df6ec06846e41abd9645
densenet121,A,1647,101029,patient_disjoint,1,2,pituitary,9.384550344793995e-06,5.380534507677054e-06,0.9999852349151476,2,pituitary,0.9999852349151476,919d6f0fb3ca462983d6df6ec06846e41abd9645
densenet121,A,1648,101029,patient_disjoint,1,2,pituitary,8.101930105747547e-06,1.9572054622514257e-05,0.9999723260152716,2,pituitary,0.9999723260152716,919d6f0fb3ca462983d6df6ec06846e41abd9645
densenet121,A,1649,101029,patient_disjoint,1,2,pituitary,1.7176309757171227e-05,4.990065568539319e-05,0.9999329230345576,2,pituitary,0.9999329230345576,919d6f0fb3ca462983d6df6ec06846e41abd9645
densenet121,A,1650,101029,patient_disjoint,1,2,pituitary,1.442682147353548e-05,2.162278527193575e-05,0.9999639503932546,2,pituitary,0.9999639503932546,919d6f0fb3ca462983d6df6ec06846e41abd9645
densenet121,A,1651,101145,patient_disjoint,2,2,pituitary,0.0003745454385052,8.643194368788668e-05,0.9995390226178068,2,pituitary,0.9995390226178068,919d6f0fb3ca462983d6df6ec06846e41abd9645
densenet121,A,1652,101145,patient_disjoint,2,2,pituitary,0.0007667269194249,0.0001086795165508,0.9991245935640242,2,pituitary,0.9991245935640242,919d6f0fb3ca462983d6df6ec06846e41abd9645
densenet121,A,1653,101145,patient_disjoint,2,2,pituitary,0.0004488502519034,0.0008543932654892,0.9986967564826074,2,pituitary,0.9986967564826074,919d6f0fb3ca462983d6df6ec06846e41abd9645
densenet121,A,1654,101145,patient_disjoint,2,2,pituitary,0.0006595408642903,0.0001658838749715,0.999174575260738,2,pituitary,0.999174575260738,919d6f0fb3ca462983d6df6ec06846e41abd9645
densenet121,A,1655,101305,patient_disjoint,3,2,pituitary,0.0002584915367705,0.0002130581917409,0.9995284502714886,2,pituitary,0.9995284502714886,919d6f0fb3ca462983d6df6ec06846e41abd9645
densenet121,A,1656,101305,patient_disjoint,3,2,pituitary,0.0003484942515659,0.0003967953372404,0.9992547104111936,2,pituitary,0.9992547104111936,919d6f0fb3ca462983d6df6ec06846e41abd9645
densenet121,A,1657,101305,patient_disjoint,3,2,pituitary,8.575025361490541e-05,0.000264093735472,0.9996501560109132,2,pituitary,0.9996501560109132,919d6f0fb3ca462983d6df6ec06846e41abd9645
densenet121,A,1658,101305,patient_disjoint,3,2,pituitary,0.0002852805789644,0.0002908129230454,0.99942390649799,2,pituitary,0.99942390649799,919d6f0fb3ca462983d6df6ec06846e41abd9645
densenet121,A,1659,101724,patient_disjoint,2,2,pituitary,0.0003563037444289,0.0002053992898598,0.9994382969657112,2,pituitary,0.9994382969657112,919d6f0fb3ca462983d6df6ec06846e41abd9645
densenet121,A,1660,101724,patient_disjoint,2,2,pituitary,0.00010678666856,1.4387484418292835e-05,0.9998788258470216,2,pituitary,0.9998788258470216,919d6f0fb3ca462983d6df6ec06846e41abd9645
densenet121,A,1661,101724,patient_disjoint,2,2,pituitary,0.0006252354186905,0.0001187420902383,0.999256022491071,2,pituitary,0.999256022491071,919d6f0fb3ca462983d6df6ec06846e41abd9645
densenet121,A,1662,101724,patient_disjoint,2,2,pituitary,0.0004110806415276,0.0002507232651078,0.9993381960933646,2,pituitary,0.9993381960933646,919d6f0fb3ca462983d6df6ec06846e41abd9645
densenet121,A,1663,101724,patient_disjoint,2,2,pituitary,0.0064780344062816,0.0004784682311444,0.993043497362574,2,pituitary,0.993043497362574,919d6f0fb3ca462983d6df6ec06846e41abd9645
densenet121,A,1664,101724,patient_disjoint,2,2,pituitary,0.0048942804143934,0.0023661957779641,0.9927395238076424,2,pituitary,0.9927395238076424,919d6f0fb3ca462983d6df6ec06846e41abd9645
densenet121,A,1665,102648,patient_disjoint,2,2,pituitary,0.0125475293058214,0.8450698356946907,0.1423826349994877,1,glioma,0.8450698356946907,919d6f0fb3ca462983d6df6ec06846e41abd9645
densenet121,A,1666,102648,patient_disjoint,2,2,pituitary,0.0097331584550479,0.9441713948411032,0.0460954467038489,1,glioma,0.9441713948411032,919d6f0fb3ca462983d6df6ec06846e41abd9645
densenet121,A,1667,102648,patient_disjoint,2,2,pituitary,0.0036862696572618,0.8992658903762428,0.0970478399664953,1,glioma,0.8992658903762428,919d6f0fb3ca462983d6df6ec06846e41abd9645
densenet121,A,1668,102648,patient_disjoint,2,2,pituitary,0.0104062356500644,0.4057935536155332,0.5838002107344022,2,pituitary,0.5838002107344022,919d6f0fb3ca462983d6df6ec06846e41abd9645
densenet121,A,1669,102648,patient_disjoint,2,2,pituitary,0.0400992214801728,0.184618839470941,0.7752819390488861,2,pituitary,0.7752819390488861,919d6f0fb3ca462983d6df6ec06846e41abd9645
densenet121,A,1670,102648,patient_disjoint,2,2,pituitary,0.0316107728923165,0.4313713439409498,0.5370178831667336,2,pituitary,0.5370178831667336,919d6f0fb3ca462983d6df6ec06846e41abd9645
densenet121,A,1671,102648,patient_disjoint,2,2,pituitary,0.0769748119666765,0.2493066099177287,0.6737185781155948,2,pituitary,0.6737185781155948,919d6f0fb3ca462983d6df6ec06846e41abd9645
densenet121,A,1672,102669,patient_disjoint,5,2,pituitary,0.0003085045628766,0.0005452189673979,0.9991462764697252,2,pituitary,0.9991462764697252,919d6f0fb3ca462983d6df6ec06846e41abd9645
densenet121,A,1673,103046,patient_disjoint,2,2,pituitary,0.0001258897909732,3.596074934422366e-05,0.9998381494596826,2,pituitary,0.9998381494596826,919d6f0fb3ca462983d6df6ec06846e41abd9645
densenet121,A,1674,103046,patient_disjoint,2,2,pituitary,0.0002387255574939,9.864640078352696e-05,0.9996626280417223,2,pituitary,0.9996626280417223,919d6f0fb3ca462983d6df6ec06846e41abd9645
densenet121,A,1675,103046,patient_disjoint,2,2,pituitary,0.0003639879293061,0.0001714117353073,0.9994646003353866,2,pituitary,0.9994646003353866,919d6f0fb3ca462983d6df6ec06846e41abd9645
densenet121,A,1676,103046,patient_disjoint,2,2,pituitary,0.0001077060792394,3.194306267251867e-05,0.999860350858088,2,pituitary,0.999860350858088,919d6f0fb3ca462983d6df6ec06846e41abd9645
densenet121,A,1677,103257,patient_disjoint,4,2,pituitary,0.0001329586893157,5.210053874755447e-05,0.9998149407719368,2,pituitary,0.9998149407719368,919d6f0fb3ca462983d6df6ec06846e41abd9645
densenet121,A,1678,103257,patient_disjoint,4,2,pituitary,6.833744429821766e-05,2.124215614948046e-05,0.9999104203995522,2,pituitary,0.9999104203995522,919d6f0fb3ca462983d6df6ec06846e41abd9645
densenet121,A,1679,103257,patient_disjoint,4,2,pituitary,1.9543045929021676e-05,2.455128925478006e-06,0.9999780018251456,2,pituitary,0.9999780018251456,919d6f0fb3ca462983d6df6ec06846e41abd9645
densenet121,A,1680,103257,patient_disjoint,4,2,pituitary,2.454552438173965e-05,7.015765908402761e-06,0.99996843870971,2,pituitary,0.99996843870971,919d6f0fb3ca462983d6df6ec06846e41abd9645
densenet121,A,1681,103257,patient_disjoint,4,2,pituitary,2.690573785605329e-05,6.420888297360509e-05,0.9999088853791702,2,pituitary,0.9999088853791702,919d6f0fb3ca462983d6df6ec06846e41abd9645
densenet121,A,1682,103257,patient_disjoint,4,2,pituitary,9.195589656012835e-05,0.0002783465969889,0.9996296975064508,2,pituitary,0.9996296975064508,919d6f0fb3ca462983d6df6ec06846e41abd9645
densenet121,A,1683,103257,patient_disjoint,4,2,pituitary,0.0002469701120389,0.0005271649558729,0.9992258649320882,2,pituitary,0.9992258649320882,919d6f0fb3ca462983d6df6ec06846e41abd9645
densenet121,A,1684,103478,patient_disjoint,5,2,pituitary,4.9382966541614e-05,0.0003191455340029,0.9996314714994554,2,pituitary,0.9996314714994554,919d6f0fb3ca462983d6df6ec06846e41abd9645
densenet121,A,1685,103478,patient_disjoint,5,2,pituitary,6.775074163091092e-06,4.6570444030492865e-05,0.9999466544818064,2,pituitary,0.9999466544818064,919d6f0fb3ca462983d6df6ec06846e41abd9645
densenet121,A,1686,103478,patient_disjoint,5,2,pituitary,8.289460519129747e-06,4.406764033039008e-05,0.9999476428991504,2,pituitary,0.9999476428991504,919d6f0fb3ca462983d6df6ec06846e41abd9645
densenet121,A,1687,103478,patient_disjoint,5,2,pituitary,0.0002202368479254,0.0042350364595219,0.9955447266925528,2,pituitary,0.9955447266925528,919d6f0fb3ca462983d6df6ec06846e41abd9645
densenet121,A,1688,103478,patient_disjoint,5,2,pituitary,3.316977185083418e-05,0.0001115009612875,0.9998553292668616,2,pituitary,0.9998553292668616,919d6f0fb3ca462983d6df6ec06846e41abd9645
densenet121,A,1689,103478,patient_disjoint,5,2,pituitary,1.6988141264280046e-05,7.36035654605118e-05,0.9999094082932752,2,pituitary,0.9999094082932752,919d6f0fb3ca462983d6df6ec06846e41abd9645
densenet121,A,1690,103478,patient_disjoint,5,2,pituitary,6.225802879859399e-05,6.0637608895999704e-05,0.9998771043623056,2,pituitary,0.9998771043623056,919d6f0fb3ca462983d6df6ec06846e41abd9645
densenet121,A,1691,103478,patient_disjoint,5,2,pituitary,8.342104493778265e-05,0.0001111454826289,0.9998054334724332,2,pituitary,0.9998054334724332,919d6f0fb3ca462983d6df6ec06846e41abd9645
densenet121,A,1692,103582,patient_disjoint,3,2,pituitary,1.6954138812980205e-05,1.1767281267904535e-05,0.9999712785799192,2,pituitary,0.9999712785799192,919d6f0fb3ca462983d6df6ec06846e41abd9645
densenet121,A,1693,103582,patient_disjoint,3,2,pituitary,4.209169551062785e-05,7.411410256649169e-05,0.9998837942019227,2,pituitary,0.9998837942019227,919d6f0fb3ca462983d6df6ec06846e41abd9645
densenet121,A,1694,103582,patient_disjoint,3,2,pituitary,0.0001025737163011,5.995495109607109e-05,0.9998374713326028,2,pituitary,0.9998374713326028,919d6f0fb3ca462983d6df6ec06846e41abd9645
densenet121,A,1695,103582,patient_disjoint,3,2,pituitary,2.6604476937135884e-05,1.6618100491649774e-05,0.9999567774225712,2,pituitary,0.9999567774225712,919d6f0fb3ca462983d6df6ec06846e41abd9645
densenet121,A,1696,103582,patient_disjoint,3,2,pituitary,0.0001528125914354,8.796613221043271e-05,0.9997592212763542,2,pituitary,0.9997592212763542,919d6f0fb3ca462983d6df6ec06846e41abd9645
densenet121,A,1697,103582,patient_disjoint,3,2,pituitary,3.29560576198111e-05,2.005440463856927e-05,0.9999469895377416,2,pituitary,0.9999469895377416,919d6f0fb3ca462983d6df6ec06846e41abd9645
densenet121,A,1698,103582,patient_disjoint,3,2,pituitary,8.907631815918942e-05,0.0001182332868319,0.9997926903950088,2,pituitary,0.9997926903950088,919d6f0fb3ca462983d6df6ec06846e41abd9645
densenet121,A,1699,103582,patient_disjoint,3,2,pituitary,0.0024212480351686,0.0021975101376766,0.9953812418271548,2,pituitary,0.9953812418271548,919d6f0fb3ca462983d6df6ec06846e41abd9645
densenet121,A,1700,103670,patient_disjoint,5,2,pituitary,7.416676393859636e-06,1.502185369721538e-05,0.9999775614699088,2,pituitary,0.9999775614699088,919d6f0fb3ca462983d6df6ec06846e41abd9645
densenet121,A,1701,103670,patient_disjoint,5,2,pituitary,1.7304317071343298e-05,3.252155580790187e-05,0.9999501741271208,2,pituitary,0.9999501741271208,919d6f0fb3ca462983d6df6ec06846e41abd9645
densenet121,A,1702,103670,patient_disjoint,5,2,pituitary,7.973938436156174e-06,9.0225653902887e-06,0.9999830034961736,2,pituitary,0.9999830034961736,919d6f0fb3ca462983d6df6ec06846e41abd9645
densenet121,A,1703,103670,patient_disjoint,5,2,pituitary,3.0113821012668564e-05,1.4277154191110173e-05,0.9999556090247962,2,pituitary,0.9999556090247962,919d6f0fb3ca462983d6df6ec06846e41abd9645
densenet121,A,1704,103671,patient_disjoint,1,2,pituitary,0.0001086035907614,0.0001926123519076,0.9996987840573308,2,pituitary,0.9996987840573308,919d6f0fb3ca462983d6df6ec06846e41abd9645
densenet121,A,1705,103671,patient_disjoint,1,2,pituitary,0.0001125441866115,7.400884363747128e-05,0.999813446969751,2,pituitary,0.999813446969751,919d6f0fb3ca462983d6df6ec06846e41abd9645
densenet121,A,1706,103671,patient_disjoint,1,2,pituitary,0.0001745012705837,0.0003651479740802,0.999460350755336,2,pituitary,0.999460350755336,919d6f0fb3ca462983d6df6ec06846e41abd9645
densenet121,A,1707,103671,patient_disjoint,1,2,pituitary,0.0003225741810293,0.0003388302793156,0.9993385955396552,2,pituitary,0.9993385955396552,919d6f0fb3ca462983d6df6ec06846e41abd9645
densenet121,A,1708,103671,patient_disjoint,1,2,pituitary,0.0002415249996982,0.0012813934073422,0.9984770815929596,2,pituitary,0.9984770815929596,919d6f0fb3ca462983d6df6ec06846e41abd9645
densenet121,A,1709,103731,patient_disjoint,4,2,pituitary,0.0001182600003385,0.0001337309822238,0.9997480090174377,2,pituitary,0.9997480090174377,919d6f0fb3ca462983d6df6ec06846e41abd9645
densenet121,A,1710,103731,patient_disjoint,4,2,pituitary,0.0001940174925621,0.0003407251290155,0.9994652573784224,2,pituitary,0.9994652573784224,919d6f0fb3ca462983d6df6ec06846e41abd9645
densenet121,A,1711,103731,patient_disjoint,4,2,pituitary,4.861585898575745e-05,5.629174476049464e-05,0.9998950923962538,2,pituitary,0.9998950923962538,919d6f0fb3ca462983d6df6ec06846e41abd9645
densenet121,A,1712,103731,patient_disjoint,4,2,pituitary,6.024734038535692e-05,4.9327453494846504e-05,0.9998904252061196,2,pituitary,0.9998904252061196,919d6f0fb3ca462983d6df6ec06846e41abd9645
densenet121,A,1713,103731,patient_disjoint,4,2,pituitary,0.0001183166181125,0.0002667718404969,0.9996149115413906,2,pituitary,0.9996149115413906,919d6f0fb3ca462983d6df6ec06846e41abd9645
densenet121,A,1714,103837,patient_disjoint,2,2,pituitary,0.0091292495293929,0.0013148377124851,0.9895559127581218,2,pituitary,0.9895559127581218,919d6f0fb3ca462983d6df6ec06846e41abd9645
densenet121,A,1715,103837,patient_disjoint,2,2,pituitary,0.0027159053334412,0.0002409041976863,0.9970431904688724,2,pituitary,0.9970431904688724,919d6f0fb3ca462983d6df6ec06846e41abd9645
densenet121,A,1716,103837,patient_disjoint,2,2,pituitary,0.0002773757622004,9.204785088330682e-06,0.9997134194527112,2,pituitary,0.9997134194527112,919d6f0fb3ca462983d6df6ec06846e41abd9645
densenet121,A,1717,103837,patient_disjoint,2,2,pituitary,6.252809265196802e-05,2.0152914294210645e-06,0.9999354566159184,2,pituitary,0.9999354566159184,919d6f0fb3ca462983d6df6ec06846e41abd9645
densenet121,A,1718,103837,patient_disjoint,2,2,pituitary,6.240438491809076e-05,2.7052387386364873e-06,0.9999348903763432,2,pituitary,0.9999348903763432,919d6f0fb3ca462983d6df6ec06846e41abd9645
densenet121,A,1719,103837,patient_disjoint,2,2,pituitary,7.44886139795285e-05,1.2673128155493664e-06,0.9999242440732048,2,pituitary,0.9999242440732048,919d6f0fb3ca462983d6df6ec06846e41abd9645
densenet121,A,1720,103837,patient_disjoint,2,2,pituitary,3.5510399217699484e-05,2.0271466564002263e-06,0.999962462454126,2,pituitary,0.999962462454126,919d6f0fb3ca462983d6df6ec06846e41abd9645
densenet121,A,1721,104019,patient_disjoint,4,2,pituitary,4.403228807659029e-05,4.55475541747113e-05,0.9999104201577486,2,pituitary,0.9999104201577486,919d6f0fb3ca462983d6df6ec06846e41abd9645
densenet121,A,1722,104019,patient_disjoint,4,2,pituitary,2.7626025011160968e-05,1.7943108110279268e-05,0.9999544308668784,2,pituitary,0.9999544308668784,919d6f0fb3ca462983d6df6ec06846e41abd9645
densenet121,A,1723,104019,patient_disjoint,4,2,pituitary,1.4615181596455895e-05,2.5141199478640924e-05,0.9999602436189248,2,pituitary,0.9999602436189248,919d6f0fb3ca462983d6df6ec06846e41abd9645
densenet121,A,1724,104019,patient_disjoint,4,2,pituitary,9.259733043767264e-06,8.078011765504843e-06,0.9999826622551908,2,pituitary,0.9999826622551908,919d6f0fb3ca462983d6df6ec06846e41abd9645
densenet121,A,1725,104558,patient_disjoint,2,2,pituitary,0.0009240496070342,0.012594267285248,0.9864816831077176,2,pituitary,0.9864816831077176,919d6f0fb3ca462983d6df6ec06846e41abd9645
densenet121,A,1726,104558,patient_disjoint,2,2,pituitary,0.0468623865218306,0.0025754915022832,0.950562121975886,2,pituitary,0.950562121975886,919d6f0fb3ca462983d6df6ec06846e41abd9645
densenet121,A,1727,104558,patient_disjoint,2,2,pituitary,0.0121180057851986,0.0001885392757387,0.9876934549390624,2,pituitary,0.9876934549390624,919d6f0fb3ca462983d6df6ec06846e41abd9645
densenet121,A,1728,104558,patient_disjoint,2,2,pituitary,0.0004030422741814,9.551537291779968e-05,0.9995014423529006,2,pituitary,0.9995014423529006,919d6f0fb3ca462983d6df6ec06846e41abd9645
densenet121,A,1729,104558,patient_disjoint,2,2,pituitary,0.0039578486968926,0.0001043953675898,0.9959377559355176,2,pituitary,0.9959377559355176,919d6f0fb3ca462983d6df6ec06846e41abd9645
densenet121,A,1730,104558,patient_disjoint,2,2,pituitary,0.00036890120025,4.439859055047661e-05,0.9995867002091996,2,pituitary,0.9995867002091996,919d6f0fb3ca462983d6df6ec06846e41abd9645
densenet121,A,1731,104558,patient_disjoint,2,2,pituitary,0.0371128412863761,0.0004060546347749,0.9624811040788488,2,pituitary,0.9624811040788488,919d6f0fb3ca462983d6df6ec06846e41abd9645
densenet121,A,1732,104558,patient_disjoint,2,2,pituitary,0.0526430909219755,0.0056051488612052,0.9417517602168192,2,pituitary,0.9417517602168192,919d6f0fb3ca462983d6df6ec06846e41abd9645
densenet121,A,1733,104558,patient_disjoint,2,2,pituitary,0.7992775827989201,0.0086669931989026,0.1920554240021772,0,meningioma,0.7992775827989201,919d6f0fb3ca462983d6df6ec06846e41abd9645
densenet121,A,1734,104684,patient_disjoint,3,2,pituitary,0.0001159673464259,0.0001650147127021,0.999719017940872,2,pituitary,0.999719017940872,919d6f0fb3ca462983d6df6ec06846e41abd9645
densenet121,A,1735,104684,patient_disjoint,3,2,pituitary,0.0001392624918864,8.035795131415033e-05,0.9997803795567994,2,pituitary,0.9997803795567994,919d6f0fb3ca462983d6df6ec06846e41abd9645
densenet121,A,1736,104684,patient_disjoint,3,2,pituitary,4.92177170447176e-05,7.520021026592281e-05,0.9998755820726892,2,pituitary,0.9998755820726892,919d6f0fb3ca462983d6df6ec06846e41abd9645
densenet121,A,1737,104684,patient_disjoint,3,2,pituitary,4.170369879542581e-05,3.372193043996517e-05,0.9999245743707644,2,pituitary,0.9999245743707644,919d6f0fb3ca462983d6df6ec06846e41abd9645
densenet121,A,1738,104684,patient_disjoint,3,2,pituitary,9.665725062025e-05,6.699259914884933e-05,0.999836350150231,2,pituitary,0.999836350150231,919d6f0fb3ca462983d6df6ec06846e41abd9645
densenet121,A,1739,104684,patient_disjoint,3,2,pituitary,0.0001120042610514,9.872023952939288e-05,0.9997892754994192,2,pituitary,0.9997892754994192,919d6f0fb3ca462983d6df6ec06846e41abd9645
densenet121,A,1740,104684,patient_disjoint,3,2,pituitary,0.0001527789478293,0.0001739324910001,0.9996732885611704,2,pituitary,0.9996732885611704,919d6f0fb3ca462983d6df6ec06846e41abd9645
densenet121,A,1741,104912,patient_disjoint,5,2,pituitary,0.000246912240119,0.0016479509734535,0.9981051367864272,2,pituitary,0.9981051367864272,919d6f0fb3ca462983d6df6ec06846e41abd9645
densenet121,A,1742,104912,patient_disjoint,5,2,pituitary,0.0001316893747111,0.0007160821759932,0.9991522284492956,2,pituitary,0.9991522284492956,919d6f0fb3ca462983d6df6ec06846e41abd9645
densenet121,A,1743,104912,patient_disjoint,5,2,pituitary,0.0001942924079308,0.0009352950861264,0.9988704125059428,2,pituitary,0.9988704125059428,919d6f0fb3ca462983d6df6ec06846e41abd9645
densenet121,A,1744,104912,patient_disjoint,5,2,pituitary,0.000214636044818,0.000434326000889,0.9993510379542928,2,pituitary,0.9993510379542928,919d6f0fb3ca462983d6df6ec06846e41abd9645
densenet121,A,1745,104912,patient_disjoint,5,2,pituitary,0.0006494484787754,0.0061187675178352,0.9932317840033894,2,pituitary,0.9932317840033894,919d6f0fb3ca462983d6df6ec06846e41abd9645
densenet121,A,1746,104912,patient_disjoint,5,2,pituitary,0.0005752059632745,0.0041380107514532,0.995286783285272,2,pituitary,0.995286783285272,919d6f0fb3ca462983d6df6ec06846e41abd9645
densenet121,A,1747,104912,patient_disjoint,5,2,pituitary,0.0009629230377947,0.019221085570787,0.9798159913914184,2,pituitary,0.9798159913914184,919d6f0fb3ca462983d6df6ec06846e41abd9645
densenet121,A,1748,105187,patient_disjoint,1,2,pituitary,0.0001865056776289,0.0002147795506354,0.9995987147717358,2,pituitary,0.9995987147717358,919d6f0fb3ca462983d6df6ec06846e41abd9645
densenet121,A,1749,105187,patient_disjoint,1,2,pituitary,0.0002756546483233,0.0001390774226536,0.999585267929023,2,pituitary,0.999585267929023,919d6f0fb3ca462983d6df6ec06846e41abd9645
densenet121,A,1750,105187,patient_disjoint,1,2,pituitary,0.00111260233123,0.000276572405044,0.9986108252637258,2,pituitary,0.9986108252637258,919d6f0fb3ca462983d6df6ec06846e41abd9645
densenet121,A,1751,105187,patient_disjoint,1,2,pituitary,6.0083119025849426e-05,0.0010024605448517,0.9989374563361224,2,pituitary,0.9989374563361224,919d6f0fb3ca462983d6df6ec06846e41abd9645
densenet121,A,1752,105187,patient_disjoint,1,2,pituitary,0.0014695182092333,0.0013778760559473,0.9971526057348192,2,pituitary,0.9971526057348192,919d6f0fb3ca462983d6df6ec06846e41abd9645
densenet121,A,1753,105187,patient_disjoint,1,2,pituitary,0.0001845656457259,0.0001251154620658,0.9996903188922082,2,pituitary,0.9996903188922082,919d6f0fb3ca462983d6df6ec06846e41abd9645
densenet121,A,1754,105475,patient_disjoint,1,2,pituitary,0.000978599900042,0.0009627365093251,0.9980586635906328,2,pituitary,0.9980586635906328,919d6f0fb3ca462983d6df6ec06846e41abd9645
densenet121,A,1755,105475,patient_disjoint,1,2,pituitary,0.0007594562970039,0.0009418399816474,0.9982987037213488,2,pituitary,0.9982987037213488,919d6f0fb3ca462983d6df6ec06846e41abd9645
densenet121,A,1756,105475,patient_disjoint,1,2,pituitary,0.0032259605668068,0.1203732081753689,0.8764008312578241,2,pituitary,0.8764008312578241,919d6f0fb3ca462983d6df6ec06846e41abd9645
densenet121,A,1757,105475,patient_disjoint,1,2,pituitary,0.0008206211528671,0.0004527160636239,0.9987266627835087,2,pituitary,0.9987266627835087,919d6f0fb3ca462983d6df6ec06846e41abd9645
densenet121,A,1758,105475,patient_disjoint,1,2,pituitary,0.0005487561482942,0.0001174222231187,0.9993338216285872,2,pituitary,0.9993338216285872,919d6f0fb3ca462983d6df6ec06846e41abd9645
densenet121,A,1759,105538,patient_disjoint,4,2,pituitary,0.3578088818545073,0.2827949001197305,0.3593962180257622,2,pituitary,0.3593962180257622,919d6f0fb3ca462983d6df6ec06846e41abd9645
densenet121,A,1760,105538,patient_disjoint,4,2,pituitary,0.4839991808398541,0.461862346325236,0.0541384728349097,0,meningioma,0.4839991808398541,919d6f0fb3ca462983d6df6ec06846e41abd9645
densenet121,A,1761,105638,patient_disjoint,4,2,pituitary,6.179568590599525e-05,5.922340664753705e-05,0.9998789809074464,2,pituitary,0.9998789809074464,919d6f0fb3ca462983d6df6ec06846e41abd9645
densenet121,A,1762,105638,patient_disjoint,4,2,pituitary,1.1082569799818234e-05,3.7333227815451215e-06,0.9999851841074188,2,pituitary,0.9999851841074188,919d6f0fb3ca462983d6df6ec06846e41abd9645
densenet121,A,1763,105638,patient_disjoint,4,2,pituitary,1.046876875373176e-05,4.955730440855471e-06,0.9999845755008054,2,pituitary,0.9999845755008054,919d6f0fb3ca462983d6df6ec06846e41abd9645
densenet121,A,1764,105638,patient_disjoint,4,2,pituitary,0.0001062418973557,0.0002070483312342,0.99968670977141,2,pituitary,0.99968670977141,919d6f0fb3ca462983d6df6ec06846e41abd9645
densenet121,A,1765,105638,patient_disjoint,4,2,pituitary,4.508290340335098e-05,2.6544937540374384e-05,0.9999283721590564,2,pituitary,0.9999283721590564,919d6f0fb3ca462983d6df6ec06846e41abd9645
densenet121,A,1766,97416,patient_disjoint,4,2,pituitary,8.928210833989636e-05,0.0002050782811953,0.9997056396104648,2,pituitary,0.9997056396104648,919d6f0fb3ca462983d6df6ec06846e41abd9645
densenet121,A,1767,97416,patient_disjoint,4,2,pituitary,5.65482678235334e-05,8.599082737656115e-05,0.9998574609048,2,pituitary,0.9998574609048,919d6f0fb3ca462983d6df6ec06846e41abd9645
densenet121,A,1768,97416,patient_disjoint,4,2,pituitary,5.60177774212994e-05,2.270741196121801e-05,0.9999212748106177,2,pituitary,0.9999212748106177,919d6f0fb3ca462983d6df6ec06846e41abd9645
densenet121,A,1769,97416,patient_disjoint,4,2,pituitary,0.0021965989021701,0.00010065216589,0.99770274893194,2,pituitary,0.99770274893194,919d6f0fb3ca462983d6df6ec06846e41abd9645
densenet121,A,1770,97416,patient_disjoint,4,2,pituitary,4.89763319103888e-05,6.3789271728950935e-06,0.9999446447409166,2,pituitary,0.9999446447409166,919d6f0fb3ca462983d6df6ec06846e41abd9645
densenet121,A,1771,97416,patient_disjoint,4,2,pituitary,0.0003357441036195,2.38867348852067e-05,0.9996403691614952,2,pituitary,0.9996403691614952,919d6f0fb3ca462983d6df6ec06846e41abd9645
densenet121,A,1772,97416,patient_disjoint,4,2,pituitary,0.0003579207840569,0.0004498391243578,0.9991922400915852,2,pituitary,0.9991922400915852,919d6f0fb3ca462983d6df6ec06846e41abd9645
densenet121,A,1773,97461,patient_disjoint,3,2,pituitary,0.0001270180516818,0.000118234296583,0.999754747651735,2,pituitary,0.999754747651735,919d6f0fb3ca462983d6df6ec06846e41abd9645
densenet121,A,1774,97461,patient_disjoint,3,2,pituitary,3.593482153412925e-05,4.491013270321785e-05,0.9999191550457626,2,pituitary,0.9999191550457626,919d6f0fb3ca462983d6df6ec06846e41abd9645
densenet121,A,1775,97461,patient_disjoint,3,2,pituitary,6.318038673635965e-05,0.000147875790541,0.9997889438227228,2,pituitary,0.9997889438227228,919d6f0fb3ca462983d6df6ec06846e41abd9645
densenet121,A,1776,97461,patient_disjoint,3,2,pituitary,0.0001208382281228,0.000206953976091,0.999672207795786,2,pituitary,0.999672207795786,919d6f0fb3ca462983d6df6ec06846e41abd9645
densenet121,A,1777,97461,patient_disjoint,3,2,pituitary,4.135153406922813e-05,0.0001198887887609,0.9998387596771696,2,pituitary,0.9998387596771696,919d6f0fb3ca462983d6df6ec06846e41abd9645
densenet121,A,1778,97461,patient_disjoint,3,2,pituitary,3.841055500030345e-05,5.2535136934198394e-05,0.9999090543080656,2,pituitary,0.9999090543080656,919d6f0fb3ca462983d6df6ec06846e41abd9645
densenet121,A,1779,97461,patient_disjoint,3,2,pituitary,3.0810469186434094e-05,6.96023666064484e-05,0.9998995871642072,2,pituitary,0.9998995871642072,919d6f0fb3ca462983d6df6ec06846e41abd9645
densenet121,A,1780,97461,patient_disjoint,3,2,pituitary,0.0001751303933336,0.0003942163940133,0.999430653212653,2,pituitary,0.999430653212653,919d6f0fb3ca462983d6df6ec06846e41abd9645
densenet121,A,1781,97481,patient_disjoint,2,2,pituitary,2.5682925074804982e-05,1.3330763822063309e-05,0.9999609863111032,2,pituitary,0.9999609863111032,919d6f0fb3ca462983d6df6ec06846e41abd9645
densenet121,A,1782,97481,patient_disjoint,2,2,pituitary,2.122207984520869e-05,7.797735411072923e-06,0.9999709801847436,2,pituitary,0.9999709801847436,919d6f0fb3ca462983d6df6ec06846e41abd9645
densenet121,A,1783,97481,patient_disjoint,2,2,pituitary,4.2111898280453285e-06,3.093371593483917e-06,0.9999926954385784,2,pituitary,0.9999926954385784,919d6f0fb3ca462983d6df6ec06846e41abd9645
densenet121,A,1784,97481,patient_disjoint,2,2,pituitary,6.4952214138995114e-06,1.6985348822172872e-05,0.9999765194297638,2,pituitary,0.9999765194297638,919d6f0fb3ca462983d6df6ec06846e41abd9645
densenet121,A,1785,97481,patient_disjoint,2,2,pituitary,2.054394491236989e-05,0.0003807530026833,0.9995987030524044,2,pituitary,0.9995987030524044,919d6f0fb3ca462983d6df6ec06846e41abd9645
densenet121,A,1786,97599,patient_disjoint,2,2,pituitary,0.0070554472232197,7.577559821739211e-05,0.9928687771785628,2,pituitary,0.9928687771785628,919d6f0fb3ca462983d6df6ec06846e41abd9645
densenet121,A,1787,97599,patient_disjoint,2,2,pituitary,0.0008491495912281,0.00036433534373,0.9987865150650418,2,pituitary,0.9987865150650418,919d6f0fb3ca462983d6df6ec06846e41abd9645
densenet121,A,1788,97599,patient_disjoint,2,2,pituitary,0.0013236716238632,0.0001388603394626,0.998537468036674,2,pituitary,0.998537468036674,919d6f0fb3ca462983d6df6ec06846e41abd9645
densenet121,A,1789,97890,patient_disjoint,1,2,pituitary,0.0001490300204161,0.0001525736230708,0.9996983963565128,2,pituitary,0.9996983963565128,919d6f0fb3ca462983d6df6ec06846e41abd9645
densenet121,A,1790,97890,patient_disjoint,1,2,pituitary,7.146268080068509e-05,1.8149722143507975e-05,0.999910387597056,2,pituitary,0.999910387597056,919d6f0fb3ca462983d6df6ec06846e41abd9645
densenet121,A,1791,97890,patient_disjoint,1,2,pituitary,0.0002601026817095,1.8655512889870596e-05,0.9997212418054006,2,pituitary,0.9997212418054006,919d6f0fb3ca462983d6df6ec06846e41abd9645
densenet121,A,1792,97890,patient_disjoint,1,2,pituitary,0.0001158050020857,0.0003646049265702,0.999519590071344,2,pituitary,0.999519590071344,919d6f0fb3ca462983d6df6ec06846e41abd9645
densenet121,A,1793,97890,patient_disjoint,1,2,pituitary,0.0001976762572481,5.959323462702349e-05,0.9997427305081248,2,pituitary,0.9997427305081248,919d6f0fb3ca462983d6df6ec06846e41abd9645
densenet121,A,1794,97890,patient_disjoint,1,2,pituitary,9.710262918921433e-05,1.811217731875839e-05,0.999884785193492,2,pituitary,0.999884785193492,919d6f0fb3ca462983d6df6ec06846e41abd9645
densenet121,A,1795,98472,patient_disjoint,3,2,pituitary,9.438138258566668e-05,5.670674489667763e-05,0.9998489118725176,2,pituitary,0.9998489118725176,919d6f0fb3ca462983d6df6ec06846e41abd9645
densenet121,A,1796,98472,patient_disjoint,3,2,pituitary,0.8349929513417407,0.0005418263023734,0.1644652223558857,0,meningioma,0.8349929513417407,919d6f0fb3ca462983d6df6ec06846e41abd9645
densenet121,A,1797,98472,patient_disjoint,3,2,pituitary,0.1001462650926016,0.000699844922892,0.8991538899845062,2,pituitary,0.8991538899845062,919d6f0fb3ca462983d6df6ec06846e41abd9645
densenet121,A,1798,98472,patient_disjoint,3,2,pituitary,0.1638603827121122,0.0004895433344242,0.8356500739534634,2,pituitary,0.8356500739534634,919d6f0fb3ca462983d6df6ec06846e41abd9645
densenet121,A,1799,98472,patient_disjoint,3,2,pituitary,0.0006357842606252,5.492450176270899e-05,0.999309291237612,2,pituitary,0.999309291237612,919d6f0fb3ca462983d6df6ec06846e41abd9645
densenet121,A,1800,98472,patient_disjoint,3,2,pituitary,0.0002392070519069,0.0001391279231813,0.9996216650249116,2,pituitary,0.9996216650249116,919d6f0fb3ca462983d6df6ec06846e41abd9645
densenet121,A,1801,98652,patient_disjoint,3,2,pituitary,0.0002373384452889,0.0001415120567453,0.9996211494979657,2,pituitary,0.9996211494979657,919d6f0fb3ca462983d6df6ec06846e41abd9645
densenet121,A,1802,98652,patient_disjoint,3,2,pituitary,0.0003879206312643,0.000378950360576,0.9992331290081594,2,pituitary,0.9992331290081594,919d6f0fb3ca462983d6df6ec06846e41abd9645
densenet121,A,1803,98652,patient_disjoint,3,2,pituitary,0.0082976663605912,0.002371360605265,0.9893309730341436,2,pituitary,0.9893309730341436,919d6f0fb3ca462983d6df6ec06846e41abd9645
densenet121,A,1804,98652,patient_disjoint,3,2,pituitary,0.0012650335309346,0.0002886002668457,0.9984463662022196,2,pituitary,0.9984463662022196,919d6f0fb3ca462983d6df6ec06846e41abd9645
densenet121,A,1805,98652,patient_disjoint,3,2,pituitary,0.002366509945629,0.0010055579575265,0.9966279320968444,2,pituitary,0.9966279320968444,919d6f0fb3ca462983d6df6ec06846e41abd9645
densenet121,A,1806,98871,patient_disjoint,4,2,pituitary,0.0004238301846307,0.0225054618603537,0.9770707079550156,2,pituitary,0.9770707079550156,919d6f0fb3ca462983d6df6ec06846e41abd9645
densenet121,A,1807,98871,patient_disjoint,4,2,pituitary,9.660511470099131e-05,0.0004879283462954,0.9994154665390036,2,pituitary,0.9994154665390036,919d6f0fb3ca462983d6df6ec06846e41abd9645
densenet121,A,1808,98871,patient_disjoint,4,2,pituitary,0.0001842628915406,0.0001346706083898,0.9996810665000696,2,pituitary,0.9996810665000696,919d6f0fb3ca462983d6df6ec06846e41abd9645
densenet121,A,1809,98871,patient_disjoint,4,2,pituitary,0.0004527648980273,0.0044097832013434,0.9951374519006292,2,pituitary,0.9951374519006292,919d6f0fb3ca462983d6df6ec06846e41abd9645
densenet121,A,1810,98871,patient_disjoint,4,2,pituitary,0.000781613486085,0.0198456571943474,0.9793727293195674,2,pituitary,0.9793727293195674,919d6f0fb3ca462983d6df6ec06846e41abd9645
densenet121,A,1811,98871,patient_disjoint,4,2,pituitary,5.308940179108923e-05,9.515771183583891e-05,0.9998517528863732,2,pituitary,0.9998517528863732,919d6f0fb3ca462983d6df6ec06846e41abd9645
densenet121,A,1812,98871,patient_disjoint,4,2,pituitary,3.429274184273327e-05,0.0001236562177621,0.999842051040395,2,pituitary,0.999842051040395,919d6f0fb3ca462983d6df6ec06846e41abd9645
densenet121,A,1813,98874,patient_disjoint,1,2,pituitary,0.004706201589656,0.0025209158052144,0.9927728826051294,2,pituitary,0.9927728826051294,919d6f0fb3ca462983d6df6ec06846e41abd9645
densenet121,A,1814,98874,patient_disjoint,1,2,pituitary,0.0006984612131843,0.0004655571008311,0.9988359816859844,2,pituitary,0.9988359816859844,919d6f0fb3ca462983d6df6ec06846e41abd9645
densenet121,A,1815,98874,patient_disjoint,1,2,pituitary,0.0005338292153643,0.0003473229198602,0.9991188478647752,2,pituitary,0.9991188478647752,919d6f0fb3ca462983d6df6ec06846e41abd9645
densenet121,A,1816,98874,patient_disjoint,1,2,pituitary,0.0058672627162094,0.0059263638595457,0.9882063734242448,2,pituitary,0.9882063734242448,919d6f0fb3ca462983d6df6ec06846e41abd9645
densenet121,A,1817,98874,patient_disjoint,1,2,pituitary,0.0009715057831358,0.0001695764303437,0.9988589177865204,2,pituitary,0.9988589177865204,919d6f0fb3ca462983d6df6ec06846e41abd9645
densenet121,A,1818,98874,patient_disjoint,1,2,pituitary,0.0075389076477103,0.0004700063629995,0.99199108598929,2,pituitary,0.99199108598929,919d6f0fb3ca462983d6df6ec06846e41abd9645
densenet121,A,1819,98992,patient_disjoint,5,2,pituitary,0.0330407471642026,0.024793151272903,0.9421661015628944,2,pituitary,0.9421661015628944,919d6f0fb3ca462983d6df6ec06846e41abd9645
densenet121,A,1820,98992,patient_disjoint,5,2,pituitary,0.0005866245309128,0.0002631669995058,0.9991502084695812,2,pituitary,0.9991502084695812,919d6f0fb3ca462983d6df6ec06846e41abd9645
densenet121,A,1821,98992,patient_disjoint,5,2,pituitary,0.0364285966787455,0.0271043520906447,0.9364670512306096,2,pituitary,0.9364670512306096,919d6f0fb3ca462983d6df6ec06846e41abd9645
densenet121,A,1822,98992,patient_disjoint,5,2,pituitary,0.0004947416939802,0.0014924170052446,0.9980128413007752,2,pituitary,0.9980128413007752,919d6f0fb3ca462983d6df6ec06846e41abd9645
densenet121,A,1823,98992,patient_disjoint,5,2,pituitary,3.1899246780178534e-05,7.728923872775593e-05,0.999890811514492,2,pituitary,0.999890811514492,919d6f0fb3ca462983d6df6ec06846e41abd9645
densenet121,A,1824,98992,patient_disjoint,5,2,pituitary,3.3147964560650535e-05,0.0001063807453117,0.9998604712901276,2,pituitary,0.9998604712901276,919d6f0fb3ca462983d6df6ec06846e41abd9645
densenet121,A,1825,98992,patient_disjoint,5,2,pituitary,5.0211920826872304e-05,3.5332727225601244e-05,0.9999144553519476,2,pituitary,0.9999144553519476,919d6f0fb3ca462983d6df6ec06846e41abd9645
densenet121,A,1826,98992,patient_disjoint,5,2,pituitary,5.491587632116822e-05,0.0001321718435871,0.9998129122800916,2,pituitary,0.9998129122800916,919d6f0fb3ca462983d6df6ec06846e41abd9645
densenet121,A,1827,98992,patient_disjoint,5,2,pituitary,8.493716962219314e-05,0.0003054579465604,0.9996096048838174,2,pituitary,0.9996096048838174,919d6f0fb3ca462983d6df6ec06846e41abd9645
densenet121,A,1828,98992,patient_disjoint,5,2,pituitary,0.0001805634771246,0.0003657530077342,0.9994536835151412,2,pituitary,0.9994536835151412,919d6f0fb3ca462983d6df6ec06846e41abd9645
densenet121,A,1829,98992,patient_disjoint,5,2,pituitary,0.000438609294067,0.002427720848687,0.997133669857246,2,pituitary,0.997133669857246,919d6f0fb3ca462983d6df6ec06846e41abd9645
densenet121,A,1830,98995,patient_disjoint,4,2,pituitary,8.646451473205906e-05,2.550007033514917e-05,0.9998880354149328,2,pituitary,0.9998880354149328,919d6f0fb3ca462983d6df6ec06846e41abd9645
densenet121,A,1831,98995,patient_disjoint,4,2,pituitary,1.962224571307926e-05,2.993736914806303e-06,0.999977384017372,2,pituitary,0.999977384017372,919d6f0fb3ca462983d6df6ec06846e41abd9645
densenet121,A,1832,98995,patient_disjoint,4,2,pituitary,5.095870473963655e-05,1.5025372380198069e-05,0.99993401592288,2,pituitary,0.99993401592288,919d6f0fb3ca462983d6df6ec06846e41abd9645
densenet121,A,1833,98995,patient_disjoint,4,2,pituitary,4.452069232780361e-05,1.0510854628345644e-05,0.9999449684530436,2,pituitary,0.9999449684530436,919d6f0fb3ca462983d6df6ec06846e41abd9645
densenet121,A,1834,98995,patient_disjoint,4,2,pituitary,5.094822333986424e-05,1.975401235599017e-05,0.9999292977643042,2,pituitary,0.9999292977643042,919d6f0fb3ca462983d6df6ec06846e41abd9645
densenet121,A,1835,99223,patient_disjoint,1,2,pituitary,0.0001267277806314,1.914799216728771e-05,0.9998541242272012,2,pituitary,0.9998541242272012,919d6f0fb3ca462983d6df6ec06846e41abd9645
densenet121,A,1836,99223,patient_disjoint,1,2,pituitary,4.338923212290813e-05,6.164402623171664e-06,0.999950446365254,2,pituitary,0.999950446365254,919d6f0fb3ca462983d6df6ec06846e41abd9645
densenet121,A,1837,99223,patient_disjoint,1,2,pituitary,0.0001616689757309,8.215009313818316e-05,0.9997561809311308,2,pituitary,0.9997561809311308,919d6f0fb3ca462983d6df6ec06846e41abd9645
densenet121,A,1838,99223,patient_disjoint,1,2,pituitary,0.0001334361228852,1.321925638586752e-05,0.999853344620729,2,pituitary,0.999853344620729,919d6f0fb3ca462983d6df6ec06846e41abd9645
densenet121,A,1839,99223,patient_disjoint,1,2,pituitary,7.221892460989595e-05,1.300076370313623e-05,0.999914780311687,2,pituitary,0.999914780311687,919d6f0fb3ca462983d6df6ec06846e41abd9645
densenet121,A,1840,99223,patient_disjoint,1,2,pituitary,0.0003391550072714,2.9667645543493985e-05,0.9996311773471852,2,pituitary,0.9996311773471852,919d6f0fb3ca462983d6df6ec06846e41abd9645
densenet121,A,1841,MR048294,patient_disjoint,1,1,glioma,0.000223257821137,0.9995493550424596,0.0002273871364035,1,glioma,0.9995493550424596,919d6f0fb3ca462983d6df6ec06846e41abd9645
densenet121,A,1842,MR048294,patient_disjoint,1,1,glioma,0.0005061429159616,0.998814081552422,0.0006797755316162,1,glioma,0.998814081552422,919d6f0fb3ca462983d6df6ec06846e41abd9645
densenet121,A,1843,MR048294,patient_disjoint,1,1,glioma,0.0001613215994825,0.9997306889897076,0.0001079894108098,1,glioma,0.9997306889897076,919d6f0fb3ca462983d6df6ec06846e41abd9645
densenet121,A,1844,MR048294,patient_disjoint,1,1,glioma,0.0001940011569913,0.9995114487690652,0.0002945500739433,1,glioma,0.9995114487690652,919d6f0fb3ca462983d6df6ec06846e41abd9645
densenet121,A,1845,MR048294,patient_disjoint,1,1,glioma,0.0017650087327086,0.9973322913916016,0.0009026998756897,1,glioma,0.9973322913916016,919d6f0fb3ca462983d6df6ec06846e41abd9645
densenet121,A,1846,MR048294,patient_disjoint,1,1,glioma,0.0002167432104997,0.9996284880087418,0.0001547687807585,1,glioma,0.9996284880087418,919d6f0fb3ca462983d6df6ec06846e41abd9645
densenet121,A,1847,MR048294,patient_disjoint,1,1,glioma,0.0003310276950345,0.999507558302166,0.0001614140027995,1,glioma,0.999507558302166,919d6f0fb3ca462983d6df6ec06846e41abd9645
densenet121,A,1848,MR048294,patient_disjoint,1,1,glioma,0.0004003184225254,0.9992678687682116,0.000331812809263,1,glioma,0.9992678687682116,919d6f0fb3ca462983d6df6ec06846e41abd9645
densenet121,A,1849,MR048297,patient_disjoint,1,1,glioma,0.0001610739196926,0.9997648851814211,7.404089888612019e-05,1,glioma,0.9997648851814211,919d6f0fb3ca462983d6df6ec06846e41abd9645
densenet121,A,1850,MR048297,patient_disjoint,1,1,glioma,0.0008978514188874,0.9989984965199536,0.0001036520611589,1,glioma,0.9989984965199536,919d6f0fb3ca462983d6df6ec06846e41abd9645
densenet121,A,1851,MR048297,patient_disjoint,1,1,glioma,0.0006843558022604,0.9992183001202553,9.7344077484517e-05,1,glioma,0.9992183001202553,919d6f0fb3ca462983d6df6ec06846e41abd9645
densenet121,A,1852,MR048297,patient_disjoint,1,1,glioma,0.0002923298926924,0.9996269222474428,8.074785986475933e-05,1,glioma,0.9996269222474428,919d6f0fb3ca462983d6df6ec06846e41abd9645
densenet121,A,1853,MR048294B,patient_disjoint,5,1,glioma,0.0001482784921376,0.9995188092917864,0.0003329122160761,1,glioma,0.9995188092917864,919d6f0fb3ca462983d6df6ec06846e41abd9645
densenet121,A,1854,MR048621B,patient_disjoint,5,1,glioma,0.0008062955280644,0.9970061424148122,0.0021875620571233,1,glioma,0.9970061424148122,919d6f0fb3ca462983d6df6ec06846e41abd9645
densenet121,A,1855,MR048621B,patient_disjoint,5,1,glioma,0.0012146476495892,0.9941012847254964,0.0046840676249142,1,glioma,0.9941012847254964,919d6f0fb3ca462983d6df6ec06846e41abd9645
densenet121,A,1856,MR048621B,patient_disjoint,5,1,glioma,0.0014180387196892,0.9833089462263064,0.0152730150540043,1,glioma,0.9833089462263064,919d6f0fb3ca462983d6df6ec06846e41abd9645
densenet121,A,1857,MR048621B,patient_disjoint,5,1,glioma,0.0005724058594063,0.998535481656069,0.0008921124845247,1,glioma,0.998535481656069,919d6f0fb3ca462983d6df6ec06846e41abd9645
densenet121,A,1858,MR048621B,patient_disjoint,5,1,glioma,0.002150741265044,0.9953910731247736,0.0024581856101824,1,glioma,0.9953910731247736,919d6f0fb3ca462983d6df6ec06846e41abd9645
densenet121,A,1859,MR048621B,patient_disjoint,5,1,glioma,0.0018133676049759,0.9967501743587078,0.0014364580363162,1,glioma,0.9967501743587078,919d6f0fb3ca462983d6df6ec06846e41abd9645
densenet121,A,1860,MR048621B,patient_disjoint,5,1,glioma,0.0009346415723859,0.9982211457992058,0.0008442126284082,1,glioma,0.9982211457992058,919d6f0fb3ca462983d6df6ec06846e41abd9645
densenet121,A,1861,MR048621B,patient_disjoint,5,1,glioma,0.0009088401542929,0.9981954802256048,0.0008956796201022,1,glioma,0.9981954802256048,919d6f0fb3ca462983d6df6ec06846e41abd9645
densenet121,A,1862,MR048944,patient_disjoint,5,1,glioma,0.0024195440809159,0.9972726091633278,0.0003078467557563,1,glioma,0.9972726091633278,919d6f0fb3ca462983d6df6ec06846e41abd9645
densenet121,A,1863,MR048944,patient_disjoint,5,1,glioma,0.0009459446689765,0.9988009712057352,0.0002530841252884,1,glioma,0.9988009712057352,919d6f0fb3ca462983d6df6ec06846e41abd9645
densenet121,A,1864,MR048944,patient_disjoint,5,1,glioma,0.0037652927431902,0.9957849822394874,0.0004497250173223,1,glioma,0.9957849822394874,919d6f0fb3ca462983d6df6ec06846e41abd9645
densenet121,A,1865,MR048944,patient_disjoint,5,1,glioma,0.0010765339759945,0.9986667128236532,0.0002567532003521,1,glioma,0.9986667128236532,919d6f0fb3ca462983d6df6ec06846e41abd9645
densenet121,A,1866,MR048944,patient_disjoint,5,1,glioma,0.0020227009144889,0.9971933504324292,0.0007839486530818,1,glioma,0.9971933504324292,919d6f0fb3ca462983d6df6ec06846e41abd9645
densenet121,A,1867,MR048944,patient_disjoint,5,1,glioma,0.0221936134026608,0.9752751909294072,0.0025311956679319,1,glioma,0.9752751909294072,919d6f0fb3ca462983d6df6ec06846e41abd9645
densenet121,A,1868,MR048944,patient_disjoint,5,1,glioma,0.016824076454409,0.9801423254308028,0.0030335981147881,1,glioma,0.9801423254308028,919d6f0fb3ca462983d6df6ec06846e41abd9645
densenet121,A,1869,MR048944,patient_disjoint,5,1,glioma,0.5515771314895246,0.3998051772988978,0.0486176912115774,0,meningioma,0.5515771314895246,919d6f0fb3ca462983d6df6ec06846e41abd9645
densenet121,A,1870,MR048994,patient_disjoint,2,1,glioma,0.0001231126856232,0.999852601300686,2.4286013690644268e-05,1,glioma,0.999852601300686,919d6f0fb3ca462983d6df6ec06846e41abd9645
densenet121,A,1871,MR048994,patient_disjoint,2,1,glioma,9.205155419575446e-05,0.9998875756279928,2.037281781134266e-05,1,glioma,0.9998875756279928,919d6f0fb3ca462983d6df6ec06846e41abd9645
densenet121,A,1872,MR048994,patient_disjoint,2,1,glioma,0.0001628057043393,0.9998171647270844,2.0029568576458756e-05,1,glioma,0.9998171647270844,919d6f0fb3ca462983d6df6ec06846e41abd9645
densenet121,A,1873,MR048994,patient_disjoint,2,1,glioma,0.0001161000156181,0.9998741094483228,9.790536059335116e-06,1,glioma,0.9998741094483228,919d6f0fb3ca462983d6df6ec06846e41abd9645
densenet121,A,1874,MR048994,patient_disjoint,2,1,glioma,9.904389330620088e-05,0.9998919009726672,9.055134026791646e-06,1,glioma,0.9998919009726672,919d6f0fb3ca462983d6df6ec06846e41abd9645
densenet121,A,1875,MR048994,patient_disjoint,2,1,glioma,9.196874814560632e-05,0.999894075834011,1.395541784325991e-05,1,glioma,0.999894075834011,919d6f0fb3ca462983d6df6ec06846e41abd9645
densenet121,A,1876,MR048994,patient_disjoint,2,1,glioma,0.000225751689799,0.9997116849614388,6.256334876216412e-05,1,glioma,0.9997116849614388,919d6f0fb3ca462983d6df6ec06846e41abd9645
densenet121,A,1877,MR048994,patient_disjoint,2,1,glioma,0.0004740202813047,0.9994810447927694,4.493492592585343e-05,1,glioma,0.9994810447927694,919d6f0fb3ca462983d6df6ec06846e41abd9645
densenet121,A,1878,MR048994,patient_disjoint,2,1,glioma,0.0045398296458613,0.9953762433783008,8.392697583792821e-05,1,glioma,0.9953762433783008,919d6f0fb3ca462983d6df6ec06846e41abd9645
densenet121,A,1879,MR049104,patient_disjoint,1,1,glioma,0.0001080455747247,0.9997039547911444,0.0001879996341309,1,glioma,0.9997039547911444,919d6f0fb3ca462983d6df6ec06846e41abd9645
densenet121,A,1880,MR049104,patient_disjoint,1,1,glioma,0.0001404351987245,0.9995846220251482,0.0002749427761273,1,glioma,0.9995846220251482,919d6f0fb3ca462983d6df6ec06846e41abd9645
densenet121,A,1881,MR049142,patient_disjoint,5,1,glioma,0.1060725278576746,0.8841004532302417,0.0098270189120838,1,glioma,0.8841004532302417,919d6f0fb3ca462983d6df6ec06846e41abd9645
densenet121,A,1882,MR049142,patient_disjoint,5,1,glioma,0.0247776417142761,0.9732266944265358,0.001995663859188,1,glioma,0.9732266944265358,919d6f0fb3ca462983d6df6ec06846e41abd9645
densenet121,A,1883,MR049142,patient_disjoint,5,1,glioma,0.0355830244245887,0.9622155213903932,0.002201454185018,1,glioma,0.9622155213903932,919d6f0fb3ca462983d6df6ec06846e41abd9645
densenet121,A,1884,MR049142,patient_disjoint,5,1,glioma,0.0805830289457794,0.9159221104835928,0.0034948605706278,1,glioma,0.9159221104835928,919d6f0fb3ca462983d6df6ec06846e41abd9645
densenet121,A,1885,MR048994B,patient_disjoint,4,1,glioma,0.0004909928699838,0.9990842456220032,0.0004247615080127,1,glioma,0.9990842456220032,919d6f0fb3ca462983d6df6ec06846e41abd9645
densenet121,A,1886,MR048994B,patient_disjoint,4,1,glioma,0.0002434288188166,0.9995477024022822,0.0002088687789011,1,glioma,0.9995477024022822,919d6f0fb3ca462983d6df6ec06846e41abd9645
densenet121,A,1887,MR048994B,patient_disjoint,4,1,glioma,0.0002709975036432,0.9995703540285428,0.0001586484678139,1,glioma,0.9995703540285428,919d6f0fb3ca462983d6df6ec06846e41abd9645
densenet121,A,1888,MR048994B,patient_disjoint,4,1,glioma,0.0005358777349929,0.9990501141282256,0.0004140081367812,1,glioma,0.9990501141282256,919d6f0fb3ca462983d6df6ec06846e41abd9645
densenet121,A,1889,MR048994B,patient_disjoint,4,1,glioma,0.0004369927988137,0.9993261718859626,0.0002368353152235,1,glioma,0.9993261718859626,919d6f0fb3ca462983d6df6ec06846e41abd9645
densenet121,A,1890,MR048994B,patient_disjoint,4,1,glioma,0.0006967376391771,0.999129423377514,0.0001738389833087,1,glioma,0.999129423377514,919d6f0fb3ca462983d6df6ec06846e41abd9645
densenet121,A,1891,MR048994B,patient_disjoint,4,1,glioma,0.0005370105194908,0.9993195273763535,0.0001434621041557,1,glioma,0.9993195273763535,919d6f0fb3ca462983d6df6ec06846e41abd9645
densenet121,A,1892,MR048994B,patient_disjoint,4,1,glioma,0.0005771647257727,0.9992993667480472,0.0001234685261797,1,glioma,0.9992993667480472,919d6f0fb3ca462983d6df6ec06846e41abd9645
densenet121,A,1893,MR048944B,patient_disjoint,5,1,glioma,0.0003596286304361,0.999255811682874,0.0003845596866897,1,glioma,0.999255811682874,919d6f0fb3ca462983d6df6ec06846e41abd9645
densenet121,A,1894,MR048944B,patient_disjoint,5,1,glioma,7.51827464952259e-05,0.9998571886824834,6.762857102151039e-05,1,glioma,0.9998571886824834,919d6f0fb3ca462983d6df6ec06846e41abd9645
densenet121,A,1895,MR048944B,patient_disjoint,5,1,glioma,0.0001310216384326,0.99977953275078,8.944561078729056e-05,1,glioma,0.99977953275078,919d6f0fb3ca462983d6df6ec06846e41abd9645
densenet121,A,1896,MR048944B,patient_disjoint,5,1,glioma,0.0002778871423522,0.9995269643752348,0.0001951484824125,1,glioma,0.9995269643752348,919d6f0fb3ca462983d6df6ec06846e41abd9645
densenet121,A,1897,MR048944B,patient_disjoint,5,1,glioma,0.0001604400162722,0.9997388630762892,0.0001006969074386,1,glioma,0.9997388630762892,919d6f0fb3ca462983d6df6ec06846e41abd9645
densenet121,A,1898,MR048944B,patient_disjoint,5,1,glioma,0.0003756344892982,0.9993681494009736,0.0002562161097281,1,glioma,0.9993681494009736,919d6f0fb3ca462983d6df6ec06846e41abd9645
densenet121,A,1899,MR049358,patient_disjoint,3,1,glioma,0.0027885768879794,0.9726024496757,0.0246089734363206,1,glioma,0.9726024496757,919d6f0fb3ca462983d6df6ec06846e41abd9645
densenet121,A,1900,MR049358,patient_disjoint,3,1,glioma,0.0021766477015675,0.9640854991427305,0.0337378531557019,1,glioma,0.9640854991427305,919d6f0fb3ca462983d6df6ec06846e41abd9645
densenet121,A,1901,MR049358,patient_disjoint,3,1,glioma,0.003096192698355,0.9911257017290688,0.0057781055725762,1,glioma,0.9911257017290688,919d6f0fb3ca462983d6df6ec06846e41abd9645
densenet121,A,1902,MR049358,patient_disjoint,3,1,glioma,0.0002290797054962,0.999606770142367,0.0001641501521369,1,glioma,0.999606770142367,919d6f0fb3ca462983d6df6ec06846e41abd9645
densenet121,A,1903,MR049358,patient_disjoint,3,1,glioma,0.0003858956399113,0.9990730219702164,0.0005410823898723,1,glioma,0.9990730219702164,919d6f0fb3ca462983d6df6ec06846e41abd9645
densenet121,A,1904,MR049358,patient_disjoint,3,1,glioma,0.0002265288561138,0.999349790981114,0.0004236801627722,1,glioma,0.999349790981114,919d6f0fb3ca462983d6df6ec06846e41abd9645
densenet121,A,1905,MR049358,patient_disjoint,3,1,glioma,0.0002249380952169,0.99894084757241,0.000834214332373,1,glioma,0.99894084757241,919d6f0fb3ca462983d6df6ec06846e41abd9645
densenet121,A,1906,MR049358,patient_disjoint,3,1,glioma,0.0001659633086406,0.9995569863279934,0.0002770503633658,1,glioma,0.9995569863279934,919d6f0fb3ca462983d6df6ec06846e41abd9645
densenet121,A,1907,MR049358,patient_disjoint,3,1,glioma,0.0001742808657983,0.999668402587207,0.0001573165469947,1,glioma,0.999668402587207,919d6f0fb3ca462983d6df6ec06846e41abd9645
densenet121,A,1908,MR049358,patient_disjoint,3,1,glioma,0.000509781549596,0.9990459944462794,0.0004442240041243,1,glioma,0.9990459944462794,919d6f0fb3ca462983d6df6ec06846e41abd9645
densenet121,A,1909,MR049104B,patient_disjoint,3,1,glioma,0.0003765250520319,0.9979574517635936,0.0016660231843744,1,glioma,0.9979574517635936,919d6f0fb3ca462983d6df6ec06846e41abd9645
densenet121,A,1910,MR049104B,patient_disjoint,3,1,glioma,0.0002198892700118,0.9991210501884716,0.0006590605415166,1,glioma,0.9991210501884716,919d6f0fb3ca462983d6df6ec06846e41abd9645
densenet121,A,1911,MR049104B,patient_disjoint,3,1,glioma,0.000256133142851,0.9985658892317844,0.0011779776253644,1,glioma,0.9985658892317844,919d6f0fb3ca462983d6df6ec06846e41abd9645
densenet121,A,1912,MR049104B,patient_disjoint,3,1,glioma,0.0003099291846814,0.9987594906257526,0.0009305801895658,1,glioma,0.9987594906257526,919d6f0fb3ca462983d6df6ec06846e41abd9645
densenet121,A,1913,MR049104B,patient_disjoint,3,1,glioma,0.0002779413355382,0.9992026560967884,0.0005194025676734,1,glioma,0.9992026560967884,919d6f0fb3ca462983d6df6ec06846e41abd9645
densenet121,A,1914,MR049453,patient_disjoint,2,1,glioma,0.0004463005654267,0.998411400470096,0.0011422989644772,1,glioma,0.998411400470096,919d6f0fb3ca462983d6df6ec06846e41abd9645
densenet121,A,1915,MR049453,patient_disjoint,2,1,glioma,0.0007344312294127,0.9978132523592472,0.00145231641134,1,glioma,0.9978132523592472,919d6f0fb3ca462983d6df6ec06846e41abd9645
densenet121,A,1916,MR049453,patient_disjoint,2,1,glioma,0.0006629003595359,0.9981541370088172,0.0011829626316467,1,glioma,0.9981541370088172,919d6f0fb3ca462983d6df6ec06846e41abd9645
densenet121,A,1917,MR049453,patient_disjoint,2,1,glioma,0.0005706631311472,0.998669447446129,0.0007598894227235,1,glioma,0.998669447446129,919d6f0fb3ca462983d6df6ec06846e41abd9645
densenet121,A,1918,MR049453,patient_disjoint,2,1,glioma,0.0003778991291318,0.9990743756461964,0.0005477252246717,1,glioma,0.9990743756461964,919d6f0fb3ca462983d6df6ec06846e41abd9645
densenet121,A,1919,MR049453,patient_disjoint,2,1,glioma,0.0001598625509881,0.9996448067063124,0.0001953307426993,1,glioma,0.9996448067063124,919d6f0fb3ca462983d6df6ec06846e41abd9645
densenet121,A,1920,MR049453,patient_disjoint,2,1,glioma,0.0003450461184341,0.99914805725224,0.0005068966293259,1,glioma,0.99914805725224,919d6f0fb3ca462983d6df6ec06846e41abd9645
densenet121,A,1921,MR024780G,patient_disjoint,1,1,glioma,0.0004521024370599,0.9927638104256072,0.0067840871373329,1,glioma,0.9927638104256072,919d6f0fb3ca462983d6df6ec06846e41abd9645
densenet121,A,1922,MR024780G,patient_disjoint,1,1,glioma,0.0002053526453492,0.9989235915835248,0.000871055771126,1,glioma,0.9989235915835248,919d6f0fb3ca462983d6df6ec06846e41abd9645
densenet121,A,1923,MR024780G,patient_disjoint,1,1,glioma,0.0001930869471461,0.9996275254004476,0.0001793876524061,1,glioma,0.9996275254004476,919d6f0fb3ca462983d6df6ec06846e41abd9645
densenet121,A,1924,MR024780G,patient_disjoint,1,1,glioma,0.0005204772181339,0.9989175617550448,0.0005619610268211,1,glioma,0.9989175617550448,919d6f0fb3ca462983d6df6ec06846e41abd9645
densenet121,A,1925,MR024780G,patient_disjoint,1,1,glioma,0.000760369208051,0.9972952154290176,0.0019444153629313,1,glioma,0.9972952154290176,919d6f0fb3ca462983d6df6ec06846e41abd9645
densenet121,A,1926,MR024780G,patient_disjoint,1,1,glioma,0.0009411286780437,0.9974220465442292,0.0016368247777271,1,glioma,0.9974220465442292,919d6f0fb3ca462983d6df6ec06846e41abd9645
densenet121,A,1927,MR024780G,patient_disjoint,1,1,glioma,0.000583378495304,0.998954112911289,0.0004625085934068,1,glioma,0.998954112911289,919d6f0fb3ca462983d6df6ec06846e41abd9645
densenet121,A,1928,MR024780G,patient_disjoint,1,1,glioma,0.0004214333589398,0.9992762042952056,0.0003023623458545,1,glioma,0.9992762042952056,919d6f0fb3ca462983d6df6ec06846e41abd9645
densenet121,A,1929,MR024780G,patient_disjoint,1,1,glioma,8.675225145026203e-05,0.999829306196103,8.39415524466844e-05,1,glioma,0.999829306196103,919d6f0fb3ca462983d6df6ec06846e41abd9645
densenet121,A,1930,MR024780G,patient_disjoint,1,1,glioma,0.0008914343489329,0.9967761541304576,0.0023324115206093,1,glioma,0.9967761541304576,919d6f0fb3ca462983d6df6ec06846e41abd9645
densenet121,A,1931,MR024780G,patient_disjoint,1,1,glioma,0.0003349186136068,0.9994019018727288,0.0002631795136643,1,glioma,0.9994019018727288,919d6f0fb3ca462983d6df6ec06846e41abd9645
densenet121,A,1932,MR024780G,patient_disjoint,1,1,glioma,0.0002649436219252,0.999446428587533,0.0002886277905417,1,glioma,0.999446428587533,919d6f0fb3ca462983d6df6ec06846e41abd9645
densenet121,A,1933,MR024780G,patient_disjoint,1,1,glioma,0.0004529261987844,0.9985096205916986,0.0010374532095171,1,glioma,0.9985096205916986,919d6f0fb3ca462983d6df6ec06846e41abd9645
densenet121,A,1934,MR024780G,patient_disjoint,1,1,glioma,0.0003813623027175,0.9990145229297758,0.0006041147675065,1,glioma,0.9990145229297758,919d6f0fb3ca462983d6df6ec06846e41abd9645
densenet121,A,1935,MR024780G,patient_disjoint,1,1,glioma,0.0004444578723993,0.99862438322146,0.0009311589061404,1,glioma,0.99862438322146,919d6f0fb3ca462983d6df6ec06846e41abd9645
densenet121,A,1936,MR024780G,patient_disjoint,1,1,glioma,0.0002423989711735,0.9995429306285964,0.0002146704002301,1,glioma,0.9995429306285964,919d6f0fb3ca462983d6df6ec06846e41abd9645
densenet121,A,1937,MR049453B,patient_disjoint,1,1,glioma,0.0004884924914802,0.9977914072815132,0.0017201002270066,1,glioma,0.9977914072815132,919d6f0fb3ca462983d6df6ec06846e41abd9645
densenet121,A,1938,MR049453B,patient_disjoint,1,1,glioma,0.0005841610504865,0.9981959628158696,0.0012198761336438,1,glioma,0.9981959628158696,919d6f0fb3ca462983d6df6ec06846e41abd9645
densenet121,A,1939,MR049453B,patient_disjoint,1,1,glioma,0.0005085300956117,0.9987251586834918,0.0007663112208965,1,glioma,0.9987251586834918,919d6f0fb3ca462983d6df6ec06846e41abd9645
densenet121,A,1940,MR049453B,patient_disjoint,1,1,glioma,0.0005036669773148,0.998765514701924,0.000730818320761,1,glioma,0.998765514701924,919d6f0fb3ca462983d6df6ec06846e41abd9645
densenet121,A,1941,MR049453B,patient_disjoint,1,1,glioma,0.0008160883124971,0.9984028376001292,0.0007810740873736,1,glioma,0.9984028376001292,919d6f0fb3ca462983d6df6ec06846e41abd9645
densenet121,A,1942,MR049453B,patient_disjoint,1,1,glioma,0.0006575064342458,0.9985625778508692,0.000779915714885,1,glioma,0.9985625778508692,919d6f0fb3ca462983d6df6ec06846e41abd9645
densenet121,A,1943,MR049453B,patient_disjoint,1,1,glioma,0.0004068029661989,0.9992637906249928,0.0003294064088082,1,glioma,0.9992637906249928,919d6f0fb3ca462983d6df6ec06846e41abd9645
densenet121,A,1944,MR049453B,patient_disjoint,1,1,glioma,0.0005766253731387,0.9991258506178008,0.0002975240090604,1,glioma,0.9991258506178008,919d6f0fb3ca462983d6df6ec06846e41abd9645
densenet121,A,1945,MR048294B,patient_disjoint,5,1,glioma,0.0002407000172812,0.9990397406801742,0.0007195593025445,1,glioma,0.9990397406801742,919d6f0fb3ca462983d6df6ec06846e41abd9645
densenet121,A,1946,MR048294B,patient_disjoint,5,1,glioma,0.0002941972353548,0.9991599371872378,0.0005458655774075,1,glioma,0.9991599371872378,919d6f0fb3ca462983d6df6ec06846e41abd9645
densenet121,A,1947,MR048294B,patient_disjoint,5,1,glioma,0.0003725770140828,0.9992006095985796,0.0004268133873377,1,glioma,0.9992006095985796,919d6f0fb3ca462983d6df6ec06846e41abd9645
densenet121,A,1948,MR048621B,patient_disjoint,5,1,glioma,0.0025166817899191,0.9962338308751528,0.001249487334928,1,glioma,0.9962338308751528,919d6f0fb3ca462983d6df6ec06846e41abd9645
densenet121,A,1949,MR048621B,patient_disjoint,5,1,glioma,0.0075570358601411,0.9913606001253648,0.0010823640144941,1,glioma,0.9913606001253648,919d6f0fb3ca462983d6df6ec06846e41abd9645
densenet121,A,1950,MR050135B,patient_disjoint,2,1,glioma,0.0023400884103814,0.9573192333563812,0.0403406782332373,1,glioma,0.9573192333563812,919d6f0fb3ca462983d6df6ec06846e41abd9645
densenet121,A,1951,MR050135B,patient_disjoint,2,1,glioma,0.001135291549765,0.9867635256188056,0.0121011828314294,1,glioma,0.9867635256188056,919d6f0fb3ca462983d6df6ec06846e41abd9645
densenet121,A,1952,MR050135B,patient_disjoint,2,1,glioma,0.0002166750424037,0.9995952744876692,0.0001880504699268,1,glioma,0.9995952744876692,919d6f0fb3ca462983d6df6ec06846e41abd9645
densenet121,A,1953,MR050135B,patient_disjoint,2,1,glioma,0.00032662878254,0.9994972396926448,0.0001761315248149,1,glioma,0.9994972396926448,919d6f0fb3ca462983d6df6ec06846e41abd9645
densenet121,A,1954,MR050135B,patient_disjoint,2,1,glioma,0.0003074797855789,0.9995540285649074,0.0001384916495134,1,glioma,0.9995540285649074,919d6f0fb3ca462983d6df6ec06846e41abd9645
densenet121,A,1955,MR050135B,patient_disjoint,2,1,glioma,0.0003169998564811,0.9995627528660788,0.00012024727744,1,glioma,0.9995627528660788,919d6f0fb3ca462983d6df6ec06846e41abd9645
densenet121,A,1956,MR050135B,patient_disjoint,2,1,glioma,0.0008296144230676,0.9945343652175392,0.004636020359393,1,glioma,0.9945343652175392,919d6f0fb3ca462983d6df6ec06846e41abd9645
densenet121,A,1957,MR050135B,patient_disjoint,2,1,glioma,0.0010890602458674,0.9960588927336568,0.0028520470204756,1,glioma,0.9960588927336568,919d6f0fb3ca462983d6df6ec06846e41abd9645
densenet121,A,1958,MR050135B,patient_disjoint,2,1,glioma,0.0021682170046788,0.9900436977414484,0.0077880852538726,1,glioma,0.9900436977414484,919d6f0fb3ca462983d6df6ec06846e41abd9645
densenet121,A,1959,MR050135B,patient_disjoint,2,1,glioma,0.0012385965166162,0.9947822667191096,0.0039791367642739,1,glioma,0.9947822667191096,919d6f0fb3ca462983d6df6ec06846e41abd9645
densenet121,A,1960,MR050135B,patient_disjoint,2,1,glioma,0.001195703278181,0.9960511072934144,0.0027531894284046,1,glioma,0.9960511072934144,919d6f0fb3ca462983d6df6ec06846e41abd9645
densenet121,A,1961,MR050135B,patient_disjoint,2,1,glioma,0.0004413387990991,0.9989279601257024,0.0006307010751982,1,glioma,0.9989279601257024,919d6f0fb3ca462983d6df6ec06846e41abd9645
densenet121,A,1962,MR050135B,patient_disjoint,2,1,glioma,0.000434304574658,0.999114012808786,0.0004516826165561,1,glioma,0.999114012808786,919d6f0fb3ca462983d6df6ec06846e41abd9645
densenet121,A,1963,MR050135B,patient_disjoint,2,1,glioma,0.0002066336875276,0.999585153779385,0.0002082125330873,1,glioma,0.999585153779385,919d6f0fb3ca462983d6df6ec06846e41abd9645
densenet121,A,1964,MR050687,patient_disjoint,1,1,glioma,0.0006325392649172,0.9993471185615168,2.0342173566142866e-05,1,glioma,0.9993471185615168,919d6f0fb3ca462983d6df6ec06846e41abd9645
densenet121,A,1965,MR050687,patient_disjoint,1,1,glioma,0.0019076422400641,0.9980392270699344,5.3130690001538614e-05,1,glioma,0.9980392270699344,919d6f0fb3ca462983d6df6ec06846e41abd9645
densenet121,A,1966,MR050687,patient_disjoint,1,1,glioma,0.000410397190059,0.9995712092475192,1.8393562421650733e-05,1,glioma,0.9995712092475192,919d6f0fb3ca462983d6df6ec06846e41abd9645
densenet121,A,1967,MR050687,patient_disjoint,1,1,glioma,0.0044279579988283,0.995530710941353,4.13310598184765e-05,1,glioma,0.995530710941353,919d6f0fb3ca462983d6df6ec06846e41abd9645
densenet121,A,1968,MR050687,patient_disjoint,1,1,glioma,0.000377053413551,0.9996106744676684,1.2272118780495057e-05,1,glioma,0.9996106744676684,919d6f0fb3ca462983d6df6ec06846e41abd9645
densenet121,A,1969,MR050687,patient_disjoint,1,1,glioma,0.0001879683164048,0.9998074598993628,4.571784232333267e-06,1,glioma,0.9998074598993628,919d6f0fb3ca462983d6df6ec06846e41abd9645
densenet121,A,1970,MR050687,patient_disjoint,1,1,glioma,0.0015615050968137,0.9983923636473876,4.613125579851885e-05,1,glioma,0.9983923636473876,919d6f0fb3ca462983d6df6ec06846e41abd9645
densenet121,A,1971,MR050687,patient_disjoint,1,1,glioma,0.0005159860546178,0.9994724090124856,1.1604932896396464e-05,1,glioma,0.9994724090124856,919d6f0fb3ca462983d6df6ec06846e41abd9645
densenet121,A,1972,MR050687,patient_disjoint,1,1,glioma,0.0032059138431044,0.9967601408936748,3.394526322077923e-05,1,glioma,0.9967601408936748,919d6f0fb3ca462983d6df6ec06846e41abd9645
densenet121,A,1973,MR050687,patient_disjoint,1,1,glioma,0.0106642469723471,0.9892297157424754,0.0001060372851774,1,glioma,0.9892297157424754,919d6f0fb3ca462983d6df6ec06846e41abd9645
densenet121,A,1974,MR050791B,patient_disjoint,4,1,glioma,0.0395830500464996,0.9585516192978076,0.0018653306556927,1,glioma,0.9585516192978076,919d6f0fb3ca462983d6df6ec06846e41abd9645
densenet121,A,1975,MR050791B,patient_disjoint,4,1,glioma,0.0041980369502399,0.9955388743040646,0.0002630887456953,1,glioma,0.9955388743040646,919d6f0fb3ca462983d6df6ec06846e41abd9645
densenet121,A,1976,MR050791B,patient_disjoint,4,1,glioma,0.0023503181250292,0.997116031993474,0.0005336498814966,1,glioma,0.997116031993474,919d6f0fb3ca462983d6df6ec06846e41abd9645
densenet121,A,1977,MR050791B,patient_disjoint,4,1,glioma,0.0003251350174416,0.9994103298965744,0.000264535085984,1,glioma,0.9994103298965744,919d6f0fb3ca462983d6df6ec06846e41abd9645
densenet121,A,1978,MR050791B,patient_disjoint,4,1,glioma,0.000629489483352,0.9992623713432176,0.0001081391734304,1,glioma,0.9992623713432176,919d6f0fb3ca462983d6df6ec06846e41abd9645
densenet121,A,1979,MR050791B,patient_disjoint,4,1,glioma,7.411692572752357e-05,0.9998701504130934,5.573266117905543e-05,1,glioma,0.9998701504130934,919d6f0fb3ca462983d6df6ec06846e41abd9645
densenet121,A,1980,MR050791B,patient_disjoint,4,1,glioma,9.57061269800892e-05,0.9998649405130844,3.93533599353655e-05,1,glioma,0.9998649405130844,919d6f0fb3ca462983d6df6ec06846e41abd9645
densenet121,A,1981,MR050791B,patient_disjoint,4,1,glioma,4.740368826032224e-05,0.9999324833260296,2.0112985710131506e-05,1,glioma,0.9999324833260296,919d6f0fb3ca462983d6df6ec06846e41abd9645
densenet121,A,1982,MR050791B,patient_disjoint,4,1,glioma,0.0012915182997736,0.9986160975124392,9.23841877871986e-05,1,glioma,0.9986160975124392,919d6f0fb3ca462983d6df6ec06846e41abd9645
densenet121,A,1983,MR050791B,patient_disjoint,4,1,glioma,0.0005637715297569,0.9993430820405528,9.314642969030812e-05,1,glioma,0.9993430820405528,919d6f0fb3ca462983d6df6ec06846e41abd9645
densenet121,A,1984,MR049019C,patient_disjoint,4,1,glioma,0.0013175972516697,0.995657508341536,0.0030248944067942,1,glioma,0.995657508341536,919d6f0fb3ca462983d6df6ec06846e41abd9645
densenet121,A,1985,MR049019C,patient_disjoint,4,1,glioma,0.0007160265761604,0.998806832086194,0.0004771413376456,1,glioma,0.998806832086194,919d6f0fb3ca462983d6df6ec06846e41abd9645
densenet121,A,1986,MR049019C,patient_disjoint,4,1,glioma,0.0022015644117494,0.9967345399546166,0.0010638956336337,1,glioma,0.9967345399546166,919d6f0fb3ca462983d6df6ec06846e41abd9645
densenet121,A,1987,MR026175C,patient_disjoint,4,1,glioma,0.0001192248582611,0.9997579202282288,0.0001228549135102,1,glioma,0.9997579202282288,919d6f0fb3ca462983d6df6ec06846e41abd9645
densenet121,A,1988,MR026175C,patient_disjoint,4,1,glioma,0.0001806723112936,0.9995119096041304,0.000307418084576,1,glioma,0.9995119096041304,919d6f0fb3ca462983d6df6ec06846e41abd9645
densenet121,A,1989,MR026175C,patient_disjoint,4,1,glioma,0.0005885972714045,0.9990011499059436,0.0004102528226518,1,glioma,0.9990011499059436,919d6f0fb3ca462983d6df6ec06846e41abd9645
densenet121,A,1990,MR026175C,patient_disjoint,4,1,glioma,9.004556357996493e-05,0.9997030660018836,0.0002068884345363,1,glioma,0.9997030660018836,919d6f0fb3ca462983d6df6ec06846e41abd9645
densenet121,A,1991,MR026175C,patient_disjoint,4,1,glioma,0.0001277570087611,0.9995070348630508,0.0003652081281879,1,glioma,0.9995070348630508,919d6f0fb3ca462983d6df6ec06846e41abd9645
densenet121,A,1992,MR026175C,patient_disjoint,4,1,glioma,0.0003206095761207,0.9979269246273184,0.0017524657965608,1,glioma,0.9979269246273184,919d6f0fb3ca462983d6df6ec06846e41abd9645
densenet121,A,1993,MR026175C,patient_disjoint,4,1,glioma,0.0005917643134178,0.9983493738139604,0.0010588618726215,1,glioma,0.9983493738139604,919d6f0fb3ca462983d6df6ec06846e41abd9645
densenet121,A,1994,MR026175C,patient_disjoint,4,1,glioma,0.0009918803442948,0.9969562412979288,0.0020518783577762,1,glioma,0.9969562412979288,919d6f0fb3ca462983d6df6ec06846e41abd9645
densenet121,A,1995,MR026175C,patient_disjoint,4,1,glioma,0.0005422591990344,0.9987401621162636,0.0007175786847017,1,glioma,0.9987401621162636,919d6f0fb3ca462983d6df6ec06846e41abd9645
densenet121,A,1996,MR026175C,patient_disjoint,4,1,glioma,0.0006343233124793,0.9989088556627116,0.0004568210248092,1,glioma,0.9989088556627116,919d6f0fb3ca462983d6df6ec06846e41abd9645
densenet121,A,1997,MR026175C,patient_disjoint,4,1,glioma,0.0005100936647026,0.9989745844289918,0.0005153219063055,1,glioma,0.9989745844289918,919d6f0fb3ca462983d6df6ec06846e41abd9645
densenet121,A,1998,MR051461,patient_disjoint,2,1,glioma,0.0004175397416179,0.999369305422169,0.0002131548362129,1,glioma,0.999369305422169,919d6f0fb3ca462983d6df6ec06846e41abd9645
densenet121,A,1999,MR051461,patient_disjoint,2,1,glioma,0.0003149194814623,0.9995642592278836,0.0001208212906538,1,glioma,0.9995642592278836,919d6f0fb3ca462983d6df6ec06846e41abd9645
densenet121,A,2000,MR051461,patient_disjoint,2,1,glioma,0.0003336342319851,0.999513019665293,0.0001533461027219,1,glioma,0.999513019665293,919d6f0fb3ca462983d6df6ec06846e41abd9645
densenet121,A,2001,MR051461,patient_disjoint,2,1,glioma,0.0005124768687575,0.999175274553052,0.0003122485781902,1,glioma,0.999175274553052,919d6f0fb3ca462983d6df6ec06846e41abd9645
densenet121,A,2002,MR051461,patient_disjoint,2,1,glioma,0.0005264466653201,0.9992766430903792,0.0001969102443005,1,glioma,0.9992766430903792,919d6f0fb3ca462983d6df6ec06846e41abd9645
densenet121,A,2003,MR051461,patient_disjoint,2,1,glioma,0.0004658575682604,0.9993371805816916,0.0001969618500478,1,glioma,0.9993371805816916,919d6f0fb3ca462983d6df6ec06846e41abd9645
densenet121,A,2004,MR051461,patient_disjoint,2,1,glioma,0.0004339410852228,0.99944377586387,0.0001222830509072,1,glioma,0.99944377586387,919d6f0fb3ca462983d6df6ec06846e41abd9645
densenet121,A,2005,MR051586,patient_disjoint,5,1,glioma,0.0001450933887826,0.9998060804845418,4.882612667570064e-05,1,glioma,0.9998060804845418,919d6f0fb3ca462983d6df6ec06846e41abd9645
densenet121,A,2006,MR051586,patient_disjoint,5,1,glioma,0.0001499017368694,0.9998044979053906,4.560035773972535e-05,1,glioma,0.9998044979053906,919d6f0fb3ca462983d6df6ec06846e41abd9645
densenet121,A,2007,MR051586,patient_disjoint,5,1,glioma,0.0003190223369947,0.9996053975738658,7.558008913948843e-05,1,glioma,0.9996053975738658,919d6f0fb3ca462983d6df6ec06846e41abd9645
densenet121,A,2008,MR051586,patient_disjoint,5,1,glioma,0.0001699795846075,0.9997716224914376,5.8397923954911824e-05,1,glioma,0.9997716224914376,919d6f0fb3ca462983d6df6ec06846e41abd9645
densenet121,A,2009,MR051586,patient_disjoint,5,1,glioma,6.792078169066048e-05,0.9998950398845206,3.70393337886623e-05,1,glioma,0.9998950398845206,919d6f0fb3ca462983d6df6ec06846e41abd9645
densenet121,A,2010,MR051586,patient_disjoint,5,1,glioma,0.0003359844419237,0.9994954416118376,0.0001685739462386,1,glioma,0.9994954416118376,919d6f0fb3ca462983d6df6ec06846e41abd9645
densenet121,A,2011,MR051586,patient_disjoint,5,1,glioma,0.0004270601623125,0.999349122909979,0.0002238169277083,1,glioma,0.999349122909979,919d6f0fb3ca462983d6df6ec06846e41abd9645
densenet121,A,2012,MR051461B,patient_disjoint,4,1,glioma,0.0021080471848252,0.9972559978426466,0.0006359549725281,1,glioma,0.9972559978426466,919d6f0fb3ca462983d6df6ec06846e41abd9645
densenet121,A,2013,MR051461B,patient_disjoint,4,1,glioma,0.0008048811072794,0.9989893344558042,0.0002057844369164,1,glioma,0.9989893344558042,919d6f0fb3ca462983d6df6ec06846e41abd9645
densenet121,A,2014,MR051461B,patient_disjoint,4,1,glioma,0.0012682724254158,0.998430904897599,0.000300822676985,1,glioma,0.998430904897599,919d6f0fb3ca462983d6df6ec06846e41abd9645
densenet121,A,2015,MR051461B,patient_disjoint,4,1,glioma,0.0014871352820758,0.998188903311098,0.0003239614068262,1,glioma,0.998188903311098,919d6f0fb3ca462983d6df6ec06846e41abd9645
densenet121,A,2016,MR051461B,patient_disjoint,4,1,glioma,0.000646624990694,0.9992244823163168,0.0001288926929894,1,glioma,0.9992244823163168,919d6f0fb3ca462983d6df6ec06846e41abd9645
densenet121,A,2017,MR051644,patient_disjoint,4,1,glioma,0.0251584877107846,0.968885527483792,0.0059559848054234,1,glioma,0.968885527483792,919d6f0fb3ca462983d6df6ec06846e41abd9645
densenet121,A,2018,MR051644,patient_disjoint,4,1,glioma,0.0013854774734614,0.9972180800724564,0.0013964424540822,1,glioma,0.9972180800724564,919d6f0fb3ca462983d6df6ec06846e41abd9645
densenet121,A,2019,MR051644,patient_disjoint,4,1,glioma,0.0010082018292032,0.9979988261005144,0.0009929720702822,1,glioma,0.9979988261005144,919d6f0fb3ca462983d6df6ec06846e41abd9645
densenet121,A,2020,MR051644,patient_disjoint,4,1,glioma,0.0015698654614727,0.997894417857918,0.0005357166806093,1,glioma,0.997894417857918,919d6f0fb3ca462983d6df6ec06846e41abd9645
densenet121,A,2021,MR051644,patient_disjoint,4,1,glioma,0.0020450881962018,0.997826224176937,0.0001286876268612,1,glioma,0.997826224176937,919d6f0fb3ca462983d6df6ec06846e41abd9645
densenet121,A,2022,MR051644,patient_disjoint,4,1,glioma,0.0010189538063944,0.9987946674746284,0.0001863787189769,1,glioma,0.9987946674746284,919d6f0fb3ca462983d6df6ec06846e41abd9645
densenet121,A,2023,MR051644,patient_disjoint,4,1,glioma,0.0021578254145377,0.9973488830687448,0.0004932915167174,1,glioma,0.9973488830687448,919d6f0fb3ca462983d6df6ec06846e41abd9645
densenet121,A,2024,MR051644,patient_disjoint,4,1,glioma,0.0022285556864657,0.997021099194348,0.0007503451191864,1,glioma,0.997021099194348,919d6f0fb3ca462983d6df6ec06846e41abd9645
densenet121,A,2025,MR051644,patient_disjoint,4,1,glioma,0.0005766784735542,0.998533413819916,0.0008899077065297,1,glioma,0.998533413819916,919d6f0fb3ca462983d6df6ec06846e41abd9645
densenet121,A,2026,MR051644,patient_disjoint,4,1,glioma,0.0088338674231169,0.9413372477787671,0.0498288847981159,1,glioma,0.9413372477787671,919d6f0fb3ca462983d6df6ec06846e41abd9645
densenet121,A,2027,MR051644,patient_disjoint,4,1,glioma,0.0003205452033877,0.9992737165745909,0.0004057382220216,1,glioma,0.9992737165745909,919d6f0fb3ca462983d6df6ec06846e41abd9645
densenet121,A,2028,MR051644,patient_disjoint,4,1,glioma,0.0003398940687307,0.9992704032902644,0.0003897026410047,1,glioma,0.9992704032902644,919d6f0fb3ca462983d6df6ec06846e41abd9645
densenet121,A,2029,MR051644,patient_disjoint,4,1,glioma,0.0002871814442976,0.9993163405161248,0.0003964780395775,1,glioma,0.9993163405161248,919d6f0fb3ca462983d6df6ec06846e41abd9645
densenet121,A,2030,MR051644,patient_disjoint,4,1,glioma,0.0010067553399293,0.997395117886226,0.0015981267738447,1,glioma,0.997395117886226,919d6f0fb3ca462983d6df6ec06846e41abd9645
densenet121,A,2031,MR051644,patient_disjoint,4,1,glioma,0.0007731535687379,0.9987012248698248,0.0005256215614372,1,glioma,0.9987012248698248,919d6f0fb3ca462983d6df6ec06846e41abd9645
densenet121,A,2032,MR051651,patient_disjoint,1,1,glioma,0.0001594997550876,0.9998132106469764,2.7289597936036505e-05,1,glioma,0.9998132106469764,919d6f0fb3ca462983d6df6ec06846e41abd9645
densenet121,A,2033,MR051651,patient_disjoint,1,1,glioma,0.0002916007097952,0.9996945450081618,1.385428204275798e-05,1,glioma,0.9996945450081618,919d6f0fb3ca462983d6df6ec06846e41abd9645
densenet121,A,2034,MR051651,patient_disjoint,1,1,glioma,0.0004957475999218,0.99949006617781,1.4186222267933304e-05,1,glioma,0.99949006617781,919d6f0fb3ca462983d6df6ec06846e41abd9645
densenet121,A,2035,MR051651,patient_disjoint,1,1,glioma,0.0007374313219339,0.999231769168674,3.079950939190472e-05,1,glioma,0.999231769168674,919d6f0fb3ca462983d6df6ec06846e41abd9645
densenet121,A,2036,MR051651,patient_disjoint,1,1,glioma,0.0010823990740584,0.998883192349718,3.440857622355991e-05,1,glioma,0.998883192349718,919d6f0fb3ca462983d6df6ec06846e41abd9645
densenet121,A,2037,MR051651,patient_disjoint,1,1,glioma,0.0206069378278677,0.9790928669144764,0.0003001952576556,1,glioma,0.9790928669144764,919d6f0fb3ca462983d6df6ec06846e41abd9645
densenet121,A,2038,MR051796,patient_disjoint,4,1,glioma,0.0008258223882397,0.9981109238067488,0.0010632538050112,1,glioma,0.9981109238067488,919d6f0fb3ca462983d6df6ec06846e41abd9645
densenet121,A,2039,MR051796,patient_disjoint,4,1,glioma,0.0004422092131435,0.9991649398623388,0.0003928509245179,1,glioma,0.9991649398623388,919d6f0fb3ca462983d6df6ec06846e41abd9645
densenet121,A,2040,MR051796,patient_disjoint,4,1,glioma,0.0003247496739398,0.9994923120682876,0.0001829382577725,1,glioma,0.9994923120682876,919d6f0fb3ca462983d6df6ec06846e41abd9645
densenet121,A,2041,MR051796,patient_disjoint,4,1,glioma,0.0003917939777337,0.9994732949941628,0.0001349110281035,1,glioma,0.9994732949941628,919d6f0fb3ca462983d6df6ec06846e41abd9645
densenet121,A,2042,MR051796,patient_disjoint,4,1,glioma,0.0012142236459313,0.9982235380654204,0.0005622382886482,1,glioma,0.9982235380654204,919d6f0fb3ca462983d6df6ec06846e41abd9645
densenet121,A,2043,MR051796,patient_disjoint,4,1,glioma,0.0031149643718086,0.9959024702313688,0.0009825653968224,1,glioma,0.9959024702313688,919d6f0fb3ca462983d6df6ec06846e41abd9645
densenet121,A,2044,MR051796,patient_disjoint,4,1,glioma,0.0193078687625459,0.9797729288333225,0.0009192024041314,1,glioma,0.9797729288333225,919d6f0fb3ca462983d6df6ec06846e41abd9645
densenet121,A,2045,MR051651B,patient_disjoint,3,1,glioma,0.0004427341446172,0.9994474991610716,0.0001097666943113,1,glioma,0.9994474991610716,919d6f0fb3ca462983d6df6ec06846e41abd9645
densenet121,A,2046,MR051651B,patient_disjoint,3,1,glioma,0.0008106245292491,0.9990448747106294,0.0001445007601212,1,glioma,0.9990448747106294,919d6f0fb3ca462983d6df6ec06846e41abd9645
densenet121,A,2047,MR051651B,patient_disjoint,3,1,glioma,0.0009058786102147,0.9990265565244438,6.756486534144591e-05,1,glioma,0.9990265565244438,919d6f0fb3ca462983d6df6ec06846e41abd9645
densenet121,A,2048,MR051651B,patient_disjoint,3,1,glioma,0.0003132418151143,0.99965792389916,2.883428572567214e-05,1,glioma,0.99965792389916,919d6f0fb3ca462983d6df6ec06846e41abd9645
densenet121,A,2049,MR051651B,patient_disjoint,3,1,glioma,0.00030347436456,0.9996315833766176,6.494225882224931e-05,1,glioma,0.9996315833766176,919d6f0fb3ca462983d6df6ec06846e41abd9645
densenet121,A,2050,MR051651B,patient_disjoint,3,1,glioma,0.0007726912348435,0.9991149344977304,0.0001123742674261,1,glioma,0.9991149344977304,919d6f0fb3ca462983d6df6ec06846e41abd9645
densenet121,A,2051,MR051644B,patient_disjoint,3,1,glioma,0.0005645267817284,0.9989683912981998,0.0004670819200718,1,glioma,0.9989683912981998,919d6f0fb3ca462983d6df6ec06846e41abd9645
densenet121,A,2052,MR051644B,patient_disjoint,3,1,glioma,0.0004513295101826,0.9990791846737728,0.0004694858160446,1,glioma,0.9990791846737728,919d6f0fb3ca462983d6df6ec06846e41abd9645
densenet121,A,2053,MR051644B,patient_disjoint,3,1,glioma,0.0003812120910003,0.9994358666552288,0.0001829212537709,1,glioma,0.9994358666552288,919d6f0fb3ca462983d6df6ec06846e41abd9645
densenet121,A,2054,MR051644B,patient_disjoint,3,1,glioma,0.0006512878099659,0.9987380419092384,0.0006106702807957,1,glioma,0.9987380419092384,919d6f0fb3ca462983d6df6ec06846e41abd9645
densenet121,A,2055,MR051644B,patient_disjoint,3,1,glioma,0.0004166583955712,0.9992316612393723,0.0003516803650562,1,glioma,0.9992316612393723,919d6f0fb3ca462983d6df6ec06846e41abd9645
densenet121,A,2056,MR051644B,patient_disjoint,3,1,glioma,0.000301572188677,0.9994715294556932,0.0002268983556296,1,glioma,0.9994715294556932,919d6f0fb3ca462983d6df6ec06846e41abd9645
densenet121,A,2057,MR051644B,patient_disjoint,3,1,glioma,0.0002345597088654,0.9996380109548102,0.0001274293363242,1,glioma,0.9996380109548102,919d6f0fb3ca462983d6df6ec06846e41abd9645
densenet121,A,2058,MR051796B,patient_disjoint,5,1,glioma,0.0001656210240523,0.9996408016027352,0.0001935773732123,1,glioma,0.9996408016027352,919d6f0fb3ca462983d6df6ec06846e41abd9645
densenet121,A,2059,MR051796B,patient_disjoint,5,1,glioma,0.0005980497968974,0.998997078994206,0.0004048712088965,1,glioma,0.998997078994206,919d6f0fb3ca462983d6df6ec06846e41abd9645
densenet121,A,2060,MR051796B,patient_disjoint,5,1,glioma,0.0002358971837546,0.999618770465489,0.0001453323507564,1,glioma,0.999618770465489,919d6f0fb3ca462983d6df6ec06846e41abd9645
densenet121,A,2061,MR052550,patient_disjoint,1,1,glioma,0.0001493446897965,0.9998082146998248,4.244061037873912e-05,1,glioma,0.9998082146998248,919d6f0fb3ca462983d6df6ec06846e41abd9645
densenet121,A,2062,MR052550,patient_disjoint,1,1,glioma,4.334634992004339e-05,0.9999436897466248,1.2963903455197008e-05,1,glioma,0.9999436897466248,919d6f0fb3ca462983d6df6ec06846e41abd9645
densenet121,A,2063,MR052550,patient_disjoint,1,1,glioma,9.42074949413836e-05,0.9998499403229676,5.58521820911565e-05,1,glioma,0.9998499403229676,919d6f0fb3ca462983d6df6ec06846e41abd9645
densenet121,A,2064,MR052550,patient_disjoint,1,1,glioma,8.303145184166239e-05,0.9998690502119568,4.791833620166149e-05,1,glioma,0.9998690502119568,919d6f0fb3ca462983d6df6ec06846e41abd9645
densenet121,A,2065,MR051644C,patient_disjoint,4,1,glioma,0.0003967745992888,0.9992022475373276,0.0004009778633835,1,glioma,0.9992022475373276,919d6f0fb3ca462983d6df6ec06846e41abd9645
densenet121,A,2066,MR051644C,patient_disjoint,4,1,glioma,0.0002538011976118,0.999305718123954,0.0004404806784343,1,glioma,0.999305718123954,919d6f0fb3ca462983d6df6ec06846e41abd9645
densenet121,A,2067,MR051644C,patient_disjoint,4,1,glioma,0.0005092308257096,0.9993143259811276,0.0001764431931627,1,glioma,0.9993143259811276,919d6f0fb3ca462983d6df6ec06846e41abd9645
densenet121,A,2068,MR051644C,patient_disjoint,4,1,glioma,0.0005829042214246,0.9990645667337464,0.0003525290448289,1,glioma,0.9990645667337464,919d6f0fb3ca462983d6df6ec06846e41abd9645
densenet121,A,2069,MR051644C,patient_disjoint,4,1,glioma,0.0001280322746683,0.9996460567887796,0.0002259109365521,1,glioma,0.9996460567887796,919d6f0fb3ca462983d6df6ec06846e41abd9645
densenet121,A,2070,MR051644C,patient_disjoint,4,1,glioma,8.067733130783647e-05,0.9996266645343206,0.0002926581343717,1,glioma,0.9996266645343206,919d6f0fb3ca462983d6df6ec06846e41abd9645
densenet121,A,2071,MR051644C,patient_disjoint,4,1,glioma,0.0005472197494215,0.998889419135474,0.0005633611151042,1,glioma,0.998889419135474,919d6f0fb3ca462983d6df6ec06846e41abd9645
densenet121,A,2072,MR051644C,patient_disjoint,4,1,glioma,0.0001298409310863,0.9997701189311606,0.000100040137753,1,glioma,0.9997701189311606,919d6f0fb3ca462983d6df6ec06846e41abd9645
densenet121,A,2073,MR051644C,patient_disjoint,4,1,glioma,0.0002249072557373,0.9995292702012236,0.0002458225430389,1,glioma,0.9995292702012236,919d6f0fb3ca462983d6df6ec06846e41abd9645
densenet121,A,2074,MR051644C,patient_disjoint,4,1,glioma,0.0004304522142047,0.9992909630111994,0.0002785847745958,1,glioma,0.9992909630111994,919d6f0fb3ca462983d6df6ec06846e41abd9645
densenet121,A,2075,MR051644C,patient_disjoint,4,1,glioma,0.000662943614816,0.9989940011448104,0.0003430552403737,1,glioma,0.9989940011448104,919d6f0fb3ca462983d6df6ec06846e41abd9645
densenet121,A,2076,MR051644C,patient_disjoint,4,1,glioma,0.0007123973698725,0.9990509402262788,0.0002366624038486,1,glioma,0.9990509402262788,919d6f0fb3ca462983d6df6ec06846e41abd9645
densenet121,A,2077,MR049942B,patient_disjoint,3,1,glioma,0.0003968998025804,0.9978562866918884,0.0017468135055312,1,glioma,0.9978562866918884,919d6f0fb3ca462983d6df6ec06846e41abd9645
densenet121,A,2078,MR049942B,patient_disjoint,3,1,glioma,0.000201123568199,0.9995033834586602,0.0002954929731406,1,glioma,0.9995033834586602,919d6f0fb3ca462983d6df6ec06846e41abd9645
densenet121,A,2079,MR049942B,patient_disjoint,3,1,glioma,0.0002300595072329,0.9995501200549808,0.0002198204377861,1,glioma,0.9995501200549808,919d6f0fb3ca462983d6df6ec06846e41abd9645
densenet121,A,2080,MR052585B,patient_disjoint,5,1,glioma,0.000147777765878,0.9997924564963636,5.976573775844224e-05,1,glioma,0.9997924564963636,919d6f0fb3ca462983d6df6ec06846e41abd9645
densenet121,A,2081,MR052585B,patient_disjoint,5,1,glioma,0.0001340922389325,0.999763522917001,0.0001023848440664,1,glioma,0.999763522917001,919d6f0fb3ca462983d6df6ec06846e41abd9645
densenet121,A,2082,MR052585B,patient_disjoint,5,1,glioma,0.0002984033239193,0.9993587851447158,0.000342811531365,1,glioma,0.9993587851447158,919d6f0fb3ca462983d6df6ec06846e41abd9645
densenet121,A,2083,MR047953C,patient_disjoint,4,1,glioma,0.0007915379059714,0.9875731523844288,0.0116353097095997,1,glioma,0.9875731523844288,919d6f0fb3ca462983d6df6ec06846e41abd9645
densenet121,A,2084,MR047953C,patient_disjoint,4,1,glioma,0.0001532862852159,0.9987292070783508,0.0011175066364332,1,glioma,0.9987292070783508,919d6f0fb3ca462983d6df6ec06846e41abd9645
densenet121,A,2085,MR047953C,patient_disjoint,4,1,glioma,0.0005051114196582,0.9948423865865716,0.0046525019937701,1,glioma,0.9948423865865716,919d6f0fb3ca462983d6df6ec06846e41abd9645
densenet121,A,2086,MR047953C,patient_disjoint,4,1,glioma,0.0005472099194887,0.99802735435846,0.0014254357220511,1,glioma,0.99802735435846,919d6f0fb3ca462983d6df6ec06846e41abd9645
densenet121,A,2087,MR053110B,patient_disjoint,1,1,glioma,0.0002975349949371,0.9993416611345464,0.0003608038705164,1,glioma,0.9993416611345464,919d6f0fb3ca462983d6df6ec06846e41abd9645
densenet121,A,2088,MR053110B,patient_disjoint,1,1,glioma,5.1922354318079185e-05,0.9999257547323364,2.2322913345249797e-05,1,glioma,0.9999257547323364,919d6f0fb3ca462983d6df6ec06846e41abd9645
densenet121,A,2089,MR053110B,patient_disjoint,1,1,glioma,4.698930385388384e-05,0.9999393607784248,1.3649917721302552e-05,1,glioma,0.9999393607784248,919d6f0fb3ca462983d6df6ec06846e41abd9645
densenet121,A,2090,MR053110B,patient_disjoint,1,1,glioma,4.553388652185792e-05,0.9999388394332226,1.5626680255378515e-05,1,glioma,0.9999388394332226,919d6f0fb3ca462983d6df6ec06846e41abd9645
densenet121,A,2091,MR053110B,patient_disjoint,1,1,glioma,0.0003045654936752,0.9994600941289872,0.0002353403773375,1,glioma,0.9994600941289872,919d6f0fb3ca462983d6df6ec06846e41abd9645
densenet121,A,2092,MR053110B,patient_disjoint,1,1,glioma,0.0002098457708177,0.9996271297390792,0.0001630244901031,1,glioma,0.9996271297390792,919d6f0fb3ca462983d6df6ec06846e41abd9645
densenet121,A,2093,MR034694,patient_disjoint,2,1,glioma,0.0004073246723362,0.9986365878533532,0.0009560874743103,1,glioma,0.9986365878533532,919d6f0fb3ca462983d6df6ec06846e41abd9645
densenet121,A,2094,MR034694,patient_disjoint,2,1,glioma,0.0003686567929686,0.9990443681226094,0.0005869750844218,1,glioma,0.9990443681226094,919d6f0fb3ca462983d6df6ec06846e41abd9645
densenet121,A,2095,MR034694,patient_disjoint,2,1,glioma,0.0004096082792278,0.9986308946543384,0.0009594970664338,1,glioma,0.9986308946543384,919d6f0fb3ca462983d6df6ec06846e41abd9645
densenet121,A,2096,MR034694,patient_disjoint,2,1,glioma,0.0001975502899828,0.9993822489035368,0.0004202008064802,1,glioma,0.9993822489035368,919d6f0fb3ca462983d6df6ec06846e41abd9645
densenet121,A,2097,MR054683,patient_disjoint,4,1,glioma,0.0003615778197162,0.9982558822176104,0.0013825399626733,1,glioma,0.9982558822176104,919d6f0fb3ca462983d6df6ec06846e41abd9645
densenet121,A,2098,MR054683,patient_disjoint,4,1,glioma,0.0003213020621318,0.998959937652896,0.0007187602849722,1,glioma,0.998959937652896,919d6f0fb3ca462983d6df6ec06846e41abd9645
densenet121,A,2099,MR054683,patient_disjoint,4,1,glioma,0.0004124957877743,0.998367542307904,0.0012199619043216,1,glioma,0.998367542307904,919d6f0fb3ca462983d6df6ec06846e41abd9645
densenet121,A,2100,MR054875,patient_disjoint,1,1,glioma,0.0001122822264248,0.9997295121139942,0.0001582056595808,1,glioma,0.9997295121139942,919d6f0fb3ca462983d6df6ec06846e41abd9645
densenet121,A,2101,MR054875,patient_disjoint,1,1,glioma,0.0001475063586467,0.9996617669986152,0.0001907266427377,1,glioma,0.9996617669986152,919d6f0fb3ca462983d6df6ec06846e41abd9645
densenet121,A,2102,MR054875,patient_disjoint,1,1,glioma,9.390045524469606e-05,0.999856534098326,4.9565446429482104e-05,1,glioma,0.999856534098326,919d6f0fb3ca462983d6df6ec06846e41abd9645
densenet121,A,2103,MR054875,patient_disjoint,1,1,glioma,0.0005706272100552,0.9987113484652173,0.0007180243247276,1,glioma,0.9987113484652173,919d6f0fb3ca462983d6df6ec06846e41abd9645
densenet121,A,2104,MR050687C,patient_disjoint,5,1,glioma,0.0002300300220796,0.9997034637731598,6.650620476059292e-05,1,glioma,0.9997034637731598,919d6f0fb3ca462983d6df6ec06846e41abd9645
densenet121,A,2105,MR050687C,patient_disjoint,5,1,glioma,0.0001259466763224,0.999679123653472,0.0001949296702054,1,glioma,0.999679123653472,919d6f0fb3ca462983d6df6ec06846e41abd9645
densenet121,A,2106,MR050687C,patient_disjoint,5,1,glioma,5.447028625871023e-05,0.9997748666765888,0.0001706630371524,1,glioma,0.9997748666765888,919d6f0fb3ca462983d6df6ec06846e41abd9645
densenet121,A,2107,MR050687C,patient_disjoint,5,1,glioma,0.0002889679624019,0.9984905049879788,0.0012205270496192,1,glioma,0.9984905049879788,919d6f0fb3ca462983d6df6ec06846e41abd9645
densenet121,A,2108,MR050687C,patient_disjoint,5,1,glioma,0.0003506644897454,0.9985954572162457,0.0010538782940088,1,glioma,0.9985954572162457,919d6f0fb3ca462983d6df6ec06846e41abd9645
densenet121,A,2109,MR056144,patient_disjoint,5,1,glioma,0.0003113875471311,0.9993032449804145,0.0003853674724546,1,glioma,0.9993032449804145,919d6f0fb3ca462983d6df6ec06846e41abd9645
densenet121,A,2110,MR056144,patient_disjoint,5,1,glioma,0.0006450300301815,0.9987570771072798,0.0005978928625385,1,glioma,0.9987570771072798,919d6f0fb3ca462983d6df6ec06846e41abd9645
densenet121,A,2111,MR056144,patient_disjoint,5,1,glioma,0.0005556945975277,0.9991125334947988,0.0003317719076736,1,glioma,0.9991125334947988,919d6f0fb3ca462983d6df6ec06846e41abd9645
densenet121,A,2112,MR034997,patient_disjoint,3,1,glioma,0.0002300381517675,0.9996913633698208,7.85984784114598e-05,1,glioma,0.9996913633698208,919d6f0fb3ca462983d6df6ec06846e41abd9645
densenet121,A,2113,MR034997,patient_disjoint,3,1,glioma,0.0010962949777438,0.9988010356915528,0.0001026693307032,1,glioma,0.9988010356915528,919d6f0fb3ca462983d6df6ec06846e41abd9645
densenet121,A,2114,MR034997,patient_disjoint,3,1,glioma,0.000780587314933,0.9991240565640191,9.535612104769876e-05,1,glioma,0.9991240565640191,919d6f0fb3ca462983d6df6ec06846e41abd9645
densenet121,A,2115,MR034997,patient_disjoint,3,1,glioma,0.0004679799594511,0.9994542565227222,7.776351782664691e-05,1,glioma,0.9994542565227222,919d6f0fb3ca462983d6df6ec06846e41abd9645
densenet121,A,2116,MR034997,patient_disjoint,3,1,glioma,0.0003395900713455,0.9995637215815714,9.66883470830929e-05,1,glioma,0.9995637215815714,919d6f0fb3ca462983d6df6ec06846e41abd9645
densenet121,A,2117,MR034997,patient_disjoint,3,1,glioma,0.0006465785513843,0.9992084642513128,0.0001449571973027,1,glioma,0.9992084642513128,919d6f0fb3ca462983d6df6ec06846e41abd9645
densenet121,A,2118,MR034997,patient_disjoint,3,1,glioma,0.0005465771397721,0.9993209664473032,0.0001324564129248,1,glioma,0.9993209664473032,919d6f0fb3ca462983d6df6ec06846e41abd9645
densenet121,A,2119,MR029209E,patient_disjoint,5,1,glioma,0.0002431814379017,0.9992802185904992,0.000476599971599,1,glioma,0.9992802185904992,919d6f0fb3ca462983d6df6ec06846e41abd9645
densenet121,A,2120,MR029209E,patient_disjoint,5,1,glioma,0.0003675717860183,0.9988829814513216,0.0007494467626601,1,glioma,0.9988829814513216,919d6f0fb3ca462983d6df6ec06846e41abd9645
densenet121,A,2121,MR029209E,patient_disjoint,5,1,glioma,0.0003011487092268,0.9994284125878418,0.0002704387029314,1,glioma,0.9994284125878418,919d6f0fb3ca462983d6df6ec06846e41abd9645
densenet121,A,2122,MR029209E,patient_disjoint,5,1,glioma,0.0002213016511112,0.999607943668888,0.0001707546800005,1,glioma,0.999607943668888,919d6f0fb3ca462983d6df6ec06846e41abd9645
densenet121,A,2123,MR029209E,patient_disjoint,5,1,glioma,0.0001258708907829,0.9997640756228922,0.0001100534863247,1,glioma,0.9997640756228922,919d6f0fb3ca462983d6df6ec06846e41abd9645
densenet121,A,2124,MR029209E,patient_disjoint,5,1,glioma,0.000214549612574,0.9996347662865934,0.0001506841008325,1,glioma,0.9996347662865934,919d6f0fb3ca462983d6df6ec06846e41abd9645
densenet121,A,2125,MR029209E,patient_disjoint,5,1,glioma,0.0002875741777115,0.999494804883703,0.0002176209385852,1,glioma,0.999494804883703,919d6f0fb3ca462983d6df6ec06846e41abd9645
densenet121,A,2126,MR029209E,patient_disjoint,5,1,glioma,0.0002760099916806,0.9996025102528762,0.000121479755443,1,glioma,0.9996025102528762,919d6f0fb3ca462983d6df6ec06846e41abd9645
densenet121,A,2127,MR029209E,patient_disjoint,5,1,glioma,0.0004473757722646,0.9994239571065996,0.0001286671211358,1,glioma,0.9994239571065996,919d6f0fb3ca462983d6df6ec06846e41abd9645
densenet121,A,2128,MR053110E,patient_disjoint,1,1,glioma,0.0001420276662384,0.9997313773339332,0.0001265949998284,1,glioma,0.9997313773339332,919d6f0fb3ca462983d6df6ec06846e41abd9645
densenet121,A,2129,MR053110E,patient_disjoint,1,1,glioma,0.0003575279513995,0.9991048274193108,0.0005376446292895,1,glioma,0.9991048274193108,919d6f0fb3ca462983d6df6ec06846e41abd9645
densenet121,A,2130,MR053110E,patient_disjoint,1,1,glioma,0.0001341324346153,0.9997647390906174,0.0001011284747673,1,glioma,0.9997647390906174,919d6f0fb3ca462983d6df6ec06846e41abd9645
densenet121,A,2131,MR053110E,patient_disjoint,1,1,glioma,0.0002876250562459,0.9993759021213812,0.0003364728223729,1,glioma,0.9993759021213812,919d6f0fb3ca462983d6df6ec06846e41abd9645
densenet121,A,2132,MR053110E,patient_disjoint,1,1,glioma,0.0006935719946276,0.998102464633565,0.0012039633718073,1,glioma,0.998102464633565,919d6f0fb3ca462983d6df6ec06846e41abd9645
densenet121,A,2133,MR053110E,patient_disjoint,1,1,glioma,0.0003819461553369,0.9987457510823688,0.0008723027622942,1,glioma,0.9987457510823688,919d6f0fb3ca462983d6df6ec06846e41abd9645
densenet121,A,2134,MR049019G,patient_disjoint,3,1,glioma,0.0004553717309638,0.9991785231343152,0.000366105134721,1,glioma,0.9991785231343152,919d6f0fb3ca462983d6df6ec06846e41abd9645
densenet121,A,2135,MR049019G,patient_disjoint,3,1,glioma,0.0006557281996166,0.9986433087495572,0.0007009630508259,1,glioma,0.9986433087495572,919d6f0fb3ca462983d6df6ec06846e41abd9645
densenet121,A,2136,MR049019G,patient_disjoint,3,1,glioma,0.0003325857103323,0.9993845082405052,0.0002829060491623,1,glioma,0.9993845082405052,919d6f0fb3ca462983d6df6ec06846e41abd9645
densenet121,A,2137,MR049019G,patient_disjoint,3,1,glioma,0.0004994873201365,0.999110268280878,0.0003902443989854,1,glioma,0.999110268280878,919d6f0fb3ca462983d6df6ec06846e41abd9645
densenet121,A,2138,MR049019G,patient_disjoint,3,1,glioma,0.0004647426820296,0.9992290633744104,0.00030619394356,1,glioma,0.9992290633744104,919d6f0fb3ca462983d6df6ec06846e41abd9645
densenet121,A,2139,MR049019G,patient_disjoint,3,1,glioma,0.0002566119304881,0.9996466417762628,9.674629324909952e-05,1,glioma,0.9996466417762628,919d6f0fb3ca462983d6df6ec06846e41abd9645
densenet121,A,2140,MR049019G,patient_disjoint,3,1,glioma,0.0006124741830134,0.9990782719773426,0.0003092538396438,1,glioma,0.9990782719773426,919d6f0fb3ca462983d6df6ec06846e41abd9645
densenet121,A,2141,MR031409B,patient_disjoint,2,1,glioma,0.0006004237264274,0.9991333575927552,0.0002662186808172,1,glioma,0.9991333575927552,919d6f0fb3ca462983d6df6ec06846e41abd9645
densenet121,A,2142,MR031409B,patient_disjoint,2,1,glioma,0.0003323693115879,0.9995553791264524,0.0001122515619597,1,glioma,0.9995553791264524,919d6f0fb3ca462983d6df6ec06846e41abd9645
densenet121,A,2143,MR031409B,patient_disjoint,2,1,glioma,0.0018472331917339,0.9978233243151686,0.0003294424930973,1,glioma,0.9978233243151686,919d6f0fb3ca462983d6df6ec06846e41abd9645
densenet121,A,2144,MR024780D,patient_disjoint,1,1,glioma,0.0006791405374839,0.9989227183616246,0.0003981411008915,1,glioma,0.9989227183616246,919d6f0fb3ca462983d6df6ec06846e41abd9645
densenet121,A,2145,MR024780D,patient_disjoint,1,1,glioma,0.0009711110222307,0.9983016540634098,0.0007272349143594,1,glioma,0.9983016540634098,919d6f0fb3ca462983d6df6ec06846e41abd9645
densenet121,A,2146,MR038469,patient_disjoint,3,1,glioma,0.0012265079121633,0.9978362623777364,0.0009372297101,1,glioma,0.9978362623777364,919d6f0fb3ca462983d6df6ec06846e41abd9645
densenet121,A,2147,MR038469,patient_disjoint,3,1,glioma,0.0002509311355365,0.9995619446712208,0.0001871241932426,1,glioma,0.9995619446712208,919d6f0fb3ca462983d6df6ec06846e41abd9645
densenet121,A,2148,MR038469,patient_disjoint,3,1,glioma,0.0001169839722754,0.9998069889446886,7.602708303597639e-05,1,glioma,0.9998069889446886,919d6f0fb3ca462983d6df6ec06846e41abd9645
densenet121,A,2149,MR038469,patient_disjoint,3,1,glioma,0.0003440885386826,0.99956423276285,9.167869846752131e-05,1,glioma,0.99956423276285,919d6f0fb3ca462983d6df6ec06846e41abd9645
densenet121,A,2150,MR038469,patient_disjoint,3,1,glioma,0.0002446716236944,0.9996430742727132,0.0001122541035922,1,glioma,0.9996430742727132,919d6f0fb3ca462983d6df6ec06846e41abd9645
densenet121,A,2151,MR038469,patient_disjoint,3,1,glioma,0.0003660181875485,0.9994939241743562,0.0001400576380951,1,glioma,0.9994939241743562,919d6f0fb3ca462983d6df6ec06846e41abd9645
densenet121,A,2152,MR038469,patient_disjoint,3,1,glioma,0.0008426474338511,0.9988173622936446,0.0003399902725043,1,glioma,0.9988173622936446,919d6f0fb3ca462983d6df6ec06846e41abd9645
densenet121,A,2153,MR032322C,patient_disjoint,2,1,glioma,4.766015997215789e-05,0.9999223723178916,2.9967522136298505e-05,1,glioma,0.9999223723178916,919d6f0fb3ca462983d6df6ec06846e41abd9645
densenet121,A,2154,MR032322C,patient_disjoint,2,1,glioma,0.0002043524321092,0.9989249838325992,0.0008706637352914,1,glioma,0.9989249838325992,919d6f0fb3ca462983d6df6ec06846e41abd9645
densenet121,A,2155,MR032322C,patient_disjoint,2,1,glioma,0.0001062035803304,0.999802555537336,9.12408823335582e-05,1,glioma,0.999802555537336,919d6f0fb3ca462983d6df6ec06846e41abd9645
densenet121,A,2156,MR032322C,patient_disjoint,2,1,glioma,0.0001489801690464,0.9997031030715888,0.0001479167593647,1,glioma,0.9997031030715888,919d6f0fb3ca462983d6df6ec06846e41abd9645
densenet121,A,2157,MR032322C,patient_disjoint,2,1,glioma,0.0002042181621158,0.9996087964051674,0.0001869854327168,1,glioma,0.9996087964051674,919d6f0fb3ca462983d6df6ec06846e41abd9645
densenet121,A,2158,MR032322C,patient_disjoint,2,1,glioma,0.0001186608316104,0.99943632410812,0.0004450150602696,1,glioma,0.99943632410812,919d6f0fb3ca462983d6df6ec06846e41abd9645
densenet121,A,2159,MR032322C,patient_disjoint,2,1,glioma,0.0007561013742671,0.9953783945789662,0.0038655040467667,1,glioma,0.9953783945789662,919d6f0fb3ca462983d6df6ec06846e41abd9645
densenet121,A,2160,MR032322C,patient_disjoint,2,1,glioma,9.973593661062752e-05,0.9995714786630115,0.0003287854003778,1,glioma,0.9995714786630115,919d6f0fb3ca462983d6df6ec06846e41abd9645
densenet121,A,2161,MR032322C,patient_disjoint,2,1,glioma,0.0002672898626512,0.9985974584606514,0.0011352516766971,1,glioma,0.9985974584606514,919d6f0fb3ca462983d6df6ec06846e41abd9645
densenet121,A,2162,MR032322C,patient_disjoint,2,1,glioma,0.0003794886159882,0.998506845429288,0.0011136659547239,1,glioma,0.998506845429288,919d6f0fb3ca462983d6df6ec06846e41abd9645
densenet121,A,2163,MR032322C,patient_disjoint,2,1,glioma,0.0005566711065103,0.997616781243426,0.0018265476500635,1,glioma,0.997616781243426,919d6f0fb3ca462983d6df6ec06846e41abd9645
densenet121,A,2164,MR032322C,patient_disjoint,2,1,glioma,0.0004985172190904,0.9987961064420664,0.0007053763388432,1,glioma,0.9987961064420664,919d6f0fb3ca462983d6df6ec06846e41abd9645
densenet121,A,2165,MR032322C,patient_disjoint,2,1,glioma,0.0001479038315032,0.9996176360654578,0.0002344601030391,1,glioma,0.9996176360654578,919d6f0fb3ca462983d6df6ec06846e41abd9645
densenet121,A,2166,MR037458B,patient_disjoint,2,1,glioma,0.0125743604831847,0.9839110902182816,0.0035145492985335,1,glioma,0.9839110902182816,919d6f0fb3ca462983d6df6ec06846e41abd9645
densenet121,A,2167,MR037458B,patient_disjoint,2,1,glioma,0.0014147558703668,0.9982506998202916,0.0003345443093415,1,glioma,0.9982506998202916,919d6f0fb3ca462983d6df6ec06846e41abd9645
densenet121,A,2168,MR037458B,patient_disjoint,2,1,glioma,0.0238450364268117,0.9751236689973524,0.0010312945758359,1,glioma,0.9751236689973524,919d6f0fb3ca462983d6df6ec06846e41abd9645
densenet121,A,2169,MR037458B,patient_disjoint,2,1,glioma,0.055796034455603,0.929849588676082,0.0143543768683147,1,glioma,0.929849588676082,919d6f0fb3ca462983d6df6ec06846e41abd9645
densenet121,A,2170,MR037458B,patient_disjoint,2,1,glioma,0.2505966423598971,0.747586801082935,0.0018165565571679,1,glioma,0.747586801082935,919d6f0fb3ca462983d6df6ec06846e41abd9645
densenet121,A,2171,MR037458B,patient_disjoint,2,1,glioma,0.1833214903313986,0.8158719297755331,0.0008065798930681,1,glioma,0.8158719297755331,919d6f0fb3ca462983d6df6ec06846e41abd9645
densenet121,A,2172,MR037458B,patient_disjoint,2,1,glioma,0.9555697211371278,0.0439785763333152,0.0004517025295569,0,meningioma,0.9555697211371278,919d6f0fb3ca462983d6df6ec06846e41abd9645
densenet121,A,2173,MR037458B,patient_disjoint,2,1,glioma,0.1963045543336825,0.792389130110698,0.0113063155556193,1,glioma,0.792389130110698,919d6f0fb3ca462983d6df6ec06846e41abd9645
densenet121,A,2174,MR039473,patient_disjoint,4,1,glioma,0.0014080351236814,0.9944344316655294,0.0041575332107892,1,glioma,0.9944344316655294,919d6f0fb3ca462983d6df6ec06846e41abd9645
densenet121,A,2175,MR039473,patient_disjoint,4,1,glioma,0.0013439475115156,0.9967840490821804,0.0018720034063036,1,glioma,0.9967840490821804,919d6f0fb3ca462983d6df6ec06846e41abd9645
densenet121,A,2176,MR039473,patient_disjoint,4,1,glioma,0.0004440006638672,0.9983899268780044,0.0011660724581282,1,glioma,0.9983899268780044,919d6f0fb3ca462983d6df6ec06846e41abd9645
densenet121,A,2177,MR039473,patient_disjoint,4,1,glioma,0.0002046407967901,0.9996891746289474,0.0001061845742626,1,glioma,0.9996891746289474,919d6f0fb3ca462983d6df6ec06846e41abd9645
densenet121,A,2178,MR039473,patient_disjoint,4,1,glioma,0.0003097530296403,0.999568339647092,0.0001219073232675,1,glioma,0.999568339647092,919d6f0fb3ca462983d6df6ec06846e41abd9645
densenet121,A,2179,MR039473B,patient_disjoint,2,1,glioma,0.00097918661123,0.9700410765543662,0.0289797368344037,1,glioma,0.9700410765543662,919d6f0fb3ca462983d6df6ec06846e41abd9645
densenet121,A,2180,MR039473B,patient_disjoint,2,1,glioma,0.0003066506121589,0.9974961887145212,0.0021971606733198,1,glioma,0.9974961887145212,919d6f0fb3ca462983d6df6ec06846e41abd9645
densenet121,A,2181,MR039473B,patient_disjoint,2,1,glioma,0.0006862030574629,0.9968141631760103,0.0024996337665266,1,glioma,0.9968141631760103,919d6f0fb3ca462983d6df6ec06846e41abd9645
densenet121,A,2182,MR039473B,patient_disjoint,2,1,glioma,0.0003241083215043,0.9984796850948414,0.0011962065836542,1,glioma,0.9984796850948414,919d6f0fb3ca462983d6df6ec06846e41abd9645
densenet121,A,2183,MR039473B,patient_disjoint,2,1,glioma,0.0003148268870353,0.9989728383987052,0.0007123347142595,1,glioma,0.9989728383987052,919d6f0fb3ca462983d6df6ec06846e41abd9645
densenet121,A,2184,MR039473B,patient_disjoint,2,1,glioma,0.0003108634178833,0.9983840554122596,0.0013050811698573,1,glioma,0.9983840554122596,919d6f0fb3ca462983d6df6ec06846e41abd9645
densenet121,A,2185,MR039473B,patient_disjoint,2,1,glioma,0.0004322003096494,0.9984807328508892,0.0010870668394615,1,glioma,0.9984807328508892,919d6f0fb3ca462983d6df6ec06846e41abd9645
densenet121,A,2186,MR037458C,patient_disjoint,4,1,glioma,0.0009542569890979,0.998232639982196,0.0008131030287061,1,glioma,0.998232639982196,919d6f0fb3ca462983d6df6ec06846e41abd9645
densenet121,A,2187,MR037458C,patient_disjoint,4,1,glioma,0.0005257565784498,0.9992283602633684,0.0002458831581817,1,glioma,0.9992283602633684,919d6f0fb3ca462983d6df6ec06846e41abd9645
densenet121,A,2188,MR037458C,patient_disjoint,4,1,glioma,0.0003051581426121,0.9994828977771468,0.0002119440802409,1,glioma,0.9994828977771468,919d6f0fb3ca462983d6df6ec06846e41abd9645
densenet121,A,2189,MR037458C,patient_disjoint,4,1,glioma,0.0001431639086268,0.999693847397582,0.0001629886937912,1,glioma,0.999693847397582,919d6f0fb3ca462983d6df6ec06846e41abd9645
densenet121,A,2190,MR037458C,patient_disjoint,4,1,glioma,0.0002601489756865,0.9995992011343344,0.0001406498899787,1,glioma,0.9995992011343344,919d6f0fb3ca462983d6df6ec06846e41abd9645
densenet121,A,2191,MR037458C,patient_disjoint,4,1,glioma,0.0003947039364049,0.9994399582273066,0.0001653378362885,1,glioma,0.9994399582273066,919d6f0fb3ca462983d6df6ec06846e41abd9645
densenet121,A,2192,MR037458C,patient_disjoint,4,1,glioma,0.0004495082036013,0.9993705339557628,0.0001799578406359,1,glioma,0.9993705339557628,919d6f0fb3ca462983d6df6ec06846e41abd9645
densenet121,A,2193,MR037458C,patient_disjoint,4,1,glioma,0.0003509159852957,0.9995654201887058,8.36638259983149e-05,1,glioma,0.9995654201887058,919d6f0fb3ca462983d6df6ec06846e41abd9645
densenet121,A,2194,MR037458C,patient_disjoint,4,1,glioma,0.0036018989098161,0.9960220895352592,0.0003760115549244,1,glioma,0.9960220895352592,919d6f0fb3ca462983d6df6ec06846e41abd9645
densenet121,A,2195,MR037458C,patient_disjoint,4,1,glioma,0.0010102632884214,0.998802985560197,0.0001867511513815,1,glioma,0.998802985560197,919d6f0fb3ca462983d6df6ec06846e41abd9645
densenet121,A,2196,MR040240,patient_disjoint,5,1,glioma,0.0001346296413446,0.9996395697688362,0.0002258005898191,1,glioma,0.9996395697688362,919d6f0fb3ca462983d6df6ec06846e41abd9645
densenet121,A,2197,MR040240,patient_disjoint,5,1,glioma,0.0004222927558485,0.9974827308860512,0.0020949763580998,1,glioma,0.9974827308860512,919d6f0fb3ca462983d6df6ec06846e41abd9645
densenet121,A,2198,MR040240,patient_disjoint,5,1,glioma,0.0001697566099296,0.9995581692835992,0.0002720741064712,1,glioma,0.9995581692835992,919d6f0fb3ca462983d6df6ec06846e41abd9645
densenet121,A,2199,MR040240,patient_disjoint,5,1,glioma,0.0002327227159819,0.9995792197016654,0.0001880575823527,1,glioma,0.9995792197016654,919d6f0fb3ca462983d6df6ec06846e41abd9645
densenet121,A,2200,MR040240,patient_disjoint,5,1,glioma,0.0003674275502728,0.9991740043498344,0.0004585680998927,1,glioma,0.9991740043498344,919d6f0fb3ca462983d6df6ec06846e41abd9645
densenet121,A,2201,MR040240,patient_disjoint,5,1,glioma,0.0005071304581596,0.9989221032713504,0.0005707662704898,1,glioma,0.9989221032713504,919d6f0fb3ca462983d6df6ec06846e41abd9645
densenet121,A,2202,MR040240,patient_disjoint,5,1,glioma,0.0003621754963307,0.9992760848092344,0.0003617396944347,1,glioma,0.9992760848092344,919d6f0fb3ca462983d6df6ec06846e41abd9645
densenet121,A,2203,MR040240,patient_disjoint,5,1,glioma,0.0007291979571145,0.998362476229815,0.0009083258130704,1,glioma,0.998362476229815,919d6f0fb3ca462983d6df6ec06846e41abd9645
densenet121,A,2204,MR040240,patient_disjoint,5,1,glioma,0.0003009937713806,0.9994883469977422,0.0002106592308769,1,glioma,0.9994883469977422,919d6f0fb3ca462983d6df6ec06846e41abd9645
densenet121,A,2205,MR040240,patient_disjoint,5,1,glioma,0.0018823900786985,0.99621870796984,0.0018989019514613,1,glioma,0.99621870796984,919d6f0fb3ca462983d6df6ec06846e41abd9645
densenet121,A,2206,MR040240B,patient_disjoint,3,1,glioma,0.000163631330781,0.9996654651518132,0.0001709035174055,1,glioma,0.9996654651518132,919d6f0fb3ca462983d6df6ec06846e41abd9645
densenet121,A,2207,MR040240B,patient_disjoint,3,1,glioma,0.0001444651683992,0.9997572671582368,9.826767336384492e-05,1,glioma,0.9997572671582368,919d6f0fb3ca462983d6df6ec06846e41abd9645
densenet121,A,2208,MR040240B,patient_disjoint,3,1,glioma,0.0001127962923715,0.9998062924747684,8.091123285990082e-05,1,glioma,0.9998062924747684,919d6f0fb3ca462983d6df6ec06846e41abd9645
densenet121,A,2209,MR040240B,patient_disjoint,3,1,glioma,9.3580193540418e-05,0.999856353172817,5.006663364272941e-05,1,glioma,0.999856353172817,919d6f0fb3ca462983d6df6ec06846e41abd9645
densenet121,A,2210,MR040240B,patient_disjoint,3,1,glioma,0.0002126561606779,0.9997045892098824,8.275462943957808e-05,1,glioma,0.9997045892098824,919d6f0fb3ca462983d6df6ec06846e41abd9645
densenet121,A,2211,MR040240B,patient_disjoint,3,1,glioma,0.0001554249147727,0.999762901579842,8.167350538515411e-05,1,glioma,0.999762901579842,919d6f0fb3ca462983d6df6ec06846e41abd9645
densenet121,A,2212,MR040240B,patient_disjoint,3,1,glioma,0.0003534348806398,0.9994690067804114,0.0001775583389486,1,glioma,0.9994690067804114,919d6f0fb3ca462983d6df6ec06846e41abd9645
densenet121,A,2213,MR040240B,patient_disjoint,3,1,glioma,0.0006347978889762,0.9991096064535722,0.0002555956574514,1,glioma,0.9991096064535722,919d6f0fb3ca462983d6df6ec06846e41abd9645
densenet121,A,2214,MR040240B,patient_disjoint,3,1,glioma,0.0003354770418567,0.9995383409342412,0.0001261820239021,1,glioma,0.9995383409342412,919d6f0fb3ca462983d6df6ec06846e41abd9645
densenet121,A,2215,MR040240B,patient_disjoint,3,1,glioma,0.0003439407047947,0.999462614781792,0.0001934445134131,1,glioma,0.999462614781792,919d6f0fb3ca462983d6df6ec06846e41abd9645
densenet121,A,2216,MR029209G,patient_disjoint,5,1,glioma,0.0002314232455801,0.999437272077789,0.0003313046766309,1,glioma,0.999437272077789,919d6f0fb3ca462983d6df6ec06846e41abd9645
densenet121,A,2217,MR029209G,patient_disjoint,5,1,glioma,0.0001323908306654,0.9997198372048618,0.0001477719644728,1,glioma,0.9997198372048618,919d6f0fb3ca462983d6df6ec06846e41abd9645
densenet121,A,2218,MR029209G,patient_disjoint,5,1,glioma,0.0002140605939744,0.9995230179521968,0.0002629214538287,1,glioma,0.9995230179521968,919d6f0fb3ca462983d6df6ec06846e41abd9645
densenet121,A,2219,MR029209G,patient_disjoint,5,1,glioma,0.0004219422819979,0.999145174489352,0.0004328832286501,1,glioma,0.999145174489352,919d6f0fb3ca462983d6df6ec06846e41abd9645
densenet121,A,2220,MR029209G,patient_disjoint,5,1,glioma,0.0003178582585458,0.9993819795076736,0.0003001622337804,1,glioma,0.9993819795076736,919d6f0fb3ca462983d6df6ec06846e41abd9645
densenet121,A,2221,MR029209G,patient_disjoint,5,1,glioma,0.0001906768823904,0.9996437889608392,0.0001655341567704,1,glioma,0.9996437889608392,919d6f0fb3ca462983d6df6ec06846e41abd9645
densenet121,A,2222,MR029209G,patient_disjoint,5,1,glioma,0.0003842709168121,0.9994169400861158,0.000198788997072,1,glioma,0.9994169400861158,919d6f0fb3ca462983d6df6ec06846e41abd9645
densenet121,A,2223,MR029209G,patient_disjoint,5,1,glioma,0.0002893546138047,0.9996303624718308,8.028291436449342e-05,1,glioma,0.9996303624718308,919d6f0fb3ca462983d6df6ec06846e41abd9645
densenet121,A,2224,MR036496B,patient_disjoint,3,1,glioma,0.0001557031558602,0.9997805200323084,6.377681183142764e-05,1,glioma,0.9997805200323084,919d6f0fb3ca462983d6df6ec06846e41abd9645
densenet121,A,2225,MR036496B,patient_disjoint,3,1,glioma,0.0001656165922842,0.9997515766121886,8.280679552722978e-05,1,glioma,0.9997515766121886,919d6f0fb3ca462983d6df6ec06846e41abd9645
densenet121,A,2226,MR036496B,patient_disjoint,3,1,glioma,0.0001667584399411,0.9997683812351948,6.486032486391895e-05,1,glioma,0.9997683812351948,919d6f0fb3ca462983d6df6ec06846e41abd9645
densenet121,A,2227,MR036496B,patient_disjoint,3,1,glioma,0.0003433594613051,0.9995769599786616,7.968056003351003e-05,1,glioma,0.9995769599786616,919d6f0fb3ca462983d6df6ec06846e41abd9645
densenet121,A,2228,MR036496B,patient_disjoint,3,1,glioma,0.0001955971231641,0.999718465544844,8.59373319918127e-05,1,glioma,0.999718465544844,919d6f0fb3ca462983d6df6ec06846e41abd9645
densenet121,A,2229,MR036496B,patient_disjoint,3,1,glioma,0.0004439536551994,0.9994597285980424,9.631774675828044e-05,1,glioma,0.9994597285980424,919d6f0fb3ca462983d6df6ec06846e41abd9645
densenet121,A,2230,MR033420,patient_disjoint,5,1,glioma,6.935093101604047e-05,0.9998175402223436,0.0001131088466405,1,glioma,0.9998175402223436,919d6f0fb3ca462983d6df6ec06846e41abd9645
densenet121,A,2231,MR033420,patient_disjoint,5,1,glioma,9.722791059804382e-05,0.9997243574313144,0.0001784146580876,1,glioma,0.9997243574313144,919d6f0fb3ca462983d6df6ec06846e41abd9645
densenet121,A,2232,MR033420,patient_disjoint,5,1,glioma,0.0002716723172073,0.999563036730031,0.0001652909527616,1,glioma,0.999563036730031,919d6f0fb3ca462983d6df6ec06846e41abd9645
densenet121,A,2233,MR033420,patient_disjoint,5,1,glioma,0.0001318730628479,0.99978713092312,8.099601403225616e-05,1,glioma,0.99978713092312,919d6f0fb3ca462983d6df6ec06846e41abd9645
densenet121,A,2234,MR033420,patient_disjoint,5,1,glioma,7.902885689087838e-05,0.9998479514173751,7.301972573402377e-05,1,glioma,0.9998479514173751,919d6f0fb3ca462983d6df6ec06846e41abd9645
densenet121,A,2235,MR033420,patient_disjoint,5,1,glioma,0.0001046829059393,0.9998196744506844,7.564264337639806e-05,1,glioma,0.9998196744506844,919d6f0fb3ca462983d6df6ec06846e41abd9645
densenet121,A,2236,MR033420,patient_disjoint,5,1,glioma,9.380027472041924e-05,0.99984385020092,6.234952435949263e-05,1,glioma,0.99984385020092,919d6f0fb3ca462983d6df6ec06846e41abd9645
densenet121,A,2237,MR024780B,patient_disjoint,1,1,glioma,0.0010227925084348,0.9976053157716572,0.0013718917199079,1,glioma,0.9976053157716572,919d6f0fb3ca462983d6df6ec06846e41abd9645
densenet121,A,2238,MR024780B,patient_disjoint,1,1,glioma,0.000761906208337,0.9986130552867392,0.0006250385049236,1,glioma,0.9986130552867392,919d6f0fb3ca462983d6df6ec06846e41abd9645
densenet121,A,2239,MR024780B,patient_disjoint,1,1,glioma,0.0007398316270838,0.9986554287455176,0.0006047396273984,1,glioma,0.9986554287455176,919d6f0fb3ca462983d6df6ec06846e41abd9645
densenet121,A,2240,MR024780B,patient_disjoint,1,1,glioma,0.0012568032136904,0.9972662673227584,0.0014769294635509,1,glioma,0.9972662673227584,919d6f0fb3ca462983d6df6ec06846e41abd9645
densenet121,A,2241,MR033389B,patient_disjoint,4,1,glioma,0.0001007571338776,0.9998608725944428,3.837027167951781e-05,1,glioma,0.9998608725944428,919d6f0fb3ca462983d6df6ec06846e41abd9645
densenet121,A,2242,MR048994,patient_disjoint,2,1,glioma,0.000211594729833,0.9997738428184476,1.4562451719419867e-05,1,glioma,0.9997738428184476,919d6f0fb3ca462983d6df6ec06846e41abd9645
densenet121,A,2243,MR048994,patient_disjoint,2,1,glioma,0.0005992316658703,0.99937588590172,2.488243240956135e-05,1,glioma,0.99937588590172,919d6f0fb3ca462983d6df6ec06846e41abd9645
densenet121,A,2244,MR049104,patient_disjoint,1,1,glioma,0.0002221219821001,0.9996651173067476,0.0001127607111525,1,glioma,0.9996651173067476,919d6f0fb3ca462983d6df6ec06846e41abd9645
densenet121,A,2245,MR049104,patient_disjoint,1,1,glioma,0.000142373397172,0.9998020711112852,5.55554915427022e-05,1,glioma,0.9998020711112852,919d6f0fb3ca462983d6df6ec06846e41abd9645
densenet121,A,2246,MR049104,patient_disjoint,1,1,glioma,0.0001040057075045,0.9998384384463362,5.75558461592809e-05,1,glioma,0.9998384384463362,919d6f0fb3ca462983d6df6ec06846e41abd9645
densenet121,A,2247,MR049142,patient_disjoint,5,1,glioma,0.0006436606956425,0.999027488541773,0.0003288507625844,1,glioma,0.999027488541773,919d6f0fb3ca462983d6df6ec06846e41abd9645
densenet121,A,2248,MR049142,patient_disjoint,5,1,glioma,0.0012135794726072,0.9980720028134452,0.0007144177139474,1,glioma,0.9980720028134452,919d6f0fb3ca462983d6df6ec06846e41abd9645
densenet121,A,2249,MR049142,patient_disjoint,5,1,glioma,0.0010651528346118,0.998473075938322,0.0004617712270662,1,glioma,0.998473075938322,919d6f0fb3ca462983d6df6ec06846e41abd9645
densenet121,A,2250,MR048994B,patient_disjoint,4,1,glioma,0.0007753452486447,0.9989276658965384,0.0002969888548167,1,glioma,0.9989276658965384,919d6f0fb3ca462983d6df6ec06846e41abd9645
densenet121,A,2251,MR048994B,patient_disjoint,4,1,glioma,0.0003788920796286,0.9994701741312576,0.0001509337891138,1,glioma,0.9994701741312576,919d6f0fb3ca462983d6df6ec06846e41abd9645
densenet121,A,2252,MR048994B,patient_disjoint,4,1,glioma,0.0004431926841193,0.9992687500305582,0.0002880572853223,1,glioma,0.9992687500305582,919d6f0fb3ca462983d6df6ec06846e41abd9645
densenet121,A,2253,MR048994B,patient_disjoint,4,1,glioma,0.0001474077243207,0.9997193084630044,0.000133283812675,1,glioma,0.9997193084630044,919d6f0fb3ca462983d6df6ec06846e41abd9645
densenet121,A,2254,MR048944B,patient_disjoint,5,1,glioma,0.0002477593321442,0.9995511045238942,0.0002011361439616,1,glioma,0.9995511045238942,919d6f0fb3ca462983d6df6ec06846e41abd9645
densenet121,A,2255,MR048944B,patient_disjoint,5,1,glioma,0.0001588967998733,0.9997477248329132,9.33783672132288e-05,1,glioma,0.9997477248329132,919d6f0fb3ca462983d6df6ec06846e41abd9645
densenet121,A,2256,MR048944B,patient_disjoint,5,1,glioma,0.0001722783927011,0.9995463286456638,0.000281392961635,1,glioma,0.9995463286456638,919d6f0fb3ca462983d6df6ec06846e41abd9645
densenet121,A,2257,MR048944B,patient_disjoint,5,1,glioma,0.0001827449344599,0.99962034555417,0.0001969095113699,1,glioma,0.99962034555417,919d6f0fb3ca462983d6df6ec06846e41abd9645
densenet121,A,2258,MR048944B,patient_disjoint,5,1,glioma,8.267964454960824e-05,0.9998053611219572,0.0001119592334933,1,glioma,0.9998053611219572,919d6f0fb3ca462983d6df6ec06846e41abd9645
densenet121,A,2259,MR048944B,patient_disjoint,5,1,glioma,0.0001206154503936,0.999793347251736,8.60372978704056e-05,1,glioma,0.999793347251736,919d6f0fb3ca462983d6df6ec06846e41abd9645
densenet121,A,2260,MR048944B,patient_disjoint,5,1,glioma,7.404022223198294e-05,0.9998000844134792,0.0001258753642889,1,glioma,0.9998000844134792,919d6f0fb3ca462983d6df6ec06846e41abd9645
densenet121,A,2261,MR049358,patient_disjoint,3,1,glioma,0.0001304358623112,0.9997468568907726,0.0001227072469162,1,glioma,0.9997468568907726,919d6f0fb3ca462983d6df6ec06846e41abd9645
densenet121,A,2262,MR049358,patient_disjoint,3,1,glioma,0.0001112445257798,0.9996469126184554,0.0002418428557645,1,glioma,0.9996469126184554,919d6f0fb3ca462983d6df6ec06846e41abd9645
densenet121,A,2263,MR049358,patient_disjoint,3,1,glioma,0.0001757621233436,0.9994448222511816,0.0003794156254747,1,glioma,0.9994448222511816,919d6f0fb3ca462983d6df6ec06846e41abd9645
densenet121,A,2264,MR049358,patient_disjoint,3,1,glioma,0.0001717711669084,0.9994133183633798,0.0004149104697117,1,glioma,0.9994133183633798,919d6f0fb3ca462983d6df6ec06846e41abd9645
densenet121,A,2265,MR049358,patient_disjoint,3,1,glioma,0.0003268636341981,0.9979484727406204,0.0017246636251815,1,glioma,0.9979484727406204,919d6f0fb3ca462983d6df6ec06846e41abd9645
densenet121,A,2266,MR049358,patient_disjoint,3,1,glioma,0.0004123860531928,0.9980907662979508,0.0014968476488564,1,glioma,0.9980907662979508,919d6f0fb3ca462983d6df6ec06846e41abd9645
densenet121,A,2267,MR049358,patient_disjoint,3,1,glioma,9.658289220206045e-05,0.9995443969763634,0.0003590201314344,1,glioma,0.9995443969763634,919d6f0fb3ca462983d6df6ec06846e41abd9645
densenet121,A,2268,MR049358,patient_disjoint,3,1,glioma,0.0001390031006817,0.9997218332708124,0.0001391636285055,1,glioma,0.9997218332708124,919d6f0fb3ca462983d6df6ec06846e41abd9645
densenet121,A,2269,MR049358,patient_disjoint,3,1,glioma,0.0002484626849948,0.999559005103588,0.0001925322114172,1,glioma,0.999559005103588,919d6f0fb3ca462983d6df6ec06846e41abd9645
densenet121,A,2270,MR049453,patient_disjoint,2,1,glioma,0.0001322303670308,0.9998245343697544,4.3235263214393303e-05,1,glioma,0.9998245343697544,919d6f0fb3ca462983d6df6ec06846e41abd9645
densenet121,A,2271,MR049453,patient_disjoint,2,1,glioma,0.0001576388510449,0.9997395106141718,0.0001028505347831,1,glioma,0.9997395106141718,919d6f0fb3ca462983d6df6ec06846e41abd9645
densenet121,A,2272,MR049453,patient_disjoint,2,1,glioma,0.0002785060786585,0.9994141470166944,0.000307346904647,1,glioma,0.9994141470166944,919d6f0fb3ca462983d6df6ec06846e41abd9645
densenet121,A,2273,MR049453,patient_disjoint,2,1,glioma,0.0002003181518604,0.9996170194143192,0.0001826624338203,1,glioma,0.9996170194143192,919d6f0fb3ca462983d6df6ec06846e41abd9645
densenet121,A,2274,MR049453,patient_disjoint,2,1,glioma,0.000135661295357,0.9997864004407948,7.793826384786078e-05,1,glioma,0.9997864004407948,919d6f0fb3ca462983d6df6ec06846e41abd9645
densenet121,A,2275,MR049453,patient_disjoint,2,1,glioma,0.0002239273115701,0.9995933897043012,0.0001826829841285,1,glioma,0.9995933897043012,919d6f0fb3ca462983d6df6ec06846e41abd9645
densenet121,A,2276,MR049453,patient_disjoint,2,1,glioma,0.0002451317632062,0.9994520855253934,0.0003027827114003,1,glioma,0.9994520855253934,919d6f0fb3ca462983d6df6ec06846e41abd9645
densenet121,A,2277,MR049453,patient_disjoint,2,1,glioma,0.0002191775391639,0.9996073499399792,0.0001734725208567,1,glioma,0.9996073499399792,919d6f0fb3ca462983d6df6ec06846e41abd9645
densenet121,A,2278,MR049453,patient_disjoint,2,1,glioma,0.000174364015235,0.9997174126105334,0.0001082233742315,1,glioma,0.9997174126105334,919d6f0fb3ca462983d6df6ec06846e41abd9645
densenet121,A,2279,MR024780G,patient_disjoint,1,1,glioma,0.0001820680592645,0.9997809276991728,3.7004241562616495e-05,1,glioma,0.9997809276991728,919d6f0fb3ca462983d6df6ec06846e41abd9645
densenet121,A,2280,MR024780G,patient_disjoint,1,1,glioma,0.0002280976966668,0.9997234115256372,4.849077769581801e-05,1,glioma,0.9997234115256372,919d6f0fb3ca462983d6df6ec06846e41abd9645
densenet121,A,2281,MR024780G,patient_disjoint,1,1,glioma,0.0002018389637581,0.9997640339911644,3.4127045077442125e-05,1,glioma,0.9997640339911644,919d6f0fb3ca462983d6df6ec06846e41abd9645
densenet121,A,2282,MR024780G,patient_disjoint,1,1,glioma,0.00029856546247,0.9996550818859008,4.6352651629293614e-05,1,glioma,0.9996550818859008,919d6f0fb3ca462983d6df6ec06846e41abd9645
densenet121,A,2283,MR024780G,patient_disjoint,1,1,glioma,0.0002180815104233,0.9997082053590094,7.371313056718576e-05,1,glioma,0.9997082053590094,919d6f0fb3ca462983d6df6ec06846e41abd9645
densenet121,A,2284,MR024780G,patient_disjoint,1,1,glioma,0.000373842110948,0.9995527166513896,7.344123766234711e-05,1,glioma,0.9995527166513896,919d6f0fb3ca462983d6df6ec06846e41abd9645
densenet121,A,2285,MR024780G,patient_disjoint,1,1,glioma,0.0001946521427249,0.9997597301316292,4.561772564587782e-05,1,glioma,0.9997597301316292,919d6f0fb3ca462983d6df6ec06846e41abd9645
densenet121,A,2286,MR049453B,patient_disjoint,1,1,glioma,0.0005214981256276,0.9994225896851217,5.5912189250881184e-05,1,glioma,0.9994225896851217,919d6f0fb3ca462983d6df6ec06846e41abd9645
densenet121,A,2287,MR049453B,patient_disjoint,1,1,glioma,0.0028576205312602,0.9967909696083804,0.0003514098603593,1,glioma,0.9967909696083804,919d6f0fb3ca462983d6df6ec06846e41abd9645
densenet121,A,2288,MR049453B,patient_disjoint,1,1,glioma,0.0008744927613704,0.9977511457472517,0.0013743614913778,1,glioma,0.9977511457472517,919d6f0fb3ca462983d6df6ec06846e41abd9645
densenet121,A,2289,MR049453B,patient_disjoint,1,1,glioma,0.0008557288408898,0.9988097110474836,0.0003345601116267,1,glioma,0.9988097110474836,919d6f0fb3ca462983d6df6ec06846e41abd9645
densenet121,A,2290,MR049453B,patient_disjoint,1,1,glioma,0.0005833306413593,0.9991458411909888,0.0002708281676516,1,glioma,0.9991458411909888,919d6f0fb3ca462983d6df6ec06846e41abd9645
densenet121,A,2291,MR049453B,patient_disjoint,1,1,glioma,0.0017107666403318,0.9963701705603634,0.0019190627993049,1,glioma,0.9963701705603634,919d6f0fb3ca462983d6df6ec06846e41abd9645
densenet121,A,2292,MR049453B,patient_disjoint,1,1,glioma,0.009159407657673,0.9873188673071908,0.0035217250351361,1,glioma,0.9873188673071908,919d6f0fb3ca462983d6df6ec06846e41abd9645
densenet121,A,2293,MR049453B,patient_disjoint,1,1,glioma,0.0045332421740002,0.994893357934614,0.0005733998913854,1,glioma,0.994893357934614,919d6f0fb3ca462983d6df6ec06846e41abd9645
densenet121,A,2294,MR049453B,patient_disjoint,1,1,glioma,0.0009703639970903,0.9985219120978256,0.0005077239050841,1,glioma,0.9985219120978256,919d6f0fb3ca462983d6df6ec06846e41abd9645
densenet121,A,2295,MR049453B,patient_disjoint,1,1,glioma,0.0008586557598894,0.9986896127320124,0.0004517315080983,1,glioma,0.9986896127320124,919d6f0fb3ca462983d6df6ec06846e41abd9645
densenet121,A,2296,MR049453B,patient_disjoint,1,1,glioma,0.0009925619805431,0.9981850153591224,0.0008224226603344,1,glioma,0.9981850153591224,919d6f0fb3ca462983d6df6ec06846e41abd9645
densenet121,A,2297,MR049453B,patient_disjoint,1,1,glioma,0.0006110210247776,0.9986774058286012,0.0007115731466208,1,glioma,0.9986774058286012,919d6f0fb3ca462983d6df6ec06846e41abd9645
densenet121,A,2298,MR049453B,patient_disjoint,1,1,glioma,0.0005442130797975,0.9987917993065968,0.0006639876136056,1,glioma,0.9987917993065968,919d6f0fb3ca462983d6df6ec06846e41abd9645
densenet121,A,2299,MR049453B,patient_disjoint,1,1,glioma,0.0008111945118304,0.9987398337681844,0.000448971719985,1,glioma,0.9987398337681844,919d6f0fb3ca462983d6df6ec06846e41abd9645
densenet121,A,2300,MR050135B,patient_disjoint,2,1,glioma,0.0015211289983459,0.99805533631239,0.0004235346892641,1,glioma,0.99805533631239,919d6f0fb3ca462983d6df6ec06846e41abd9645
densenet121,A,2301,MR050135B,patient_disjoint,2,1,glioma,0.0002017796604609,0.999751036146576,4.718419296319975e-05,1,glioma,0.999751036146576,919d6f0fb3ca462983d6df6ec06846e41abd9645
densenet121,A,2302,MR050135B,patient_disjoint,2,1,glioma,0.0001934298948696,0.9996544631427152,0.0001521069624151,1,glioma,0.9996544631427152,919d6f0fb3ca462983d6df6ec06846e41abd9645
densenet121,A,2303,MR050135B,patient_disjoint,2,1,glioma,0.0002471992885098,0.9994615798045002,0.0002912209069899,1,glioma,0.9994615798045002,919d6f0fb3ca462983d6df6ec06846e41abd9645
densenet121,A,2304,MR050135B,patient_disjoint,2,1,glioma,0.0003114217159091,0.9990969917501938,0.0005915865338968,1,glioma,0.9990969917501938,919d6f0fb3ca462983d6df6ec06846e41abd9645
densenet121,A,2305,MR050135B,patient_disjoint,2,1,glioma,0.0001158202619063,0.9996336617882956,0.0002505179497979,1,glioma,0.9996336617882956,919d6f0fb3ca462983d6df6ec06846e41abd9645
densenet121,A,2306,MR050135B,patient_disjoint,2,1,glioma,0.0001093208974684,0.9996333649378062,0.0002573141647253,1,glioma,0.9996333649378062,919d6f0fb3ca462983d6df6ec06846e41abd9645
densenet121,A,2307,MR050135B,patient_disjoint,2,1,glioma,0.0002312614699275,0.9991313522850528,0.0006373862450196,1,glioma,0.9991313522850528,919d6f0fb3ca462983d6df6ec06846e41abd9645
densenet121,A,2308,MR050135B,patient_disjoint,2,1,glioma,0.0003877542787606,0.9981326016635004,0.001479644057739,1,glioma,0.9981326016635004,919d6f0fb3ca462983d6df6ec06846e41abd9645
densenet121,A,2309,MR050135B,patient_disjoint,2,1,glioma,0.0007075390848571,0.998484067315178,0.0008083935999646,1,glioma,0.998484067315178,919d6f0fb3ca462983d6df6ec06846e41abd9645
densenet121,A,2310,MR050135B,patient_disjoint,2,1,glioma,0.0002727792517088,0.9995334997065904,0.0001937210417008,1,glioma,0.9995334997065904,919d6f0fb3ca462983d6df6ec06846e41abd9645
densenet121,A,2311,MR050687,patient_disjoint,1,1,glioma,0.0046902376657787,0.9950560771521036,0.0002536851821176,1,glioma,0.9950560771521036,919d6f0fb3ca462983d6df6ec06846e41abd9645
densenet121,A,2312,MR050687,patient_disjoint,1,1,glioma,0.0008850713062028,0.9990244230095916,9.050568420569536e-05,1,glioma,0.9990244230095916,919d6f0fb3ca462983d6df6ec06846e41abd9645
densenet121,A,2313,MR050687,patient_disjoint,1,1,glioma,0.0002496635406559,0.9997067322007556,4.360425858847875e-05,1,glioma,0.9997067322007556,919d6f0fb3ca462983d6df6ec06846e41abd9645
densenet121,A,2314,MR050687,patient_disjoint,1,1,glioma,0.0127229172772898,0.9869512608368372,0.0003258218858727,1,glioma,0.9869512608368372,919d6f0fb3ca462983d6df6ec06846e41abd9645
densenet121,A,2315,MR050687,patient_disjoint,1,1,glioma,0.5675804077068394,0.4319687374988437,0.0004508547943168,0,meningioma,0.5675804077068394,919d6f0fb3ca462983d6df6ec06846e41abd9645
densenet121,A,2316,MR050687,patient_disjoint,1,1,glioma,0.0001830859039841,0.9997987579090366,1.815618697924932e-05,1,glioma,0.9997987579090366,919d6f0fb3ca462983d6df6ec06846e41abd9645
densenet121,A,2317,MR050791B,patient_disjoint,4,1,glioma,0.0002618741387582,0.9997201499145314,1.7975946710277294e-05,1,glioma,0.9997201499145314,919d6f0fb3ca462983d6df6ec06846e41abd9645
densenet121,A,2318,MR050791B,patient_disjoint,4,1,glioma,0.0007032144405558,0.999266335227644,3.045033180010904e-05,1,glioma,0.999266335227644,919d6f0fb3ca462983d6df6ec06846e41abd9645
densenet121,A,2319,MR050791B,patient_disjoint,4,1,glioma,0.0007138970867342,0.999235898848474,5.0204064791713304e-05,1,glioma,0.999235898848474,919d6f0fb3ca462983d6df6ec06846e41abd9645
densenet121,A,2320,MR050791B,patient_disjoint,4,1,glioma,0.0001474972868243,0.9998164691590102,3.6033554165450825e-05,1,glioma,0.9998164691590102,919d6f0fb3ca462983d6df6ec06846e41abd9645
densenet121,A,2321,MR049019C,patient_disjoint,4,1,glioma,0.0010016313514624,0.9853176525760906,0.0136807160724468,1,glioma,0.9853176525760906,919d6f0fb3ca462983d6df6ec06846e41abd9645
densenet121,A,2322,MR049019C,patient_disjoint,4,1,glioma,0.0010656293944371,0.9851125114828556,0.0138218591227073,1,glioma,0.9851125114828556,919d6f0fb3ca462983d6df6ec06846e41abd9645
densenet121,A,2323,MR049019C,patient_disjoint,4,1,glioma,0.002354689743712,0.9488629068621016,0.0487824033941862,1,glioma,0.9488629068621016,919d6f0fb3ca462983d6df6ec06846e41abd9645
densenet121,A,2324,MR049019C,patient_disjoint,4,1,glioma,0.0013581885456,0.9844657766474572,0.0141760348069427,1,glioma,0.9844657766474572,919d6f0fb3ca462983d6df6ec06846e41abd9645
densenet121,A,2325,MR049019C,patient_disjoint,4,1,glioma,0.0020414639895572,0.9912368193948388,0.0067217166156043,1,glioma,0.9912368193948388,919d6f0fb3ca462983d6df6ec06846e41abd9645
densenet121,A,2326,MR026175C,patient_disjoint,4,1,glioma,0.0007815092955054,0.999182449268055,3.604143643962545e-05,1,glioma,0.999182449268055,919d6f0fb3ca462983d6df6ec06846e41abd9645
densenet121,A,2327,MR026175C,patient_disjoint,4,1,glioma,0.0073618141720878,0.992561941199181,7.624462873110514e-05,1,glioma,0.992561941199181,919d6f0fb3ca462983d6df6ec06846e41abd9645
densenet121,A,2328,MR026175C,patient_disjoint,4,1,glioma,0.0115812396075022,0.9879904905978698,0.0004282697946279,1,glioma,0.9879904905978698,919d6f0fb3ca462983d6df6ec06846e41abd9645
densenet121,A,2329,MR026175C,patient_disjoint,4,1,glioma,0.0017114529281541,0.997895892285328,0.0003926547865177,1,glioma,0.997895892285328,919d6f0fb3ca462983d6df6ec06846e41abd9645
densenet121,A,2330,MR026175C,patient_disjoint,4,1,glioma,0.000262756397517,0.9995287566504668,0.0002084869520162,1,glioma,0.9995287566504668,919d6f0fb3ca462983d6df6ec06846e41abd9645
densenet121,A,2331,MR026175C,patient_disjoint,4,1,glioma,0.0001462239577463,0.9997360924965588,0.000117683545695,1,glioma,0.9997360924965588,919d6f0fb3ca462983d6df6ec06846e41abd9645
densenet121,A,2332,MR026175C,patient_disjoint,4,1,glioma,0.0003338321637493,0.9994566803445626,0.0002094874916879,1,glioma,0.9994566803445626,919d6f0fb3ca462983d6df6ec06846e41abd9645
densenet121,A,2333,MR051461,patient_disjoint,2,1,glioma,0.0002929879507228,0.9996455368080968,6.147524118033433e-05,1,glioma,0.9996455368080968,919d6f0fb3ca462983d6df6ec06846e41abd9645
densenet121,A,2334,MR051461,patient_disjoint,2,1,glioma,0.000234955254714,0.999687117546792,7.792719849407632e-05,1,glioma,0.999687117546792,919d6f0fb3ca462983d6df6ec06846e41abd9645
densenet121,A,2335,MR051461,patient_disjoint,2,1,glioma,0.0001542585965169,0.9998027074978458,4.3033905637114915e-05,1,glioma,0.9998027074978458,919d6f0fb3ca462983d6df6ec06846e41abd9645
densenet121,A,2336,MR051461,patient_disjoint,2,1,glioma,0.0003257001630014,0.999500440492952,0.0001738593440465,1,glioma,0.999500440492952,919d6f0fb3ca462983d6df6ec06846e41abd9645
densenet121,A,2337,MR051461,patient_disjoint,2,1,glioma,0.0011131402808401,0.9979796123470822,0.0009072473720777,1,glioma,0.9979796123470822,919d6f0fb3ca462983d6df6ec06846e41abd9645
densenet121,A,2338,MR051461,patient_disjoint,2,1,glioma,0.0005621929308428,0.99905106038726,0.0003867466818971,1,glioma,0.99905106038726,919d6f0fb3ca462983d6df6ec06846e41abd9645
densenet121,A,2339,MR051461,patient_disjoint,2,1,glioma,0.0003106807904741,0.9995380378773836,0.0001512813321422,1,glioma,0.9995380378773836,919d6f0fb3ca462983d6df6ec06846e41abd9645
densenet121,A,2340,MR051461,patient_disjoint,2,1,glioma,0.0001854092528293,0.9997512221386596,6.336860851090477e-05,1,glioma,0.9997512221386596,919d6f0fb3ca462983d6df6ec06846e41abd9645
densenet121,A,2341,MR051461,patient_disjoint,2,1,glioma,0.0002340582560124,0.999661038837416,0.0001049029065716,1,glioma,0.999661038837416,919d6f0fb3ca462983d6df6ec06846e41abd9645
densenet121,A,2342,MR051586,patient_disjoint,5,1,glioma,0.0003293465390891,0.9995744160253625,9.623743554857004e-05,1,glioma,0.9995744160253625,919d6f0fb3ca462983d6df6ec06846e41abd9645
densenet121,A,2343,MR051586,patient_disjoint,5,1,glioma,0.0002240448456939,0.9996810751617832,9.487999252293264e-05,1,glioma,0.9996810751617832,919d6f0fb3ca462983d6df6ec06846e41abd9645
densenet121,A,2344,MR033389B,patient_disjoint,4,1,glioma,0.000138590694942,0.9998091932294252,5.221607563276089e-05,1,glioma,0.9998091932294252,919d6f0fb3ca462983d6df6ec06846e41abd9645
densenet121,A,2345,MR033389B,patient_disjoint,4,1,glioma,0.000112031714182,0.9998288290079728,5.9139277845147515e-05,1,glioma,0.9998288290079728,919d6f0fb3ca462983d6df6ec06846e41abd9645
densenet121,A,2346,MR033389B,patient_disjoint,4,1,glioma,0.0002806457776686,0.9996740792180318,4.527500429967924e-05,1,glioma,0.9996740792180318,919d6f0fb3ca462983d6df6ec06846e41abd9645
densenet121,A,2347,MR033389B,patient_disjoint,4,1,glioma,0.0001391991075082,0.9998296168434532,3.118404903840211e-05,1,glioma,0.9998296168434532,919d6f0fb3ca462983d6df6ec06846e41abd9645
densenet121,A,2348,MR033389B,patient_disjoint,4,1,glioma,0.0007232805788826,0.99912272604541,0.0001539933757074,1,glioma,0.99912272604541,919d6f0fb3ca462983d6df6ec06846e41abd9645
densenet121,A,2349,MR024780E,patient_disjoint,4,1,glioma,0.0005631819281015,0.9989841409521212,0.0004526771197775,1,glioma,0.9989841409521212,919d6f0fb3ca462983d6df6ec06846e41abd9645
densenet121,A,2350,MR026175E,patient_disjoint,2,1,glioma,0.0003293148463733,0.9989057709845596,0.0007649141690669,1,glioma,0.9989057709845596,919d6f0fb3ca462983d6df6ec06846e41abd9645
densenet121,A,2351,MR026175E,patient_disjoint,2,1,glioma,0.0001967486875528,0.999351058174187,0.00045219313826,1,glioma,0.999351058174187,919d6f0fb3ca462983d6df6ec06846e41abd9645
densenet121,A,2352,MR026175E,patient_disjoint,2,1,glioma,0.0003789392207328,0.9991134703620892,0.000507590417178,1,glioma,0.9991134703620892,919d6f0fb3ca462983d6df6ec06846e41abd9645
densenet121,A,2353,MR026175E,patient_disjoint,2,1,glioma,0.000783639586476,0.9987506582502448,0.0004657021632792,1,glioma,0.9987506582502448,919d6f0fb3ca462983d6df6ec06846e41abd9645
densenet121,A,2354,MR026175E,patient_disjoint,2,1,glioma,0.000171189060972,0.9992634554373052,0.0005653555017227,1,glioma,0.9992634554373052,919d6f0fb3ca462983d6df6ec06846e41abd9645
densenet121,A,2355,MR026175E,patient_disjoint,2,1,glioma,0.0001457879772235,0.999547477140802,0.0003067348819742,1,glioma,0.999547477140802,919d6f0fb3ca462983d6df6ec06846e41abd9645
densenet121,A,2356,MR026175E,patient_disjoint,2,1,glioma,0.0001391859660238,0.9995610024551606,0.0002998115788156,1,glioma,0.9995610024551606,919d6f0fb3ca462983d6df6ec06846e41abd9645
densenet121,A,2357,MR026175E,patient_disjoint,2,1,glioma,0.0010472684800047,0.9941145497041805,0.0048381818158149,1,glioma,0.9941145497041805,919d6f0fb3ca462983d6df6ec06846e41abd9645
densenet121,A,2358,MR026175E,patient_disjoint,2,1,glioma,0.0004471566546206,0.9982492524929092,0.0013035908524701,1,glioma,0.9982492524929092,919d6f0fb3ca462983d6df6ec06846e41abd9645
densenet121,A,2359,MR026175E,patient_disjoint,2,1,glioma,0.0002033455499216,0.999459279059042,0.0003373753910362,1,glioma,0.999459279059042,919d6f0fb3ca462983d6df6ec06846e41abd9645
densenet121,A,2360,MR026175E,patient_disjoint,2,1,glioma,0.0002768820400265,0.9993682495932814,0.000354868366692,1,glioma,0.9993682495932814,919d6f0fb3ca462983d6df6ec06846e41abd9645
densenet121,A,2361,MR026175E,patient_disjoint,2,1,glioma,0.0004932757560721,0.9990188250887024,0.0004878991552254,1,glioma,0.9990188250887024,919d6f0fb3ca462983d6df6ec06846e41abd9645
densenet121,A,2362,MR040240C,patient_disjoint,2,1,glioma,0.0006467653025111,0.9958024176672938,0.0035508170301952,1,glioma,0.9958024176672938,919d6f0fb3ca462983d6df6ec06846e41abd9645
densenet121,A,2363,MR040240C,patient_disjoint,2,1,glioma,0.0008660682157463,0.9974761224513108,0.0016578093329426,1,glioma,0.9974761224513108,919d6f0fb3ca462983d6df6ec06846e41abd9645
densenet121,A,2364,MR040240C,patient_disjoint,2,1,glioma,0.0010428982845186,0.9979503866039772,0.0010067151115039,1,glioma,0.9979503866039772,919d6f0fb3ca462983d6df6ec06846e41abd9645
densenet121,A,2365,MR040240C,patient_disjoint,2,1,glioma,0.0004137888442838,0.997381250685644,0.0022049604700721,1,glioma,0.997381250685644,919d6f0fb3ca462983d6df6ec06846e41abd9645
densenet121,A,2366,MR040240C,patient_disjoint,2,1,glioma,0.0006186930679112,0.9978544384167812,0.0015268685153073,1,glioma,0.9978544384167812,919d6f0fb3ca462983d6df6ec06846e41abd9645
densenet121,A,2367,MR040240C,patient_disjoint,2,1,glioma,0.0004921196753213,0.9987057457383792,0.0008021345862994,1,glioma,0.9987057457383792,919d6f0fb3ca462983d6df6ec06846e41abd9645
densenet121,A,2368,MR040240C,patient_disjoint,2,1,glioma,0.0008076350145157,0.9972657859160616,0.0019265790694226,1,glioma,0.9972657859160616,919d6f0fb3ca462983d6df6ec06846e41abd9645
densenet121,A,2369,MR040240C,patient_disjoint,2,1,glioma,0.0010026069382093,0.9971626713040888,0.0018347217577018,1,glioma,0.9971626713040888,919d6f0fb3ca462983d6df6ec06846e41abd9645
densenet121,A,2370,MR040240C,patient_disjoint,2,1,glioma,0.0012550544897373,0.995653838233395,0.0030911072768674,1,glioma,0.995653838233395,919d6f0fb3ca462983d6df6ec06846e41abd9645
densenet121,A,2371,MR040240C,patient_disjoint,2,1,glioma,0.001044387691497,0.9970404316622372,0.0019151806462657,1,glioma,0.9970404316622372,919d6f0fb3ca462983d6df6ec06846e41abd9645
densenet121,A,2372,MR040240C,patient_disjoint,2,1,glioma,0.0005644538148805,0.9987585446954916,0.0006770014896277,1,glioma,0.9987585446954916,919d6f0fb3ca462983d6df6ec06846e41abd9645
densenet121,A,2373,MR040240D,patient_disjoint,4,1,glioma,9.272811407404526e-05,0.9998488452599028,5.842662602295283e-05,1,glioma,0.9998488452599028,919d6f0fb3ca462983d6df6ec06846e41abd9645
densenet121,A,2374,MR040240D,patient_disjoint,4,1,glioma,4.387703143973949e-05,0.999926837561542,2.9285407018108065e-05,1,glioma,0.999926837561542,919d6f0fb3ca462983d6df6ec06846e41abd9645
densenet121,A,2375,MR040240D,patient_disjoint,4,1,glioma,0.0008757170906095,0.9988696072086236,0.0002546757007669,1,glioma,0.9988696072086236,919d6f0fb3ca462983d6df6ec06846e41abd9645
densenet121,A,2376,MR040240D,patient_disjoint,4,1,glioma,6.473857237318534e-05,0.9998943088224808,4.095260514602587e-05,1,glioma,0.9998943088224808,919d6f0fb3ca462983d6df6ec06846e41abd9645
densenet121,A,2377,MR040240D,patient_disjoint,4,1,glioma,5.004208376335097e-05,0.9999209200564926,2.9037859743952693e-05,1,glioma,0.9999209200564926,919d6f0fb3ca462983d6df6ec06846e41abd9645
densenet121,A,2378,MR040240D,patient_disjoint,4,1,glioma,0.0002649154279108,0.9996214984930456,0.0001135860790432,1,glioma,0.9996214984930456,919d6f0fb3ca462983d6df6ec06846e41abd9645
densenet121,A,2379,MR040240D,patient_disjoint,4,1,glioma,0.0001434511451028,0.9997793690974248,7.717975747222939e-05,1,glioma,0.9997793690974248,919d6f0fb3ca462983d6df6ec06846e41abd9645
densenet121,A,2380,MR040240D,patient_disjoint,4,1,glioma,0.0003248005003542,0.9995012237509644,0.0001739757486812,1,glioma,0.9995012237509644,919d6f0fb3ca462983d6df6ec06846e41abd9645
densenet121,A,2381,MR040240D,patient_disjoint,4,1,glioma,0.000348687719877,0.9994581513273536,0.0001931609527693,1,glioma,0.9994581513273536,919d6f0fb3ca462983d6df6ec06846e41abd9645
densenet121,A,2382,MR040240D,patient_disjoint,4,1,glioma,0.0001521394993395,0.9997586453264652,8.921517419534438e-05,1,glioma,0.9997586453264652,919d6f0fb3ca462983d6df6ec06846e41abd9645
densenet121,A,2383,MR040240D,patient_disjoint,4,1,glioma,0.0009116345942911,0.9987064708762926,0.0003818945294162,1,glioma,0.9987064708762926,919d6f0fb3ca462983d6df6ec06846e41abd9645
densenet121,A,2384,MR017260F,patient_disjoint,2,1,glioma,0.0002202599678366,0.9994569733082692,0.0003227667238939,1,glioma,0.9994569733082692,919d6f0fb3ca462983d6df6ec06846e41abd9645
densenet121,A,2385,MR017260F,patient_disjoint,2,1,glioma,0.0005205875829919,0.9981993586620976,0.0012800537549106,1,glioma,0.9981993586620976,919d6f0fb3ca462983d6df6ec06846e41abd9645
densenet121,A,2386,MR017260F,patient_disjoint,2,1,glioma,0.0002770674198651,0.9994486105137736,0.0002743220663612,1,glioma,0.9994486105137736,919d6f0fb3ca462983d6df6ec06846e41abd9645
densenet121,A,2387,MR017260F,patient_disjoint,2,1,glioma,0.0003963366525556,0.9991500551008664,0.0004536082465779,1,glioma,0.9991500551008664,919d6f0fb3ca462983d6df6ec06846e41abd9645
densenet121,A,2388,MR017260F,patient_disjoint,2,1,glioma,0.020495983475656,0.9720801287212382,0.0074238878031059,1,glioma,0.9720801287212382,919d6f0fb3ca462983d6df6ec06846e41abd9645
densenet121,A,2389,MR017260F,patient_disjoint,2,1,glioma,0.0007644195758063,0.9989212721169116,0.000314308307282,1,glioma,0.9989212721169116,919d6f0fb3ca462983d6df6ec06846e41abd9645
densenet121,A,2390,MR017260F,patient_disjoint,2,1,glioma,0.0009465581088412,0.9987931369766402,0.0002603049145186,1,glioma,0.9987931369766402,919d6f0fb3ca462983d6df6ec06846e41abd9645
densenet121,A,2391,MR017260F,patient_disjoint,2,1,glioma,0.0003444841344711,0.9994294480271602,0.0002260678383685,1,glioma,0.9994294480271602,919d6f0fb3ca462983d6df6ec06846e41abd9645
densenet121,A,2392,MR017260F,patient_disjoint,2,1,glioma,0.0003879761349272,0.9994768924504308,0.0001351314146419,1,glioma,0.9994768924504308,919d6f0fb3ca462983d6df6ec06846e41abd9645
densenet121,A,2393,MR017260F,patient_disjoint,2,1,glioma,0.0006855903653996,0.9990750417114328,0.0002393679231675,1,glioma,0.9990750417114328,919d6f0fb3ca462983d6df6ec06846e41abd9645
densenet121,A,2394,MR029209I,patient_disjoint,4,1,glioma,0.0002471650800545,0.9993099278803044,0.0004429070396409,1,glioma,0.9993099278803044,919d6f0fb3ca462983d6df6ec06846e41abd9645
densenet121,A,2395,MR029209I,patient_disjoint,4,1,glioma,0.0003500502335433,0.9994346805938776,0.0002152691725789,1,glioma,0.9994346805938776,919d6f0fb3ca462983d6df6ec06846e41abd9645
densenet121,A,2396,MR029209I,patient_disjoint,4,1,glioma,0.0001629660496705,0.9997279891395976,0.000109044810732,1,glioma,0.9997279891395976,919d6f0fb3ca462983d6df6ec06846e41abd9645
densenet121,A,2397,MR029209I,patient_disjoint,4,1,glioma,0.0001525211308859,0.9997498144394212,9.766442969265742e-05,1,glioma,0.9997498144394212,919d6f0fb3ca462983d6df6ec06846e41abd9645
densenet121,A,2398,MR029209I,patient_disjoint,4,1,glioma,0.0001687344287097,0.9997828896841008,4.837588718952069e-05,1,glioma,0.9997828896841008,919d6f0fb3ca462983d6df6ec06846e41abd9645
densenet121,A,2399,MR029209I,patient_disjoint,4,1,glioma,0.0001699291981605,0.9997398044833382,9.02663185013165e-05,1,glioma,0.9997398044833382,919d6f0fb3ca462983d6df6ec06846e41abd9645
densenet121,A,2400,MR029209I,patient_disjoint,4,1,glioma,0.0002430465519399,0.9996984035530092,5.8549895050988584e-05,1,glioma,0.9996984035530092,919d6f0fb3ca462983d6df6ec06846e41abd9645
densenet121,A,2401,MR029209I,patient_disjoint,4,1,glioma,0.0005392253863521,0.9992808286361602,0.0001799459774876,1,glioma,0.9992808286361602,919d6f0fb3ca462983d6df6ec06846e41abd9645
densenet121,A,2402,MR029209I,patient_disjoint,4,1,glioma,0.0007135652292142,0.9991324643445362,0.0001539704262493,1,glioma,0.9991324643445362,919d6f0fb3ca462983d6df6ec06846e41abd9645
densenet121,A,2403,MR048294,patient_disjoint,1,1,glioma,0.0007954712931182,0.9983318873838936,0.0008726413229881,1,glioma,0.9983318873838936,919d6f0fb3ca462983d6df6ec06846e41abd9645
densenet121,A,2404,MR048294,patient_disjoint,1,1,glioma,0.0016340646822378,0.9970731031455556,0.0012928321722065,1,glioma,0.9970731031455556,919d6f0fb3ca462983d6df6ec06846e41abd9645
densenet121,A,2405,MR048294,patient_disjoint,1,1,glioma,0.0030195596626818,0.9937093937737378,0.0032710465635803,1,glioma,0.9937093937737378,919d6f0fb3ca462983d6df6ec06846e41abd9645
densenet121,A,2406,MR048294,patient_disjoint,1,1,glioma,0.0020045863983899,0.995316482352079,0.002678931249531,1,glioma,0.995316482352079,919d6f0fb3ca462983d6df6ec06846e41abd9645
densenet121,A,2407,MR048294,patient_disjoint,1,1,glioma,0.0092962082311921,0.9847887759981016,0.0059150157707063,1,glioma,0.9847887759981016,919d6f0fb3ca462983d6df6ec06846e41abd9645
densenet121,A,2408,MR048294,patient_disjoint,1,1,glioma,0.008463641338531,0.9893244790155152,0.0022118796459539,1,glioma,0.9893244790155152,919d6f0fb3ca462983d6df6ec06846e41abd9645
densenet121,A,2409,MR048294,patient_disjoint,1,1,glioma,0.0005238862864415,0.9991554288169,0.0003206848966582,1,glioma,0.9991554288169,919d6f0fb3ca462983d6df6ec06846e41abd9645
densenet121,A,2410,MR048297,patient_disjoint,1,1,glioma,0.0007620251600835,0.999067377915739,0.0001705969241773,1,glioma,0.999067377915739,919d6f0fb3ca462983d6df6ec06846e41abd9645
densenet121,A,2411,MR048297,patient_disjoint,1,1,glioma,0.0923714875897662,0.9063716049187244,0.0012569074915093,1,glioma,0.9063716049187244,919d6f0fb3ca462983d6df6ec06846e41abd9645
densenet121,A,2412,MR048297,patient_disjoint,1,1,glioma,0.4437526990265916,0.5507007547939777,0.0055465461794307,1,glioma,0.5507007547939777,919d6f0fb3ca462983d6df6ec06846e41abd9645
densenet121,A,2413,MR048297,patient_disjoint,1,1,glioma,0.2458576811206743,0.7474568596103959,0.0066854592689297,1,glioma,0.7474568596103959,919d6f0fb3ca462983d6df6ec06846e41abd9645
densenet121,A,2414,MR048297,patient_disjoint,1,1,glioma,0.0037047892584981,0.9954238188301076,0.0008713919113942,1,glioma,0.9954238188301076,919d6f0fb3ca462983d6df6ec06846e41abd9645
densenet121,A,2415,MR048294B,patient_disjoint,5,1,glioma,0.0002653707003099,0.9993562661268968,0.0003783631727932,1,glioma,0.9993562661268968,919d6f0fb3ca462983d6df6ec06846e41abd9645
densenet121,A,2416,MR048294B,patient_disjoint,5,1,glioma,0.0004599653582341,0.9981950658363958,0.0013449688053699,1,glioma,0.9981950658363958,919d6f0fb3ca462983d6df6ec06846e41abd9645
densenet121,A,2417,MR048294B,patient_disjoint,5,1,glioma,0.0002280806385898,0.9992764384653986,0.0004954808960114,1,glioma,0.9992764384653986,919d6f0fb3ca462983d6df6ec06846e41abd9645
densenet121,A,2418,MR048294B,patient_disjoint,5,1,glioma,0.0005855884398437,0.9989411976420552,0.0004732139181008,1,glioma,0.9989411976420552,919d6f0fb3ca462983d6df6ec06846e41abd9645
densenet121,A,2419,MR048294B,patient_disjoint,5,1,glioma,0.000665561231297,0.9986590579586212,0.0006753808100817,1,glioma,0.9986590579586212,919d6f0fb3ca462983d6df6ec06846e41abd9645
densenet121,A,2420,MR048621B,patient_disjoint,5,1,glioma,0.0003943425200672,0.999149927768766,0.0004557297111667,1,glioma,0.999149927768766,919d6f0fb3ca462983d6df6ec06846e41abd9645
densenet121,A,2421,MR048621B,patient_disjoint,5,1,glioma,0.0002650006662044,0.999526726485738,0.0002082728480573,1,glioma,0.999526726485738,919d6f0fb3ca462983d6df6ec06846e41abd9645
densenet121,A,2422,MR048621B,patient_disjoint,5,1,glioma,0.0002303837694014,0.999144259852865,0.0006253563777335,1,glioma,0.999144259852865,919d6f0fb3ca462983d6df6ec06846e41abd9645
densenet121,A,2423,MR048621B,patient_disjoint,5,1,glioma,0.0004196920036794,0.9975640419059886,0.0020162660903318,1,glioma,0.9975640419059886,919d6f0fb3ca462983d6df6ec06846e41abd9645
densenet121,A,2424,MR048621B,patient_disjoint,5,1,glioma,0.0002643314939715,0.9982576649977688,0.0014780035082597,1,glioma,0.9982576649977688,919d6f0fb3ca462983d6df6ec06846e41abd9645
densenet121,A,2425,MR048621B,patient_disjoint,5,1,glioma,0.0002473430607095,0.9991158130129844,0.0006368439263059,1,glioma,0.9991158130129844,919d6f0fb3ca462983d6df6ec06846e41abd9645
densenet121,A,2426,MR048944,patient_disjoint,5,1,glioma,6.166484830377939e-05,0.9999111995325146,2.7135619181579104e-05,1,glioma,0.9999111995325146,919d6f0fb3ca462983d6df6ec06846e41abd9645
densenet121,A,2427,MR048944,patient_disjoint,5,1,glioma,6.558741497132402e-05,0.9999049583020349,2.9454282993659467e-05,1,glioma,0.9999049583020349,919d6f0fb3ca462983d6df6ec06846e41abd9645
densenet121,A,2428,MR048944,patient_disjoint,5,1,glioma,0.0002171107849764,0.9996926220346752,9.026718034834522e-05,1,glioma,0.9996926220346752,919d6f0fb3ca462983d6df6ec06846e41abd9645
densenet121,A,2429,MR048944,patient_disjoint,5,1,glioma,9.193264673912844e-05,0.9998681496917172,3.991766154352305e-05,1,glioma,0.9998681496917172,919d6f0fb3ca462983d6df6ec06846e41abd9645
densenet121,A,2430,MR048944,patient_disjoint,5,1,glioma,6.538541010515818e-05,0.9998748943494198,5.972024047513977e-05,1,glioma,0.9998748943494198,919d6f0fb3ca462983d6df6ec06846e41abd9645
densenet121,A,2431,MR048944,patient_disjoint,5,1,glioma,0.0001045205973828,0.9998465580081242,4.892139449288888e-05,1,glioma,0.9998465580081242,919d6f0fb3ca462983d6df6ec06846e41abd9645
densenet121,A,2432,MR048944,patient_disjoint,5,1,glioma,5.42722500451426e-05,0.999905997289722,3.973046023279048e-05,1,glioma,0.999905997289722,919d6f0fb3ca462983d6df6ec06846e41abd9645
densenet121,A,2433,MR048944,patient_disjoint,5,1,glioma,7.058710710105453e-05,0.9998575165407636,7.189635213552863e-05,1,glioma,0.9998575165407636,919d6f0fb3ca462983d6df6ec06846e41abd9645
densenet121,A,2434,MR048944,patient_disjoint,5,1,glioma,0.0002164920386346,0.9996612903236352,0.00012221763773,1,glioma,0.9996612903236352,919d6f0fb3ca462983d6df6ec06846e41abd9645
densenet121,A,2435,MR048994,patient_disjoint,2,1,glioma,0.0005566303271833,0.999417798291555,2.5571381261510555e-05,1,glioma,0.999417798291555,919d6f0fb3ca462983d6df6ec06846e41abd9645
densenet121,A,2436,MR048994,patient_disjoint,2,1,glioma,0.0007260847708097,0.9991800329244976,9.388230469271726e-05,1,glioma,0.9991800329244976,919d6f0fb3ca462983d6df6ec06846e41abd9645
densenet121,A,2437,MR048994,patient_disjoint,2,1,glioma,0.0003497214271407,0.9995648845332846,8.539403957473629e-05,1,glioma,0.9995648845332846,919d6f0fb3ca462983d6df6ec06846e41abd9645
densenet121,A,2438,MR048994,patient_disjoint,2,1,glioma,0.0003110746877736,0.999654908548678,3.401676354812393e-05,1,glioma,0.999654908548678,919d6f0fb3ca462983d6df6ec06846e41abd9645
densenet121,A,2439,MR048994,patient_disjoint,2,1,glioma,0.0002692355247008,0.9997055645630892,2.519991221004275e-05,1,glioma,0.9997055645630892,919d6f0fb3ca462983d6df6ec06846e41abd9645
densenet121,A,2440,MR048994,patient_disjoint,2,1,glioma,0.000187115981685,0.9998000339808404,1.2850037474621426e-05,1,glioma,0.9998000339808404,919d6f0fb3ca462983d6df6ec06846e41abd9645
densenet121,A,2441,MR048994,patient_disjoint,2,1,glioma,0.0004675392445561,0.9995049417701524,2.7518985291286087e-05,1,glioma,0.9995049417701524,919d6f0fb3ca462983d6df6ec06846e41abd9645
densenet121,A,2442,MR037458C,patient_disjoint,4,1,glioma,0.0002715400748945,0.9996676230714132,6.0836853692320264e-05,1,glioma,0.9996676230714132,919d6f0fb3ca462983d6df6ec06846e41abd9645
densenet121,A,2443,MR040240,patient_disjoint,5,1,glioma,0.0007579096870483,0.9970731464051518,0.0021689439077998,1,glioma,0.9970731464051518,919d6f0fb3ca462983d6df6ec06846e41abd9645
densenet121,A,2444,MR040240,patient_disjoint,5,1,glioma,0.0024515304576655,0.9940670410813224,0.0034814284610121,1,glioma,0.9940670410813224,919d6f0fb3ca462983d6df6ec06846e41abd9645
densenet121,A,2445,MR040240,patient_disjoint,5,1,glioma,0.0004164863834994,0.9978320750116548,0.0017514386048458,1,glioma,0.9978320750116548,919d6f0fb3ca462983d6df6ec06846e41abd9645
densenet121,A,2446,MR040240,patient_disjoint,5,1,glioma,0.0008554443233713,0.9969024606775614,0.0022420949990672,1,glioma,0.9969024606775614,919d6f0fb3ca462983d6df6ec06846e41abd9645
densenet121,A,2447,MR040240,patient_disjoint,5,1,glioma,0.0002307404206605,0.9995264468761436,0.0002428127031959,1,glioma,0.9995264468761436,919d6f0fb3ca462983d6df6ec06846e41abd9645
densenet121,A,2448,MR040240,patient_disjoint,5,1,glioma,0.000495805683144,0.999304185113852,0.0002000092030041,1,glioma,0.999304185113852,919d6f0fb3ca462983d6df6ec06846e41abd9645
densenet121,A,2449,MR040240,patient_disjoint,5,1,glioma,0.0002818026631052,0.9993179022014944,0.0004002951354002,1,glioma,0.9993179022014944,919d6f0fb3ca462983d6df6ec06846e41abd9645
densenet121,A,2450,MR040240,patient_disjoint,5,1,glioma,0.0001645111715084,0.9994231587733542,0.0004123300551374,1,glioma,0.9994231587733542,919d6f0fb3ca462983d6df6ec06846e41abd9645
densenet121,A,2451,MR040240,patient_disjoint,5,1,glioma,0.0002123162710031,0.9993971327220088,0.0003905510069879,1,glioma,0.9993971327220088,919d6f0fb3ca462983d6df6ec06846e41abd9645
densenet121,A,2452,MR040240,patient_disjoint,5,1,glioma,0.0002579630943933,0.9994354379566832,0.0003065989489233,1,glioma,0.9994354379566832,919d6f0fb3ca462983d6df6ec06846e41abd9645
densenet121,A,2453,MR040240B,patient_disjoint,3,1,glioma,0.0002765067513536,0.9987777917471709,0.0009457015014755,1,glioma,0.9987777917471709,919d6f0fb3ca462983d6df6ec06846e41abd9645
densenet121,A,2454,MR040240B,patient_disjoint,3,1,glioma,0.0002673370255931,0.9989148784757838,0.000817784498623,1,glioma,0.9989148784757838,919d6f0fb3ca462983d6df6ec06846e41abd9645
densenet121,A,2455,MR040240B,patient_disjoint,3,1,glioma,0.0001963260712128,0.9992252488784924,0.0005784250502946,1,glioma,0.9992252488784924,919d6f0fb3ca462983d6df6ec06846e41abd9645
densenet121,A,2456,MR040240B,patient_disjoint,3,1,glioma,0.0004756216288495,0.998542705388043,0.0009816729831075,1,glioma,0.998542705388043,919d6f0fb3ca462983d6df6ec06846e41abd9645
densenet121,A,2457,MR040240B,patient_disjoint,3,1,glioma,0.0005745634016356,0.9980615196063156,0.0013639169920488,1,glioma,0.9980615196063156,919d6f0fb3ca462983d6df6ec06846e41abd9645
densenet121,A,2458,MR040240B,patient_disjoint,3,1,glioma,0.0004370071440943,0.997721052421756,0.0018419404341497,1,glioma,0.997721052421756,919d6f0fb3ca462983d6df6ec06846e41abd9645
densenet121,A,2459,MR040240B,patient_disjoint,3,1,glioma,0.0001758376482666,0.999332811096774,0.0004913512549593,1,glioma,0.999332811096774,919d6f0fb3ca462983d6df6ec06846e41abd9645
densenet121,A,2460,MR040240B,patient_disjoint,3,1,glioma,0.0005086886545346,0.9981251886243244,0.0013661227211411,1,glioma,0.9981251886243244,919d6f0fb3ca462983d6df6ec06846e41abd9645
densenet121,A,2461,MR040240B,patient_disjoint,3,1,glioma,0.000484881946782,0.9981135494055716,0.0014015686476461,1,glioma,0.9981135494055716,919d6f0fb3ca462983d6df6ec06846e41abd9645
densenet121,A,2462,MR040240B,patient_disjoint,3,1,glioma,0.000111946369223,0.999623747795197,0.0002643058355798,1,glioma,0.999623747795197,919d6f0fb3ca462983d6df6ec06846e41abd9645
densenet121,A,2463,MR029209G,patient_disjoint,5,1,glioma,0.0001168450138062,0.999808864561304,7.429042488959492e-05,1,glioma,0.999808864561304,919d6f0fb3ca462983d6df6ec06846e41abd9645
densenet121,A,2464,MR029209G,patient_disjoint,5,1,glioma,0.0003989635740959,0.9994202634014464,0.0001807730244578,1,glioma,0.9994202634014464,919d6f0fb3ca462983d6df6ec06846e41abd9645
densenet121,A,2465,MR029209G,patient_disjoint,5,1,glioma,0.0003666660087281,0.999405996324792,0.0002273376664797,1,glioma,0.999405996324792,919d6f0fb3ca462983d6df6ec06846e41abd9645
densenet121,A,2466,MR029209G,patient_disjoint,5,1,glioma,0.0003156546384886,0.9995387341872088,0.0001456111743024,1,glioma,0.9995387341872088,919d6f0fb3ca462983d6df6ec06846e41abd9645
densenet121,A,2467,MR029209G,patient_disjoint,5,1,glioma,0.0003241650184484,0.9995392762157402,0.0001365587658113,1,glioma,0.9995392762157402,919d6f0fb3ca462983d6df6ec06846e41abd9645
densenet121,A,2468,MR029209G,patient_disjoint,5,1,glioma,0.0005215122011486,0.9992992166450724,0.0001792711537787,1,glioma,0.9992992166450724,919d6f0fb3ca462983d6df6ec06846e41abd9645
densenet121,A,2469,MR029209G,patient_disjoint,5,1,glioma,0.0042449183133749,0.9954071075254336,0.0003479741611912,1,glioma,0.9954071075254336,919d6f0fb3ca462983d6df6ec06846e41abd9645
densenet121,A,2470,MR036496B,patient_disjoint,3,1,glioma,0.0002059069280117,0.9997496184069364,4.447466505163659e-05,1,glioma,0.9997496184069364,919d6f0fb3ca462983d6df6ec06846e41abd9645
densenet121,A,2471,MR036496B,patient_disjoint,3,1,glioma,0.0002392598097216,0.999713417083873,4.7323106405428225e-05,1,glioma,0.999713417083873,919d6f0fb3ca462983d6df6ec06846e41abd9645
densenet121,A,2472,MR036496B,patient_disjoint,3,1,glioma,0.0003786234023456,0.9994400805724848,0.0001812960251695,1,glioma,0.9994400805724848,919d6f0fb3ca462983d6df6ec06846e41abd9645
densenet121,A,2473,MR036496B,patient_disjoint,3,1,glioma,0.0001930414868354,0.9996678941647128,0.0001390643484515,1,glioma,0.9996678941647128,919d6f0fb3ca462983d6df6ec06846e41abd9645
densenet121,A,2474,MR036496B,patient_disjoint,3,1,glioma,0.0001399314371592,0.9998201974333684,3.987112947244893e-05,1,glioma,0.9998201974333684,919d6f0fb3ca462983d6df6ec06846e41abd9645
densenet121,A,2475,MR036496B,patient_disjoint,3,1,glioma,9.570252323649078e-05,0.9998794973504528,2.4800126310577266e-05,1,glioma,0.9998794973504528,919d6f0fb3ca462983d6df6ec06846e41abd9645
densenet121,A,2476,MR033420,patient_disjoint,5,1,glioma,0.0260507502662002,0.9736805291971878,0.000268720536612,1,glioma,0.9736805291971878,919d6f0fb3ca462983d6df6ec06846e41abd9645
densenet121,A,2477,MR033420,patient_disjoint,5,1,glioma,0.0098160863210699,0.9898950362184256,0.0002888774605045,1,glioma,0.9898950362184256,919d6f0fb3ca462983d6df6ec06846e41abd9645
densenet121,A,2478,MR033420,patient_disjoint,5,1,glioma,8.406608337443392e-05,0.9997987515135842,0.0001171824030412,1,glioma,0.9997987515135842,919d6f0fb3ca462983d6df6ec06846e41abd9645
densenet121,A,2479,MR033420,patient_disjoint,5,1,glioma,0.0007916140695013,0.9990596486424153,0.0001487372880836,1,glioma,0.9990596486424153,919d6f0fb3ca462983d6df6ec06846e41abd9645
densenet121,A,2480,MR033420,patient_disjoint,5,1,glioma,0.0002098900806544,0.9997321318307664,5.797808857902758e-05,1,glioma,0.9997321318307664,919d6f0fb3ca462983d6df6ec06846e41abd9645
densenet121,A,2481,MR033420,patient_disjoint,5,1,glioma,0.0001648003338237,0.99970529541242,0.0001299042537561,1,glioma,0.99970529541242,919d6f0fb3ca462983d6df6ec06846e41abd9645
densenet121,A,2482,MR033420,patient_disjoint,5,1,glioma,0.000570038440566,0.999205101460606,0.0002248600988278,1,glioma,0.999205101460606,919d6f0fb3ca462983d6df6ec06846e41abd9645
densenet121,A,2483,MR033420,patient_disjoint,5,1,glioma,0.0010093607833475,0.9985295033466004,0.0004611358700519,1,glioma,0.9985295033466004,919d6f0fb3ca462983d6df6ec06846e41abd9645
densenet121,A,2484,MR033420,patient_disjoint,5,1,glioma,0.0002486577504665,0.9992927521247456,0.0004585901247878,1,glioma,0.9992927521247456,919d6f0fb3ca462983d6df6ec06846e41abd9645
densenet121,A,2485,MR033420,patient_disjoint,5,1,glioma,0.0001739474822275,0.9996893745762064,0.000136677941566,1,glioma,0.9996893745762064,919d6f0fb3ca462983d6df6ec06846e41abd9645
densenet121,A,2486,MR033420,patient_disjoint,5,1,glioma,0.0001201390767736,0.9996793408144364,0.0002005201087896,1,glioma,0.9996793408144364,919d6f0fb3ca462983d6df6ec06846e41abd9645
densenet121,A,2487,MR033389B,patient_disjoint,4,1,glioma,9.323771230949772e-05,0.9998348244789308,7.193780875958339e-05,1,glioma,0.9998348244789308,919d6f0fb3ca462983d6df6ec06846e41abd9645
densenet121,A,2488,MR033389B,patient_disjoint,4,1,glioma,6.182614172468071e-05,0.9998979666683592,4.020718991621069e-05,1,glioma,0.9998979666683592,919d6f0fb3ca462983d6df6ec06846e41abd9645
densenet121,A,2489,MR033389B,patient_disjoint,4,1,glioma,7.413245916653935e-05,0.9998770519746756,4.881556615782133e-05,1,glioma,0.9998770519746756,919d6f0fb3ca462983d6df6ec06846e41abd9645
densenet121,A,2490,MR033389B,patient_disjoint,4,1,glioma,0.0007806326915242,0.9991243694406164,9.4997867859307e-05,1,glioma,0.9991243694406164,919d6f0fb3ca462983d6df6ec06846e41abd9645
densenet121,A,2491,MR033389B,patient_disjoint,4,1,glioma,0.0002463744613046,0.9996769006518584,7.672488683682638e-05,1,glioma,0.9996769006518584,919d6f0fb3ca462983d6df6ec06846e41abd9645
densenet121,A,2492,MR033389B,patient_disjoint,4,1,glioma,0.0007405663392019,0.999140126557717,0.0001193071030808,1,glioma,0.999140126557717,919d6f0fb3ca462983d6df6ec06846e41abd9645
densenet121,A,2493,MR033389B,patient_disjoint,4,1,glioma,0.0002158630036239,0.9995465070795772,0.0002376299167989,1,glioma,0.9995465070795772,919d6f0fb3ca462983d6df6ec06846e41abd9645
densenet121,A,2494,MR033389B,patient_disjoint,4,1,glioma,0.0003844582755425,0.9994315981506868,0.0001839435737703,1,glioma,0.9994315981506868,919d6f0fb3ca462983d6df6ec06846e41abd9645
densenet121,A,2495,MR033389B,patient_disjoint,4,1,glioma,0.0002241911912383,0.9996162039310768,0.000159604877685,1,glioma,0.9996162039310768,919d6f0fb3ca462983d6df6ec06846e41abd9645
densenet121,A,2496,MR024780E,patient_disjoint,4,1,glioma,0.0003234857964389,0.9994841014558872,0.0001924127476737,1,glioma,0.9994841014558872,919d6f0fb3ca462983d6df6ec06846e41abd9645
densenet121,A,2497,MR024780E,patient_disjoint,4,1,glioma,0.0001946898677475,0.9997439527228752,6.135740937711328e-05,1,glioma,0.9997439527228752,919d6f0fb3ca462983d6df6ec06846e41abd9645
densenet121,A,2498,MR024780E,patient_disjoint,4,1,glioma,0.0002447547018714,0.9997107472893207,4.4498008807646656e-05,1,glioma,0.9997107472893207,919d6f0fb3ca462983d6df6ec06846e41abd9645
densenet121,A,2499,MR026175E,patient_disjoint,2,1,glioma,0.0004490575618304,0.9993855472896356,0.000165395148534,1,glioma,0.9993855472896356,919d6f0fb3ca462983d6df6ec06846e41abd9645
densenet121,A,2500,MR026175E,patient_disjoint,2,1,glioma,0.0005221954825358,0.999272949501816,0.000204855015648,1,glioma,0.999272949501816,919d6f0fb3ca462983d6df6ec06846e41abd9645
densenet121,A,2501,MR026175E,patient_disjoint,2,1,glioma,0.0005014493854262,0.9994117913894272,8.675922514651779e-05,1,glioma,0.9994117913894272,919d6f0fb3ca462983d6df6ec06846e41abd9645
densenet121,A,2502,MR026175E,patient_disjoint,2,1,glioma,0.0004223985475539,0.999529141592362,4.845986008411845e-05,1,glioma,0.999529141592362,919d6f0fb3ca462983d6df6ec06846e41abd9645
densenet121,A,2503,MR026175E,patient_disjoint,2,1,glioma,0.0004753950977153,0.9993960412472906,0.0001285636549939,1,glioma,0.9993960412472906,919d6f0fb3ca462983d6df6ec06846e41abd9645
densenet121,A,2504,MR026175E,patient_disjoint,2,1,glioma,0.0004840092193197,0.9993608015966136,0.0001551891840666,1,glioma,0.9993608015966136,919d6f0fb3ca462983d6df6ec06846e41abd9645
densenet121,A,2505,MR026175E,patient_disjoint,2,1,glioma,0.0004422290156793,0.9993812238217012,0.0001765471626196,1,glioma,0.9993812238217012,919d6f0fb3ca462983d6df6ec06846e41abd9645
densenet121,A,2506,MR026175E,patient_disjoint,2,1,glioma,0.0001549797762339,0.9998282711032658,1.674912050017167e-05,1,glioma,0.9998282711032658,919d6f0fb3ca462983d6df6ec06846e41abd9645
densenet121,A,2507,MR026175E,patient_disjoint,2,1,glioma,0.0004886540957329,0.9993878298783756,0.0001235160258915,1,glioma,0.9993878298783756,919d6f0fb3ca462983d6df6ec06846e41abd9645
densenet121,A,2508,MR026175E,patient_disjoint,2,1,glioma,0.0001481247418657,0.9998207051343344,3.1170123799882856e-05,1,glioma,0.9998207051343344,919d6f0fb3ca462983d6df6ec06846e41abd9645
densenet121,A,2509,MR040240C,patient_disjoint,2,1,glioma,0.0010978888489851,0.997377195695618,0.001524915455397,1,glioma,0.997377195695618,919d6f0fb3ca462983d6df6ec06846e41abd9645
densenet121,A,2510,MR040240C,patient_disjoint,2,1,glioma,0.0005342699519509,0.9988738673962858,0.0005918626517633,1,glioma,0.9988738673962858,919d6f0fb3ca462983d6df6ec06846e41abd9645
densenet121,A,2511,MR040240C,patient_disjoint,2,1,glioma,0.0005441102416559,0.9992246575272516,0.0002312322310924,1,glioma,0.9992246575272516,919d6f0fb3ca462983d6df6ec06846e41abd9645
densenet121,A,2512,MR040240C,patient_disjoint,2,1,glioma,0.0008768259435195,0.9989844168078456,0.0001387572486349,1,glioma,0.9989844168078456,919d6f0fb3ca462983d6df6ec06846e41abd9645
densenet121,A,2513,MR040240C,patient_disjoint,2,1,glioma,0.0035807053991516,0.9961932955371752,0.000225999063673,1,glioma,0.9961932955371752,919d6f0fb3ca462983d6df6ec06846e41abd9645
densenet121,A,2514,MR040240C,patient_disjoint,2,1,glioma,0.0228887657834921,0.9764475835986576,0.0006636506178503,1,glioma,0.9764475835986576,919d6f0fb3ca462983d6df6ec06846e41abd9645
densenet121,A,2515,MR040240C,patient_disjoint,2,1,glioma,0.0043348705287997,0.9956132289308348,5.190054036554176e-05,1,glioma,0.9956132289308348,919d6f0fb3ca462983d6df6ec06846e41abd9645
densenet121,A,2516,MR040240C,patient_disjoint,2,1,glioma,0.0002879743996649,0.9994965271154788,0.0002154984848562,1,glioma,0.9994965271154788,919d6f0fb3ca462983d6df6ec06846e41abd9645
densenet121,A,2517,MR040240C,patient_disjoint,2,1,glioma,0.0001423106934791,0.9998247999573304,3.288934919028782e-05,1,glioma,0.9998247999573304,919d6f0fb3ca462983d6df6ec06846e41abd9645
densenet121,A,2518,MR040240C,patient_disjoint,2,1,glioma,0.0005055210818677,0.999297809325598,0.0001966695925343,1,glioma,0.999297809325598,919d6f0fb3ca462983d6df6ec06846e41abd9645
densenet121,A,2519,MR040240C,patient_disjoint,2,1,glioma,0.0002675707199504,0.9996743911580444,5.803812200506035e-05,1,glioma,0.9996743911580444,919d6f0fb3ca462983d6df6ec06846e41abd9645
densenet121,A,2520,MR040240C,patient_disjoint,2,1,glioma,0.0001660635144442,0.9997866712654488,4.72652201070728e-05,1,glioma,0.9997866712654488,919d6f0fb3ca462983d6df6ec06846e41abd9645
densenet121,A,2521,MR040240C,patient_disjoint,2,1,glioma,0.0001880587670131,0.9997618886862474,5.005254673961286e-05,1,glioma,0.9997618886862474,919d6f0fb3ca462983d6df6ec06846e41abd9645
densenet121,A,2522,MR040240C,patient_disjoint,2,1,glioma,0.0002249638455864,0.9997063983911044,6.863776330923801e-05,1,glioma,0.9997063983911044,919d6f0fb3ca462983d6df6ec06846e41abd9645
densenet121,A,2523,MR040240C,patient_disjoint,2,1,glioma,0.0003234967023811,0.9995304280551388,0.0001460752424798,1,glioma,0.9995304280551388,919d6f0fb3ca462983d6df6ec06846e41abd9645
densenet121,A,2524,MR017260F,patient_disjoint,2,1,glioma,0.0004608358956304,0.9994313945998196,0.00010776950455,1,glioma,0.9994313945998196,919d6f0fb3ca462983d6df6ec06846e41abd9645
densenet121,A,2525,MR017260F,patient_disjoint,2,1,glioma,0.000546337137426,0.9993240338061936,0.0001296290563805,1,glioma,0.9993240338061936,919d6f0fb3ca462983d6df6ec06846e41abd9645
densenet121,A,2526,MR017260F,patient_disjoint,2,1,glioma,0.0012221188627283,0.9985060153916812,0.0002718657455903,1,glioma,0.9985060153916812,919d6f0fb3ca462983d6df6ec06846e41abd9645
densenet121,A,2527,MR017260F,patient_disjoint,2,1,glioma,0.0004723620276219,0.9992002401735264,0.0003273977988515,1,glioma,0.9992002401735264,919d6f0fb3ca462983d6df6ec06846e41abd9645
densenet121,A,2528,MR017260F,patient_disjoint,2,1,glioma,0.0001501540233708,0.99979237261487,5.747336175920568e-05,1,glioma,0.99979237261487,919d6f0fb3ca462983d6df6ec06846e41abd9645
densenet121,A,2529,MR017260F,patient_disjoint,2,1,glioma,0.0005297125922045,0.9992044337952236,0.0002658536125715,1,glioma,0.9992044337952236,919d6f0fb3ca462983d6df6ec06846e41abd9645
densenet121,A,2530,MR029209I,patient_disjoint,4,1,glioma,0.0006941005859507,0.9990825054160324,0.0002233939980167,1,glioma,0.9990825054160324,919d6f0fb3ca462983d6df6ec06846e41abd9645
densenet121,A,2531,MR029209I,patient_disjoint,4,1,glioma,0.000729557381793,0.9991135900049722,0.0001568526132347,1,glioma,0.9991135900049722,919d6f0fb3ca462983d6df6ec06846e41abd9645
densenet121,A,2532,MR029209I,patient_disjoint,4,1,glioma,0.0006012656631991,0.9992782703804294,0.0001204639563712,1,glioma,0.9992782703804294,919d6f0fb3ca462983d6df6ec06846e41abd9645
densenet121,A,2533,MR029209I,patient_disjoint,4,1,glioma,0.0011303420476096,0.9980706062564,0.0007990516959902,1,glioma,0.9980706062564,919d6f0fb3ca462983d6df6ec06846e41abd9645
densenet121,A,2534,MR029209I,patient_disjoint,4,1,glioma,0.0006467837543351,0.9988147298147152,0.0005384864309495,1,glioma,0.9988147298147152,919d6f0fb3ca462983d6df6ec06846e41abd9645
densenet121,A,2535,MR029209I,patient_disjoint,4,1,glioma,0.000224332787062,0.9993334030545756,0.0004422641583623,1,glioma,0.9993334030545756,919d6f0fb3ca462983d6df6ec06846e41abd9645
densenet121,A,2536,MR029209I,patient_disjoint,4,1,glioma,0.0004512224384603,0.9992706771730744,0.0002781003884651,1,glioma,0.9992706771730744,919d6f0fb3ca462983d6df6ec06846e41abd9645
densenet121,A,2537,MR029209I,patient_disjoint,4,1,glioma,0.0002179091054423,0.9995604087348724,0.0002216821596853,1,glioma,0.9995604087348724,919d6f0fb3ca462983d6df6ec06846e41abd9645
densenet121,A,2538,MR029209I,patient_disjoint,4,1,glioma,0.0003486098129197,0.9993625461038664,0.0002888440832135,1,glioma,0.9993625461038664,919d6f0fb3ca462983d6df6ec06846e41abd9645
densenet121,A,2539,MR029209I,patient_disjoint,4,1,glioma,0.0010997920977121,0.9984363547550428,0.000463853147245,1,glioma,0.9984363547550428,919d6f0fb3ca462983d6df6ec06846e41abd9645
densenet121,A,2540,MR048294,patient_disjoint,1,1,glioma,0.0111057348211921,0.987934671122372,0.0009595940564357,1,glioma,0.987934671122372,919d6f0fb3ca462983d6df6ec06846e41abd9645
densenet121,A,2541,MR048294,patient_disjoint,1,1,glioma,0.0002236759316824,0.9997156196082964,6.070446002118852e-05,1,glioma,0.9997156196082964,919d6f0fb3ca462983d6df6ec06846e41abd9645
densenet121,A,2542,MR048294,patient_disjoint,1,1,glioma,0.0002207521393431,0.9997281183611,5.1129499556944135e-05,1,glioma,0.9997281183611,919d6f0fb3ca462983d6df6ec06846e41abd9645
densenet121,A,2543,MR048294,patient_disjoint,1,1,glioma,0.0028201050578435,0.9967117417906876,0.0004681531514687,1,glioma,0.9967117417906876,919d6f0fb3ca462983d6df6ec06846e41abd9645
densenet121,A,2544,MR048294,patient_disjoint,1,1,glioma,0.0032374422183288,0.9964813930903356,0.0002811646913354,1,glioma,0.9964813930903356,919d6f0fb3ca462983d6df6ec06846e41abd9645
densenet121,A,2545,MR048294,patient_disjoint,1,1,glioma,0.0003614977735545,0.9995072183196084,0.0001312839068369,1,glioma,0.9995072183196084,919d6f0fb3ca462983d6df6ec06846e41abd9645
densenet121,A,2546,MR051586,patient_disjoint,5,1,glioma,0.0003943217072012,0.9994843493939708,0.0001213288988278,1,glioma,0.9994843493939708,919d6f0fb3ca462983d6df6ec06846e41abd9645
densenet121,A,2547,MR051586,patient_disjoint,5,1,glioma,0.0008177086701931,0.9989577644624712,0.0002245268673354,1,glioma,0.9989577644624712,919d6f0fb3ca462983d6df6ec06846e41abd9645
densenet121,A,2548,MR051586,patient_disjoint,5,1,glioma,0.0023102208202565,0.9975213710298207,0.0001684081499227,1,glioma,0.9975213710298207,919d6f0fb3ca462983d6df6ec06846e41abd9645
densenet121,A,2549,MR051586,patient_disjoint,5,1,glioma,0.0012951328617562,0.9984512750901474,0.0002535920480963,1,glioma,0.9984512750901474,919d6f0fb3ca462983d6df6ec06846e41abd9645
densenet121,A,2550,MR051461B,patient_disjoint,4,1,glioma,0.0025747837137481,0.9970679609706198,0.0003572553156319,1,glioma,0.9970679609706198,919d6f0fb3ca462983d6df6ec06846e41abd9645
densenet121,A,2551,MR051461B,patient_disjoint,4,1,glioma,0.0105258069857155,0.9875212914612344,0.0019529015530501,1,glioma,0.9875212914612344,919d6f0fb3ca462983d6df6ec06846e41abd9645
densenet121,A,2552,MR051461B,patient_disjoint,4,1,glioma,0.0116592808551872,0.987128416546723,0.0012123025980897,1,glioma,0.987128416546723,919d6f0fb3ca462983d6df6ec06846e41abd9645
densenet121,A,2553,MR051461B,patient_disjoint,4,1,glioma,0.0088440328162782,0.9887770920705834,0.0023788751131382,1,glioma,0.9887770920705834,919d6f0fb3ca462983d6df6ec06846e41abd9645
densenet121,A,2554,MR051644,patient_disjoint,4,1,glioma,0.0004195896799557,0.9992954025819314,0.0002850077381129,1,glioma,0.9992954025819314,919d6f0fb3ca462983d6df6ec06846e41abd9645
densenet121,A,2555,MR051644,patient_disjoint,4,1,glioma,0.0003503549301111,0.9993001279559812,0.0003495171139074,1,glioma,0.9993001279559812,919d6f0fb3ca462983d6df6ec06846e41abd9645
densenet121,A,2556,MR051644,patient_disjoint,4,1,glioma,0.0018001455205422,0.9979132605927434,0.0002865938867145,1,glioma,0.9979132605927434,919d6f0fb3ca462983d6df6ec06846e41abd9645
densenet121,A,2557,MR051644,patient_disjoint,4,1,glioma,0.0009447398924551,0.9989814051442416,7.38549633033466e-05,1,glioma,0.9989814051442416,919d6f0fb3ca462983d6df6ec06846e41abd9645
densenet121,A,2558,MR051644,patient_disjoint,4,1,glioma,0.0001209168239617,0.999784753875162,9.43293008761174e-05,1,glioma,0.999784753875162,919d6f0fb3ca462983d6df6ec06846e41abd9645
densenet121,A,2559,MR051644,patient_disjoint,4,1,glioma,0.0004100954142201,0.999394318755809,0.0001955858299708,1,glioma,0.999394318755809,919d6f0fb3ca462983d6df6ec06846e41abd9645
densenet121,A,2560,MR051644,patient_disjoint,4,1,glioma,0.000376135938547,0.9994759493878111,0.0001479146736415,1,glioma,0.9994759493878111,919d6f0fb3ca462983d6df6ec06846e41abd9645
densenet121,A,2561,MR051644,patient_disjoint,4,1,glioma,0.0006071605176187,0.9989821753175392,0.0004106641648421,1,glioma,0.9989821753175392,919d6f0fb3ca462983d6df6ec06846e41abd9645
densenet121,A,2562,MR051644,patient_disjoint,4,1,glioma,0.0026887867457992,0.997185224970182,0.0001259882840188,1,glioma,0.997185224970182,919d6f0fb3ca462983d6df6ec06846e41abd9645
densenet121,A,2563,MR051644,patient_disjoint,4,1,glioma,0.0008065521904002,0.999158604736324,3.484307327558425e-05,1,glioma,0.999158604736324,919d6f0fb3ca462983d6df6ec06846e41abd9645
densenet121,A,2564,MR051644,patient_disjoint,4,1,glioma,0.0011660616248288,0.99876598135535,6.795701982113142e-05,1,glioma,0.99876598135535,919d6f0fb3ca462983d6df6ec06846e41abd9645
densenet121,A,2565,MR051644,patient_disjoint,4,1,glioma,0.0009560893410233,0.9988879722327164,0.0001559384262601,1,glioma,0.9988879722327164,919d6f0fb3ca462983d6df6ec06846e41abd9645
densenet121,A,2566,MR051651,patient_disjoint,1,1,glioma,0.0003690635363373,0.9995799820267032,5.0954436959555934e-05,1,glioma,0.9995799820267032,919d6f0fb3ca462983d6df6ec06846e41abd9645
densenet121,A,2567,MR051651,patient_disjoint,1,1,glioma,0.0002618059651264,0.9997122737733743,2.5920261499185325e-05,1,glioma,0.9997122737733743,919d6f0fb3ca462983d6df6ec06846e41abd9645
densenet121,A,2568,MR051651,patient_disjoint,1,1,glioma,0.0005062061067128,0.9994415560462934,5.223784699376336e-05,1,glioma,0.9994415560462934,919d6f0fb3ca462983d6df6ec06846e41abd9645
densenet121,A,2569,MR051651,patient_disjoint,1,1,glioma,0.0004087760234452,0.999515370752828,7.585322372694412e-05,1,glioma,0.999515370752828,919d6f0fb3ca462983d6df6ec06846e41abd9645
densenet121,A,2570,MR051651,patient_disjoint,1,1,glioma,0.00039120979762,0.9994676860684693,0.0001411041339107,1,glioma,0.9994676860684693,919d6f0fb3ca462983d6df6ec06846e41abd9645
densenet121,A,2571,MR051651,patient_disjoint,1,1,glioma,0.0002202438277755,0.9997073610641654,7.239510805896133e-05,1,glioma,0.9997073610641654,919d6f0fb3ca462983d6df6ec06846e41abd9645
densenet121,A,2572,MR051651,patient_disjoint,1,1,glioma,0.0005864049140801,0.9991936763573498,0.0002199187285698,1,glioma,0.9991936763573498,919d6f0fb3ca462983d6df6ec06846e41abd9645
densenet121,A,2573,MR051796,patient_disjoint,4,1,glioma,0.0018939487966676,0.9949642573112756,0.0031417938920565,1,glioma,0.9949642573112756,919d6f0fb3ca462983d6df6ec06846e41abd9645
densenet121,A,2574,MR051796,patient_disjoint,4,1,glioma,0.0020990236595823,0.99485170019337,0.0030492761470476,1,glioma,0.99485170019337,919d6f0fb3ca462983d6df6ec06846e41abd9645
densenet121,A,2575,MR051796,patient_disjoint,4,1,glioma,0.00072426297203,0.9988528789279236,0.0004228581000463,1,glioma,0.9988528789279236,919d6f0fb3ca462983d6df6ec06846e41abd9645
densenet121,A,2576,MR051796,patient_disjoint,4,1,glioma,0.0003652350549637,0.999126119951138,0.0005086449938983,1,glioma,0.999126119951138,919d6f0fb3ca462983d6df6ec06846e41abd9645
densenet121,A,2577,MR051796,patient_disjoint,4,1,glioma,0.0005827315117827,0.998846898455526,0.0005703700326914,1,glioma,0.998846898455526,919d6f0fb3ca462983d6df6ec06846e41abd9645
densenet121,A,2578,MR051796,patient_disjoint,4,1,glioma,0.0011316420934816,0.9979740576945758,0.0008943002119424,1,glioma,0.9979740576945758,919d6f0fb3ca462983d6df6ec06846e41abd9645
densenet121,A,2579,MR051651B,patient_disjoint,3,1,glioma,0.0008630709404845,0.9990766622947924,6.026676472332554e-05,1,glioma,0.9990766622947924,919d6f0fb3ca462983d6df6ec06846e41abd9645
densenet121,A,2580,MR051651B,patient_disjoint,3,1,glioma,0.0005054666793672,0.9994703415614982,2.4191759134575496e-05,1,glioma,0.9994703415614982,919d6f0fb3ca462983d6df6ec06846e41abd9645
densenet121,A,2581,MR051651B,patient_disjoint,3,1,glioma,0.0004143464117733,0.9995096100397508,7.604354847594725e-05,1,glioma,0.9995096100397508,919d6f0fb3ca462983d6df6ec06846e41abd9645
densenet121,A,2582,MR051651B,patient_disjoint,3,1,glioma,0.000877181623345,0.9990473098344924,7.550854216259591e-05,1,glioma,0.9990473098344924,919d6f0fb3ca462983d6df6ec06846e41abd9645
densenet121,A,2583,MR051651B,patient_disjoint,3,1,glioma,0.0005069868818966,0.9990974916443592,0.0003955214737441,1,glioma,0.9990974916443592,919d6f0fb3ca462983d6df6ec06846e41abd9645
densenet121,A,2584,MR051651B,patient_disjoint,3,1,glioma,0.0013001377870131,0.9982354532385042,0.0004644089744826,1,glioma,0.9982354532385042,919d6f0fb3ca462983d6df6ec06846e41abd9645
densenet121,A,2585,MR051651B,patient_disjoint,3,1,glioma,0.0012731525981093,0.9985884429189864,0.000138404482904,1,glioma,0.9985884429189864,919d6f0fb3ca462983d6df6ec06846e41abd9645
densenet121,A,2586,MR051796B,patient_disjoint,5,1,glioma,0.0002704340936889,0.9996005895860977,0.0001289763202132,1,glioma,0.9996005895860977,919d6f0fb3ca462983d6df6ec06846e41abd9645
densenet121,A,2587,MR051796B,patient_disjoint,5,1,glioma,0.0001239787803039,0.9997104201316522,0.0001656010880438,1,glioma,0.9997104201316522,919d6f0fb3ca462983d6df6ec06846e41abd9645
densenet121,A,2588,MR051796B,patient_disjoint,5,1,glioma,0.0001586313637588,0.999663488355159,0.0001778802810823,1,glioma,0.999663488355159,919d6f0fb3ca462983d6df6ec06846e41abd9645
densenet121,A,2589,MR052550,patient_disjoint,1,1,glioma,0.0003606727378131,0.9994897088414512,0.0001496184207356,1,glioma,0.9994897088414512,919d6f0fb3ca462983d6df6ec06846e41abd9645
densenet121,A,2590,MR052550,patient_disjoint,1,1,glioma,0.0001422876985141,0.99982771238214,2.999991934583285e-05,1,glioma,0.99982771238214,919d6f0fb3ca462983d6df6ec06846e41abd9645
densenet121,A,2591,MR052550,patient_disjoint,1,1,glioma,0.0001664433406643,0.9998079822589117,2.5574400424042773e-05,1,glioma,0.9998079822589117,919d6f0fb3ca462983d6df6ec06846e41abd9645
densenet121,A,2592,MR052550,patient_disjoint,1,1,glioma,0.0003832919816301,0.9995891887475568,2.751927081307134e-05,1,glioma,0.9995891887475568,919d6f0fb3ca462983d6df6ec06846e41abd9645
densenet121,A,2593,MR052550,patient_disjoint,1,1,glioma,0.0001759192269376,0.999784287902409,3.979287065340625e-05,1,glioma,0.999784287902409,919d6f0fb3ca462983d6df6ec06846e41abd9645
densenet121,A,2594,MR052550,patient_disjoint,1,1,glioma,9.141763669043783e-05,0.999872034040416,3.654832289366566e-05,1,glioma,0.999872034040416,919d6f0fb3ca462983d6df6ec06846e41abd9645
densenet121,A,2595,MR051644C,patient_disjoint,4,1,glioma,0.0012950990677425,0.9978633607542056,0.0008415401780518,1,glioma,0.9978633607542056,919d6f0fb3ca462983d6df6ec06846e41abd9645
densenet121,A,2596,MR051644C,patient_disjoint,4,1,glioma,0.003393523232047,0.9942829406233132,0.0023235361446396,1,glioma,0.9942829406233132,919d6f0fb3ca462983d6df6ec06846e41abd9645
densenet121,A,2597,MR051644C,patient_disjoint,4,1,glioma,0.0001466306323975,0.9996026005135316,0.0002507688540707,1,glioma,0.9996026005135316,919d6f0fb3ca462983d6df6ec06846e41abd9645
densenet121,A,2598,MR051644C,patient_disjoint,4,1,glioma,0.0001289962707839,0.9996307954940922,0.0002402082351238,1,glioma,0.9996307954940922,919d6f0fb3ca462983d6df6ec06846e41abd9645
densenet121,A,2599,MR051644C,patient_disjoint,4,1,glioma,0.0002096279632659,0.9994158248121832,0.0003745472245508,1,glioma,0.9994158248121832,919d6f0fb3ca462983d6df6ec06846e41abd9645
densenet121,A,2600,MR051644C,patient_disjoint,4,1,glioma,0.0020305080167809,0.9958174380198482,0.0021520539633709,1,glioma,0.9958174380198482,919d6f0fb3ca462983d6df6ec06846e41abd9645
densenet121,A,2601,MR051644C,patient_disjoint,4,1,glioma,0.0010638619644452,0.9986514650078282,0.0002846730277266,1,glioma,0.9986514650078282,919d6f0fb3ca462983d6df6ec06846e41abd9645
densenet121,A,2602,MR051644C,patient_disjoint,4,1,glioma,0.0005682333484298,0.9992354002461272,0.0001963664054429,1,glioma,0.9992354002461272,919d6f0fb3ca462983d6df6ec06846e41abd9645
densenet121,A,2603,MR051644C,patient_disjoint,4,1,glioma,0.000773166772015,0.997753436148109,0.001473397079876,1,glioma,0.997753436148109,919d6f0fb3ca462983d6df6ec06846e41abd9645
densenet121,A,2604,MR051644C,patient_disjoint,4,1,glioma,0.0003298876518726,0.9990923074191804,0.000577804928947,1,glioma,0.9990923074191804,919d6f0fb3ca462983d6df6ec06846e41abd9645
densenet121,A,2605,MR051644C,patient_disjoint,4,1,glioma,0.0001570233381874,0.9995812462609128,0.0002617304008997,1,glioma,0.9995812462609128,919d6f0fb3ca462983d6df6ec06846e41abd9645
densenet121,A,2606,MR051644C,patient_disjoint,4,1,glioma,9.951961053761248e-05,0.9997897344528788,0.0001107459365834,1,glioma,0.9997897344528788,919d6f0fb3ca462983d6df6ec06846e41abd9645
densenet121,A,2607,MR051644C,patient_disjoint,4,1,glioma,0.0003127139620232,0.999217119501346,0.0004701665366307,1,glioma,0.999217119501346,919d6f0fb3ca462983d6df6ec06846e41abd9645
densenet121,A,2608,MR049942B,patient_disjoint,3,1,glioma,0.0016789211481291,0.9915898130670968,0.0067312657847737,1,glioma,0.9915898130670968,919d6f0fb3ca462983d6df6ec06846e41abd9645
densenet121,A,2609,MR049942B,patient_disjoint,3,1,glioma,0.0020519087304748,0.993531535787508,0.0044165554820169,1,glioma,0.993531535787508,919d6f0fb3ca462983d6df6ec06846e41abd9645
densenet121,A,2610,MR049942B,patient_disjoint,3,1,glioma,0.0031965363476243,0.9803719144497236,0.0164315492026519,1,glioma,0.9803719144497236,919d6f0fb3ca462983d6df6ec06846e41abd9645
densenet121,A,2611,MR049942B,patient_disjoint,3,1,glioma,0.0005424078313541,0.9982920037429932,0.0011655884256525,1,glioma,0.9982920037429932,919d6f0fb3ca462983d6df6ec06846e41abd9645
densenet121,A,2612,MR047953C,patient_disjoint,4,1,glioma,0.0018248653750756,0.9953595720932168,0.0028155625317077,1,glioma,0.9953595720932168,919d6f0fb3ca462983d6df6ec06846e41abd9645
densenet121,A,2613,MR047953C,patient_disjoint,4,1,glioma,0.0005375802689917,0.9988935329029068,0.0005688868281014,1,glioma,0.9988935329029068,919d6f0fb3ca462983d6df6ec06846e41abd9645
densenet121,A,2614,MR047953C,patient_disjoint,4,1,glioma,0.0005435157497425,0.9981954990338612,0.0012609852163963,1,glioma,0.9981954990338612,919d6f0fb3ca462983d6df6ec06846e41abd9645
densenet121,A,2615,MR047953C,patient_disjoint,4,1,glioma,0.0013484117804136,0.9929764044040812,0.0056751838155051,1,glioma,0.9929764044040812,919d6f0fb3ca462983d6df6ec06846e41abd9645
densenet121,A,2616,MR047953C,patient_disjoint,4,1,glioma,0.0009420756139779,0.9975464408320434,0.0015114835539786,1,glioma,0.9975464408320434,919d6f0fb3ca462983d6df6ec06846e41abd9645
densenet121,A,2617,MR053110B,patient_disjoint,1,1,glioma,0.0003689547292325,0.9994337260559386,0.0001973192148286,1,glioma,0.9994337260559386,919d6f0fb3ca462983d6df6ec06846e41abd9645
densenet121,A,2618,MR053110B,patient_disjoint,1,1,glioma,0.0019867082265799,0.996331875977566,0.001681415795854,1,glioma,0.996331875977566,919d6f0fb3ca462983d6df6ec06846e41abd9645
densenet121,A,2619,MR053110B,patient_disjoint,1,1,glioma,0.000843152690765,0.9986852477015342,0.0004715996077006,1,glioma,0.9986852477015342,919d6f0fb3ca462983d6df6ec06846e41abd9645
densenet121,A,2620,MR053110B,patient_disjoint,1,1,glioma,0.0009571467214564,0.998061350056349,0.0009815032221944,1,glioma,0.998061350056349,919d6f0fb3ca462983d6df6ec06846e41abd9645
densenet121,A,2621,MR053110B,patient_disjoint,1,1,glioma,0.0004436848538009,0.9993185991235628,0.000237716022636,1,glioma,0.9993185991235628,919d6f0fb3ca462983d6df6ec06846e41abd9645
densenet121,A,2622,MR053110B,patient_disjoint,1,1,glioma,0.0002578104419548,0.9996332906125256,0.0001088989455193,1,glioma,0.9996332906125256,919d6f0fb3ca462983d6df6ec06846e41abd9645
densenet121,A,2623,MR053110B,patient_disjoint,1,1,glioma,0.00019249860455,0.9997527279621068,5.477343334312971e-05,1,glioma,0.9997527279621068,919d6f0fb3ca462983d6df6ec06846e41abd9645
densenet121,A,2624,MR034694,patient_disjoint,2,1,glioma,0.0004603410686885,0.998862752569902,0.0006769063614093,1,glioma,0.998862752569902,919d6f0fb3ca462983d6df6ec06846e41abd9645
densenet121,A,2625,MR034694,patient_disjoint,2,1,glioma,0.0003075214113269,0.9993099729130454,0.0003825056756277,1,glioma,0.9993099729130454,919d6f0fb3ca462983d6df6ec06846e41abd9645
densenet121,A,2626,MR034694,patient_disjoint,2,1,glioma,0.0005956317949824,0.9988395230337348,0.0005648451712829,1,glioma,0.9988395230337348,919d6f0fb3ca462983d6df6ec06846e41abd9645
densenet121,A,2627,MR034694,patient_disjoint,2,1,glioma,0.0005080645773127,0.9991006632687188,0.0003912721539685,1,glioma,0.9991006632687188,919d6f0fb3ca462983d6df6ec06846e41abd9645
densenet121,A,2628,MR034694,patient_disjoint,2,1,glioma,0.0005261218766753,0.9990659476970188,0.0004079304263057,1,glioma,0.9990659476970188,919d6f0fb3ca462983d6df6ec06846e41abd9645
densenet121,A,2629,MR034694,patient_disjoint,2,1,glioma,0.0001625057030782,0.9997022858353124,0.0001352084616092,1,glioma,0.9997022858353124,919d6f0fb3ca462983d6df6ec06846e41abd9645
densenet121,A,2630,MR034694,patient_disjoint,2,1,glioma,0.0001726506463051,0.9994355537304996,0.0003917956231952,1,glioma,0.9994355537304996,919d6f0fb3ca462983d6df6ec06846e41abd9645
densenet121,A,2631,MR054683,patient_disjoint,4,1,glioma,0.0010471485160041,0.994628654558868,0.0043241969251276,1,glioma,0.994628654558868,919d6f0fb3ca462983d6df6ec06846e41abd9645
densenet121,A,2632,MR054683,patient_disjoint,4,1,glioma,0.0009189065926875,0.9950277259066312,0.004053367500681,1,glioma,0.9950277259066312,919d6f0fb3ca462983d6df6ec06846e41abd9645
densenet121,A,2633,MR054683,patient_disjoint,4,1,glioma,0.0007639718263197,0.9975871543155752,0.001648873858105,1,glioma,0.9975871543155752,919d6f0fb3ca462983d6df6ec06846e41abd9645
densenet121,A,2634,MR050687C,patient_disjoint,5,1,glioma,0.0021157352446362,0.996201078404234,0.0016831863511296,1,glioma,0.996201078404234,919d6f0fb3ca462983d6df6ec06846e41abd9645
densenet121,A,2635,MR050687C,patient_disjoint,5,1,glioma,0.0009543738453481,0.9978477760724332,0.0011978500822188,1,glioma,0.9978477760724332,919d6f0fb3ca462983d6df6ec06846e41abd9645
densenet121,A,2636,MR050687C,patient_disjoint,5,1,glioma,0.0005155242339827,0.9989792194595768,0.0005052563064404,1,glioma,0.9989792194595768,919d6f0fb3ca462983d6df6ec06846e41abd9645
densenet121,A,2637,MR050687C,patient_disjoint,5,1,glioma,0.0005242503830302,0.9988905648886732,0.0005851847282965,1,glioma,0.9988905648886732,919d6f0fb3ca462983d6df6ec06846e41abd9645
densenet121,A,2638,MR050687C,patient_disjoint,5,1,glioma,0.0003715194042877,0.9988249887987216,0.0008034917969906,1,glioma,0.9988249887987216,919d6f0fb3ca462983d6df6ec06846e41abd9645
densenet121,A,2639,MR050687C,patient_disjoint,5,1,glioma,0.0003383789357899,0.9993524612967972,0.0003091597674129,1,glioma,0.9993524612967972,919d6f0fb3ca462983d6df6ec06846e41abd9645
densenet121,A,2640,MR050687C,patient_disjoint,5,1,glioma,0.0003918111278581,0.9988607348717036,0.0007474540004383,1,glioma,0.9988607348717036,919d6f0fb3ca462983d6df6ec06846e41abd9645
densenet121,A,2641,MR049242C,patient_disjoint,5,1,glioma,0.0009850232390835,0.9955375319307151,0.0034774448302012,1,glioma,0.9955375319307151,919d6f0fb3ca462983d6df6ec06846e41abd9645
densenet121,A,2642,MR049242C,patient_disjoint,5,1,glioma,0.0005176026063833,0.9986352675373904,0.0008471298562261,1,glioma,0.9986352675373904,919d6f0fb3ca462983d6df6ec06846e41abd9645
densenet121,A,2643,MR049242C,patient_disjoint,5,1,glioma,0.0010325848277314,0.9963713359689552,0.0025960792033133,1,glioma,0.9963713359689552,919d6f0fb3ca462983d6df6ec06846e41abd9645
densenet121,A,2644,MR049242C,patient_disjoint,5,1,glioma,0.0004574029376307,0.998880380600242,0.0006622164621273,1,glioma,0.998880380600242,919d6f0fb3ca462983d6df6ec06846e41abd9645
densenet121,A,2645,MR049242C,patient_disjoint,5,1,glioma,0.0006374780906116,0.9990249593750848,0.0003375625343035,1,glioma,0.9990249593750848,919d6f0fb3ca462983d6df6ec06846e41abd9645
densenet121,A,2646,MR053241C,patient_disjoint,2,1,glioma,0.0003531648330768,0.9995390790252836,0.0001077561416396,1,glioma,0.9995390790252836,919d6f0fb3ca462983d6df6ec06846e41abd9645
densenet121,A,2647,MR053241C,patient_disjoint,2,1,glioma,0.0004321112949923,0.9992899915929327,0.0002778971120747,1,glioma,0.9992899915929327,919d6f0fb3ca462983d6df6ec06846e41abd9645
densenet121,A,2648,MR053241C,patient_disjoint,2,1,glioma,0.0006940361190611,0.9986637002464276,0.0006422636345112,1,glioma,0.9986637002464276,919d6f0fb3ca462983d6df6ec06846e41abd9645
densenet121,A,2649,MR053241C,patient_disjoint,2,1,glioma,0.0003702480749853,0.9988165568578158,0.000813195067199,1,glioma,0.9988165568578158,919d6f0fb3ca462983d6df6ec06846e41abd9645
densenet121,A,2650,MR034997,patient_disjoint,3,1,glioma,0.0003631712502885,0.999523144153336,0.0001136845963754,1,glioma,0.999523144153336,919d6f0fb3ca462983d6df6ec06846e41abd9645
densenet121,A,2651,MR034997,patient_disjoint,3,1,glioma,0.0001738623586092,0.9997215412725616,0.0001045963688291,1,glioma,0.9997215412725616,919d6f0fb3ca462983d6df6ec06846e41abd9645
densenet121,A,2652,MR034997,patient_disjoint,3,1,glioma,0.0002892282522515,0.9995497961273604,0.0001609756203879,1,glioma,0.9995497961273604,919d6f0fb3ca462983d6df6ec06846e41abd9645
densenet121,A,2653,MR034997,patient_disjoint,3,1,glioma,0.0003158962100728,0.9994852800589596,0.0001988237309673,1,glioma,0.9994852800589596,919d6f0fb3ca462983d6df6ec06846e41abd9645
densenet121,A,2654,MR034997,patient_disjoint,3,1,glioma,0.0003103339686436,0.9995337872696776,0.000155878761679,1,glioma,0.9995337872696776,919d6f0fb3ca462983d6df6ec06846e41abd9645
densenet121,A,2655,MR034997,patient_disjoint,3,1,glioma,0.0001624805524217,0.9997651654331234,7.235401445484759e-05,1,glioma,0.9997651654331234,919d6f0fb3ca462983d6df6ec06846e41abd9645
densenet121,A,2656,MR034997,patient_disjoint,3,1,glioma,0.0004582057505869,0.9993799570796282,0.0001618371697847,1,glioma,0.9993799570796282,919d6f0fb3ca462983d6df6ec06846e41abd9645
densenet121,A,2657,MR029209E,patient_disjoint,5,1,glioma,0.0002961580477382,0.9994444377781454,0.0002594041741163,1,glioma,0.9994444377781454,919d6f0fb3ca462983d6df6ec06846e41abd9645
densenet121,A,2658,MR029209E,patient_disjoint,5,1,glioma,0.0003932802093606,0.9993859822643838,0.0002207375262555,1,glioma,0.9993859822643838,919d6f0fb3ca462983d6df6ec06846e41abd9645
densenet121,A,2659,MR029209E,patient_disjoint,5,1,glioma,0.000235060616229,0.9995566183422034,0.0002083210415676,1,glioma,0.9995566183422034,919d6f0fb3ca462983d6df6ec06846e41abd9645
densenet121,A,2660,MR029209E,patient_disjoint,5,1,glioma,0.000265392547593,0.9995982040545732,0.0001364033978334,1,glioma,0.9995982040545732,919d6f0fb3ca462983d6df6ec06846e41abd9645
densenet121,A,2661,MR029209E,patient_disjoint,5,1,glioma,0.0003814462707963,0.9992826100763108,0.0003359436528929,1,glioma,0.9992826100763108,919d6f0fb3ca462983d6df6ec06846e41abd9645
densenet121,A,2662,MR029209E,patient_disjoint,5,1,glioma,0.0007802390115733,0.9987886076722474,0.0004311533161791,1,glioma,0.9987886076722474,919d6f0fb3ca462983d6df6ec06846e41abd9645
densenet121,A,2663,MR029209E,patient_disjoint,5,1,glioma,0.0025778675296934,0.9970140019727094,0.000408130497597,1,glioma,0.9970140019727094,919d6f0fb3ca462983d6df6ec06846e41abd9645
densenet121,A,2664,MR053110E,patient_disjoint,1,1,glioma,0.0004640577111145,0.9991396281981226,0.0003963140907628,1,glioma,0.9991396281981226,919d6f0fb3ca462983d6df6ec06846e41abd9645
densenet121,A,2665,MR053110E,patient_disjoint,1,1,glioma,0.0008962784263101,0.9983930689317756,0.0007106526419144,1,glioma,0.9983930689317756,919d6f0fb3ca462983d6df6ec06846e41abd9645
densenet121,A,2666,MR053110E,patient_disjoint,1,1,glioma,0.0002383559992298,0.999688605200726,7.303880004436127e-05,1,glioma,0.999688605200726,919d6f0fb3ca462983d6df6ec06846e41abd9645
densenet121,A,2667,MR053110E,patient_disjoint,1,1,glioma,0.0007730544242391,0.9989639205954756,0.0002630249802855,1,glioma,0.9989639205954756,919d6f0fb3ca462983d6df6ec06846e41abd9645
densenet121,A,2668,MR053110E,patient_disjoint,1,1,glioma,0.0057305432711143,0.992678914413515,0.0015905423153705,1,glioma,0.992678914413515,919d6f0fb3ca462983d6df6ec06846e41abd9645
densenet121,A,2669,MR053110E,patient_disjoint,1,1,glioma,0.0006683584532902,0.9988421463585748,0.0004894951881351,1,glioma,0.9988421463585748,919d6f0fb3ca462983d6df6ec06846e41abd9645
densenet121,A,2670,MR053110E,patient_disjoint,1,1,glioma,0.0006882077978265,0.9989755837210268,0.0003362084811465,1,glioma,0.9989755837210268,919d6f0fb3ca462983d6df6ec06846e41abd9645
densenet121,A,2671,MR053110E,patient_disjoint,1,1,glioma,7.652449745838197e-05,0.9998859536348204,3.752186772128712e-05,1,glioma,0.9998859536348204,919d6f0fb3ca462983d6df6ec06846e41abd9645
densenet121,A,2672,MR053110E,patient_disjoint,1,1,glioma,0.0001608431095158,0.9997554651264876,8.369176399672048e-05,1,glioma,0.9997554651264876,919d6f0fb3ca462983d6df6ec06846e41abd9645
densenet121,A,2673,MR053110E,patient_disjoint,1,1,glioma,0.000484469960556,0.9994029208601128,0.000112609179331,1,glioma,0.9994029208601128,919d6f0fb3ca462983d6df6ec06846e41abd9645
densenet121,A,2674,MR053110E,patient_disjoint,1,1,glioma,0.0003719126759935,0.9995538463876488,7.424093635768524e-05,1,glioma,0.9995538463876488,919d6f0fb3ca462983d6df6ec06846e41abd9645
densenet121,A,2675,MR049019G,patient_disjoint,3,1,glioma,0.0003223343415344,0.9994749621101732,0.0002027035482925,1,glioma,0.9994749621101732,919d6f0fb3ca462983d6df6ec06846e41abd9645
densenet121,A,2676,MR049019G,patient_disjoint,3,1,glioma,0.0002346368170754,0.999462754846241,0.0003026083366834,1,glioma,0.999462754846241,919d6f0fb3ca462983d6df6ec06846e41abd9645
densenet121,A,2677,MR049019G,patient_disjoint,3,1,glioma,0.0006321243376204,0.9986808612774256,0.0006870143849538,1,glioma,0.9986808612774256,919d6f0fb3ca462983d6df6ec06846e41abd9645
densenet121,A,2678,MR031409B,patient_disjoint,2,1,glioma,0.00034310042916,0.999268767678437,0.0003881318924031,1,glioma,0.999268767678437,919d6f0fb3ca462983d6df6ec06846e41abd9645
densenet121,A,2679,MR031409B,patient_disjoint,2,1,glioma,0.0005011228614146,0.998852219292017,0.0006466578465683,1,glioma,0.998852219292017,919d6f0fb3ca462983d6df6ec06846e41abd9645
densenet121,A,2680,MR024780D,patient_disjoint,1,1,glioma,0.0001216268725798,0.999831424269258,4.694885816203152e-05,1,glioma,0.999831424269258,919d6f0fb3ca462983d6df6ec06846e41abd9645
densenet121,A,2681,MR024780D,patient_disjoint,1,1,glioma,0.0003573785037504,0.99953330815304,0.0001093133432097,1,glioma,0.99953330815304,919d6f0fb3ca462983d6df6ec06846e41abd9645
densenet121,A,2682,MR038469,patient_disjoint,3,1,glioma,0.0043890175311569,0.9831414079402282,0.0124695745286148,1,glioma,0.9831414079402282,919d6f0fb3ca462983d6df6ec06846e41abd9645
densenet121,A,2683,MR038469,patient_disjoint,3,1,glioma,0.0050502882318809,0.9783610705391448,0.0165886412289743,1,glioma,0.9783610705391448,919d6f0fb3ca462983d6df6ec06846e41abd9645
densenet121,A,2684,MR038469,patient_disjoint,3,1,glioma,0.004977207335244,0.9853593466743172,0.0096634459904387,1,glioma,0.9853593466743172,919d6f0fb3ca462983d6df6ec06846e41abd9645
densenet121,A,2685,MR038469,patient_disjoint,3,1,glioma,0.0024258998089041,0.9918428526309968,0.0057312475600989,1,glioma,0.9918428526309968,919d6f0fb3ca462983d6df6ec06846e41abd9645
densenet121,A,2686,MR038469,patient_disjoint,3,1,glioma,0.0010441371892926,0.9969750275982684,0.0019808352124388,1,glioma,0.9969750275982684,919d6f0fb3ca462983d6df6ec06846e41abd9645
densenet121,A,2687,MR038469,patient_disjoint,3,1,glioma,0.0004127234260135,0.9985089448654392,0.0010783317085471,1,glioma,0.9985089448654392,919d6f0fb3ca462983d6df6ec06846e41abd9645
densenet121,A,2688,MR032322C,patient_disjoint,2,1,glioma,0.0005246755469691,0.9981076253048792,0.0013676991481516,1,glioma,0.9981076253048792,919d6f0fb3ca462983d6df6ec06846e41abd9645
densenet121,A,2689,MR032322C,patient_disjoint,2,1,glioma,0.0002023049807401,0.9997580461341607,3.964888509910915e-05,1,glioma,0.9997580461341607,919d6f0fb3ca462983d6df6ec06846e41abd9645
densenet121,A,2690,MR032322C,patient_disjoint,2,1,glioma,0.0002771281881364,0.9996868835698928,3.598824197060763e-05,1,glioma,0.9996868835698928,919d6f0fb3ca462983d6df6ec06846e41abd9645
densenet121,A,2691,MR032322C,patient_disjoint,2,1,glioma,0.0002434534533474,0.9997186892709314,3.785727572121523e-05,1,glioma,0.9997186892709314,919d6f0fb3ca462983d6df6ec06846e41abd9645
densenet121,A,2692,MR032322C,patient_disjoint,2,1,glioma,0.0001100729638479,0.9998759338901774,1.3993145974726948e-05,1,glioma,0.9998759338901774,919d6f0fb3ca462983d6df6ec06846e41abd9645
densenet121,A,2693,MR032322C,patient_disjoint,2,1,glioma,0.005039708321361,0.994902316910882,5.797476775706768e-05,1,glioma,0.994902316910882,919d6f0fb3ca462983d6df6ec06846e41abd9645
densenet121,A,2694,MR032322C,patient_disjoint,2,1,glioma,0.002194467577523,0.9909262941840318,0.006879238238445,1,glioma,0.9909262941840318,919d6f0fb3ca462983d6df6ec06846e41abd9645
densenet121,A,2695,MR032322C,patient_disjoint,2,1,glioma,0.0010039926219077,0.9969598656809304,0.0020361416971617,1,glioma,0.9969598656809304,919d6f0fb3ca462983d6df6ec06846e41abd9645
densenet121,A,2696,MR032322C,patient_disjoint,2,1,glioma,0.0007172511035799,0.998338495894482,0.000944253001938,1,glioma,0.998338495894482,919d6f0fb3ca462983d6df6ec06846e41abd9645
densenet121,A,2697,MR032322C,patient_disjoint,2,1,glioma,0.000327395456442,0.9989070225633108,0.000765581980247,1,glioma,0.9989070225633108,919d6f0fb3ca462983d6df6ec06846e41abd9645
densenet121,A,2698,MR032322C,patient_disjoint,2,1,glioma,0.0005141578026352,0.9987743997827524,0.0007114424146123,1,glioma,0.9987743997827524,919d6f0fb3ca462983d6df6ec06846e41abd9645
densenet121,A,2699,MR032322C,patient_disjoint,2,1,glioma,0.0002410035642337,0.9993544642659612,0.0004045321698049,1,glioma,0.9993544642659612,919d6f0fb3ca462983d6df6ec06846e41abd9645
densenet121,A,2700,MR032322C,patient_disjoint,2,1,glioma,0.0001415291719233,0.9997158297586572,0.0001426410694194,1,glioma,0.9997158297586572,919d6f0fb3ca462983d6df6ec06846e41abd9645
densenet121,A,2701,MR032322C,patient_disjoint,2,1,glioma,0.0001538358613093,0.9997848336913704,6.133044732029333e-05,1,glioma,0.9997848336913704,919d6f0fb3ca462983d6df6ec06846e41abd9645
densenet121,A,2702,MR037458B,patient_disjoint,2,1,glioma,0.8662542568955817,0.1334047029080485,0.0003410401963697,0,meningioma,0.8662542568955817,919d6f0fb3ca462983d6df6ec06846e41abd9645
densenet121,A,2703,MR037458B,patient_disjoint,2,1,glioma,0.159919182287105,0.8399185379259778,0.0001622797869171,1,glioma,0.8399185379259778,919d6f0fb3ca462983d6df6ec06846e41abd9645
densenet121,A,2704,MR037458B,patient_disjoint,2,1,glioma,0.013160874650167,0.986669688693761,0.0001694366560718,1,glioma,0.986669688693761,919d6f0fb3ca462983d6df6ec06846e41abd9645
densenet121,A,2705,MR037458B,patient_disjoint,2,1,glioma,0.1756176480601166,0.8240978505245189,0.0002845014153643,1,glioma,0.8240978505245189,919d6f0fb3ca462983d6df6ec06846e41abd9645
densenet121,A,2706,MR037458B,patient_disjoint,2,1,glioma,0.2754483887501641,0.7244131629110264,0.0001384483388095,1,glioma,0.7244131629110264,919d6f0fb3ca462983d6df6ec06846e41abd9645
densenet121,A,2707,MR037458B,patient_disjoint,2,1,glioma,0.7980765567262523,0.2016710544727633,0.0002523888009844,0,meningioma,0.7980765567262523,919d6f0fb3ca462983d6df6ec06846e41abd9645
densenet121,A,2708,MR037458B,patient_disjoint,2,1,glioma,0.978644531054517,0.0205540977419787,0.0008013712035041,0,meningioma,0.978644531054517,919d6f0fb3ca462983d6df6ec06846e41abd9645
densenet121,A,2709,MR037458B,patient_disjoint,2,1,glioma,0.9831504744210364,0.0164836341687438,0.0003658914102198,0,meningioma,0.9831504744210364,919d6f0fb3ca462983d6df6ec06846e41abd9645
densenet121,A,2710,MR039473,patient_disjoint,4,1,glioma,0.0008030392857148,0.9973774860325636,0.0018194746817216,1,glioma,0.9973774860325636,919d6f0fb3ca462983d6df6ec06846e41abd9645
densenet121,A,2711,MR039473,patient_disjoint,4,1,glioma,0.0013009361853534,0.9939352856218576,0.0047637781927887,1,glioma,0.9939352856218576,919d6f0fb3ca462983d6df6ec06846e41abd9645
densenet121,A,2712,MR039473,patient_disjoint,4,1,glioma,0.0001836909313815,0.9997803284276122,3.598064100633284e-05,1,glioma,0.9997803284276122,919d6f0fb3ca462983d6df6ec06846e41abd9645
densenet121,A,2713,MR039473,patient_disjoint,4,1,glioma,0.0009502634377248,0.9987609115410512,0.0002888250212239,1,glioma,0.9987609115410512,919d6f0fb3ca462983d6df6ec06846e41abd9645
densenet121,A,2714,MR039473B,patient_disjoint,2,1,glioma,9.799484270163404e-05,0.9998709063940826,3.109876321586889e-05,1,glioma,0.9998709063940826,919d6f0fb3ca462983d6df6ec06846e41abd9645
densenet121,A,2715,MR039473B,patient_disjoint,2,1,glioma,0.0002310766344577,0.9995343365334972,0.000234586832045,1,glioma,0.9995343365334972,919d6f0fb3ca462983d6df6ec06846e41abd9645
densenet121,A,2716,MR039473B,patient_disjoint,2,1,glioma,0.0003968234253422,0.99875259938725,0.0008505771874076,1,glioma,0.99875259938725,919d6f0fb3ca462983d6df6ec06846e41abd9645
densenet121,A,2717,MR039473B,patient_disjoint,2,1,glioma,0.0001048100189761,0.9997972475759692,9.794240505465784e-05,1,glioma,0.9997972475759692,919d6f0fb3ca462983d6df6ec06846e41abd9645
densenet121,A,2718,MR039473B,patient_disjoint,2,1,glioma,0.0002165414266096,0.999377882621897,0.0004055759514933,1,glioma,0.999377882621897,919d6f0fb3ca462983d6df6ec06846e41abd9645
densenet121,A,2719,MR039473B,patient_disjoint,2,1,glioma,0.0002875761327156,0.9992004342060756,0.0005119896612087,1,glioma,0.9992004342060756,919d6f0fb3ca462983d6df6ec06846e41abd9645
densenet121,A,2720,MR039473B,patient_disjoint,2,1,glioma,0.0001448589976255,0.999591051611184,0.0002640893911904,1,glioma,0.999591051611184,919d6f0fb3ca462983d6df6ec06846e41abd9645
densenet121,A,2721,MR039473B,patient_disjoint,2,1,glioma,0.0003926378106912,0.998998928007763,0.0006084341815457,1,glioma,0.998998928007763,919d6f0fb3ca462983d6df6ec06846e41abd9645
densenet121,A,2722,MR039473B,patient_disjoint,2,1,glioma,0.0007323031896541,0.997991505318744,0.0012761914916019,1,glioma,0.997991505318744,919d6f0fb3ca462983d6df6ec06846e41abd9645
densenet121,A,2723,MR037458C,patient_disjoint,4,1,glioma,0.0013554537894461,0.9978901964852236,0.0007543497253302,1,glioma,0.9978901964852236,919d6f0fb3ca462983d6df6ec06846e41abd9645
densenet121,A,2724,MR037458C,patient_disjoint,4,1,glioma,0.0027551568870191,0.9969095349255972,0.0003353081873837,1,glioma,0.9969095349255972,919d6f0fb3ca462983d6df6ec06846e41abd9645
densenet121,A,2725,MR037458C,patient_disjoint,4,1,glioma,0.0007681618391818,0.998834913048266,0.0003969251125523,1,glioma,0.998834913048266,919d6f0fb3ca462983d6df6ec06846e41abd9645
densenet121,A,2726,MR037458C,patient_disjoint,4,1,glioma,0.0012516093308452,0.9982545932656716,0.0004937974034831,1,glioma,0.9982545932656716,919d6f0fb3ca462983d6df6ec06846e41abd9645
densenet121,A,2727,MR037458C,patient_disjoint,4,1,glioma,0.0002595874296165,0.9995990999572528,0.0001413126131305,1,glioma,0.9995990999572528,919d6f0fb3ca462983d6df6ec06846e41abd9645
densenet121,A,2728,MR037458C,patient_disjoint,4,1,glioma,0.0002053555856339,0.9997279629763958,6.668143797044404e-05,1,glioma,0.9997279629763958,919d6f0fb3ca462983d6df6ec06846e41abd9645
densenet121,A,2729,MR037458C,patient_disjoint,4,1,glioma,0.0010737574871638,0.9987411212468938,0.0001851212659421,1,glioma,0.9987411212468938,919d6f0fb3ca462983d6df6ec06846e41abd9645
densenet121,A,2730,MR037458C,patient_disjoint,4,1,glioma,0.0009817696407773,0.9987791284890208,0.000239101870202,1,glioma,0.9987791284890208,919d6f0fb3ca462983d6df6ec06846e41abd9645
densenet121,A,2731,MR029209E,patient_disjoint,5,1,glioma,0.000246949938056,0.999710877055248,4.2173006695852685e-05,1,glioma,0.999710877055248,919d6f0fb3ca462983d6df6ec06846e41abd9645
densenet121,A,2732,MR029209E,patient_disjoint,5,1,glioma,0.0012011726989267,0.9984827395233816,0.0003160877776913,1,glioma,0.9984827395233816,919d6f0fb3ca462983d6df6ec06846e41abd9645
densenet121,A,2733,MR029209E,patient_disjoint,5,1,glioma,0.0006193607919377,0.9990164001608176,0.0003642390472446,1,glioma,0.9990164001608176,919d6f0fb3ca462983d6df6ec06846e41abd9645
densenet121,A,2734,MR029209E,patient_disjoint,5,1,glioma,0.0002713149800926,0.9994366189198052,0.0002920661001022,1,glioma,0.9994366189198052,919d6f0fb3ca462983d6df6ec06846e41abd9645
densenet121,A,2735,MR029209E,patient_disjoint,5,1,glioma,7.309951971548788e-05,0.999901331289013,2.5569191271528494e-05,1,glioma,0.999901331289013,919d6f0fb3ca462983d6df6ec06846e41abd9645
densenet121,A,2736,MR029209E,patient_disjoint,5,1,glioma,8.758576045231556e-05,0.9998879943441882,2.4419895359463428e-05,1,glioma,0.9998879943441882,919d6f0fb3ca462983d6df6ec06846e41abd9645
densenet121,A,2737,MR029209E,patient_disjoint,5,1,glioma,0.0003296059207238,0.9996394750781182,3.091900115786332e-05,1,glioma,0.9996394750781182,919d6f0fb3ca462983d6df6ec06846e41abd9645
densenet121,A,2738,MR053110E,patient_disjoint,1,1,glioma,0.0006708017251673,0.9992439426884,8.525558643265882e-05,1,glioma,0.9992439426884,919d6f0fb3ca462983d6df6ec06846e41abd9645
densenet121,A,2739,MR053110E,patient_disjoint,1,1,glioma,0.0004075319880466,0.9993476043883616,0.0002448636235915,1,glioma,0.9993476043883616,919d6f0fb3ca462983d6df6ec06846e41abd9645
densenet121,A,2740,MR053110E,patient_disjoint,1,1,glioma,0.0001733249116849,0.9997714533618632,5.5221726451693856e-05,1,glioma,0.9997714533618632,919d6f0fb3ca462983d6df6ec06846e41abd9645
densenet121,A,2741,MR053110E,patient_disjoint,1,1,glioma,0.0012538058128921,0.9984148395858248,0.000331354601283,1,glioma,0.9984148395858248,919d6f0fb3ca462983d6df6ec06846e41abd9645
densenet121,A,2742,MR053110E,patient_disjoint,1,1,glioma,0.0011012296908965,0.998764674827029,0.0001340954820745,1,glioma,0.998764674827029,919d6f0fb3ca462983d6df6ec06846e41abd9645
densenet121,A,2743,MR049019G,patient_disjoint,3,1,glioma,0.0002495112915171,0.9996029274026352,0.0001475613058475,1,glioma,0.9996029274026352,919d6f0fb3ca462983d6df6ec06846e41abd9645
densenet121,A,2744,MR049019G,patient_disjoint,3,1,glioma,0.0003430787083775,0.9991893071591076,0.000467614132515,1,glioma,0.9991893071591076,919d6f0fb3ca462983d6df6ec06846e41abd9645
densenet121,A,2745,MR049019G,patient_disjoint,3,1,glioma,0.0001336758712525,0.9995254444902472,0.0003408796385001,1,glioma,0.9995254444902472,919d6f0fb3ca462983d6df6ec06846e41abd9645
densenet121,A,2746,MR049019G,patient_disjoint,3,1,glioma,0.0006668154988536,0.9981472377900168,0.0011859467111296,1,glioma,0.9981472377900168,919d6f0fb3ca462983d6df6ec06846e41abd9645
densenet121,A,2747,MR049019G,patient_disjoint,3,1,glioma,0.000555332870611,0.9973489417183204,0.0020957254110686,1,glioma,0.9973489417183204,919d6f0fb3ca462983d6df6ec06846e41abd9645
densenet121,A,2748,MR031409B,patient_disjoint,2,1,glioma,0.0005294785658781,0.9993305964826872,0.0001399249514345,1,glioma,0.9993305964826872,919d6f0fb3ca462983d6df6ec06846e41abd9645
densenet121,A,2749,MR031409B,patient_disjoint,2,1,glioma,0.0028374802642125,0.9927314003302068,0.0044311194055807,1,glioma,0.9927314003302068,919d6f0fb3ca462983d6df6ec06846e41abd9645
densenet121,A,2750,MR024780D,patient_disjoint,1,1,glioma,0.0002593140225728,0.9996594157253904,8.127025203675259e-05,1,glioma,0.9996594157253904,919d6f0fb3ca462983d6df6ec06846e41abd9645
densenet121,A,2751,MR024780D,patient_disjoint,1,1,glioma,0.0005039661682566,0.99927065229205,0.0002253815396931,1,glioma,0.99927065229205,919d6f0fb3ca462983d6df6ec06846e41abd9645
densenet121,A,2752,MR024780D,patient_disjoint,1,1,glioma,0.0009673487058296,0.9987893926544168,0.0002432586397536,1,glioma,0.9987893926544168,919d6f0fb3ca462983d6df6ec06846e41abd9645
densenet121,A,2753,MR038469,patient_disjoint,3,1,glioma,0.0219228755393248,0.9077189515119408,0.0703581729487343,1,glioma,0.9077189515119408,919d6f0fb3ca462983d6df6ec06846e41abd9645
densenet121,A,2754,MR038469,patient_disjoint,3,1,glioma,0.0058902113912723,0.9364102787541452,0.0576995098545824,1,glioma,0.9364102787541452,919d6f0fb3ca462983d6df6ec06846e41abd9645
densenet121,A,2755,MR038469,patient_disjoint,3,1,glioma,0.0017867762240592,0.9909869148274671,0.0072263089484737,1,glioma,0.9909869148274671,919d6f0fb3ca462983d6df6ec06846e41abd9645
densenet121,A,2756,MR038469,patient_disjoint,3,1,glioma,0.0034288222259128,0.9914539848978916,0.0051171928761958,1,glioma,0.9914539848978916,919d6f0fb3ca462983d6df6ec06846e41abd9645
densenet121,A,2757,MR038469,patient_disjoint,3,1,glioma,0.0032123475649412,0.9946248204046858,0.002162832030373,1,glioma,0.9946248204046858,919d6f0fb3ca462983d6df6ec06846e41abd9645
densenet121,A,2758,MR032322C,patient_disjoint,2,1,glioma,0.0001689741702674,0.999765996543098,6.502928663479545e-05,1,glioma,0.999765996543098,919d6f0fb3ca462983d6df6ec06846e41abd9645
densenet121,A,2759,MR032322C,patient_disjoint,2,1,glioma,0.0002028271029379,0.9997187161332892,7.845676377263808e-05,1,glioma,0.9997187161332892,919d6f0fb3ca462983d6df6ec06846e41abd9645
densenet121,A,2760,MR032322C,patient_disjoint,2,1,glioma,0.0012281347674739,0.9979932168630296,0.0007786483694964,1,glioma,0.9979932168630296,919d6f0fb3ca462983d6df6ec06846e41abd9645
densenet121,A,2761,MR032322C,patient_disjoint,2,1,glioma,0.0004355259132877,0.9991267677539064,0.0004377063328059,1,glioma,0.9991267677539064,919d6f0fb3ca462983d6df6ec06846e41abd9645
densenet121,A,2762,MR032322C,patient_disjoint,2,1,glioma,0.0002709780993181,0.9995319055784064,0.0001971163222752,1,glioma,0.9995319055784064,919d6f0fb3ca462983d6df6ec06846e41abd9645
densenet121,A,2763,MR032322C,patient_disjoint,2,1,glioma,0.0002850082715872,0.9994807431899158,0.000234248538497,1,glioma,0.9994807431899158,919d6f0fb3ca462983d6df6ec06846e41abd9645
densenet121,A,2764,MR032322C,patient_disjoint,2,1,glioma,0.0007960743057655,0.9981434681688928,0.0010604575253416,1,glioma,0.9981434681688928,919d6f0fb3ca462983d6df6ec06846e41abd9645
densenet121,A,2765,MR032322C,patient_disjoint,2,1,glioma,0.0005692450093132,0.9985235034568284,0.0009072515338584,1,glioma,0.9985235034568284,919d6f0fb3ca462983d6df6ec06846e41abd9645
densenet121,A,2766,MR032322C,patient_disjoint,2,1,glioma,0.0004010705667827,0.9990084872991404,0.0005904421340769,1,glioma,0.9990084872991404,919d6f0fb3ca462983d6df6ec06846e41abd9645
densenet121,A,2767,MR032322C,patient_disjoint,2,1,glioma,0.0007223489026648,0.998268807144897,0.0010088439524382,1,glioma,0.998268807144897,919d6f0fb3ca462983d6df6ec06846e41abd9645
densenet121,A,2768,MR032322C,patient_disjoint,2,1,glioma,0.0020912515175729,0.9956294579353584,0.0022792905470685,1,glioma,0.9956294579353584,919d6f0fb3ca462983d6df6ec06846e41abd9645
densenet121,A,2769,MR037458B,patient_disjoint,2,1,glioma,0.0261657868999319,0.9733497031551044,0.0004845099449638,1,glioma,0.9733497031551044,919d6f0fb3ca462983d6df6ec06846e41abd9645
densenet121,A,2770,MR037458B,patient_disjoint,2,1,glioma,0.0581812082291616,0.9396958402053728,0.0021229515654656,1,glioma,0.9396958402053728,919d6f0fb3ca462983d6df6ec06846e41abd9645
densenet121,A,2771,MR037458B,patient_disjoint,2,1,glioma,0.0064368595977438,0.9931182325012692,0.0004449079009868,1,glioma,0.9931182325012692,919d6f0fb3ca462983d6df6ec06846e41abd9645
densenet121,A,2772,MR037458B,patient_disjoint,2,1,glioma,0.0979840642774476,0.9012689953343824,0.0007469403881697,1,glioma,0.9012689953343824,919d6f0fb3ca462983d6df6ec06846e41abd9645
densenet121,A,2773,MR037458B,patient_disjoint,2,1,glioma,0.9673866485660294,0.0316231106166266,0.0009902408173439,0,meningioma,0.9673866485660294,919d6f0fb3ca462983d6df6ec06846e41abd9645
densenet121,A,2774,MR039473,patient_disjoint,4,1,glioma,0.0044209473755196,0.9940464751381256,0.0015325774863546,1,glioma,0.9940464751381256,919d6f0fb3ca462983d6df6ec06846e41abd9645
densenet121,A,2775,MR039473,patient_disjoint,4,1,glioma,0.0013299970567887,0.9924157954772228,0.0062542074659885,1,glioma,0.9924157954772228,919d6f0fb3ca462983d6df6ec06846e41abd9645
densenet121,A,2776,MR039473,patient_disjoint,4,1,glioma,0.0038730972218641,0.9854079610810392,0.0107189416970964,1,glioma,0.9854079610810392,919d6f0fb3ca462983d6df6ec06846e41abd9645
densenet121,A,2777,MR039473,patient_disjoint,4,1,glioma,0.0039601309126305,0.9920024238903038,0.0040374451970656,1,glioma,0.9920024238903038,919d6f0fb3ca462983d6df6ec06846e41abd9645
densenet121,A,2778,MR039473,patient_disjoint,4,1,glioma,0.0010461491938678,0.995624741382865,0.003329109423267,1,glioma,0.995624741382865,919d6f0fb3ca462983d6df6ec06846e41abd9645
densenet121,A,2779,MR039473,patient_disjoint,4,1,glioma,0.00149133065746,0.9870991303497324,0.0114095389928073,1,glioma,0.9870991303497324,919d6f0fb3ca462983d6df6ec06846e41abd9645
densenet121,A,2780,MR039473B,patient_disjoint,2,1,glioma,0.0001487634954838,0.9997537422916228,9.749421289340385e-05,1,glioma,0.9997537422916228,919d6f0fb3ca462983d6df6ec06846e41abd9645
densenet121,A,2781,MR039473B,patient_disjoint,2,1,glioma,0.0002445521759602,0.9994571573965556,0.0002982904274841,1,glioma,0.9994571573965556,919d6f0fb3ca462983d6df6ec06846e41abd9645
densenet121,A,2782,MR039473B,patient_disjoint,2,1,glioma,0.0001964764603015,0.9992966448318544,0.0005068787078439,1,glioma,0.9992966448318544,919d6f0fb3ca462983d6df6ec06846e41abd9645
densenet121,A,2783,MR039473B,patient_disjoint,2,1,glioma,0.0002802459363085,0.9989104967556416,0.0008092573080498,1,glioma,0.9989104967556416,919d6f0fb3ca462983d6df6ec06846e41abd9645
densenet121,A,2784,MR039473B,patient_disjoint,2,1,glioma,0.0003460253148852,0.9972855300371436,0.0023684446479713,1,glioma,0.9972855300371436,919d6f0fb3ca462983d6df6ec06846e41abd9645
densenet121,A,2785,MR039473B,patient_disjoint,2,1,glioma,0.0012191204212102,0.9951609561692986,0.0036199234094911,1,glioma,0.9951609561692986,919d6f0fb3ca462983d6df6ec06846e41abd9645
densenet121,A,2786,MR039473B,patient_disjoint,2,1,glioma,0.0003274336877287,0.9988493321664792,0.0008232341457918,1,glioma,0.9988493321664792,919d6f0fb3ca462983d6df6ec06846e41abd9645
densenet121,A,2787,MR040240,patient_disjoint,5,1,glioma,0.0026608950909808,0.9888645906202808,0.0084745142887384,1,glioma,0.9888645906202808,919d6f0fb3ca462983d6df6ec06846e41abd9645
densenet121,A,2788,MR040240,patient_disjoint,5,1,glioma,0.0013959022634123,0.9964122225012484,0.0021918752353393,1,glioma,0.9964122225012484,919d6f0fb3ca462983d6df6ec06846e41abd9645
densenet121,A,2789,MR040240,patient_disjoint,5,1,glioma,0.0128573811193078,0.9835324604589888,0.0036101584217032,1,glioma,0.9835324604589888,919d6f0fb3ca462983d6df6ec06846e41abd9645
densenet121,A,2790,MR040240,patient_disjoint,5,1,glioma,0.00111697451966,0.9982017647426832,0.0006812607376567,1,glioma,0.9982017647426832,919d6f0fb3ca462983d6df6ec06846e41abd9645
densenet121,A,2791,MR040240,patient_disjoint,5,1,glioma,0.0033442044618629,0.9947434165122389,0.0019123790258983,1,glioma,0.9947434165122389,919d6f0fb3ca462983d6df6ec06846e41abd9645
densenet121,A,2792,MR040240,patient_disjoint,5,1,glioma,0.0246322728747045,0.9716010954499524,0.003766631675343,1,glioma,0.9716010954499524,919d6f0fb3ca462983d6df6ec06846e41abd9645
densenet121,A,2793,MR040240,patient_disjoint,5,1,glioma,0.0150561206188395,0.9649425031220806,0.0200013762590797,1,glioma,0.9649425031220806,919d6f0fb3ca462983d6df6ec06846e41abd9645
densenet121,A,2794,MR040240,patient_disjoint,5,1,glioma,0.0032659268832065,0.9929193800838988,0.0038146930328947,1,glioma,0.9929193800838988,919d6f0fb3ca462983d6df6ec06846e41abd9645
densenet121,A,2795,MR040240B,patient_disjoint,3,1,glioma,0.0003288818716298,0.999144387743238,0.0005267303851321,1,glioma,0.999144387743238,919d6f0fb3ca462983d6df6ec06846e41abd9645
densenet121,A,2796,MR040240B,patient_disjoint,3,1,glioma,0.0005988303179861,0.9970524432738972,0.0023487264081164,1,glioma,0.9970524432738972,919d6f0fb3ca462983d6df6ec06846e41abd9645
densenet121,A,2797,MR040240B,patient_disjoint,3,1,glioma,0.0001385482073886,0.9995481994769626,0.0003132523156486,1,glioma,0.9995481994769626,919d6f0fb3ca462983d6df6ec06846e41abd9645
densenet121,A,2798,MR040240B,patient_disjoint,3,1,glioma,8.265736955375281e-05,0.9998208188362672,9.652379417920083e-05,1,glioma,0.9998208188362672,919d6f0fb3ca462983d6df6ec06846e41abd9645
densenet121,A,2799,MR040240B,patient_disjoint,3,1,glioma,0.0002498128077371,0.9993787971829268,0.0003713900093362,1,glioma,0.9993787971829268,919d6f0fb3ca462983d6df6ec06846e41abd9645
densenet121,A,2800,MR029209G,patient_disjoint,5,1,glioma,0.0002045018006993,0.9997218706716428,7.362752765780084e-05,1,glioma,0.9997218706716428,919d6f0fb3ca462983d6df6ec06846e41abd9645
densenet121,A,2801,MR029209G,patient_disjoint,5,1,glioma,0.0001408429230837,0.9997947574379612,6.439963895493412e-05,1,glioma,0.9997947574379612,919d6f0fb3ca462983d6df6ec06846e41abd9645
densenet121,A,2802,MR029209G,patient_disjoint,5,1,glioma,0.0001498719371924,0.9997971349872716,5.2993075536072926e-05,1,glioma,0.9997971349872716,919d6f0fb3ca462983d6df6ec06846e41abd9645
densenet121,A,2803,MR029209G,patient_disjoint,5,1,glioma,0.000144856178346,0.9998333030420044,2.1840779649660977e-05,1,glioma,0.9998333030420044,919d6f0fb3ca462983d6df6ec06846e41abd9645
densenet121,A,2804,MR029209G,patient_disjoint,5,1,glioma,0.0003147639741334,0.9996172475120452,6.798851382154448e-05,1,glioma,0.9996172475120452,919d6f0fb3ca462983d6df6ec06846e41abd9645
densenet121,A,2805,MR036496B,patient_disjoint,3,1,glioma,0.0003330783682524,0.9995549846178696,0.0001119370138778,1,glioma,0.9995549846178696,919d6f0fb3ca462983d6df6ec06846e41abd9645
densenet121,A,2806,MR036496B,patient_disjoint,3,1,glioma,0.0002858805513682,0.9995034385530346,0.0002106808955972,1,glioma,0.9995034385530346,919d6f0fb3ca462983d6df6ec06846e41abd9645
densenet121,A,2807,MR036496B,patient_disjoint,3,1,glioma,0.0002012935811805,0.9997164500549994,8.225636381994174e-05,1,glioma,0.9997164500549994,919d6f0fb3ca462983d6df6ec06846e41abd9645
densenet121,A,2808,MR036496B,patient_disjoint,3,1,glioma,0.0008589387619129,0.9990597367306314,8.13245074555926e-05,1,glioma,0.9990597367306314,919d6f0fb3ca462983d6df6ec06846e41abd9645
densenet121,A,2809,MR033420,patient_disjoint,5,1,glioma,0.000332709068613,0.9995680914307497,9.919950063745568e-05,1,glioma,0.9995680914307497,919d6f0fb3ca462983d6df6ec06846e41abd9645
densenet121,A,2810,MR033420,patient_disjoint,5,1,glioma,5.829181569866521e-05,0.9998917826401648,4.992554413652065e-05,1,glioma,0.9998917826401648,919d6f0fb3ca462983d6df6ec06846e41abd9645
densenet121,A,2811,MR033420,patient_disjoint,5,1,glioma,0.0001112638421999,0.9998607769133904,2.795924440966884e-05,1,glioma,0.9998607769133904,919d6f0fb3ca462983d6df6ec06846e41abd9645
densenet121,A,2812,MR033420,patient_disjoint,5,1,glioma,0.0003245546181937,0.999601458510168,7.398687163806867e-05,1,glioma,0.999601458510168,919d6f0fb3ca462983d6df6ec06846e41abd9645
densenet121,A,2813,MR033420,patient_disjoint,5,1,glioma,0.023388362439907,0.9736567524976596,0.0029548850624337,1,glioma,0.9736567524976596,919d6f0fb3ca462983d6df6ec06846e41abd9645
densenet121,A,2814,MR033420,patient_disjoint,5,1,glioma,0.0003858052528687,0.9994369271947422,0.0001772675523889,1,glioma,0.9994369271947422,919d6f0fb3ca462983d6df6ec06846e41abd9645
densenet121,A,2815,MR033420,patient_disjoint,5,1,glioma,0.0003435358156731,0.9994553543084216,0.0002011098759052,1,glioma,0.9994553543084216,919d6f0fb3ca462983d6df6ec06846e41abd9645
densenet121,A,2816,MR033420,patient_disjoint,5,1,glioma,0.0002142646885025,0.9997418352290875,4.390008240980866e-05,1,glioma,0.9997418352290875,919d6f0fb3ca462983d6df6ec06846e41abd9645
densenet121,A,2817,MR024780B,patient_disjoint,1,1,glioma,0.0005148342055014,0.999146710984871,0.0003384548096275,1,glioma,0.999146710984871,919d6f0fb3ca462983d6df6ec06846e41abd9645
densenet121,A,2818,MR024780B,patient_disjoint,1,1,glioma,0.0004877499566473,0.99918061180574,0.0003316382376124,1,glioma,0.99918061180574,919d6f0fb3ca462983d6df6ec06846e41abd9645
densenet121,A,2819,MR024780B,patient_disjoint,1,1,glioma,0.0002874981261491,0.9996472396430028,6.526223084808976e-05,1,glioma,0.9996472396430028,919d6f0fb3ca462983d6df6ec06846e41abd9645
densenet121,A,2820,MR024780B,patient_disjoint,1,1,glioma,0.0009632731197815,0.9989051147349498,0.0001316121452685,1,glioma,0.9989051147349498,919d6f0fb3ca462983d6df6ec06846e41abd9645
densenet121,A,2821,MR033389B,patient_disjoint,4,1,glioma,0.0011214084128206,0.9983237579718096,0.0005548336153697,1,glioma,0.9983237579718096,919d6f0fb3ca462983d6df6ec06846e41abd9645
densenet121,A,2822,MR048294,patient_disjoint,1,1,glioma,0.0002343812432172,0.9996717434450806,9.387531170212504e-05,1,glioma,0.9996717434450806,919d6f0fb3ca462983d6df6ec06846e41abd9645
densenet121,A,2823,MR048297,patient_disjoint,1,1,glioma,0.0022067361492052,0.9975789629359134,0.0002143009148814,1,glioma,0.9975789629359134,919d6f0fb3ca462983d6df6ec06846e41abd9645
densenet121,A,2824,MR048297,patient_disjoint,1,1,glioma,0.0014328085554307,0.9984629993434504,0.0001041921011187,1,glioma,0.9984629993434504,919d6f0fb3ca462983d6df6ec06846e41abd9645
densenet121,A,2825,MR048297,patient_disjoint,1,1,glioma,0.0609463014480414,0.9384054886350804,0.000648209916878,1,glioma,0.9384054886350804,919d6f0fb3ca462983d6df6ec06846e41abd9645
densenet121,A,2826,MR048297,patient_disjoint,1,1,glioma,0.1416478869147617,0.857111450210571,0.0012406628746671,1,glioma,0.857111450210571,919d6f0fb3ca462983d6df6ec06846e41abd9645
densenet121,A,2827,MR048297,patient_disjoint,1,1,glioma,0.1589254503985055,0.8394704800490425,0.001604069552452,1,glioma,0.8394704800490425,919d6f0fb3ca462983d6df6ec06846e41abd9645
densenet121,A,2828,MR048297,patient_disjoint,1,1,glioma,0.0013072829240872,0.9984878655070564,0.0002048515688565,1,glioma,0.9984878655070564,919d6f0fb3ca462983d6df6ec06846e41abd9645
densenet121,A,2829,MR048297,patient_disjoint,1,1,glioma,0.0019300558950686,0.997773305027882,0.0002966390770491,1,glioma,0.997773305027882,919d6f0fb3ca462983d6df6ec06846e41abd9645
densenet121,A,2830,MR048297,patient_disjoint,1,1,glioma,0.0004963835839074,0.999343961318445,0.0001596550976474,1,glioma,0.999343961318445,919d6f0fb3ca462983d6df6ec06846e41abd9645
densenet121,A,2831,MR048294B,patient_disjoint,5,1,glioma,0.0028713043222045,0.995861726371442,0.0012669693063534,1,glioma,0.995861726371442,919d6f0fb3ca462983d6df6ec06846e41abd9645
densenet121,A,2832,MR048294B,patient_disjoint,5,1,glioma,0.0008518308772235,0.9986374868119572,0.0005106823108191,1,glioma,0.9986374868119572,919d6f0fb3ca462983d6df6ec06846e41abd9645
densenet121,A,2833,MR048294B,patient_disjoint,5,1,glioma,0.0007980315240437,0.9983384864367032,0.0008634820392531,1,glioma,0.9983384864367032,919d6f0fb3ca462983d6df6ec06846e41abd9645
densenet121,A,2834,MR048294B,patient_disjoint,5,1,glioma,0.0003766087012472,0.9984550211748178,0.0011683701239349,1,glioma,0.9984550211748178,919d6f0fb3ca462983d6df6ec06846e41abd9645
densenet121,A,2835,MR048294B,patient_disjoint,5,1,glioma,0.0004100618123233,0.9985991136362816,0.0009908245513949,1,glioma,0.9985991136362816,919d6f0fb3ca462983d6df6ec06846e41abd9645
densenet121,A,2836,MR048294B,patient_disjoint,5,1,glioma,0.0001400822185292,0.9995547027885529,0.000305214992918,1,glioma,0.9995547027885529,919d6f0fb3ca462983d6df6ec06846e41abd9645
densenet121,A,2837,MR048621B,patient_disjoint,5,1,glioma,0.0003145676287524,0.9996224514624368,6.298090881079153e-05,1,glioma,0.9996224514624368,919d6f0fb3ca462983d6df6ec06846e41abd9645
densenet121,A,2838,MR048621B,patient_disjoint,5,1,glioma,0.0001394556615058,0.9998416048861192,1.8939452374722503e-05,1,glioma,0.9998416048861192,919d6f0fb3ca462983d6df6ec06846e41abd9645
densenet121,A,2839,MR048621B,patient_disjoint,5,1,glioma,0.0001460969013917,0.9998154483746242,3.845472398399565e-05,1,glioma,0.9998154483746242,919d6f0fb3ca462983d6df6ec06846e41abd9645
densenet121,A,2840,MR048944,patient_disjoint,5,1,glioma,0.0001775113490263,0.9997714096838852,5.107896708852525e-05,1,glioma,0.9997714096838852,919d6f0fb3ca462983d6df6ec06846e41abd9645
densenet121,A,2841,MR048944,patient_disjoint,5,1,glioma,4.423536682364771e-05,0.9999282603208156,2.7504312360935108e-05,1,glioma,0.9999282603208156,919d6f0fb3ca462983d6df6ec06846e41abd9645
densenet121,A,2842,MR048944,patient_disjoint,5,1,glioma,1.1462470271813791e-05,0.9999781706503842,1.0366879343999506e-05,1,glioma,0.9999781706503842,919d6f0fb3ca462983d6df6ec06846e41abd9645
densenet121,A,2843,MR048944,patient_disjoint,5,1,glioma,0.0001220149169241,0.999831284059115,4.670102396079108e-05,1,glioma,0.999831284059115,919d6f0fb3ca462983d6df6ec06846e41abd9645
densenet121,A,2844,MR048944,patient_disjoint,5,1,glioma,4.986941917960243e-05,0.9999328403707076,1.72902101128341e-05,1,glioma,0.9999328403707076,919d6f0fb3ca462983d6df6ec06846e41abd9645
densenet121,A,2845,MR048944,patient_disjoint,5,1,glioma,4.567225282787018e-05,0.9999016811534136,5.264659375855455e-05,1,glioma,0.9999016811534136,919d6f0fb3ca462983d6df6ec06846e41abd9645
densenet121,A,2846,MR048994,patient_disjoint,2,1,glioma,0.0082492515072504,0.9912605012689228,0.0004902472238265,1,glioma,0.9912605012689228,919d6f0fb3ca462983d6df6ec06846e41abd9645
densenet121,A,2847,MR048994,patient_disjoint,2,1,glioma,0.0211619424160375,0.9779863874462892,0.0008516701376731,1,glioma,0.9779863874462892,919d6f0fb3ca462983d6df6ec06846e41abd9645
densenet121,A,2848,MR048994,patient_disjoint,2,1,glioma,0.0050428953394253,0.9945779794125889,0.0003791252479858,1,glioma,0.9945779794125889,919d6f0fb3ca462983d6df6ec06846e41abd9645
densenet121,A,2849,MR048994,patient_disjoint,2,1,glioma,0.0006594100027171,0.9992613423565492,7.924764073377993e-05,1,glioma,0.9992613423565492,919d6f0fb3ca462983d6df6ec06846e41abd9645
densenet121,A,2850,MR048994,patient_disjoint,2,1,glioma,0.0012108737434342,0.9987218833651492,6.724289141662535e-05,1,glioma,0.9987218833651492,919d6f0fb3ca462983d6df6ec06846e41abd9645
densenet121,A,2851,MR048994,patient_disjoint,2,1,glioma,0.0041105653241816,0.9957909353028462,9.849937297220864e-05,1,glioma,0.9957909353028462,919d6f0fb3ca462983d6df6ec06846e41abd9645
densenet121,A,2852,MR048994,patient_disjoint,2,1,glioma,0.0012016452641774,0.9987558990551492,4.2455680673248586e-05,1,glioma,0.9987558990551492,919d6f0fb3ca462983d6df6ec06846e41abd9645
densenet121,A,2853,MR048994,patient_disjoint,2,1,glioma,0.003398810044975,0.996519885193386,8.13047616391101e-05,1,glioma,0.996519885193386,919d6f0fb3ca462983d6df6ec06846e41abd9645
densenet121,A,2854,MR049104,patient_disjoint,1,1,glioma,0.0001779155043007,0.9985326073917944,0.0012894771039047,1,glioma,0.9985326073917944,919d6f0fb3ca462983d6df6ec06846e41abd9645
densenet121,A,2855,MR049104,patient_disjoint,1,1,glioma,0.0001182856608223,0.999530887187001,0.0003508271521765,1,glioma,0.999530887187001,919d6f0fb3ca462983d6df6ec06846e41abd9645
densenet121,A,2856,MR049104,patient_disjoint,1,1,glioma,0.0002767584940382,0.9992739155122436,0.0004493259937179,1,glioma,0.9992739155122436,919d6f0fb3ca462983d6df6ec06846e41abd9645
densenet121,A,2857,MR049104,patient_disjoint,1,1,glioma,0.0002036925797772,0.9996751702228394,0.0001211371973835,1,glioma,0.9996751702228394,919d6f0fb3ca462983d6df6ec06846e41abd9645
densenet121,A,2858,MR049142,patient_disjoint,5,1,glioma,0.020079837181493,0.9765452878811608,0.0033748749373461,1,glioma,0.9765452878811608,919d6f0fb3ca462983d6df6ec06846e41abd9645
densenet121,A,2859,MR049142,patient_disjoint,5,1,glioma,0.0065114133693592,0.993214746430674,0.0002738401999669,1,glioma,0.993214746430674,919d6f0fb3ca462983d6df6ec06846e41abd9645
densenet121,A,2860,MR049142,patient_disjoint,5,1,glioma,0.0017837198115033,0.997756897057414,0.0004593831310825,1,glioma,0.997756897057414,919d6f0fb3ca462983d6df6ec06846e41abd9645
densenet121,A,2861,MR048994B,patient_disjoint,4,1,glioma,0.0008687864791329,0.9989118398996786,0.0002193736211884,1,glioma,0.9989118398996786,919d6f0fb3ca462983d6df6ec06846e41abd9645
densenet121,A,2862,MR048994B,patient_disjoint,4,1,glioma,0.0052841997682107,0.9884743461727749,0.0062414540590142,1,glioma,0.9884743461727749,919d6f0fb3ca462983d6df6ec06846e41abd9645
densenet121,A,2863,MR048994B,patient_disjoint,4,1,glioma,0.0005699116610766,0.9992475217627496,0.0001825665761736,1,glioma,0.9992475217627496,919d6f0fb3ca462983d6df6ec06846e41abd9645
densenet121,A,2864,MR048994B,patient_disjoint,4,1,glioma,0.0004767772606174,0.9994345994604218,8.862327896069143e-05,1,glioma,0.9994345994604218,919d6f0fb3ca462983d6df6ec06846e41abd9645
densenet121,A,2865,MR048994B,patient_disjoint,4,1,glioma,0.0006602266818048,0.9992115342682908,0.0001282390499044,1,glioma,0.9992115342682908,919d6f0fb3ca462983d6df6ec06846e41abd9645
densenet121,A,2866,MR049358,patient_disjoint,3,1,glioma,0.0006613428198201,0.9991495109005004,0.0001891462796793,1,glioma,0.9991495109005004,919d6f0fb3ca462983d6df6ec06846e41abd9645
densenet121,A,2867,MR049358,patient_disjoint,3,1,glioma,0.0003836690414647,0.99919665128532,0.0004196796732153,1,glioma,0.99919665128532,919d6f0fb3ca462983d6df6ec06846e41abd9645
densenet121,A,2868,MR049358,patient_disjoint,3,1,glioma,0.0003599573088752,0.9992021100246942,0.0004379326664304,1,glioma,0.9992021100246942,919d6f0fb3ca462983d6df6ec06846e41abd9645
densenet121,A,2869,MR049358,patient_disjoint,3,1,glioma,0.000401724270593,0.9991158463852338,0.0004824293441731,1,glioma,0.9991158463852338,919d6f0fb3ca462983d6df6ec06846e41abd9645
densenet121,A,2870,MR049358,patient_disjoint,3,1,glioma,0.0002984282021494,0.9991916960867976,0.0005098757110528,1,glioma,0.9991916960867976,919d6f0fb3ca462983d6df6ec06846e41abd9645
densenet121,A,2871,MR049358,patient_disjoint,3,1,glioma,0.000201670676462,0.998871159645832,0.000927169677706,1,glioma,0.998871159645832,919d6f0fb3ca462983d6df6ec06846e41abd9645
densenet121,A,2872,MR049358,patient_disjoint,3,1,glioma,0.0003236586516442,0.999190239271047,0.0004861020773086,1,glioma,0.999190239271047,919d6f0fb3ca462983d6df6ec06846e41abd9645
densenet121,A,2873,MR049104B,patient_disjoint,3,1,glioma,0.0017498279883718,0.993479349597895,0.004770822413733,1,glioma,0.993479349597895,919d6f0fb3ca462983d6df6ec06846e41abd9645
densenet121,A,2874,MR049104B,patient_disjoint,3,1,glioma,0.0008900951785192,0.996174204003724,0.0029357008177566,1,glioma,0.996174204003724,919d6f0fb3ca462983d6df6ec06846e41abd9645
densenet121,A,2875,MR049104B,patient_disjoint,3,1,glioma,0.0009207658993608,0.9975903238696194,0.0014889102310198,1,glioma,0.9975903238696194,919d6f0fb3ca462983d6df6ec06846e41abd9645
densenet121,A,2876,MR049453,patient_disjoint,2,1,glioma,0.000992701256005,0.9965534103520552,0.0024538883919398,1,glioma,0.9965534103520552,919d6f0fb3ca462983d6df6ec06846e41abd9645
densenet121,A,2877,MR049453,patient_disjoint,2,1,glioma,0.0004502953525837,0.9984425194506708,0.0011071851967456,1,glioma,0.9984425194506708,919d6f0fb3ca462983d6df6ec06846e41abd9645
densenet121,A,2878,MR049453,patient_disjoint,2,1,glioma,0.0004627461422546,0.9983416536983388,0.0011956001594063,1,glioma,0.9983416536983388,919d6f0fb3ca462983d6df6ec06846e41abd9645
densenet121,A,2879,MR049453,patient_disjoint,2,1,glioma,0.0004478380986323,0.9986865660544568,0.000865595846911,1,glioma,0.9986865660544568,919d6f0fb3ca462983d6df6ec06846e41abd9645
densenet121,A,2880,MR049453,patient_disjoint,2,1,glioma,0.0003752732599314,0.999010240187643,0.0006144865524257,1,glioma,0.999010240187643,919d6f0fb3ca462983d6df6ec06846e41abd9645
densenet121,A,2881,MR049453,patient_disjoint,2,1,glioma,0.0008779162036008,0.99741405183081,0.001708031965589,1,glioma,0.99741405183081,919d6f0fb3ca462983d6df6ec06846e41abd9645
densenet121,A,2882,MR049453,patient_disjoint,2,1,glioma,0.0002324940165731,0.9994791740511726,0.0002883319322543,1,glioma,0.9994791740511726,919d6f0fb3ca462983d6df6ec06846e41abd9645
densenet121,A,2883,MR049453,patient_disjoint,2,1,glioma,0.0003535838711266,0.9992890497324464,0.0003573663964272,1,glioma,0.9992890497324464,919d6f0fb3ca462983d6df6ec06846e41abd9645
densenet121,A,2884,MR049453,patient_disjoint,2,1,glioma,0.0004703918182799,0.9993565500576568,0.0001730581240632,1,glioma,0.9993565500576568,919d6f0fb3ca462983d6df6ec06846e41abd9645
densenet121,A,2885,MR024780G,patient_disjoint,1,1,glioma,0.0001117290441465,0.9998245717698268,6.369918602675974e-05,1,glioma,0.9998245717698268,919d6f0fb3ca462983d6df6ec06846e41abd9645
densenet121,A,2886,MR024780G,patient_disjoint,1,1,glioma,0.0001769812926975,0.9997759138205576,4.710488674496348e-05,1,glioma,0.9997759138205576,919d6f0fb3ca462983d6df6ec06846e41abd9645
densenet121,A,2887,MR024780G,patient_disjoint,1,1,glioma,0.0003854025927377,0.9994098039522438,0.0002047934550185,1,glioma,0.9994098039522438,919d6f0fb3ca462983d6df6ec06846e41abd9645
densenet121,A,2888,MR024780G,patient_disjoint,1,1,glioma,0.0011611033383753,0.9987252869680026,0.000113609693622,1,glioma,0.9987252869680026,919d6f0fb3ca462983d6df6ec06846e41abd9645
densenet121,A,2889,MR024780G,patient_disjoint,1,1,glioma,0.0134871030276291,0.98532489618714,0.0011880007852309,1,glioma,0.98532489618714,919d6f0fb3ca462983d6df6ec06846e41abd9645
densenet121,A,2890,MR024780G,patient_disjoint,1,1,glioma,0.0225605349595323,0.9751035847592694,0.0023358802811983,1,glioma,0.9751035847592694,919d6f0fb3ca462983d6df6ec06846e41abd9645
densenet121,A,2891,MR050135B,patient_disjoint,2,1,glioma,0.000657172493869,0.9989148059301676,0.0004280215759632,1,glioma,0.9989148059301676,919d6f0fb3ca462983d6df6ec06846e41abd9645
densenet121,A,2892,MR050135B,patient_disjoint,2,1,glioma,0.0003137260996981,0.9993222961441852,0.0003639777561164,1,glioma,0.9993222961441852,919d6f0fb3ca462983d6df6ec06846e41abd9645
densenet121,A,2893,MR050135B,patient_disjoint,2,1,glioma,0.0002166631270638,0.9996075103849156,0.0001758264880205,1,glioma,0.9996075103849156,919d6f0fb3ca462983d6df6ec06846e41abd9645
densenet121,A,2894,MR050135B,patient_disjoint,2,1,glioma,0.0007608510089092,0.9990854349657322,0.0001537140253585,1,glioma,0.9990854349657322,919d6f0fb3ca462983d6df6ec06846e41abd9645
densenet121,A,2895,MR050135B,patient_disjoint,2,1,glioma,0.0003527642442304,0.9994706325081644,0.0001766032476053,1,glioma,0.9994706325081644,919d6f0fb3ca462983d6df6ec06846e41abd9645
densenet121,A,2896,MR050135B,patient_disjoint,2,1,glioma,0.0002119690401516,0.9993873267241145,0.0004007042357339,1,glioma,0.9993873267241145,919d6f0fb3ca462983d6df6ec06846e41abd9645
densenet121,A,2897,MR050135B,patient_disjoint,2,1,glioma,0.0011334542474699,0.9976748207226326,0.0011917250298975,1,glioma,0.9976748207226326,919d6f0fb3ca462983d6df6ec06846e41abd9645
densenet121,A,2898,MR050135B,patient_disjoint,2,1,glioma,0.0022235667225007,0.9965682205206828,0.0012082127568164,1,glioma,0.9965682205206828,919d6f0fb3ca462983d6df6ec06846e41abd9645
densenet121,A,2899,MR050135B,patient_disjoint,2,1,glioma,0.0010758390854784,0.9971596617358188,0.001764499178703,1,glioma,0.9971596617358188,919d6f0fb3ca462983d6df6ec06846e41abd9645
densenet121,A,2900,MR050687,patient_disjoint,1,1,glioma,0.0001834080250105,0.999800895426314,1.5696548675708122e-05,1,glioma,0.999800895426314,919d6f0fb3ca462983d6df6ec06846e41abd9645
densenet121,A,2901,MR050687,patient_disjoint,1,1,glioma,0.0002448590104967,0.9997250797573192,3.006123218413676e-05,1,glioma,0.9997250797573192,919d6f0fb3ca462983d6df6ec06846e41abd9645
densenet121,A,2902,MR050687,patient_disjoint,1,1,glioma,0.0002447385363103,0.9997200347244336,3.522673925614168e-05,1,glioma,0.9997200347244336,919d6f0fb3ca462983d6df6ec06846e41abd9645
densenet121,A,2903,MR050687,patient_disjoint,1,1,glioma,0.000138592912231,0.9998518875759947,9.519511774177756e-06,1,glioma,0.9998518875759947,919d6f0fb3ca462983d6df6ec06846e41abd9645
densenet121,A,2904,MR050687,patient_disjoint,1,1,glioma,0.0001098043739624,0.9998632849308844,2.6910695153181747e-05,1,glioma,0.9998632849308844,919d6f0fb3ca462983d6df6ec06846e41abd9645
densenet121,A,2905,MR050687,patient_disjoint,1,1,glioma,0.000440132970107,0.999460303116598,9.956391329494384e-05,1,glioma,0.999460303116598,919d6f0fb3ca462983d6df6ec06846e41abd9645
densenet121,A,2906,MR050791B,patient_disjoint,4,1,glioma,0.0309277492387182,0.96772678446961,0.0013454662916716,1,glioma,0.96772678446961,919d6f0fb3ca462983d6df6ec06846e41abd9645
densenet121,A,2907,MR050791B,patient_disjoint,4,1,glioma,0.0023574908589246,0.9973855944071838,0.0002569147338916,1,glioma,0.9973855944071838,919d6f0fb3ca462983d6df6ec06846e41abd9645
densenet121,A,2908,MR050791B,patient_disjoint,4,1,glioma,0.0010728628951423,0.9985911403703478,0.0003359967345098,1,glioma,0.9985911403703478,919d6f0fb3ca462983d6df6ec06846e41abd9645
densenet121,A,2909,MR050791B,patient_disjoint,4,1,glioma,0.0018537101145776,0.9980378604236751,0.0001084294617469,1,glioma,0.9980378604236751,919d6f0fb3ca462983d6df6ec06846e41abd9645
densenet121,A,2910,MR050791B,patient_disjoint,4,1,glioma,0.1463515846698646,0.8531550324024076,0.0004933829277278,1,glioma,0.8531550324024076,919d6f0fb3ca462983d6df6ec06846e41abd9645
densenet121,A,2911,MR050791B,patient_disjoint,4,1,glioma,0.1819535383253617,0.8171849351852821,0.0008615264893561,1,glioma,0.8171849351852821,919d6f0fb3ca462983d6df6ec06846e41abd9645
densenet121,A,2912,MR050791B,patient_disjoint,4,1,glioma,0.0114649175955923,0.9882533236036471,0.0002817588007603,1,glioma,0.9882533236036471,919d6f0fb3ca462983d6df6ec06846e41abd9645
densenet121,A,2913,MR050791B,patient_disjoint,4,1,glioma,0.0072435323683735,0.9920104781103386,0.0007459895212878,1,glioma,0.9920104781103386,919d6f0fb3ca462983d6df6ec06846e41abd9645
densenet121,A,2914,MR049019C,patient_disjoint,4,1,glioma,0.0012767888212555,0.9919537330889964,0.0067694780897481,1,glioma,0.9919537330889964,919d6f0fb3ca462983d6df6ec06846e41abd9645
densenet121,A,2915,MR049019C,patient_disjoint,4,1,glioma,0.0005302856157068,0.9976390181969068,0.0018306961873864,1,glioma,0.9976390181969068,919d6f0fb3ca462983d6df6ec06846e41abd9645
densenet121,A,2916,MR049019C,patient_disjoint,4,1,glioma,0.0004618752475807,0.9990171120556388,0.0005210126967804,1,glioma,0.9990171120556388,919d6f0fb3ca462983d6df6ec06846e41abd9645
densenet121,A,2917,MR049019C,patient_disjoint,4,1,glioma,0.0005803759839471,0.9956927584830612,0.0037268655329915,1,glioma,0.9956927584830612,919d6f0fb3ca462983d6df6ec06846e41abd9645
densenet121,A,2918,MR051461,patient_disjoint,2,1,glioma,0.000492507359671,0.9993683655116476,0.0001391271286813,1,glioma,0.9993683655116476,919d6f0fb3ca462983d6df6ec06846e41abd9645
densenet121,A,2919,MR051461,patient_disjoint,2,1,glioma,0.0002028379956658,0.9997275940383448,6.956796598942427e-05,1,glioma,0.9997275940383448,919d6f0fb3ca462983d6df6ec06846e41abd9645
densenet121,A,2920,MR051461,patient_disjoint,2,1,glioma,0.0019897628665756,0.9976311262648828,0.0003791108685415,1,glioma,0.9976311262648828,919d6f0fb3ca462983d6df6ec06846e41abd9645
densenet121,A,2921,MR051461,patient_disjoint,2,1,glioma,0.0014456657670527,0.998136550325886,0.0004177839070614,1,glioma,0.998136550325886,919d6f0fb3ca462983d6df6ec06846e41abd9645
densenet121,A,2922,MR051461,patient_disjoint,2,1,glioma,0.0012170550045147,0.9985534543666628,0.0002294906288224,1,glioma,0.9985534543666628,919d6f0fb3ca462983d6df6ec06846e41abd9645
densenet121,A,2923,MR051461,patient_disjoint,2,1,glioma,0.0008132397494634,0.9990794836418848,0.0001072766086516,1,glioma,0.9990794836418848,919d6f0fb3ca462983d6df6ec06846e41abd9645
densenet121,A,2924,MR051461,patient_disjoint,2,1,glioma,0.0009377577430079,0.9990147891322856,4.745312470623405e-05,1,glioma,0.9990147891322856,919d6f0fb3ca462983d6df6ec06846e41abd9645
densenet121,A,2925,MR051586,patient_disjoint,5,1,glioma,0.0005325420093584,0.999416221700022,5.123629061968659e-05,1,glioma,0.999416221700022,919d6f0fb3ca462983d6df6ec06846e41abd9645
densenet121,A,2926,MR051586,patient_disjoint,5,1,glioma,0.0019099886785253,0.997945100030048,0.0001449112914265,1,glioma,0.997945100030048,919d6f0fb3ca462983d6df6ec06846e41abd9645
densenet121,A,2927,MR051586,patient_disjoint,5,1,glioma,0.0156553688601014,0.9840660422514792,0.0002785888884192,1,glioma,0.9840660422514792,919d6f0fb3ca462983d6df6ec06846e41abd9645
densenet121,A,2928,MR051586,patient_disjoint,5,1,glioma,0.0158208516214044,0.9837187406730448,0.0004604077055509,1,glioma,0.9837187406730448,919d6f0fb3ca462983d6df6ec06846e41abd9645
densenet121,A,2929,MR051586,patient_disjoint,5,1,glioma,0.0049222043596549,0.9944243388717836,0.0006534567685616,1,glioma,0.9944243388717836,919d6f0fb3ca462983d6df6ec06846e41abd9645
densenet121,A,2930,MR051586,patient_disjoint,5,1,glioma,0.0014859621101348,0.9981869731896176,0.0003270647002475,1,glioma,0.9981869731896176,919d6f0fb3ca462983d6df6ec06846e41abd9645
densenet121,A,2931,MR051586,patient_disjoint,5,1,glioma,0.0003613001607697,0.9994332420311578,0.0002054578080723,1,glioma,0.9994332420311578,919d6f0fb3ca462983d6df6ec06846e41abd9645
densenet121,A,2932,MR051586,patient_disjoint,5,1,glioma,0.0001186081331912,0.9997132142305236,0.000168177636285,1,glioma,0.9997132142305236,919d6f0fb3ca462983d6df6ec06846e41abd9645
densenet121,A,2933,MR051586,patient_disjoint,5,1,glioma,9.828471327713444e-05,0.9996984514800792,0.0002032638066436,1,glioma,0.9996984514800792,919d6f0fb3ca462983d6df6ec06846e41abd9645
densenet121,A,2934,MR051644,patient_disjoint,4,1,glioma,0.0001181771076614,0.9998035554818138,7.826741052491962e-05,1,glioma,0.9998035554818138,919d6f0fb3ca462983d6df6ec06846e41abd9645
densenet121,A,2935,MR051644,patient_disjoint,4,1,glioma,0.0004194407183057,0.9993229648836488,0.0002575943980455,1,glioma,0.9993229648836488,919d6f0fb3ca462983d6df6ec06846e41abd9645
densenet121,A,2936,MR051644,patient_disjoint,4,1,glioma,0.0017841339965828,0.9979309996140724,0.0002848663893447,1,glioma,0.9979309996140724,919d6f0fb3ca462983d6df6ec06846e41abd9645
densenet121,A,2937,MR051644,patient_disjoint,4,1,glioma,0.0005894112572549,0.9990927107956108,0.0003178779471343,1,glioma,0.9990927107956108,919d6f0fb3ca462983d6df6ec06846e41abd9645
densenet121,A,2938,MR051644,patient_disjoint,4,1,glioma,0.0007590473406433,0.9991334828828282,0.0001074697765285,1,glioma,0.9991334828828282,919d6f0fb3ca462983d6df6ec06846e41abd9645
densenet121,A,2939,MR051644,patient_disjoint,4,1,glioma,0.0009606925529437,0.9988682162440246,0.0001710912030315,1,glioma,0.9988682162440246,919d6f0fb3ca462983d6df6ec06846e41abd9645
densenet121,A,2940,MR051644,patient_disjoint,4,1,glioma,0.0043769872430136,0.9954154417412336,0.0002075710157526,1,glioma,0.9954154417412336,919d6f0fb3ca462983d6df6ec06846e41abd9645
densenet121,A,2941,MR051644,patient_disjoint,4,1,glioma,0.000889006197657,0.9989834330405206,0.0001275607618221,1,glioma,0.9989834330405206,919d6f0fb3ca462983d6df6ec06846e41abd9645
densenet121,A,2942,MR051644,patient_disjoint,4,1,glioma,0.0008347362342595,0.9991014376516292,6.382611411119655e-05,1,glioma,0.9991014376516292,919d6f0fb3ca462983d6df6ec06846e41abd9645
densenet121,A,2943,MR051644,patient_disjoint,4,1,glioma,0.0003187413420839,0.9996023061793852,7.895247853104031e-05,1,glioma,0.9996023061793852,919d6f0fb3ca462983d6df6ec06846e41abd9645
densenet121,A,2944,MR051651,patient_disjoint,1,1,glioma,0.0003011100823604,0.9996890041335011,9.885784138406795e-06,1,glioma,0.9996890041335011,919d6f0fb3ca462983d6df6ec06846e41abd9645
densenet121,A,2945,MR051651,patient_disjoint,1,1,glioma,0.0005429401126423,0.9994255761004436,3.148378691398542e-05,1,glioma,0.9994255761004436,919d6f0fb3ca462983d6df6ec06846e41abd9645
densenet121,A,2946,MR051651,patient_disjoint,1,1,glioma,0.0002228275674034,0.999764001758054,1.317067454251354e-05,1,glioma,0.999764001758054,919d6f0fb3ca462983d6df6ec06846e41abd9645
densenet121,A,2947,MR051651,patient_disjoint,1,1,glioma,0.0004725935480569,0.999479783751572,4.762270037103823e-05,1,glioma,0.999479783751572,919d6f0fb3ca462983d6df6ec06846e41abd9645
densenet121,A,2948,MR051796,patient_disjoint,4,1,glioma,0.0005199323746087,0.9982552281008784,0.0012248395245127,1,glioma,0.9982552281008784,919d6f0fb3ca462983d6df6ec06846e41abd9645
densenet121,A,2949,MR051796,patient_disjoint,4,1,glioma,0.000168876895831,0.999133520598066,0.0006976025061028,1,glioma,0.999133520598066,919d6f0fb3ca462983d6df6ec06846e41abd9645
densenet121,A,2950,MR051796,patient_disjoint,4,1,glioma,0.0001467503676299,0.9993451427517188,0.0005081068806515,1,glioma,0.9993451427517188,919d6f0fb3ca462983d6df6ec06846e41abd9645
densenet121,A,2951,MR051796,patient_disjoint,4,1,glioma,0.0003890074249874,0.9985082694941166,0.0011027230808959,1,glioma,0.9985082694941166,919d6f0fb3ca462983d6df6ec06846e41abd9645
densenet121,A,2952,MR051796,patient_disjoint,4,1,glioma,0.0002384722876072,0.9990047444591466,0.0007567832532462,1,glioma,0.9990047444591466,919d6f0fb3ca462983d6df6ec06846e41abd9645
densenet121,A,2953,MR051796,patient_disjoint,4,1,glioma,0.0007687611331518,0.9971046484814752,0.0021265903853728,1,glioma,0.9971046484814752,919d6f0fb3ca462983d6df6ec06846e41abd9645
densenet121,A,2954,MR051796,patient_disjoint,4,1,glioma,0.0016416014632947,0.9962713254706826,0.0020870730660227,1,glioma,0.9962713254706826,919d6f0fb3ca462983d6df6ec06846e41abd9645
densenet121,A,2955,MR051651B,patient_disjoint,3,1,glioma,0.2529306646619161,0.6369638180905943,0.1101055172474894,1,glioma,0.6369638180905943,919d6f0fb3ca462983d6df6ec06846e41abd9645
densenet121,A,2956,MR051651B,patient_disjoint,3,1,glioma,0.0073584092609771,0.9920277447611774,0.0006138459778455,1,glioma,0.9920277447611774,919d6f0fb3ca462983d6df6ec06846e41abd9645
densenet121,A,2957,MR051651B,patient_disjoint,3,1,glioma,0.0004125780760351,0.9995430594164206,4.4362507544210374e-05,1,glioma,0.9995430594164206,919d6f0fb3ca462983d6df6ec06846e41abd9645
densenet121,A,2958,MR051651B,patient_disjoint,3,1,glioma,0.0005526327512643,0.99940586066243,4.150658630586769e-05,1,glioma,0.99940586066243,919d6f0fb3ca462983d6df6ec06846e41abd9645
densenet121,A,2959,MR051651B,patient_disjoint,3,1,glioma,0.0007146516281526,0.9992564487087991,2.88996630482612e-05,1,glioma,0.9992564487087991,919d6f0fb3ca462983d6df6ec06846e41abd9645
densenet121,A,2960,MR051651B,patient_disjoint,3,1,glioma,0.001222872918056,0.9987267509798916,5.037610205230766e-05,1,glioma,0.9987267509798916,919d6f0fb3ca462983d6df6ec06846e41abd9645
densenet121,A,2961,MR051644B,patient_disjoint,3,1,glioma,0.0001529409275812,0.9994222381442472,0.0004248209281713,1,glioma,0.9994222381442472,919d6f0fb3ca462983d6df6ec06846e41abd9645
densenet121,A,2962,MR051644B,patient_disjoint,3,1,glioma,0.000272369359301,0.9980601025761132,0.0016675280645856,1,glioma,0.9980601025761132,919d6f0fb3ca462983d6df6ec06846e41abd9645
densenet121,A,2963,MR051644B,patient_disjoint,3,1,glioma,0.0003640288358041,0.9946079990231153,0.0050279721410809,1,glioma,0.9946079990231153,919d6f0fb3ca462983d6df6ec06846e41abd9645
densenet121,A,2964,MR051644B,patient_disjoint,3,1,glioma,0.0004956755618087,0.9942221382191064,0.0052821862190846,1,glioma,0.9942221382191064,919d6f0fb3ca462983d6df6ec06846e41abd9645
densenet121,A,2965,MR051644B,patient_disjoint,3,1,glioma,0.0008211442525061,0.9919110718491688,0.0072677838983251,1,glioma,0.9919110718491688,919d6f0fb3ca462983d6df6ec06846e41abd9645
densenet121,A,2966,MR051644B,patient_disjoint,3,1,glioma,0.0002943686745147,0.998568487122027,0.0011371442034582,1,glioma,0.998568487122027,919d6f0fb3ca462983d6df6ec06846e41abd9645
densenet121,A,2967,MR051644B,patient_disjoint,3,1,glioma,0.0001651535137049,0.9991153430416764,0.0007195034446185,1,glioma,0.9991153430416764,919d6f0fb3ca462983d6df6ec06846e41abd9645
densenet121,A,2968,MR051644B,patient_disjoint,3,1,glioma,0.0002684006363992,0.9991688117537738,0.0005627876098267,1,glioma,0.9991688117537738,919d6f0fb3ca462983d6df6ec06846e41abd9645
densenet121,A,2969,MR051644B,patient_disjoint,3,1,glioma,0.0002093607747914,0.9995596597949676,0.0002309794302409,1,glioma,0.9995596597949676,919d6f0fb3ca462983d6df6ec06846e41abd9645
densenet121,A,2970,MR051796B,patient_disjoint,5,1,glioma,0.0010076181911206,0.9976853293627512,0.0013070524461281,1,glioma,0.9976853293627512,919d6f0fb3ca462983d6df6ec06846e41abd9645
densenet121,A,2971,MR051796B,patient_disjoint,5,1,glioma,0.0005916990919081,0.9989571647546552,0.0004511361534366,1,glioma,0.9989571647546552,919d6f0fb3ca462983d6df6ec06846e41abd9645
densenet121,A,2972,MR051796B,patient_disjoint,5,1,glioma,0.0007467372295642,0.998199130162555,0.0010541326078807,1,glioma,0.998199130162555,919d6f0fb3ca462983d6df6ec06846e41abd9645
densenet121,A,2973,MR051796B,patient_disjoint,5,1,glioma,0.0013582689852715,0.9953098426410456,0.0033318883736829,1,glioma,0.9953098426410456,919d6f0fb3ca462983d6df6ec06846e41abd9645
densenet121,A,2974,MR051796B,patient_disjoint,5,1,glioma,0.0022068217940114,0.992350872680984,0.0054423055250042,1,glioma,0.992350872680984,919d6f0fb3ca462983d6df6ec06846e41abd9645
densenet121,A,2975,MR052550,patient_disjoint,1,1,glioma,0.0002152139597043,0.9997387994998193,4.598654047649933e-05,1,glioma,0.9997387994998193,919d6f0fb3ca462983d6df6ec06846e41abd9645
densenet121,A,2976,MR052550,patient_disjoint,1,1,glioma,0.000161960223644,0.9998191751878228,1.8864588533207223e-05,1,glioma,0.9998191751878228,919d6f0fb3ca462983d6df6ec06846e41abd9645
densenet121,A,2977,MR052550,patient_disjoint,1,1,glioma,0.0002227176484088,0.9997580365380418,1.9245813549248567e-05,1,glioma,0.9997580365380418,919d6f0fb3ca462983d6df6ec06846e41abd9645
densenet121,A,2978,MR052550,patient_disjoint,1,1,glioma,0.000154706315696,0.9998167451654044,2.8548518899550917e-05,1,glioma,0.9998167451654044,919d6f0fb3ca462983d6df6ec06846e41abd9645
densenet121,A,2979,MR052550,patient_disjoint,1,1,glioma,0.0001110194151329,0.9998702449057568,1.873567911017443e-05,1,glioma,0.9998702449057568,919d6f0fb3ca462983d6df6ec06846e41abd9645
densenet121,A,2980,MR052550,patient_disjoint,1,1,glioma,0.0002374320047176,0.9997110222789112,5.154571637109541e-05,1,glioma,0.9997110222789112,919d6f0fb3ca462983d6df6ec06846e41abd9645
densenet121,A,2981,MR052550,patient_disjoint,1,1,glioma,0.0002353399993558,0.999668682303937,9.597769670703422e-05,1,glioma,0.999668682303937,919d6f0fb3ca462983d6df6ec06846e41abd9645
densenet121,A,2982,MR052550,patient_disjoint,1,1,glioma,0.0001987263813367,0.9997807746478884,2.049897077502213e-05,1,glioma,0.9997807746478884,919d6f0fb3ca462983d6df6ec06846e41abd9645
densenet121,A,2983,MR051644C,patient_disjoint,4,1,glioma,9.541662390544597e-05,0.999782069218929,0.0001225141571653,1,glioma,0.999782069218929,919d6f0fb3ca462983d6df6ec06846e41abd9645
densenet121,A,2984,MR051644C,patient_disjoint,4,1,glioma,9.292337623215726e-05,0.9994217231673784,0.0004853534563893,1,glioma,0.9994217231673784,919d6f0fb3ca462983d6df6ec06846e41abd9645
densenet121,A,2985,MR051644C,patient_disjoint,4,1,glioma,0.0002463512205188,0.9988738521544558,0.0008797966250253,1,glioma,0.9988738521544558,919d6f0fb3ca462983d6df6ec06846e41abd9645
densenet121,A,2986,MR051644C,patient_disjoint,4,1,glioma,0.0005718567639913,0.9973944893752518,0.0020336538607568,1,glioma,0.9973944893752518,919d6f0fb3ca462983d6df6ec06846e41abd9645
densenet121,A,2987,MR051644C,patient_disjoint,4,1,glioma,0.0003841735310347,0.9971931486833407,0.0024226777856242,1,glioma,0.9971931486833407,919d6f0fb3ca462983d6df6ec06846e41abd9645
densenet121,A,2988,MR051644C,patient_disjoint,4,1,glioma,0.0001966531197402,0.9990249717393916,0.000778375140868,1,glioma,0.9990249717393916,919d6f0fb3ca462983d6df6ec06846e41abd9645
densenet121,A,2989,MR051644C,patient_disjoint,4,1,glioma,0.0001057749619164,0.9996701009107136,0.0002241241273701,1,glioma,0.9996701009107136,919d6f0fb3ca462983d6df6ec06846e41abd9645
densenet121,A,2990,MR051644C,patient_disjoint,4,1,glioma,0.0003893896757163,0.9993109662007168,0.0002996441235668,1,glioma,0.9993109662007168,919d6f0fb3ca462983d6df6ec06846e41abd9645
densenet121,A,2991,MR051644C,patient_disjoint,4,1,glioma,0.000335672297932,0.9986323406669636,0.0010319870351042,1,glioma,0.9986323406669636,919d6f0fb3ca462983d6df6ec06846e41abd9645
densenet121,A,2992,MR051644C,patient_disjoint,4,1,glioma,0.0005178336020027,0.9992939113575738,0.0001882550404232,1,glioma,0.9992939113575738,919d6f0fb3ca462983d6df6ec06846e41abd9645
densenet121,A,2993,MR049942B,patient_disjoint,3,1,glioma,9.017076340039036e-05,0.9993248156720618,0.000585013564538,1,glioma,0.9993248156720618,919d6f0fb3ca462983d6df6ec06846e41abd9645
densenet121,A,2994,MR049942B,patient_disjoint,3,1,glioma,4.884870379879457e-05,0.9995608233349996,0.0003903279612018,1,glioma,0.9995608233349996,919d6f0fb3ca462983d6df6ec06846e41abd9645
densenet121,A,2995,MR049942B,patient_disjoint,3,1,glioma,0.0001394779514176,0.9990770152285708,0.0007835068200115,1,glioma,0.9990770152285708,919d6f0fb3ca462983d6df6ec06846e41abd9645
densenet121,A,2996,MR052585B,patient_disjoint,5,1,glioma,0.0011700149190986,0.9965035996364566,0.0023263854444447,1,glioma,0.9965035996364566,919d6f0fb3ca462983d6df6ec06846e41abd9645
densenet121,A,2997,MR052585B,patient_disjoint,5,1,glioma,0.0002738849036751,0.9992502750100096,0.0004758400863151,1,glioma,0.9992502750100096,919d6f0fb3ca462983d6df6ec06846e41abd9645
densenet121,A,2998,MR052585B,patient_disjoint,5,1,glioma,0.000173778899747,0.9996615097261224,0.0001647113741305,1,glioma,0.9996615097261224,919d6f0fb3ca462983d6df6ec06846e41abd9645
densenet121,A,2999,MR053110B,patient_disjoint,1,1,glioma,0.0002891671123314,0.99961015573721,0.0001006771504583,1,glioma,0.99961015573721,919d6f0fb3ca462983d6df6ec06846e41abd9645
densenet121,A,3000,MR053110B,patient_disjoint,1,1,glioma,0.000388475024126,0.9993398567132568,0.0002716682626171,1,glioma,0.9993398567132568,919d6f0fb3ca462983d6df6ec06846e41abd9645
densenet121,A,3001,MR053110B,patient_disjoint,1,1,glioma,0.0002649654929557,0.999594707337153,0.0001403271698913,1,glioma,0.999594707337153,919d6f0fb3ca462983d6df6ec06846e41abd9645
densenet121,A,3002,MR053110B,patient_disjoint,1,1,glioma,0.000524036699982,0.9993288798629432,0.0001470834370747,1,glioma,0.9993288798629432,919d6f0fb3ca462983d6df6ec06846e41abd9645
densenet121,A,3003,MR053110B,patient_disjoint,1,1,glioma,0.0019435076602742,0.9974162578678868,0.000640234471839,1,glioma,0.9974162578678868,919d6f0fb3ca462983d6df6ec06846e41abd9645
densenet121,A,3004,MR053110B,patient_disjoint,1,1,glioma,0.0026310314316647,0.997014746620121,0.0003542219482141,1,glioma,0.997014746620121,919d6f0fb3ca462983d6df6ec06846e41abd9645
densenet121,A,3005,MR034694,patient_disjoint,2,1,glioma,0.001118818992948,0.9859756533904463,0.0129055276166056,1,glioma,0.9859756533904463,919d6f0fb3ca462983d6df6ec06846e41abd9645
densenet121,A,3006,MR034694,patient_disjoint,2,1,glioma,0.0017217748242371,0.9764932193334644,0.0217850058422985,1,glioma,0.9764932193334644,919d6f0fb3ca462983d6df6ec06846e41abd9645
densenet121,A,3007,MR034694,patient_disjoint,2,1,glioma,0.0003233015093269,0.998669191245536,0.0010075072451372,1,glioma,0.998669191245536,919d6f0fb3ca462983d6df6ec06846e41abd9645
densenet121,A,3008,MR034694,patient_disjoint,2,1,glioma,0.0011405789409847,0.9956049687587868,0.0032544523002283,1,glioma,0.9956049687587868,919d6f0fb3ca462983d6df6ec06846e41abd9645
densenet121,A,3009,MR054875,patient_disjoint,1,1,glioma,0.0010583170608393,0.9680303658243298,0.0309113171148309,1,glioma,0.9680303658243298,919d6f0fb3ca462983d6df6ec06846e41abd9645
densenet121,A,3010,MR054875,patient_disjoint,1,1,glioma,0.0027122996057326,0.9063125022092442,0.0909751981850232,1,glioma,0.9063125022092442,919d6f0fb3ca462983d6df6ec06846e41abd9645
densenet121,A,3011,MR054875,patient_disjoint,1,1,glioma,0.0003602321537307,0.9982268821270692,0.0014128857192001,1,glioma,0.9982268821270692,919d6f0fb3ca462983d6df6ec06846e41abd9645
densenet121,A,3012,MR054875,patient_disjoint,1,1,glioma,0.0007566950778019,0.9977872559919088,0.0014560489302892,1,glioma,0.9977872559919088,919d6f0fb3ca462983d6df6ec06846e41abd9645
densenet121,A,3013,MR054875,patient_disjoint,1,1,glioma,0.0030958395948154,0.9943673080587802,0.0025368523464045,1,glioma,0.9943673080587802,919d6f0fb3ca462983d6df6ec06846e41abd9645
densenet121,A,3014,MR050687C,patient_disjoint,5,1,glioma,0.0004320155485229,0.9995300638464736,3.7920605003459755e-05,1,glioma,0.9995300638464736,919d6f0fb3ca462983d6df6ec06846e41abd9645
densenet121,A,3015,MR050687C,patient_disjoint,5,1,glioma,0.000678659720328,0.9990890809687218,0.0002322593109501,1,glioma,0.9990890809687218,919d6f0fb3ca462983d6df6ec06846e41abd9645
densenet121,A,3016,MR050687C,patient_disjoint,5,1,glioma,0.0011001486051832,0.997701873169033,0.0011979782257836,1,glioma,0.997701873169033,919d6f0fb3ca462983d6df6ec06846e41abd9645
densenet121,A,3017,MR050687C,patient_disjoint,5,1,glioma,0.0020711464894036,0.996151682457831,0.0017771710527653,1,glioma,0.996151682457831,919d6f0fb3ca462983d6df6ec06846e41abd9645
densenet121,A,3018,MR050687C,patient_disjoint,5,1,glioma,0.0011910278704888,0.9984833187431084,0.0003256533864028,1,glioma,0.9984833187431084,919d6f0fb3ca462983d6df6ec06846e41abd9645
densenet121,A,3019,MR050687C,patient_disjoint,5,1,glioma,0.0002539117368916,0.9995812643295248,0.0001648239335836,1,glioma,0.9995812643295248,919d6f0fb3ca462983d6df6ec06846e41abd9645
densenet121,A,3020,MR056144,patient_disjoint,5,1,glioma,0.0046749039763309,0.9592566628218306,0.0360684332018382,1,glioma,0.9592566628218306,919d6f0fb3ca462983d6df6ec06846e41abd9645
densenet121,A,3021,MR056144,patient_disjoint,5,1,glioma,0.0058622151500404,0.9873273896318516,0.0068103952181079,1,glioma,0.9873273896318516,919d6f0fb3ca462983d6df6ec06846e41abd9645
densenet121,A,3022,MR034997,patient_disjoint,3,1,glioma,0.0004325094141881,0.9994874195459128,8.007103989917542e-05,1,glioma,0.9994874195459128,919d6f0fb3ca462983d6df6ec06846e41abd9645
densenet121,A,3023,MR034997,patient_disjoint,3,1,glioma,0.0003134444349508,0.9995023495957652,0.0001842059692836,1,glioma,0.9995023495957652,919d6f0fb3ca462983d6df6ec06846e41abd9645
densenet121,A,3024,MR034997,patient_disjoint,3,1,glioma,0.0007082837690737,0.9988972246585048,0.0003944915724216,1,glioma,0.9988972246585048,919d6f0fb3ca462983d6df6ec06846e41abd9645
densenet121,A,3025,MR034997,patient_disjoint,3,1,glioma,0.0001224655624482,0.999741551815972,0.0001359826215796,1,glioma,0.999741551815972,919d6f0fb3ca462983d6df6ec06846e41abd9645
densenet121,A,3026,MR034997,patient_disjoint,3,1,glioma,0.0001190679071141,0.9998153325261754,6.559956671051374e-05,1,glioma,0.9998153325261754,919d6f0fb3ca462983d6df6ec06846e41abd9645
densenet121,A,3027,MR034997,patient_disjoint,3,1,glioma,0.0002553388159248,0.9997179637776732,2.6697406401792707e-05,1,glioma,0.9997179637776732,919d6f0fb3ca462983d6df6ec06846e41abd9645
densenet121,A,3028,MR034997,patient_disjoint,3,1,glioma,6.787403828292912e-05,0.999837223049174,9.49029125431982e-05,1,glioma,0.999837223049174,919d6f0fb3ca462983d6df6ec06846e41abd9645
densenet121,A,3029,MR029209E,patient_disjoint,5,1,glioma,0.0007967191795951,0.9991536618069022,4.961901350252151e-05,1,glioma,0.9991536618069022,919d6f0fb3ca462983d6df6ec06846e41abd9645
densenet121,A,3030,53669,patient_disjoint,5,0,meningioma,0.9998004925001476,2.3679935930682305e-05,0.0001758275639218,0,meningioma,0.9998004925001476,919d6f0fb3ca462983d6df6ec06846e41abd9645
densenet121,A,3031,MR033389B,patient_disjoint,4,1,glioma,0.0071872306341199,0.990319573934858,0.0024931954310222,1,glioma,0.990319573934858,919d6f0fb3ca462983d6df6ec06846e41abd9645
densenet121,A,3032,MR033389B,patient_disjoint,4,1,glioma,0.0052223421972621,0.9921701332472864,0.0026075245554514,1,glioma,0.9921701332472864,919d6f0fb3ca462983d6df6ec06846e41abd9645
densenet121,A,3033,MR033389B,patient_disjoint,4,1,glioma,0.0065289045439464,0.9889304052038896,0.0045406902521638,1,glioma,0.9889304052038896,919d6f0fb3ca462983d6df6ec06846e41abd9645
densenet121,A,3034,MR033389B,patient_disjoint,4,1,glioma,0.0003076854912187,0.9982134862377444,0.0014788282710367,1,glioma,0.9982134862377444,919d6f0fb3ca462983d6df6ec06846e41abd9645
densenet121,A,3035,MR033389B,patient_disjoint,4,1,glioma,0.0005504741562714,0.9682670121819678,0.0311825136617608,1,glioma,0.9682670121819678,919d6f0fb3ca462983d6df6ec06846e41abd9645
densenet121,A,3036,MR033389B,patient_disjoint,4,1,glioma,0.0004320122620023,0.9960020027544692,0.0035659849835284,1,glioma,0.9960020027544692,919d6f0fb3ca462983d6df6ec06846e41abd9645
densenet121,A,3037,MR033389B,patient_disjoint,4,1,glioma,0.0002858189121135,0.9940196556157704,0.0056945254721158,1,glioma,0.9940196556157704,919d6f0fb3ca462983d6df6ec06846e41abd9645
densenet121,A,3038,MR033389B,patient_disjoint,4,1,glioma,0.0010560120574064,0.9953652606763432,0.0035787272662502,1,glioma,0.9953652606763432,919d6f0fb3ca462983d6df6ec06846e41abd9645
densenet121,A,3039,MR024780E,patient_disjoint,4,1,glioma,0.0010070203820903,0.9980097909494956,0.0009831886684142,1,glioma,0.9980097909494956,919d6f0fb3ca462983d6df6ec06846e41abd9645
densenet121,A,3040,MR024780E,patient_disjoint,4,1,glioma,0.0004769945056769,0.999153633891137,0.000369371603186,1,glioma,0.999153633891137,919d6f0fb3ca462983d6df6ec06846e41abd9645
densenet121,A,3041,MR024780E,patient_disjoint,4,1,glioma,0.0002802916952212,0.9995906228921828,0.000129085412596,1,glioma,0.9995906228921828,919d6f0fb3ca462983d6df6ec06846e41abd9645
densenet121,A,3042,MR040240C,patient_disjoint,2,1,glioma,0.0013072654396808,0.9978778858700026,0.0008148486903165,1,glioma,0.9978778858700026,919d6f0fb3ca462983d6df6ec06846e41abd9645
densenet121,A,3043,MR040240C,patient_disjoint,2,1,glioma,0.0003862028727644,0.9994158443854396,0.0001979527417957,1,glioma,0.9994158443854396,919d6f0fb3ca462983d6df6ec06846e41abd9645
densenet121,A,3044,MR040240C,patient_disjoint,2,1,glioma,0.0004967086804138,0.9994496543868804,5.363693270574215e-05,1,glioma,0.9994496543868804,919d6f0fb3ca462983d6df6ec06846e41abd9645
densenet121,A,3045,MR040240C,patient_disjoint,2,1,glioma,0.0010676447033885,0.9988117403935032,0.0001206149031083,1,glioma,0.9988117403935032,919d6f0fb3ca462983d6df6ec06846e41abd9645
densenet121,A,3046,MR040240C,patient_disjoint,2,1,glioma,0.0034856930139825,0.9963955180889216,0.0001187888970959,1,glioma,0.9963955180889216,919d6f0fb3ca462983d6df6ec06846e41abd9645
densenet121,A,3047,MR040240D,patient_disjoint,4,1,glioma,0.0003967113560174,0.9984736302774376,0.0011296583665449,1,glioma,0.9984736302774376,919d6f0fb3ca462983d6df6ec06846e41abd9645
densenet121,A,3048,MR040240D,patient_disjoint,4,1,glioma,0.0005686445449033,0.9984443091081484,0.000987046346948,1,glioma,0.9984443091081484,919d6f0fb3ca462983d6df6ec06846e41abd9645
densenet121,A,3049,MR017260F,patient_disjoint,2,1,glioma,0.0014152352502631,0.998475510217244,0.0001092545324925,1,glioma,0.998475510217244,919d6f0fb3ca462983d6df6ec06846e41abd9645
densenet121,A,3050,MR017260F,patient_disjoint,2,1,glioma,0.0050668067309232,0.994448448288886,0.0004847449801908,1,glioma,0.994448448288886,919d6f0fb3ca462983d6df6ec06846e41abd9645
densenet121,A,3051,MR017260F,patient_disjoint,2,1,glioma,0.0002931612228717,0.9996690761379986,3.776263912957832e-05,1,glioma,0.9996690761379986,919d6f0fb3ca462983d6df6ec06846e41abd9645
densenet121,A,3052,MR017260F,patient_disjoint,2,1,glioma,0.0023515531198847,0.9975412698633976,0.0001071770167178,1,glioma,0.9975412698633976,919d6f0fb3ca462983d6df6ec06846e41abd9645
densenet121,A,3053,MR017260F,patient_disjoint,2,1,glioma,0.0004069503439383,0.9995519273897008,4.1122266360677144e-05,1,glioma,0.9995519273897008,919d6f0fb3ca462983d6df6ec06846e41abd9645
densenet121,A,3054,MR017260F,patient_disjoint,2,1,glioma,0.0001921484858041,0.9997654574379004,4.239407629543779e-05,1,glioma,0.9997654574379004,919d6f0fb3ca462983d6df6ec06846e41abd9645
densenet121,A,3055,MR017260F,patient_disjoint,2,1,glioma,0.0003272905949743,0.9995853818372624,8.732756776309615e-05,1,glioma,0.9995853818372624,919d6f0fb3ca462983d6df6ec06846e41abd9645
densenet121,A,3056,MR029209I,patient_disjoint,4,1,glioma,0.0005469000916857,0.999279397456552,0.0001737024517619,1,glioma,0.999279397456552,919d6f0fb3ca462983d6df6ec06846e41abd9645
densenet121,A,3057,MR029209I,patient_disjoint,4,1,glioma,0.0001988490505959,0.9995753834292618,0.0002257675201421,1,glioma,0.9995753834292618,919d6f0fb3ca462983d6df6ec06846e41abd9645
densenet121,A,3058,MR029209I,patient_disjoint,4,1,glioma,0.0001613431156368,0.9996032669126826,0.0002353899716802,1,glioma,0.9996032669126826,919d6f0fb3ca462983d6df6ec06846e41abd9645
densenet121,A,3059,MR029209I,patient_disjoint,4,1,glioma,0.0002167180762194,0.99955522472131,0.0002280572024707,1,glioma,0.99955522472131,919d6f0fb3ca462983d6df6ec06846e41abd9645
densenet121,A,3060,MR029209I,patient_disjoint,4,1,glioma,0.0001024375670392,0.9997049582594594,0.0001926041735014,1,glioma,0.9997049582594594,919d6f0fb3ca462983d6df6ec06846e41abd9645
densenet121,A,3061,MR029209I,patient_disjoint,4,1,glioma,0.0001515279038442,0.9997915545850754,5.6917511080487654e-05,1,glioma,0.9997915545850754,919d6f0fb3ca462983d6df6ec06846e41abd9645
densenet121,A,3062,MR029209I,patient_disjoint,4,1,glioma,0.0003109010759413,0.9994579409353658,0.0002311579886927,1,glioma,0.9994579409353658,919d6f0fb3ca462983d6df6ec06846e41abd9645
densenet121,A,3063,95969,patient_disjoint,2,0,meningioma,0.4273797142228405,0.5690489082446093,0.0035713775325501,1,glioma,0.5690489082446093,919d6f0fb3ca462983d6df6ec06846e41abd9645
densenet121,A,3064,88510,patient_disjoint,1,0,meningioma,0.9957480391792098,0.0036660361954879,0.0005859246253022,0,meningioma,0.9957480391792098,919d6f0fb3ca462983d6df6ec06846e41abd9645
