model,arm,image_id,patient_id,protocol,test_fold,true_class,true_class_name,prob_0,prob_1,prob_2,pred_class,pred_class_name,confidence,experiment_input_commit
densenet121,B,1,100360,image_level_seed11,3,0,meningioma,0.9966507079933584,0.0030899996695884,0.0002592923370532,0,meningioma,0.9966507079933584,919d6f0fb3ca462983d6df6ec06846e41abd9645
densenet121,B,2,100360,image_level_seed11,2,0,meningioma,0.9847433409331696,0.014290524693437,0.0009661343733935,0,meningioma,0.9847433409331696,919d6f0fb3ca462983d6df6ec06846e41abd9645
densenet121,B,3,100360,image_level_seed11,2,0,meningioma,0.9978464942987644,0.0019586122375452,0.0001948934636903,0,meningioma,0.9978464942987644,919d6f0fb3ca462983d6df6ec06846e41abd9645
densenet121,B,4,100360,image_level_seed11,4,0,meningioma,0.9853171056088068,0.0137616722015956,0.0009212221895973,0,meningioma,0.9853171056088068,919d6f0fb3ca462983d6df6ec06846e41abd9645
densenet121,B,5,100360,image_level_seed11,2,0,meningioma,0.7404683397259251,0.2587601697461666,0.0007714905279082,0,meningioma,0.7404683397259251,919d6f0fb3ca462983d6df6ec06846e41abd9645
densenet121,B,6,100572,image_level_seed11,4,0,meningioma,0.578039268524345,0.0126594971706684,0.4093012343049865,0,meningioma,0.578039268524345,919d6f0fb3ca462983d6df6ec06846e41abd9645
densenet121,B,7,100572,image_level_seed11,2,0,meningioma,0.9950938965823948,0.0004124156711179,0.0044936877464873,0,meningioma,0.9950938965823948,919d6f0fb3ca462983d6df6ec06846e41abd9645
densenet121,B,8,100572,image_level_seed11,3,0,meningioma,0.9674012376891724,0.0005755947528127,0.0320231675580148,0,meningioma,0.9674012376891724,919d6f0fb3ca462983d6df6ec06846e41abd9645
densenet121,B,9,101016,image_level_seed11,1,0,meningioma,0.1215342004234854,0.8656222609023887,0.0128435386741258,1,glioma,0.8656222609023887,919d6f0fb3ca462983d6df6ec06846e41abd9645
densenet121,B,10,101016,image_level_seed11,3,0,meningioma,0.9995251334735,0.0003117379527757,0.000163128573724,0,meningioma,0.9995251334735,919d6f0fb3ca462983d6df6ec06846e41abd9645
densenet121,B,11,101016,image_level_seed11,5,0,meningioma,0.9998683917437204,0.0001085419448539,2.306631142587579e-05,0,meningioma,0.9998683917437204,919d6f0fb3ca462983d6df6ec06846e41abd9645
densenet121,B,12,101016,image_level_seed11,1,0,meningioma,0.9998866977499892,0.0001026371856479,1.066506436255724e-05,0,meningioma,0.9998866977499892,919d6f0fb3ca462983d6df6ec06846e41abd9645
densenet121,B,13,101016,image_level_seed11,1,0,meningioma,0.9992931163221916,0.0006225134505359,8.437022727257521e-05,0,meningioma,0.9992931163221916,919d6f0fb3ca462983d6df6ec06846e41abd9645
densenet121,B,14,101016,image_level_seed11,1,0,meningioma,0.999841633242534,0.000126404074372,3.196268309397395e-05,0,meningioma,0.999841633242534,919d6f0fb3ca462983d6df6ec06846e41abd9645
densenet121,B,15,101016,image_level_seed11,5,0,meningioma,0.9993790651925086,0.0005333611449875,8.757366250370748e-05,0,meningioma,0.9993790651925086,919d6f0fb3ca462983d6df6ec06846e41abd9645
densenet121,B,16,101127,image_level_seed11,2,0,meningioma,0.0776136974265092,0.0078098441167311,0.9145764584567596,2,pituitary,0.9145764584567596,919d6f0fb3ca462983d6df6ec06846e41abd9645
densenet121,B,17,101127,image_level_seed11,4,0,meningioma,0.9978339964009798,0.0017969746133964,0.0003690289856236,0,meningioma,0.9978339964009798,919d6f0fb3ca462983d6df6ec06846e41abd9645
densenet121,B,18,101127,image_level_seed11,2,0,meningioma,0.9997488479826204,0.0002375144516287,1.363756575075919e-05,0,meningioma,0.9997488479826204,919d6f0fb3ca462983d6df6ec06846e41abd9645
densenet121,B,19,101127,image_level_seed11,1,0,meningioma,0.3330860242852941,0.5786032041103595,0.0883107716043464,1,glioma,0.5786032041103595,919d6f0fb3ca462983d6df6ec06846e41abd9645
densenet121,B,20,101797,image_level_seed11,2,0,meningioma,0.9969704285151562,0.0029763514667432,5.322001810061252e-05,0,meningioma,0.9969704285151562,919d6f0fb3ca462983d6df6ec06846e41abd9645
densenet121,B,21,101797,image_level_seed11,4,0,meningioma,0.9977783982251184,0.0022016414041356,1.996037074587066e-05,0,meningioma,0.9977783982251184,919d6f0fb3ca462983d6df6ec06846e41abd9645
densenet121,B,22,101797,image_level_seed11,4,0,meningioma,0.9917318820186868,0.0081908459178739,7.727206343925262e-05,0,meningioma,0.9917318820186868,919d6f0fb3ca462983d6df6ec06846e41abd9645
densenet121,B,23,101797,image_level_seed11,2,0,meningioma,0.9997987896607364,0.000173229755755,2.7980583508458928e-05,0,meningioma,0.9997987896607364,919d6f0fb3ca462983d6df6ec06846e41abd9645
densenet121,B,24,102420,image_level_seed11,2,0,meningioma,0.9979199938903028,0.0016093387217848,0.0004706673879124,0,meningioma,0.9979199938903028,919d6f0fb3ca462983d6df6ec06846e41abd9645
densenet121,B,25,102420,image_level_seed11,5,0,meningioma,0.9950662793902554,0.0003422952535288,0.0045914253562159,0,meningioma,0.9950662793902554,919d6f0fb3ca462983d6df6ec06846e41abd9645
densenet121,B,26,102446,image_level_seed11,5,0,meningioma,0.9357902356611074,0.0638730376038599,0.0003367267350326,0,meningioma,0.9357902356611074,919d6f0fb3ca462983d6df6ec06846e41abd9645
densenet121,B,27,102675,image_level_seed11,2,0,meningioma,0.999896442289874,5.746539511011189e-05,4.609231501587903e-05,0,meningioma,0.999896442289874,919d6f0fb3ca462983d6df6ec06846e41abd9645
densenet121,B,28,102714,image_level_seed11,4,0,meningioma,0.9977388729455988,0.0004843917096061,0.0017767353447949,0,meningioma,0.9977388729455988,919d6f0fb3ca462983d6df6ec06846e41abd9645
densenet121,B,29,102714,image_level_seed11,2,0,meningioma,0.9986226075477788,3.7562299842825174e-05,0.0013398301523783,0,meningioma,0.9986226075477788,919d6f0fb3ca462983d6df6ec06846e41abd9645
densenet121,B,30,102714,image_level_seed11,3,0,meningioma,0.9997864265295768,2.5600593496705325e-05,0.0001879728769264,0,meningioma,0.9997864265295768,919d6f0fb3ca462983d6df6ec06846e41abd9645
densenet121,B,31,102714,image_level_seed11,3,0,meningioma,0.997416302125423,0.0001534038867145,0.0024302939878626,0,meningioma,0.997416302125423,919d6f0fb3ca462983d6df6ec06846e41abd9645
densenet121,B,32,102929,image_level_seed11,1,0,meningioma,0.9987058546797316,0.0002576117852122,0.001036533535056,0,meningioma,0.9987058546797316,919d6f0fb3ca462983d6df6ec06846e41abd9645
densenet121,B,33,102929,image_level_seed11,2,0,meningioma,0.6515856416998084,0.3463860242054999,0.0020283340946917,0,meningioma,0.6515856416998084,919d6f0fb3ca462983d6df6ec06846e41abd9645
densenet121,B,34,102935,image_level_seed11,5,0,meningioma,0.8609440398826363,0.1250261965897368,0.0140297635276267,0,meningioma,0.8609440398826363,919d6f0fb3ca462983d6df6ec06846e41abd9645
densenet121,B,35,102985,image_level_seed11,3,0,meningioma,0.9982446428014085,0.0016625057705662,9.285142802537164e-05,0,meningioma,0.9982446428014085,919d6f0fb3ca462983d6df6ec06846e41abd9645
densenet121,B,36,103673,image_level_seed11,1,0,meningioma,0.0003970254568647,0.0001250641569961,0.9994779103861392,2,pituitary,0.9994779103861392,919d6f0fb3ca462983d6df6ec06846e41abd9645
densenet121,B,37,103673,image_level_seed11,1,0,meningioma,0.0683496752450968,0.0003437487546,0.9313065760003032,2,pituitary,0.9313065760003032,919d6f0fb3ca462983d6df6ec06846e41abd9645
densenet121,B,38,103673,image_level_seed11,4,0,meningioma,0.9866519793953464,0.00070704237193,0.0126409782327235,0,meningioma,0.9866519793953464,919d6f0fb3ca462983d6df6ec06846e41abd9645
densenet121,B,39,103673,image_level_seed11,1,0,meningioma,0.9866547246700418,0.0002819187799783,0.01306335654998,0,meningioma,0.9866547246700418,919d6f0fb3ca462983d6df6ec06846e41abd9645
densenet121,B,40,103673,image_level_seed11,2,0,meningioma,0.9968551825227018,0.0005143642263026,0.0026304532509955,0,meningioma,0.9968551825227018,919d6f0fb3ca462983d6df6ec06846e41abd9645
densenet121,B,41,103673,image_level_seed11,5,0,meningioma,0.3395723347878506,0.0051451293923795,0.6552825358197698,2,pituitary,0.6552825358197698,919d6f0fb3ca462983d6df6ec06846e41abd9645
densenet121,B,42,103925,image_level_seed11,5,0,meningioma,0.6560983142255032,0.0461189043002022,0.2977827814742943,0,meningioma,0.6560983142255032,919d6f0fb3ca462983d6df6ec06846e41abd9645
densenet121,B,43,103925,image_level_seed11,2,0,meningioma,0.8692442610646606,0.0003079865825401,0.1304477523527993,0,meningioma,0.8692442610646606,919d6f0fb3ca462983d6df6ec06846e41abd9645
densenet121,B,44,103925,image_level_seed11,5,0,meningioma,0.0471324552907029,0.0024470935089195,0.9504204512003774,2,pituitary,0.9504204512003774,919d6f0fb3ca462983d6df6ec06846e41abd9645
densenet121,B,45,104167,image_level_seed11,2,0,meningioma,0.9997019735014934,0.0002829761488636,1.5050349642863224e-05,0,meningioma,0.9997019735014934,919d6f0fb3ca462983d6df6ec06846e41abd9645
densenet121,B,46,104167,image_level_seed11,2,0,meningioma,0.9994441828126032,0.0001888238845391,0.0003669933028575,0,meningioma,0.9994441828126032,919d6f0fb3ca462983d6df6ec06846e41abd9645
densenet121,B,47,104167,image_level_seed11,1,0,meningioma,0.9996063990544324,0.0001780216244197,0.000215579321148,0,meningioma,0.9996063990544324,919d6f0fb3ca462983d6df6ec06846e41abd9645
densenet121,B,48,104167,image_level_seed11,4,0,meningioma,0.999889883768324,1.1550811812725865e-05,9.856541986335071e-05,0,meningioma,0.999889883768324,919d6f0fb3ca462983d6df6ec06846e41abd9645
densenet121,B,49,104281,image_level_seed11,3,0,meningioma,0.999081262411089,0.000758874854315,0.000159862734596,0,meningioma,0.999081262411089,919d6f0fb3ca462983d6df6ec06846e41abd9645
densenet121,B,50,104281,image_level_seed11,2,0,meningioma,0.9990304055715696,0.0009363956988916,3.319872953882572e-05,0,meningioma,0.9990304055715696,919d6f0fb3ca462983d6df6ec06846e41abd9645
densenet121,B,51,104281,image_level_seed11,4,0,meningioma,0.9999412699126524,4.982505857273623e-05,8.905028774862366e-06,0,meningioma,0.9999412699126524,919d6f0fb3ca462983d6df6ec06846e41abd9645
densenet121,B,52,104281,image_level_seed11,4,0,meningioma,0.9995509029868984,0.0002973312680289,0.0001517657450725,0,meningioma,0.9995509029868984,919d6f0fb3ca462983d6df6ec06846e41abd9645
densenet121,B,53,104281,image_level_seed11,5,0,meningioma,0.9939075605086862,0.0055845484561188,0.0005078910351948,0,meningioma,0.9939075605086862,919d6f0fb3ca462983d6df6ec06846e41abd9645
densenet121,B,54,104281,image_level_seed11,3,0,meningioma,0.9991174997961764,0.0006820845731185,0.0002004156307051,0,meningioma,0.9991174997961764,919d6f0fb3ca462983d6df6ec06846e41abd9645
densenet121,B,55,104281,image_level_seed11,5,0,meningioma,0.9982732471637022,0.0006037193330224,0.0011230335032754,0,meningioma,0.9982732471637022,919d6f0fb3ca462983d6df6ec06846e41abd9645
densenet121,B,56,105374,image_level_seed11,3,0,meningioma,0.9990220717797316,0.0005361715774311,0.0004417566428372,0,meningioma,0.9990220717797316,919d6f0fb3ca462983d6df6ec06846e41abd9645
densenet121,B,57,105374,image_level_seed11,2,0,meningioma,0.9945240580246928,0.0050458272649053,0.0004301147104017,0,meningioma,0.9945240580246928,919d6f0fb3ca462983d6df6ec06846e41abd9645
densenet121,B,58,105555,image_level_seed11,4,0,meningioma,0.4922976191285901,0.5019787150487107,0.005723665822699,1,glioma,0.5019787150487107,919d6f0fb3ca462983d6df6ec06846e41abd9645
densenet121,B,59,58392,image_level_seed11,3,2,pituitary,4.878651392507355e-05,4.458958268715504e-05,0.9999066239033878,2,pituitary,0.9999066239033878,919d6f0fb3ca462983d6df6ec06846e41abd9645
densenet121,B,60,105937,image_level_seed11,2,0,meningioma,0.9937550701756734,0.0019832989684265,0.0042616308559001,0,meningioma,0.9937550701756734,919d6f0fb3ca462983d6df6ec06846e41abd9645
densenet121,B,61,105937,image_level_seed11,3,0,meningioma,0.9981899702752356,0.0006919307044451,0.0011180990203193,0,meningioma,0.9981899702752356,919d6f0fb3ca462983d6df6ec06846e41abd9645
densenet121,B,62,106284,image_level_seed11,4,0,meningioma,0.9982952736609678,0.0003345782320394,0.0013701481069927,0,meningioma,0.9982952736609678,919d6f0fb3ca462983d6df6ec06846e41abd9645
densenet121,B,63,106284,image_level_seed11,2,0,meningioma,0.9984627665296189,0.0002747581795206,0.0012624752908606,0,meningioma,0.9984627665296189,919d6f0fb3ca462983d6df6ec06846e41abd9645
densenet121,B,64,106284,image_level_seed11,3,0,meningioma,0.9236542740389626,0.0021711035452016,0.0741746224158357,0,meningioma,0.9236542740389626,919d6f0fb3ca462983d6df6ec06846e41abd9645
densenet121,B,65,106284,image_level_seed11,3,0,meningioma,0.7939864257617772,0.003165583350732,0.2028479908874906,0,meningioma,0.7939864257617772,919d6f0fb3ca462983d6df6ec06846e41abd9645
densenet121,B,66,106284,image_level_seed11,5,0,meningioma,0.9600897779664944,0.0022013059775924,0.0377089160559129,0,meningioma,0.9600897779664944,919d6f0fb3ca462983d6df6ec06846e41abd9645
densenet121,B,67,106442,image_level_seed11,5,0,meningioma,0.9995519848430066,0.0004403118939121,7.70326308146186e-06,0,meningioma,0.9995519848430066,919d6f0fb3ca462983d6df6ec06846e41abd9645
densenet121,B,68,106442,image_level_seed11,2,0,meningioma,0.999978407994292,1.92065545910341e-05,2.3854511166653033e-06,0,meningioma,0.999978407994292,919d6f0fb3ca462983d6df6ec06846e41abd9645
densenet121,B,69,106442,image_level_seed11,5,0,meningioma,0.999872587053418,0.0001209345394773,6.478407104448664e-06,0,meningioma,0.999872587053418,919d6f0fb3ca462983d6df6ec06846e41abd9645
densenet121,B,70,106442,image_level_seed11,3,0,meningioma,0.8888153947601297,0.1073174035047286,0.0038672017351416,0,meningioma,0.8888153947601297,919d6f0fb3ca462983d6df6ec06846e41abd9645
densenet121,B,71,106534,image_level_seed11,1,0,meningioma,0.9993728386565236,0.0005045313200494,0.0001226300234268,0,meningioma,0.9993728386565236,919d6f0fb3ca462983d6df6ec06846e41abd9645
densenet121,B,72,106534,image_level_seed11,2,0,meningioma,0.9996851165293648,0.0002389743759011,7.590909473399094e-05,0,meningioma,0.9996851165293648,919d6f0fb3ca462983d6df6ec06846e41abd9645
densenet121,B,73,106665,image_level_seed11,4,0,meningioma,0.0150978884475469,0.9840492428403976,0.0008528687120554,1,glioma,0.9840492428403976,919d6f0fb3ca462983d6df6ec06846e41abd9645
densenet121,B,74,106665,image_level_seed11,5,0,meningioma,0.99949449465091,0.0002374657714417,0.0002680395776482,0,meningioma,0.99949449465091,919d6f0fb3ca462983d6df6ec06846e41abd9645
densenet121,B,75,106665,image_level_seed11,3,0,meningioma,0.9986038852365132,0.0006327465794272,0.0007633681840595,0,meningioma,0.9986038852365132,919d6f0fb3ca462983d6df6ec06846e41abd9645
densenet121,B,76,106665,image_level_seed11,2,0,meningioma,0.998681911899006,0.0010674130344895,0.0002506750665043,0,meningioma,0.998681911899006,919d6f0fb3ca462983d6df6ec06846e41abd9645
densenet121,B,77,106665,image_level_seed11,3,0,meningioma,0.998777064911592,0.0010728312675212,0.0001501038208867,0,meningioma,0.998777064911592,919d6f0fb3ca462983d6df6ec06846e41abd9645
densenet121,B,78,106665,image_level_seed11,1,0,meningioma,0.9990790969950402,0.0008504982875029,7.040471745682928e-05,0,meningioma,0.9990790969950402,919d6f0fb3ca462983d6df6ec06846e41abd9645
densenet121,B,79,106665,image_level_seed11,1,0,meningioma,0.9998046716008036,0.0001343175173852,6.1010881811002534e-05,0,meningioma,0.9998046716008036,919d6f0fb3ca462983d6df6ec06846e41abd9645
densenet121,B,80,106720,image_level_seed11,4,0,meningioma,0.998008297311648,0.0012447060030665,0.0007469966852852,0,meningioma,0.998008297311648,919d6f0fb3ca462983d6df6ec06846e41abd9645
densenet121,B,81,106720,image_level_seed11,5,0,meningioma,0.997436244903247,0.0017540133163778,0.000809741780375,0,meningioma,0.997436244903247,919d6f0fb3ca462983d6df6ec06846e41abd9645
densenet121,B,82,106720,image_level_seed11,4,0,meningioma,0.99280048826903,0.0067645727230151,0.0004349390079547,0,meningioma,0.99280048826903,919d6f0fb3ca462983d6df6ec06846e41abd9645
densenet121,B,83,106720,image_level_seed11,5,0,meningioma,0.998269965261667,0.0006923279186287,0.0010377068197043,0,meningioma,0.998269965261667,919d6f0fb3ca462983d6df6ec06846e41abd9645
densenet121,B,84,106720,image_level_seed11,2,0,meningioma,0.9921772468771995,0.0049822695770577,0.0028404835457425,0,meningioma,0.9921772468771995,919d6f0fb3ca462983d6df6ec06846e41abd9645
densenet121,B,85,106720,image_level_seed11,3,0,meningioma,0.9994508522474154,0.0003225635774744,0.00022658417511,0,meningioma,0.9994508522474154,919d6f0fb3ca462983d6df6ec06846e41abd9645
densenet121,B,86,106720,image_level_seed11,2,0,meningioma,0.9994007665353944,0.000321229333518,0.0002780041310876,0,meningioma,0.9994007665353944,919d6f0fb3ca462983d6df6ec06846e41abd9645
densenet121,B,87,106914,image_level_seed11,4,0,meningioma,0.998989847728904,0.0004426505489325,0.0005675017221636,0,meningioma,0.998989847728904,919d6f0fb3ca462983d6df6ec06846e41abd9645
densenet121,B,88,106914,image_level_seed11,3,0,meningioma,0.9987826625363462,0.0006453806748255,0.0005719567888282,0,meningioma,0.9987826625363462,919d6f0fb3ca462983d6df6ec06846e41abd9645
densenet121,B,89,106914,image_level_seed11,5,0,meningioma,0.9978688723754228,0.0009033920739348,0.0012277355506421,0,meningioma,0.9978688723754228,919d6f0fb3ca462983d6df6ec06846e41abd9645
densenet121,B,90,106914,image_level_seed11,2,0,meningioma,0.9990708118976128,0.0008349308810372,9.425722135007008e-05,0,meningioma,0.9990708118976128,919d6f0fb3ca462983d6df6ec06846e41abd9645
densenet121,B,91,107190,image_level_seed11,4,0,meningioma,0.4386216134606268,0.5592174738033617,0.0021609127360113,1,glioma,0.5592174738033617,919d6f0fb3ca462983d6df6ec06846e41abd9645
densenet121,B,92,107190,image_level_seed11,2,0,meningioma,0.9980717502612252,0.0018753447223011,5.290501647369516e-05,0,meningioma,0.9980717502612252,919d6f0fb3ca462983d6df6ec06846e41abd9645
densenet121,B,93,107248,image_level_seed11,5,0,meningioma,0.1536289477443258,0.0482261238892344,0.7981449283664397,2,pituitary,0.7981449283664397,919d6f0fb3ca462983d6df6ec06846e41abd9645
densenet121,B,94,107248,image_level_seed11,4,0,meningioma,0.9906987002191684,0.000575118523066,0.0087261812577655,0,meningioma,0.9906987002191684,919d6f0fb3ca462983d6df6ec06846e41abd9645
densenet121,B,95,107248,image_level_seed11,2,0,meningioma,0.989330963709271,0.0007113003005952,0.0099577359901337,0,meningioma,0.989330963709271,919d6f0fb3ca462983d6df6ec06846e41abd9645
densenet121,B,96,107248,image_level_seed11,4,0,meningioma,0.9901615600845964,0.0008557508070521,0.0089826891083513,0,meningioma,0.9901615600845964,919d6f0fb3ca462983d6df6ec06846e41abd9645
densenet121,B,97,107248,image_level_seed11,2,0,meningioma,0.9747219318684064,0.0113772106143817,0.0139008575172119,0,meningioma,0.9747219318684064,919d6f0fb3ca462983d6df6ec06846e41abd9645
densenet121,B,98,107248,image_level_seed11,3,0,meningioma,0.5226828896764628,0.002605893560107,0.47471121676343,0,meningioma,0.5226828896764628,919d6f0fb3ca462983d6df6ec06846e41abd9645
densenet121,B,99,107494,image_level_seed11,3,0,meningioma,0.7322189487302461,0.0116962881784716,0.2560847630912823,0,meningioma,0.7322189487302461,919d6f0fb3ca462983d6df6ec06846e41abd9645
densenet121,B,100,107494,image_level_seed11,5,0,meningioma,0.2950741600779999,0.0101228917644778,0.6948029481575222,2,pituitary,0.6948029481575222,919d6f0fb3ca462983d6df6ec06846e41abd9645
densenet121,B,101,107494,image_level_seed11,5,0,meningioma,0.1908894039910832,0.0005553706197202,0.8085552253891966,2,pituitary,0.8085552253891966,919d6f0fb3ca462983d6df6ec06846e41abd9645
densenet121,B,102,107494,image_level_seed11,1,0,meningioma,0.9809885689644244,0.0017516552801302,0.0172597757554452,0,meningioma,0.9809885689644244,919d6f0fb3ca462983d6df6ec06846e41abd9645
densenet121,B,103,107494,image_level_seed11,2,0,meningioma,0.9854258925418096,0.012277597618153,0.0022965098400374,0,meningioma,0.9854258925418096,919d6f0fb3ca462983d6df6ec06846e41abd9645
densenet121,B,104,108514,image_level_seed11,1,0,meningioma,0.981725950498141,0.0180677585907666,0.0002062909110923,0,meningioma,0.981725950498141,919d6f0fb3ca462983d6df6ec06846e41abd9645
densenet121,B,105,108514,image_level_seed11,3,0,meningioma,0.9971983968202862,0.0027417427472954,5.986043241835325e-05,0,meningioma,0.9971983968202862,919d6f0fb3ca462983d6df6ec06846e41abd9645
densenet121,B,106,108514,image_level_seed11,3,0,meningioma,0.9959514712135884,0.0036325957628401,0.0004159330235713,0,meningioma,0.9959514712135884,919d6f0fb3ca462983d6df6ec06846e41abd9645
densenet121,B,107,108514,image_level_seed11,2,0,meningioma,0.9996413759814724,0.0003302873970585,2.8336621468987272e-05,0,meningioma,0.9996413759814724,919d6f0fb3ca462983d6df6ec06846e41abd9645
densenet121,B,108,108514,image_level_seed11,1,0,meningioma,0.9996559318152042,0.0003061263081539,3.79418766419694e-05,0,meningioma,0.9996559318152042,919d6f0fb3ca462983d6df6ec06846e41abd9645
densenet121,B,109,108514,image_level_seed11,3,0,meningioma,0.9969989520628546,0.0009387777226031,0.0020622702145423,0,meningioma,0.9969989520628546,919d6f0fb3ca462983d6df6ec06846e41abd9645
densenet121,B,110,108514,image_level_seed11,5,0,meningioma,0.9915443186611754,0.0057391720349544,0.0027165093038701,0,meningioma,0.9915443186611754,919d6f0fb3ca462983d6df6ec06846e41abd9645
densenet121,B,111,108550,image_level_seed11,5,0,meningioma,0.186997532283929,0.0147972713542747,0.7982051963617961,2,pituitary,0.7982051963617961,919d6f0fb3ca462983d6df6ec06846e41abd9645
densenet121,B,112,108550,image_level_seed11,5,0,meningioma,0.261215799348085,0.0010972083308016,0.7376869923211135,2,pituitary,0.7376869923211135,919d6f0fb3ca462983d6df6ec06846e41abd9645
densenet121,B,113,108590,image_level_seed11,1,0,meningioma,0.9999009881807848,1.3770662831494434e-05,8.524115638392902e-05,0,meningioma,0.9999009881807848,919d6f0fb3ca462983d6df6ec06846e41abd9645
densenet121,B,114,108590,image_level_seed11,4,0,meningioma,0.9985037750341124,0.0006625750100285,0.0008336499558591,0,meningioma,0.9985037750341124,919d6f0fb3ca462983d6df6ec06846e41abd9645
densenet121,B,115,108945,image_level_seed11,3,0,meningioma,0.9990418545054082,0.0004982379693482,0.0004599075252435,0,meningioma,0.9990418545054082,919d6f0fb3ca462983d6df6ec06846e41abd9645
densenet121,B,116,108945,image_level_seed11,4,0,meningioma,0.9899765005282676,0.0092825127188905,0.0007409867528419,0,meningioma,0.9899765005282676,919d6f0fb3ca462983d6df6ec06846e41abd9645
densenet121,B,117,108945,image_level_seed11,5,0,meningioma,0.9994889305997656,0.0003400569224441,0.0001710124777903,0,meningioma,0.9994889305997656,919d6f0fb3ca462983d6df6ec06846e41abd9645
densenet121,B,118,108945,image_level_seed11,5,0,meningioma,0.999783274394231,0.0001065263571786,0.0001101992485903,0,meningioma,0.999783274394231,919d6f0fb3ca462983d6df6ec06846e41abd9645
densenet121,B,119,109411,image_level_seed11,5,0,meningioma,0.9403954954980032,0.0539573946925553,0.0056471098094414,0,meningioma,0.9403954954980032,919d6f0fb3ca462983d6df6ec06846e41abd9645
densenet121,B,120,109968,image_level_seed11,4,0,meningioma,0.6233942587011232,0.3538067688942817,0.0227989724045949,0,meningioma,0.6233942587011232,919d6f0fb3ca462983d6df6ec06846e41abd9645
densenet121,B,121,109968,image_level_seed11,4,0,meningioma,0.4352921374260183,0.556408342327715,0.0082995202462668,1,glioma,0.556408342327715,919d6f0fb3ca462983d6df6ec06846e41abd9645
densenet121,B,122,109968,image_level_seed11,5,0,meningioma,0.9997964127133896,6.136573492340878e-05,0.0001422215516869,0,meningioma,0.9997964127133896,919d6f0fb3ca462983d6df6ec06846e41abd9645
densenet121,B,123,109968,image_level_seed11,2,0,meningioma,0.9974829122385096,0.0012491634210855,0.0012679243404049,0,meningioma,0.9974829122385096,919d6f0fb3ca462983d6df6ec06846e41abd9645
densenet121,B,124,110116,image_level_seed11,5,0,meningioma,0.0124970405790725,0.0001879574526036,0.987315001968324,2,pituitary,0.987315001968324,919d6f0fb3ca462983d6df6ec06846e41abd9645
densenet121,B,125,111077,image_level_seed11,2,0,meningioma,0.9709471116907,0.0010908699714515,0.0279620183378483,0,meningioma,0.9709471116907,919d6f0fb3ca462983d6df6ec06846e41abd9645
densenet121,B,126,111077,image_level_seed11,5,0,meningioma,0.9977566708209372,0.0019133112475144,0.0003300179315484,0,meningioma,0.9977566708209372,919d6f0fb3ca462983d6df6ec06846e41abd9645
densenet121,B,127,111077,image_level_seed11,1,0,meningioma,0.8840853399209048,0.1080947774751117,0.0078198826039835,0,meningioma,0.8840853399209048,919d6f0fb3ca462983d6df6ec06846e41abd9645
densenet121,B,128,111366,image_level_seed11,1,0,meningioma,0.9314466354710772,0.0657679133994496,0.0027854511294731,0,meningioma,0.9314466354710772,919d6f0fb3ca462983d6df6ec06846e41abd9645
densenet121,B,129,111366,image_level_seed11,2,0,meningioma,0.8757101415949873,0.0135472365234613,0.1107426218815512,0,meningioma,0.8757101415949873,919d6f0fb3ca462983d6df6ec06846e41abd9645
densenet121,B,130,111366,image_level_seed11,5,0,meningioma,0.998060155792868,0.0008464890036953,0.0010933552034366,0,meningioma,0.998060155792868,919d6f0fb3ca462983d6df6ec06846e41abd9645
densenet121,B,131,111366,image_level_seed11,1,0,meningioma,0.998416362450119,0.0007989586870958,0.0007846788627852,0,meningioma,0.998416362450119,919d6f0fb3ca462983d6df6ec06846e41abd9645
densenet121,B,132,111532,image_level_seed11,4,0,meningioma,0.9997755199194792,0.0001649266500116,5.9553430509092355e-05,0,meningioma,0.9997755199194792,919d6f0fb3ca462983d6df6ec06846e41abd9645
densenet121,B,133,111532,image_level_seed11,4,0,meningioma,0.9998725743001656,5.931264313083858e-05,6.811305670360807e-05,0,meningioma,0.9998725743001656,919d6f0fb3ca462983d6df6ec06846e41abd9645
densenet121,B,134,111532,image_level_seed11,1,0,meningioma,0.9999056808403538,7.441991002810599e-05,1.989924961813877e-05,0,meningioma,0.9999056808403538,919d6f0fb3ca462983d6df6ec06846e41abd9645
densenet121,B,135,112002,image_level_seed11,1,0,meningioma,0.6836067931642998,0.3147953560955456,0.0015978507401546,0,meningioma,0.6836067931642998,919d6f0fb3ca462983d6df6ec06846e41abd9645
densenet121,B,136,112002,image_level_seed11,1,0,meningioma,0.9881856989846074,0.0115708805137956,0.0002434205015968,0,meningioma,0.9881856989846074,919d6f0fb3ca462983d6df6ec06846e41abd9645
densenet121,B,137,112002,image_level_seed11,3,0,meningioma,0.94252065417001,0.033062587647046,0.024416758182944,0,meningioma,0.94252065417001,919d6f0fb3ca462983d6df6ec06846e41abd9645
densenet121,B,138,112002,image_level_seed11,2,0,meningioma,0.913615669893036,0.0592814387198707,0.027102891387093,0,meningioma,0.913615669893036,919d6f0fb3ca462983d6df6ec06846e41abd9645
densenet121,B,139,112062,image_level_seed11,2,0,meningioma,0.9997151553154886,0.0002480065665947,3.6838117916700806e-05,0,meningioma,0.9997151553154886,919d6f0fb3ca462983d6df6ec06846e41abd9645
densenet121,B,140,112062,image_level_seed11,2,0,meningioma,0.9997138152076168,0.0001966417288067,8.954306357626355e-05,0,meningioma,0.9997138152076168,919d6f0fb3ca462983d6df6ec06846e41abd9645
densenet121,B,141,112062,image_level_seed11,5,0,meningioma,0.9967712040971696,0.0013296759532366,0.0018991199495936,0,meningioma,0.9967712040971696,919d6f0fb3ca462983d6df6ec06846e41abd9645
densenet121,B,142,112252,image_level_seed11,3,0,meningioma,0.997040073142656,0.002564933122483,0.0003949937348611,0,meningioma,0.997040073142656,919d6f0fb3ca462983d6df6ec06846e41abd9645
densenet121,B,143,112252,image_level_seed11,1,0,meningioma,0.9993863283019097,0.0005173371411999,9.633455689042728e-05,0,meningioma,0.9993863283019097,919d6f0fb3ca462983d6df6ec06846e41abd9645
densenet121,B,144,112552,image_level_seed11,3,0,meningioma,0.9932741242907126,0.0044007229336908,0.0023251527755965,0,meningioma,0.9932741242907126,919d6f0fb3ca462983d6df6ec06846e41abd9645
densenet121,B,145,112552,image_level_seed11,4,0,meningioma,0.9998174300391408,2.454589632066005e-05,0.0001580240645385,0,meningioma,0.9998174300391408,919d6f0fb3ca462983d6df6ec06846e41abd9645
densenet121,B,146,112552,image_level_seed11,3,0,meningioma,0.999083664702997,0.0003533496638103,0.0005629856331925,0,meningioma,0.999083664702997,919d6f0fb3ca462983d6df6ec06846e41abd9645
densenet121,B,147,112552,image_level_seed11,5,0,meningioma,0.9943200012235992,0.0038660693030305,0.0018139294733702,0,meningioma,0.9943200012235992,919d6f0fb3ca462983d6df6ec06846e41abd9645
densenet121,B,148,112552,image_level_seed11,4,0,meningioma,0.9983281748335936,0.0011088017956215,0.0005630233707849,0,meningioma,0.9983281748335936,919d6f0fb3ca462983d6df6ec06846e41abd9645
densenet121,B,149,112552,image_level_seed11,3,0,meningioma,0.997505014981628,0.000700116657859,0.0017948683605128,0,meningioma,0.997505014981628,919d6f0fb3ca462983d6df6ec06846e41abd9645
densenet121,B,150,112552,image_level_seed11,3,0,meningioma,0.9552605680116752,0.039482044394805,0.0052573875935198,0,meningioma,0.9552605680116752,919d6f0fb3ca462983d6df6ec06846e41abd9645
densenet121,B,151,112648,image_level_seed11,2,0,meningioma,0.9995698172479244,0.0003322901243109,9.789262776463204e-05,0,meningioma,0.9995698172479244,919d6f0fb3ca462983d6df6ec06846e41abd9645
densenet121,B,152,112648,image_level_seed11,1,0,meningioma,0.9974859242407604,0.0016725365388986,0.0008415392203407,0,meningioma,0.9974859242407604,919d6f0fb3ca462983d6df6ec06846e41abd9645
densenet121,B,153,112648,image_level_seed11,2,0,meningioma,0.9968083067078396,0.0028234502693253,0.0003682430228349,0,meningioma,0.9968083067078396,919d6f0fb3ca462983d6df6ec06846e41abd9645
densenet121,B,154,113435,image_level_seed11,1,0,meningioma,0.9671765253491416,0.0325674215749234,0.0002560530759349,0,meningioma,0.9671765253491416,919d6f0fb3ca462983d6df6ec06846e41abd9645
densenet121,B,155,113435,image_level_seed11,3,0,meningioma,0.9953536491530104,0.0022995426607777,0.0023468081862119,0,meningioma,0.9953536491530104,919d6f0fb3ca462983d6df6ec06846e41abd9645
densenet121,B,156,113435,image_level_seed11,4,0,meningioma,0.9991741020304968,0.0007681486674606,5.7749302042563295e-05,0,meningioma,0.9991741020304968,919d6f0fb3ca462983d6df6ec06846e41abd9645
densenet121,B,157,113435,image_level_seed11,1,0,meningioma,0.9699329060268168,0.0296885436986753,0.000378550274508,0,meningioma,0.9699329060268168,919d6f0fb3ca462983d6df6ec06846e41abd9645
densenet121,B,158,113435,image_level_seed11,1,0,meningioma,0.9927073036660948,0.0068344994767677,0.0004581968571372,0,meningioma,0.9927073036660948,919d6f0fb3ca462983d6df6ec06846e41abd9645
densenet121,B,159,113435,image_level_seed11,1,0,meningioma,0.9821289296285072,0.0175759021462163,0.0002951682252766,0,meningioma,0.9821289296285072,919d6f0fb3ca462983d6df6ec06846e41abd9645
densenet121,B,160,113554,image_level_seed11,5,0,meningioma,0.9998059395701494,0.0001841754833696,9.884946480781686e-06,0,meningioma,0.9998059395701494,919d6f0fb3ca462983d6df6ec06846e41abd9645
densenet121,B,161,113554,image_level_seed11,5,0,meningioma,0.9997755439779566,0.0001965992562029,2.7856765840463795e-05,0,meningioma,0.9997755439779566,919d6f0fb3ca462983d6df6ec06846e41abd9645
densenet121,B,162,113554,image_level_seed11,2,0,meningioma,0.999328738336389,0.0005794594347159,9.180222889522252e-05,0,meningioma,0.999328738336389,919d6f0fb3ca462983d6df6ec06846e41abd9645
densenet121,B,163,113805,image_level_seed11,2,0,meningioma,0.9947598180650686,0.0032516536061599,0.0019885283287714,0,meningioma,0.9947598180650686,919d6f0fb3ca462983d6df6ec06846e41abd9645
densenet121,B,164,114018,image_level_seed11,5,0,meningioma,0.9983679552510664,0.0008296404390807,0.000802404309853,0,meningioma,0.9983679552510664,919d6f0fb3ca462983d6df6ec06846e41abd9645
densenet121,B,165,114018,image_level_seed11,4,0,meningioma,0.996590932195211,0.0005277385363039,0.002881329268485,0,meningioma,0.996590932195211,919d6f0fb3ca462983d6df6ec06846e41abd9645
densenet121,B,166,114018,image_level_seed11,4,0,meningioma,0.9984262972798252,6.236823072789074e-05,0.001511334489447,0,meningioma,0.9984262972798252,919d6f0fb3ca462983d6df6ec06846e41abd9645
densenet121,B,167,114018,image_level_seed11,5,0,meningioma,0.9995197575165732,5.527894785328157e-05,0.0004249635355736,0,meningioma,0.9995197575165732,919d6f0fb3ca462983d6df6ec06846e41abd9645
densenet121,B,168,114018,image_level_seed11,5,0,meningioma,0.995822188843467,0.0004280354944638,0.0037497756620691,0,meningioma,0.995822188843467,919d6f0fb3ca462983d6df6ec06846e41abd9645
densenet121,B,169,114359,image_level_seed11,4,0,meningioma,0.9821523529655762,0.0175603915022375,0.0002872555321861,0,meningioma,0.9821523529655762,919d6f0fb3ca462983d6df6ec06846e41abd9645
densenet121,B,170,114359,image_level_seed11,5,0,meningioma,0.9998183547635812,0.0001750478331143,6.59740330422766e-06,0,meningioma,0.9998183547635812,919d6f0fb3ca462983d6df6ec06846e41abd9645
densenet121,B,171,114359,image_level_seed11,5,0,meningioma,0.9999066900791616,8.904865475731495e-05,4.261266081025915e-06,0,meningioma,0.9999066900791616,919d6f0fb3ca462983d6df6ec06846e41abd9645
densenet121,B,172,114359,image_level_seed11,2,0,meningioma,0.9991065013966324,0.0006895608520311,0.0002039377513367,0,meningioma,0.9991065013966324,919d6f0fb3ca462983d6df6ec06846e41abd9645
densenet121,B,173,114359,image_level_seed11,4,0,meningioma,0.99968029271685,0.0002352081630625,8.449912008746659e-05,0,meningioma,0.99968029271685,919d6f0fb3ca462983d6df6ec06846e41abd9645
densenet121,B,174,114359,image_level_seed11,1,0,meningioma,0.9995575303534024,0.0003956008670098,4.6868779587806866e-05,0,meningioma,0.9995575303534024,919d6f0fb3ca462983d6df6ec06846e41abd9645
densenet121,B,175,97607,image_level_seed11,5,0,meningioma,0.9993042927073308,0.0006758825952668,1.9824697402437217e-05,0,meningioma,0.9993042927073308,919d6f0fb3ca462983d6df6ec06846e41abd9645
densenet121,B,176,97607,image_level_seed11,2,0,meningioma,0.9996400575035088,0.0002698293109214,9.011318556973866e-05,0,meningioma,0.9996400575035088,919d6f0fb3ca462983d6df6ec06846e41abd9645
densenet121,B,177,97607,image_level_seed11,5,0,meningioma,0.9990115152432816,0.0006158409218205,0.0003726438348979,0,meningioma,0.9990115152432816,919d6f0fb3ca462983d6df6ec06846e41abd9645
densenet121,B,178,97607,image_level_seed11,2,0,meningioma,0.9994614152126812,0.0003965823040877,0.0001420024832311,0,meningioma,0.9994614152126812,919d6f0fb3ca462983d6df6ec06846e41abd9645
densenet121,B,179,97607,image_level_seed11,5,0,meningioma,0.9957636553335688,0.0037027230991739,0.0005336215672573,0,meningioma,0.9957636553335688,919d6f0fb3ca462983d6df6ec06846e41abd9645
densenet121,B,180,97737,image_level_seed11,5,0,meningioma,0.999869866621212,8.54817231414015e-05,4.465165564663331e-05,0,meningioma,0.999869866621212,919d6f0fb3ca462983d6df6ec06846e41abd9645
densenet121,B,181,97737,image_level_seed11,1,0,meningioma,0.999768258933297,0.0001622067858912,6.953428081173113e-05,0,meningioma,0.999768258933297,919d6f0fb3ca462983d6df6ec06846e41abd9645
densenet121,B,182,97737,image_level_seed11,3,0,meningioma,0.9987414533945486,0.0007405635266173,0.0005179830788342,0,meningioma,0.9987414533945486,919d6f0fb3ca462983d6df6ec06846e41abd9645
densenet121,B,183,97737,image_level_seed11,5,0,meningioma,0.9968576892732176,0.002164365314225,0.0009779454125571,0,meningioma,0.9968576892732176,919d6f0fb3ca462983d6df6ec06846e41abd9645
densenet121,B,184,97875,image_level_seed11,1,0,meningioma,0.8550885948854567,0.0236074579704871,0.121303947144056,0,meningioma,0.8550885948854567,919d6f0fb3ca462983d6df6ec06846e41abd9645
densenet121,B,185,97875,image_level_seed11,4,0,meningioma,0.9865084860574364,0.0026032200909233,0.0108882938516402,0,meningioma,0.9865084860574364,919d6f0fb3ca462983d6df6ec06846e41abd9645
densenet121,B,186,97875,image_level_seed11,4,0,meningioma,0.968203778200873,0.0086639940981176,0.0231322277010094,0,meningioma,0.968203778200873,919d6f0fb3ca462983d6df6ec06846e41abd9645
densenet121,B,187,97943,image_level_seed11,2,0,meningioma,0.9995964169776528,0.0003654718406173,3.811118172976376e-05,0,meningioma,0.9995964169776528,919d6f0fb3ca462983d6df6ec06846e41abd9645
densenet121,B,188,97943,image_level_seed11,3,0,meningioma,0.9948794952594888,0.0050742829636066,4.622177690444337e-05,0,meningioma,0.9948794952594888,919d6f0fb3ca462983d6df6ec06846e41abd9645
densenet121,B,189,97943,image_level_seed11,2,0,meningioma,0.9916677280318998,0.0075574898445274,0.0007747821235726,0,meningioma,0.9916677280318998,919d6f0fb3ca462983d6df6ec06846e41abd9645
densenet121,B,190,97943,image_level_seed11,4,0,meningioma,0.9925784305878024,0.0073047002888731,0.0001168691233243,0,meningioma,0.9925784305878024,919d6f0fb3ca462983d6df6ec06846e41abd9645
densenet121,B,191,97943,image_level_seed11,3,0,meningioma,0.9981354242855094,0.0018098645193869,5.4711195103846096e-05,0,meningioma,0.9981354242855094,919d6f0fb3ca462983d6df6ec06846e41abd9645
densenet121,B,192,98241,image_level_seed11,3,0,meningioma,0.999596901208386,0.0003431365114827,5.996228013121978e-05,0,meningioma,0.999596901208386,919d6f0fb3ca462983d6df6ec06846e41abd9645
densenet121,B,193,98241,image_level_seed11,3,0,meningioma,0.9949897247154516,0.0028968759096441,0.0021133993749041,0,meningioma,0.9949897247154516,919d6f0fb3ca462983d6df6ec06846e41abd9645
densenet121,B,194,98241,image_level_seed11,3,0,meningioma,0.9993929127561438,0.0001537875094253,0.0004532997344308,0,meningioma,0.9993929127561438,919d6f0fb3ca462983d6df6ec06846e41abd9645
densenet121,B,195,98241,image_level_seed11,1,0,meningioma,0.999937860646467,1.8914321110615076e-05,4.322503242246364e-05,0,meningioma,0.999937860646467,919d6f0fb3ca462983d6df6ec06846e41abd9645
densenet121,B,196,98241,image_level_seed11,2,0,meningioma,0.9996188664122349,0.0001174855996918,0.0002636479880733,0,meningioma,0.9996188664122349,919d6f0fb3ca462983d6df6ec06846e41abd9645
densenet121,B,197,98241,image_level_seed11,2,0,meningioma,0.999921245405194,6.401388562360947e-05,1.4740709182443112e-05,0,meningioma,0.999921245405194,919d6f0fb3ca462983d6df6ec06846e41abd9645
densenet121,B,198,99017,image_level_seed11,4,0,meningioma,0.9931242481123354,0.0003021121803736,0.0065736397072909,0,meningioma,0.9931242481123354,919d6f0fb3ca462983d6df6ec06846e41abd9645
densenet121,B,199,99017,image_level_seed11,1,0,meningioma,0.9867943346373468,0.0005244978415131,0.0126811675211399,0,meningioma,0.9867943346373468,919d6f0fb3ca462983d6df6ec06846e41abd9645
densenet121,B,200,99089,image_level_seed11,4,0,meningioma,0.9970596370369708,0.0026007977193403,0.0003395652436886,0,meningioma,0.9970596370369708,919d6f0fb3ca462983d6df6ec06846e41abd9645
densenet121,B,201,99089,image_level_seed11,3,0,meningioma,0.9980529585039808,0.0001883451050805,0.0017586963909386,0,meningioma,0.9980529585039808,919d6f0fb3ca462983d6df6ec06846e41abd9645
densenet121,B,202,99089,image_level_seed11,4,0,meningioma,0.9993334308665194,0.0004584620809023,0.0002081070525781,0,meningioma,0.9993334308665194,919d6f0fb3ca462983d6df6ec06846e41abd9645
densenet121,B,203,99288,image_level_seed11,5,0,meningioma,0.9765070779654528,0.0214957947060055,0.0019971273285414,0,meningioma,0.9765070779654528,919d6f0fb3ca462983d6df6ec06846e41abd9645
densenet121,B,204,99308,image_level_seed11,1,0,meningioma,0.922812069639492,0.0765774843557851,0.0006104460047227,0,meningioma,0.922812069639492,919d6f0fb3ca462983d6df6ec06846e41abd9645
densenet121,B,205,99308,image_level_seed11,5,0,meningioma,0.9916449346192722,0.0081233965830404,0.0002316687976875,0,meningioma,0.9916449346192722,919d6f0fb3ca462983d6df6ec06846e41abd9645
densenet121,B,206,99308,image_level_seed11,2,0,meningioma,0.9960317712851526,0.0029182938641316,0.0010499348507157,0,meningioma,0.9960317712851526,919d6f0fb3ca462983d6df6ec06846e41abd9645
densenet121,B,207,99308,image_level_seed11,1,0,meningioma,0.9996851563229412,9.58189094291468e-05,0.0002190247676298,0,meningioma,0.9996851563229412,919d6f0fb3ca462983d6df6ec06846e41abd9645
densenet121,B,208,99308,image_level_seed11,3,0,meningioma,0.998432691396653,0.0011037537782659,0.000463554825081,0,meningioma,0.998432691396653,919d6f0fb3ca462983d6df6ec06846e41abd9645
densenet121,B,209,100820,image_level_seed11,4,1,glioma,0.0093138391814392,0.9899527877145372,0.0007333731040236,1,glioma,0.9899527877145372,919d6f0fb3ca462983d6df6ec06846e41abd9645
densenet121,B,210,100820,image_level_seed11,5,1,glioma,0.0927886541958758,0.9069381371658716,0.0002732086382527,1,glioma,0.9069381371658716,919d6f0fb3ca462983d6df6ec06846e41abd9645
densenet121,B,211,100360,image_level_seed11,5,0,meningioma,0.986947757987884,0.0111663550461404,0.0018858869659755,0,meningioma,0.986947757987884,919d6f0fb3ca462983d6df6ec06846e41abd9645
densenet121,B,212,100360,image_level_seed11,1,0,meningioma,0.995900522432732,0.0032346105813557,0.0008648669859125,0,meningioma,0.995900522432732,919d6f0fb3ca462983d6df6ec06846e41abd9645
densenet121,B,213,100360,image_level_seed11,2,0,meningioma,0.9930746825470952,0.0034241319489241,0.0035011855039807,0,meningioma,0.9930746825470952,919d6f0fb3ca462983d6df6ec06846e41abd9645
densenet121,B,214,100360,image_level_seed11,2,0,meningioma,0.9893555137423522,0.0074137133389992,0.0032307729186486,0,meningioma,0.9893555137423522,919d6f0fb3ca462983d6df6ec06846e41abd9645
densenet121,B,215,100360,image_level_seed11,5,0,meningioma,0.9964067990826186,0.0032104929999355,0.0003827079174459,0,meningioma,0.9964067990826186,919d6f0fb3ca462983d6df6ec06846e41abd9645
densenet121,B,216,100360,image_level_seed11,5,0,meningioma,0.987443802116507,0.011578660971267,0.0009775369122259,0,meningioma,0.987443802116507,919d6f0fb3ca462983d6df6ec06846e41abd9645
densenet121,B,217,100360,image_level_seed11,4,0,meningioma,0.9131611018904888,0.0806041162266154,0.0062347818828957,0,meningioma,0.9131611018904888,919d6f0fb3ca462983d6df6ec06846e41abd9645
densenet121,B,218,100572,image_level_seed11,4,0,meningioma,0.99882247175463,0.0001117526759266,0.0010657755694434,0,meningioma,0.99882247175463,919d6f0fb3ca462983d6df6ec06846e41abd9645
densenet121,B,219,100572,image_level_seed11,4,0,meningioma,0.9937192942119288,0.000300384215303,0.005980321572768,0,meningioma,0.9937192942119288,919d6f0fb3ca462983d6df6ec06846e41abd9645
densenet121,B,220,100572,image_level_seed11,3,0,meningioma,0.994168698173985,0.0002218887712251,0.0056094130547897,0,meningioma,0.994168698173985,919d6f0fb3ca462983d6df6ec06846e41abd9645
densenet121,B,221,101016,image_level_seed11,4,0,meningioma,0.9995787645518448,0.0003156044434564,0.0001056310046987,0,meningioma,0.9995787645518448,919d6f0fb3ca462983d6df6ec06846e41abd9645
densenet121,B,222,101016,image_level_seed11,2,0,meningioma,0.99904864952865,0.000502980070152,0.0004483704011978,0,meningioma,0.99904864952865,919d6f0fb3ca462983d6df6ec06846e41abd9645
densenet121,B,223,101016,image_level_seed11,4,0,meningioma,0.9991703160969316,0.000656161296335,0.0001735226067332,0,meningioma,0.9991703160969316,919d6f0fb3ca462983d6df6ec06846e41abd9645
densenet121,B,224,101016,image_level_seed11,2,0,meningioma,0.9983266628859924,0.0012612393146209,0.0004120977993866,0,meningioma,0.9983266628859924,919d6f0fb3ca462983d6df6ec06846e41abd9645
densenet121,B,225,101016,image_level_seed11,3,0,meningioma,0.9994416522398863,0.0004713724323046,8.69753278087401e-05,0,meningioma,0.9994416522398863,919d6f0fb3ca462983d6df6ec06846e41abd9645
densenet121,B,226,101016,image_level_seed11,2,0,meningioma,0.9991131505429393,0.0008253964225015,6.14530345592068e-05,0,meningioma,0.9991131505429393,919d6f0fb3ca462983d6df6ec06846e41abd9645
densenet121,B,227,101127,image_level_seed11,2,0,meningioma,0.9986795612862184,8.248901886197327e-05,0.0012379496949196,0,meningioma,0.9986795612862184,919d6f0fb3ca462983d6df6ec06846e41abd9645
densenet121,B,228,101127,image_level_seed11,1,0,meningioma,0.9989162586530576,0.0002637807089696,0.0008199606379728,0,meningioma,0.9989162586530576,919d6f0fb3ca462983d6df6ec06846e41abd9645
densenet121,B,229,101127,image_level_seed11,2,0,meningioma,0.9999384988498806,1.2138700570554908e-05,4.936244954863104e-05,0,meningioma,0.9999384988498806,919d6f0fb3ca462983d6df6ec06846e41abd9645
densenet121,B,230,101127,image_level_seed11,3,0,meningioma,0.0039379441628994,0.0008946266293556,0.9951674292077448,2,pituitary,0.9951674292077448,919d6f0fb3ca462983d6df6ec06846e41abd9645
densenet121,B,231,101797,image_level_seed11,5,0,meningioma,0.376154636142781,0.6162786163541073,0.0075667475031118,1,glioma,0.6162786163541073,919d6f0fb3ca462983d6df6ec06846e41abd9645
densenet121,B,232,101797,image_level_seed11,2,0,meningioma,0.9995653377914652,9.70042816971678e-05,0.0003376579268377,0,meningioma,0.9995653377914652,919d6f0fb3ca462983d6df6ec06846e41abd9645
densenet121,B,233,101797,image_level_seed11,4,0,meningioma,0.9917775255733632,0.0015777980611525,0.006644676365484,0,meningioma,0.9917775255733632,919d6f0fb3ca462983d6df6ec06846e41abd9645
densenet121,B,234,101797,image_level_seed11,4,0,meningioma,0.9996071055012458,0.0002168735901017,0.0001760209086525,0,meningioma,0.9996071055012458,919d6f0fb3ca462983d6df6ec06846e41abd9645
densenet121,B,235,101797,image_level_seed11,1,0,meningioma,0.9989911338202788,0.000738078139303,0.0002707880404179,0,meningioma,0.9989911338202788,919d6f0fb3ca462983d6df6ec06846e41abd9645
densenet121,B,236,102420,image_level_seed11,1,0,meningioma,0.99986303543822,0.0001180864034346,1.8878158345393957e-05,0,meningioma,0.99986303543822,919d6f0fb3ca462983d6df6ec06846e41abd9645
densenet121,B,237,102420,image_level_seed11,4,0,meningioma,0.9993612204894142,0.0005627923214509,7.598718913470309e-05,0,meningioma,0.9993612204894142,919d6f0fb3ca462983d6df6ec06846e41abd9645
densenet121,B,238,102420,image_level_seed11,5,0,meningioma,0.9941729522142096,0.0057566687051151,7.037908067533174e-05,0,meningioma,0.9941729522142096,919d6f0fb3ca462983d6df6ec06846e41abd9645
densenet121,B,239,102446,image_level_seed11,4,0,meningioma,0.9997571184216568,0.000129300427724,0.0001135811506189,0,meningioma,0.9997571184216568,919d6f0fb3ca462983d6df6ec06846e41abd9645
densenet121,B,240,102675,image_level_seed11,4,0,meningioma,0.9917818311719918,0.0010223403010437,0.0071958285269644,0,meningioma,0.9917818311719918,919d6f0fb3ca462983d6df6ec06846e41abd9645
densenet121,B,241,102675,image_level_seed11,1,0,meningioma,0.987645863262526,0.009223690776944,0.0031304459605296,0,meningioma,0.987645863262526,919d6f0fb3ca462983d6df6ec06846e41abd9645
densenet121,B,242,102714,image_level_seed11,5,0,meningioma,0.9998898293937296,9.577744656961693e-05,1.4393159700700708e-05,0,meningioma,0.9998898293937296,919d6f0fb3ca462983d6df6ec06846e41abd9645
densenet121,B,243,102714,image_level_seed11,2,0,meningioma,0.9994090427866276,0.0005201560627799,7.080115059238726e-05,0,meningioma,0.9994090427866276,919d6f0fb3ca462983d6df6ec06846e41abd9645
densenet121,B,244,102714,image_level_seed11,5,0,meningioma,0.9998313521471286,0.0001525488086873,1.609904418417778e-05,0,meningioma,0.9998313521471286,919d6f0fb3ca462983d6df6ec06846e41abd9645
densenet121,B,245,102714,image_level_seed11,5,0,meningioma,0.9995402462623818,0.0004369476258094,2.2806111808607123e-05,0,meningioma,0.9995402462623818,919d6f0fb3ca462983d6df6ec06846e41abd9645
densenet121,B,246,102929,image_level_seed11,3,0,meningioma,0.9852157639761452,0.0004548370610367,0.0143293989628178,0,meningioma,0.9852157639761452,919d6f0fb3ca462983d6df6ec06846e41abd9645
densenet121,B,247,102929,image_level_seed11,2,0,meningioma,0.9987225098288072,0.0003506968139765,0.0009267933572162,0,meningioma,0.9987225098288072,919d6f0fb3ca462983d6df6ec06846e41abd9645
densenet121,B,248,102929,image_level_seed11,5,0,meningioma,0.941054556223864,0.0085292958168403,0.0504161479592955,0,meningioma,0.941054556223864,919d6f0fb3ca462983d6df6ec06846e41abd9645
densenet121,B,249,102929,image_level_seed11,1,0,meningioma,0.9983815431473336,0.0010961954076897,0.0005222614449766,0,meningioma,0.9983815431473336,919d6f0fb3ca462983d6df6ec06846e41abd9645
densenet121,B,250,102929,image_level_seed11,2,0,meningioma,0.9917765212364756,0.0028027239393779,0.0054207548241464,0,meningioma,0.9917765212364756,919d6f0fb3ca462983d6df6ec06846e41abd9645
densenet121,B,251,102929,image_level_seed11,3,0,meningioma,0.9904846188951836,0.0005201997043672,0.0089951814004491,0,meningioma,0.9904846188951836,919d6f0fb3ca462983d6df6ec06846e41abd9645
densenet121,B,252,102935,image_level_seed11,5,0,meningioma,0.99858361552529,0.0012891593326087,0.0001272251421012,0,meningioma,0.99858361552529,919d6f0fb3ca462983d6df6ec06846e41abd9645
densenet121,B,253,102985,image_level_seed11,3,0,meningioma,0.9979332436647836,0.0019528555652791,0.0001139007699372,0,meningioma,0.9979332436647836,919d6f0fb3ca462983d6df6ec06846e41abd9645
densenet121,B,254,103673,image_level_seed11,2,0,meningioma,0.9556591332901256,0.0071288623833938,0.0372120043264805,0,meningioma,0.9556591332901256,919d6f0fb3ca462983d6df6ec06846e41abd9645
densenet121,B,255,103673,image_level_seed11,5,0,meningioma,0.8913181493159092,0.0022187608417728,0.1064630898423177,0,meningioma,0.8913181493159092,919d6f0fb3ca462983d6df6ec06846e41abd9645
densenet121,B,256,103673,image_level_seed11,1,0,meningioma,0.9953790058017346,0.0002543299029472,0.0043666642953181,0,meningioma,0.9953790058017346,919d6f0fb3ca462983d6df6ec06846e41abd9645
densenet121,B,257,103673,image_level_seed11,3,0,meningioma,0.9968406444697756,0.0008422893008827,0.0023170662293416,0,meningioma,0.9968406444697756,919d6f0fb3ca462983d6df6ec06846e41abd9645
densenet121,B,258,103673,image_level_seed11,3,0,meningioma,0.9945419581576758,0.0008445585537072,0.0046134832886169,0,meningioma,0.9945419581576758,919d6f0fb3ca462983d6df6ec06846e41abd9645
densenet121,B,259,103673,image_level_seed11,4,0,meningioma,0.9972316569631356,8.681123204038257e-05,0.0026815318048241,0,meningioma,0.9972316569631356,919d6f0fb3ca462983d6df6ec06846e41abd9645
densenet121,B,260,103673,image_level_seed11,2,0,meningioma,0.1718782343581817,0.0051648318119794,0.8229569338298388,2,pituitary,0.8229569338298388,919d6f0fb3ca462983d6df6ec06846e41abd9645
densenet121,B,261,103925,image_level_seed11,5,0,meningioma,0.9973895449540012,0.0016728387165031,0.0009376163294954,0,meningioma,0.9973895449540012,919d6f0fb3ca462983d6df6ec06846e41abd9645
densenet121,B,262,103925,image_level_seed11,1,0,meningioma,0.9986049448096248,0.0011115557698065,0.0002834994205684,0,meningioma,0.9986049448096248,919d6f0fb3ca462983d6df6ec06846e41abd9645
densenet121,B,263,103925,image_level_seed11,1,0,meningioma,0.9998554312327717,6.64553656798729e-05,7.811340154861592e-05,0,meningioma,0.9998554312327717,919d6f0fb3ca462983d6df6ec06846e41abd9645
densenet121,B,264,103925,image_level_seed11,4,0,meningioma,0.9971799991359156,0.0022696556116499,0.0005503452524347,0,meningioma,0.9971799991359156,919d6f0fb3ca462983d6df6ec06846e41abd9645
densenet121,B,265,103925,image_level_seed11,5,0,meningioma,0.9995744143699262,0.0003747192100701,5.086642000347173e-05,0,meningioma,0.9995744143699262,919d6f0fb3ca462983d6df6ec06846e41abd9645
densenet121,B,266,103925,image_level_seed11,1,0,meningioma,0.8140690375179211,0.1847153983395048,0.0012155641425739,0,meningioma,0.8140690375179211,919d6f0fb3ca462983d6df6ec06846e41abd9645
densenet121,B,267,103925,image_level_seed11,2,0,meningioma,0.996614985878934,0.0029536169921405,0.0004313971289253,0,meningioma,0.996614985878934,919d6f0fb3ca462983d6df6ec06846e41abd9645
densenet121,B,268,103925,image_level_seed11,1,0,meningioma,0.8709664565961701,0.1271452296715134,0.0018883137323164,0,meningioma,0.8709664565961701,919d6f0fb3ca462983d6df6ec06846e41abd9645
densenet121,B,269,104167,image_level_seed11,3,0,meningioma,0.9995353389497156,6.16183205137637e-05,0.0004030427297706,0,meningioma,0.9995353389497156,919d6f0fb3ca462983d6df6ec06846e41abd9645
densenet121,B,270,104167,image_level_seed11,1,0,meningioma,0.999686316137758,0.0001670019264653,0.0001466819357765,0,meningioma,0.999686316137758,919d6f0fb3ca462983d6df6ec06846e41abd9645
densenet121,B,271,104167,image_level_seed11,4,0,meningioma,0.999860710103623,1.1070440079625894e-05,0.0001282194562973,0,meningioma,0.999860710103623,919d6f0fb3ca462983d6df6ec06846e41abd9645
densenet121,B,272,104167,image_level_seed11,1,0,meningioma,0.999958614086548,1.259627527360778e-05,2.8789638178427636e-05,0,meningioma,0.999958614086548,919d6f0fb3ca462983d6df6ec06846e41abd9645
densenet121,B,273,104167,image_level_seed11,3,0,meningioma,0.9995411952940206,2.8504337359816207e-05,0.0004303003686195,0,meningioma,0.9995411952940206,919d6f0fb3ca462983d6df6ec06846e41abd9645
densenet121,B,274,104167,image_level_seed11,4,0,meningioma,0.9995778394001508,0.0003801569595456,4.2003640303642096e-05,0,meningioma,0.9995778394001508,919d6f0fb3ca462983d6df6ec06846e41abd9645
densenet121,B,275,104281,image_level_seed11,5,0,meningioma,0.998602977626626,0.0013613293119272,3.5693061446684335e-05,0,meningioma,0.998602977626626,919d6f0fb3ca462983d6df6ec06846e41abd9645
densenet121,B,276,104281,image_level_seed11,4,0,meningioma,0.999963218299728,2.4229601363429663e-05,1.2552098908609138e-05,0,meningioma,0.999963218299728,919d6f0fb3ca462983d6df6ec06846e41abd9645
densenet121,B,277,104281,image_level_seed11,3,0,meningioma,0.9994478338220224,0.0004305105496512,0.0001216556283264,0,meningioma,0.9994478338220224,919d6f0fb3ca462983d6df6ec06846e41abd9645
densenet121,B,278,104281,image_level_seed11,2,0,meningioma,0.9972634426299244,0.0026974042967384,3.9153073337248515e-05,0,meningioma,0.9972634426299244,919d6f0fb3ca462983d6df6ec06846e41abd9645
densenet121,B,279,104281,image_level_seed11,3,0,meningioma,0.9998479615020408,0.000104269208893,4.776928906616835e-05,0,meningioma,0.9998479615020408,919d6f0fb3ca462983d6df6ec06846e41abd9645
densenet121,B,280,104281,image_level_seed11,2,0,meningioma,0.9985183119889716,0.0014248476604185,5.684035060998706e-05,0,meningioma,0.9985183119889716,919d6f0fb3ca462983d6df6ec06846e41abd9645
densenet121,B,281,105374,image_level_seed11,3,0,meningioma,0.9987333178372926,0.0011072319003461,0.0001594502623614,0,meningioma,0.9987333178372926,919d6f0fb3ca462983d6df6ec06846e41abd9645
densenet121,B,282,105374,image_level_seed11,3,0,meningioma,0.9991510280310816,0.0004924209140796,0.0003565510548388,0,meningioma,0.9991510280310816,919d6f0fb3ca462983d6df6ec06846e41abd9645
densenet121,B,283,105555,image_level_seed11,2,0,meningioma,0.9990001992721876,0.0008602866078183,0.000139514119994,0,meningioma,0.9990001992721876,919d6f0fb3ca462983d6df6ec06846e41abd9645
densenet121,B,284,105555,image_level_seed11,1,0,meningioma,0.9519713976755144,0.0473381590570446,0.0006904432674407,0,meningioma,0.9519713976755144,919d6f0fb3ca462983d6df6ec06846e41abd9645
densenet121,B,285,105555,image_level_seed11,2,0,meningioma,0.9297446952227384,0.0699523912586259,0.0003029135186354,0,meningioma,0.9297446952227384,919d6f0fb3ca462983d6df6ec06846e41abd9645
densenet121,B,286,105937,image_level_seed11,3,0,meningioma,0.9998769284197686,2.3364186044324808e-05,9.970739418709984e-05,0,meningioma,0.9998769284197686,919d6f0fb3ca462983d6df6ec06846e41abd9645
densenet121,B,287,105937,image_level_seed11,3,0,meningioma,0.9998026802745976,3.641290860591592e-06,0.0001936784345417,0,meningioma,0.9998026802745976,919d6f0fb3ca462983d6df6ec06846e41abd9645
densenet121,B,288,105937,image_level_seed11,5,0,meningioma,0.998478787627,0.0003403756872913,0.0011808366857086,0,meningioma,0.998478787627,919d6f0fb3ca462983d6df6ec06846e41abd9645
densenet121,B,289,105937,image_level_seed11,5,0,meningioma,0.9990516114818632,0.0002042108798017,0.0007441776383348,0,meningioma,0.9990516114818632,919d6f0fb3ca462983d6df6ec06846e41abd9645
densenet121,B,290,106284,image_level_seed11,3,0,meningioma,0.9756693802494288,0.0003549731760562,0.0239756465745149,0,meningioma,0.9756693802494288,919d6f0fb3ca462983d6df6ec06846e41abd9645
densenet121,B,291,106284,image_level_seed11,1,0,meningioma,0.9538946878556896,0.0121741797988362,0.0339311323454741,0,meningioma,0.9538946878556896,919d6f0fb3ca462983d6df6ec06846e41abd9645
densenet121,B,292,106284,image_level_seed11,5,0,meningioma,0.9952110463843488,0.0012161300282028,0.0035728235874482,0,meningioma,0.9952110463843488,919d6f0fb3ca462983d6df6ec06846e41abd9645
densenet121,B,293,106284,image_level_seed11,4,0,meningioma,0.9742225071000378,0.0007117642784486,0.0250657286215136,0,meningioma,0.9742225071000378,919d6f0fb3ca462983d6df6ec06846e41abd9645
densenet121,B,294,106442,image_level_seed11,5,0,meningioma,0.9997030149484608,0.0002460125681817,5.0972483357506485e-05,0,meningioma,0.9997030149484608,919d6f0fb3ca462983d6df6ec06846e41abd9645
densenet121,B,295,106442,image_level_seed11,4,0,meningioma,0.999825993498054,0.000165786299219,8.220202727155585e-06,0,meningioma,0.999825993498054,919d6f0fb3ca462983d6df6ec06846e41abd9645
densenet121,B,296,106442,image_level_seed11,4,0,meningioma,0.9995519849978144,0.0003933324528458,5.468254933963955e-05,0,meningioma,0.9995519849978144,919d6f0fb3ca462983d6df6ec06846e41abd9645
densenet121,B,297,106534,image_level_seed11,5,0,meningioma,0.999310450207959,0.0001636819458113,0.0005258678462297,0,meningioma,0.999310450207959,919d6f0fb3ca462983d6df6ec06846e41abd9645
densenet121,B,298,106534,image_level_seed11,2,0,meningioma,0.9798352642152768,0.0200786599458742,8.607583884914811e-05,0,meningioma,0.9798352642152768,919d6f0fb3ca462983d6df6ec06846e41abd9645
densenet121,B,299,106665,image_level_seed11,1,0,meningioma,0.9998211520123312,8.58047226414885e-05,9.304326502743878e-05,0,meningioma,0.9998211520123312,919d6f0fb3ca462983d6df6ec06846e41abd9645
densenet121,B,300,106665,image_level_seed11,2,0,meningioma,0.99849362713629,0.0011356221058983,0.0003707507578115,0,meningioma,0.99849362713629,919d6f0fb3ca462983d6df6ec06846e41abd9645
densenet121,B,301,106665,image_level_seed11,4,0,meningioma,0.9991618292282612,0.0002795535241163,0.0005586172476222,0,meningioma,0.9991618292282612,919d6f0fb3ca462983d6df6ec06846e41abd9645
densenet121,B,302,106665,image_level_seed11,4,0,meningioma,0.9983745412271752,0.0009927636934996,0.0006326950793252,0,meningioma,0.9983745412271752,919d6f0fb3ca462983d6df6ec06846e41abd9645
densenet121,B,303,106665,image_level_seed11,3,0,meningioma,0.9835921754768484,0.0068686205594581,0.0095392039636935,0,meningioma,0.9835921754768484,919d6f0fb3ca462983d6df6ec06846e41abd9645
densenet121,B,304,106720,image_level_seed11,4,0,meningioma,0.9988025406284208,0.0008930361956191,0.0003044231759601,0,meningioma,0.9988025406284208,919d6f0fb3ca462983d6df6ec06846e41abd9645
densenet121,B,305,106720,image_level_seed11,5,0,meningioma,0.9807574115805694,0.0176534020101883,0.0015891864092422,0,meningioma,0.9807574115805694,919d6f0fb3ca462983d6df6ec06846e41abd9645
densenet121,B,306,106720,image_level_seed11,2,0,meningioma,0.9883038882770128,0.0052065568908624,0.0064895548321249,0,meningioma,0.9883038882770128,919d6f0fb3ca462983d6df6ec06846e41abd9645
densenet121,B,307,106720,image_level_seed11,4,0,meningioma,0.997738082974059,0.0012879863816035,0.0009739306443373,0,meningioma,0.997738082974059,919d6f0fb3ca462983d6df6ec06846e41abd9645
densenet121,B,308,106720,image_level_seed11,4,0,meningioma,0.9976528329926504,0.0016431736867308,0.0007039933206186,0,meningioma,0.9976528329926504,919d6f0fb3ca462983d6df6ec06846e41abd9645
densenet121,B,309,106720,image_level_seed11,5,0,meningioma,0.977284193395166,0.0209644588247248,0.0017513477801089,0,meningioma,0.977284193395166,919d6f0fb3ca462983d6df6ec06846e41abd9645
densenet121,B,310,106720,image_level_seed11,4,0,meningioma,0.6251632847890705,0.3654680968082259,0.0093686184027037,0,meningioma,0.6251632847890705,919d6f0fb3ca462983d6df6ec06846e41abd9645
densenet121,B,311,106914,image_level_seed11,2,0,meningioma,0.9996960267717138,0.0002523309359807,5.1642292305473125e-05,0,meningioma,0.9996960267717138,919d6f0fb3ca462983d6df6ec06846e41abd9645
densenet121,B,312,106914,image_level_seed11,5,0,meningioma,0.9999263890304432,4.259449683475054e-05,3.1016472721840746e-05,0,meningioma,0.9999263890304432,919d6f0fb3ca462983d6df6ec06846e41abd9645
densenet121,B,313,106914,image_level_seed11,2,0,meningioma,0.9966469160154194,0.0030907770307216,0.0002623069538588,0,meningioma,0.9966469160154194,919d6f0fb3ca462983d6df6ec06846e41abd9645
densenet121,B,314,106914,image_level_seed11,3,0,meningioma,0.9931683262775504,0.0040344999196927,0.0027971738027571,0,meningioma,0.9931683262775504,919d6f0fb3ca462983d6df6ec06846e41abd9645
densenet121,B,315,107190,image_level_seed11,1,0,meningioma,0.9764367263594396,0.0229870319100362,0.0005762417305242,0,meningioma,0.9764367263594396,919d6f0fb3ca462983d6df6ec06846e41abd9645
densenet121,B,316,107248,image_level_seed11,4,0,meningioma,0.9956082096949228,0.0034930818678913,0.000898708437186,0,meningioma,0.9956082096949228,919d6f0fb3ca462983d6df6ec06846e41abd9645
densenet121,B,317,107248,image_level_seed11,2,0,meningioma,0.9429476750909628,0.0362640998752633,0.0207882250337736,0,meningioma,0.9429476750909628,919d6f0fb3ca462983d6df6ec06846e41abd9645
densenet121,B,318,107248,image_level_seed11,1,0,meningioma,0.9923048513734356,0.0070920823937045,0.0006030662328599,0,meningioma,0.9923048513734356,919d6f0fb3ca462983d6df6ec06846e41abd9645
densenet121,B,319,107248,image_level_seed11,5,0,meningioma,0.9948634915952396,0.0039545128698717,0.0011819955348887,0,meningioma,0.9948634915952396,919d6f0fb3ca462983d6df6ec06846e41abd9645
densenet121,B,320,107494,image_level_seed11,1,0,meningioma,0.9954941366043596,0.0037869644725546,0.0007188989230856,0,meningioma,0.9954941366043596,919d6f0fb3ca462983d6df6ec06846e41abd9645
densenet121,B,321,107494,image_level_seed11,1,0,meningioma,0.99967766346613,0.0002493735299881,7.296300388188296e-05,0,meningioma,0.99967766346613,919d6f0fb3ca462983d6df6ec06846e41abd9645
densenet121,B,322,107494,image_level_seed11,4,0,meningioma,0.9988380972953236,0.0006544360969104,0.000507466607766,0,meningioma,0.9988380972953236,919d6f0fb3ca462983d6df6ec06846e41abd9645
densenet121,B,323,107494,image_level_seed11,4,0,meningioma,0.9970880371028752,0.0010630376877867,0.0018489252093378,0,meningioma,0.9970880371028752,919d6f0fb3ca462983d6df6ec06846e41abd9645
densenet121,B,324,107494,image_level_seed11,3,0,meningioma,0.9947922744523924,0.0043301966015038,0.0008775289461036,0,meningioma,0.9947922744523924,919d6f0fb3ca462983d6df6ec06846e41abd9645
densenet121,B,325,107494,image_level_seed11,4,0,meningioma,0.9992393057146391,0.0006208848535527,0.0001398094318079,0,meningioma,0.9992393057146391,919d6f0fb3ca462983d6df6ec06846e41abd9645
densenet121,B,326,108514,image_level_seed11,2,0,meningioma,0.99977181830814,0.0002205782524554,7.603439404661763e-06,0,meningioma,0.99977181830814,919d6f0fb3ca462983d6df6ec06846e41abd9645
densenet121,B,327,108514,image_level_seed11,1,0,meningioma,0.9999655212498116,3.168436434822881e-05,2.7943858400423857e-06,0,meningioma,0.9999655212498116,919d6f0fb3ca462983d6df6ec06846e41abd9645
densenet121,B,328,108514,image_level_seed11,5,0,meningioma,0.9947744266973388,0.0050168330435611,0.0002087402590999,0,meningioma,0.9947744266973388,919d6f0fb3ca462983d6df6ec06846e41abd9645
densenet121,B,329,108514,image_level_seed11,3,0,meningioma,0.9997536432363104,0.0002126203586836,3.373640500591127e-05,0,meningioma,0.9997536432363104,919d6f0fb3ca462983d6df6ec06846e41abd9645
densenet121,B,330,108514,image_level_seed11,2,0,meningioma,0.9992984407720852,0.000641087087368,6.0472140546854624e-05,0,meningioma,0.9992984407720852,919d6f0fb3ca462983d6df6ec06846e41abd9645
densenet121,B,331,108514,image_level_seed11,4,0,meningioma,0.9994136644686952,0.0005578597443138,2.8475786990776957e-05,0,meningioma,0.9994136644686952,919d6f0fb3ca462983d6df6ec06846e41abd9645
densenet121,B,332,108550,image_level_seed11,3,0,meningioma,0.9985721899353972,0.0009970698808025,0.0004307401838004,0,meningioma,0.9985721899353972,919d6f0fb3ca462983d6df6ec06846e41abd9645
densenet121,B,333,108550,image_level_seed11,2,0,meningioma,0.99944807217322,0.000507334639258,4.459318752187637e-05,0,meningioma,0.99944807217322,919d6f0fb3ca462983d6df6ec06846e41abd9645
densenet121,B,334,108590,image_level_seed11,4,0,meningioma,0.9990892702946664,0.0003707800466453,0.0005399496586883,0,meningioma,0.9990892702946664,919d6f0fb3ca462983d6df6ec06846e41abd9645
densenet121,B,335,108590,image_level_seed11,2,0,meningioma,0.9998551949095554,0.0001054769322979,3.932815814654221e-05,0,meningioma,0.9998551949095554,919d6f0fb3ca462983d6df6ec06846e41abd9645
densenet121,B,336,108945,image_level_seed11,2,0,meningioma,0.9993685677743452,0.0004013120401831,0.0002301201854717,0,meningioma,0.9993685677743452,919d6f0fb3ca462983d6df6ec06846e41abd9645
densenet121,B,337,108945,image_level_seed11,5,0,meningioma,0.9975737744719304,0.0012953042993125,0.001130921228757,0,meningioma,0.9975737744719304,919d6f0fb3ca462983d6df6ec06846e41abd9645
densenet121,B,338,108945,image_level_seed11,4,0,meningioma,0.998596099635882,0.0011807994571407,0.0002231009069769,0,meningioma,0.998596099635882,919d6f0fb3ca462983d6df6ec06846e41abd9645
densenet121,B,339,108945,image_level_seed11,3,0,meningioma,0.2948829859699665,0.7037191252672973,0.0013978887627361,1,glioma,0.7037191252672973,919d6f0fb3ca462983d6df6ec06846e41abd9645
densenet121,B,340,109411,image_level_seed11,2,0,meningioma,0.7028477474370967,0.2970017466304607,0.0001505059324426,0,meningioma,0.7028477474370967,919d6f0fb3ca462983d6df6ec06846e41abd9645
densenet121,B,341,109968,image_level_seed11,1,0,meningioma,0.9997317140358843,0.0002669263183229,1.3596457925750536e-06,0,meningioma,0.9997317140358843,919d6f0fb3ca462983d6df6ec06846e41abd9645
densenet121,B,342,109968,image_level_seed11,3,0,meningioma,0.9997266850849024,0.0002179038925991,5.5411022498481954e-05,0,meningioma,0.9997266850849024,919d6f0fb3ca462983d6df6ec06846e41abd9645
densenet121,B,343,109968,image_level_seed11,5,0,meningioma,0.9997013063484408,0.0002715962960849,2.709735547438209e-05,0,meningioma,0.9997013063484408,919d6f0fb3ca462983d6df6ec06846e41abd9645
densenet121,B,344,109968,image_level_seed11,4,0,meningioma,0.9999483607861356,4.260283681346887e-05,9.03637705096282e-06,0,meningioma,0.9999483607861356,919d6f0fb3ca462983d6df6ec06846e41abd9645
densenet121,B,345,110116,image_level_seed11,5,0,meningioma,0.0024222966977544,0.0006486157077473,0.9969290875944982,2,pituitary,0.9969290875944982,919d6f0fb3ca462983d6df6ec06846e41abd9645
densenet121,B,346,110116,image_level_seed11,2,0,meningioma,0.9946402966302348,0.001398859605703,0.0039608437640619,0,meningioma,0.9946402966302348,919d6f0fb3ca462983d6df6ec06846e41abd9645
densenet121,B,347,110116,image_level_seed11,3,0,meningioma,0.992062333857502,0.0001758001104483,0.0077618660320495,0,meningioma,0.992062333857502,919d6f0fb3ca462983d6df6ec06846e41abd9645
densenet121,B,348,110116,image_level_seed11,5,0,meningioma,0.4860003304838263,0.0121210079889869,0.5018786615271866,2,pituitary,0.5018786615271866,919d6f0fb3ca462983d6df6ec06846e41abd9645
densenet121,B,349,111077,image_level_seed11,4,0,meningioma,0.9894183766336996,0.0095453965914726,0.0010362267748276,0,meningioma,0.9894183766336996,919d6f0fb3ca462983d6df6ec06846e41abd9645
densenet121,B,350,111077,image_level_seed11,2,0,meningioma,0.998919450235648,0.0002639963470698,0.0008165534172823,0,meningioma,0.998919450235648,919d6f0fb3ca462983d6df6ec06846e41abd9645
densenet121,B,351,111077,image_level_seed11,3,0,meningioma,0.9964606353831108,0.0011239893246263,0.0024153752922628,0,meningioma,0.9964606353831108,919d6f0fb3ca462983d6df6ec06846e41abd9645
densenet121,B,352,111077,image_level_seed11,1,0,meningioma,0.9993506014172464,8.571736375366425e-05,0.0005636812189998,0,meningioma,0.9993506014172464,919d6f0fb3ca462983d6df6ec06846e41abd9645
densenet121,B,353,111366,image_level_seed11,1,0,meningioma,0.9577938331501156,0.0418617976872795,0.0003443691626048,0,meningioma,0.9577938331501156,919d6f0fb3ca462983d6df6ec06846e41abd9645
densenet121,B,354,111366,image_level_seed11,3,0,meningioma,0.9993333135614348,0.0002075535482525,0.0004591328903126,0,meningioma,0.9993333135614348,919d6f0fb3ca462983d6df6ec06846e41abd9645
densenet121,B,355,111366,image_level_seed11,2,0,meningioma,0.9991064105194049,0.0001677418449373,0.0007258476356578,0,meningioma,0.9991064105194049,919d6f0fb3ca462983d6df6ec06846e41abd9645
densenet121,B,356,111366,image_level_seed11,4,0,meningioma,0.9990928464965936,0.000538324526624,0.0003688289767825,0,meningioma,0.9990928464965936,919d6f0fb3ca462983d6df6ec06846e41abd9645
densenet121,B,357,111532,image_level_seed11,3,0,meningioma,0.9992132459098734,0.0004444542210536,0.0003422998690729,0,meningioma,0.9992132459098734,919d6f0fb3ca462983d6df6ec06846e41abd9645
densenet121,B,358,111532,image_level_seed11,2,0,meningioma,0.9993977809305618,0.0005581437591188,4.407531031927835e-05,0,meningioma,0.9993977809305618,919d6f0fb3ca462983d6df6ec06846e41abd9645
densenet121,B,359,111532,image_level_seed11,3,0,meningioma,0.9985992207639168,0.0013076885578893,9.309067819371954e-05,0,meningioma,0.9985992207639168,919d6f0fb3ca462983d6df6ec06846e41abd9645
densenet121,B,360,111532,image_level_seed11,2,0,meningioma,0.9997208501001992,0.0002691349007932,1.0014999007439772e-05,0,meningioma,0.9997208501001992,919d6f0fb3ca462983d6df6ec06846e41abd9645
densenet121,B,361,111532,image_level_seed11,1,0,meningioma,0.9998280612435602,0.0001598923525114,1.2046403928308315e-05,0,meningioma,0.9998280612435602,919d6f0fb3ca462983d6df6ec06846e41abd9645
densenet121,B,362,112002,image_level_seed11,5,0,meningioma,0.9659605013402728,0.0246277243352283,0.009411774324499,0,meningioma,0.9659605013402728,919d6f0fb3ca462983d6df6ec06846e41abd9645
densenet121,B,363,112002,image_level_seed11,5,0,meningioma,0.9988624887811628,0.0006525034734483,0.0004850077453887,0,meningioma,0.9988624887811628,919d6f0fb3ca462983d6df6ec06846e41abd9645
densenet121,B,364,112002,image_level_seed11,4,0,meningioma,0.9837688658762164,0.0119010918622693,0.0043300422615143,0,meningioma,0.9837688658762164,919d6f0fb3ca462983d6df6ec06846e41abd9645
densenet121,B,365,112002,image_level_seed11,2,0,meningioma,0.9903376922903696,0.0051709318145204,0.00449137589511,0,meningioma,0.9903376922903696,919d6f0fb3ca462983d6df6ec06846e41abd9645
densenet121,B,366,112062,image_level_seed11,1,0,meningioma,0.9973510648475714,0.0026286673760783,2.026777635006135e-05,0,meningioma,0.9973510648475714,919d6f0fb3ca462983d6df6ec06846e41abd9645
densenet121,B,367,112062,image_level_seed11,2,0,meningioma,0.9998323209483514,0.0001612233729919,6.455678656608438e-06,0,meningioma,0.9998323209483514,919d6f0fb3ca462983d6df6ec06846e41abd9645
densenet121,B,368,112062,image_level_seed11,3,0,meningioma,0.9988902309878808,0.0008682747512335,0.0002414942608858,0,meningioma,0.9988902309878808,919d6f0fb3ca462983d6df6ec06846e41abd9645
densenet121,B,369,112062,image_level_seed11,1,0,meningioma,0.997842262399883,0.0021079192842845,4.981831583241114e-05,0,meningioma,0.997842262399883,919d6f0fb3ca462983d6df6ec06846e41abd9645
densenet121,B,370,112252,image_level_seed11,5,0,meningioma,0.9995286193087698,0.0003614275205773,0.0001099531706527,0,meningioma,0.9995286193087698,919d6f0fb3ca462983d6df6ec06846e41abd9645
densenet121,B,371,112252,image_level_seed11,5,0,meningioma,0.9994982745973846,0.0004131006400293,8.862476258615365e-05,0,meningioma,0.9994982745973846,919d6f0fb3ca462983d6df6ec06846e41abd9645
densenet121,B,372,112552,image_level_seed11,5,0,meningioma,0.9980486799693812,0.0018265530714632,0.0001247669591554,0,meningioma,0.9980486799693812,919d6f0fb3ca462983d6df6ec06846e41abd9645
densenet121,B,373,112552,image_level_seed11,5,0,meningioma,0.9990109008397186,0.0008784560092216,0.0001106431510596,0,meningioma,0.9990109008397186,919d6f0fb3ca462983d6df6ec06846e41abd9645
densenet121,B,374,112552,image_level_seed11,5,0,meningioma,0.9952031666768576,0.0022148032787867,0.0025820300443558,0,meningioma,0.9952031666768576,919d6f0fb3ca462983d6df6ec06846e41abd9645
densenet121,B,375,112552,image_level_seed11,4,0,meningioma,0.9993721557049232,6.325116593936744e-05,0.0005645931291374,0,meningioma,0.9993721557049232,919d6f0fb3ca462983d6df6ec06846e41abd9645
densenet121,B,376,112552,image_level_seed11,3,0,meningioma,0.9993870233020808,0.0004929956469901,0.0001199810509291,0,meningioma,0.9993870233020808,919d6f0fb3ca462983d6df6ec06846e41abd9645
densenet121,B,377,112552,image_level_seed11,4,0,meningioma,0.9975415080871328,0.001122394140214,0.0013360977726528,0,meningioma,0.9975415080871328,919d6f0fb3ca462983d6df6ec06846e41abd9645
densenet121,B,378,112552,image_level_seed11,4,0,meningioma,0.9927557299017358,0.0064340237569073,0.0008102463413568,0,meningioma,0.9927557299017358,919d6f0fb3ca462983d6df6ec06846e41abd9645
densenet121,B,379,112648,image_level_seed11,5,0,meningioma,0.9988160679776716,0.0011215722805461,6.235974178230617e-05,0,meningioma,0.9988160679776716,919d6f0fb3ca462983d6df6ec06846e41abd9645
densenet121,B,380,112648,image_level_seed11,2,0,meningioma,0.9990098602619611,0.0009788603658706,1.1279372168196333e-05,0,meningioma,0.9990098602619611,919d6f0fb3ca462983d6df6ec06846e41abd9645
densenet121,B,381,112648,image_level_seed11,2,0,meningioma,0.9996101343378786,0.0003437897748737,4.60758872474328e-05,0,meningioma,0.9996101343378786,919d6f0fb3ca462983d6df6ec06846e41abd9645
densenet121,B,382,113435,image_level_seed11,5,0,meningioma,0.9780962391202,0.0215643471720767,0.0003394137077232,0,meningioma,0.9780962391202,919d6f0fb3ca462983d6df6ec06846e41abd9645
densenet121,B,383,113435,image_level_seed11,3,0,meningioma,0.9980365154291976,0.000466294990451,0.0014971895803513,0,meningioma,0.9980365154291976,919d6f0fb3ca462983d6df6ec06846e41abd9645
densenet121,B,384,113435,image_level_seed11,2,0,meningioma,0.9981590279399504,0.0015143184699201,0.0003266535901295,0,meningioma,0.9981590279399504,919d6f0fb3ca462983d6df6ec06846e41abd9645
densenet121,B,385,113435,image_level_seed11,3,0,meningioma,0.9986223350948844,0.0011396731844188,0.0002379917206966,0,meningioma,0.9986223350948844,919d6f0fb3ca462983d6df6ec06846e41abd9645
densenet121,B,386,113435,image_level_seed11,2,0,meningioma,0.9960132203194998,0.0037990849198399,0.0001876947606602,0,meningioma,0.9960132203194998,919d6f0fb3ca462983d6df6ec06846e41abd9645
densenet121,B,387,113435,image_level_seed11,3,0,meningioma,0.9469539869186924,0.0491107125628879,0.0039353005184198,0,meningioma,0.9469539869186924,919d6f0fb3ca462983d6df6ec06846e41abd9645
densenet121,B,388,113435,image_level_seed11,3,0,meningioma,0.9950915583892868,0.0023370382946217,0.0025714033160914,0,meningioma,0.9950915583892868,919d6f0fb3ca462983d6df6ec06846e41abd9645
densenet121,B,389,113435,image_level_seed11,3,0,meningioma,0.9983484173978128,0.0011595631115512,0.0004920194906358,0,meningioma,0.9983484173978128,919d6f0fb3ca462983d6df6ec06846e41abd9645
densenet121,B,390,113554,image_level_seed11,1,0,meningioma,0.9963350912707466,0.0035633853469961,0.0001015233822573,0,meningioma,0.9963350912707466,919d6f0fb3ca462983d6df6ec06846e41abd9645
densenet121,B,391,113554,image_level_seed11,4,0,meningioma,0.9994500810811114,0.0004175947957516,0.0001323241231369,0,meningioma,0.9994500810811114,919d6f0fb3ca462983d6df6ec06846e41abd9645
densenet121,B,392,113554,image_level_seed11,3,0,meningioma,0.9992936083430112,0.0006452409946047,6.115066238395248e-05,0,meningioma,0.9992936083430112,919d6f0fb3ca462983d6df6ec06846e41abd9645
densenet121,B,393,113805,image_level_seed11,2,0,meningioma,0.2607597701345073,0.7347512773820156,0.0044889524834769,1,glioma,0.7347512773820156,919d6f0fb3ca462983d6df6ec06846e41abd9645
densenet121,B,394,113805,image_level_seed11,2,0,meningioma,0.9795388198329916,0.0153857145593784,0.00507546560763,0,meningioma,0.9795388198329916,919d6f0fb3ca462983d6df6ec06846e41abd9645
densenet121,B,395,114018,image_level_seed11,2,0,meningioma,0.9941402563837658,0.0052565925776562,0.0006031510385778,0,meningioma,0.9941402563837658,919d6f0fb3ca462983d6df6ec06846e41abd9645
densenet121,B,396,114018,image_level_seed11,5,0,meningioma,0.9929784689952744,0.0003958809930759,0.0066256500116497,0,meningioma,0.9929784689952744,919d6f0fb3ca462983d6df6ec06846e41abd9645
densenet121,B,397,114018,image_level_seed11,4,0,meningioma,0.9971972268199352,0.0002950475156715,0.0025077256643931,0,meningioma,0.9971972268199352,919d6f0fb3ca462983d6df6ec06846e41abd9645
densenet121,B,398,114018,image_level_seed11,3,0,meningioma,0.9982992712050212,0.0011959710529751,0.0005047577420037,0,meningioma,0.9982992712050212,919d6f0fb3ca462983d6df6ec06846e41abd9645
densenet121,B,399,114359,image_level_seed11,5,0,meningioma,0.9990627805833296,0.0009167862079186,2.043320875179926e-05,0,meningioma,0.9990627805833296,919d6f0fb3ca462983d6df6ec06846e41abd9645
densenet121,B,400,114359,image_level_seed11,5,0,meningioma,0.9993447358429388,0.0006315496010278,2.3714556033181023e-05,0,meningioma,0.9993447358429388,919d6f0fb3ca462983d6df6ec06846e41abd9645
densenet121,B,401,114359,image_level_seed11,2,0,meningioma,0.998830899877675,0.0008542848685473,0.0003148152537777,0,meningioma,0.998830899877675,919d6f0fb3ca462983d6df6ec06846e41abd9645
densenet121,B,402,114359,image_level_seed11,2,0,meningioma,0.9984077494632518,0.0009892994751267,0.0006029510616214,0,meningioma,0.9984077494632518,919d6f0fb3ca462983d6df6ec06846e41abd9645
densenet121,B,403,114359,image_level_seed11,4,0,meningioma,0.9983872876906232,0.0013859838899723,0.0002267284194042,0,meningioma,0.9983872876906232,919d6f0fb3ca462983d6df6ec06846e41abd9645
densenet121,B,404,114359,image_level_seed11,5,0,meningioma,0.6524072034460213,0.3474501196010046,0.0001426769529741,0,meningioma,0.6524072034460213,919d6f0fb3ca462983d6df6ec06846e41abd9645
densenet121,B,405,97607,image_level_seed11,1,0,meningioma,0.9998664409361876,6.550362824862776e-05,6.80554355636262e-05,0,meningioma,0.9998664409361876,919d6f0fb3ca462983d6df6ec06846e41abd9645
densenet121,B,406,97607,image_level_seed11,5,0,meningioma,0.9996271770737764,0.0001134337915629,0.0002593891346606,0,meningioma,0.9996271770737764,919d6f0fb3ca462983d6df6ec06846e41abd9645
densenet121,B,407,97607,image_level_seed11,2,0,meningioma,0.9998205702785324,0.0001515955749857,2.7834146481593153e-05,0,meningioma,0.9998205702785324,919d6f0fb3ca462983d6df6ec06846e41abd9645
densenet121,B,408,97737,image_level_seed11,3,0,meningioma,0.9995442716281768,0.0001779977008734,0.0002777306709496,0,meningioma,0.9995442716281768,919d6f0fb3ca462983d6df6ec06846e41abd9645
densenet121,B,409,97737,image_level_seed11,3,0,meningioma,0.9995556429547292,5.941365948898362e-05,0.0003849433857818,0,meningioma,0.9995556429547292,919d6f0fb3ca462983d6df6ec06846e41abd9645
densenet121,B,410,97737,image_level_seed11,4,0,meningioma,0.998939366253946,2.576166643530679e-05,0.0010348720796189,0,meningioma,0.998939366253946,919d6f0fb3ca462983d6df6ec06846e41abd9645
densenet121,B,411,97737,image_level_seed11,3,0,meningioma,0.99454902424812,7.280328787905943e-05,0.0053781724640007,0,meningioma,0.99454902424812,919d6f0fb3ca462983d6df6ec06846e41abd9645
densenet121,B,412,97737,image_level_seed11,3,0,meningioma,0.9994245954415532,6.502592975782095e-05,0.0005103786286889,0,meningioma,0.9994245954415532,919d6f0fb3ca462983d6df6ec06846e41abd9645
densenet121,B,413,97737,image_level_seed11,5,0,meningioma,0.9981253398903908,0.000580161771196,0.001294498338413,0,meningioma,0.9981253398903908,919d6f0fb3ca462983d6df6ec06846e41abd9645
densenet121,B,414,97875,image_level_seed11,4,0,meningioma,0.9974992889385972,9.05496062426972e-05,0.0024101614551601,0,meningioma,0.9974992889385972,919d6f0fb3ca462983d6df6ec06846e41abd9645
densenet121,B,415,97875,image_level_seed11,4,0,meningioma,0.9981555833224012,4.494834136629982e-05,0.0017994683362326,0,meningioma,0.9981555833224012,919d6f0fb3ca462983d6df6ec06846e41abd9645
densenet121,B,416,97875,image_level_seed11,5,0,meningioma,0.9985426015321828,0.0001003787575252,0.0013570197102918,0,meningioma,0.9985426015321828,919d6f0fb3ca462983d6df6ec06846e41abd9645
densenet121,B,417,97875,image_level_seed11,1,0,meningioma,0.999986753080661,4.799093272260027e-06,8.44782606660023e-06,0,meningioma,0.999986753080661,919d6f0fb3ca462983d6df6ec06846e41abd9645
densenet121,B,418,97943,image_level_seed11,1,0,meningioma,0.9999879300469946,1.0818590690996532e-05,1.2513623145945554e-06,0,meningioma,0.9999879300469946,919d6f0fb3ca462983d6df6ec06846e41abd9645
densenet121,B,419,97943,image_level_seed11,5,0,meningioma,0.9994026483640108,0.0002218990144129,0.0003754526215761,0,meningioma,0.9994026483640108,919d6f0fb3ca462983d6df6ec06846e41abd9645
densenet121,B,420,97943,image_level_seed11,2,0,meningioma,0.9998162296429224,0.0001509870562156,3.278330086201495e-05,0,meningioma,0.9998162296429224,919d6f0fb3ca462983d6df6ec06846e41abd9645
densenet121,B,421,97943,image_level_seed11,5,0,meningioma,0.999693710060418,0.0002307997775528,7.549016202910323e-05,0,meningioma,0.999693710060418,919d6f0fb3ca462983d6df6ec06846e41abd9645
densenet121,B,422,97943,image_level_seed11,3,0,meningioma,0.0183306434613583,0.9813254334507274,0.0003439230879143,1,glioma,0.9813254334507274,919d6f0fb3ca462983d6df6ec06846e41abd9645
densenet121,B,423,98241,image_level_seed11,2,0,meningioma,0.9982374163036624,0.0004044687228732,0.0013581149734644,0,meningioma,0.9982374163036624,919d6f0fb3ca462983d6df6ec06846e41abd9645
densenet121,B,424,98241,image_level_seed11,2,0,meningioma,0.99647676071961,0.0005289897464288,0.0029942495339609,0,meningioma,0.99647676071961,919d6f0fb3ca462983d6df6ec06846e41abd9645
densenet121,B,425,98241,image_level_seed11,2,0,meningioma,0.99952823548041,0.000271119404046,0.0002006451155436,0,meningioma,0.99952823548041,919d6f0fb3ca462983d6df6ec06846e41abd9645
densenet121,B,426,98241,image_level_seed11,5,0,meningioma,0.995727032905376,0.0007326385206636,0.0035403285739604,0,meningioma,0.995727032905376,919d6f0fb3ca462983d6df6ec06846e41abd9645
densenet121,B,427,98241,image_level_seed11,4,0,meningioma,0.99980557586959,4.929009325156419e-05,0.0001451340371583,0,meningioma,0.99980557586959,919d6f0fb3ca462983d6df6ec06846e41abd9645
densenet121,B,428,98241,image_level_seed11,5,0,meningioma,0.9996864337394484,0.0001079750020205,0.0002055912585309,0,meningioma,0.9996864337394484,919d6f0fb3ca462983d6df6ec06846e41abd9645
densenet121,B,429,98241,image_level_seed11,4,0,meningioma,0.9986381782632272,0.0001786510884615,0.0011831706483113,0,meningioma,0.9986381782632272,919d6f0fb3ca462983d6df6ec06846e41abd9645
densenet121,B,430,99017,image_level_seed11,5,0,meningioma,0.9930493001155842,0.0044623453061795,0.0024883545782361,0,meningioma,0.9930493001155842,919d6f0fb3ca462983d6df6ec06846e41abd9645
densenet121,B,431,99017,image_level_seed11,2,0,meningioma,0.9982076278255096,0.0009039642404542,0.0008884079340361,0,meningioma,0.9982076278255096,919d6f0fb3ca462983d6df6ec06846e41abd9645
densenet121,B,432,99089,image_level_seed11,1,0,meningioma,0.9960442421028138,0.0005862594986382,0.0033694983985477,0,meningioma,0.9960442421028138,919d6f0fb3ca462983d6df6ec06846e41abd9645
densenet121,B,433,99089,image_level_seed11,5,0,meningioma,0.9985610451427812,0.0003315888558654,0.0011073660013532,0,meningioma,0.9985610451427812,919d6f0fb3ca462983d6df6ec06846e41abd9645
densenet121,B,434,99089,image_level_seed11,3,0,meningioma,0.9911476827992632,0.0009117050926044,0.0079406121081325,0,meningioma,0.9911476827992632,919d6f0fb3ca462983d6df6ec06846e41abd9645
densenet121,B,435,99089,image_level_seed11,5,0,meningioma,0.9816896442990424,0.0011980085374849,0.0171123471634726,0,meningioma,0.9816896442990424,919d6f0fb3ca462983d6df6ec06846e41abd9645
densenet121,B,436,99089,image_level_seed11,2,0,meningioma,0.9967118383543764,0.0001360529240029,0.0031521087216206,0,meningioma,0.9967118383543764,919d6f0fb3ca462983d6df6ec06846e41abd9645
densenet121,B,437,99288,image_level_seed11,2,0,meningioma,0.8688753201203144,0.1299125106015969,0.0012121692780887,0,meningioma,0.8688753201203144,919d6f0fb3ca462983d6df6ec06846e41abd9645
densenet121,B,438,99308,image_level_seed11,2,0,meningioma,0.9989588726665244,0.000943844162159,9.728317131656904e-05,0,meningioma,0.9989588726665244,919d6f0fb3ca462983d6df6ec06846e41abd9645
densenet121,B,439,99308,image_level_seed11,5,0,meningioma,0.984483982327892,0.0108609748010269,0.0046550428710808,0,meningioma,0.984483982327892,919d6f0fb3ca462983d6df6ec06846e41abd9645
densenet121,B,440,99308,image_level_seed11,5,0,meningioma,0.997521491812824,0.0009631316069396,0.0015153765802362,0,meningioma,0.997521491812824,919d6f0fb3ca462983d6df6ec06846e41abd9645
densenet121,B,441,99308,image_level_seed11,1,0,meningioma,0.9977833910160988,0.0021372464622343,7.936252166676445e-05,0,meningioma,0.9977833910160988,919d6f0fb3ca462983d6df6ec06846e41abd9645
densenet121,B,442,100360,image_level_seed11,4,0,meningioma,0.9964604550379236,0.0028651002029589,0.0006744447591173,0,meningioma,0.9964604550379236,919d6f0fb3ca462983d6df6ec06846e41abd9645
densenet121,B,443,100360,image_level_seed11,5,0,meningioma,0.9953654544466668,0.00337886253435,0.0012556830189831,0,meningioma,0.9953654544466668,919d6f0fb3ca462983d6df6ec06846e41abd9645
densenet121,B,444,100360,image_level_seed11,4,0,meningioma,0.9994414893283036,0.0004685729572515,8.993771444475687e-05,0,meningioma,0.9994414893283036,919d6f0fb3ca462983d6df6ec06846e41abd9645
densenet121,B,445,100360,image_level_seed11,5,0,meningioma,0.9953958450419358,0.0043182085280785,0.0002859464299856,0,meningioma,0.9953958450419358,919d6f0fb3ca462983d6df6ec06846e41abd9645
densenet121,B,446,100360,image_level_seed11,5,0,meningioma,0.9862816145043702,0.0133255346121885,0.0003928508834411,0,meningioma,0.9862816145043702,919d6f0fb3ca462983d6df6ec06846e41abd9645
densenet121,B,447,100360,image_level_seed11,5,0,meningioma,0.9962757130203864,0.0017985653479769,0.0019257216316365,0,meningioma,0.9962757130203864,919d6f0fb3ca462983d6df6ec06846e41abd9645
densenet121,B,448,100572,image_level_seed11,3,0,meningioma,0.5237665863363646,0.0008961601883242,0.4753372534753112,0,meningioma,0.5237665863363646,919d6f0fb3ca462983d6df6ec06846e41abd9645
densenet121,B,449,100572,image_level_seed11,5,0,meningioma,0.8614570557378943,0.067923013209775,0.0706199310523306,0,meningioma,0.8614570557378943,919d6f0fb3ca462983d6df6ec06846e41abd9645
densenet121,B,450,100639,image_level_seed11,4,0,meningioma,0.9967759065076516,0.0031065986705895,0.0001174948217588,0,meningioma,0.9967759065076516,919d6f0fb3ca462983d6df6ec06846e41abd9645
densenet121,B,451,100639,image_level_seed11,1,0,meningioma,0.9937683551369564,0.0056879709624937,0.0005436739005499,0,meningioma,0.9937683551369564,919d6f0fb3ca462983d6df6ec06846e41abd9645
densenet121,B,452,100920,image_level_seed11,4,0,meningioma,0.999601208421774,0.0002067098344633,0.0001920817437625,0,meningioma,0.999601208421774,919d6f0fb3ca462983d6df6ec06846e41abd9645
densenet121,B,453,100920,image_level_seed11,5,0,meningioma,0.9988811676547268,0.0004896727111647,0.0006291596341085,0,meningioma,0.9988811676547268,919d6f0fb3ca462983d6df6ec06846e41abd9645
densenet121,B,454,100920,image_level_seed11,2,0,meningioma,0.9963069413880395,0.0022955023716668,0.0013975562402935,0,meningioma,0.9963069413880395,919d6f0fb3ca462983d6df6ec06846e41abd9645
densenet121,B,455,101016,image_level_seed11,1,0,meningioma,0.9980709982129272,0.0014567611318314,0.0004722406552414,0,meningioma,0.9980709982129272,919d6f0fb3ca462983d6df6ec06846e41abd9645
densenet121,B,456,101016,image_level_seed11,1,0,meningioma,0.997241824486661,0.0023444739075617,0.0004137016057772,0,meningioma,0.997241824486661,919d6f0fb3ca462983d6df6ec06846e41abd9645
densenet121,B,457,101016,image_level_seed11,5,0,meningioma,0.9982272272385688,0.0013498062700066,0.0004229664914245,0,meningioma,0.9982272272385688,919d6f0fb3ca462983d6df6ec06846e41abd9645
densenet121,B,458,101016,image_level_seed11,1,0,meningioma,0.9982393314414306,0.0016375372917216,0.0001231312668475,0,meningioma,0.9982393314414306,919d6f0fb3ca462983d6df6ec06846e41abd9645
densenet121,B,459,101082,image_level_seed11,2,0,meningioma,0.9993062099636248,0.0005128771287577,0.0001809129076172,0,meningioma,0.9993062099636248,919d6f0fb3ca462983d6df6ec06846e41abd9645
densenet121,B,460,101082,image_level_seed11,1,0,meningioma,0.9993065167190496,0.0005660682875961,0.0001274149933542,0,meningioma,0.9993065167190496,919d6f0fb3ca462983d6df6ec06846e41abd9645
densenet121,B,461,101127,image_level_seed11,3,0,meningioma,0.9978137262617458,8.991857410329079e-05,0.0020963551641509,0,meningioma,0.9978137262617458,919d6f0fb3ca462983d6df6ec06846e41abd9645
densenet121,B,462,101127,image_level_seed11,5,0,meningioma,0.3497434579118268,0.0087964919901876,0.6414600500979855,2,pituitary,0.6414600500979855,919d6f0fb3ca462983d6df6ec06846e41abd9645
densenet121,B,463,101127,image_level_seed11,2,0,meningioma,0.9999550564446728,1.692351446695555e-05,2.8020040860125877e-05,0,meningioma,0.9999550564446728,919d6f0fb3ca462983d6df6ec06846e41abd9645
densenet121,B,464,101127,image_level_seed11,5,0,meningioma,0.9963860122747668,0.0026788789543931,0.0009351087708399,0,meningioma,0.9963860122747668,919d6f0fb3ca462983d6df6ec06846e41abd9645
densenet121,B,465,101797,image_level_seed11,5,0,meningioma,0.9988447233400648,0.0010026364962951,0.0001526401636398,0,meningioma,0.9988447233400648,919d6f0fb3ca462983d6df6ec06846e41abd9645
densenet121,B,466,101797,image_level_seed11,2,0,meningioma,0.9923777964754812,0.0005813154062401,0.0070408881182784,0,meningioma,0.9923777964754812,919d6f0fb3ca462983d6df6ec06846e41abd9645
densenet121,B,467,101797,image_level_seed11,4,0,meningioma,0.99786336332385,0.0007835211619139,0.0013531155142359,0,meningioma,0.99786336332385,919d6f0fb3ca462983d6df6ec06846e41abd9645
densenet121,B,468,101797,image_level_seed11,5,0,meningioma,0.9962797042735996,0.0017686347851409,0.0019516609412592,0,meningioma,0.9962797042735996,919d6f0fb3ca462983d6df6ec06846e41abd9645
densenet121,B,469,101797,image_level_seed11,4,0,meningioma,0.9995962600058867,0.0003369444309294,6.679556318366874e-05,0,meningioma,0.9995962600058867,919d6f0fb3ca462983d6df6ec06846e41abd9645
densenet121,B,470,101797,image_level_seed11,1,0,meningioma,0.9864926356584792,0.0134446366931299,6.272764839072834e-05,0,meningioma,0.9864926356584792,919d6f0fb3ca462983d6df6ec06846e41abd9645
densenet121,B,471,101801,image_level_seed11,4,0,meningioma,0.99990706745739,1.7240385187440515e-05,7.569215742239038e-05,0,meningioma,0.99990706745739,919d6f0fb3ca462983d6df6ec06846e41abd9645
densenet121,B,472,101801,image_level_seed11,2,0,meningioma,0.9700436098439172,0.0037846407660039,0.026171749390079,0,meningioma,0.9700436098439172,919d6f0fb3ca462983d6df6ec06846e41abd9645
densenet121,B,473,101801,image_level_seed11,5,0,meningioma,0.9997514230606038,4.4304850981156494e-05,0.000204272088415,0,meningioma,0.9997514230606038,919d6f0fb3ca462983d6df6ec06846e41abd9645
densenet121,B,474,102420,image_level_seed11,5,0,meningioma,0.99592045357459,0.002975408091613,0.0011041383337969,0,meningioma,0.99592045357459,919d6f0fb3ca462983d6df6ec06846e41abd9645
densenet121,B,475,102420,image_level_seed11,3,0,meningioma,0.9967248677475916,0.0006169327629291,0.0026581994894791,0,meningioma,0.9967248677475916,919d6f0fb3ca462983d6df6ec06846e41abd9645
densenet121,B,476,102446,image_level_seed11,2,0,meningioma,0.9999224944753522,7.469386113031432e-05,2.811663517630298e-06,0,meningioma,0.9999224944753522,919d6f0fb3ca462983d6df6ec06846e41abd9645
densenet121,B,477,102446,image_level_seed11,1,0,meningioma,0.990702491622146,0.0089078598755641,0.00038964850229,0,meningioma,0.990702491622146,919d6f0fb3ca462983d6df6ec06846e41abd9645
densenet121,B,478,102675,image_level_seed11,5,0,meningioma,0.9648041384186952,0.0326499706323902,0.0025458909489146,0,meningioma,0.9648041384186952,919d6f0fb3ca462983d6df6ec06846e41abd9645
densenet121,B,479,102675,image_level_seed11,5,0,meningioma,0.8166393601258546,0.1831140602758938,0.0002465795982515,0,meningioma,0.8166393601258546,919d6f0fb3ca462983d6df6ec06846e41abd9645
densenet121,B,480,102714,image_level_seed11,2,0,meningioma,0.997645365935849,0.0018401433366085,0.0005144907275423,0,meningioma,0.997645365935849,919d6f0fb3ca462983d6df6ec06846e41abd9645
densenet121,B,481,102714,image_level_seed11,2,0,meningioma,0.9995918573156992,0.0002551814892462,0.0001529611950543,0,meningioma,0.9995918573156992,919d6f0fb3ca462983d6df6ec06846e41abd9645
densenet121,B,482,102714,image_level_seed11,3,0,meningioma,0.9993025898602844,0.0004927493024503,0.0002046608372654,0,meningioma,0.9993025898602844,919d6f0fb3ca462983d6df6ec06846e41abd9645
densenet121,B,483,102714,image_level_seed11,4,0,meningioma,0.9909467634267,0.0069320326928996,0.0021212038804005,0,meningioma,0.9909467634267,919d6f0fb3ca462983d6df6ec06846e41abd9645
densenet121,B,484,102714,image_level_seed11,5,0,meningioma,0.351006316523258,0.6435038591496699,0.0054898243270719,1,glioma,0.6435038591496699,919d6f0fb3ca462983d6df6ec06846e41abd9645
densenet121,B,485,102818,image_level_seed11,4,0,meningioma,0.9959471807230392,0.0036043648599678,0.0004484544169928,0,meningioma,0.9959471807230392,919d6f0fb3ca462983d6df6ec06846e41abd9645
densenet121,B,486,102818,image_level_seed11,5,0,meningioma,0.9983189929160464,0.0008259319194357,0.0008550751645178,0,meningioma,0.9983189929160464,919d6f0fb3ca462983d6df6ec06846e41abd9645
densenet121,B,487,102818,image_level_seed11,4,0,meningioma,0.9969973687382868,0.0014329567232043,0.0015696745385087,0,meningioma,0.9969973687382868,919d6f0fb3ca462983d6df6ec06846e41abd9645
densenet121,B,488,102818,image_level_seed11,2,0,meningioma,0.4189287307952219,0.5121725434712026,0.0688987257335755,1,glioma,0.5121725434712026,919d6f0fb3ca462983d6df6ec06846e41abd9645
densenet121,B,489,102935,image_level_seed11,3,0,meningioma,0.9997038704220012,0.0001357587754572,0.0001603708025415,0,meningioma,0.9997038704220012,919d6f0fb3ca462983d6df6ec06846e41abd9645
densenet121,B,490,102960,image_level_seed11,4,0,meningioma,0.0131019203719086,0.9859178795153688,0.0009802001127226,1,glioma,0.9859178795153688,919d6f0fb3ca462983d6df6ec06846e41abd9645
densenet121,B,491,102960,image_level_seed11,5,0,meningioma,0.9468518934066966,0.0522360569503372,0.0009120496429662,0,meningioma,0.9468518934066966,919d6f0fb3ca462983d6df6ec06846e41abd9645
densenet121,B,492,102960,image_level_seed11,4,0,meningioma,0.9805574382362744,0.0144160660529368,0.0050264957107887,0,meningioma,0.9805574382362744,919d6f0fb3ca462983d6df6ec06846e41abd9645
densenet121,B,493,102960,image_level_seed11,3,0,meningioma,0.9855246527547012,0.0023921535377568,0.0120831937075417,0,meningioma,0.9855246527547012,919d6f0fb3ca462983d6df6ec06846e41abd9645
densenet121,B,494,102960,image_level_seed11,2,0,meningioma,0.086999770127562,0.6726651273003783,0.2403351025720597,1,glioma,0.6726651273003783,919d6f0fb3ca462983d6df6ec06846e41abd9645
densenet121,B,495,102985,image_level_seed11,1,0,meningioma,0.0535187223076988,0.6087360109408039,0.3377452667514973,1,glioma,0.6087360109408039,919d6f0fb3ca462983d6df6ec06846e41abd9645
densenet121,B,496,103673,image_level_seed11,4,0,meningioma,0.9479774856498964,0.0006988382278,0.0513236761223035,0,meningioma,0.9479774856498964,919d6f0fb3ca462983d6df6ec06846e41abd9645
densenet121,B,497,103673,image_level_seed11,3,0,meningioma,0.9801079155058324,0.0022575158945323,0.0176345685996352,0,meningioma,0.9801079155058324,919d6f0fb3ca462983d6df6ec06846e41abd9645
densenet121,B,498,103673,image_level_seed11,5,0,meningioma,0.2953849490652784,0.0018548604095216,0.7027601905251999,2,pituitary,0.7027601905251999,919d6f0fb3ca462983d6df6ec06846e41abd9645
densenet121,B,499,103673,image_level_seed11,4,0,meningioma,0.9936898647873584,0.0003252470895737,0.0059848881230677,0,meningioma,0.9936898647873584,919d6f0fb3ca462983d6df6ec06846e41abd9645
densenet121,B,500,103673,image_level_seed11,2,0,meningioma,0.977633781556244,0.001533518227326,0.0208327002164299,0,meningioma,0.977633781556244,919d6f0fb3ca462983d6df6ec06846e41abd9645
densenet121,B,501,103925,image_level_seed11,3,0,meningioma,0.8732515591221148,0.002128684300165,0.1246197565777201,0,meningioma,0.8732515591221148,919d6f0fb3ca462983d6df6ec06846e41abd9645
densenet121,B,502,103925,image_level_seed11,5,0,meningioma,0.9890335886304824,0.0085484873858785,0.0024179239836392,0,meningioma,0.9890335886304824,919d6f0fb3ca462983d6df6ec06846e41abd9645
densenet121,B,503,103925,image_level_seed11,4,0,meningioma,0.9865229960194652,0.0103854815082143,0.0030915224723202,0,meningioma,0.9865229960194652,919d6f0fb3ca462983d6df6ec06846e41abd9645
densenet121,B,504,103925,image_level_seed11,4,0,meningioma,0.5439560845375614,0.4440919279316683,0.0119519875307702,0,meningioma,0.5439560845375614,919d6f0fb3ca462983d6df6ec06846e41abd9645
densenet121,B,505,104167,image_level_seed11,5,0,meningioma,0.9917797201614724,0.0040195998733897,0.0042006799651376,0,meningioma,0.9917797201614724,919d6f0fb3ca462983d6df6ec06846e41abd9645
densenet121,B,506,104167,image_level_seed11,2,0,meningioma,0.9913979557417671,0.0013285959258908,0.007273448332342,0,meningioma,0.9913979557417671,919d6f0fb3ca462983d6df6ec06846e41abd9645
densenet121,B,507,104167,image_level_seed11,5,0,meningioma,0.9986791872955388,0.0005183166892759,0.0008024960151854,0,meningioma,0.9986791872955388,919d6f0fb3ca462983d6df6ec06846e41abd9645
densenet121,B,508,104167,image_level_seed11,3,0,meningioma,0.9992407095345364,6.273218291464419e-05,0.0006965582825488,0,meningioma,0.9992407095345364,919d6f0fb3ca462983d6df6ec06846e41abd9645
densenet121,B,509,104167,image_level_seed11,2,0,meningioma,0.9999686189329676,2.1593881366655428e-05,9.787185665901036e-06,0,meningioma,0.9999686189329676,919d6f0fb3ca462983d6df6ec06846e41abd9645
densenet121,B,510,104281,image_level_seed11,3,0,meningioma,0.9991295826034868,0.0001555077646814,0.0007149096318314,0,meningioma,0.9991295826034868,919d6f0fb3ca462983d6df6ec06846e41abd9645
densenet121,B,511,104281,image_level_seed11,5,0,meningioma,0.996287384211431,0.001094410507593,0.0026182052809758,0,meningioma,0.996287384211431,919d6f0fb3ca462983d6df6ec06846e41abd9645
densenet121,B,512,104281,image_level_seed11,3,0,meningioma,0.9995452993771148,0.0001492823520629,0.0003054182708222,0,meningioma,0.9995452993771148,919d6f0fb3ca462983d6df6ec06846e41abd9645
densenet121,B,513,104281,image_level_seed11,3,0,meningioma,0.999955832218523,1.5823935659242475e-05,2.8343845817845213e-05,0,meningioma,0.999955832218523,919d6f0fb3ca462983d6df6ec06846e41abd9645
densenet121,B,514,104695,image_level_seed11,5,0,meningioma,0.7725865613753314,0.2269526509517014,0.000460787672967,0,meningioma,0.7725865613753314,919d6f0fb3ca462983d6df6ec06846e41abd9645
densenet121,B,515,104695,image_level_seed11,4,0,meningioma,0.9967485575044956,0.0030796916941077,0.0001717508013968,0,meningioma,0.9967485575044956,919d6f0fb3ca462983d6df6ec06846e41abd9645
densenet121,B,516,104695,image_level_seed11,4,0,meningioma,0.9994548375298556,0.0004274094085025,0.0001177530616417,0,meningioma,0.9994548375298556,919d6f0fb3ca462983d6df6ec06846e41abd9645
densenet121,B,517,105374,image_level_seed11,2,0,meningioma,0.9997800288557434,0.0001534970372939,6.64741069625718e-05,0,meningioma,0.9997800288557434,919d6f0fb3ca462983d6df6ec06846e41abd9645
densenet121,B,518,105555,image_level_seed11,3,0,meningioma,0.9941096943405292,0.0042303865067711,0.0016599191526998,0,meningioma,0.9941096943405292,919d6f0fb3ca462983d6df6ec06846e41abd9645
densenet121,B,519,105555,image_level_seed11,4,0,meningioma,0.9472936202045265,0.0302425801020502,0.0224637996934233,0,meningioma,0.9472936202045265,919d6f0fb3ca462983d6df6ec06846e41abd9645
densenet121,B,520,105937,image_level_seed11,2,0,meningioma,0.990156213381186,0.001867897759749,0.007975888859065,0,meningioma,0.990156213381186,919d6f0fb3ca462983d6df6ec06846e41abd9645
densenet121,B,521,105937,image_level_seed11,4,0,meningioma,0.9975481285578696,7.630888933856102e-05,0.002375562552792,0,meningioma,0.9975481285578696,919d6f0fb3ca462983d6df6ec06846e41abd9645
densenet121,B,522,105937,image_level_seed11,3,0,meningioma,0.9995266371033136,0.0001522310266263,0.0003211318700599,0,meningioma,0.9995266371033136,919d6f0fb3ca462983d6df6ec06846e41abd9645
densenet121,B,523,106284,image_level_seed11,1,0,meningioma,0.9953721092237492,0.0001433114887007,0.0044845792875503,0,meningioma,0.9953721092237492,919d6f0fb3ca462983d6df6ec06846e41abd9645
densenet121,B,524,106284,image_level_seed11,1,0,meningioma,0.9833108497488248,0.0067738047981704,0.0099153454530048,0,meningioma,0.9833108497488248,919d6f0fb3ca462983d6df6ec06846e41abd9645
densenet121,B,525,106284,image_level_seed11,1,0,meningioma,0.9980978863652988,0.0004423134248017,0.0014598002098993,0,meningioma,0.9980978863652988,919d6f0fb3ca462983d6df6ec06846e41abd9645
densenet121,B,526,106284,image_level_seed11,2,0,meningioma,0.9972805657773504,0.0004518274903486,0.002267606732301,0,meningioma,0.9972805657773504,919d6f0fb3ca462983d6df6ec06846e41abd9645
densenet121,B,527,106442,image_level_seed11,4,0,meningioma,0.9993557479761034,0.0002664339664787,0.0003778180574179,0,meningioma,0.9993557479761034,919d6f0fb3ca462983d6df6ec06846e41abd9645
densenet121,B,528,106442,image_level_seed11,5,0,meningioma,0.9891841842063273,0.010502919412994,0.0003128963806786,0,meningioma,0.9891841842063273,919d6f0fb3ca462983d6df6ec06846e41abd9645
densenet121,B,529,106442,image_level_seed11,3,0,meningioma,0.9995014036033566,0.0002245098421086,0.0002740865545347,0,meningioma,0.9995014036033566,919d6f0fb3ca462983d6df6ec06846e41abd9645
densenet121,B,530,106534,image_level_seed11,2,0,meningioma,0.99826700800497,0.0009071694389697,0.00082582255606,0,meningioma,0.99826700800497,919d6f0fb3ca462983d6df6ec06846e41abd9645
densenet121,B,531,106534,image_level_seed11,5,0,meningioma,0.9957832248579294,0.0017219833968064,0.0024947917452642,0,meningioma,0.9957832248579294,919d6f0fb3ca462983d6df6ec06846e41abd9645
densenet121,B,532,106592,image_level_seed11,1,0,meningioma,0.9942278940981988,0.0054804851507035,0.0002916207510975,0,meningioma,0.9942278940981988,919d6f0fb3ca462983d6df6ec06846e41abd9645
densenet121,B,533,106665,image_level_seed11,2,0,meningioma,0.9998132965770942,0.0001490193273791,3.7684095526608745e-05,0,meningioma,0.9998132965770942,919d6f0fb3ca462983d6df6ec06846e41abd9645
densenet121,B,534,106665,image_level_seed11,1,0,meningioma,0.9999560071074778,3.4760207847394216e-05,9.2326846747554e-06,0,meningioma,0.9999560071074778,919d6f0fb3ca462983d6df6ec06846e41abd9645
densenet121,B,535,106665,image_level_seed11,4,0,meningioma,0.9998832173146184,2.68026464177806e-05,8.998003896390522e-05,0,meningioma,0.9998832173146184,919d6f0fb3ca462983d6df6ec06846e41abd9645
densenet121,B,536,106665,image_level_seed11,1,0,meningioma,0.9972261994611744,0.0026593389986032,0.0001144615402221,0,meningioma,0.9972261994611744,919d6f0fb3ca462983d6df6ec06846e41abd9645
densenet121,B,537,106665,image_level_seed11,3,0,meningioma,0.999395045492107,0.0003511442994589,0.000253810208434,0,meningioma,0.999395045492107,919d6f0fb3ca462983d6df6ec06846e41abd9645
densenet121,B,538,106665,image_level_seed11,2,0,meningioma,0.994611991815208,0.0041265176626999,0.0012614905220923,0,meningioma,0.994611991815208,919d6f0fb3ca462983d6df6ec06846e41abd9645
densenet121,B,539,106665,image_level_seed11,1,0,meningioma,0.9980800637864872,0.0012345434699439,0.0006853927435689,0,meningioma,0.9980800637864872,919d6f0fb3ca462983d6df6ec06846e41abd9645
densenet121,B,540,106720,image_level_seed11,2,0,meningioma,0.9998825690310816,0.0001008952853944,1.6535683523780355e-05,0,meningioma,0.9998825690310816,919d6f0fb3ca462983d6df6ec06846e41abd9645
densenet121,B,541,106720,image_level_seed11,2,0,meningioma,0.9998749483283936,9.203941909474216e-05,3.3012252511758656e-05,0,meningioma,0.9998749483283936,919d6f0fb3ca462983d6df6ec06846e41abd9645
densenet121,B,542,106720,image_level_seed11,1,0,meningioma,0.9997051036090372,0.0002354907468723,5.940564409055591e-05,0,meningioma,0.9997051036090372,919d6f0fb3ca462983d6df6ec06846e41abd9645
densenet121,B,543,106914,image_level_seed11,3,0,meningioma,0.999426481332468,0.0002601063193052,0.0003134123482266,0,meningioma,0.999426481332468,919d6f0fb3ca462983d6df6ec06846e41abd9645
densenet121,B,544,106914,image_level_seed11,3,0,meningioma,0.9976475264441051,0.0014038348149023,0.0009486387409923,0,meningioma,0.9976475264441051,919d6f0fb3ca462983d6df6ec06846e41abd9645
densenet121,B,545,106914,image_level_seed11,3,0,meningioma,0.9998484498249016,0.0001258577759025,2.569239919570761e-05,0,meningioma,0.9998484498249016,919d6f0fb3ca462983d6df6ec06846e41abd9645
densenet121,B,546,106914,image_level_seed11,3,0,meningioma,0.999921147332108,5.025863205856279e-05,2.8594035833576572e-05,0,meningioma,0.999921147332108,919d6f0fb3ca462983d6df6ec06846e41abd9645
densenet121,B,547,106914,image_level_seed11,4,0,meningioma,0.9985488227184396,0.0012358716301861,0.0002153056513743,0,meningioma,0.9985488227184396,919d6f0fb3ca462983d6df6ec06846e41abd9645
densenet121,B,548,106914,image_level_seed11,3,0,meningioma,0.9996307561085284,0.0002487384769173,0.000120505414554,0,meningioma,0.9996307561085284,919d6f0fb3ca462983d6df6ec06846e41abd9645
densenet121,B,549,106914,image_level_seed11,5,0,meningioma,0.9946705177446776,0.00380183102764,0.0015276512276821,0,meningioma,0.9946705177446776,919d6f0fb3ca462983d6df6ec06846e41abd9645
densenet121,B,550,107190,image_level_seed11,1,0,meningioma,0.9998525851370872,1.1900374312970305e-05,0.0001355144886,0,meningioma,0.9998525851370872,919d6f0fb3ca462983d6df6ec06846e41abd9645
densenet121,B,551,107248,image_level_seed11,3,0,meningioma,0.9992856242446996,0.0002014591781194,0.0005129165771809,0,meningioma,0.9992856242446996,919d6f0fb3ca462983d6df6ec06846e41abd9645
densenet121,B,552,107248,image_level_seed11,2,0,meningioma,0.8707395021339256,0.0004120450977096,0.1288484527683645,0,meningioma,0.8707395021339256,919d6f0fb3ca462983d6df6ec06846e41abd9645
densenet121,B,553,107248,image_level_seed11,2,0,meningioma,0.5668621591849041,0.0017350781863912,0.4314027626287045,0,meningioma,0.5668621591849041,919d6f0fb3ca462983d6df6ec06846e41abd9645
densenet121,B,554,107248,image_level_seed11,2,0,meningioma,0.9900479593509806,0.0059829899244919,0.0039690507245275,0,meningioma,0.9900479593509806,919d6f0fb3ca462983d6df6ec06846e41abd9645
densenet121,B,555,107248,image_level_seed11,5,0,meningioma,0.9986617787765508,0.0003508553745129,0.0009873658489364,0,meningioma,0.9986617787765508,919d6f0fb3ca462983d6df6ec06846e41abd9645
densenet121,B,556,107494,image_level_seed11,3,0,meningioma,0.9988612060044104,0.0006654092189146,0.0004733847766749,0,meningioma,0.9988612060044104,919d6f0fb3ca462983d6df6ec06846e41abd9645
densenet121,B,557,107494,image_level_seed11,1,0,meningioma,0.9987693137681622,0.0012001354804007,3.055075143707182e-05,0,meningioma,0.9987693137681622,919d6f0fb3ca462983d6df6ec06846e41abd9645
densenet121,B,558,107494,image_level_seed11,2,0,meningioma,0.9778385872341,0.000936457341238,0.0212249554246618,0,meningioma,0.9778385872341,919d6f0fb3ca462983d6df6ec06846e41abd9645
densenet121,B,559,107494,image_level_seed11,2,0,meningioma,0.6994016898281892,0.1466838548502657,0.1539144553215451,0,meningioma,0.6994016898281892,919d6f0fb3ca462983d6df6ec06846e41abd9645
densenet121,B,560,107946,image_level_seed11,1,0,meningioma,0.0809423361850286,0.9182060337415135,0.0008516300734576,1,glioma,0.9182060337415135,919d6f0fb3ca462983d6df6ec06846e41abd9645
densenet121,B,561,107946,image_level_seed11,2,0,meningioma,0.9940921737355148,0.0055918692882844,0.0003159569762008,0,meningioma,0.9940921737355148,919d6f0fb3ca462983d6df6ec06846e41abd9645
densenet121,B,562,107946,image_level_seed11,1,0,meningioma,0.3826454959253931,0.6168508635969748,0.000503640477632,1,glioma,0.6168508635969748,919d6f0fb3ca462983d6df6ec06846e41abd9645
densenet121,B,563,107946,image_level_seed11,2,0,meningioma,0.8468063270556029,0.1523076358571941,0.0008860370872031,0,meningioma,0.8468063270556029,919d6f0fb3ca462983d6df6ec06846e41abd9645
densenet121,B,564,108514,image_level_seed11,1,0,meningioma,0.9785235325803164,0.0210589211115162,0.0004175463081671,0,meningioma,0.9785235325803164,919d6f0fb3ca462983d6df6ec06846e41abd9645
densenet121,B,565,108514,image_level_seed11,3,0,meningioma,0.995945651795349,0.000843180103607,0.0032111681010439,0,meningioma,0.995945651795349,919d6f0fb3ca462983d6df6ec06846e41abd9645
densenet121,B,566,108514,image_level_seed11,3,0,meningioma,0.9946147673084746,0.0023933916998153,0.0029918409917099,0,meningioma,0.9946147673084746,919d6f0fb3ca462983d6df6ec06846e41abd9645
densenet121,B,567,108514,image_level_seed11,3,0,meningioma,0.9981716786283888,0.0001742032434137,0.0016541181281974,0,meningioma,0.9981716786283888,919d6f0fb3ca462983d6df6ec06846e41abd9645
densenet121,B,568,108514,image_level_seed11,5,0,meningioma,0.8958798476170889,0.1032562116936806,0.0008639406892304,0,meningioma,0.8958798476170889,919d6f0fb3ca462983d6df6ec06846e41abd9645
densenet121,B,569,108550,image_level_seed11,5,0,meningioma,0.9988277403354592,0.0006097651584107,0.00056249450613,0,meningioma,0.9988277403354592,919d6f0fb3ca462983d6df6ec06846e41abd9645
densenet121,B,570,108550,image_level_seed11,4,0,meningioma,0.9917291612341588,0.0049497400387495,0.0033210987270915,0,meningioma,0.9917291612341588,919d6f0fb3ca462983d6df6ec06846e41abd9645
densenet121,B,571,108590,image_level_seed11,2,0,meningioma,0.9996689103486904,8.700228146788607e-05,0.0002440873698416,0,meningioma,0.9996689103486904,919d6f0fb3ca462983d6df6ec06846e41abd9645
densenet121,B,572,108590,image_level_seed11,3,0,meningioma,0.9899044835190652,0.0088879739047312,0.0012075425762036,0,meningioma,0.9899044835190652,919d6f0fb3ca462983d6df6ec06846e41abd9645
densenet121,B,573,108945,image_level_seed11,5,0,meningioma,0.9909068720233116,0.0088676337037623,0.0002254942729257,0,meningioma,0.9909068720233116,919d6f0fb3ca462983d6df6ec06846e41abd9645
densenet121,B,574,108945,image_level_seed11,3,0,meningioma,0.9881948538835604,0.0116467037918664,0.0001584423245729,0,meningioma,0.9881948538835604,919d6f0fb3ca462983d6df6ec06846e41abd9645
densenet121,B,575,108945,image_level_seed11,4,0,meningioma,0.9997922269030008,0.0001748120197792,3.296107721991655e-05,0,meningioma,0.9997922269030008,919d6f0fb3ca462983d6df6ec06846e41abd9645
densenet121,B,576,108945,image_level_seed11,2,0,meningioma,0.9429916409327008,0.0555202017657547,0.0014881573015445,0,meningioma,0.9429916409327008,919d6f0fb3ca462983d6df6ec06846e41abd9645
densenet121,B,577,109350,image_level_seed11,2,0,meningioma,0.9667402689195904,0.0046973225023275,0.0285624085780821,0,meningioma,0.9667402689195904,919d6f0fb3ca462983d6df6ec06846e41abd9645
densenet121,B,578,109350,image_level_seed11,4,0,meningioma,0.9987251465428132,0.0002684496054963,0.0010064038516905,0,meningioma,0.9987251465428132,919d6f0fb3ca462983d6df6ec06846e41abd9645
densenet121,B,579,109411,image_level_seed11,4,0,meningioma,0.8910102094466955,0.1030114642563202,0.0059783262969844,0,meningioma,0.8910102094466955,919d6f0fb3ca462983d6df6ec06846e41abd9645
densenet121,B,580,109968,image_level_seed11,2,0,meningioma,0.9998865077056216,3.232117494279927e-05,8.117111943567532e-05,0,meningioma,0.9998865077056216,919d6f0fb3ca462983d6df6ec06846e41abd9645
densenet121,B,581,109968,image_level_seed11,3,0,meningioma,0.999926734242876,3.5382678833450634e-05,3.7883078290483976e-05,0,meningioma,0.999926734242876,919d6f0fb3ca462983d6df6ec06846e41abd9645
densenet121,B,582,109968,image_level_seed11,5,0,meningioma,0.9978432912098488,0.000966205684323,0.0011905031058282,0,meningioma,0.9978432912098488,919d6f0fb3ca462983d6df6ec06846e41abd9645
densenet121,B,583,109968,image_level_seed11,5,0,meningioma,0.999683679076502,0.0001092304169322,0.0002070905065657,0,meningioma,0.999683679076502,919d6f0fb3ca462983d6df6ec06846e41abd9645
densenet121,B,584,110808,image_level_seed11,4,0,meningioma,0.9990247295620216,0.0007037833319145,0.000271487106064,0,meningioma,0.9990247295620216,919d6f0fb3ca462983d6df6ec06846e41abd9645
densenet121,B,585,110808,image_level_seed11,5,0,meningioma,0.9996049192059356,0.0003768790861496,1.8201707914731677e-05,0,meningioma,0.9996049192059356,919d6f0fb3ca462983d6df6ec06846e41abd9645
densenet121,B,586,111077,image_level_seed11,1,0,meningioma,0.9975517009684484,0.0022991376036125,0.0001491614279391,0,meningioma,0.9975517009684484,919d6f0fb3ca462983d6df6ec06846e41abd9645
densenet121,B,587,111077,image_level_seed11,3,0,meningioma,0.9983378438725932,0.0003594044096754,0.0013027517177312,0,meningioma,0.9983378438725932,919d6f0fb3ca462983d6df6ec06846e41abd9645
densenet121,B,588,111077,image_level_seed11,2,0,meningioma,0.9991298550011308,0.0002945226442775,0.0005756223545917,0,meningioma,0.9991298550011308,919d6f0fb3ca462983d6df6ec06846e41abd9645
densenet121,B,589,111366,image_level_seed11,4,0,meningioma,0.8201956343495532,0.1750290673853019,0.0047752982651447,0,meningioma,0.8201956343495532,919d6f0fb3ca462983d6df6ec06846e41abd9645
densenet121,B,590,111366,image_level_seed11,3,0,meningioma,0.99802800097692,0.0013574034495611,0.0006145955735187,0,meningioma,0.99802800097692,919d6f0fb3ca462983d6df6ec06846e41abd9645
densenet121,B,591,111366,image_level_seed11,1,0,meningioma,0.9995729141770888,0.0003340309442423,9.30548786690292e-05,0,meningioma,0.9995729141770888,919d6f0fb3ca462983d6df6ec06846e41abd9645
densenet121,B,592,111366,image_level_seed11,1,0,meningioma,0.999799307980458,0.0001318765240696,6.881549547220794e-05,0,meningioma,0.999799307980458,919d6f0fb3ca462983d6df6ec06846e41abd9645
densenet121,B,593,111532,image_level_seed11,5,0,meningioma,0.9936760878929608,0.0061298318867918,0.0001940802202473,0,meningioma,0.9936760878929608,919d6f0fb3ca462983d6df6ec06846e41abd9645
densenet121,B,594,111532,image_level_seed11,2,0,meningioma,0.9982375328315396,0.0017158663703546,4.66007981058631e-05,0,meningioma,0.9982375328315396,919d6f0fb3ca462983d6df6ec06846e41abd9645
densenet121,B,595,111532,image_level_seed11,3,0,meningioma,0.998053424468498,0.0015178574589671,0.0004287180725348,0,meningioma,0.998053424468498,919d6f0fb3ca462983d6df6ec06846e41abd9645
densenet121,B,596,111696,image_level_seed11,4,0,meningioma,0.9126534476689572,0.0272533689211554,0.0600931834098876,0,meningioma,0.9126534476689572,919d6f0fb3ca462983d6df6ec06846e41abd9645
densenet121,B,597,111710,image_level_seed11,4,0,meningioma,0.7456675904912787,0.2533459009295386,0.0009865085791825,0,meningioma,0.7456675904912787,919d6f0fb3ca462983d6df6ec06846e41abd9645
densenet121,B,598,111710,image_level_seed11,4,0,meningioma,0.9866620430301508,0.0127682169740063,0.0005697399958426,0,meningioma,0.9866620430301508,919d6f0fb3ca462983d6df6ec06846e41abd9645
densenet121,B,599,112002,image_level_seed11,2,0,meningioma,0.8005159378150208,0.1593983879646137,0.0400856742203653,0,meningioma,0.8005159378150208,919d6f0fb3ca462983d6df6ec06846e41abd9645
densenet121,B,600,112002,image_level_seed11,5,0,meningioma,0.526534607470129,0.469078326148809,0.0043870663810618,0,meningioma,0.526534607470129,919d6f0fb3ca462983d6df6ec06846e41abd9645
densenet121,B,601,112002,image_level_seed11,1,0,meningioma,0.9917320936091912,0.0075359506593755,0.0007319557314332,0,meningioma,0.9917320936091912,919d6f0fb3ca462983d6df6ec06846e41abd9645
densenet121,B,602,112002,image_level_seed11,5,0,meningioma,0.9000274179468741,0.0036431012721156,0.0963294807810102,0,meningioma,0.9000274179468741,919d6f0fb3ca462983d6df6ec06846e41abd9645
densenet121,B,603,112062,image_level_seed11,1,0,meningioma,0.998812602320659,0.0011405102683806,4.688741096020442e-05,0,meningioma,0.998812602320659,919d6f0fb3ca462983d6df6ec06846e41abd9645
densenet121,B,604,112062,image_level_seed11,2,0,meningioma,0.9999710532654542,2.584567643552859e-05,3.101058110287397e-06,0,meningioma,0.9999710532654542,919d6f0fb3ca462983d6df6ec06846e41abd9645
densenet121,B,605,112062,image_level_seed11,5,0,meningioma,0.9976992826250336,0.00213197314208,0.000168744232886,0,meningioma,0.9976992826250336,919d6f0fb3ca462983d6df6ec06846e41abd9645
densenet121,B,606,112252,image_level_seed11,2,0,meningioma,0.9991613944248195,0.0007142333668443,0.0001243722083359,0,meningioma,0.9991613944248195,919d6f0fb3ca462983d6df6ec06846e41abd9645
densenet121,B,607,112252,image_level_seed11,5,0,meningioma,0.9931318949535188,0.0007209803760143,0.0061471246704669,0,meningioma,0.9931318949535188,919d6f0fb3ca462983d6df6ec06846e41abd9645
densenet121,B,608,112552,image_level_seed11,5,0,meningioma,0.9982445956674448,0.0009108213697493,0.0008445829628057,0,meningioma,0.9982445956674448,919d6f0fb3ca462983d6df6ec06846e41abd9645
densenet121,B,609,112552,image_level_seed11,5,0,meningioma,0.9583356313771376,0.0402130646583238,0.0014513039645385,0,meningioma,0.9583356313771376,919d6f0fb3ca462983d6df6ec06846e41abd9645
densenet121,B,610,112552,image_level_seed11,2,0,meningioma,0.9973218189149262,0.0020528346078368,0.000625346477237,0,meningioma,0.9973218189149262,919d6f0fb3ca462983d6df6ec06846e41abd9645
densenet121,B,611,112552,image_level_seed11,5,0,meningioma,0.9956534853417484,0.0029731300522523,0.0013733846059992,0,meningioma,0.9956534853417484,919d6f0fb3ca462983d6df6ec06846e41abd9645
densenet121,B,612,112552,image_level_seed11,4,0,meningioma,0.9998436805777466,5.950906124533947e-05,9.681036100811208e-05,0,meningioma,0.9998436805777466,919d6f0fb3ca462983d6df6ec06846e41abd9645
densenet121,B,613,112552,image_level_seed11,3,0,meningioma,0.9985734531304082,0.0011223144560952,0.0003042324134965,0,meningioma,0.9985734531304082,919d6f0fb3ca462983d6df6ec06846e41abd9645
densenet121,B,614,112552,image_level_seed11,4,0,meningioma,0.9988231779207072,0.0010802450929884,9.657698630466284e-05,0,meningioma,0.9988231779207072,919d6f0fb3ca462983d6df6ec06846e41abd9645
densenet121,B,615,112648,image_level_seed11,4,0,meningioma,0.8942606224912124,0.1028910490936445,0.002848328415143,0,meningioma,0.8942606224912124,919d6f0fb3ca462983d6df6ec06846e41abd9645
densenet121,B,616,112648,image_level_seed11,3,0,meningioma,0.9782981370272338,0.0020920280328864,0.0196098349398797,0,meningioma,0.9782981370272338,919d6f0fb3ca462983d6df6ec06846e41abd9645
densenet121,B,617,112648,image_level_seed11,5,0,meningioma,0.830666267446756,0.1667797477840981,0.002553984769146,0,meningioma,0.830666267446756,919d6f0fb3ca462983d6df6ec06846e41abd9645
densenet121,B,618,112648,image_level_seed11,3,0,meningioma,0.9980514967285162,0.0015775633589803,0.0003709399125034,0,meningioma,0.9980514967285162,919d6f0fb3ca462983d6df6ec06846e41abd9645
densenet121,B,619,112650,image_level_seed11,1,0,meningioma,0.8285828580718712,0.1702977611917299,0.0011193807363989,0,meningioma,0.8285828580718712,919d6f0fb3ca462983d6df6ec06846e41abd9645
densenet121,B,620,112650,image_level_seed11,5,0,meningioma,0.997185541427108,0.0024670543166143,0.0003474042562774,0,meningioma,0.997185541427108,919d6f0fb3ca462983d6df6ec06846e41abd9645
densenet121,B,621,113098,image_level_seed11,5,0,meningioma,0.9966498048875976,0.0008452950536568,0.0025049000587458,0,meningioma,0.9966498048875976,919d6f0fb3ca462983d6df6ec06846e41abd9645
densenet121,B,622,113098,image_level_seed11,3,0,meningioma,0.9928517249745016,0.0014143976346165,0.0057338773908816,0,meningioma,0.9928517249745016,919d6f0fb3ca462983d6df6ec06846e41abd9645
densenet121,B,623,113098,image_level_seed11,3,0,meningioma,0.6690012335255638,0.3135920511561946,0.0174067153182415,0,meningioma,0.6690012335255638,919d6f0fb3ca462983d6df6ec06846e41abd9645
densenet121,B,624,113098,image_level_seed11,3,0,meningioma,0.3919939916435539,0.5797343200167709,0.0282716883396752,1,glioma,0.5797343200167709,919d6f0fb3ca462983d6df6ec06846e41abd9645
densenet121,B,625,113435,image_level_seed11,2,0,meningioma,0.9998513532463568,0.0001265590369506,2.2087716692539913e-05,0,meningioma,0.9998513532463568,919d6f0fb3ca462983d6df6ec06846e41abd9645
densenet121,B,626,113435,image_level_seed11,5,0,meningioma,0.9990195825819388,0.0008338989640293,0.0001465184540319,0,meningioma,0.9990195825819388,919d6f0fb3ca462983d6df6ec06846e41abd9645
densenet121,B,627,113435,image_level_seed11,3,0,meningioma,0.9967615120991116,0.0015391747016856,0.0016993131992029,0,meningioma,0.9967615120991116,919d6f0fb3ca462983d6df6ec06846e41abd9645
densenet121,B,628,113435,image_level_seed11,1,0,meningioma,0.9926011682241936,0.0018929080160918,0.0055059237597144,0,meningioma,0.9926011682241936,919d6f0fb3ca462983d6df6ec06846e41abd9645
densenet121,B,629,113435,image_level_seed11,3,0,meningioma,0.978453294751888,0.0205899192665875,0.0009567859815244,0,meningioma,0.978453294751888,919d6f0fb3ca462983d6df6ec06846e41abd9645
densenet121,B,630,113435,image_level_seed11,2,0,meningioma,0.9677761072139776,0.0314857717534777,0.0007381210325447,0,meningioma,0.9677761072139776,919d6f0fb3ca462983d6df6ec06846e41abd9645
densenet121,B,631,113554,image_level_seed11,2,0,meningioma,0.9362974766135908,0.0624611865409308,0.0012413368454783,0,meningioma,0.9362974766135908,919d6f0fb3ca462983d6df6ec06846e41abd9645
densenet121,B,632,113554,image_level_seed11,1,0,meningioma,0.9997087991197732,0.0001873364157923,0.0001038644644344,0,meningioma,0.9997087991197732,919d6f0fb3ca462983d6df6ec06846e41abd9645
densenet121,B,633,113554,image_level_seed11,3,0,meningioma,0.995250371546488,0.0001879648568836,0.0045616635966283,0,meningioma,0.995250371546488,919d6f0fb3ca462983d6df6ec06846e41abd9645
densenet121,B,634,113554,image_level_seed11,2,0,meningioma,0.9928475308815344,0.0028823479836451,0.0042701211348205,0,meningioma,0.9928475308815344,919d6f0fb3ca462983d6df6ec06846e41abd9645
densenet121,B,635,113614,image_level_seed11,1,0,meningioma,0.1307841348647778,0.8527692935741406,0.0164465715610815,1,glioma,0.8527692935741406,919d6f0fb3ca462983d6df6ec06846e41abd9645
densenet121,B,636,113614,image_level_seed11,5,0,meningioma,0.9973809803897838,0.0016965988006594,0.0009224208095564,0,meningioma,0.9973809803897838,919d6f0fb3ca462983d6df6ec06846e41abd9645
densenet121,B,637,113614,image_level_seed11,3,0,meningioma,0.998688580490575,0.0010066400893858,0.0003047794200393,0,meningioma,0.998688580490575,919d6f0fb3ca462983d6df6ec06846e41abd9645
densenet121,B,638,113614,image_level_seed11,5,0,meningioma,0.9946922302803124,0.0051921332984012,0.0001156364212865,0,meningioma,0.9946922302803124,919d6f0fb3ca462983d6df6ec06846e41abd9645
densenet121,B,639,113805,image_level_seed11,2,0,meningioma,0.7032194043613912,0.2957607548600463,0.0010198407785625,0,meningioma,0.7032194043613912,919d6f0fb3ca462983d6df6ec06846e41abd9645
densenet121,B,640,113971,image_level_seed11,5,0,meningioma,0.9535880542676244,0.0343272202470407,0.0120847254853349,0,meningioma,0.9535880542676244,919d6f0fb3ca462983d6df6ec06846e41abd9645
densenet121,B,641,113971,image_level_seed11,3,0,meningioma,0.981296265660061,0.00103585797707,0.017667876362869,0,meningioma,0.981296265660061,919d6f0fb3ca462983d6df6ec06846e41abd9645
densenet121,B,642,114018,image_level_seed11,2,0,meningioma,0.9970521816380034,0.0012394823766953,0.0017083359853012,0,meningioma,0.9970521816380034,919d6f0fb3ca462983d6df6ec06846e41abd9645
densenet121,B,643,114018,image_level_seed11,5,0,meningioma,0.9994299653116844,0.0001998013477994,0.0003702333405159,0,meningioma,0.9994299653116844,919d6f0fb3ca462983d6df6ec06846e41abd9645
densenet121,B,644,114018,image_level_seed11,2,0,meningioma,0.9576825839714472,0.0006805797198375,0.041636836308715,0,meningioma,0.9576825839714472,919d6f0fb3ca462983d6df6ec06846e41abd9645
densenet121,B,645,114018,image_level_seed11,2,0,meningioma,0.9935130179861252,0.0001445260495795,0.0063424559642954,0,meningioma,0.9935130179861252,919d6f0fb3ca462983d6df6ec06846e41abd9645
densenet121,B,646,114018,image_level_seed11,1,0,meningioma,0.999335432752528,0.000152847451101,0.0005117197963709,0,meningioma,0.999335432752528,919d6f0fb3ca462983d6df6ec06846e41abd9645
densenet121,B,647,114018,image_level_seed11,4,0,meningioma,0.9982017820094364,0.0001758162799493,0.0016224017106143,0,meningioma,0.9982017820094364,919d6f0fb3ca462983d6df6ec06846e41abd9645
densenet121,B,648,114359,image_level_seed11,3,0,meningioma,0.9984005307940949,0.0014721122319079,0.0001273569739973,0,meningioma,0.9984005307940949,919d6f0fb3ca462983d6df6ec06846e41abd9645
densenet121,B,649,114359,image_level_seed11,5,0,meningioma,0.9995309744530751,0.000377401794968,9.162375195686554e-05,0,meningioma,0.9995309744530751,919d6f0fb3ca462983d6df6ec06846e41abd9645
densenet121,B,650,114359,image_level_seed11,1,0,meningioma,0.9975842310193972,0.0021497022192271,0.0002660667613757,0,meningioma,0.9975842310193972,919d6f0fb3ca462983d6df6ec06846e41abd9645
densenet121,B,651,114359,image_level_seed11,2,0,meningioma,0.9987493465167852,0.0009602434578418,0.0002904100253729,0,meningioma,0.9987493465167852,919d6f0fb3ca462983d6df6ec06846e41abd9645
densenet121,B,652,114359,image_level_seed11,2,0,meningioma,0.9915027672453582,0.0080480205949253,0.0004492121597164,0,meningioma,0.9915027672453582,919d6f0fb3ca462983d6df6ec06846e41abd9645
densenet121,B,653,114359,image_level_seed11,5,0,meningioma,0.996769328926753,0.0031738129547266,5.68581185201735e-05,0,meningioma,0.996769328926753,919d6f0fb3ca462983d6df6ec06846e41abd9645
densenet121,B,654,114359,image_level_seed11,2,0,meningioma,0.9869056242116988,0.0129776872536997,0.0001166885346015,0,meningioma,0.9869056242116988,919d6f0fb3ca462983d6df6ec06846e41abd9645
densenet121,B,655,114417,image_level_seed11,4,0,meningioma,0.9840368662672424,0.0154823103054447,0.0004808234273127,0,meningioma,0.9840368662672424,919d6f0fb3ca462983d6df6ec06846e41abd9645
densenet121,B,656,114417,image_level_seed11,1,0,meningioma,0.9993823430464648,0.0005514731560009,6.618379753411622e-05,0,meningioma,0.9993823430464648,919d6f0fb3ca462983d6df6ec06846e41abd9645
densenet121,B,657,114417,image_level_seed11,3,0,meningioma,0.9971425497794512,0.0004419235654157,0.002415526655133,0,meningioma,0.9971425497794512,919d6f0fb3ca462983d6df6ec06846e41abd9645
densenet121,B,658,114417,image_level_seed11,5,0,meningioma,0.979471683160097,0.008931813316978,0.0115965035229249,0,meningioma,0.979471683160097,919d6f0fb3ca462983d6df6ec06846e41abd9645
densenet121,B,659,97374,image_level_seed11,1,0,meningioma,0.9426406307233786,0.0566108641973237,0.0007485050792979,0,meningioma,0.9426406307233786,919d6f0fb3ca462983d6df6ec06846e41abd9645
densenet121,B,660,97374,image_level_seed11,3,0,meningioma,0.9996854026636643,0.0001007728903931,0.0002138244459422,0,meningioma,0.9996854026636643,919d6f0fb3ca462983d6df6ec06846e41abd9645
densenet121,B,661,97374,image_level_seed11,5,0,meningioma,0.9997164922843372,0.0002518289081769,3.167880748595677e-05,0,meningioma,0.9997164922843372,919d6f0fb3ca462983d6df6ec06846e41abd9645
densenet121,B,662,97374,image_level_seed11,3,0,meningioma,0.9997055586437772,0.0002807214359749,1.3719920248066989e-05,0,meningioma,0.9997055586437772,919d6f0fb3ca462983d6df6ec06846e41abd9645
densenet121,B,663,97374,image_level_seed11,2,0,meningioma,0.9981379430006702,0.0015605013589058,0.0003015556404239,0,meningioma,0.9981379430006702,919d6f0fb3ca462983d6df6ec06846e41abd9645
densenet121,B,664,97607,image_level_seed11,5,0,meningioma,0.9966078961409782,0.0033166378617274,7.546599729434376e-05,0,meningioma,0.9966078961409782,919d6f0fb3ca462983d6df6ec06846e41abd9645
densenet121,B,665,97607,image_level_seed11,1,0,meningioma,0.9907490392963628,0.0087852158505494,0.0004657448530874,0,meningioma,0.9907490392963628,919d6f0fb3ca462983d6df6ec06846e41abd9645
densenet121,B,666,97607,image_level_seed11,2,0,meningioma,0.999494804077265,0.0002700555659576,0.0002351403567774,0,meningioma,0.999494804077265,919d6f0fb3ca462983d6df6ec06846e41abd9645
densenet121,B,667,97607,image_level_seed11,5,0,meningioma,0.9983302073581628,0.0014188506015811,0.000250942040256,0,meningioma,0.9983302073581628,919d6f0fb3ca462983d6df6ec06846e41abd9645
densenet121,B,668,97737,image_level_seed11,5,0,meningioma,0.9979821376025102,0.0012900813963494,0.0007277810011404,0,meningioma,0.9979821376025102,919d6f0fb3ca462983d6df6ec06846e41abd9645
densenet121,B,669,97737,image_level_seed11,5,0,meningioma,0.9977623920600568,0.0014850106615578,0.0007525972783853,0,meningioma,0.9977623920600568,919d6f0fb3ca462983d6df6ec06846e41abd9645
densenet121,B,670,97737,image_level_seed11,3,0,meningioma,0.9959865663712264,0.0005864206986995,0.003427012930074,0,meningioma,0.9959865663712264,919d6f0fb3ca462983d6df6ec06846e41abd9645
densenet121,B,671,97737,image_level_seed11,3,0,meningioma,0.9974302669794892,0.0002653996647512,0.0023043333557593,0,meningioma,0.9974302669794892,919d6f0fb3ca462983d6df6ec06846e41abd9645
densenet121,B,672,97737,image_level_seed11,4,0,meningioma,0.999701982293222,0.0001115057909897,0.0001865119157882,0,meningioma,0.999701982293222,919d6f0fb3ca462983d6df6ec06846e41abd9645
densenet121,B,673,97793,image_level_seed11,5,0,meningioma,0.9969742635979882,0.002911204863143,0.0001145315388685,0,meningioma,0.9969742635979882,919d6f0fb3ca462983d6df6ec06846e41abd9645
densenet121,B,674,97875,image_level_seed11,3,0,meningioma,0.9919404702917518,0.003956036324695,0.0041034933835531,0,meningioma,0.9919404702917518,919d6f0fb3ca462983d6df6ec06846e41abd9645
densenet121,B,675,97943,image_level_seed11,3,0,meningioma,0.9993559759351296,0.0005428117031651,0.0001012123617051,0,meningioma,0.9993559759351296,919d6f0fb3ca462983d6df6ec06846e41abd9645
densenet121,B,676,97943,image_level_seed11,3,0,meningioma,0.9996235890955332,0.0003302316781841,4.6179226282686056e-05,0,meningioma,0.9996235890955332,919d6f0fb3ca462983d6df6ec06846e41abd9645
densenet121,B,677,97943,image_level_seed11,5,0,meningioma,0.9982771656945916,0.0016444401496822,7.839415572612051e-05,0,meningioma,0.9982771656945916,919d6f0fb3ca462983d6df6ec06846e41abd9645
densenet121,B,678,97943,image_level_seed11,2,0,meningioma,0.99976331428764,0.0002313972354417,5.288476918260656e-06,0,meningioma,0.99976331428764,919d6f0fb3ca462983d6df6ec06846e41abd9645
densenet121,B,679,97943,image_level_seed11,2,0,meningioma,0.997725437863556,0.0020362854443035,0.0002382766921403,0,meningioma,0.997725437863556,919d6f0fb3ca462983d6df6ec06846e41abd9645
densenet121,B,680,98241,image_level_seed11,2,0,meningioma,0.9996921067828984,0.0001238876592151,0.0001840055578863,0,meningioma,0.9996921067828984,919d6f0fb3ca462983d6df6ec06846e41abd9645
densenet121,B,681,98241,image_level_seed11,5,0,meningioma,0.9914720520251902,0.0016899973542104,0.0068379506205993,0,meningioma,0.9914720520251902,919d6f0fb3ca462983d6df6ec06846e41abd9645
densenet121,B,682,98241,image_level_seed11,5,0,meningioma,0.9952859147538988,0.0025034908910297,0.0022105943550714,0,meningioma,0.9952859147538988,919d6f0fb3ca462983d6df6ec06846e41abd9645
densenet121,B,683,98241,image_level_seed11,2,0,meningioma,0.9957968497536512,0.0023501473736775,0.0018530028726712,0,meningioma,0.9957968497536512,919d6f0fb3ca462983d6df6ec06846e41abd9645
densenet121,B,684,98241,image_level_seed11,3,0,meningioma,0.9922659620243834,0.0013541273624434,0.0063799106131732,0,meningioma,0.9922659620243834,919d6f0fb3ca462983d6df6ec06846e41abd9645
densenet121,B,685,98241,image_level_seed11,2,0,meningioma,0.9646560007087238,0.0090185942629612,0.0263254050283147,0,meningioma,0.9646560007087238,919d6f0fb3ca462983d6df6ec06846e41abd9645
densenet121,B,686,99017,image_level_seed11,3,0,meningioma,0.9994143588287144,0.0002593239568891,0.0003263172143964,0,meningioma,0.9994143588287144,919d6f0fb3ca462983d6df6ec06846e41abd9645
densenet121,B,687,99017,image_level_seed11,2,0,meningioma,0.9987033671265844,0.0007140673297352,0.0005825655436804,0,meningioma,0.9987033671265844,919d6f0fb3ca462983d6df6ec06846e41abd9645
densenet121,B,688,99089,image_level_seed11,4,0,meningioma,0.999652724681687,6.283825346717383e-06,0.0003409914929662,0,meningioma,0.999652724681687,919d6f0fb3ca462983d6df6ec06846e41abd9645
densenet121,B,689,99089,image_level_seed11,2,0,meningioma,0.9973021930814684,6.366838120114407e-05,0.0026341385373304,0,meningioma,0.9973021930814684,919d6f0fb3ca462983d6df6ec06846e41abd9645
densenet121,B,690,99089,image_level_seed11,5,0,meningioma,0.9966871049497472,0.0027167555158388,0.0005961395344137,0,meningioma,0.9966871049497472,919d6f0fb3ca462983d6df6ec06846e41abd9645
densenet121,B,691,99089,image_level_seed11,1,0,meningioma,0.9946937907760324,0.0047021086698158,0.0006041005541517,0,meningioma,0.9946937907760324,919d6f0fb3ca462983d6df6ec06846e41abd9645
densenet121,B,692,99089,image_level_seed11,1,0,meningioma,0.9927103003681194,0.0071805195760793,0.0001091800558012,0,meningioma,0.9927103003681194,919d6f0fb3ca462983d6df6ec06846e41abd9645
densenet121,B,693,99162,image_level_seed11,5,0,meningioma,0.9998773644615868,0.0001140798193238,8.555719089292825e-06,0,meningioma,0.9998773644615868,919d6f0fb3ca462983d6df6ec06846e41abd9645
densenet121,B,694,99162,image_level_seed11,2,0,meningioma,0.9997185744904536,0.0002286502792667,5.277523027979986e-05,0,meningioma,0.9997185744904536,919d6f0fb3ca462983d6df6ec06846e41abd9645
densenet121,B,695,99162,image_level_seed11,4,0,meningioma,0.9986523181524708,0.0001587449900985,0.0011889368574305,0,meningioma,0.9986523181524708,919d6f0fb3ca462983d6df6ec06846e41abd9645
densenet121,B,696,99288,image_level_seed11,5,0,meningioma,0.3554396992813946,0.5898710347681888,0.0546892659504166,1,glioma,0.5898710347681888,919d6f0fb3ca462983d6df6ec06846e41abd9645
densenet121,B,697,99308,image_level_seed11,1,0,meningioma,0.9980024665825296,0.0010372731868015,0.0009602602306686,0,meningioma,0.9980024665825296,919d6f0fb3ca462983d6df6ec06846e41abd9645
densenet121,B,698,99308,image_level_seed11,5,0,meningioma,0.9953773179523038,0.0036542268558462,0.0009684551918499,0,meningioma,0.9953773179523038,919d6f0fb3ca462983d6df6ec06846e41abd9645
densenet121,B,699,99308,image_level_seed11,2,0,meningioma,0.9995828893437836,0.000331510828473,8.559982774324584e-05,0,meningioma,0.9995828893437836,919d6f0fb3ca462983d6df6ec06846e41abd9645
densenet121,B,700,99308,image_level_seed11,1,0,meningioma,0.9980864356836422,0.0018682652614202,4.529905493757574e-05,0,meningioma,0.9980864356836422,919d6f0fb3ca462983d6df6ec06846e41abd9645
densenet121,B,701,99308,image_level_seed11,1,0,meningioma,0.9998181706087657,0.0001560620964354,2.5767294799196474e-05,0,meningioma,0.9998181706087657,919d6f0fb3ca462983d6df6ec06846e41abd9645
densenet121,B,702,99308,image_level_seed11,2,0,meningioma,0.9998954358483726,9.542769359313352e-05,9.136458034176583e-06,0,meningioma,0.9998954358483726,919d6f0fb3ca462983d6df6ec06846e41abd9645
densenet121,B,703,99815,image_level_seed11,5,0,meningioma,0.9960515173275784,0.0035573294528354,0.0003911532195861,0,meningioma,0.9960515173275784,919d6f0fb3ca462983d6df6ec06846e41abd9645
densenet121,B,704,99815,image_level_seed11,3,0,meningioma,0.999686291652002,5.881804134047586e-05,0.0002548903066575,0,meningioma,0.999686291652002,919d6f0fb3ca462983d6df6ec06846e41abd9645
densenet121,B,705,99815,image_level_seed11,3,0,meningioma,0.9994461958266724,0.0002115825829193,0.0003422215904083,0,meningioma,0.9994461958266724,919d6f0fb3ca462983d6df6ec06846e41abd9645
densenet121,B,706,99815,image_level_seed11,2,0,meningioma,0.9956739767146738,0.0015890530008139,0.0027369702845123,0,meningioma,0.9956739767146738,919d6f0fb3ca462983d6df6ec06846e41abd9645
densenet121,B,707,99815,image_level_seed11,1,0,meningioma,0.9987998131531772,0.0006531774055107,0.0005470094413119,0,meningioma,0.9987998131531772,919d6f0fb3ca462983d6df6ec06846e41abd9645
densenet121,B,708,99815,image_level_seed11,3,0,meningioma,0.99759931817166,0.0009083428364759,0.0014923389918639,0,meningioma,0.99759931817166,919d6f0fb3ca462983d6df6ec06846e41abd9645
densenet121,B,709,105936,image_level_seed11,2,2,pituitary,0.0001544934753903,4.911135182304484e-05,0.9997963951727866,2,pituitary,0.9997963951727866,919d6f0fb3ca462983d6df6ec06846e41abd9645
densenet121,B,710,105936,image_level_seed11,1,2,pituitary,2.8794267851206132e-05,3.060721634224101e-05,0.9999405985158064,2,pituitary,0.9999405985158064,919d6f0fb3ca462983d6df6ec06846e41abd9645
densenet121,B,711,105936,image_level_seed11,2,2,pituitary,0.0003400093897125,7.176053565940224e-05,0.999588230074628,2,pituitary,0.999588230074628,919d6f0fb3ca462983d6df6ec06846e41abd9645
densenet121,B,712,106062,image_level_seed11,3,2,pituitary,0.0001133104676798,6.393870034179963e-05,0.9998227508319784,2,pituitary,0.9998227508319784,919d6f0fb3ca462983d6df6ec06846e41abd9645
densenet121,B,713,106062,image_level_seed11,5,2,pituitary,0.0011474111015351,0.000753468081362,0.998099120817103,2,pituitary,0.998099120817103,919d6f0fb3ca462983d6df6ec06846e41abd9645
densenet121,B,714,106062,image_level_seed11,4,2,pituitary,0.0002157075740271,0.0002492591363312,0.9995350332896416,2,pituitary,0.9995350332896416,919d6f0fb3ca462983d6df6ec06846e41abd9645
densenet121,B,715,100820,image_level_seed11,1,1,glioma,0.0017287669693538,0.9980663250003716,0.0002049080302747,1,glioma,0.9980663250003716,919d6f0fb3ca462983d6df6ec06846e41abd9645
densenet121,B,716,100820,image_level_seed11,2,1,glioma,0.1130812887902598,0.886357066827685,0.0005616443820551,1,glioma,0.886357066827685,919d6f0fb3ca462983d6df6ec06846e41abd9645
densenet121,B,717,100820,image_level_seed11,4,1,glioma,0.0940702666678391,0.9029918118444238,0.0029379214877371,1,glioma,0.9029918118444238,919d6f0fb3ca462983d6df6ec06846e41abd9645
densenet121,B,718,101020,image_level_seed11,1,1,glioma,0.2443926946025771,0.7466017279017089,0.0090055774957139,1,glioma,0.7466017279017089,919d6f0fb3ca462983d6df6ec06846e41abd9645
densenet121,B,719,101020,image_level_seed11,5,1,glioma,0.0034851165674335,0.996444114274054,7.076915851248477e-05,1,glioma,0.996444114274054,919d6f0fb3ca462983d6df6ec06846e41abd9645
densenet121,B,720,101020,image_level_seed11,3,1,glioma,0.0252234373549566,0.9738869927528392,0.000889569892204,1,glioma,0.9738869927528392,919d6f0fb3ca462983d6df6ec06846e41abd9645
densenet121,B,721,101020,image_level_seed11,3,1,glioma,0.038395591529327,0.9584697615578842,0.0031346469127886,1,glioma,0.9584697615578842,919d6f0fb3ca462983d6df6ec06846e41abd9645
densenet121,B,722,102075,image_level_seed11,1,1,glioma,0.0386979074969929,0.9404613996593584,0.0208406928436487,1,glioma,0.9404613996593584,919d6f0fb3ca462983d6df6ec06846e41abd9645
densenet121,B,723,102075,image_level_seed11,3,1,glioma,0.0112462091442948,0.8469788896961378,0.1417749011595674,1,glioma,0.8469788896961378,919d6f0fb3ca462983d6df6ec06846e41abd9645
densenet121,B,724,102075,image_level_seed11,1,1,glioma,0.0484694845559554,0.9354629712947994,0.0160675441492451,1,glioma,0.9354629712947994,919d6f0fb3ca462983d6df6ec06846e41abd9645
densenet121,B,725,103148,image_level_seed11,1,1,glioma,0.0026219044172997,0.997080288763564,0.000297806819136,1,glioma,0.997080288763564,919d6f0fb3ca462983d6df6ec06846e41abd9645
densenet121,B,726,103148,image_level_seed11,1,1,glioma,0.0025149881341386,0.9973361564753476,0.0001488553905137,1,glioma,0.9973361564753476,919d6f0fb3ca462983d6df6ec06846e41abd9645
densenet121,B,727,103148,image_level_seed11,4,1,glioma,0.0007308001162436,0.999229493142078,3.970674167846549e-05,1,glioma,0.999229493142078,919d6f0fb3ca462983d6df6ec06846e41abd9645
densenet121,B,728,103148,image_level_seed11,2,1,glioma,0.0024880086059429,0.9974241490360284,8.784235802871902e-05,1,glioma,0.9974241490360284,919d6f0fb3ca462983d6df6ec06846e41abd9645
densenet121,B,729,106494,image_level_seed11,3,1,glioma,0.0263701778113675,0.9388925762760412,0.0347372459125912,1,glioma,0.9388925762760412,919d6f0fb3ca462983d6df6ec06846e41abd9645
densenet121,B,730,106494,image_level_seed11,3,1,glioma,0.0022524265459118,0.9972054082758456,0.0005421651782422,1,glioma,0.9972054082758456,919d6f0fb3ca462983d6df6ec06846e41abd9645
densenet121,B,731,106494,image_level_seed11,4,1,glioma,0.0009302728300179,0.9989470162650916,0.0001227109048904,1,glioma,0.9989470162650916,919d6f0fb3ca462983d6df6ec06846e41abd9645
densenet121,B,732,106494,image_level_seed11,5,1,glioma,0.005391568554868,0.994450590037303,0.000157841407829,1,glioma,0.994450590037303,919d6f0fb3ca462983d6df6ec06846e41abd9645
densenet121,B,733,106494,image_level_seed11,2,1,glioma,0.0094996705379372,0.9898728565276664,0.0006274729343961,1,glioma,0.9898728565276664,919d6f0fb3ca462983d6df6ec06846e41abd9645
densenet121,B,734,106494,image_level_seed11,1,1,glioma,0.0107860515958016,0.9866106752765184,0.0026032731276799,1,glioma,0.9866106752765184,919d6f0fb3ca462983d6df6ec06846e41abd9645
densenet121,B,735,107747,image_level_seed11,5,1,glioma,0.0100880891514899,0.986452617292444,0.0034592935560658,1,glioma,0.986452617292444,919d6f0fb3ca462983d6df6ec06846e41abd9645
densenet121,B,736,107747,image_level_seed11,3,1,glioma,0.001002057476454,0.9978896549904464,0.0011082875330995,1,glioma,0.9978896549904464,919d6f0fb3ca462983d6df6ec06846e41abd9645
densenet121,B,737,107747,image_level_seed11,5,1,glioma,0.0038894818172864,0.9942502280216564,0.0018602901610568,1,glioma,0.9942502280216564,919d6f0fb3ca462983d6df6ec06846e41abd9645
densenet121,B,738,107747,image_level_seed11,4,1,glioma,0.0845192194726058,0.910812982626959,0.0046677979004353,1,glioma,0.910812982626959,919d6f0fb3ca462983d6df6ec06846e41abd9645
densenet121,B,739,107747,image_level_seed11,5,1,glioma,0.311758605179266,0.6750192678867326,0.0132221269340013,1,glioma,0.6750192678867326,919d6f0fb3ca462983d6df6ec06846e41abd9645
densenet121,B,740,112105,image_level_seed11,3,1,glioma,0.0012199555340772,0.9983561404450672,0.0004239040208554,1,glioma,0.9983561404450672,919d6f0fb3ca462983d6df6ec06846e41abd9645
densenet121,B,741,112105,image_level_seed11,5,1,glioma,0.0034333427461582,0.9657661433924118,0.0308005138614299,1,glioma,0.9657661433924118,919d6f0fb3ca462983d6df6ec06846e41abd9645
densenet121,B,742,112105,image_level_seed11,5,1,glioma,0.0045824645432321,0.9894245149006496,0.0059930205561184,1,glioma,0.9894245149006496,919d6f0fb3ca462983d6df6ec06846e41abd9645
densenet121,B,743,112105,image_level_seed11,2,1,glioma,0.0013918251939159,0.9980224420422004,0.0005857327638837,1,glioma,0.9980224420422004,919d6f0fb3ca462983d6df6ec06846e41abd9645
densenet121,B,744,112105,image_level_seed11,5,1,glioma,0.0116434239707834,0.9865859713990168,0.0017706046301995,1,glioma,0.9865859713990168,919d6f0fb3ca462983d6df6ec06846e41abd9645
densenet121,B,745,112105,image_level_seed11,1,1,glioma,0.0003905870020667,0.9994801867811646,0.0001292262167687,1,glioma,0.9994801867811646,919d6f0fb3ca462983d6df6ec06846e41abd9645
densenet121,B,746,112105,image_level_seed11,5,1,glioma,0.0097914423026787,0.9889751797567188,0.0012333779406024,1,glioma,0.9889751797567188,919d6f0fb3ca462983d6df6ec06846e41abd9645
densenet121,B,747,100820,image_level_seed11,3,1,glioma,0.1815850571655822,0.8104958874511464,0.0079190553832715,1,glioma,0.8104958874511464,919d6f0fb3ca462983d6df6ec06846e41abd9645
densenet121,B,748,100820,image_level_seed11,3,1,glioma,0.041900036593732,0.9566244523452094,0.0014755110610585,1,glioma,0.9566244523452094,919d6f0fb3ca462983d6df6ec06846e41abd9645
densenet121,B,749,100820,image_level_seed11,2,1,glioma,0.0040792892819754,0.9954558298745668,0.0004648808434576,1,glioma,0.9954558298745668,919d6f0fb3ca462983d6df6ec06846e41abd9645
densenet121,B,750,100820,image_level_seed11,3,1,glioma,0.0907936494018179,0.904431880697869,0.0047744699003131,1,glioma,0.904431880697869,919d6f0fb3ca462983d6df6ec06846e41abd9645
densenet121,B,751,100820,image_level_seed11,2,1,glioma,0.0162707668919524,0.982957190803722,0.0007720423043255,1,glioma,0.982957190803722,919d6f0fb3ca462983d6df6ec06846e41abd9645
densenet121,B,752,100820,image_level_seed11,3,1,glioma,0.043228924638539,0.9560790447041968,0.0006920306572644,1,glioma,0.9560790447041968,919d6f0fb3ca462983d6df6ec06846e41abd9645
densenet121,B,753,101020,image_level_seed11,2,1,glioma,0.0086663561186357,0.9912910957287104,4.254815265365995e-05,1,glioma,0.9912910957287104,919d6f0fb3ca462983d6df6ec06846e41abd9645
densenet121,B,754,101020,image_level_seed11,3,1,glioma,0.0028645009789539,0.9971175505654968,1.7948455549296783e-05,1,glioma,0.9971175505654968,919d6f0fb3ca462983d6df6ec06846e41abd9645
densenet121,B,755,101020,image_level_seed11,2,1,glioma,0.0015353199710259,0.9984458986115794,1.8781417394469253e-05,1,glioma,0.9984458986115794,919d6f0fb3ca462983d6df6ec06846e41abd9645
densenet121,B,756,101020,image_level_seed11,3,1,glioma,0.0025368041841798,0.9973959578965512,6.723791926885313e-05,1,glioma,0.9973959578965512,919d6f0fb3ca462983d6df6ec06846e41abd9645
densenet121,B,757,101020,image_level_seed11,2,1,glioma,0.0054288894074973,0.9943545167474958,0.0002165938450069,1,glioma,0.9943545167474958,919d6f0fb3ca462983d6df6ec06846e41abd9645
densenet121,B,758,101020,image_level_seed11,2,1,glioma,0.0035769201434149,0.9956116224356604,0.0008114574209246,1,glioma,0.9956116224356604,919d6f0fb3ca462983d6df6ec06846e41abd9645
densenet121,B,759,101020,image_level_seed11,5,1,glioma,0.3861699555053243,0.610623987323933,0.0032060571707426,1,glioma,0.610623987323933,919d6f0fb3ca462983d6df6ec06846e41abd9645
densenet121,B,760,101020,image_level_seed11,5,1,glioma,0.9416488693217314,0.0554034926256655,0.002947638052603,0,meningioma,0.9416488693217314,919d6f0fb3ca462983d6df6ec06846e41abd9645
densenet121,B,761,102075,image_level_seed11,1,1,glioma,0.1585608407475365,0.8083177457386584,0.033121413513805,1,glioma,0.8083177457386584,919d6f0fb3ca462983d6df6ec06846e41abd9645
densenet121,B,762,102075,image_level_seed11,4,1,glioma,0.0255782160729186,0.9625639714639368,0.0118578124631445,1,glioma,0.9625639714639368,919d6f0fb3ca462983d6df6ec06846e41abd9645
densenet121,B,763,102075,image_level_seed11,4,1,glioma,0.1155198273752964,0.8766354989863178,0.0078446736383859,1,glioma,0.8766354989863178,919d6f0fb3ca462983d6df6ec06846e41abd9645
densenet121,B,764,103148,image_level_seed11,2,1,glioma,0.0057922506598185,0.99393679595423,0.0002709533859512,1,glioma,0.99393679595423,919d6f0fb3ca462983d6df6ec06846e41abd9645
densenet121,B,765,103148,image_level_seed11,2,1,glioma,0.0017739773195504,0.9979474260161474,0.000278596664302,1,glioma,0.9979474260161474,919d6f0fb3ca462983d6df6ec06846e41abd9645
densenet121,B,766,103148,image_level_seed11,5,1,glioma,0.0052328305766448,0.9946540159498098,0.0001131534735452,1,glioma,0.9946540159498098,919d6f0fb3ca462983d6df6ec06846e41abd9645
densenet121,B,767,103148,image_level_seed11,1,1,glioma,0.1533808059079479,0.8452581488173733,0.0013610452746789,1,glioma,0.8452581488173733,919d6f0fb3ca462983d6df6ec06846e41abd9645
densenet121,B,768,106494,image_level_seed11,4,1,glioma,0.0246195611654444,0.9751511631183412,0.0002292757162144,1,glioma,0.9751511631183412,919d6f0fb3ca462983d6df6ec06846e41abd9645
densenet121,B,769,106494,image_level_seed11,1,1,glioma,0.0164650651029621,0.9833634031187726,0.0001715317782652,1,glioma,0.9833634031187726,919d6f0fb3ca462983d6df6ec06846e41abd9645
densenet121,B,770,106494,image_level_seed11,2,1,glioma,0.0004683298872004,0.9995211178839484,1.0552228851353034e-05,1,glioma,0.9995211178839484,919d6f0fb3ca462983d6df6ec06846e41abd9645
densenet121,B,771,106494,image_level_seed11,4,1,glioma,0.1085240227073085,0.8912092463977661,0.0002667308949252,1,glioma,0.8912092463977661,919d6f0fb3ca462983d6df6ec06846e41abd9645
densenet121,B,772,106494,image_level_seed11,2,1,glioma,0.0074930226371648,0.9924844591058668,2.2518256968373755e-05,1,glioma,0.9924844591058668,919d6f0fb3ca462983d6df6ec06846e41abd9645
densenet121,B,773,107747,image_level_seed11,1,1,glioma,0.0040070631837534,0.9938615528845168,0.0021313839317297,1,glioma,0.9938615528845168,919d6f0fb3ca462983d6df6ec06846e41abd9645
densenet121,B,774,107747,image_level_seed11,5,1,glioma,0.8372045096869702,0.1596144277229249,0.0031810625901047,0,meningioma,0.8372045096869702,919d6f0fb3ca462983d6df6ec06846e41abd9645
densenet121,B,775,107747,image_level_seed11,2,1,glioma,0.0011512023519824,0.9974458535085622,0.0014029441394554,1,glioma,0.9974458535085622,919d6f0fb3ca462983d6df6ec06846e41abd9645
densenet121,B,776,107747,image_level_seed11,5,1,glioma,0.0019856780725206,0.9974990410322272,0.0005152808952523,1,glioma,0.9974990410322272,919d6f0fb3ca462983d6df6ec06846e41abd9645
densenet121,B,777,107747,image_level_seed11,1,1,glioma,0.0023247141870045,0.997434954619565,0.0002403311934303,1,glioma,0.997434954619565,919d6f0fb3ca462983d6df6ec06846e41abd9645
densenet121,B,778,107747,image_level_seed11,2,1,glioma,0.001055246957328,0.9987290489904568,0.0002157040522151,1,glioma,0.9987290489904568,919d6f0fb3ca462983d6df6ec06846e41abd9645
densenet121,B,779,112027,image_level_seed11,2,1,glioma,0.1310665930629067,0.8687037544437067,0.0002296524933866,1,glioma,0.8687037544437067,919d6f0fb3ca462983d6df6ec06846e41abd9645
densenet121,B,780,112027,image_level_seed11,1,1,glioma,0.0075363897220551,0.9924143134201044,4.929685784056569e-05,1,glioma,0.9924143134201044,919d6f0fb3ca462983d6df6ec06846e41abd9645
densenet121,B,781,112105,image_level_seed11,4,1,glioma,0.1519331575757306,0.8383788407707417,0.0096880016535278,1,glioma,0.8383788407707417,919d6f0fb3ca462983d6df6ec06846e41abd9645
densenet121,B,782,112105,image_level_seed11,4,1,glioma,0.0149163481925803,0.9818406194519468,0.0032430323554729,1,glioma,0.9818406194519468,919d6f0fb3ca462983d6df6ec06846e41abd9645
densenet121,B,783,112105,image_level_seed11,2,1,glioma,0.0004353987082498,0.9995516541752772,1.2947116472916486e-05,1,glioma,0.9995516541752772,919d6f0fb3ca462983d6df6ec06846e41abd9645
densenet121,B,784,112105,image_level_seed11,5,1,glioma,0.0021227239519941,0.997489304835415,0.0003879712125908,1,glioma,0.997489304835415,919d6f0fb3ca462983d6df6ec06846e41abd9645
densenet121,B,785,112105,image_level_seed11,3,1,glioma,0.0082205715388036,0.9901751627702866,0.0016042656909096,1,glioma,0.9901751627702866,919d6f0fb3ca462983d6df6ec06846e41abd9645
densenet121,B,786,112105,image_level_seed11,5,1,glioma,0.0009565521662349,0.9989161685489424,0.0001272792848228,1,glioma,0.9989161685489424,919d6f0fb3ca462983d6df6ec06846e41abd9645
densenet121,B,787,112105,image_level_seed11,5,1,glioma,0.0004788489571551,0.999370894689188,0.0001502563536569,1,glioma,0.999370894689188,919d6f0fb3ca462983d6df6ec06846e41abd9645
densenet121,B,788,112105,image_level_seed11,1,1,glioma,0.0016052108054739,0.9982663235248505,0.0001284656696756,1,glioma,0.9982663235248505,919d6f0fb3ca462983d6df6ec06846e41abd9645
densenet121,B,789,112105,image_level_seed11,1,1,glioma,0.0015073583940987,0.9983868713721248,0.0001057702337764,1,glioma,0.9983868713721248,919d6f0fb3ca462983d6df6ec06846e41abd9645
densenet121,B,790,112105,image_level_seed11,3,1,glioma,0.0029416140519127,0.9965757605580808,0.0004826253900065,1,glioma,0.9965757605580808,919d6f0fb3ca462983d6df6ec06846e41abd9645
densenet121,B,791,112105,image_level_seed11,2,1,glioma,0.0007015937424017,0.9992617447841806,3.666147341758755e-05,1,glioma,0.9992617447841806,919d6f0fb3ca462983d6df6ec06846e41abd9645
densenet121,B,792,88670,image_level_seed11,1,1,glioma,0.0171652188535259,0.9822249424008072,0.0006098387456667,1,glioma,0.9822249424008072,919d6f0fb3ca462983d6df6ec06846e41abd9645
densenet121,B,793,88670,image_level_seed11,2,1,glioma,0.0028436539542465,0.9966022058298446,0.0005541402159087,1,glioma,0.9966022058298446,919d6f0fb3ca462983d6df6ec06846e41abd9645
densenet121,B,794,88670,image_level_seed11,2,1,glioma,0.0031078316870543,0.996361982364192,0.0005301859487538,1,glioma,0.996361982364192,919d6f0fb3ca462983d6df6ec06846e41abd9645
densenet121,B,795,88670,image_level_seed11,5,1,glioma,0.0009536324991141,0.9989019321207712,0.0001444353801147,1,glioma,0.9989019321207712,919d6f0fb3ca462983d6df6ec06846e41abd9645
densenet121,B,796,88670,image_level_seed11,3,1,glioma,0.0011751772213383,0.998708868763876,0.0001159540147857,1,glioma,0.998708868763876,919d6f0fb3ca462983d6df6ec06846e41abd9645
densenet121,B,797,88670,image_level_seed11,3,1,glioma,0.0165177370751952,0.98328737080952,0.0001948921152848,1,glioma,0.98328737080952,919d6f0fb3ca462983d6df6ec06846e41abd9645
densenet121,B,798,88670,image_level_seed11,4,1,glioma,0.0623412851080144,0.9371946939231656,0.0004640209688202,1,glioma,0.9371946939231656,919d6f0fb3ca462983d6df6ec06846e41abd9645
densenet121,B,799,90284,image_level_seed11,1,1,glioma,0.0001089286103838,0.9997749654755128,0.0001161059141031,1,glioma,0.9997749654755128,919d6f0fb3ca462983d6df6ec06846e41abd9645
densenet121,B,800,90284,image_level_seed11,4,1,glioma,0.0003366385466119,0.9993249918187136,0.0003383696346743,1,glioma,0.9993249918187136,919d6f0fb3ca462983d6df6ec06846e41abd9645
densenet121,B,801,90284,image_level_seed11,4,1,glioma,0.0006303295036835,0.999215520836674,0.0001541496596424,1,glioma,0.999215520836674,919d6f0fb3ca462983d6df6ec06846e41abd9645
densenet121,B,802,90284,image_level_seed11,5,1,glioma,0.0002316717669996,0.9995496947301428,0.0002186335028576,1,glioma,0.9995496947301428,919d6f0fb3ca462983d6df6ec06846e41abd9645
densenet121,B,803,90284,image_level_seed11,2,1,glioma,0.0002151972210211,0.9996577061519736,0.000127096627005,1,glioma,0.9996577061519736,919d6f0fb3ca462983d6df6ec06846e41abd9645
densenet121,B,804,90284,image_level_seed11,3,1,glioma,0.0014491202967861,0.997945631504344,0.0006052481988697,1,glioma,0.997945631504344,919d6f0fb3ca462983d6df6ec06846e41abd9645
densenet121,B,805,90284,image_level_seed11,4,1,glioma,0.0001276485922556,0.9998610079153388,1.1343492405480429e-05,1,glioma,0.9998610079153388,919d6f0fb3ca462983d6df6ec06846e41abd9645
densenet121,B,806,90284,image_level_seed11,4,1,glioma,0.0001413960492996,0.9998049704213074,5.363352939296406e-05,1,glioma,0.9998049704213074,919d6f0fb3ca462983d6df6ec06846e41abd9645
densenet121,B,807,92897,image_level_seed11,2,1,glioma,0.0746253804882846,0.9236139946628488,0.0017606248488664,1,glioma,0.9236139946628488,919d6f0fb3ca462983d6df6ec06846e41abd9645
densenet121,B,808,92897,image_level_seed11,4,1,glioma,0.1667354762690204,0.8305093758396699,0.0027551478913097,1,glioma,0.8305093758396699,919d6f0fb3ca462983d6df6ec06846e41abd9645
densenet121,B,809,93825,image_level_seed11,1,1,glioma,0.0038593124054434,0.995052448624544,0.0010882389700125,1,glioma,0.995052448624544,919d6f0fb3ca462983d6df6ec06846e41abd9645
densenet121,B,810,93825,image_level_seed11,1,1,glioma,0.0023949946354254,0.9974440360573762,0.0001609693071983,1,glioma,0.9974440360573762,919d6f0fb3ca462983d6df6ec06846e41abd9645
densenet121,B,811,93825,image_level_seed11,1,1,glioma,0.0057994489443978,0.9940847870858778,0.0001157639697243,1,glioma,0.9940847870858778,919d6f0fb3ca462983d6df6ec06846e41abd9645
densenet121,B,812,97609,image_level_seed11,2,1,glioma,0.0171962647779176,0.9826333434710957,0.0001703917509869,1,glioma,0.9826333434710957,919d6f0fb3ca462983d6df6ec06846e41abd9645
densenet121,B,813,97609,image_level_seed11,2,1,glioma,0.031666280491894,0.9678841336227566,0.0004495858853493,1,glioma,0.9678841336227566,919d6f0fb3ca462983d6df6ec06846e41abd9645
densenet121,B,814,97609,image_level_seed11,1,1,glioma,0.0054384930129046,0.9943387140105828,0.0002227929765124,1,glioma,0.9943387140105828,919d6f0fb3ca462983d6df6ec06846e41abd9645
densenet121,B,815,97609,image_level_seed11,4,1,glioma,0.0014683983982076,0.9983044330129864,0.0002271685888059,1,glioma,0.9983044330129864,919d6f0fb3ca462983d6df6ec06846e41abd9645
densenet121,B,816,97609,image_level_seed11,3,1,glioma,0.0017690594021935,0.9980596570601146,0.0001712835376918,1,glioma,0.9980596570601146,919d6f0fb3ca462983d6df6ec06846e41abd9645
densenet121,B,817,97609,image_level_seed11,2,1,glioma,0.0081835165630565,0.9915124456207371,0.0003040378162061,1,glioma,0.9915124456207371,919d6f0fb3ca462983d6df6ec06846e41abd9645
densenet121,B,818,100416,image_level_seed11,3,1,glioma,0.0026843314061455,0.9967658654119964,0.000549803181858,1,glioma,0.9967658654119964,919d6f0fb3ca462983d6df6ec06846e41abd9645
densenet121,B,819,100416,image_level_seed11,4,1,glioma,0.0020718700768115,0.9971494701450678,0.0007786597781208,1,glioma,0.9971494701450678,919d6f0fb3ca462983d6df6ec06846e41abd9645
densenet121,B,820,100416,image_level_seed11,2,1,glioma,0.0013663485088346,0.9985706903309955,6.296116016985371e-05,1,glioma,0.9985706903309955,919d6f0fb3ca462983d6df6ec06846e41abd9645
densenet121,B,821,100416,image_level_seed11,1,1,glioma,0.0006593090243498,0.9992868723912386,5.381858441149212e-05,1,glioma,0.9992868723912386,919d6f0fb3ca462983d6df6ec06846e41abd9645
densenet121,B,822,100820,image_level_seed11,2,1,glioma,0.0085384647921227,0.9905414164411052,0.0009201187667719,1,glioma,0.9905414164411052,919d6f0fb3ca462983d6df6ec06846e41abd9645
densenet121,B,823,100820,image_level_seed11,1,1,glioma,0.212898490698101,0.7866706574547809,0.000430851847118,1,glioma,0.7866706574547809,919d6f0fb3ca462983d6df6ec06846e41abd9645
densenet121,B,824,100820,image_level_seed11,3,1,glioma,0.0040511655610109,0.9957599492715432,0.0001888851674458,1,glioma,0.9957599492715432,919d6f0fb3ca462983d6df6ec06846e41abd9645
densenet121,B,825,100820,image_level_seed11,5,1,glioma,0.0004584153848911,0.9993157457951816,0.0002258388199271,1,glioma,0.9993157457951816,919d6f0fb3ca462983d6df6ec06846e41abd9645
densenet121,B,826,100820,image_level_seed11,2,1,glioma,0.4817366661224355,0.5150835471793462,0.0031797866982181,1,glioma,0.5150835471793462,919d6f0fb3ca462983d6df6ec06846e41abd9645
densenet121,B,827,100820,image_level_seed11,1,1,glioma,0.9401979115888668,0.0566714607198655,0.0031306276912675,0,meningioma,0.9401979115888668,919d6f0fb3ca462983d6df6ec06846e41abd9645
densenet121,B,828,101020,image_level_seed11,2,1,glioma,0.8228558197649586,0.1745362760066109,0.0026079042284304,0,meningioma,0.8228558197649586,919d6f0fb3ca462983d6df6ec06846e41abd9645
densenet121,B,829,101020,image_level_seed11,2,1,glioma,0.0053478173707899,0.9943216092050462,0.0003305734241638,1,glioma,0.9943216092050462,919d6f0fb3ca462983d6df6ec06846e41abd9645
densenet121,B,830,101020,image_level_seed11,3,1,glioma,0.0007126347475472,0.9992518398455,3.5525406952583024e-05,1,glioma,0.9992518398455,919d6f0fb3ca462983d6df6ec06846e41abd9645
densenet121,B,831,101020,image_level_seed11,2,1,glioma,0.0087979801184866,0.9910605268574176,0.0001414930240957,1,glioma,0.9910605268574176,919d6f0fb3ca462983d6df6ec06846e41abd9645
densenet121,B,832,101020,image_level_seed11,1,1,glioma,0.0015858225028001,0.9984007539854748,1.3423511725029016e-05,1,glioma,0.9984007539854748,919d6f0fb3ca462983d6df6ec06846e41abd9645
densenet121,B,833,101020,image_level_seed11,3,1,glioma,0.0004456580351358,0.9995003573957526,5.398456911160445e-05,1,glioma,0.9995003573957526,919d6f0fb3ca462983d6df6ec06846e41abd9645
densenet121,B,834,101384,image_level_seed11,1,1,glioma,0.0178786779236516,0.981857900489144,0.0002634215872041,1,glioma,0.981857900489144,919d6f0fb3ca462983d6df6ec06846e41abd9645
densenet121,B,835,101384,image_level_seed11,2,1,glioma,0.0021221606007233,0.9975199181695992,0.0003579212296772,1,glioma,0.9975199181695992,919d6f0fb3ca462983d6df6ec06846e41abd9645
densenet121,B,836,101384,image_level_seed11,3,1,glioma,0.0146545939936642,0.9849612782456224,0.0003841277607133,1,glioma,0.9849612782456224,919d6f0fb3ca462983d6df6ec06846e41abd9645
densenet121,B,837,102075,image_level_seed11,3,1,glioma,0.0142152210484601,0.984521793032579,0.0012629859189606,1,glioma,0.984521793032579,919d6f0fb3ca462983d6df6ec06846e41abd9645
densenet121,B,838,102075,image_level_seed11,4,1,glioma,0.0065013392150714,0.9919788812863772,0.0015197794985512,1,glioma,0.9919788812863772,919d6f0fb3ca462983d6df6ec06846e41abd9645
densenet121,B,839,102075,image_level_seed11,1,1,glioma,0.050132554857954,0.9456879955585134,0.0041794495835324,1,glioma,0.9456879955585134,919d6f0fb3ca462983d6df6ec06846e41abd9645
densenet121,B,840,103148,image_level_seed11,5,1,glioma,0.0041668474738122,0.9957462070377344,8.694548845317557e-05,1,glioma,0.9957462070377344,919d6f0fb3ca462983d6df6ec06846e41abd9645
densenet121,B,841,103148,image_level_seed11,4,1,glioma,0.0013853721965766,0.9984273894735376,0.0001872383298854,1,glioma,0.9984273894735376,919d6f0fb3ca462983d6df6ec06846e41abd9645
densenet121,B,842,103148,image_level_seed11,2,1,glioma,0.3355795433206949,0.663985740635586,0.0004347160437191,1,glioma,0.663985740635586,919d6f0fb3ca462983d6df6ec06846e41abd9645
densenet121,B,843,103148,image_level_seed11,2,1,glioma,0.0281849889524064,0.971191855918098,0.0006231551294953,1,glioma,0.971191855918098,919d6f0fb3ca462983d6df6ec06846e41abd9645
densenet121,B,844,105653,image_level_seed11,2,1,glioma,0.0442051622753745,0.953230682639622,0.0025641550850034,1,glioma,0.953230682639622,919d6f0fb3ca462983d6df6ec06846e41abd9645
densenet121,B,845,105653,image_level_seed11,3,1,glioma,0.1717228722159616,0.0146989506551666,0.8135781771288717,2,pituitary,0.8135781771288717,919d6f0fb3ca462983d6df6ec06846e41abd9645
densenet121,B,846,106494,image_level_seed11,3,1,glioma,0.8970840380934406,0.0441828694012447,0.0587330925053145,0,meningioma,0.8970840380934406,919d6f0fb3ca462983d6df6ec06846e41abd9645
densenet121,B,847,106494,image_level_seed11,2,1,glioma,0.0226320671431812,0.9756865345952624,0.0016813982615561,1,glioma,0.9756865345952624,919d6f0fb3ca462983d6df6ec06846e41abd9645
densenet121,B,848,106494,image_level_seed11,1,1,glioma,0.0023115192689828,0.9975491322189454,0.0001393485120719,1,glioma,0.9975491322189454,919d6f0fb3ca462983d6df6ec06846e41abd9645
densenet121,B,849,106494,image_level_seed11,1,1,glioma,0.0001496765848373,0.9998239087279224,2.641468724047953e-05,1,glioma,0.9998239087279224,919d6f0fb3ca462983d6df6ec06846e41abd9645
densenet121,B,850,106494,image_level_seed11,3,1,glioma,0.0009363273500854,0.9988921094399044,0.0001715632100103,1,glioma,0.9988921094399044,919d6f0fb3ca462983d6df6ec06846e41abd9645
densenet121,B,851,106494,image_level_seed11,1,1,glioma,0.0008984685775023,0.9990462669885152,5.5264433982316695e-05,1,glioma,0.9990462669885152,919d6f0fb3ca462983d6df6ec06846e41abd9645
densenet121,B,852,106494,image_level_seed11,5,1,glioma,0.0112957290069552,0.9879064066440288,0.0007978643490159,1,glioma,0.9879064066440288,919d6f0fb3ca462983d6df6ec06846e41abd9645
densenet121,B,853,107747,image_level_seed11,3,1,glioma,0.1476191351113224,0.8504534964301682,0.0019273684585093,1,glioma,0.8504534964301682,919d6f0fb3ca462983d6df6ec06846e41abd9645
densenet121,B,854,107747,image_level_seed11,2,1,glioma,0.0005251759852053,0.9990977373204936,0.000377086694301,1,glioma,0.9990977373204936,919d6f0fb3ca462983d6df6ec06846e41abd9645
densenet121,B,855,107747,image_level_seed11,5,1,glioma,0.0018129574647418,0.9977371794240216,0.0004498631112364,1,glioma,0.9977371794240216,919d6f0fb3ca462983d6df6ec06846e41abd9645
densenet121,B,856,107747,image_level_seed11,4,1,glioma,0.0075430027855223,0.99103226380145,0.0014247334130277,1,glioma,0.99103226380145,919d6f0fb3ca462983d6df6ec06846e41abd9645
densenet121,B,857,108479,image_level_seed11,5,1,glioma,0.0408166018989978,0.3828295080758265,0.5763538900251756,2,pituitary,0.5763538900251756,919d6f0fb3ca462983d6df6ec06846e41abd9645
densenet121,B,858,108479,image_level_seed11,1,1,glioma,0.0046259991828974,0.9941764612111422,0.0011975396059602,1,glioma,0.9941764612111422,919d6f0fb3ca462983d6df6ec06846e41abd9645
densenet121,B,859,112105,image_level_seed11,4,1,glioma,0.002874975922937,0.996355451593934,0.0007695724831288,1,glioma,0.996355451593934,919d6f0fb3ca462983d6df6ec06846e41abd9645
densenet121,B,860,112105,image_level_seed11,5,1,glioma,0.0003906624694577,0.9995743951687336,3.494236180867431e-05,1,glioma,0.9995743951687336,919d6f0fb3ca462983d6df6ec06846e41abd9645
densenet121,B,861,112105,image_level_seed11,2,1,glioma,0.026948000020883,0.9713937130176616,0.0016582869614553,1,glioma,0.9713937130176616,919d6f0fb3ca462983d6df6ec06846e41abd9645
densenet121,B,862,112105,image_level_seed11,5,1,glioma,0.0031266605092185,0.996846955550622,2.638394015917767e-05,1,glioma,0.996846955550622,919d6f0fb3ca462983d6df6ec06846e41abd9645
densenet121,B,863,112105,image_level_seed11,2,1,glioma,0.0014480425069035,0.998524574561304,2.7382931792486353e-05,1,glioma,0.998524574561304,919d6f0fb3ca462983d6df6ec06846e41abd9645
densenet121,B,864,112105,image_level_seed11,4,1,glioma,0.0158902676817409,0.9833273597966146,0.0007823725216444,1,glioma,0.9833273597966146,919d6f0fb3ca462983d6df6ec06846e41abd9645
densenet121,B,865,88670,image_level_seed11,5,1,glioma,0.0019650383132058,0.9971970355955684,0.0008379260912256,1,glioma,0.9971970355955684,919d6f0fb3ca462983d6df6ec06846e41abd9645
densenet121,B,866,88670,image_level_seed11,1,1,glioma,0.00119775196105,0.9986082716613442,0.0001939763776058,1,glioma,0.9986082716613442,919d6f0fb3ca462983d6df6ec06846e41abd9645
densenet121,B,867,88670,image_level_seed11,4,1,glioma,0.005128440905253,0.99341500587813,0.001456553216617,1,glioma,0.99341500587813,919d6f0fb3ca462983d6df6ec06846e41abd9645
densenet121,B,868,88670,image_level_seed11,4,1,glioma,0.0017595980814214,0.9980541208881654,0.0001862810304132,1,glioma,0.9980541208881654,919d6f0fb3ca462983d6df6ec06846e41abd9645
densenet121,B,869,88670,image_level_seed11,5,1,glioma,0.00169179100247,0.9981313524762144,0.0001768565213156,1,glioma,0.9981313524762144,919d6f0fb3ca462983d6df6ec06846e41abd9645
densenet121,B,870,90284,image_level_seed11,2,1,glioma,0.001326656905048,0.9985918154819926,8.152761295940221e-05,1,glioma,0.9985918154819926,919d6f0fb3ca462983d6df6ec06846e41abd9645
densenet121,B,871,90284,image_level_seed11,3,1,glioma,0.0278698181183833,0.9548834550184194,0.0172467268631972,1,glioma,0.9548834550184194,919d6f0fb3ca462983d6df6ec06846e41abd9645
densenet121,B,872,90284,image_level_seed11,4,1,glioma,0.0005435625209835,0.9992896350984888,0.0001668023805277,1,glioma,0.9992896350984888,919d6f0fb3ca462983d6df6ec06846e41abd9645
densenet121,B,873,90284,image_level_seed11,5,1,glioma,0.0001200842711462,0.999506840204306,0.0003730755245478,1,glioma,0.999506840204306,919d6f0fb3ca462983d6df6ec06846e41abd9645
densenet121,B,874,90284,image_level_seed11,4,1,glioma,0.0034822533653945,0.9938539258080048,0.0026638208266007,1,glioma,0.9938539258080048,919d6f0fb3ca462983d6df6ec06846e41abd9645
densenet121,B,875,90284,image_level_seed11,2,1,glioma,0.0029142606447444,0.989557029620248,0.0075287097350076,1,glioma,0.989557029620248,919d6f0fb3ca462983d6df6ec06846e41abd9645
densenet121,B,876,90284,image_level_seed11,2,1,glioma,0.0004131537768228,0.9991500554226124,0.0004367908005648,1,glioma,0.9991500554226124,919d6f0fb3ca462983d6df6ec06846e41abd9645
densenet121,B,877,90284,image_level_seed11,4,1,glioma,0.0003126521103744,0.999407086344614,0.0002802615450115,1,glioma,0.999407086344614,919d6f0fb3ca462983d6df6ec06846e41abd9645
densenet121,B,878,90284,image_level_seed11,2,1,glioma,0.0003015563545606,0.9996356720318756,6.277161356378986e-05,1,glioma,0.9996356720318756,919d6f0fb3ca462983d6df6ec06846e41abd9645
densenet121,B,879,90284,image_level_seed11,2,1,glioma,0.000457011563368,0.9994638154911196,7.91729455125572e-05,1,glioma,0.9994638154911196,919d6f0fb3ca462983d6df6ec06846e41abd9645
densenet121,B,880,90284,image_level_seed11,1,1,glioma,0.0002839925754295,0.9992031401549328,0.0005128672696376,1,glioma,0.9992031401549328,919d6f0fb3ca462983d6df6ec06846e41abd9645
densenet121,B,881,92897,image_level_seed11,4,1,glioma,0.0974023260830939,0.8997029952034153,0.0028946787134908,1,glioma,0.8997029952034153,919d6f0fb3ca462983d6df6ec06846e41abd9645
densenet121,B,882,92897,image_level_seed11,5,1,glioma,0.0150530351600365,0.981955975359192,0.0029909894807714,1,glioma,0.981955975359192,919d6f0fb3ca462983d6df6ec06846e41abd9645
densenet121,B,883,93329,image_level_seed11,2,1,glioma,0.0117259888876166,0.9869880110812704,0.0012860000311129,1,glioma,0.9869880110812704,919d6f0fb3ca462983d6df6ec06846e41abd9645
densenet121,B,884,93329,image_level_seed11,3,1,glioma,0.0052015872290801,0.9919021598691184,0.0028962529018013,1,glioma,0.9919021598691184,919d6f0fb3ca462983d6df6ec06846e41abd9645
densenet121,B,885,93329,image_level_seed11,5,1,glioma,0.0064844386369289,0.9929313907948948,0.000584170568176,1,glioma,0.9929313907948948,919d6f0fb3ca462983d6df6ec06846e41abd9645
densenet121,B,886,93329,image_level_seed11,2,1,glioma,0.011471232606011,0.986991720518738,0.001537046875251,1,glioma,0.986991720518738,919d6f0fb3ca462983d6df6ec06846e41abd9645
densenet121,B,887,93329,image_level_seed11,3,1,glioma,0.0165426477925138,0.9756501085027224,0.0078072437047638,1,glioma,0.9756501085027224,919d6f0fb3ca462983d6df6ec06846e41abd9645
densenet121,B,888,93825,image_level_seed11,5,1,glioma,0.000772985149047,0.9991248474750392,0.0001021673759138,1,glioma,0.9991248474750392,919d6f0fb3ca462983d6df6ec06846e41abd9645
densenet121,B,889,93825,image_level_seed11,3,1,glioma,0.0035440282672567,0.9951616639394716,0.0012943077932717,1,glioma,0.9951616639394716,919d6f0fb3ca462983d6df6ec06846e41abd9645
densenet121,B,890,93825,image_level_seed11,1,1,glioma,0.0002360376335634,0.999673703049163,9.025931727346164e-05,1,glioma,0.999673703049163,919d6f0fb3ca462983d6df6ec06846e41abd9645
densenet121,B,891,93825,image_level_seed11,2,1,glioma,0.0004141025455747,0.9992183737709,0.0003675236835252,1,glioma,0.9992183737709,919d6f0fb3ca462983d6df6ec06846e41abd9645
densenet121,B,892,94731,image_level_seed11,1,1,glioma,0.0522066445001584,0.9464124571110002,0.0013808983888413,1,glioma,0.9464124571110002,919d6f0fb3ca462983d6df6ec06846e41abd9645
densenet121,B,893,94731,image_level_seed11,5,1,glioma,0.0023330661949279,0.996124877095273,0.001542056709799,1,glioma,0.996124877095273,919d6f0fb3ca462983d6df6ec06846e41abd9645
densenet121,B,894,94731,image_level_seed11,4,1,glioma,0.0047982967027714,0.9949104314779328,0.0002912718192956,1,glioma,0.9949104314779328,919d6f0fb3ca462983d6df6ec06846e41abd9645
densenet121,B,895,95142,image_level_seed11,5,1,glioma,0.018490701077304,0.9073262565449556,0.0741830423777404,1,glioma,0.9073262565449556,919d6f0fb3ca462983d6df6ec06846e41abd9645
densenet121,B,896,95142,image_level_seed11,3,1,glioma,0.0200594132328455,0.6071028761834419,0.3728377105837124,1,glioma,0.6071028761834419,919d6f0fb3ca462983d6df6ec06846e41abd9645
densenet121,B,897,95142,image_level_seed11,1,1,glioma,0.023778850605472,0.9608878597062532,0.0153332896882748,1,glioma,0.9608878597062532,919d6f0fb3ca462983d6df6ec06846e41abd9645
densenet121,B,898,95142,image_level_seed11,1,1,glioma,0.0024904384843188,0.9959652899393172,0.0015442715763637,1,glioma,0.9959652899393172,919d6f0fb3ca462983d6df6ec06846e41abd9645
densenet121,B,899,95142,image_level_seed11,3,1,glioma,0.0012009455662509,0.9967223901566368,0.0020766642771121,1,glioma,0.9967223901566368,919d6f0fb3ca462983d6df6ec06846e41abd9645
densenet121,B,900,95142,image_level_seed11,5,1,glioma,0.0008699500383337,0.9976120138769392,0.001518036084727,1,glioma,0.9976120138769392,919d6f0fb3ca462983d6df6ec06846e41abd9645
densenet121,B,901,95142,image_level_seed11,3,1,glioma,0.0032298761415789,0.9948657876681188,0.0019043361903021,1,glioma,0.9948657876681188,919d6f0fb3ca462983d6df6ec06846e41abd9645
densenet121,B,902,95142,image_level_seed11,2,1,glioma,0.0013894636078126,0.9983815092926088,0.0002290270995787,1,glioma,0.9983815092926088,919d6f0fb3ca462983d6df6ec06846e41abd9645
densenet121,B,903,95142,image_level_seed11,4,1,glioma,0.0083133181701473,0.9894159443513884,0.0022707374784642,1,glioma,0.9894159443513884,919d6f0fb3ca462983d6df6ec06846e41abd9645
densenet121,B,904,96587,image_level_seed11,4,1,glioma,0.0007832728103734,0.9991331368422284,8.359034739832921e-05,1,glioma,0.9991331368422284,919d6f0fb3ca462983d6df6ec06846e41abd9645
densenet121,B,905,96587,image_level_seed11,1,1,glioma,0.0005364235804836,0.999316959934917,0.0001466164845993,1,glioma,0.999316959934917,919d6f0fb3ca462983d6df6ec06846e41abd9645
densenet121,B,906,96587,image_level_seed11,3,1,glioma,0.0007704776416338,0.999046567044115,0.0001829553142512,1,glioma,0.999046567044115,919d6f0fb3ca462983d6df6ec06846e41abd9645
densenet121,B,907,96587,image_level_seed11,4,1,glioma,0.0019704528436387,0.9977391890113988,0.0002903581449623,1,glioma,0.9977391890113988,919d6f0fb3ca462983d6df6ec06846e41abd9645
densenet121,B,908,97609,image_level_seed11,2,1,glioma,0.0019934000235636,0.997962372647859,4.422732857717233e-05,1,glioma,0.997962372647859,919d6f0fb3ca462983d6df6ec06846e41abd9645
densenet121,B,909,97609,image_level_seed11,1,1,glioma,0.0001572703843519,0.999835266445712,7.463169936323239e-06,1,glioma,0.999835266445712,919d6f0fb3ca462983d6df6ec06846e41abd9645
densenet121,B,910,97609,image_level_seed11,5,1,glioma,0.0004754656042562,0.9994923129197828,3.222147596084733e-05,1,glioma,0.9994923129197828,919d6f0fb3ca462983d6df6ec06846e41abd9645
densenet121,B,911,97609,image_level_seed11,1,1,glioma,0.0005144170478908,0.9994513345395032,3.424841260579387e-05,1,glioma,0.9994513345395032,919d6f0fb3ca462983d6df6ec06846e41abd9645
densenet121,B,912,98889,image_level_seed11,4,1,glioma,0.0007938790470482,0.9991566382652712,4.9482687680408865e-05,1,glioma,0.9991566382652712,919d6f0fb3ca462983d6df6ec06846e41abd9645
densenet121,B,913,98889,image_level_seed11,2,1,glioma,0.0112533421018263,0.986877862622894,0.0018687952752796,1,glioma,0.986877862622894,919d6f0fb3ca462983d6df6ec06846e41abd9645
densenet121,B,914,98889,image_level_seed11,4,1,glioma,0.0014993335001905,0.997771186297011,0.0007294802027985,1,glioma,0.997771186297011,919d6f0fb3ca462983d6df6ec06846e41abd9645
densenet121,B,915,98889,image_level_seed11,1,1,glioma,0.0015768038731215,0.9980478682337148,0.0003753278931634,1,glioma,0.9980478682337148,919d6f0fb3ca462983d6df6ec06846e41abd9645
densenet121,B,916,98889,image_level_seed11,1,1,glioma,0.0020473556110145,0.996737283240002,0.0012153611489836,1,glioma,0.996737283240002,919d6f0fb3ca462983d6df6ec06846e41abd9645
densenet121,B,917,98889,image_level_seed11,3,1,glioma,0.0052539206029714,0.9939527792415128,0.0007933001555158,1,glioma,0.9939527792415128,919d6f0fb3ca462983d6df6ec06846e41abd9645
densenet121,B,918,105936,image_level_seed11,5,2,pituitary,4.0110276734955325e-05,9.36102435888048e-05,0.9998662794796764,2,pituitary,0.9998662794796764,919d6f0fb3ca462983d6df6ec06846e41abd9645
densenet121,B,919,105936,image_level_seed11,4,2,pituitary,5.094795493433906e-05,0.0001330116897056,0.99981604035536,2,pituitary,0.99981604035536,919d6f0fb3ca462983d6df6ec06846e41abd9645
densenet121,B,920,105936,image_level_seed11,2,2,pituitary,0.0001848162735234,0.0004611792856436,0.999354004440833,2,pituitary,0.999354004440833,919d6f0fb3ca462983d6df6ec06846e41abd9645
densenet121,B,921,105936,image_level_seed11,4,2,pituitary,3.654964361467197e-05,0.0001213183453808,0.9998421320110044,2,pituitary,0.9998421320110044,919d6f0fb3ca462983d6df6ec06846e41abd9645
densenet121,B,922,106062,image_level_seed11,3,2,pituitary,0.0001843174500961,0.0002116665535512,0.9996040159963526,2,pituitary,0.9996040159963526,919d6f0fb3ca462983d6df6ec06846e41abd9645
densenet121,B,923,106062,image_level_seed11,3,2,pituitary,0.0001545684269928,6.420889002875859e-05,0.9997812226829784,2,pituitary,0.9997812226829784,919d6f0fb3ca462983d6df6ec06846e41abd9645
densenet121,B,924,106062,image_level_seed11,1,2,pituitary,0.0002535664161129,0.0005373894086686,0.9992090441752184,2,pituitary,0.9992090441752184,919d6f0fb3ca462983d6df6ec06846e41abd9645
densenet121,B,925,106062,image_level_seed11,5,2,pituitary,0.001350603794503,0.0004271796805129,0.998222216524984,2,pituitary,0.998222216524984,919d6f0fb3ca462983d6df6ec06846e41abd9645
densenet121,B,926,107495,image_level_seed11,5,2,pituitary,0.0007114605487868,0.0002786267010848,0.9990099127501284,2,pituitary,0.9990099127501284,919d6f0fb3ca462983d6df6ec06846e41abd9645
densenet121,B,927,107495,image_level_seed11,5,2,pituitary,0.0005652234948085,0.0001392667873394,0.999295509717852,2,pituitary,0.999295509717852,919d6f0fb3ca462983d6df6ec06846e41abd9645
densenet121,B,928,107495,image_level_seed11,4,2,pituitary,0.001208268491943,0.0002568603020267,0.99853487120603,2,pituitary,0.99853487120603,919d6f0fb3ca462983d6df6ec06846e41abd9645
densenet121,B,929,107495,image_level_seed11,4,2,pituitary,0.0012865210919989,0.000683095818679,0.998030383089322,2,pituitary,0.998030383089322,919d6f0fb3ca462983d6df6ec06846e41abd9645
densenet121,B,930,107495,image_level_seed11,2,2,pituitary,0.0006210359974131,0.0004720849951032,0.9989068790074837,2,pituitary,0.9989068790074837,919d6f0fb3ca462983d6df6ec06846e41abd9645
densenet121,B,931,107495,image_level_seed11,2,2,pituitary,0.0004997594184955,0.0003270249390444,0.99917321564246,2,pituitary,0.99917321564246,919d6f0fb3ca462983d6df6ec06846e41abd9645
densenet121,B,932,107495,image_level_seed11,1,2,pituitary,0.000537871614777,0.0002566784089291,0.999205449976294,2,pituitary,0.999205449976294,919d6f0fb3ca462983d6df6ec06846e41abd9645
densenet121,B,933,107429,image_level_seed11,4,2,pituitary,0.0009809564160671,0.0006590953756774,0.9983599482082556,2,pituitary,0.9983599482082556,919d6f0fb3ca462983d6df6ec06846e41abd9645
densenet121,B,934,107429,image_level_seed11,5,2,pituitary,0.0001933026408835,5.457449499873621e-05,0.9997521228641176,2,pituitary,0.9997521228641176,919d6f0fb3ca462983d6df6ec06846e41abd9645
densenet121,B,935,107429,image_level_seed11,4,2,pituitary,0.0023343181441299,0.0001125917137983,0.9975530901420718,2,pituitary,0.9975530901420718,919d6f0fb3ca462983d6df6ec06846e41abd9645
densenet121,B,936,107429,image_level_seed11,5,2,pituitary,0.0004077421604467,9.333808057649092e-05,0.9994989197589768,2,pituitary,0.9994989197589768,919d6f0fb3ca462983d6df6ec06846e41abd9645
densenet121,B,937,107429,image_level_seed11,2,2,pituitary,0.0001209474451531,3.374237820000952e-05,0.9998453101766468,2,pituitary,0.9998453101766468,919d6f0fb3ca462983d6df6ec06846e41abd9645
densenet121,B,938,107429,image_level_seed11,1,2,pituitary,0.0016030913398652,0.0002255864265475,0.9981713222335874,2,pituitary,0.9981713222335874,919d6f0fb3ca462983d6df6ec06846e41abd9645
densenet121,B,939,107505,image_level_seed11,2,2,pituitary,0.0002080400835568,0.000140150984079,0.999651808932364,2,pituitary,0.999651808932364,919d6f0fb3ca462983d6df6ec06846e41abd9645
densenet121,B,940,107505,image_level_seed11,5,2,pituitary,0.000334313763131,0.000519803908743,0.9991458823281256,2,pituitary,0.9991458823281256,919d6f0fb3ca462983d6df6ec06846e41abd9645
densenet121,B,941,107505,image_level_seed11,1,2,pituitary,0.0005879504468281,0.0014758942093139,0.9979361553438578,2,pituitary,0.9979361553438578,919d6f0fb3ca462983d6df6ec06846e41abd9645
densenet121,B,942,107505,image_level_seed11,5,2,pituitary,0.0010167611425283,0.001224465078253,0.9977587737792186,2,pituitary,0.9977587737792186,919d6f0fb3ca462983d6df6ec06846e41abd9645
densenet121,B,943,107505,image_level_seed11,3,2,pituitary,0.000970336209762,0.0032458250132224,0.9957838387770156,2,pituitary,0.9957838387770156,919d6f0fb3ca462983d6df6ec06846e41abd9645
densenet121,B,944,107505,image_level_seed11,3,2,pituitary,0.0006372324732078,0.0018007130373372,0.997562054489455,2,pituitary,0.997562054489455,919d6f0fb3ca462983d6df6ec06846e41abd9645
densenet121,B,945,107505,image_level_seed11,3,2,pituitary,0.0019756667089626,0.0145625225098412,0.983461810781196,2,pituitary,0.983461810781196,919d6f0fb3ca462983d6df6ec06846e41abd9645
densenet121,B,946,107743,image_level_seed11,1,2,pituitary,0.0005928464287911,0.0001486322462097,0.9992585213249991,2,pituitary,0.9992585213249991,919d6f0fb3ca462983d6df6ec06846e41abd9645
densenet121,B,947,107743,image_level_seed11,4,2,pituitary,0.001739083058596,0.0002422220803721,0.9980186948610318,2,pituitary,0.9980186948610318,919d6f0fb3ca462983d6df6ec06846e41abd9645
densenet121,B,948,107743,image_level_seed11,1,2,pituitary,0.0008617197724526,0.0003400274610684,0.9987982527664788,2,pituitary,0.9987982527664788,919d6f0fb3ca462983d6df6ec06846e41abd9645
densenet121,B,949,107743,image_level_seed11,2,2,pituitary,0.0015366632969753,0.0010630053677504,0.9974003313352742,2,pituitary,0.9974003313352742,919d6f0fb3ca462983d6df6ec06846e41abd9645
densenet121,B,950,108858,image_level_seed11,1,2,pituitary,0.0011742227635758,0.0002258196863682,0.998599957550056,2,pituitary,0.998599957550056,919d6f0fb3ca462983d6df6ec06846e41abd9645
densenet121,B,951,108858,image_level_seed11,5,2,pituitary,0.0017896420667184,0.0007134956854105,0.9974968622478708,2,pituitary,0.9974968622478708,919d6f0fb3ca462983d6df6ec06846e41abd9645
densenet121,B,952,108858,image_level_seed11,1,2,pituitary,0.0006828096023553,0.000673847356769,0.9986433430408757,2,pituitary,0.9986433430408757,919d6f0fb3ca462983d6df6ec06846e41abd9645
densenet121,B,953,108858,image_level_seed11,5,2,pituitary,0.0025049193132602,0.0010692690010961,0.9964258116856436,2,pituitary,0.9964258116856436,919d6f0fb3ca462983d6df6ec06846e41abd9645
densenet121,B,954,108858,image_level_seed11,2,2,pituitary,0.0035064677677541,0.0045604283979971,0.9919331038342488,2,pituitary,0.9919331038342488,919d6f0fb3ca462983d6df6ec06846e41abd9645
densenet121,B,955,108931,image_level_seed11,5,2,pituitary,0.0004225701861667,0.0005082376898856,0.9990691921239476,2,pituitary,0.9990691921239476,919d6f0fb3ca462983d6df6ec06846e41abd9645
densenet121,B,956,108931,image_level_seed11,2,2,pituitary,0.0009537731243543,0.0004379089370826,0.998608317938563,2,pituitary,0.998608317938563,919d6f0fb3ca462983d6df6ec06846e41abd9645
densenet121,B,957,108931,image_level_seed11,4,2,pituitary,0.0002415517714457,0.0004368910855265,0.9993215571430276,2,pituitary,0.9993215571430276,919d6f0fb3ca462983d6df6ec06846e41abd9645
densenet121,B,958,109471,image_level_seed11,1,2,pituitary,0.0058697563386114,0.000254289745617,0.9938759539157712,2,pituitary,0.9938759539157712,919d6f0fb3ca462983d6df6ec06846e41abd9645
densenet121,B,959,109471,image_level_seed11,2,2,pituitary,0.0004408303118547,5.510382151141015e-05,0.999504065866634,2,pituitary,0.999504065866634,919d6f0fb3ca462983d6df6ec06846e41abd9645
densenet121,B,960,109471,image_level_seed11,2,2,pituitary,0.000158882676937,9.1202281488499e-05,0.9997499150415744,2,pituitary,0.9997499150415744,919d6f0fb3ca462983d6df6ec06846e41abd9645
densenet121,B,961,109471,image_level_seed11,1,2,pituitary,0.0075072723676524,5.92460688219129e-05,0.9924334815635256,2,pituitary,0.9924334815635256,919d6f0fb3ca462983d6df6ec06846e41abd9645
densenet121,B,962,109769,image_level_seed11,5,2,pituitary,0.0014105508678425,0.000783253085646,0.9978061960465112,2,pituitary,0.9978061960465112,919d6f0fb3ca462983d6df6ec06846e41abd9645
densenet121,B,963,109769,image_level_seed11,3,2,pituitary,0.001462438356642,0.0008111664313364,0.9977263952120212,2,pituitary,0.9977263952120212,919d6f0fb3ca462983d6df6ec06846e41abd9645
densenet121,B,964,109769,image_level_seed11,5,2,pituitary,0.0015844165580134,0.0007339664166891,0.9976816170252972,2,pituitary,0.9976816170252972,919d6f0fb3ca462983d6df6ec06846e41abd9645
densenet121,B,965,109769,image_level_seed11,1,2,pituitary,0.0002039449665396,0.0002019733626384,0.9995940816708218,2,pituitary,0.9995940816708218,919d6f0fb3ca462983d6df6ec06846e41abd9645
densenet121,B,966,109898,image_level_seed11,5,2,pituitary,0.0013601780845139,0.0002454980503053,0.9983943238651806,2,pituitary,0.9983943238651806,919d6f0fb3ca462983d6df6ec06846e41abd9645
densenet121,B,967,109898,image_level_seed11,3,2,pituitary,0.0009394286050411,0.0002531935394596,0.9988073778554992,2,pituitary,0.9988073778554992,919d6f0fb3ca462983d6df6ec06846e41abd9645
densenet121,B,968,109898,image_level_seed11,4,2,pituitary,0.0034053481771424,0.0004387726712452,0.9961558791516124,2,pituitary,0.9961558791516124,919d6f0fb3ca462983d6df6ec06846e41abd9645
densenet121,B,969,109898,image_level_seed11,5,2,pituitary,0.0006544312489952,0.0002462128094289,0.9990993559415756,2,pituitary,0.9990993559415756,919d6f0fb3ca462983d6df6ec06846e41abd9645
densenet121,B,970,109898,image_level_seed11,2,2,pituitary,0.0008813088478394,0.0004481707782038,0.9986705203739566,2,pituitary,0.9986705203739566,919d6f0fb3ca462983d6df6ec06846e41abd9645
densenet121,B,971,109898,image_level_seed11,4,2,pituitary,0.000283495434019,0.000456365742415,0.999260138823566,2,pituitary,0.999260138823566,919d6f0fb3ca462983d6df6ec06846e41abd9645
densenet121,B,972,110518,image_level_seed11,3,2,pituitary,0.0106172278869843,0.0025155166124238,0.9868672555005918,2,pituitary,0.9868672555005918,919d6f0fb3ca462983d6df6ec06846e41abd9645
densenet121,B,973,110518,image_level_seed11,4,2,pituitary,0.5699218433735254,0.0096702231916697,0.4204079334348049,0,meningioma,0.5699218433735254,919d6f0fb3ca462983d6df6ec06846e41abd9645
densenet121,B,974,110537,image_level_seed11,1,2,pituitary,0.0051360971088168,0.0008009713155227,0.9940629315756604,2,pituitary,0.9940629315756604,919d6f0fb3ca462983d6df6ec06846e41abd9645
densenet121,B,975,110537,image_level_seed11,4,2,pituitary,0.0008591705955506,0.0001715025284232,0.998969326876026,2,pituitary,0.998969326876026,919d6f0fb3ca462983d6df6ec06846e41abd9645
densenet121,B,976,110993,image_level_seed11,5,2,pituitary,0.0001788431480904,0.0003417523800255,0.999479404471884,2,pituitary,0.999479404471884,919d6f0fb3ca462983d6df6ec06846e41abd9645
densenet121,B,977,110993,image_level_seed11,3,2,pituitary,3.2230201153182376e-05,6.416274200141519e-05,0.9999036070568454,2,pituitary,0.9999036070568454,919d6f0fb3ca462983d6df6ec06846e41abd9645
densenet121,B,978,110993,image_level_seed11,1,2,pituitary,5.827967074082027e-05,3.419507671331968e-05,0.999907525252546,2,pituitary,0.999907525252546,919d6f0fb3ca462983d6df6ec06846e41abd9645
densenet121,B,979,110993,image_level_seed11,5,2,pituitary,6.01602720634928e-05,0.0001111356153671,0.9998287041125692,2,pituitary,0.9998287041125692,919d6f0fb3ca462983d6df6ec06846e41abd9645
densenet121,B,980,111075,image_level_seed11,2,2,pituitary,0.0043297495019491,0.0001469869238613,0.9955232635741896,2,pituitary,0.9955232635741896,919d6f0fb3ca462983d6df6ec06846e41abd9645
densenet121,B,981,111075,image_level_seed11,3,2,pituitary,7.363343173371919e-05,3.2552574631187844e-05,0.9998938139936352,2,pituitary,0.9998938139936352,919d6f0fb3ca462983d6df6ec06846e41abd9645
densenet121,B,982,111075,image_level_seed11,1,2,pituitary,8.399409112495878e-05,6.229507230350083e-05,0.9998537108365716,2,pituitary,0.9998537108365716,919d6f0fb3ca462983d6df6ec06846e41abd9645
densenet121,B,983,111075,image_level_seed11,5,2,pituitary,0.000269960895798,0.0001588825624582,0.9995711565417438,2,pituitary,0.9995711565417438,919d6f0fb3ca462983d6df6ec06846e41abd9645
densenet121,B,984,111075,image_level_seed11,5,2,pituitary,0.0003518748418408,0.0002056558381359,0.9994424693200232,2,pituitary,0.9994424693200232,919d6f0fb3ca462983d6df6ec06846e41abd9645
densenet121,B,985,111075,image_level_seed11,1,2,pituitary,0.0006289084688796,0.0007434595233648,0.9986276320077556,2,pituitary,0.9986276320077556,919d6f0fb3ca462983d6df6ec06846e41abd9645
densenet121,B,986,111125,image_level_seed11,2,2,pituitary,0.0001521823349213,5.037605543496301e-05,0.9997974416096438,2,pituitary,0.9997974416096438,919d6f0fb3ca462983d6df6ec06846e41abd9645
densenet121,B,987,111125,image_level_seed11,5,2,pituitary,8.426665707680541e-05,0.0001085691245134,0.9998071642184098,2,pituitary,0.9998071642184098,919d6f0fb3ca462983d6df6ec06846e41abd9645
densenet121,B,988,111125,image_level_seed11,2,2,pituitary,0.0010712259403342,0.0001709572315864,0.9987578168280792,2,pituitary,0.9987578168280792,919d6f0fb3ca462983d6df6ec06846e41abd9645
densenet121,B,989,111125,image_level_seed11,4,2,pituitary,0.0037812953211075,0.0001441277925129,0.9960745768863796,2,pituitary,0.9960745768863796,919d6f0fb3ca462983d6df6ec06846e41abd9645
densenet121,B,990,111785,image_level_seed11,3,2,pituitary,0.0006485057638432,0.0007041227625692,0.9986473714735876,2,pituitary,0.9986473714735876,919d6f0fb3ca462983d6df6ec06846e41abd9645
densenet121,B,991,111785,image_level_seed11,1,2,pituitary,0.0005878193205233,0.0004804083360764,0.9989317723434,2,pituitary,0.9989317723434,919d6f0fb3ca462983d6df6ec06846e41abd9645
densenet121,B,992,111785,image_level_seed11,3,2,pituitary,0.0002168472895686,0.0001862187134971,0.9995969339969342,2,pituitary,0.9995969339969342,919d6f0fb3ca462983d6df6ec06846e41abd9645
densenet121,B,993,111785,image_level_seed11,5,2,pituitary,0.0007000355322042,0.0002202758483813,0.9990796886194144,2,pituitary,0.9990796886194144,919d6f0fb3ca462983d6df6ec06846e41abd9645
densenet121,B,994,112074,image_level_seed11,2,2,pituitary,0.0373204816134146,0.0795830628650594,0.8830964555215258,2,pituitary,0.8830964555215258,919d6f0fb3ca462983d6df6ec06846e41abd9645
densenet121,B,995,112074,image_level_seed11,1,2,pituitary,0.0145844692228064,0.0416016048429911,0.9438139259342024,2,pituitary,0.9438139259342024,919d6f0fb3ca462983d6df6ec06846e41abd9645
densenet121,B,996,112074,image_level_seed11,1,2,pituitary,0.021218257116488,0.1858368826730032,0.7929448602105088,2,pituitary,0.7929448602105088,919d6f0fb3ca462983d6df6ec06846e41abd9645
densenet121,B,997,112074,image_level_seed11,1,2,pituitary,0.3283029216487768,0.3305052558529603,0.3411918224982629,2,pituitary,0.3411918224982629,919d6f0fb3ca462983d6df6ec06846e41abd9645
densenet121,B,998,112649,image_level_seed11,3,2,pituitary,0.0002344303867083,0.0003813801911381,0.9993841894221536,2,pituitary,0.9993841894221536,919d6f0fb3ca462983d6df6ec06846e41abd9645
densenet121,B,999,112649,image_level_seed11,1,2,pituitary,0.0004136307093642,0.0012383058530615,0.9983480634375742,2,pituitary,0.9983480634375742,919d6f0fb3ca462983d6df6ec06846e41abd9645
densenet121,B,1000,112649,image_level_seed11,4,2,pituitary,0.0004370586808253,0.001093107537107,0.9984698337820676,2,pituitary,0.9984698337820676,919d6f0fb3ca462983d6df6ec06846e41abd9645
densenet121,B,1001,112649,image_level_seed11,3,2,pituitary,9.536005956231886e-05,0.0001159395445346,0.9997887003959032,2,pituitary,0.9997887003959032,919d6f0fb3ca462983d6df6ec06846e41abd9645
densenet121,B,1002,112649,image_level_seed11,1,2,pituitary,0.00053144746418,0.0018600722313651,0.9976084803044548,2,pituitary,0.9976084803044548,919d6f0fb3ca462983d6df6ec06846e41abd9645
densenet121,B,1003,112746,image_level_seed11,5,2,pituitary,0.0009239295685126,0.0002123375736173,0.99886373285787,2,pituitary,0.99886373285787,919d6f0fb3ca462983d6df6ec06846e41abd9645
densenet121,B,1004,112746,image_level_seed11,2,2,pituitary,0.0011359838213521,0.0008877375440993,0.9979762786345484,2,pituitary,0.9979762786345484,919d6f0fb3ca462983d6df6ec06846e41abd9645
densenet121,B,1005,112746,image_level_seed11,2,2,pituitary,0.0022984832483694,0.00485942513229,0.9928420916193404,2,pituitary,0.9928420916193404,919d6f0fb3ca462983d6df6ec06846e41abd9645
densenet121,B,1006,112847,image_level_seed11,4,2,pituitary,0.0015354863473646,0.0014591355776165,0.9970053780750188,2,pituitary,0.9970053780750188,919d6f0fb3ca462983d6df6ec06846e41abd9645
densenet121,B,1007,112847,image_level_seed11,5,2,pituitary,0.0003692803433595,0.0002751541138278,0.9993555655428126,2,pituitary,0.9993555655428126,919d6f0fb3ca462983d6df6ec06846e41abd9645
densenet121,B,1008,112847,image_level_seed11,1,2,pituitary,0.0007272875630915,0.0003037691139772,0.9989689433229312,2,pituitary,0.9989689433229312,919d6f0fb3ca462983d6df6ec06846e41abd9645
densenet121,B,1009,112847,image_level_seed11,5,2,pituitary,0.0046263083382753,0.0002452658676565,0.995128425794068,2,pituitary,0.995128425794068,919d6f0fb3ca462983d6df6ec06846e41abd9645
densenet121,B,1010,113274,image_level_seed11,3,2,pituitary,2.9665013791050223e-05,1.2372968145742634e-05,0.9999579620180632,2,pituitary,0.9999579620180632,919d6f0fb3ca462983d6df6ec06846e41abd9645
densenet121,B,1011,113274,image_level_seed11,3,2,pituitary,0.0001227383437892,4.487826813957266e-05,0.9998323833880712,2,pituitary,0.9998323833880712,919d6f0fb3ca462983d6df6ec06846e41abd9645
densenet121,B,1012,113274,image_level_seed11,4,2,pituitary,0.0001685973469858,5.611303892028059e-05,0.9997752896140938,2,pituitary,0.9997752896140938,919d6f0fb3ca462983d6df6ec06846e41abd9645
densenet121,B,1013,113741,image_level_seed11,3,2,pituitary,5.70118074445143e-05,1.8644627896820654e-05,0.9999243435646586,2,pituitary,0.9999243435646586,919d6f0fb3ca462983d6df6ec06846e41abd9645
densenet121,B,1014,113741,image_level_seed11,3,2,pituitary,0.0001508245892938,5.621939229122435e-05,0.9997929560184148,2,pituitary,0.9997929560184148,919d6f0fb3ca462983d6df6ec06846e41abd9645
densenet121,B,1015,114040,image_level_seed11,1,2,pituitary,0.0014727319627217,0.0011086695789579,0.9974185984583204,2,pituitary,0.9974185984583204,919d6f0fb3ca462983d6df6ec06846e41abd9645
densenet121,B,1016,114040,image_level_seed11,3,2,pituitary,0.0051627504598096,0.001536355165472,0.9933008943747182,2,pituitary,0.9933008943747182,919d6f0fb3ca462983d6df6ec06846e41abd9645
densenet121,B,1017,114040,image_level_seed11,5,2,pituitary,0.0035373585775918,0.0027976845758808,0.9936649568465272,2,pituitary,0.9936649568465272,919d6f0fb3ca462983d6df6ec06846e41abd9645
densenet121,B,1018,114361,image_level_seed11,5,2,pituitary,0.0007471131076773,0.0001171355231178,0.9991357513692046,2,pituitary,0.9991357513692046,919d6f0fb3ca462983d6df6ec06846e41abd9645
densenet121,B,1019,114361,image_level_seed11,3,2,pituitary,5.022872509118658e-05,0.0001574971612501,0.9997922741136588,2,pituitary,0.9997922741136588,919d6f0fb3ca462983d6df6ec06846e41abd9645
densenet121,B,1020,114361,image_level_seed11,5,2,pituitary,0.0005230674994382,0.0002406129891789,0.9992363195113828,2,pituitary,0.9992363195113828,919d6f0fb3ca462983d6df6ec06846e41abd9645
densenet121,B,1021,114094,image_level_seed11,1,2,pituitary,0.002413206855383,0.0008875296218423,0.9966992635227746,2,pituitary,0.9966992635227746,919d6f0fb3ca462983d6df6ec06846e41abd9645
densenet121,B,1022,114094,image_level_seed11,4,2,pituitary,0.0011272555730049,0.0052769990456807,0.9935957453813145,2,pituitary,0.9935957453813145,919d6f0fb3ca462983d6df6ec06846e41abd9645
densenet121,B,1023,114094,image_level_seed11,5,2,pituitary,0.001287612065794,0.0010466485011419,0.997665739433064,2,pituitary,0.997665739433064,919d6f0fb3ca462983d6df6ec06846e41abd9645
densenet121,B,1024,114094,image_level_seed11,5,2,pituitary,0.000648710007238,0.0003346190631794,0.9990166709295824,2,pituitary,0.9990166709295824,919d6f0fb3ca462983d6df6ec06846e41abd9645
densenet121,B,1025,101017,image_level_seed11,2,2,pituitary,0.0005271528213172,0.0001846934919835,0.9992881536866992,2,pituitary,0.9992881536866992,919d6f0fb3ca462983d6df6ec06846e41abd9645
densenet121,B,1026,101017,image_level_seed11,5,2,pituitary,0.0003784565898972,0.0001038545624741,0.9995176888476286,2,pituitary,0.9995176888476286,919d6f0fb3ca462983d6df6ec06846e41abd9645
densenet121,B,1027,101017,image_level_seed11,4,2,pituitary,0.000437665204788,0.0003143406537566,0.9992479941414552,2,pituitary,0.9992479941414552,919d6f0fb3ca462983d6df6ec06846e41abd9645
densenet121,B,1028,101017,image_level_seed11,3,2,pituitary,0.0002273612981999,0.0002339193317311,0.9995387193700688,2,pituitary,0.9995387193700688,919d6f0fb3ca462983d6df6ec06846e41abd9645
densenet121,B,1029,101017,image_level_seed11,4,2,pituitary,0.000125468530782,0.0002031802899519,0.999671351179266,2,pituitary,0.999671351179266,919d6f0fb3ca462983d6df6ec06846e41abd9645
densenet121,B,1030,101029,image_level_seed11,3,2,pituitary,0.0003789884683996,0.0033189339926322,0.9963020775389684,2,pituitary,0.9963020775389684,919d6f0fb3ca462983d6df6ec06846e41abd9645
densenet121,B,1031,101029,image_level_seed11,2,2,pituitary,0.0001659137409047,0.0002949462193416,0.9995391400397536,2,pituitary,0.9995391400397536,919d6f0fb3ca462983d6df6ec06846e41abd9645
densenet121,B,1032,101029,image_level_seed11,1,2,pituitary,0.0002525012586273,0.0026676599930491,0.9970798387483236,2,pituitary,0.9970798387483236,919d6f0fb3ca462983d6df6ec06846e41abd9645
densenet121,B,1033,101029,image_level_seed11,4,2,pituitary,0.0005983350042339,0.000979202875226,0.99842246212054,2,pituitary,0.99842246212054,919d6f0fb3ca462983d6df6ec06846e41abd9645
densenet121,B,1034,105936,image_level_seed11,1,2,pituitary,6.124936668368967e-05,0.0002608572127408,0.9996778934205756,2,pituitary,0.9996778934205756,919d6f0fb3ca462983d6df6ec06846e41abd9645
densenet121,B,1035,106062,image_level_seed11,4,2,pituitary,0.0005808804260859,0.0001223126807402,0.9992968068931738,2,pituitary,0.9992968068931738,919d6f0fb3ca462983d6df6ec06846e41abd9645
densenet121,B,1036,106062,image_level_seed11,3,2,pituitary,0.0003681890812185,0.0003691543785896,0.999262656540192,2,pituitary,0.999262656540192,919d6f0fb3ca462983d6df6ec06846e41abd9645
densenet121,B,1037,106062,image_level_seed11,3,2,pituitary,0.0001540743030984,0.0002262586243294,0.999619667072572,2,pituitary,0.999619667072572,919d6f0fb3ca462983d6df6ec06846e41abd9645
densenet121,B,1038,106062,image_level_seed11,2,2,pituitary,0.0003232658029601,0.000344748367162,0.9993319858298776,2,pituitary,0.9993319858298776,919d6f0fb3ca462983d6df6ec06846e41abd9645
densenet121,B,1039,106062,image_level_seed11,5,2,pituitary,0.0005135164173994,0.0001812646467638,0.9993052189358366,2,pituitary,0.9993052189358366,919d6f0fb3ca462983d6df6ec06846e41abd9645
densenet121,B,1040,106062,image_level_seed11,4,2,pituitary,0.0009545135272546,0.0003516379332356,0.9986938485395098,2,pituitary,0.9986938485395098,919d6f0fb3ca462983d6df6ec06846e41abd9645
densenet121,B,1041,106062,image_level_seed11,5,2,pituitary,0.0030989527655197,0.0010369829644785,0.9958640642700018,2,pituitary,0.9958640642700018,919d6f0fb3ca462983d6df6ec06846e41abd9645
densenet121,B,1042,107495,image_level_seed11,2,2,pituitary,0.0001472988519785,0.0001488787601203,0.9997038223879012,2,pituitary,0.9997038223879012,919d6f0fb3ca462983d6df6ec06846e41abd9645
densenet121,B,1043,107495,image_level_seed11,4,2,pituitary,0.0001922430838853,9.225390921545924e-05,0.9997155030068992,2,pituitary,0.9997155030068992,919d6f0fb3ca462983d6df6ec06846e41abd9645
densenet121,B,1044,107495,image_level_seed11,1,2,pituitary,3.019373093991537e-05,1.1515425665404626e-05,0.9999582908433948,2,pituitary,0.9999582908433948,919d6f0fb3ca462983d6df6ec06846e41abd9645
densenet121,B,1045,107495,image_level_seed11,5,2,pituitary,0.0001328108127685,0.000102901133807,0.9997642880534244,2,pituitary,0.9997642880534244,919d6f0fb3ca462983d6df6ec06846e41abd9645
densenet121,B,1046,107495,image_level_seed11,3,2,pituitary,0.00016998667949,0.0001441827451809,0.999685830575329,2,pituitary,0.999685830575329,919d6f0fb3ca462983d6df6ec06846e41abd9645
densenet121,B,1047,107429,image_level_seed11,1,2,pituitary,0.0009846522181588,0.0003110200842307,0.9987043276976104,2,pituitary,0.9987043276976104,919d6f0fb3ca462983d6df6ec06846e41abd9645
densenet121,B,1048,107429,image_level_seed11,1,2,pituitary,0.0005884072205016,0.000135904220494,0.9992756885590044,2,pituitary,0.9992756885590044,919d6f0fb3ca462983d6df6ec06846e41abd9645
densenet121,B,1049,107429,image_level_seed11,3,2,pituitary,0.000231412843276,5.046580905823585e-05,0.9997181213476656,2,pituitary,0.9997181213476656,919d6f0fb3ca462983d6df6ec06846e41abd9645
densenet121,B,1050,107429,image_level_seed11,3,2,pituitary,0.0007743517135856,0.0001845077641962,0.9990411405222184,2,pituitary,0.9990411405222184,919d6f0fb3ca462983d6df6ec06846e41abd9645
densenet121,B,1051,107429,image_level_seed11,5,2,pituitary,0.0002191001831331,3.330714598250122e-05,0.9997475926708844,2,pituitary,0.9997475926708844,919d6f0fb3ca462983d6df6ec06846e41abd9645
densenet121,B,1052,107429,image_level_seed11,4,2,pituitary,0.0002868688219435,0.0001433396809199,0.9995697914971364,2,pituitary,0.9995697914971364,919d6f0fb3ca462983d6df6ec06846e41abd9645
densenet121,B,1053,107429,image_level_seed11,3,2,pituitary,0.0016767392027526,0.0001718125299538,0.9981514482672936,2,pituitary,0.9981514482672936,919d6f0fb3ca462983d6df6ec06846e41abd9645
densenet121,B,1054,107505,image_level_seed11,4,2,pituitary,0.0002202742064615,7.010300698284208e-05,0.9997096227865556,2,pituitary,0.9997096227865556,919d6f0fb3ca462983d6df6ec06846e41abd9645
densenet121,B,1055,107505,image_level_seed11,1,2,pituitary,0.0009179759721458,0.0006846219395151,0.9983974020883388,2,pituitary,0.9983974020883388,919d6f0fb3ca462983d6df6ec06846e41abd9645
densenet121,B,1056,107505,image_level_seed11,1,2,pituitary,0.0013701155284736,0.0003941669799159,0.9982357174916104,2,pituitary,0.9982357174916104,919d6f0fb3ca462983d6df6ec06846e41abd9645
densenet121,B,1057,107505,image_level_seed11,1,2,pituitary,0.0007234391963223,0.0004613820772028,0.998815178726475,2,pituitary,0.998815178726475,919d6f0fb3ca462983d6df6ec06846e41abd9645
densenet121,B,1058,107505,image_level_seed11,2,2,pituitary,0.0022615430034331,0.0054713212138907,0.992267135782676,2,pituitary,0.992267135782676,919d6f0fb3ca462983d6df6ec06846e41abd9645
densenet121,B,1059,107743,image_level_seed11,2,2,pituitary,0.0002280819615443,0.0003133647227996,0.999458553315656,2,pituitary,0.999458553315656,919d6f0fb3ca462983d6df6ec06846e41abd9645
densenet121,B,1060,107743,image_level_seed11,3,2,pituitary,0.0007733923321345,0.0009948054454634,0.9982318022224022,2,pituitary,0.9982318022224022,919d6f0fb3ca462983d6df6ec06846e41abd9645
densenet121,B,1061,107743,image_level_seed11,4,2,pituitary,0.0004928677296356,0.0002000307696766,0.9993071015006876,2,pituitary,0.9993071015006876,919d6f0fb3ca462983d6df6ec06846e41abd9645
densenet121,B,1062,107743,image_level_seed11,4,2,pituitary,0.0002612645024334,6.73549949265676e-05,0.99967138050264,2,pituitary,0.99967138050264,919d6f0fb3ca462983d6df6ec06846e41abd9645
densenet121,B,1063,107743,image_level_seed11,1,2,pituitary,0.0001517581998551,0.0001182388403972,0.9997300029597476,2,pituitary,0.9997300029597476,919d6f0fb3ca462983d6df6ec06846e41abd9645
densenet121,B,1064,107743,image_level_seed11,4,2,pituitary,0.0122407957494903,0.0006006160019004,0.9871585882486092,2,pituitary,0.9871585882486092,919d6f0fb3ca462983d6df6ec06846e41abd9645
densenet121,B,1065,108858,image_level_seed11,1,2,pituitary,0.0005736102937257,0.0064156285549642,0.99301076115131,2,pituitary,0.99301076115131,919d6f0fb3ca462983d6df6ec06846e41abd9645
densenet121,B,1066,108858,image_level_seed11,1,2,pituitary,0.0005607462596233,0.0028062409072033,0.9966330128331732,2,pituitary,0.9966330128331732,919d6f0fb3ca462983d6df6ec06846e41abd9645
densenet121,B,1067,108858,image_level_seed11,3,2,pituitary,0.0019535883937393,0.002394962258232,0.9956514493480286,2,pituitary,0.9956514493480286,919d6f0fb3ca462983d6df6ec06846e41abd9645
densenet121,B,1068,108858,image_level_seed11,4,2,pituitary,0.0003833869575335,0.0012310100896018,0.9983856029528648,2,pituitary,0.9983856029528648,919d6f0fb3ca462983d6df6ec06846e41abd9645
densenet121,B,1069,108858,image_level_seed11,4,2,pituitary,0.0045619906425399,0.026902544642401,0.9685354647150588,2,pituitary,0.9685354647150588,919d6f0fb3ca462983d6df6ec06846e41abd9645
densenet121,B,1070,108931,image_level_seed11,5,2,pituitary,4.022178654637755e-05,0.0001022413965047,0.9998575368169488,2,pituitary,0.9998575368169488,919d6f0fb3ca462983d6df6ec06846e41abd9645
densenet121,B,1071,108931,image_level_seed11,5,2,pituitary,8.704406050121298e-05,0.0002241089336502,0.9996888470058484,2,pituitary,0.9996888470058484,919d6f0fb3ca462983d6df6ec06846e41abd9645
densenet121,B,1072,108931,image_level_seed11,2,2,pituitary,9.39920320503056e-05,0.0006205943426347,0.9992854136253152,2,pituitary,0.9992854136253152,919d6f0fb3ca462983d6df6ec06846e41abd9645
densenet121,B,1073,108931,image_level_seed11,2,2,pituitary,7.05229368395364e-05,0.000493513843206,0.9994359632199544,2,pituitary,0.9994359632199544,919d6f0fb3ca462983d6df6ec06846e41abd9645
densenet121,B,1074,108931,image_level_seed11,3,2,pituitary,0.0004015738189293,0.0009339108509535,0.9986645153301172,2,pituitary,0.9986645153301172,919d6f0fb3ca462983d6df6ec06846e41abd9645
densenet121,B,1075,108931,image_level_seed11,5,2,pituitary,0.0001430664201948,0.0003139743820802,0.9995429591977248,2,pituitary,0.9995429591977248,919d6f0fb3ca462983d6df6ec06846e41abd9645
densenet121,B,1076,108931,image_level_seed11,5,2,pituitary,6.256473604231811e-05,0.0004421476992879,0.9994952875646698,2,pituitary,0.9994952875646698,919d6f0fb3ca462983d6df6ec06846e41abd9645
densenet121,B,1077,109471,image_level_seed11,1,2,pituitary,0.0002621229522677,0.0013089439696298,0.9984289330781024,2,pituitary,0.9984289330781024,919d6f0fb3ca462983d6df6ec06846e41abd9645
densenet121,B,1078,109471,image_level_seed11,3,2,pituitary,7.424020541676191e-05,0.0004704018756254,0.9994553579189578,2,pituitary,0.9994553579189578,919d6f0fb3ca462983d6df6ec06846e41abd9645
densenet121,B,1079,109471,image_level_seed11,1,2,pituitary,0.000189402012122,0.0009333266495609,0.9988772713383168,2,pituitary,0.9988772713383168,919d6f0fb3ca462983d6df6ec06846e41abd9645
densenet121,B,1080,109471,image_level_seed11,2,2,pituitary,0.0002113052041312,0.0015601684541394,0.9982285263417292,2,pituitary,0.9982285263417292,919d6f0fb3ca462983d6df6ec06846e41abd9645
densenet121,B,1081,109471,image_level_seed11,1,2,pituitary,0.0002047055396692,0.0012495770469423,0.9985457174133884,2,pituitary,0.9985457174133884,919d6f0fb3ca462983d6df6ec06846e41abd9645
densenet121,B,1082,109471,image_level_seed11,5,2,pituitary,3.382507342773651e-05,0.0002146037422231,0.9997515711843492,2,pituitary,0.9997515711843492,919d6f0fb3ca462983d6df6ec06846e41abd9645
densenet121,B,1083,109769,image_level_seed11,2,2,pituitary,0.0001137507409091,0.0002688174683596,0.9996174317907311,2,pituitary,0.9996174317907311,919d6f0fb3ca462983d6df6ec06846e41abd9645
densenet121,B,1084,109769,image_level_seed11,2,2,pituitary,0.0002035710212877,0.0005429858798738,0.9992534430988383,2,pituitary,0.9992534430988383,919d6f0fb3ca462983d6df6ec06846e41abd9645
densenet121,B,1085,109769,image_level_seed11,5,2,pituitary,0.0002147075332189,0.0002603649309373,0.9995249275358437,2,pituitary,0.9995249275358437,919d6f0fb3ca462983d6df6ec06846e41abd9645
densenet121,B,1086,109769,image_level_seed11,2,2,pituitary,0.0001365917947072,6.283138379269643e-05,0.9998005768215,2,pituitary,0.9998005768215,919d6f0fb3ca462983d6df6ec06846e41abd9645
densenet121,B,1087,109769,image_level_seed11,5,2,pituitary,7.323578684045042e-05,6.561214591991701e-05,0.9998611520672396,2,pituitary,0.9998611520672396,919d6f0fb3ca462983d6df6ec06846e41abd9645
densenet121,B,1088,109898,image_level_seed11,4,2,pituitary,0.0003619735532128,0.0001356603331171,0.99950236611367,2,pituitary,0.99950236611367,919d6f0fb3ca462983d6df6ec06846e41abd9645
densenet121,B,1089,109898,image_level_seed11,3,2,pituitary,0.0001013467771595,0.0002048639070243,0.999693789315816,2,pituitary,0.999693789315816,919d6f0fb3ca462983d6df6ec06846e41abd9645
densenet121,B,1090,109898,image_level_seed11,5,2,pituitary,0.0005320524154123,0.0001510401909581,0.9993169073936292,2,pituitary,0.9993169073936292,919d6f0fb3ca462983d6df6ec06846e41abd9645
densenet121,B,1091,109898,image_level_seed11,4,2,pituitary,0.00062525560786,4.321230624306678e-05,0.9993315320858968,2,pituitary,0.9993315320858968,919d6f0fb3ca462983d6df6ec06846e41abd9645
densenet121,B,1092,109898,image_level_seed11,3,2,pituitary,0.0021828901224719,0.0001297163691467,0.9976873935083812,2,pituitary,0.9976873935083812,919d6f0fb3ca462983d6df6ec06846e41abd9645
densenet121,B,1093,109898,image_level_seed11,2,2,pituitary,0.0012645006371905,0.0006764141451123,0.998059085217697,2,pituitary,0.998059085217697,919d6f0fb3ca462983d6df6ec06846e41abd9645
densenet121,B,1094,110518,image_level_seed11,5,2,pituitary,0.0001196944773772,0.0005569076702326,0.99932339785239,2,pituitary,0.99932339785239,919d6f0fb3ca462983d6df6ec06846e41abd9645
densenet121,B,1095,110518,image_level_seed11,1,2,pituitary,0.0004645336030093,0.0018542919305561,0.9976811744664346,2,pituitary,0.9976811744664346,919d6f0fb3ca462983d6df6ec06846e41abd9645
densenet121,B,1096,110518,image_level_seed11,5,2,pituitary,0.0001204213715376,0.0004595361197859,0.9994200425086766,2,pituitary,0.9994200425086766,919d6f0fb3ca462983d6df6ec06846e41abd9645
densenet121,B,1097,110518,image_level_seed11,5,2,pituitary,7.364844047361427e-05,0.00010266086837,0.9998236906911564,2,pituitary,0.9998236906911564,919d6f0fb3ca462983d6df6ec06846e41abd9645
densenet121,B,1098,110518,image_level_seed11,3,2,pituitary,0.0001061249757955,5.091057972896496e-05,0.9998429644444756,2,pituitary,0.9998429644444756,919d6f0fb3ca462983d6df6ec06846e41abd9645
densenet121,B,1099,110518,image_level_seed11,3,2,pituitary,0.0003039163933602,0.0001296069741911,0.9995664766324486,2,pituitary,0.9995664766324486,919d6f0fb3ca462983d6df6ec06846e41abd9645
densenet121,B,1100,110537,image_level_seed11,4,2,pituitary,0.0001204254122473,0.0001197494058521,0.9997598251819004,2,pituitary,0.9997598251819004,919d6f0fb3ca462983d6df6ec06846e41abd9645
densenet121,B,1101,110537,image_level_seed11,1,2,pituitary,0.0005016090052903,0.0010883183907801,0.9984100726039296,2,pituitary,0.9984100726039296,919d6f0fb3ca462983d6df6ec06846e41abd9645
densenet121,B,1102,110537,image_level_seed11,5,2,pituitary,8.454711539892174e-05,0.0001382266444645,0.9997772262401368,2,pituitary,0.9997772262401368,919d6f0fb3ca462983d6df6ec06846e41abd9645
densenet121,B,1103,110537,image_level_seed11,3,2,pituitary,0.000872465929921,0.0005164334833875,0.9986111005866912,2,pituitary,0.9986111005866912,919d6f0fb3ca462983d6df6ec06846e41abd9645
densenet121,B,1104,110537,image_level_seed11,1,2,pituitary,0.0005334605590565,0.0002179878395676,0.9992485516013756,2,pituitary,0.9992485516013756,919d6f0fb3ca462983d6df6ec06846e41abd9645
densenet121,B,1105,110537,image_level_seed11,4,2,pituitary,0.0012547731353273,0.0001577463400324,0.9985874805246402,2,pituitary,0.9985874805246402,919d6f0fb3ca462983d6df6ec06846e41abd9645
densenet121,B,1106,110537,image_level_seed11,1,2,pituitary,0.0026921201846723,0.0020976400485761,0.9952102397667516,2,pituitary,0.9952102397667516,919d6f0fb3ca462983d6df6ec06846e41abd9645
densenet121,B,1107,110993,image_level_seed11,5,2,pituitary,6.234419131407345e-05,5.203405661478273e-05,0.9998856217520712,2,pituitary,0.9998856217520712,919d6f0fb3ca462983d6df6ec06846e41abd9645
densenet121,B,1108,110993,image_level_seed11,2,2,pituitary,0.0001094465570286,0.0002282548948625,0.9996622985481088,2,pituitary,0.9996622985481088,919d6f0fb3ca462983d6df6ec06846e41abd9645
densenet121,B,1109,110993,image_level_seed11,3,2,pituitary,0.0003929486182344,0.0003511301575956,0.9992559212241698,2,pituitary,0.9992559212241698,919d6f0fb3ca462983d6df6ec06846e41abd9645
densenet121,B,1110,110993,image_level_seed11,4,2,pituitary,0.0001061613233087,3.530980796799928e-05,0.9998585288687232,2,pituitary,0.9998585288687232,919d6f0fb3ca462983d6df6ec06846e41abd9645
densenet121,B,1111,110993,image_level_seed11,1,2,pituitary,0.0004057700671416,0.0001529687460506,0.9994412611868077,2,pituitary,0.9994412611868077,919d6f0fb3ca462983d6df6ec06846e41abd9645
densenet121,B,1112,111075,image_level_seed11,3,2,pituitary,0.0002282464065469,0.0003644395240005,0.9994073140694526,2,pituitary,0.9994073140694526,919d6f0fb3ca462983d6df6ec06846e41abd9645
densenet121,B,1113,111075,image_level_seed11,5,2,pituitary,0.0002620072240465,0.000670709516621,0.9990672832593324,2,pituitary,0.9990672832593324,919d6f0fb3ca462983d6df6ec06846e41abd9645
densenet121,B,1114,111075,image_level_seed11,4,2,pituitary,0.0001691113221869,0.0003017904552967,0.9995290982225165,2,pituitary,0.9995290982225165,919d6f0fb3ca462983d6df6ec06846e41abd9645
densenet121,B,1115,111075,image_level_seed11,3,2,pituitary,0.0001587257404574,0.0001764436085327,0.9996648306510098,2,pituitary,0.9996648306510098,919d6f0fb3ca462983d6df6ec06846e41abd9645
densenet121,B,1116,111075,image_level_seed11,5,2,pituitary,0.0005717854519005,0.00108566986053,0.9983425446875694,2,pituitary,0.9983425446875694,919d6f0fb3ca462983d6df6ec06846e41abd9645
densenet121,B,1117,111075,image_level_seed11,5,2,pituitary,0.003487243051005,0.0033015546041958,0.9932112023447992,2,pituitary,0.9932112023447992,919d6f0fb3ca462983d6df6ec06846e41abd9645
densenet121,B,1118,111125,image_level_seed11,1,2,pituitary,2.573823147222988e-05,7.468027254971157e-05,0.999899581495978,2,pituitary,0.999899581495978,919d6f0fb3ca462983d6df6ec06846e41abd9645
densenet121,B,1119,111125,image_level_seed11,1,2,pituitary,1.7633678208424088e-05,2.9591719956176793e-05,0.9999527746018354,2,pituitary,0.9999527746018354,919d6f0fb3ca462983d6df6ec06846e41abd9645
densenet121,B,1120,111125,image_level_seed11,1,2,pituitary,3.189898471972832e-05,6.261810052826513e-05,0.999905482914752,2,pituitary,0.999905482914752,919d6f0fb3ca462983d6df6ec06846e41abd9645
densenet121,B,1121,111125,image_level_seed11,2,2,pituitary,8.406683099782186e-05,0.0002143603955691,0.9997015727734332,2,pituitary,0.9997015727734332,919d6f0fb3ca462983d6df6ec06846e41abd9645
densenet121,B,1122,111125,image_level_seed11,2,2,pituitary,7.504800439443419e-05,0.0001764017247963,0.9997485502708092,2,pituitary,0.9997485502708092,919d6f0fb3ca462983d6df6ec06846e41abd9645
densenet121,B,1123,111125,image_level_seed11,3,2,pituitary,0.0005625248049604,3.4958833554975904e-05,0.9994025163614846,2,pituitary,0.9994025163614846,919d6f0fb3ca462983d6df6ec06846e41abd9645
densenet121,B,1124,111785,image_level_seed11,4,2,pituitary,0.0004182746721672,0.0007357356468577,0.9988459896809748,2,pituitary,0.9988459896809748,919d6f0fb3ca462983d6df6ec06846e41abd9645
densenet121,B,1125,111785,image_level_seed11,4,2,pituitary,0.0019823111692356,0.0007093325623299,0.9973083562684344,2,pituitary,0.9973083562684344,919d6f0fb3ca462983d6df6ec06846e41abd9645
densenet121,B,1126,111785,image_level_seed11,2,2,pituitary,0.0001510308904789,0.000196607421081,0.99965236168844,2,pituitary,0.99965236168844,919d6f0fb3ca462983d6df6ec06846e41abd9645
densenet121,B,1127,111785,image_level_seed11,4,2,pituitary,0.0001280749658726,0.0004152498087058,0.9994566752254216,2,pituitary,0.9994566752254216,919d6f0fb3ca462983d6df6ec06846e41abd9645
densenet121,B,1128,111785,image_level_seed11,1,2,pituitary,0.0005728848181507,0.0011037063826031,0.998323408799246,2,pituitary,0.998323408799246,919d6f0fb3ca462983d6df6ec06846e41abd9645
densenet121,B,1129,112074,image_level_seed11,2,2,pituitary,0.0020225874331378,0.0165549747771779,0.9814224377896842,2,pituitary,0.9814224377896842,919d6f0fb3ca462983d6df6ec06846e41abd9645
densenet121,B,1130,112074,image_level_seed11,4,2,pituitary,0.0036668184293631,0.0058154271460186,0.9905177544246184,2,pituitary,0.9905177544246184,919d6f0fb3ca462983d6df6ec06846e41abd9645
densenet121,B,1131,112074,image_level_seed11,5,2,pituitary,0.0005524041041598,0.0005906261255464,0.9988569697702936,2,pituitary,0.9988569697702936,919d6f0fb3ca462983d6df6ec06846e41abd9645
densenet121,B,1132,112074,image_level_seed11,5,2,pituitary,0.0006188286362304,0.0007663405699303,0.9986148307938392,2,pituitary,0.9986148307938392,919d6f0fb3ca462983d6df6ec06846e41abd9645
densenet121,B,1133,112074,image_level_seed11,4,2,pituitary,0.0071008092311442,0.6330591665126378,0.3598400242562177,1,glioma,0.6330591665126378,919d6f0fb3ca462983d6df6ec06846e41abd9645
densenet121,B,1134,112649,image_level_seed11,1,2,pituitary,0.0001123087153911,0.0001139923577408,0.999773698926868,2,pituitary,0.999773698926868,919d6f0fb3ca462983d6df6ec06846e41abd9645
densenet121,B,1135,112649,image_level_seed11,2,2,pituitary,8.293911271509713e-05,8.736132522721128e-05,0.9998296995620576,2,pituitary,0.9998296995620576,919d6f0fb3ca462983d6df6ec06846e41abd9645
densenet121,B,1136,112649,image_level_seed11,3,2,pituitary,0.0004477598695491,0.0010048921901588,0.998547347940292,2,pituitary,0.998547347940292,919d6f0fb3ca462983d6df6ec06846e41abd9645
densenet121,B,1137,112649,image_level_seed11,4,2,pituitary,0.0002899840789223,0.0010495632688506,0.9986604526522272,2,pituitary,0.9986604526522272,919d6f0fb3ca462983d6df6ec06846e41abd9645
densenet121,B,1138,112649,image_level_seed11,1,2,pituitary,0.0005893575276436,0.0034856016566127,0.9959250408157436,2,pituitary,0.9959250408157436,919d6f0fb3ca462983d6df6ec06846e41abd9645
densenet121,B,1139,112649,image_level_seed11,3,2,pituitary,0.0005529545222687,0.0014317710548755,0.9980152744228556,2,pituitary,0.9980152744228556,919d6f0fb3ca462983d6df6ec06846e41abd9645
densenet121,B,1140,112746,image_level_seed11,2,2,pituitary,0.000548486800782,0.0003921785010274,0.9990593346981904,2,pituitary,0.9990593346981904,919d6f0fb3ca462983d6df6ec06846e41abd9645
densenet121,B,1141,112746,image_level_seed11,4,2,pituitary,0.0006301829554207,9.70634393642494e-05,0.9992727536052152,2,pituitary,0.9992727536052152,919d6f0fb3ca462983d6df6ec06846e41abd9645
densenet121,B,1142,112746,image_level_seed11,3,2,pituitary,0.0025271645320295,0.0001927679452621,0.9972800675227084,2,pituitary,0.9972800675227084,919d6f0fb3ca462983d6df6ec06846e41abd9645
densenet121,B,1143,112746,image_level_seed11,3,2,pituitary,0.0010239437576094,0.0007001585815628,0.9982758976608276,2,pituitary,0.9982758976608276,919d6f0fb3ca462983d6df6ec06846e41abd9645
densenet121,B,1144,112847,image_level_seed11,1,2,pituitary,0.0003458171021271,0.000450512297597,0.9992036706002758,2,pituitary,0.9992036706002758,919d6f0fb3ca462983d6df6ec06846e41abd9645
densenet121,B,1145,112847,image_level_seed11,2,2,pituitary,9.588463109324032e-05,7.526000947076455e-05,0.999828855359436,2,pituitary,0.999828855359436,919d6f0fb3ca462983d6df6ec06846e41abd9645
densenet121,B,1146,112847,image_level_seed11,4,2,pituitary,0.0012501385875519,0.0001851142587927,0.9985647471536552,2,pituitary,0.9985647471536552,919d6f0fb3ca462983d6df6ec06846e41abd9645
densenet121,B,1147,112847,image_level_seed11,2,2,pituitary,0.0001745984375867,0.0001141354594873,0.999711266102926,2,pituitary,0.999711266102926,919d6f0fb3ca462983d6df6ec06846e41abd9645
densenet121,B,1148,113274,image_level_seed11,3,2,pituitary,0.0001200484781801,0.0001794404044844,0.9997005111173356,2,pituitary,0.9997005111173356,919d6f0fb3ca462983d6df6ec06846e41abd9645
densenet121,B,1149,113274,image_level_seed11,5,2,pituitary,3.409675432670655e-05,0.0002382108461454,0.999727692399528,2,pituitary,0.999727692399528,919d6f0fb3ca462983d6df6ec06846e41abd9645
densenet121,B,1150,113274,image_level_seed11,4,2,pituitary,0.0001765122817059,0.0019469464004852,0.9978765413178088,2,pituitary,0.9978765413178088,919d6f0fb3ca462983d6df6ec06846e41abd9645
densenet121,B,1151,113741,image_level_seed11,4,2,pituitary,0.0001081020322417,7.183826393937211e-05,0.9998200597038188,2,pituitary,0.9998200597038188,919d6f0fb3ca462983d6df6ec06846e41abd9645
densenet121,B,1152,113741,image_level_seed11,4,2,pituitary,4.9328393717740376e-05,7.194038466845431e-05,0.9998787312216136,2,pituitary,0.9998787312216136,919d6f0fb3ca462983d6df6ec06846e41abd9645
densenet121,B,1153,113741,image_level_seed11,2,2,pituitary,0.0001573641178696,0.0001358308545564,0.999706805027574,2,pituitary,0.999706805027574,919d6f0fb3ca462983d6df6ec06846e41abd9645
densenet121,B,1154,114040,image_level_seed11,5,2,pituitary,0.0002249442717327,0.0003627261177059,0.9994123296105614,2,pituitary,0.9994123296105614,919d6f0fb3ca462983d6df6ec06846e41abd9645
densenet121,B,1155,114040,image_level_seed11,3,2,pituitary,0.0020522469761943,0.0027143796474045,0.9952333733764012,2,pituitary,0.9952333733764012,919d6f0fb3ca462983d6df6ec06846e41abd9645
densenet121,B,1156,114040,image_level_seed11,5,2,pituitary,0.0008696725811061,0.000814488857609,0.9983158385612848,2,pituitary,0.9983158385612848,919d6f0fb3ca462983d6df6ec06846e41abd9645
densenet121,B,1157,114361,image_level_seed11,1,2,pituitary,0.0102421070954197,0.0005990022438028,0.9891588906607772,2,pituitary,0.9891588906607772,919d6f0fb3ca462983d6df6ec06846e41abd9645
densenet121,B,1158,114361,image_level_seed11,5,2,pituitary,1.5158655872083054e-05,2.0599468354255515e-05,0.9999642418757736,2,pituitary,0.9999642418757736,919d6f0fb3ca462983d6df6ec06846e41abd9645
densenet121,B,1159,114361,image_level_seed11,1,2,pituitary,0.0002045350649795,0.0001614970123236,0.9996339679226968,2,pituitary,0.9996339679226968,919d6f0fb3ca462983d6df6ec06846e41abd9645
densenet121,B,1160,114361,image_level_seed11,1,2,pituitary,0.0011006731326744,0.0007434269491238,0.998155899918202,2,pituitary,0.998155899918202,919d6f0fb3ca462983d6df6ec06846e41abd9645
densenet121,B,1161,114094,image_level_seed11,5,2,pituitary,0.0002899225357892,0.0006079123880383,0.9991021650761724,2,pituitary,0.9991021650761724,919d6f0fb3ca462983d6df6ec06846e41abd9645
densenet121,B,1162,114094,image_level_seed11,5,2,pituitary,0.0002268963227886,0.000243090273726,0.9995300134034854,2,pituitary,0.9995300134034854,919d6f0fb3ca462983d6df6ec06846e41abd9645
densenet121,B,1163,114094,image_level_seed11,3,2,pituitary,4.196852908147505e-05,2.4444700121921167e-05,0.9999335867707966,2,pituitary,0.9999335867707966,919d6f0fb3ca462983d6df6ec06846e41abd9645
densenet121,B,1164,114094,image_level_seed11,1,2,pituitary,0.0012531952888957,0.0015287958438052,0.997218008867299,2,pituitary,0.997218008867299,919d6f0fb3ca462983d6df6ec06846e41abd9645
densenet121,B,1165,114094,image_level_seed11,1,2,pituitary,0.0007366925701644,0.0049178912488188,0.9943454161810168,2,pituitary,0.9943454161810168,919d6f0fb3ca462983d6df6ec06846e41abd9645
densenet121,B,1166,105936,image_level_seed11,1,2,pituitary,0.0001401602482374,0.0005554065802888,0.9993044331714735,2,pituitary,0.9993044331714735,919d6f0fb3ca462983d6df6ec06846e41abd9645
densenet121,B,1167,105936,image_level_seed11,4,2,pituitary,9.215151546868813e-05,9.268485209143462e-05,0.9998151636324398,2,pituitary,0.9998151636324398,919d6f0fb3ca462983d6df6ec06846e41abd9645
densenet121,B,1168,105936,image_level_seed11,3,2,pituitary,7.612839611739805e-05,9.386154765101268e-05,0.9998300100562316,2,pituitary,0.9998300100562316,919d6f0fb3ca462983d6df6ec06846e41abd9645
densenet121,B,1169,106062,image_level_seed11,3,2,pituitary,5.585130555500624e-05,0.0001060858010582,0.9998380628933868,2,pituitary,0.9998380628933868,919d6f0fb3ca462983d6df6ec06846e41abd9645
densenet121,B,1170,106062,image_level_seed11,3,2,pituitary,2.764497420380154e-05,2.174746812887514e-05,0.9999506075576672,2,pituitary,0.9999506075576672,919d6f0fb3ca462983d6df6ec06846e41abd9645
densenet121,B,1171,106062,image_level_seed11,5,2,pituitary,6.211350922377604e-05,0.0001431557252757,0.9997947307655004,2,pituitary,0.9997947307655004,919d6f0fb3ca462983d6df6ec06846e41abd9645
densenet121,B,1172,106062,image_level_seed11,1,2,pituitary,0.0001825013636281,0.0030245057915268,0.9967929928448452,2,pituitary,0.9967929928448452,919d6f0fb3ca462983d6df6ec06846e41abd9645
densenet121,B,1173,106062,image_level_seed11,4,2,pituitary,3.2510841235446075e-05,1.423618241478101e-05,0.9999532529763498,2,pituitary,0.9999532529763498,919d6f0fb3ca462983d6df6ec06846e41abd9645
densenet121,B,1174,106062,image_level_seed11,1,2,pituitary,9.091430774138376e-05,8.470085265297874e-05,0.9998243848396056,2,pituitary,0.9998243848396056,919d6f0fb3ca462983d6df6ec06846e41abd9645
densenet121,B,1175,106062,image_level_seed11,5,2,pituitary,0.0121212632586788,0.0012857232207114,0.9865930135206096,2,pituitary,0.9865930135206096,919d6f0fb3ca462983d6df6ec06846e41abd9645
densenet121,B,1176,107495,image_level_seed11,2,2,pituitary,0.0003697882134575,0.0007711979790327,0.99885901380751,2,pituitary,0.99885901380751,919d6f0fb3ca462983d6df6ec06846e41abd9645
densenet121,B,1177,107495,image_level_seed11,3,2,pituitary,0.0001667266849715,0.000128956432883,0.9997043168821454,2,pituitary,0.9997043168821454,919d6f0fb3ca462983d6df6ec06846e41abd9645
densenet121,B,1178,107495,image_level_seed11,2,2,pituitary,0.000131367669789,0.000166170437465,0.999702461892746,2,pituitary,0.999702461892746,919d6f0fb3ca462983d6df6ec06846e41abd9645
densenet121,B,1179,107495,image_level_seed11,3,2,pituitary,5.510732402280945e-05,0.0002316749219331,0.999713217754044,2,pituitary,0.999713217754044,919d6f0fb3ca462983d6df6ec06846e41abd9645
densenet121,B,1180,107495,image_level_seed11,1,2,pituitary,0.0002494776779255,0.0002300718762775,0.9995204504457968,2,pituitary,0.9995204504457968,919d6f0fb3ca462983d6df6ec06846e41abd9645
densenet121,B,1181,107495,image_level_seed11,4,2,pituitary,0.0011089737935606,0.0018269903439269,0.9970640358625122,2,pituitary,0.9970640358625122,919d6f0fb3ca462983d6df6ec06846e41abd9645
densenet121,B,1182,107429,image_level_seed11,4,2,pituitary,0.0009704011538127,0.0003137384361419,0.9987158604100452,2,pituitary,0.9987158604100452,919d6f0fb3ca462983d6df6ec06846e41abd9645
densenet121,B,1183,107429,image_level_seed11,5,2,pituitary,0.0011803281387884,0.0002226195661405,0.998597052295071,2,pituitary,0.998597052295071,919d6f0fb3ca462983d6df6ec06846e41abd9645
densenet121,B,1184,107429,image_level_seed11,4,2,pituitary,0.0006961196149544,3.523837980638781e-05,0.999268642005239,2,pituitary,0.999268642005239,919d6f0fb3ca462983d6df6ec06846e41abd9645
densenet121,B,1185,107429,image_level_seed11,3,2,pituitary,6.419078180998243e-05,3.32616910658268e-05,0.9999025475271242,2,pituitary,0.9999025475271242,919d6f0fb3ca462983d6df6ec06846e41abd9645
densenet121,B,1186,107429,image_level_seed11,4,2,pituitary,0.0011666348238401,2.6299238786493423e-05,0.9988070659373736,2,pituitary,0.9988070659373736,919d6f0fb3ca462983d6df6ec06846e41abd9645
densenet121,B,1187,107429,image_level_seed11,2,2,pituitary,7.107251496089404e-05,7.441020812203616e-06,0.999921486464227,2,pituitary,0.999921486464227,919d6f0fb3ca462983d6df6ec06846e41abd9645
densenet121,B,1188,107429,image_level_seed11,2,2,pituitary,0.0001610621614247,9.793439683625503e-05,0.9997410034417392,2,pituitary,0.9997410034417392,919d6f0fb3ca462983d6df6ec06846e41abd9645
densenet121,B,1189,107505,image_level_seed11,1,2,pituitary,0.0005387349324672,0.0014765353525531,0.9979847297149796,2,pituitary,0.9979847297149796,919d6f0fb3ca462983d6df6ec06846e41abd9645
densenet121,B,1190,107505,image_level_seed11,4,2,pituitary,0.0004815932875912,0.0008629316249157,0.998655475087493,2,pituitary,0.998655475087493,919d6f0fb3ca462983d6df6ec06846e41abd9645
densenet121,B,1191,107505,image_level_seed11,1,2,pituitary,0.0002282072598433,0.0010724902170325,0.998699302523124,2,pituitary,0.998699302523124,919d6f0fb3ca462983d6df6ec06846e41abd9645
densenet121,B,1192,107505,image_level_seed11,3,2,pituitary,7.071361779240932e-05,4.183561388957355e-05,0.999887450768318,2,pituitary,0.999887450768318,919d6f0fb3ca462983d6df6ec06846e41abd9645
densenet121,B,1193,107505,image_level_seed11,2,2,pituitary,5.055591612598522e-05,9.490914915308764e-05,0.999854534934721,2,pituitary,0.999854534934721,919d6f0fb3ca462983d6df6ec06846e41abd9645
densenet121,B,1194,107743,image_level_seed11,3,2,pituitary,9.571442491336765e-05,0.0001931783346994,0.9997111072403874,2,pituitary,0.9997111072403874,919d6f0fb3ca462983d6df6ec06846e41abd9645
densenet121,B,1195,107743,image_level_seed11,1,2,pituitary,6.377890625250819e-05,0.0001562402309236,0.9997799808628238,2,pituitary,0.9997799808628238,919d6f0fb3ca462983d6df6ec06846e41abd9645
densenet121,B,1196,107743,image_level_seed11,2,2,pituitary,2.6958552936446055e-05,2.405433119623331e-05,0.9999489871158672,2,pituitary,0.9999489871158672,919d6f0fb3ca462983d6df6ec06846e41abd9645
densenet121,B,1197,107743,image_level_seed11,4,2,pituitary,0.0002271202980211,0.0005203919827141,0.9992524877192648,2,pituitary,0.9992524877192648,919d6f0fb3ca462983d6df6ec06846e41abd9645
densenet121,B,1198,108858,image_level_seed11,1,2,pituitary,0.000393936680862,0.0013285317445134,0.9982775315746244,2,pituitary,0.9982775315746244,919d6f0fb3ca462983d6df6ec06846e41abd9645
densenet121,B,1199,108858,image_level_seed11,4,2,pituitary,0.0019525874963737,0.0004083903434381,0.997639022160188,2,pituitary,0.997639022160188,919d6f0fb3ca462983d6df6ec06846e41abd9645
densenet121,B,1200,108858,image_level_seed11,5,2,pituitary,0.0001477502927348,6.881049856792365e-05,0.9997834392086972,2,pituitary,0.9997834392086972,919d6f0fb3ca462983d6df6ec06846e41abd9645
densenet121,B,1201,108858,image_level_seed11,1,2,pituitary,0.000471966435906,0.0001982126752945,0.9993298208887994,2,pituitary,0.9993298208887994,919d6f0fb3ca462983d6df6ec06846e41abd9645
densenet121,B,1202,108858,image_level_seed11,1,2,pituitary,0.0008172711033723,0.0009499360180191,0.9982327928786086,2,pituitary,0.9982327928786086,919d6f0fb3ca462983d6df6ec06846e41abd9645
densenet121,B,1203,108931,image_level_seed11,4,2,pituitary,9.89111782348151e-05,0.0001221743009207,0.9997789145208444,2,pituitary,0.9997789145208444,919d6f0fb3ca462983d6df6ec06846e41abd9645
densenet121,B,1204,108931,image_level_seed11,5,2,pituitary,2.0382768132055713e-05,4.8165431695910455e-05,0.999931451800172,2,pituitary,0.999931451800172,919d6f0fb3ca462983d6df6ec06846e41abd9645
densenet121,B,1205,108931,image_level_seed11,2,2,pituitary,1.8944234766307614e-05,5.053853472192599e-05,0.9999305172305116,2,pituitary,0.9999305172305116,919d6f0fb3ca462983d6df6ec06846e41abd9645
densenet121,B,1206,108931,image_level_seed11,3,2,pituitary,0.0001312977567355,0.0002910734682628,0.9995776287750016,2,pituitary,0.9995776287750016,919d6f0fb3ca462983d6df6ec06846e41abd9645
densenet121,B,1207,108931,image_level_seed11,5,2,pituitary,3.500448325685599e-05,0.000164620826066,0.9998003746906772,2,pituitary,0.9998003746906772,919d6f0fb3ca462983d6df6ec06846e41abd9645
densenet121,B,1208,109471,image_level_seed11,3,2,pituitary,7.230475718056929e-05,0.0001621429354232,0.9997655523073962,2,pituitary,0.9997655523073962,919d6f0fb3ca462983d6df6ec06846e41abd9645
densenet121,B,1209,109471,image_level_seed11,3,2,pituitary,5.634448489942571e-05,9.890252860401436e-05,0.9998447529864964,2,pituitary,0.9998447529864964,919d6f0fb3ca462983d6df6ec06846e41abd9645
densenet121,B,1210,109471,image_level_seed11,3,2,pituitary,6.37754278638943e-05,9.158627420939316e-05,0.9998446382979268,2,pituitary,0.9998446382979268,919d6f0fb3ca462983d6df6ec06846e41abd9645
densenet121,B,1211,109471,image_level_seed11,1,2,pituitary,0.0002634929735113,0.0002024363261903,0.9995340707002984,2,pituitary,0.9995340707002984,919d6f0fb3ca462983d6df6ec06846e41abd9645
densenet121,B,1212,109471,image_level_seed11,2,2,pituitary,2.1403796266179262e-05,9.926854776320467e-06,0.9999686693489576,2,pituitary,0.9999686693489576,919d6f0fb3ca462983d6df6ec06846e41abd9645
densenet121,B,1213,109471,image_level_seed11,1,2,pituitary,5.692646006194064e-05,0.0001068459889458,0.999836227550992,2,pituitary,0.999836227550992,919d6f0fb3ca462983d6df6ec06846e41abd9645
densenet121,B,1214,109769,image_level_seed11,1,2,pituitary,0.0001745822596735,0.0001541109192862,0.9996713068210402,2,pituitary,0.9996713068210402,919d6f0fb3ca462983d6df6ec06846e41abd9645
densenet121,B,1215,109769,image_level_seed11,2,2,pituitary,0.0002103523564051,0.0002006009746527,0.9995890466689422,2,pituitary,0.9995890466689422,919d6f0fb3ca462983d6df6ec06846e41abd9645
densenet121,B,1216,109769,image_level_seed11,4,2,pituitary,0.0002529282056221,0.0002564246886736,0.9994906471057045,2,pituitary,0.9994906471057045,919d6f0fb3ca462983d6df6ec06846e41abd9645
densenet121,B,1217,109769,image_level_seed11,3,2,pituitary,0.0001198223611986,5.967995663542412e-05,0.999820497682166,2,pituitary,0.999820497682166,919d6f0fb3ca462983d6df6ec06846e41abd9645
densenet121,B,1218,109769,image_level_seed11,5,2,pituitary,0.0002287963202901,0.0002561403457129,0.999515063333997,2,pituitary,0.999515063333997,919d6f0fb3ca462983d6df6ec06846e41abd9645
densenet121,B,1219,109898,image_level_seed11,3,2,pituitary,0.0003131269806295,0.0001404641858078,0.9995464088335628,2,pituitary,0.9995464088335628,919d6f0fb3ca462983d6df6ec06846e41abd9645
densenet121,B,1220,109898,image_level_seed11,3,2,pituitary,0.0011477931658093,0.0026900544784179,0.9961621523557728,2,pituitary,0.9961621523557728,919d6f0fb3ca462983d6df6ec06846e41abd9645
densenet121,B,1221,109898,image_level_seed11,1,2,pituitary,0.000785920615767,0.0683331183169109,0.930880961067322,2,pituitary,0.930880961067322,919d6f0fb3ca462983d6df6ec06846e41abd9645
densenet121,B,1222,110518,image_level_seed11,3,2,pituitary,0.000861075955794,0.0001229618452247,0.9990159621989813,2,pituitary,0.9990159621989813,919d6f0fb3ca462983d6df6ec06846e41abd9645
densenet121,B,1223,110518,image_level_seed11,5,2,pituitary,0.0002717117302168,0.0001594254971974,0.9995688627725856,2,pituitary,0.9995688627725856,919d6f0fb3ca462983d6df6ec06846e41abd9645
densenet121,B,1224,110518,image_level_seed11,5,2,pituitary,0.0002243029387143,6.532130513702689e-05,0.9997103757561489,2,pituitary,0.9997103757561489,919d6f0fb3ca462983d6df6ec06846e41abd9645
densenet121,B,1225,110518,image_level_seed11,2,2,pituitary,0.0007081464172495,0.0003628219698394,0.998929031612911,2,pituitary,0.998929031612911,919d6f0fb3ca462983d6df6ec06846e41abd9645
densenet121,B,1226,110537,image_level_seed11,3,2,pituitary,0.0004521194433047,0.000350874557064,0.9991970059996312,2,pituitary,0.9991970059996312,919d6f0fb3ca462983d6df6ec06846e41abd9645
densenet121,B,1227,110537,image_level_seed11,4,2,pituitary,7.427405833287048e-05,4.490070278926325e-05,0.999880825238878,2,pituitary,0.999880825238878,919d6f0fb3ca462983d6df6ec06846e41abd9645
densenet121,B,1228,110537,image_level_seed11,1,2,pituitary,0.0055131515114428,0.0006493735377627,0.9938374749507944,2,pituitary,0.9938374749507944,919d6f0fb3ca462983d6df6ec06846e41abd9645
densenet121,B,1229,110537,image_level_seed11,5,2,pituitary,0.0004056573462631,0.0004907506373329,0.999103592016404,2,pituitary,0.999103592016404,919d6f0fb3ca462983d6df6ec06846e41abd9645
densenet121,B,1230,110993,image_level_seed11,3,2,pituitary,8.410599871691935e-05,0.0001288175439429,0.99978707645734,2,pituitary,0.99978707645734,919d6f0fb3ca462983d6df6ec06846e41abd9645
densenet121,B,1231,110993,image_level_seed11,2,2,pituitary,9.790690436064377e-05,8.853228059502741e-05,0.9998135608150444,2,pituitary,0.9998135608150444,919d6f0fb3ca462983d6df6ec06846e41abd9645
densenet121,B,1232,110993,image_level_seed11,1,2,pituitary,0.0002121209088164,0.0001310295195279,0.9996568495716556,2,pituitary,0.9996568495716556,919d6f0fb3ca462983d6df6ec06846e41abd9645
densenet121,B,1233,111075,image_level_seed11,5,2,pituitary,0.0002244975126084,0.0003768833797452,0.9993986191076464,2,pituitary,0.9993986191076464,919d6f0fb3ca462983d6df6ec06846e41abd9645
densenet121,B,1234,111075,image_level_seed11,1,2,pituitary,0.0001367690003228,0.0001420524287083,0.9997211785709688,2,pituitary,0.9997211785709688,919d6f0fb3ca462983d6df6ec06846e41abd9645
densenet121,B,1235,111075,image_level_seed11,4,2,pituitary,0.0004331679464541,0.0004005065629367,0.9991663254906092,2,pituitary,0.9991663254906092,919d6f0fb3ca462983d6df6ec06846e41abd9645
densenet121,B,1236,111075,image_level_seed11,5,2,pituitary,0.000336254352702,0.0007095443467034,0.9989542013005944,2,pituitary,0.9989542013005944,919d6f0fb3ca462983d6df6ec06846e41abd9645
densenet121,B,1237,111075,image_level_seed11,2,2,pituitary,0.0006694385007017,0.0019684687160712,0.997362092783227,2,pituitary,0.997362092783227,919d6f0fb3ca462983d6df6ec06846e41abd9645
densenet121,B,1238,111125,image_level_seed11,4,2,pituitary,0.0005387095098336,0.000180606744097,0.9992806837460694,2,pituitary,0.9992806837460694,919d6f0fb3ca462983d6df6ec06846e41abd9645
densenet121,B,1239,111125,image_level_seed11,4,2,pituitary,0.0004804026264372,0.0002981398908903,0.9992214574826724,2,pituitary,0.9992214574826724,919d6f0fb3ca462983d6df6ec06846e41abd9645
densenet121,B,1240,111125,image_level_seed11,4,2,pituitary,0.0003509012163873,0.0002375058078784,0.9994115929757342,2,pituitary,0.9994115929757342,919d6f0fb3ca462983d6df6ec06846e41abd9645
densenet121,B,1241,111125,image_level_seed11,3,2,pituitary,0.0002469492080168,0.0004280824889592,0.999324968303024,2,pituitary,0.999324968303024,919d6f0fb3ca462983d6df6ec06846e41abd9645
densenet121,B,1242,111785,image_level_seed11,2,2,pituitary,0.0003981888244145,0.0006381939621834,0.998963617213402,2,pituitary,0.998963617213402,919d6f0fb3ca462983d6df6ec06846e41abd9645
densenet121,B,1243,111785,image_level_seed11,2,2,pituitary,0.0005064903314866,0.0011724917365671,0.9983210179319462,2,pituitary,0.9983210179319462,919d6f0fb3ca462983d6df6ec06846e41abd9645
densenet121,B,1244,111785,image_level_seed11,2,2,pituitary,0.0004336901453902,0.001415158234221,0.9981511516203886,2,pituitary,0.9981511516203886,919d6f0fb3ca462983d6df6ec06846e41abd9645
densenet121,B,1245,111785,image_level_seed11,4,2,pituitary,0.0027829486595663,0.0014753348833441,0.9957417164570896,2,pituitary,0.9957417164570896,919d6f0fb3ca462983d6df6ec06846e41abd9645
densenet121,B,1246,112074,image_level_seed11,1,2,pituitary,0.0341962734814442,0.1017958182926542,0.8640079082259015,2,pituitary,0.8640079082259015,919d6f0fb3ca462983d6df6ec06846e41abd9645
densenet121,B,1247,112074,image_level_seed11,3,2,pituitary,0.0051015912729019,0.0002618639266301,0.9946365448004678,2,pituitary,0.9946365448004678,919d6f0fb3ca462983d6df6ec06846e41abd9645
densenet121,B,1248,112074,image_level_seed11,3,2,pituitary,0.0029449017296966,0.0034918189200505,0.9935632793502528,2,pituitary,0.9935632793502528,919d6f0fb3ca462983d6df6ec06846e41abd9645
densenet121,B,1249,112074,image_level_seed11,2,2,pituitary,0.0119066012551435,9.040814887372803e-05,0.9880029905959828,2,pituitary,0.9880029905959828,919d6f0fb3ca462983d6df6ec06846e41abd9645
densenet121,B,1250,112074,image_level_seed11,5,2,pituitary,0.0085382620533203,0.0116515096729619,0.9798102282737176,2,pituitary,0.9798102282737176,919d6f0fb3ca462983d6df6ec06846e41abd9645
densenet121,B,1251,112649,image_level_seed11,3,2,pituitary,0.0001124105482239,0.0001180984982741,0.999769490953502,2,pituitary,0.999769490953502,919d6f0fb3ca462983d6df6ec06846e41abd9645
densenet121,B,1252,112649,image_level_seed11,4,2,pituitary,0.0017878482906955,0.0018196216951636,0.9963925300141409,2,pituitary,0.9963925300141409,919d6f0fb3ca462983d6df6ec06846e41abd9645
densenet121,B,1253,112649,image_level_seed11,1,2,pituitary,0.000794199225654,0.003016805432166,0.9961889953421798,2,pituitary,0.9961889953421798,919d6f0fb3ca462983d6df6ec06846e41abd9645
densenet121,B,1254,112649,image_level_seed11,2,2,pituitary,0.000151261884715,0.0004287079749711,0.999420030140314,2,pituitary,0.999420030140314,919d6f0fb3ca462983d6df6ec06846e41abd9645
densenet121,B,1255,112649,image_level_seed11,1,2,pituitary,0.0002761242836741,0.0007788168480016,0.998945058868324,2,pituitary,0.998945058868324,919d6f0fb3ca462983d6df6ec06846e41abd9645
densenet121,B,1256,112746,image_level_seed11,1,2,pituitary,0.0001986860505657,0.0001040366286145,0.9996972773208196,2,pituitary,0.9996972773208196,919d6f0fb3ca462983d6df6ec06846e41abd9645
densenet121,B,1257,112746,image_level_seed11,5,2,pituitary,2.461879104478542e-05,1.5989161927822017e-05,0.9999593920470274,2,pituitary,0.9999593920470274,919d6f0fb3ca462983d6df6ec06846e41abd9645
densenet121,B,1258,112746,image_level_seed11,5,2,pituitary,0.0002129017990794,0.000392544650303,0.9993945535506176,2,pituitary,0.9993945535506176,919d6f0fb3ca462983d6df6ec06846e41abd9645
densenet121,B,1259,112746,image_level_seed11,5,2,pituitary,0.0001128358721641,3.1883195535189046e-05,0.9998552809323008,2,pituitary,0.9998552809323008,919d6f0fb3ca462983d6df6ec06846e41abd9645
densenet121,B,1260,112746,image_level_seed11,4,2,pituitary,0.0002986393721648,0.0005618653399539,0.9991394952878812,2,pituitary,0.9991394952878812,919d6f0fb3ca462983d6df6ec06846e41abd9645
densenet121,B,1261,112847,image_level_seed11,1,2,pituitary,0.0087669133137502,0.0002355201765518,0.9909975665096978,2,pituitary,0.9909975665096978,919d6f0fb3ca462983d6df6ec06846e41abd9645
densenet121,B,1262,112847,image_level_seed11,1,2,pituitary,0.0128170222897124,0.0122093097197329,0.9749736679905546,2,pituitary,0.9749736679905546,919d6f0fb3ca462983d6df6ec06846e41abd9645
densenet121,B,1263,112847,image_level_seed11,1,2,pituitary,0.0012775592070506,0.0022022926819404,0.996520148111009,2,pituitary,0.996520148111009,919d6f0fb3ca462983d6df6ec06846e41abd9645
densenet121,B,1264,112847,image_level_seed11,4,2,pituitary,0.0002283839852615,8.156652267857738e-05,0.9996900494920598,2,pituitary,0.9996900494920598,919d6f0fb3ca462983d6df6ec06846e41abd9645
densenet121,B,1265,112847,image_level_seed11,1,2,pituitary,0.0001015239625474,0.0002712942587397,0.9996271817787128,2,pituitary,0.9996271817787128,919d6f0fb3ca462983d6df6ec06846e41abd9645
densenet121,B,1266,113274,image_level_seed11,3,2,pituitary,0.0009665582373851,0.0080752314009385,0.9909582103616764,2,pituitary,0.9909582103616764,919d6f0fb3ca462983d6df6ec06846e41abd9645
densenet121,B,1267,113274,image_level_seed11,3,2,pituitary,0.0005725827770298,0.0049749868031873,0.9944524304197828,2,pituitary,0.9944524304197828,919d6f0fb3ca462983d6df6ec06846e41abd9645
densenet121,B,1268,113274,image_level_seed11,4,2,pituitary,0.0078169377234256,0.0153965100536839,0.9767865522228903,2,pituitary,0.9767865522228903,919d6f0fb3ca462983d6df6ec06846e41abd9645
densenet121,B,1269,113274,image_level_seed11,5,2,pituitary,0.0006029916375676,0.0006775580684521,0.99871945029398,2,pituitary,0.99871945029398,919d6f0fb3ca462983d6df6ec06846e41abd9645
densenet121,B,1270,113741,image_level_seed11,3,2,pituitary,0.0001451647321205,5.97534705962643e-05,0.9997950817972832,2,pituitary,0.9997950817972832,919d6f0fb3ca462983d6df6ec06846e41abd9645
densenet121,B,1271,113741,image_level_seed11,1,2,pituitary,5.790286750041301e-05,0.0001354159631079,0.9998066811693916,2,pituitary,0.9998066811693916,919d6f0fb3ca462983d6df6ec06846e41abd9645
densenet121,B,1272,113741,image_level_seed11,1,2,pituitary,0.0003090189578657,0.0006453016473155,0.9990456793948188,2,pituitary,0.9990456793948188,919d6f0fb3ca462983d6df6ec06846e41abd9645
densenet121,B,1273,114040,image_level_seed11,5,2,pituitary,0.0011559146822193,0.0050514358154027,0.993792649502378,2,pituitary,0.993792649502378,919d6f0fb3ca462983d6df6ec06846e41abd9645
densenet121,B,1274,114040,image_level_seed11,3,2,pituitary,0.0005781157543137,0.0009109342952318,0.9985109499504544,2,pituitary,0.9985109499504544,919d6f0fb3ca462983d6df6ec06846e41abd9645
densenet121,B,1275,114040,image_level_seed11,2,2,pituitary,8.705084989038714e-05,0.0001721081880297,0.99974084096208,2,pituitary,0.99974084096208,919d6f0fb3ca462983d6df6ec06846e41abd9645
densenet121,B,1276,114361,image_level_seed11,2,2,pituitary,0.0002856091596663,2.294474159440362e-05,0.9996914460987394,2,pituitary,0.9996914460987394,919d6f0fb3ca462983d6df6ec06846e41abd9645
densenet121,B,1277,114361,image_level_seed11,3,2,pituitary,0.000587317808644,0.0003682511421359,0.99904443104922,2,pituitary,0.99904443104922,919d6f0fb3ca462983d6df6ec06846e41abd9645
densenet121,B,1278,114361,image_level_seed11,1,2,pituitary,0.0004242796812809,0.0006056839039487,0.9989700364147702,2,pituitary,0.9989700364147702,919d6f0fb3ca462983d6df6ec06846e41abd9645
densenet121,B,1279,114094,image_level_seed11,1,2,pituitary,0.0003544101705713,0.0318660849120076,0.9677795049174208,2,pituitary,0.9677795049174208,919d6f0fb3ca462983d6df6ec06846e41abd9645
densenet121,B,1280,114094,image_level_seed11,5,2,pituitary,8.719982483102742e-05,8.905296611545837e-05,0.9998237472090534,2,pituitary,0.9998237472090534,919d6f0fb3ca462983d6df6ec06846e41abd9645
densenet121,B,1281,114094,image_level_seed11,1,2,pituitary,0.0007799499397528,0.0004536456863779,0.9987664043738692,2,pituitary,0.9987664043738692,919d6f0fb3ca462983d6df6ec06846e41abd9645
densenet121,B,1282,114094,image_level_seed11,4,2,pituitary,0.0006354093952602,0.0012519837031886,0.998112606901551,2,pituitary,0.998112606901551,919d6f0fb3ca462983d6df6ec06846e41abd9645
densenet121,B,1283,101029,image_level_seed11,5,2,pituitary,0.0001408072115807,0.0003596420881017,0.9994995507003176,2,pituitary,0.9994995507003176,919d6f0fb3ca462983d6df6ec06846e41abd9645
densenet121,B,1284,101029,image_level_seed11,3,2,pituitary,0.0002629880557524,0.0007994935204739,0.9989375184237734,2,pituitary,0.9989375184237734,919d6f0fb3ca462983d6df6ec06846e41abd9645
densenet121,B,1285,101145,image_level_seed11,3,2,pituitary,0.0003452036988089,4.4238015704124015e-05,0.999610558285487,2,pituitary,0.999610558285487,919d6f0fb3ca462983d6df6ec06846e41abd9645
densenet121,B,1286,101145,image_level_seed11,5,2,pituitary,0.000341962162991,4.270993633329253e-05,0.9996153279006756,2,pituitary,0.9996153279006756,919d6f0fb3ca462983d6df6ec06846e41abd9645
densenet121,B,1287,101145,image_level_seed11,5,2,pituitary,0.0002909745491929,3.6814339975285415e-05,0.9996722111108316,2,pituitary,0.9996722111108316,919d6f0fb3ca462983d6df6ec06846e41abd9645
densenet121,B,1288,101145,image_level_seed11,1,2,pituitary,0.0011990258600922,0.000110419569947,0.9986905545699606,2,pituitary,0.9986905545699606,919d6f0fb3ca462983d6df6ec06846e41abd9645
densenet121,B,1289,101305,image_level_seed11,4,2,pituitary,0.0003233571506733,0.0001876200184128,0.999489022830914,2,pituitary,0.999489022830914,919d6f0fb3ca462983d6df6ec06846e41abd9645
densenet121,B,1290,101305,image_level_seed11,5,2,pituitary,0.000303314134659,0.0002936627694236,0.9994030230959172,2,pituitary,0.9994030230959172,919d6f0fb3ca462983d6df6ec06846e41abd9645
densenet121,B,1291,101305,image_level_seed11,1,2,pituitary,0.0001447212853033,0.000292651945189,0.9995626267695076,2,pituitary,0.9995626267695076,919d6f0fb3ca462983d6df6ec06846e41abd9645
densenet121,B,1292,101305,image_level_seed11,3,2,pituitary,0.0002939562653301,0.0007980771635695,0.9989079665711004,2,pituitary,0.9989079665711004,919d6f0fb3ca462983d6df6ec06846e41abd9645
densenet121,B,1293,101724,image_level_seed11,5,2,pituitary,0.0002953106746441,0.000222369166851,0.9994823201585048,2,pituitary,0.9994823201585048,919d6f0fb3ca462983d6df6ec06846e41abd9645
densenet121,B,1294,101724,image_level_seed11,5,2,pituitary,0.0004876631930928,0.0002486224856484,0.9992637143212588,2,pituitary,0.9992637143212588,919d6f0fb3ca462983d6df6ec06846e41abd9645
densenet121,B,1295,102648,image_level_seed11,3,2,pituitary,0.0023436358788354,0.0238067112309889,0.9738496528901754,2,pituitary,0.9738496528901754,919d6f0fb3ca462983d6df6ec06846e41abd9645
densenet121,B,1296,102648,image_level_seed11,4,2,pituitary,0.0013846499782557,0.0059649584315261,0.9926503915902182,2,pituitary,0.9926503915902182,919d6f0fb3ca462983d6df6ec06846e41abd9645
densenet121,B,1297,102648,image_level_seed11,4,2,pituitary,0.00230658777203,0.0094258057414161,0.988267606486554,2,pituitary,0.988267606486554,919d6f0fb3ca462983d6df6ec06846e41abd9645
densenet121,B,1298,102648,image_level_seed11,4,2,pituitary,0.007008135477972,0.1003320511347243,0.8926598133873035,2,pituitary,0.8926598133873035,919d6f0fb3ca462983d6df6ec06846e41abd9645
densenet121,B,1299,102648,image_level_seed11,2,2,pituitary,0.0030880740385823,0.0009337237264478,0.9959782022349698,2,pituitary,0.9959782022349698,919d6f0fb3ca462983d6df6ec06846e41abd9645
densenet121,B,1300,102648,image_level_seed11,1,2,pituitary,0.0065361378000694,0.0163441769701115,0.9771196852298192,2,pituitary,0.9771196852298192,919d6f0fb3ca462983d6df6ec06846e41abd9645
densenet121,B,1301,103046,image_level_seed11,2,2,pituitary,0.0007392719528367,8.030863776478282e-05,0.9991804194093984,2,pituitary,0.9991804194093984,919d6f0fb3ca462983d6df6ec06846e41abd9645
densenet121,B,1302,103046,image_level_seed11,5,2,pituitary,0.0005465289899167,0.0003451276763205,0.9991083433337627,2,pituitary,0.9991083433337627,919d6f0fb3ca462983d6df6ec06846e41abd9645
densenet121,B,1303,103046,image_level_seed11,1,2,pituitary,0.0002192621739424,0.0001435239299479,0.9996372138961096,2,pituitary,0.9996372138961096,919d6f0fb3ca462983d6df6ec06846e41abd9645
densenet121,B,1304,103257,image_level_seed11,4,2,pituitary,0.0021163882370882,0.0001718014785213,0.9977118102843904,2,pituitary,0.9977118102843904,919d6f0fb3ca462983d6df6ec06846e41abd9645
densenet121,B,1305,103257,image_level_seed11,5,2,pituitary,0.0005988229456074,9.815169591614768e-05,0.9993030253584764,2,pituitary,0.9993030253584764,919d6f0fb3ca462983d6df6ec06846e41abd9645
densenet121,B,1306,103257,image_level_seed11,1,2,pituitary,0.0005906429368926,0.0003410381011397,0.9990683189619676,2,pituitary,0.9990683189619676,919d6f0fb3ca462983d6df6ec06846e41abd9645
densenet121,B,1307,103257,image_level_seed11,2,2,pituitary,0.0003567695014705,0.000132212132966,0.9995110183655634,2,pituitary,0.9995110183655634,919d6f0fb3ca462983d6df6ec06846e41abd9645
densenet121,B,1308,103257,image_level_seed11,1,2,pituitary,0.0005038393695651,0.0001569930955151,0.9993391675349198,2,pituitary,0.9993391675349198,919d6f0fb3ca462983d6df6ec06846e41abd9645
densenet121,B,1309,103257,image_level_seed11,2,2,pituitary,0.0010787673782805,5.102147622469215e-05,0.9988702111454948,2,pituitary,0.9988702111454948,919d6f0fb3ca462983d6df6ec06846e41abd9645
densenet121,B,1310,103478,image_level_seed11,3,2,pituitary,0.002171288191257,8.397370116723977e-05,0.9977447381075758,2,pituitary,0.9977447381075758,919d6f0fb3ca462983d6df6ec06846e41abd9645
densenet121,B,1311,103478,image_level_seed11,1,2,pituitary,0.0035289749825574,0.0015573381533204,0.9949136868641222,2,pituitary,0.9949136868641222,919d6f0fb3ca462983d6df6ec06846e41abd9645
densenet121,B,1312,103478,image_level_seed11,5,2,pituitary,0.0148913244493887,0.000346708988443,0.9847619665621684,2,pituitary,0.9847619665621684,919d6f0fb3ca462983d6df6ec06846e41abd9645
densenet121,B,1313,103478,image_level_seed11,3,2,pituitary,0.0075258610999812,0.0003371258453174,0.9921370130547011,2,pituitary,0.9921370130547011,919d6f0fb3ca462983d6df6ec06846e41abd9645
densenet121,B,1314,103478,image_level_seed11,4,2,pituitary,0.0003331549776107,0.001407298128564,0.9982595468938252,2,pituitary,0.9982595468938252,919d6f0fb3ca462983d6df6ec06846e41abd9645
densenet121,B,1315,103478,image_level_seed11,2,2,pituitary,0.0003837668757838,0.000523110636324,0.9990931224878922,2,pituitary,0.9990931224878922,919d6f0fb3ca462983d6df6ec06846e41abd9645
densenet121,B,1316,103478,image_level_seed11,5,2,pituitary,0.0022322169685938,0.0057420141681915,0.9920257688632146,2,pituitary,0.9920257688632146,919d6f0fb3ca462983d6df6ec06846e41abd9645
densenet121,B,1317,103582,image_level_seed11,4,2,pituitary,0.0363155473716377,0.0019982866288237,0.9616861659995384,2,pituitary,0.9616861659995384,919d6f0fb3ca462983d6df6ec06846e41abd9645
densenet121,B,1318,103582,image_level_seed11,3,2,pituitary,0.0008201927832563,0.0002185797646641,0.9989612274520796,2,pituitary,0.9989612274520796,919d6f0fb3ca462983d6df6ec06846e41abd9645
densenet121,B,1319,103582,image_level_seed11,3,2,pituitary,0.0003521360819645,9.058336794559317e-05,0.99955728055009,2,pituitary,0.99955728055009,919d6f0fb3ca462983d6df6ec06846e41abd9645
densenet121,B,1320,103582,image_level_seed11,2,2,pituitary,0.0022341701028567,0.000177646440464,0.9975881834566792,2,pituitary,0.9975881834566792,919d6f0fb3ca462983d6df6ec06846e41abd9645
densenet121,B,1321,103582,image_level_seed11,3,2,pituitary,5.902499941280799e-05,8.419586969113703e-05,0.999856779130896,2,pituitary,0.999856779130896,919d6f0fb3ca462983d6df6ec06846e41abd9645
densenet121,B,1322,103582,image_level_seed11,1,2,pituitary,0.0011955874445411,0.0004052997028312,0.9983991128526276,2,pituitary,0.9983991128526276,919d6f0fb3ca462983d6df6ec06846e41abd9645
densenet121,B,1323,103670,image_level_seed11,4,2,pituitary,0.0002248480398416,7.773412454932662e-05,0.9996974178356092,2,pituitary,0.9996974178356092,919d6f0fb3ca462983d6df6ec06846e41abd9645
densenet121,B,1324,103670,image_level_seed11,4,2,pituitary,0.0002844712866609,0.0001573258719315,0.9995582028414076,2,pituitary,0.9995582028414076,919d6f0fb3ca462983d6df6ec06846e41abd9645
densenet121,B,1325,103670,image_level_seed11,4,2,pituitary,0.0001921159730492,0.0002740318097272,0.9995338522172234,2,pituitary,0.9995338522172234,919d6f0fb3ca462983d6df6ec06846e41abd9645
densenet121,B,1326,103671,image_level_seed11,5,2,pituitary,0.0014402569387989,0.0014497711188052,0.9971099719423956,2,pituitary,0.9971099719423956,919d6f0fb3ca462983d6df6ec06846e41abd9645
densenet121,B,1327,103671,image_level_seed11,3,2,pituitary,0.0021352266672296,0.0008225347048038,0.9970422386279664,2,pituitary,0.9970422386279664,919d6f0fb3ca462983d6df6ec06846e41abd9645
densenet121,B,1328,103671,image_level_seed11,1,2,pituitary,0.003929667400633,0.001666692447384,0.994403640151983,2,pituitary,0.994403640151983,919d6f0fb3ca462983d6df6ec06846e41abd9645
densenet121,B,1329,103671,image_level_seed11,5,2,pituitary,0.0228984321519486,0.0226563836331482,0.9544451842149032,2,pituitary,0.9544451842149032,919d6f0fb3ca462983d6df6ec06846e41abd9645
densenet121,B,1330,103731,image_level_seed11,1,2,pituitary,0.0001454771730853,1.92073365997426e-05,0.9998353154903148,2,pituitary,0.9998353154903148,919d6f0fb3ca462983d6df6ec06846e41abd9645
densenet121,B,1331,103731,image_level_seed11,1,2,pituitary,0.0002534081058029,0.0001275811300368,0.9996190107641602,2,pituitary,0.9996190107641602,919d6f0fb3ca462983d6df6ec06846e41abd9645
densenet121,B,1332,103731,image_level_seed11,5,2,pituitary,0.0001394326218755,4.6853382134881186e-05,0.9998137139959896,2,pituitary,0.9998137139959896,919d6f0fb3ca462983d6df6ec06846e41abd9645
densenet121,B,1333,103731,image_level_seed11,1,2,pituitary,0.0006033547731917,0.0011523208752302,0.998244324351578,2,pituitary,0.998244324351578,919d6f0fb3ca462983d6df6ec06846e41abd9645
densenet121,B,1334,103731,image_level_seed11,2,2,pituitary,0.0004817641297518,0.0004115491204536,0.9991066867497944,2,pituitary,0.9991066867497944,919d6f0fb3ca462983d6df6ec06846e41abd9645
densenet121,B,1335,103731,image_level_seed11,1,2,pituitary,0.0002523978648616,0.0002576376910436,0.9994899644440948,2,pituitary,0.9994899644440948,919d6f0fb3ca462983d6df6ec06846e41abd9645
densenet121,B,1336,103731,image_level_seed11,4,2,pituitary,0.0010054232839869,0.0026274584078437,0.9963671183081694,2,pituitary,0.9963671183081694,919d6f0fb3ca462983d6df6ec06846e41abd9645
densenet121,B,1337,103731,image_level_seed11,1,2,pituitary,0.0037440200101032,0.0147707888094553,0.9814851911804414,2,pituitary,0.9814851911804414,919d6f0fb3ca462983d6df6ec06846e41abd9645
densenet121,B,1338,103731,image_level_seed11,1,2,pituitary,0.0014288022659438,0.0002464160604899,0.9983247816735664,2,pituitary,0.9983247816735664,919d6f0fb3ca462983d6df6ec06846e41abd9645
densenet121,B,1339,103731,image_level_seed11,3,2,pituitary,0.0002588135928682,0.0005733581761975,0.9991678282309342,2,pituitary,0.9991678282309342,919d6f0fb3ca462983d6df6ec06846e41abd9645
densenet121,B,1340,103837,image_level_seed11,2,2,pituitary,0.0003820758966069,6.471862102331682e-06,0.9996114522412908,2,pituitary,0.9996114522412908,919d6f0fb3ca462983d6df6ec06846e41abd9645
densenet121,B,1341,103837,image_level_seed11,3,2,pituitary,0.0005884043664739,2.615170244292967e-05,0.9993854439310832,2,pituitary,0.9993854439310832,919d6f0fb3ca462983d6df6ec06846e41abd9645
densenet121,B,1342,103837,image_level_seed11,5,2,pituitary,0.0001172575400059,2.1175495691110184e-05,0.9998615669643028,2,pituitary,0.9998615669643028,919d6f0fb3ca462983d6df6ec06846e41abd9645
densenet121,B,1343,103837,image_level_seed11,2,2,pituitary,0.0004240285391209,2.6042370964092017e-05,0.9995499290899148,2,pituitary,0.9995499290899148,919d6f0fb3ca462983d6df6ec06846e41abd9645
densenet121,B,1344,103837,image_level_seed11,2,2,pituitary,0.0004213127784182,5.43775325433144e-05,0.9995243096890384,2,pituitary,0.9995243096890384,919d6f0fb3ca462983d6df6ec06846e41abd9645
densenet121,B,1345,103837,image_level_seed11,3,2,pituitary,0.0003827536225694,5.256142458047405e-05,0.99956468495285,2,pituitary,0.99956468495285,919d6f0fb3ca462983d6df6ec06846e41abd9645
densenet121,B,1346,103837,image_level_seed11,5,2,pituitary,0.000139315517637,2.912062737788056e-05,0.9998315638549852,2,pituitary,0.9998315638549852,919d6f0fb3ca462983d6df6ec06846e41abd9645
densenet121,B,1347,103837,image_level_seed11,4,2,pituitary,0.0008697320609901,3.8108107051774585e-05,0.999092159831958,2,pituitary,0.999092159831958,919d6f0fb3ca462983d6df6ec06846e41abd9645
densenet121,B,1348,104019,image_level_seed11,2,2,pituitary,0.0007372348935068,0.0032546795868787,0.9960080855196144,2,pituitary,0.9960080855196144,919d6f0fb3ca462983d6df6ec06846e41abd9645
densenet121,B,1349,104019,image_level_seed11,5,2,pituitary,6.554277830525471e-05,6.012731148083864e-05,0.999874329910214,2,pituitary,0.999874329910214,919d6f0fb3ca462983d6df6ec06846e41abd9645
densenet121,B,1350,104019,image_level_seed11,5,2,pituitary,0.0002283508703237,0.0002625356362567,0.9995091134934196,2,pituitary,0.9995091134934196,919d6f0fb3ca462983d6df6ec06846e41abd9645
densenet121,B,1351,104019,image_level_seed11,2,2,pituitary,0.0001316312550224,0.0002888123852485,0.999579556359729,2,pituitary,0.999579556359729,919d6f0fb3ca462983d6df6ec06846e41abd9645
densenet121,B,1352,104558,image_level_seed11,3,2,pituitary,0.0005835463809069,0.0004871409820179,0.9989293126370752,2,pituitary,0.9989293126370752,919d6f0fb3ca462983d6df6ec06846e41abd9645
densenet121,B,1353,104558,image_level_seed11,1,2,pituitary,0.0005623118127602,0.0008093682585181,0.9986283199287216,2,pituitary,0.9986283199287216,919d6f0fb3ca462983d6df6ec06846e41abd9645
densenet121,B,1354,104558,image_level_seed11,4,2,pituitary,0.0002896038895955,7.0550223490225e-05,0.9996398458869142,2,pituitary,0.9996398458869142,919d6f0fb3ca462983d6df6ec06846e41abd9645
densenet121,B,1355,104558,image_level_seed11,2,2,pituitary,0.0003716581919782,4.874928346866323e-05,0.9995795925245532,2,pituitary,0.9995795925245532,919d6f0fb3ca462983d6df6ec06846e41abd9645
densenet121,B,1356,104558,image_level_seed11,2,2,pituitary,0.0007047849573014,2.355240968907886e-05,0.9992716626330096,2,pituitary,0.9992716626330096,919d6f0fb3ca462983d6df6ec06846e41abd9645
densenet121,B,1357,104558,image_level_seed11,5,2,pituitary,0.0021067678630174,4.4476251556387034e-05,0.997848755885426,2,pituitary,0.997848755885426,919d6f0fb3ca462983d6df6ec06846e41abd9645
densenet121,B,1358,104558,image_level_seed11,5,2,pituitary,0.0419446650748161,0.0009613874772262,0.9570939474479576,2,pituitary,0.9570939474479576,919d6f0fb3ca462983d6df6ec06846e41abd9645
densenet121,B,1359,104558,image_level_seed11,3,2,pituitary,0.00025005714008,6.819048892329957e-05,0.9996817523709968,2,pituitary,0.9996817523709968,919d6f0fb3ca462983d6df6ec06846e41abd9645
densenet121,B,1360,104684,image_level_seed11,3,2,pituitary,6.920960213413798e-05,1.985280949389766e-05,0.999910937588372,2,pituitary,0.999910937588372,919d6f0fb3ca462983d6df6ec06846e41abd9645
densenet121,B,1361,104684,image_level_seed11,2,2,pituitary,0.0003538987785727,0.0002138888723014,0.999432212349126,2,pituitary,0.999432212349126,919d6f0fb3ca462983d6df6ec06846e41abd9645
densenet121,B,1362,104684,image_level_seed11,2,2,pituitary,0.0006367719241047,0.0001053709497673,0.999257857126128,2,pituitary,0.999257857126128,919d6f0fb3ca462983d6df6ec06846e41abd9645
densenet121,B,1363,104684,image_level_seed11,4,2,pituitary,0.0002875518998323,4.4609054934908896e-05,0.9996678390452326,2,pituitary,0.9996678390452326,919d6f0fb3ca462983d6df6ec06846e41abd9645
densenet121,B,1364,104684,image_level_seed11,2,2,pituitary,0.0002107027941033,5.278820759203456e-05,0.9997365089983048,2,pituitary,0.9997365089983048,919d6f0fb3ca462983d6df6ec06846e41abd9645
densenet121,B,1365,104684,image_level_seed11,1,2,pituitary,0.0003881256146799,0.0002129787760792,0.9993988956092408,2,pituitary,0.9993988956092408,919d6f0fb3ca462983d6df6ec06846e41abd9645
densenet121,B,1366,104684,image_level_seed11,1,2,pituitary,0.0003902033217776,0.0004963165502209,0.9991134801280014,2,pituitary,0.9991134801280014,919d6f0fb3ca462983d6df6ec06846e41abd9645
densenet121,B,1367,104684,image_level_seed11,2,2,pituitary,0.0003722574869911,0.0002597959586454,0.9993679465543632,2,pituitary,0.9993679465543632,919d6f0fb3ca462983d6df6ec06846e41abd9645
densenet121,B,1368,104684,image_level_seed11,4,2,pituitary,0.0003164647413217,9.581258579738128e-05,0.9995877226728808,2,pituitary,0.9995877226728808,919d6f0fb3ca462983d6df6ec06846e41abd9645
densenet121,B,1369,104912,image_level_seed11,5,2,pituitary,0.0005491990041984,0.0002019124238834,0.999248888571918,2,pituitary,0.999248888571918,919d6f0fb3ca462983d6df6ec06846e41abd9645
densenet121,B,1370,104912,image_level_seed11,5,2,pituitary,0.0010764078833755,0.0003631381160618,0.9985604540005626,2,pituitary,0.9985604540005626,919d6f0fb3ca462983d6df6ec06846e41abd9645
densenet121,B,1371,104912,image_level_seed11,5,2,pituitary,0.0013641451111878,0.0004536957394132,0.9981821591493988,2,pituitary,0.9981821591493988,919d6f0fb3ca462983d6df6ec06846e41abd9645
densenet121,B,1372,104912,image_level_seed11,3,2,pituitary,0.0002031649582145,0.0001179782662422,0.999678856775543,2,pituitary,0.999678856775543,919d6f0fb3ca462983d6df6ec06846e41abd9645
densenet121,B,1373,104912,image_level_seed11,3,2,pituitary,0.0007380891132899,0.000441092761553,0.998820818125157,2,pituitary,0.998820818125157,919d6f0fb3ca462983d6df6ec06846e41abd9645
densenet121,B,1374,105187,image_level_seed11,4,2,pituitary,0.000512974037585,0.0004546636958828,0.9990323622665322,2,pituitary,0.9990323622665322,919d6f0fb3ca462983d6df6ec06846e41abd9645
densenet121,B,1375,105187,image_level_seed11,4,2,pituitary,0.0006816118867313,0.0002205810867032,0.9990978070265656,2,pituitary,0.9990978070265656,919d6f0fb3ca462983d6df6ec06846e41abd9645
densenet121,B,1376,105187,image_level_seed11,2,2,pituitary,0.0097931672019232,0.0002603237331188,0.989946509064958,2,pituitary,0.989946509064958,919d6f0fb3ca462983d6df6ec06846e41abd9645
densenet121,B,1377,105187,image_level_seed11,2,2,pituitary,0.0001624708308271,0.000116927633985,0.9997206015351878,2,pituitary,0.9997206015351878,919d6f0fb3ca462983d6df6ec06846e41abd9645
densenet121,B,1378,105475,image_level_seed11,3,2,pituitary,0.0011580541298621,0.0002195850437776,0.9986223608263604,2,pituitary,0.9986223608263604,919d6f0fb3ca462983d6df6ec06846e41abd9645
densenet121,B,1379,105475,image_level_seed11,4,2,pituitary,0.0030545097580897,7.3255503638072e-05,0.996872234738272,2,pituitary,0.996872234738272,919d6f0fb3ca462983d6df6ec06846e41abd9645
densenet121,B,1380,105538,image_level_seed11,4,2,pituitary,0.9373063658038832,0.0055379103562349,0.0571557238398819,0,meningioma,0.9373063658038832,919d6f0fb3ca462983d6df6ec06846e41abd9645
densenet121,B,1381,105538,image_level_seed11,4,2,pituitary,0.6934185471359547,0.0031249537787737,0.3034564990852714,0,meningioma,0.6934185471359547,919d6f0fb3ca462983d6df6ec06846e41abd9645
densenet121,B,1382,105538,image_level_seed11,5,2,pituitary,0.1485859841514412,0.0016012359677878,0.8498127798807709,2,pituitary,0.8498127798807709,919d6f0fb3ca462983d6df6ec06846e41abd9645
densenet121,B,1383,105638,image_level_seed11,5,2,pituitary,0.0006220372859104,0.0002850703229318,0.9990928923911578,2,pituitary,0.9990928923911578,919d6f0fb3ca462983d6df6ec06846e41abd9645
densenet121,B,1384,105638,image_level_seed11,3,2,pituitary,0.0010324243039252,0.0004957405522812,0.9984718351437936,2,pituitary,0.9984718351437936,919d6f0fb3ca462983d6df6ec06846e41abd9645
densenet121,B,1385,105638,image_level_seed11,4,2,pituitary,0.0008122840335944,0.0002311418659505,0.998956574100455,2,pituitary,0.998956574100455,919d6f0fb3ca462983d6df6ec06846e41abd9645
densenet121,B,1386,97416,image_level_seed11,4,2,pituitary,0.0061482918562932,0.0039772275567801,0.9898744805869266,2,pituitary,0.9898744805869266,919d6f0fb3ca462983d6df6ec06846e41abd9645
densenet121,B,1387,97416,image_level_seed11,5,2,pituitary,0.0004510888636846,0.0004428041402644,0.9991061069960508,2,pituitary,0.9991061069960508,919d6f0fb3ca462983d6df6ec06846e41abd9645
densenet121,B,1388,97416,image_level_seed11,3,2,pituitary,5.77531787574652e-05,6.000529994524698e-05,0.9998822415212972,2,pituitary,0.9998822415212972,919d6f0fb3ca462983d6df6ec06846e41abd9645
densenet121,B,1389,97416,image_level_seed11,4,2,pituitary,0.1772978517681315,0.0013925714543041,0.8213095767775643,2,pituitary,0.8213095767775643,919d6f0fb3ca462983d6df6ec06846e41abd9645
densenet121,B,1390,97416,image_level_seed11,4,2,pituitary,0.0655992508594231,0.0013293773517481,0.9330713717888288,2,pituitary,0.9330713717888288,919d6f0fb3ca462983d6df6ec06846e41abd9645
densenet121,B,1391,97416,image_level_seed11,3,2,pituitary,0.0001565360867489,4.374480145302785e-05,0.999799719111798,2,pituitary,0.999799719111798,919d6f0fb3ca462983d6df6ec06846e41abd9645
densenet121,B,1392,97416,image_level_seed11,2,2,pituitary,0.0041868996934063,0.000413398815272,0.9953997014913216,2,pituitary,0.9953997014913216,919d6f0fb3ca462983d6df6ec06846e41abd9645
densenet121,B,1393,97416,image_level_seed11,4,2,pituitary,0.0036954051062643,0.0012650682079077,0.9950395266858278,2,pituitary,0.9950395266858278,919d6f0fb3ca462983d6df6ec06846e41abd9645
densenet121,B,1394,97416,image_level_seed11,5,2,pituitary,0.0002256100173121,0.0010656542095082,0.9987087357731796,2,pituitary,0.9987087357731796,919d6f0fb3ca462983d6df6ec06846e41abd9645
densenet121,B,1395,97461,image_level_seed11,1,2,pituitary,0.0017654274591189,0.0001444946466825,0.9980900778941983,2,pituitary,0.9980900778941983,919d6f0fb3ca462983d6df6ec06846e41abd9645
densenet121,B,1396,97461,image_level_seed11,4,2,pituitary,0.0009594563974245,0.0001424220171662,0.9988981215854092,2,pituitary,0.9988981215854092,919d6f0fb3ca462983d6df6ec06846e41abd9645
densenet121,B,1397,97461,image_level_seed11,1,2,pituitary,0.0002722324064303,9.365736892527375e-05,0.9996341102246444,2,pituitary,0.9996341102246444,919d6f0fb3ca462983d6df6ec06846e41abd9645
densenet121,B,1398,97461,image_level_seed11,5,2,pituitary,0.0002013145507199,0.0001597168879014,0.9996389685613788,2,pituitary,0.9996389685613788,919d6f0fb3ca462983d6df6ec06846e41abd9645
densenet121,B,1399,97461,image_level_seed11,3,2,pituitary,0.0001913773101004,0.0001950962499647,0.9996135264399348,2,pituitary,0.9996135264399348,919d6f0fb3ca462983d6df6ec06846e41abd9645
densenet121,B,1400,97461,image_level_seed11,4,2,pituitary,0.0016041917183422,0.0007085380288123,0.9976872702528454,2,pituitary,0.9976872702528454,919d6f0fb3ca462983d6df6ec06846e41abd9645
densenet121,B,1401,97461,image_level_seed11,2,2,pituitary,8.584484793162014e-05,5.6544110480828085e-05,0.9998576110415875,2,pituitary,0.9998576110415875,919d6f0fb3ca462983d6df6ec06846e41abd9645
densenet121,B,1402,97461,image_level_seed11,1,2,pituitary,0.0001625631880508,0.0002806668407603,0.9995567699711888,2,pituitary,0.9995567699711888,919d6f0fb3ca462983d6df6ec06846e41abd9645
densenet121,B,1403,97461,image_level_seed11,1,2,pituitary,0.0001111995512698,0.0002802679158361,0.999608532532894,2,pituitary,0.999608532532894,919d6f0fb3ca462983d6df6ec06846e41abd9645
densenet121,B,1404,97481,image_level_seed11,5,2,pituitary,0.0025365460814529,0.0030476374894045,0.9944158164291425,2,pituitary,0.9944158164291425,919d6f0fb3ca462983d6df6ec06846e41abd9645
densenet121,B,1405,97481,image_level_seed11,5,2,pituitary,0.0005995253371076,0.0005192241065456,0.9988812505563466,2,pituitary,0.9988812505563466,919d6f0fb3ca462983d6df6ec06846e41abd9645
densenet121,B,1406,97481,image_level_seed11,2,2,pituitary,0.0023900420529583,0.0005441651490603,0.9970657927979814,2,pituitary,0.9970657927979814,919d6f0fb3ca462983d6df6ec06846e41abd9645
densenet121,B,1407,97481,image_level_seed11,1,2,pituitary,0.0008874263049705,0.0002313169433246,0.9988812567517048,2,pituitary,0.9988812567517048,919d6f0fb3ca462983d6df6ec06846e41abd9645
densenet121,B,1408,97599,image_level_seed11,3,2,pituitary,0.0029394095851225,9.589902357768458e-05,0.9969646913912998,2,pituitary,0.9969646913912998,919d6f0fb3ca462983d6df6ec06846e41abd9645
densenet121,B,1409,97599,image_level_seed11,5,2,pituitary,0.0010345698764633,0.0002728918269536,0.9986925382965828,2,pituitary,0.9986925382965828,919d6f0fb3ca462983d6df6ec06846e41abd9645
densenet121,B,1410,97890,image_level_seed11,2,2,pituitary,0.0003222474281412,0.0002804934217022,0.9993972591501564,2,pituitary,0.9993972591501564,919d6f0fb3ca462983d6df6ec06846e41abd9645
densenet121,B,1411,97890,image_level_seed11,2,2,pituitary,0.0005005973922934,0.0020106758392284,0.997488726768478,2,pituitary,0.997488726768478,919d6f0fb3ca462983d6df6ec06846e41abd9645
densenet121,B,1412,97890,image_level_seed11,5,2,pituitary,0.0003451423512683,0.0010293984741692,0.9986254591745624,2,pituitary,0.9986254591745624,919d6f0fb3ca462983d6df6ec06846e41abd9645
densenet121,B,1413,97890,image_level_seed11,2,2,pituitary,0.0020588704640301,0.0014653946309333,0.9964757349050366,2,pituitary,0.9964757349050366,919d6f0fb3ca462983d6df6ec06846e41abd9645
densenet121,B,1414,98472,image_level_seed11,1,2,pituitary,0.0003213770001109,0.000199068575987,0.999479554423902,2,pituitary,0.999479554423902,919d6f0fb3ca462983d6df6ec06846e41abd9645
densenet121,B,1415,98472,image_level_seed11,5,2,pituitary,0.0014304358649492,0.0002907778064731,0.9982787863285776,2,pituitary,0.9982787863285776,919d6f0fb3ca462983d6df6ec06846e41abd9645
densenet121,B,1416,98472,image_level_seed11,1,2,pituitary,0.0002505777211751,0.000397284257657,0.9993521380211678,2,pituitary,0.9993521380211678,919d6f0fb3ca462983d6df6ec06846e41abd9645
densenet121,B,1417,98472,image_level_seed11,5,2,pituitary,0.0005843392200001,0.000142083139461,0.9992735776405388,2,pituitary,0.9992735776405388,919d6f0fb3ca462983d6df6ec06846e41abd9645
densenet121,B,1418,98472,image_level_seed11,4,2,pituitary,0.0013158080940185,0.0001575295769514,0.99852666232903,2,pituitary,0.99852666232903,919d6f0fb3ca462983d6df6ec06846e41abd9645
densenet121,B,1419,98472,image_level_seed11,2,2,pituitary,0.0009799650324808,0.0001408210773748,0.9988792138901444,2,pituitary,0.9988792138901444,919d6f0fb3ca462983d6df6ec06846e41abd9645
densenet121,B,1420,98472,image_level_seed11,3,2,pituitary,0.0007554047983945,0.0002757553938148,0.9989688398077904,2,pituitary,0.9989688398077904,919d6f0fb3ca462983d6df6ec06846e41abd9645
densenet121,B,1421,98652,image_level_seed11,3,2,pituitary,0.0003548099210218,0.0002464048295406,0.9993987852494376,2,pituitary,0.9993987852494376,919d6f0fb3ca462983d6df6ec06846e41abd9645
densenet121,B,1422,98652,image_level_seed11,3,2,pituitary,0.0007259706770681,0.0006588127866809,0.9986152165362508,2,pituitary,0.9986152165362508,919d6f0fb3ca462983d6df6ec06846e41abd9645
densenet121,B,1423,98652,image_level_seed11,1,2,pituitary,0.0005772911081617,0.0001718654706797,0.9992508434211586,2,pituitary,0.9992508434211586,919d6f0fb3ca462983d6df6ec06846e41abd9645
densenet121,B,1424,98871,image_level_seed11,5,2,pituitary,0.000302351434039,0.0005799532182066,0.9991176953477544,2,pituitary,0.9991176953477544,919d6f0fb3ca462983d6df6ec06846e41abd9645
densenet121,B,1425,98871,image_level_seed11,2,2,pituitary,0.000236737897575,0.0003617028372614,0.9994015592651636,2,pituitary,0.9994015592651636,919d6f0fb3ca462983d6df6ec06846e41abd9645
densenet121,B,1426,98871,image_level_seed11,1,2,pituitary,0.0003863581087131,0.0002541298501068,0.99935951204118,2,pituitary,0.99935951204118,919d6f0fb3ca462983d6df6ec06846e41abd9645
densenet121,B,1427,98871,image_level_seed11,3,2,pituitary,0.0002679151710654,0.000800571747448,0.9989315130814864,2,pituitary,0.9989315130814864,919d6f0fb3ca462983d6df6ec06846e41abd9645
densenet121,B,1428,98871,image_level_seed11,2,2,pituitary,4.226797477026251e-05,7.918495330835991e-05,0.9998785470719213,2,pituitary,0.9998785470719213,919d6f0fb3ca462983d6df6ec06846e41abd9645
densenet121,B,1429,98871,image_level_seed11,1,2,pituitary,0.0009866172081688,0.0004488420853381,0.9985645407064928,2,pituitary,0.9985645407064928,919d6f0fb3ca462983d6df6ec06846e41abd9645
densenet121,B,1430,98874,image_level_seed11,2,2,pituitary,0.0011078527432486,0.0019341576545115,0.9969579896022398,2,pituitary,0.9969579896022398,919d6f0fb3ca462983d6df6ec06846e41abd9645
densenet121,B,1431,98874,image_level_seed11,1,2,pituitary,0.0005751729736687,0.0003639836137938,0.9990608434125376,2,pituitary,0.9990608434125376,919d6f0fb3ca462983d6df6ec06846e41abd9645
densenet121,B,1432,98874,image_level_seed11,4,2,pituitary,0.0007908856847324,0.0001579370679117,0.9990511772473558,2,pituitary,0.9990511772473558,919d6f0fb3ca462983d6df6ec06846e41abd9645
densenet121,B,1433,98874,image_level_seed11,4,2,pituitary,0.0005436868026467,0.0001995826701262,0.9992567305272272,2,pituitary,0.9992567305272272,919d6f0fb3ca462983d6df6ec06846e41abd9645
densenet121,B,1434,98874,image_level_seed11,2,2,pituitary,0.0006383191767749,0.0006926745181002,0.9986690063051248,2,pituitary,0.9986690063051248,919d6f0fb3ca462983d6df6ec06846e41abd9645
densenet121,B,1435,98992,image_level_seed11,1,2,pituitary,0.0063270003311857,0.0015982923037631,0.992074707365051,2,pituitary,0.992074707365051,919d6f0fb3ca462983d6df6ec06846e41abd9645
densenet121,B,1436,98992,image_level_seed11,1,2,pituitary,0.0036285425963771,0.0034921632469358,0.992879294156687,2,pituitary,0.992879294156687,919d6f0fb3ca462983d6df6ec06846e41abd9645
densenet121,B,1437,98992,image_level_seed11,5,2,pituitary,0.0004067724066998,0.0002830005785696,0.9993102270147308,2,pituitary,0.9993102270147308,919d6f0fb3ca462983d6df6ec06846e41abd9645
densenet121,B,1438,98992,image_level_seed11,5,2,pituitary,0.0001802677253613,5.900092698346559e-05,0.9997607313476552,2,pituitary,0.9997607313476552,919d6f0fb3ca462983d6df6ec06846e41abd9645
densenet121,B,1439,98992,image_level_seed11,4,2,pituitary,0.0284383011380935,0.7502171306397466,0.2213445682221598,1,glioma,0.7502171306397466,919d6f0fb3ca462983d6df6ec06846e41abd9645
densenet121,B,1440,98992,image_level_seed11,4,2,pituitary,0.0081935529918658,0.4033665046164464,0.5884399423916878,2,pituitary,0.5884399423916878,919d6f0fb3ca462983d6df6ec06846e41abd9645
densenet121,B,1441,98992,image_level_seed11,4,2,pituitary,0.1405836062395107,0.5215150999738721,0.3379012937866171,1,glioma,0.5215150999738721,919d6f0fb3ca462983d6df6ec06846e41abd9645
densenet121,B,1442,98995,image_level_seed11,5,2,pituitary,0.0003716525249995,8.401459967969448e-05,0.9995443328753209,2,pituitary,0.9995443328753209,919d6f0fb3ca462983d6df6ec06846e41abd9645
densenet121,B,1443,98995,image_level_seed11,3,2,pituitary,0.0005260159603498,0.0001270357625901,0.99934694827706,2,pituitary,0.99934694827706,919d6f0fb3ca462983d6df6ec06846e41abd9645
densenet121,B,1444,98995,image_level_seed11,4,2,pituitary,0.0002309190054908,0.0001291976009305,0.9996398833935788,2,pituitary,0.9996398833935788,919d6f0fb3ca462983d6df6ec06846e41abd9645
densenet121,B,1445,98995,image_level_seed11,3,2,pituitary,0.0002028945038816,1.5089145159266886e-05,0.9997820163509592,2,pituitary,0.9997820163509592,919d6f0fb3ca462983d6df6ec06846e41abd9645
densenet121,B,1446,98995,image_level_seed11,4,2,pituitary,0.0007915341284199,2.699310580285652e-05,0.9991814727657772,2,pituitary,0.9991814727657772,919d6f0fb3ca462983d6df6ec06846e41abd9645
densenet121,B,1447,99223,image_level_seed11,4,2,pituitary,0.0143538330066127,0.0038955182939778,0.9817506486994092,2,pituitary,0.9817506486994092,919d6f0fb3ca462983d6df6ec06846e41abd9645
densenet121,B,1448,99223,image_level_seed11,1,2,pituitary,0.0011385280323027,0.0010194309657813,0.997842041001916,2,pituitary,0.997842041001916,919d6f0fb3ca462983d6df6ec06846e41abd9645
densenet121,B,1449,99223,image_level_seed11,2,2,pituitary,0.004731434224128,0.0001754043597832,0.9950931614160888,2,pituitary,0.9950931614160888,919d6f0fb3ca462983d6df6ec06846e41abd9645
densenet121,B,1450,99223,image_level_seed11,4,2,pituitary,0.0001468522188793,0.0004541508168003,0.9993989969643204,2,pituitary,0.9993989969643204,919d6f0fb3ca462983d6df6ec06846e41abd9645
densenet121,B,1451,99223,image_level_seed11,3,2,pituitary,0.0002792061484558,0.0007909912681799,0.9989298025833644,2,pituitary,0.9989298025833644,919d6f0fb3ca462983d6df6ec06846e41abd9645
densenet121,B,1452,99223,image_level_seed11,5,2,pituitary,0.0011455738365988,0.0013149412194345,0.9975394849439668,2,pituitary,0.9975394849439668,919d6f0fb3ca462983d6df6ec06846e41abd9645
densenet121,B,1453,99223,image_level_seed11,3,2,pituitary,0.0001680391492927,0.0004021644951912,0.999429796355516,2,pituitary,0.999429796355516,919d6f0fb3ca462983d6df6ec06846e41abd9645
densenet121,B,1454,99223,image_level_seed11,4,2,pituitary,0.0002558238227792,0.0001007249212485,0.9996434512559722,2,pituitary,0.9996434512559722,919d6f0fb3ca462983d6df6ec06846e41abd9645
densenet121,B,1455,99223,image_level_seed11,3,2,pituitary,0.0001018295422619,0.0003726103096766,0.9995255601480614,2,pituitary,0.9995255601480614,919d6f0fb3ca462983d6df6ec06846e41abd9645
densenet121,B,1456,101017,image_level_seed11,3,2,pituitary,0.0001129752976548,0.001038531642047,0.998848493060298,2,pituitary,0.998848493060298,919d6f0fb3ca462983d6df6ec06846e41abd9645
densenet121,B,1457,101017,image_level_seed11,1,2,pituitary,0.0001296576481829,0.0003466240849513,0.9995237182668656,2,pituitary,0.9995237182668656,919d6f0fb3ca462983d6df6ec06846e41abd9645
densenet121,B,1458,101017,image_level_seed11,2,2,pituitary,6.249859403394749e-05,0.0005462179323722,0.9993912834735938,2,pituitary,0.9993912834735938,919d6f0fb3ca462983d6df6ec06846e41abd9645
densenet121,B,1459,101017,image_level_seed11,3,2,pituitary,0.0001255877310955,0.0008020995327392,0.9990723127361651,2,pituitary,0.9990723127361651,919d6f0fb3ca462983d6df6ec06846e41abd9645
densenet121,B,1460,101017,image_level_seed11,1,2,pituitary,0.0001322450275991,0.0003385251387124,0.9995292298336884,2,pituitary,0.9995292298336884,919d6f0fb3ca462983d6df6ec06846e41abd9645
densenet121,B,1461,101017,image_level_seed11,4,2,pituitary,0.0004737476471918,0.0008679534258858,0.9986582989269224,2,pituitary,0.9986582989269224,919d6f0fb3ca462983d6df6ec06846e41abd9645
densenet121,B,1462,101029,image_level_seed11,5,2,pituitary,2.313192155523123e-05,9.336248628210438e-05,0.9998835055921628,2,pituitary,0.9998835055921628,919d6f0fb3ca462983d6df6ec06846e41abd9645
densenet121,B,1463,101029,image_level_seed11,1,2,pituitary,6.0249158891641e-06,1.5881235005876324e-05,0.999978093849105,2,pituitary,0.999978093849105,919d6f0fb3ca462983d6df6ec06846e41abd9645
densenet121,B,1464,101029,image_level_seed11,3,2,pituitary,3.698470547051899e-05,5.0246541337981826e-05,0.9999127687531916,2,pituitary,0.9999127687531916,919d6f0fb3ca462983d6df6ec06846e41abd9645
densenet121,B,1465,101029,image_level_seed11,3,2,pituitary,2.081592337624627e-05,2.3298936968172313e-05,0.9999558851396556,2,pituitary,0.9999558851396556,919d6f0fb3ca462983d6df6ec06846e41abd9645
densenet121,B,1466,101029,image_level_seed11,2,2,pituitary,4.213926243207611e-05,8.97485521743141e-05,0.9998681121853936,2,pituitary,0.9998681121853936,919d6f0fb3ca462983d6df6ec06846e41abd9645
densenet121,B,1467,101029,image_level_seed11,3,2,pituitary,2.8297737240352138e-05,5.179113305607688e-05,0.9999199111297036,2,pituitary,0.9999199111297036,919d6f0fb3ca462983d6df6ec06846e41abd9645
densenet121,B,1468,101145,image_level_seed11,1,2,pituitary,0.000964477882136,0.0017483231478925,0.9972871989699712,2,pituitary,0.9972871989699712,919d6f0fb3ca462983d6df6ec06846e41abd9645
densenet121,B,1469,101145,image_level_seed11,4,2,pituitary,0.0014838059409378,0.0001241657037642,0.998392028355298,2,pituitary,0.998392028355298,919d6f0fb3ca462983d6df6ec06846e41abd9645
densenet121,B,1470,101145,image_level_seed11,2,2,pituitary,0.001573005004842,0.0002674480338247,0.9981595469613332,2,pituitary,0.9981595469613332,919d6f0fb3ca462983d6df6ec06846e41abd9645
densenet121,B,1471,101145,image_level_seed11,3,2,pituitary,0.000216523408947,0.0001069986569717,0.9996764779340812,2,pituitary,0.9996764779340812,919d6f0fb3ca462983d6df6ec06846e41abd9645
densenet121,B,1472,101305,image_level_seed11,5,2,pituitary,0.0001502430563274,0.0001483773014213,0.9997013796422513,2,pituitary,0.9997013796422513,919d6f0fb3ca462983d6df6ec06846e41abd9645
densenet121,B,1473,101305,image_level_seed11,2,2,pituitary,0.0007996416655759,0.0028924974971886,0.9963078608372352,2,pituitary,0.9963078608372352,919d6f0fb3ca462983d6df6ec06846e41abd9645
densenet121,B,1474,101305,image_level_seed11,1,2,pituitary,0.0003347614882988,0.0009253332806034,0.9987399052310978,2,pituitary,0.9987399052310978,919d6f0fb3ca462983d6df6ec06846e41abd9645
densenet121,B,1475,101305,image_level_seed11,3,2,pituitary,0.0002717096938859,0.0006370017096637,0.9990912885964504,2,pituitary,0.9990912885964504,919d6f0fb3ca462983d6df6ec06846e41abd9645
densenet121,B,1476,101305,image_level_seed11,5,2,pituitary,0.0001468198634329,0.0004725822521922,0.9993805978843748,2,pituitary,0.9993805978843748,919d6f0fb3ca462983d6df6ec06846e41abd9645
densenet121,B,1477,101305,image_level_seed11,3,2,pituitary,0.0021028977788827,0.00327469330599,0.9946224089151272,2,pituitary,0.9946224089151272,919d6f0fb3ca462983d6df6ec06846e41abd9645
densenet121,B,1478,101305,image_level_seed11,3,2,pituitary,0.0007345667739158,0.0030607293061955,0.9962047039198888,2,pituitary,0.9962047039198888,919d6f0fb3ca462983d6df6ec06846e41abd9645
densenet121,B,1479,101305,image_level_seed11,4,2,pituitary,0.0009338204618427,0.0006233032114343,0.998442876326723,2,pituitary,0.998442876326723,919d6f0fb3ca462983d6df6ec06846e41abd9645
densenet121,B,1480,101724,image_level_seed11,2,2,pituitary,0.0003027569037468,0.0015212121183862,0.9981760309778668,2,pituitary,0.9981760309778668,919d6f0fb3ca462983d6df6ec06846e41abd9645
densenet121,B,1481,101724,image_level_seed11,2,2,pituitary,0.000434003225756,0.0013782505548854,0.9981877462193584,2,pituitary,0.9981877462193584,919d6f0fb3ca462983d6df6ec06846e41abd9645
densenet121,B,1482,101724,image_level_seed11,2,2,pituitary,0.0004277783336629,0.0028411606008889,0.9967310610654482,2,pituitary,0.9967310610654482,919d6f0fb3ca462983d6df6ec06846e41abd9645
densenet121,B,1483,102648,image_level_seed11,3,2,pituitary,0.0006254650977435,0.0051567231849767,0.9942178117172796,2,pituitary,0.9942178117172796,919d6f0fb3ca462983d6df6ec06846e41abd9645
densenet121,B,1484,102648,image_level_seed11,4,2,pituitary,0.0001715401449289,0.0008210587140812,0.9990074011409898,2,pituitary,0.9990074011409898,919d6f0fb3ca462983d6df6ec06846e41abd9645
densenet121,B,1485,102648,image_level_seed11,5,2,pituitary,0.0009280414585452,0.0042549299569871,0.9948170285844676,2,pituitary,0.9948170285844676,919d6f0fb3ca462983d6df6ec06846e41abd9645
densenet121,B,1486,102648,image_level_seed11,5,2,pituitary,0.0003826317522629,0.004662158688107,0.99495520955963,2,pituitary,0.99495520955963,919d6f0fb3ca462983d6df6ec06846e41abd9645
densenet121,B,1487,102669,image_level_seed11,2,2,pituitary,0.0005171134158513,0.0024893364438417,0.9969935501403068,2,pituitary,0.9969935501403068,919d6f0fb3ca462983d6df6ec06846e41abd9645
densenet121,B,1488,102669,image_level_seed11,1,2,pituitary,0.0005232594853737,0.0048484094472848,0.9946283310673412,2,pituitary,0.9946283310673412,919d6f0fb3ca462983d6df6ec06846e41abd9645
densenet121,B,1489,103046,image_level_seed11,1,2,pituitary,6.385502451063078e-05,0.0001597886234452,0.9997763563520442,2,pituitary,0.9997763563520442,919d6f0fb3ca462983d6df6ec06846e41abd9645
densenet121,B,1490,103046,image_level_seed11,2,2,pituitary,0.0001332966468961,0.0001762683344808,0.999690435018623,2,pituitary,0.999690435018623,919d6f0fb3ca462983d6df6ec06846e41abd9645
densenet121,B,1491,103046,image_level_seed11,1,2,pituitary,0.0001776774088685,0.0004332021469198,0.9993891204442116,2,pituitary,0.9993891204442116,919d6f0fb3ca462983d6df6ec06846e41abd9645
densenet121,B,1492,103046,image_level_seed11,3,2,pituitary,7.290999103599279e-05,0.0001737668105372,0.9997533231984268,2,pituitary,0.9997533231984268,919d6f0fb3ca462983d6df6ec06846e41abd9645
densenet121,B,1493,103257,image_level_seed11,4,2,pituitary,0.0001657749095765,0.0001082643269658,0.9997259607634577,2,pituitary,0.9997259607634577,919d6f0fb3ca462983d6df6ec06846e41abd9645
densenet121,B,1494,103257,image_level_seed11,1,2,pituitary,6.016036576287527e-05,4.7598062784496095e-05,0.9998922415714528,2,pituitary,0.9998922415714528,919d6f0fb3ca462983d6df6ec06846e41abd9645
densenet121,B,1495,103257,image_level_seed11,5,2,pituitary,0.0001471939918369,4.313576712970756e-05,0.9998096702410334,2,pituitary,0.9998096702410334,919d6f0fb3ca462983d6df6ec06846e41abd9645
densenet121,B,1496,103257,image_level_seed11,2,2,pituitary,0.0001472864296534,6.635693890446821e-05,0.999786356631442,2,pituitary,0.999786356631442,919d6f0fb3ca462983d6df6ec06846e41abd9645
densenet121,B,1497,103257,image_level_seed11,1,2,pituitary,7.341144473973224e-05,2.4886432556356905e-05,0.999901702122704,2,pituitary,0.999901702122704,919d6f0fb3ca462983d6df6ec06846e41abd9645
densenet121,B,1498,103478,image_level_seed11,4,2,pituitary,0.0003901791777381,0.0002703834242496,0.9993394373980122,2,pituitary,0.9993394373980122,919d6f0fb3ca462983d6df6ec06846e41abd9645
densenet121,B,1499,103478,image_level_seed11,1,2,pituitary,0.0007325092950855,0.0004139590435259,0.9988535316613886,2,pituitary,0.9988535316613886,919d6f0fb3ca462983d6df6ec06846e41abd9645
densenet121,B,1500,103478,image_level_seed11,3,2,pituitary,3.865750138348603e-05,1.9769148095518535e-05,0.9999415733505208,2,pituitary,0.9999415733505208,919d6f0fb3ca462983d6df6ec06846e41abd9645
densenet121,B,1501,103478,image_level_seed11,4,2,pituitary,8.258334791707184e-05,0.0001039353900326,0.9998134812620504,2,pituitary,0.9998134812620504,919d6f0fb3ca462983d6df6ec06846e41abd9645
densenet121,B,1502,103478,image_level_seed11,3,2,pituitary,6.943870305427088e-05,0.0003277631145067,0.9996027981824388,2,pituitary,0.9996027981824388,919d6f0fb3ca462983d6df6ec06846e41abd9645
densenet121,B,1503,103478,image_level_seed11,5,2,pituitary,0.0001755715770392,0.0002994371033931,0.9995249913195676,2,pituitary,0.9995249913195676,919d6f0fb3ca462983d6df6ec06846e41abd9645
densenet121,B,1504,103478,image_level_seed11,3,2,pituitary,0.0001504648587723,0.0004025717308905,0.9994469634103372,2,pituitary,0.9994469634103372,919d6f0fb3ca462983d6df6ec06846e41abd9645
densenet121,B,1505,103478,image_level_seed11,2,2,pituitary,0.0009379718910584,0.0036230568731395,0.995438971235802,2,pituitary,0.995438971235802,919d6f0fb3ca462983d6df6ec06846e41abd9645
densenet121,B,1506,103582,image_level_seed11,3,2,pituitary,5.952254643962074e-05,2.2811856823158613e-05,0.9999176655967372,2,pituitary,0.9999176655967372,919d6f0fb3ca462983d6df6ec06846e41abd9645
densenet121,B,1507,103582,image_level_seed11,2,2,pituitary,0.0001224929656628,2.9541419243478526e-05,0.9998479656150936,2,pituitary,0.9998479656150936,919d6f0fb3ca462983d6df6ec06846e41abd9645
densenet121,B,1508,103582,image_level_seed11,1,2,pituitary,0.0013508215884067,0.0003176437180872,0.998331534693506,2,pituitary,0.998331534693506,919d6f0fb3ca462983d6df6ec06846e41abd9645
densenet121,B,1509,103582,image_level_seed11,5,2,pituitary,0.0002572257027648,5.5117583040610137e-05,0.9996876567141944,2,pituitary,0.9996876567141944,919d6f0fb3ca462983d6df6ec06846e41abd9645
densenet121,B,1510,103582,image_level_seed11,5,2,pituitary,0.0001051526066831,3.45794522032755e-05,0.9998602679411136,2,pituitary,0.9998602679411136,919d6f0fb3ca462983d6df6ec06846e41abd9645
densenet121,B,1511,103670,image_level_seed11,5,2,pituitary,6.566400232372493e-05,9.043122897150814e-05,0.9998439047687048,2,pituitary,0.9998439047687048,919d6f0fb3ca462983d6df6ec06846e41abd9645
densenet121,B,1512,103670,image_level_seed11,3,2,pituitary,9.561171854606372e-05,6.4591218862382e-05,0.9998397970625916,2,pituitary,0.9998397970625916,919d6f0fb3ca462983d6df6ec06846e41abd9645
densenet121,B,1513,103670,image_level_seed11,5,2,pituitary,0.0006671365624871,9.366200688332597e-05,0.9992392014306296,2,pituitary,0.9992392014306296,919d6f0fb3ca462983d6df6ec06846e41abd9645
densenet121,B,1514,103670,image_level_seed11,3,2,pituitary,0.0004328344162073,0.0001515763385327,0.99941558924526,2,pituitary,0.99941558924526,919d6f0fb3ca462983d6df6ec06846e41abd9645
densenet121,B,1515,103671,image_level_seed11,3,2,pituitary,0.0006998582671575,0.0010505247789832,0.9982496169538592,2,pituitary,0.9982496169538592,919d6f0fb3ca462983d6df6ec06846e41abd9645
densenet121,B,1516,103671,image_level_seed11,2,2,pituitary,0.0002526129309485,0.0007873953343905,0.998959991734661,2,pituitary,0.998959991734661,919d6f0fb3ca462983d6df6ec06846e41abd9645
densenet121,B,1517,103671,image_level_seed11,5,2,pituitary,9.649499334033983e-05,0.0001381514002044,0.9997653536064552,2,pituitary,0.9997653536064552,919d6f0fb3ca462983d6df6ec06846e41abd9645
densenet121,B,1518,103671,image_level_seed11,1,2,pituitary,0.0001782682271643,0.0002694074198223,0.9995523243530132,2,pituitary,0.9995523243530132,919d6f0fb3ca462983d6df6ec06846e41abd9645
densenet121,B,1519,103671,image_level_seed11,3,2,pituitary,0.0004437376732109,0.0002402148874501,0.9993160474393388,2,pituitary,0.9993160474393388,919d6f0fb3ca462983d6df6ec06846e41abd9645
densenet121,B,1520,103671,image_level_seed11,3,2,pituitary,0.0002673534844895,0.0002309558475711,0.9995016906679391,2,pituitary,0.9995016906679391,919d6f0fb3ca462983d6df6ec06846e41abd9645
densenet121,B,1521,103731,image_level_seed11,1,2,pituitary,0.0012333797279484,0.0026648139259289,0.9961018063461226,2,pituitary,0.9961018063461226,919d6f0fb3ca462983d6df6ec06846e41abd9645
densenet121,B,1522,103731,image_level_seed11,4,2,pituitary,0.0003989316197272,0.0003818813928417,0.999219186987431,2,pituitary,0.999219186987431,919d6f0fb3ca462983d6df6ec06846e41abd9645
densenet121,B,1523,103731,image_level_seed11,2,2,pituitary,0.0002861369589211,0.0009288309143925,0.9987850321266863,2,pituitary,0.9987850321266863,919d6f0fb3ca462983d6df6ec06846e41abd9645
densenet121,B,1524,103731,image_level_seed11,5,2,pituitary,0.0006224595991118,0.0013774870185476,0.9980000533823404,2,pituitary,0.9980000533823404,919d6f0fb3ca462983d6df6ec06846e41abd9645
densenet121,B,1525,103731,image_level_seed11,1,2,pituitary,0.0014958520970606,0.0024835490049174,0.996020598898022,2,pituitary,0.996020598898022,919d6f0fb3ca462983d6df6ec06846e41abd9645
densenet121,B,1526,103731,image_level_seed11,3,2,pituitary,0.0019624594821862,0.0019554145531282,0.9960821259646854,2,pituitary,0.9960821259646854,919d6f0fb3ca462983d6df6ec06846e41abd9645
densenet121,B,1527,103731,image_level_seed11,3,2,pituitary,0.0017059842916781,0.0004381148258462,0.9978559008824758,2,pituitary,0.9978559008824758,919d6f0fb3ca462983d6df6ec06846e41abd9645
densenet121,B,1528,103837,image_level_seed11,4,2,pituitary,0.0005562053151687,0.0002814618281349,0.9991623328566964,2,pituitary,0.9991623328566964,919d6f0fb3ca462983d6df6ec06846e41abd9645
densenet121,B,1529,103837,image_level_seed11,3,2,pituitary,0.0001195186226878,7.802096707597098e-05,0.999802460410236,2,pituitary,0.999802460410236,919d6f0fb3ca462983d6df6ec06846e41abd9645
densenet121,B,1530,103837,image_level_seed11,5,2,pituitary,9.648780890916746e-05,9.05550098665654e-05,0.9998129571812242,2,pituitary,0.9998129571812242,919d6f0fb3ca462983d6df6ec06846e41abd9645
densenet121,B,1531,103837,image_level_seed11,3,2,pituitary,0.0004659952443942,0.0004309185358431,0.9991030862197624,2,pituitary,0.9991030862197624,919d6f0fb3ca462983d6df6ec06846e41abd9645
densenet121,B,1532,103837,image_level_seed11,5,2,pituitary,9.225041570274984e-05,7.826904813279153e-05,0.9998294805361644,2,pituitary,0.9998294805361644,919d6f0fb3ca462983d6df6ec06846e41abd9645
densenet121,B,1533,104019,image_level_seed11,1,2,pituitary,6.902046092697873e-05,0.0018207504026228,0.9981102291364502,2,pituitary,0.9981102291364502,919d6f0fb3ca462983d6df6ec06846e41abd9645
densenet121,B,1534,104019,image_level_seed11,3,2,pituitary,7.055991754302723e-05,3.5431376648212145e-05,0.9998940087058088,2,pituitary,0.9998940087058088,919d6f0fb3ca462983d6df6ec06846e41abd9645
densenet121,B,1535,104019,image_level_seed11,2,2,pituitary,4.568504597905619e-05,0.0001976408423795,0.9997566741116414,2,pituitary,0.9997566741116414,919d6f0fb3ca462983d6df6ec06846e41abd9645
densenet121,B,1536,104019,image_level_seed11,3,2,pituitary,7.46425292359942e-05,0.0001765090986118,0.999748848372152,2,pituitary,0.999748848372152,919d6f0fb3ca462983d6df6ec06846e41abd9645
densenet121,B,1537,104019,image_level_seed11,2,2,pituitary,0.0002313101875125,0.0030523844621543,0.996716305350333,2,pituitary,0.996716305350333,919d6f0fb3ca462983d6df6ec06846e41abd9645
densenet121,B,1538,104558,image_level_seed11,3,2,pituitary,0.0007739270567861,5.446721377075693e-05,0.9991716057294432,2,pituitary,0.9991716057294432,919d6f0fb3ca462983d6df6ec06846e41abd9645
densenet121,B,1539,104558,image_level_seed11,4,2,pituitary,0.0165192600835934,0.0002712940891856,0.9832094458272208,2,pituitary,0.9832094458272208,919d6f0fb3ca462983d6df6ec06846e41abd9645
densenet121,B,1540,104558,image_level_seed11,2,2,pituitary,0.0004233650470911,0.0001726874647501,0.9994039474881588,2,pituitary,0.9994039474881588,919d6f0fb3ca462983d6df6ec06846e41abd9645
densenet121,B,1541,104558,image_level_seed11,4,2,pituitary,0.0093267874491108,8.558590066795034e-05,0.9905876266502212,2,pituitary,0.9905876266502212,919d6f0fb3ca462983d6df6ec06846e41abd9645
densenet121,B,1542,104558,image_level_seed11,4,2,pituitary,0.0021695096514875,0.0002407873671001,0.9975897029814124,2,pituitary,0.9975897029814124,919d6f0fb3ca462983d6df6ec06846e41abd9645
densenet121,B,1543,104558,image_level_seed11,4,2,pituitary,0.0108057001250549,0.0001330691760859,0.9890612306988592,2,pituitary,0.9890612306988592,919d6f0fb3ca462983d6df6ec06846e41abd9645
densenet121,B,1544,104558,image_level_seed11,2,2,pituitary,0.000795890997869,0.0045382774074096,0.9946658315947212,2,pituitary,0.9946658315947212,919d6f0fb3ca462983d6df6ec06846e41abd9645
densenet121,B,1545,104684,image_level_seed11,4,2,pituitary,0.0011075814043377,0.0007365458157387,0.9981558727799236,2,pituitary,0.9981558727799236,919d6f0fb3ca462983d6df6ec06846e41abd9645
densenet121,B,1546,104684,image_level_seed11,5,2,pituitary,0.0001000812162484,0.0001660514182002,0.9997338673655513,2,pituitary,0.9997338673655513,919d6f0fb3ca462983d6df6ec06846e41abd9645
densenet121,B,1547,104684,image_level_seed11,1,2,pituitary,0.0003127347408513,0.0002989165114073,0.9993883487477412,2,pituitary,0.9993883487477412,919d6f0fb3ca462983d6df6ec06846e41abd9645
densenet121,B,1548,104684,image_level_seed11,4,2,pituitary,0.0001059795266997,5.902433267429225e-05,0.999834996140626,2,pituitary,0.999834996140626,919d6f0fb3ca462983d6df6ec06846e41abd9645
densenet121,B,1549,104684,image_level_seed11,5,2,pituitary,0.0002927983574612,0.0002363540475931,0.9994708475949456,2,pituitary,0.9994708475949456,919d6f0fb3ca462983d6df6ec06846e41abd9645
densenet121,B,1550,104684,image_level_seed11,5,2,pituitary,0.0001460271181991,0.0002527736305053,0.9996011992512954,2,pituitary,0.9996011992512954,919d6f0fb3ca462983d6df6ec06846e41abd9645
densenet121,B,1551,104684,image_level_seed11,5,2,pituitary,7.27249979060667e-05,7.852026748058805e-05,0.9998487547346132,2,pituitary,0.9998487547346132,919d6f0fb3ca462983d6df6ec06846e41abd9645
densenet121,B,1552,104912,image_level_seed11,4,2,pituitary,0.0003349468444865,0.0020822723554272,0.9975827808000864,2,pituitary,0.9975827808000864,919d6f0fb3ca462983d6df6ec06846e41abd9645
densenet121,B,1553,104912,image_level_seed11,3,2,pituitary,7.150478205258809e-05,0.0001591599951977,0.9997693352227496,2,pituitary,0.9997693352227496,919d6f0fb3ca462983d6df6ec06846e41abd9645
densenet121,B,1554,104912,image_level_seed11,2,2,pituitary,0.1845019202241332,0.0024222148231827,0.813075864952684,2,pituitary,0.813075864952684,919d6f0fb3ca462983d6df6ec06846e41abd9645
densenet121,B,1555,104912,image_level_seed11,5,2,pituitary,0.0003628904584665,0.0002560206035164,0.999381088938017,2,pituitary,0.999381088938017,919d6f0fb3ca462983d6df6ec06846e41abd9645
densenet121,B,1556,104912,image_level_seed11,5,2,pituitary,0.0007155118922005,0.0011915586536424,0.9980929294541572,2,pituitary,0.9980929294541572,919d6f0fb3ca462983d6df6ec06846e41abd9645
densenet121,B,1557,105187,image_level_seed11,2,2,pituitary,6.075709742442048e-05,0.0003355598500567,0.9996036830525188,2,pituitary,0.9996036830525188,919d6f0fb3ca462983d6df6ec06846e41abd9645
densenet121,B,1558,105187,image_level_seed11,3,2,pituitary,9.22193331102744e-05,0.0003363002099717,0.999571480456918,2,pituitary,0.999571480456918,919d6f0fb3ca462983d6df6ec06846e41abd9645
densenet121,B,1559,105187,image_level_seed11,5,2,pituitary,2.641188472918572e-05,3.8118982494161606e-05,0.9999354691327764,2,pituitary,0.9999354691327764,919d6f0fb3ca462983d6df6ec06846e41abd9645
densenet121,B,1560,105187,image_level_seed11,4,2,pituitary,2.9070688538891065e-05,1.3247796511001334e-05,0.99995768151495,2,pituitary,0.99995768151495,919d6f0fb3ca462983d6df6ec06846e41abd9645
densenet121,B,1561,105187,image_level_seed11,4,2,pituitary,2.5682357311436043e-05,2.5424098097280044e-05,0.9999488935445912,2,pituitary,0.9999488935445912,919d6f0fb3ca462983d6df6ec06846e41abd9645
densenet121,B,1562,105187,image_level_seed11,3,2,pituitary,0.0001030254532488,0.0003614245979105,0.9995355499488406,2,pituitary,0.9995355499488406,919d6f0fb3ca462983d6df6ec06846e41abd9645
densenet121,B,1563,105475,image_level_seed11,1,2,pituitary,0.0001798622534292,0.0012164046739895,0.9986037330725812,2,pituitary,0.9986037330725812,919d6f0fb3ca462983d6df6ec06846e41abd9645
densenet121,B,1564,105475,image_level_seed11,1,2,pituitary,0.000770269682353,0.0059829497699011,0.9932467805477458,2,pituitary,0.9932467805477458,919d6f0fb3ca462983d6df6ec06846e41abd9645
densenet121,B,1565,105475,image_level_seed11,3,2,pituitary,0.0005480310759794,0.0012329629586223,0.9982190059653984,2,pituitary,0.9982190059653984,919d6f0fb3ca462983d6df6ec06846e41abd9645
densenet121,B,1566,105538,image_level_seed11,4,2,pituitary,0.1247713979324037,0.0112282619784097,0.8640003400891866,2,pituitary,0.8640003400891866,919d6f0fb3ca462983d6df6ec06846e41abd9645
densenet121,B,1567,105538,image_level_seed11,3,2,pituitary,0.2525418109929802,0.0111692717567217,0.7362889172502981,2,pituitary,0.7362889172502981,919d6f0fb3ca462983d6df6ec06846e41abd9645
densenet121,B,1568,105638,image_level_seed11,2,2,pituitary,0.0001583516104581,0.0003989245062544,0.9994427238832873,2,pituitary,0.9994427238832873,919d6f0fb3ca462983d6df6ec06846e41abd9645
densenet121,B,1569,105638,image_level_seed11,4,2,pituitary,3.461427916982677e-05,3.355188546446808e-05,0.9999318338353655,2,pituitary,0.9999318338353655,919d6f0fb3ca462983d6df6ec06846e41abd9645
densenet121,B,1570,105638,image_level_seed11,2,2,pituitary,0.0001794347902907,0.0004487356755446,0.9993718295341648,2,pituitary,0.9993718295341648,919d6f0fb3ca462983d6df6ec06846e41abd9645
densenet121,B,1571,105638,image_level_seed11,2,2,pituitary,0.000516854750074,0.0009506114566721,0.9985325337932538,2,pituitary,0.9985325337932538,919d6f0fb3ca462983d6df6ec06846e41abd9645
densenet121,B,1572,105638,image_level_seed11,2,2,pituitary,0.0002196761200388,0.0004600458975544,0.9993202779824067,2,pituitary,0.9993202779824067,919d6f0fb3ca462983d6df6ec06846e41abd9645
densenet121,B,1573,97416,image_level_seed11,2,2,pituitary,0.0021660103150877,0.0312598579208599,0.9665741317640522,2,pituitary,0.9665741317640522,919d6f0fb3ca462983d6df6ec06846e41abd9645
densenet121,B,1574,97416,image_level_seed11,2,2,pituitary,0.000718567125581,0.0028966832218755,0.9963847496525434,2,pituitary,0.9963847496525434,919d6f0fb3ca462983d6df6ec06846e41abd9645
densenet121,B,1575,97416,image_level_seed11,3,2,pituitary,5.929115586435996e-05,6.020837414856707e-05,0.9998805004699872,2,pituitary,0.9998805004699872,919d6f0fb3ca462983d6df6ec06846e41abd9645
densenet121,B,1576,97416,image_level_seed11,1,2,pituitary,0.0005684866315466,0.0002737409375473,0.999157772430906,2,pituitary,0.999157772430906,919d6f0fb3ca462983d6df6ec06846e41abd9645
densenet121,B,1577,97416,image_level_seed11,2,2,pituitary,0.0002581205866585,0.0001222463492074,0.999619633064134,2,pituitary,0.999619633064134,919d6f0fb3ca462983d6df6ec06846e41abd9645
densenet121,B,1578,97416,image_level_seed11,3,2,pituitary,0.0005139648534462,2.983783306514594e-05,0.9994561973134888,2,pituitary,0.9994561973134888,919d6f0fb3ca462983d6df6ec06846e41abd9645
densenet121,B,1579,97416,image_level_seed11,4,2,pituitary,8.994120345330722e-05,0.000189567639024,0.9997204911575228,2,pituitary,0.9997204911575228,919d6f0fb3ca462983d6df6ec06846e41abd9645
densenet121,B,1580,97416,image_level_seed11,4,2,pituitary,0.0006818362067809,0.0007513788508683,0.9985667849423508,2,pituitary,0.9985667849423508,919d6f0fb3ca462983d6df6ec06846e41abd9645
densenet121,B,1581,97461,image_level_seed11,5,2,pituitary,5.099056929517824e-05,0.000384477052646,0.9995645323780588,2,pituitary,0.9995645323780588,919d6f0fb3ca462983d6df6ec06846e41abd9645
densenet121,B,1582,97461,image_level_seed11,4,2,pituitary,2.5832297311446285e-05,1.4262844464401264e-05,0.9999599048582242,2,pituitary,0.9999599048582242,919d6f0fb3ca462983d6df6ec06846e41abd9645
densenet121,B,1583,97461,image_level_seed11,3,2,pituitary,2.0031204124614708e-05,6.066018119315253e-05,0.9999193086146824,2,pituitary,0.9999193086146824,919d6f0fb3ca462983d6df6ec06846e41abd9645
densenet121,B,1584,97461,image_level_seed11,2,2,pituitary,3.999409845606398e-05,3.706286708370338e-05,0.9999229430344604,2,pituitary,0.9999229430344604,919d6f0fb3ca462983d6df6ec06846e41abd9645
densenet121,B,1585,97461,image_level_seed11,3,2,pituitary,6.180362339020876e-05,0.0001133971009126,0.9998247992756972,2,pituitary,0.9998247992756972,919d6f0fb3ca462983d6df6ec06846e41abd9645
densenet121,B,1586,97461,image_level_seed11,5,2,pituitary,4.814782797415683e-05,0.0001000792270613,0.9998517729449644,2,pituitary,0.9998517729449644,919d6f0fb3ca462983d6df6ec06846e41abd9645
densenet121,B,1587,97461,image_level_seed11,4,2,pituitary,0.0005777904711644,0.0006733188839777,0.9987488906448576,2,pituitary,0.9987488906448576,919d6f0fb3ca462983d6df6ec06846e41abd9645
densenet121,B,1588,97461,image_level_seed11,3,2,pituitary,7.723385049029382e-05,8.484445013958289e-05,0.9998379216993702,2,pituitary,0.9998379216993702,919d6f0fb3ca462983d6df6ec06846e41abd9645
densenet121,B,1589,97481,image_level_seed11,5,2,pituitary,8.232224500109381e-05,0.0003475696074041,0.9995701081475948,2,pituitary,0.9995701081475948,919d6f0fb3ca462983d6df6ec06846e41abd9645
densenet121,B,1590,97481,image_level_seed11,3,2,pituitary,0.0002241661621547,0.0004871056573842,0.9992887281804612,2,pituitary,0.9992887281804612,919d6f0fb3ca462983d6df6ec06846e41abd9645
densenet121,B,1591,97481,image_level_seed11,2,2,pituitary,9.315748675601966e-05,0.0001229118424384,0.9997839306708056,2,pituitary,0.9997839306708056,919d6f0fb3ca462983d6df6ec06846e41abd9645
densenet121,B,1592,97481,image_level_seed11,2,2,pituitary,8.087109440343467e-05,0.0001772490666889,0.9997418798389076,2,pituitary,0.9997418798389076,919d6f0fb3ca462983d6df6ec06846e41abd9645
densenet121,B,1593,97481,image_level_seed11,4,2,pituitary,0.0006101203901016,0.000210877202343,0.9991790024075552,2,pituitary,0.9991790024075552,919d6f0fb3ca462983d6df6ec06846e41abd9645
densenet121,B,1594,97599,image_level_seed11,1,2,pituitary,7.038991953745809e-05,7.050398020928326e-05,0.9998591061002532,2,pituitary,0.9998591061002532,919d6f0fb3ca462983d6df6ec06846e41abd9645
densenet121,B,1595,97599,image_level_seed11,1,2,pituitary,7.644489893905488e-05,0.0001038867569144,0.9998196683441464,2,pituitary,0.9998196683441464,919d6f0fb3ca462983d6df6ec06846e41abd9645
densenet121,B,1596,97890,image_level_seed11,2,2,pituitary,0.0002793061320368,0.0029359355806045,0.9967847582873588,2,pituitary,0.9967847582873588,919d6f0fb3ca462983d6df6ec06846e41abd9645
densenet121,B,1597,97890,image_level_seed11,2,2,pituitary,0.0002169174151897,0.0002912040457069,0.9994918785391036,2,pituitary,0.9994918785391036,919d6f0fb3ca462983d6df6ec06846e41abd9645
densenet121,B,1598,97890,image_level_seed11,3,2,pituitary,7.456703805614438e-05,0.0005281347015217,0.9993972982604222,2,pituitary,0.9993972982604222,919d6f0fb3ca462983d6df6ec06846e41abd9645
densenet121,B,1599,97890,image_level_seed11,2,2,pituitary,7.835992061441458e-05,0.0004058453189433,0.9995157947604424,2,pituitary,0.9995157947604424,919d6f0fb3ca462983d6df6ec06846e41abd9645
densenet121,B,1600,98472,image_level_seed11,2,2,pituitary,0.0015808630630039,0.0005587378282863,0.9978603991087096,2,pituitary,0.9978603991087096,919d6f0fb3ca462983d6df6ec06846e41abd9645
densenet121,B,1601,98472,image_level_seed11,2,2,pituitary,0.007906317613763,0.0003881903215223,0.9917054920647146,2,pituitary,0.9917054920647146,919d6f0fb3ca462983d6df6ec06846e41abd9645
densenet121,B,1602,98472,image_level_seed11,2,2,pituitary,0.001986216615945,0.0002295766359894,0.9977842067480654,2,pituitary,0.9977842067480654,919d6f0fb3ca462983d6df6ec06846e41abd9645
densenet121,B,1603,98472,image_level_seed11,5,2,pituitary,0.0003097836673368,0.0001047563177316,0.9995854600149314,2,pituitary,0.9995854600149314,919d6f0fb3ca462983d6df6ec06846e41abd9645
densenet121,B,1604,98472,image_level_seed11,3,2,pituitary,0.0004809968576606,0.0004169137835465,0.9991020893587929,2,pituitary,0.9991020893587929,919d6f0fb3ca462983d6df6ec06846e41abd9645
densenet121,B,1605,98652,image_level_seed11,5,2,pituitary,0.0002951668833107,0.0003892505716818,0.9993155825450074,2,pituitary,0.9993155825450074,919d6f0fb3ca462983d6df6ec06846e41abd9645
densenet121,B,1606,98652,image_level_seed11,2,2,pituitary,0.0003441265638369,0.0005142057404252,0.9991416676957378,2,pituitary,0.9991416676957378,919d6f0fb3ca462983d6df6ec06846e41abd9645
densenet121,B,1607,98652,image_level_seed11,1,2,pituitary,0.0002963181490204,0.0002914590789104,0.9994122227720692,2,pituitary,0.9994122227720692,919d6f0fb3ca462983d6df6ec06846e41abd9645
densenet121,B,1608,98652,image_level_seed11,5,2,pituitary,0.0003914516746203,0.0005412428948676,0.999067305430512,2,pituitary,0.999067305430512,919d6f0fb3ca462983d6df6ec06846e41abd9645
densenet121,B,1609,98871,image_level_seed11,2,2,pituitary,0.0001203728646635,0.0018734553325897,0.9980061718027468,2,pituitary,0.9980061718027468,919d6f0fb3ca462983d6df6ec06846e41abd9645
densenet121,B,1610,98871,image_level_seed11,2,2,pituitary,4.127213803862319e-05,0.0001533205410068,0.9998054073209544,2,pituitary,0.9998054073209544,919d6f0fb3ca462983d6df6ec06846e41abd9645
densenet121,B,1611,98871,image_level_seed11,4,2,pituitary,0.0001793591847805,0.0002747783802516,0.9995458624349678,2,pituitary,0.9995458624349678,919d6f0fb3ca462983d6df6ec06846e41abd9645
densenet121,B,1612,98871,image_level_seed11,3,2,pituitary,5.374937022649698e-05,0.0001261830475613,0.9998200675822122,2,pituitary,0.9998200675822122,919d6f0fb3ca462983d6df6ec06846e41abd9645
densenet121,B,1613,98871,image_level_seed11,1,2,pituitary,0.0001336779913198,0.0013949372534847,0.9984713847551954,2,pituitary,0.9984713847551954,919d6f0fb3ca462983d6df6ec06846e41abd9645
densenet121,B,1614,98871,image_level_seed11,4,2,pituitary,7.436695495748155e-05,0.0006466441521905,0.999278988892852,2,pituitary,0.999278988892852,919d6f0fb3ca462983d6df6ec06846e41abd9645
densenet121,B,1615,98871,image_level_seed11,1,2,pituitary,0.0005092951229972,0.0225758767205018,0.9769148281565008,2,pituitary,0.9769148281565008,919d6f0fb3ca462983d6df6ec06846e41abd9645
densenet121,B,1616,98874,image_level_seed11,5,2,pituitary,0.0033348239037136,0.0086070907132884,0.988058085382998,2,pituitary,0.988058085382998,919d6f0fb3ca462983d6df6ec06846e41abd9645
densenet121,B,1617,98874,image_level_seed11,1,2,pituitary,0.0010428619829985,0.0004037736841746,0.9985533643328268,2,pituitary,0.9985533643328268,919d6f0fb3ca462983d6df6ec06846e41abd9645
densenet121,B,1618,98874,image_level_seed11,3,2,pituitary,8.019417196797211e-05,0.0001099228991379,0.9998098829288942,2,pituitary,0.9998098829288942,919d6f0fb3ca462983d6df6ec06846e41abd9645
densenet121,B,1619,98874,image_level_seed11,5,2,pituitary,0.0001004507532061,5.927354857915854e-05,0.9998402756982148,2,pituitary,0.9998402756982148,919d6f0fb3ca462983d6df6ec06846e41abd9645
densenet121,B,1620,98874,image_level_seed11,4,2,pituitary,0.0008279085101864,1.6194761454500135e-05,0.999155896728359,2,pituitary,0.999155896728359,919d6f0fb3ca462983d6df6ec06846e41abd9645
densenet121,B,1621,98992,image_level_seed11,5,2,pituitary,0.0004976796229852,0.0079242278561641,0.9915780925208506,2,pituitary,0.9915780925208506,919d6f0fb3ca462983d6df6ec06846e41abd9645
densenet121,B,1622,98992,image_level_seed11,2,2,pituitary,0.0005591753922261,0.0052987944621478,0.994142030145626,2,pituitary,0.994142030145626,919d6f0fb3ca462983d6df6ec06846e41abd9645
densenet121,B,1623,98992,image_level_seed11,3,2,pituitary,0.0001146601840075,0.0001987102737932,0.9996866295421992,2,pituitary,0.9996866295421992,919d6f0fb3ca462983d6df6ec06846e41abd9645
densenet121,B,1624,98992,image_level_seed11,3,2,pituitary,0.000185394883941,6.530503727191259e-05,0.999749300078787,2,pituitary,0.999749300078787,919d6f0fb3ca462983d6df6ec06846e41abd9645
densenet121,B,1625,98992,image_level_seed11,3,2,pituitary,0.0001734661761187,5.458525890596599e-05,0.9997719485649752,2,pituitary,0.9997719485649752,919d6f0fb3ca462983d6df6ec06846e41abd9645
densenet121,B,1626,98992,image_level_seed11,5,2,pituitary,0.001259603595656,0.0003302284921413,0.9984101679122026,2,pituitary,0.9984101679122026,919d6f0fb3ca462983d6df6ec06846e41abd9645
densenet121,B,1627,98992,image_level_seed11,5,2,pituitary,0.0021809910766094,0.0011196427406105,0.99669936618278,2,pituitary,0.99669936618278,919d6f0fb3ca462983d6df6ec06846e41abd9645
densenet121,B,1628,98995,image_level_seed11,1,2,pituitary,0.0005430833453197,0.000656074358563,0.9988008422961172,2,pituitary,0.9988008422961172,919d6f0fb3ca462983d6df6ec06846e41abd9645
densenet121,B,1629,98995,image_level_seed11,3,2,pituitary,0.0001627137593162,0.0001477429682208,0.999689543272463,2,pituitary,0.999689543272463,919d6f0fb3ca462983d6df6ec06846e41abd9645
densenet121,B,1630,98995,image_level_seed11,3,2,pituitary,0.0001081207700062,3.392833792536657e-05,0.9998579508920684,2,pituitary,0.9998579508920684,919d6f0fb3ca462983d6df6ec06846e41abd9645
densenet121,B,1631,98995,image_level_seed11,4,2,pituitary,4.1538272371079854e-05,7.822170321697495e-06,0.9999506395573072,2,pituitary,0.9999506395573072,919d6f0fb3ca462983d6df6ec06846e41abd9645
densenet121,B,1632,98995,image_level_seed11,4,2,pituitary,2.5956685311841004e-05,1.2470697768349317e-05,0.9999615726169198,2,pituitary,0.9999615726169198,919d6f0fb3ca462983d6df6ec06846e41abd9645
densenet121,B,1633,98995,image_level_seed11,4,2,pituitary,8.035087784443214e-05,2.0369675867058972e-05,0.9998992794462884,2,pituitary,0.9998992794462884,919d6f0fb3ca462983d6df6ec06846e41abd9645
densenet121,B,1634,99223,image_level_seed11,1,2,pituitary,0.0012033782168688,0.0043307845202429,0.9944658372628884,2,pituitary,0.9944658372628884,919d6f0fb3ca462983d6df6ec06846e41abd9645
densenet121,B,1635,99223,image_level_seed11,2,2,pituitary,0.0002170532394018,0.0001658426779984,0.9996171040825996,2,pituitary,0.9996171040825996,919d6f0fb3ca462983d6df6ec06846e41abd9645
densenet121,B,1636,99223,image_level_seed11,2,2,pituitary,0.0002430585855863,5.695000547289032e-05,0.9996999914089408,2,pituitary,0.9996999914089408,919d6f0fb3ca462983d6df6ec06846e41abd9645
densenet121,B,1637,99223,image_level_seed11,5,2,pituitary,3.461375643427466e-05,3.5064290572572875e-05,0.9999303219529933,2,pituitary,0.9999303219529933,919d6f0fb3ca462983d6df6ec06846e41abd9645
densenet121,B,1638,99223,image_level_seed11,3,2,pituitary,0.000236783479828,0.000107025443314,0.999656191076858,2,pituitary,0.999656191076858,919d6f0fb3ca462983d6df6ec06846e41abd9645
densenet121,B,1639,99223,image_level_seed11,3,2,pituitary,0.0003051905668591,0.000224151013273,0.9994706584198678,2,pituitary,0.9994706584198678,919d6f0fb3ca462983d6df6ec06846e41abd9645
densenet121,B,1640,101017,image_level_seed11,5,2,pituitary,6.899542177726872e-05,9.231806432147712e-05,0.9998386865139012,2,pituitary,0.9998386865139012,919d6f0fb3ca462983d6df6ec06846e41abd9645
densenet121,B,1641,101017,image_level_seed11,4,2,pituitary,0.0001481134466962,9.14520984523872e-05,0.9997604344548512,2,pituitary,0.9997604344548512,919d6f0fb3ca462983d6df6ec06846e41abd9645
densenet121,B,1642,101017,image_level_seed11,3,2,pituitary,3.703841181452887e-05,3.535778188166736e-05,0.999927603806304,2,pituitary,0.999927603806304,919d6f0fb3ca462983d6df6ec06846e41abd9645
densenet121,B,1643,101017,image_level_seed11,3,2,pituitary,1.3825995348966304e-05,5.239363749865362e-05,0.9999337803671524,2,pituitary,0.9999337803671524,919d6f0fb3ca462983d6df6ec06846e41abd9645
densenet121,B,1644,101029,image_level_seed11,3,2,pituitary,9.918223518848814e-06,3.153850379604111e-05,0.9999585432726852,2,pituitary,0.9999585432726852,919d6f0fb3ca462983d6df6ec06846e41abd9645
densenet121,B,1645,101029,image_level_seed11,5,2,pituitary,1.1792212815537352e-05,2.0709087683983658e-05,0.9999674986995004,2,pituitary,0.9999674986995004,919d6f0fb3ca462983d6df6ec06846e41abd9645
densenet121,B,1646,101029,image_level_seed11,1,2,pituitary,2.144610616309609e-05,4.018726012792242e-05,0.999938366633709,2,pituitary,0.999938366633709,919d6f0fb3ca462983d6df6ec06846e41abd9645
densenet121,B,1647,101029,image_level_seed11,5,2,pituitary,1.4311362925244017e-05,1.870048508800105e-05,0.9999669881519868,2,pituitary,0.9999669881519868,919d6f0fb3ca462983d6df6ec06846e41abd9645
densenet121,B,1648,101029,image_level_seed11,4,2,pituitary,8.552596876779615e-06,5.34620544985842e-06,0.9999861011976732,2,pituitary,0.9999861011976732,919d6f0fb3ca462983d6df6ec06846e41abd9645
densenet121,B,1649,101029,image_level_seed11,1,2,pituitary,6.108599360707069e-05,0.0003693637297422,0.9995695502766508,2,pituitary,0.9995695502766508,919d6f0fb3ca462983d6df6ec06846e41abd9645
densenet121,B,1650,101029,image_level_seed11,5,2,pituitary,2.0038967743165043e-05,3.101951659770187e-05,0.9999489415156592,2,pituitary,0.9999489415156592,919d6f0fb3ca462983d6df6ec06846e41abd9645
densenet121,B,1651,101145,image_level_seed11,4,2,pituitary,0.0003899517183974,9.23351086531633e-05,0.9995177131729494,2,pituitary,0.9995177131729494,919d6f0fb3ca462983d6df6ec06846e41abd9645
densenet121,B,1652,101145,image_level_seed11,2,2,pituitary,0.000699829393521,9.012468839647396e-05,0.9992100459180824,2,pituitary,0.9992100459180824,919d6f0fb3ca462983d6df6ec06846e41abd9645
densenet121,B,1653,101145,image_level_seed11,1,2,pituitary,0.0010025609653932,0.0008541529098168,0.99814328612479,2,pituitary,0.99814328612479,919d6f0fb3ca462983d6df6ec06846e41abd9645
densenet121,B,1654,101145,image_level_seed11,5,2,pituitary,8.504111142184449e-05,0.0001552838489926,0.9997596750395854,2,pituitary,0.9997596750395854,919d6f0fb3ca462983d6df6ec06846e41abd9645
densenet121,B,1655,101305,image_level_seed11,2,2,pituitary,0.0001754210570419,0.0005019785355075,0.9993226004074504,2,pituitary,0.9993226004074504,919d6f0fb3ca462983d6df6ec06846e41abd9645
densenet121,B,1656,101305,image_level_seed11,5,2,pituitary,6.16725500843049e-05,5.7445638192386514e-05,0.9998808818117232,2,pituitary,0.9998808818117232,919d6f0fb3ca462983d6df6ec06846e41abd9645
densenet121,B,1657,101305,image_level_seed11,3,2,pituitary,5.489711041000248e-05,0.0001494789932425,0.9997956238963474,2,pituitary,0.9997956238963474,919d6f0fb3ca462983d6df6ec06846e41abd9645
densenet121,B,1658,101305,image_level_seed11,4,2,pituitary,0.0011190981449154,0.0011015356509462,0.9977793662041384,2,pituitary,0.9977793662041384,919d6f0fb3ca462983d6df6ec06846e41abd9645
densenet121,B,1659,101724,image_level_seed11,1,2,pituitary,0.000272681727792,0.0010320261301372,0.9986952921420708,2,pituitary,0.9986952921420708,919d6f0fb3ca462983d6df6ec06846e41abd9645
densenet121,B,1660,101724,image_level_seed11,2,2,pituitary,0.0001023497691294,5.02508756397495e-05,0.9998473993552308,2,pituitary,0.9998473993552308,919d6f0fb3ca462983d6df6ec06846e41abd9645
densenet121,B,1661,101724,image_level_seed11,1,2,pituitary,0.0007551199510256,0.000430098176756,0.9988147818722184,2,pituitary,0.9988147818722184,919d6f0fb3ca462983d6df6ec06846e41abd9645
densenet121,B,1662,101724,image_level_seed11,4,2,pituitary,0.0026357194335976,0.0035010969841544,0.993863183582248,2,pituitary,0.993863183582248,919d6f0fb3ca462983d6df6ec06846e41abd9645
densenet121,B,1663,101724,image_level_seed11,3,2,pituitary,0.0015013009564986,0.0001277987953827,0.9983709002481184,2,pituitary,0.9983709002481184,919d6f0fb3ca462983d6df6ec06846e41abd9645
densenet121,B,1664,101724,image_level_seed11,4,2,pituitary,0.0004209446906019,0.0011033418135683,0.99847571349583,2,pituitary,0.99847571349583,919d6f0fb3ca462983d6df6ec06846e41abd9645
densenet121,B,1665,102648,image_level_seed11,3,2,pituitary,0.0007566543003009,0.003600755740261,0.995642589959438,2,pituitary,0.995642589959438,919d6f0fb3ca462983d6df6ec06846e41abd9645
densenet121,B,1666,102648,image_level_seed11,2,2,pituitary,0.0011187212607284,0.0132942218803311,0.9855870568589404,2,pituitary,0.9855870568589404,919d6f0fb3ca462983d6df6ec06846e41abd9645
densenet121,B,1667,102648,image_level_seed11,5,2,pituitary,0.0009478665348027,0.0254866563638111,0.973565477101386,2,pituitary,0.973565477101386,919d6f0fb3ca462983d6df6ec06846e41abd9645
densenet121,B,1668,102648,image_level_seed11,1,2,pituitary,0.0007296061374011,0.0050293726739543,0.9942410211886444,2,pituitary,0.9942410211886444,919d6f0fb3ca462983d6df6ec06846e41abd9645
densenet121,B,1669,102648,image_level_seed11,1,2,pituitary,0.0027262304651487,0.0051390418389389,0.9921347276959124,2,pituitary,0.9921347276959124,919d6f0fb3ca462983d6df6ec06846e41abd9645
densenet121,B,1670,102648,image_level_seed11,5,2,pituitary,0.0014990021957713,0.0070744413145139,0.9914265564897148,2,pituitary,0.9914265564897148,919d6f0fb3ca462983d6df6ec06846e41abd9645
densenet121,B,1671,102648,image_level_seed11,3,2,pituitary,0.0008110930550442,0.0006554093117844,0.9985334976331712,2,pituitary,0.9985334976331712,919d6f0fb3ca462983d6df6ec06846e41abd9645
densenet121,B,1672,102669,image_level_seed11,1,2,pituitary,0.0005412873375185,0.0013938554418909,0.9980648572205904,2,pituitary,0.9980648572205904,919d6f0fb3ca462983d6df6ec06846e41abd9645
densenet121,B,1673,103046,image_level_seed11,3,2,pituitary,9.675283663667523e-05,5.6224764926299096e-05,0.999847022398437,2,pituitary,0.999847022398437,919d6f0fb3ca462983d6df6ec06846e41abd9645
densenet121,B,1674,103046,image_level_seed11,1,2,pituitary,0.0002482840265604,0.0001302759842424,0.9996214399891972,2,pituitary,0.9996214399891972,919d6f0fb3ca462983d6df6ec06846e41abd9645
densenet121,B,1675,103046,image_level_seed11,1,2,pituitary,0.0001129567939527,0.0003283956609928,0.9995586475450544,2,pituitary,0.9995586475450544,919d6f0fb3ca462983d6df6ec06846e41abd9645
densenet121,B,1676,103046,image_level_seed11,1,2,pituitary,9.408997439123236e-05,0.0002627486324731,0.9996431613931356,2,pituitary,0.9996431613931356,919d6f0fb3ca462983d6df6ec06846e41abd9645
densenet121,B,1677,103257,image_level_seed11,5,2,pituitary,0.0001927359910192,0.0001996465175501,0.9996076174914308,2,pituitary,0.9996076174914308,919d6f0fb3ca462983d6df6ec06846e41abd9645
densenet121,B,1678,103257,image_level_seed11,3,2,pituitary,0.0001524836599231,1.5839279957133124e-05,0.9998316770601198,2,pituitary,0.9998316770601198,919d6f0fb3ca462983d6df6ec06846e41abd9645
densenet121,B,1679,103257,image_level_seed11,4,2,pituitary,0.0002165868808986,1.0916268811134392e-05,0.9997724968502902,2,pituitary,0.9997724968502902,919d6f0fb3ca462983d6df6ec06846e41abd9645
densenet121,B,1680,103257,image_level_seed11,5,2,pituitary,5.940650571010532e-05,1.6463460311677895e-05,0.999924130033978,2,pituitary,0.999924130033978,919d6f0fb3ca462983d6df6ec06846e41abd9645
densenet121,B,1681,103257,image_level_seed11,4,2,pituitary,0.000116769587093,0.0003282996379177,0.9995549307749892,2,pituitary,0.9995549307749892,919d6f0fb3ca462983d6df6ec06846e41abd9645
densenet121,B,1682,103257,image_level_seed11,5,2,pituitary,0.0001363756536057,0.0004048773744404,0.9994587469719536,2,pituitary,0.9994587469719536,919d6f0fb3ca462983d6df6ec06846e41abd9645
densenet121,B,1683,103257,image_level_seed11,5,2,pituitary,0.0007877966256718,0.0007953175147263,0.9984168858596018,2,pituitary,0.9984168858596018,919d6f0fb3ca462983d6df6ec06846e41abd9645
densenet121,B,1684,103478,image_level_seed11,2,2,pituitary,0.0002568329236006,0.0006734704473298,0.9990696966290694,2,pituitary,0.9990696966290694,919d6f0fb3ca462983d6df6ec06846e41abd9645
densenet121,B,1685,103478,image_level_seed11,4,2,pituitary,6.217986331709965e-05,0.0001437415593603,0.9997940785773226,2,pituitary,0.9997940785773226,919d6f0fb3ca462983d6df6ec06846e41abd9645
densenet121,B,1686,103478,image_level_seed11,2,2,pituitary,0.0002079080453044,0.000638964740582,0.9991531272141136,2,pituitary,0.9991531272141136,919d6f0fb3ca462983d6df6ec06846e41abd9645
densenet121,B,1687,103478,image_level_seed11,5,2,pituitary,0.0001865373133622,0.0030336072592855,0.996779855427352,2,pituitary,0.996779855427352,919d6f0fb3ca462983d6df6ec06846e41abd9645
densenet121,B,1688,103478,image_level_seed11,2,2,pituitary,0.0001344800409575,0.0001802607353319,0.9996852592237104,2,pituitary,0.9996852592237104,919d6f0fb3ca462983d6df6ec06846e41abd9645
densenet121,B,1689,103478,image_level_seed11,5,2,pituitary,3.998784487625944e-05,6.612572854728593e-05,0.9998938864265764,2,pituitary,0.9998938864265764,919d6f0fb3ca462983d6df6ec06846e41abd9645
densenet121,B,1690,103478,image_level_seed11,3,2,pituitary,9.173104169059448e-05,0.0001068799219767,0.9998013890363328,2,pituitary,0.9998013890363328,919d6f0fb3ca462983d6df6ec06846e41abd9645
densenet121,B,1691,103478,image_level_seed11,3,2,pituitary,5.828758654613542e-05,0.0001103160931792,0.9998313963202748,2,pituitary,0.9998313963202748,919d6f0fb3ca462983d6df6ec06846e41abd9645
densenet121,B,1692,103582,image_level_seed11,4,2,pituitary,0.0001055372616722,3.7761325965668865e-05,0.999856701412362,2,pituitary,0.999856701412362,919d6f0fb3ca462983d6df6ec06846e41abd9645
densenet121,B,1693,103582,image_level_seed11,3,2,pituitary,8.345521820031796e-05,6.418990106999536e-05,0.9998523548807298,2,pituitary,0.9998523548807298,919d6f0fb3ca462983d6df6ec06846e41abd9645
densenet121,B,1694,103582,image_level_seed11,2,2,pituitary,2.7703216094890695e-05,1.5208725045490954e-05,0.9999570880588596,2,pituitary,0.9999570880588596,919d6f0fb3ca462983d6df6ec06846e41abd9645
densenet121,B,1695,103582,image_level_seed11,2,2,pituitary,4.1605631217893424e-05,6.258367444300247e-05,0.9998958106943392,2,pituitary,0.9998958106943392,919d6f0fb3ca462983d6df6ec06846e41abd9645
densenet121,B,1696,103582,image_level_seed11,3,2,pituitary,5.706942086904212e-05,8.309035397542528e-05,0.9998598402251556,2,pituitary,0.9998598402251556,919d6f0fb3ca462983d6df6ec06846e41abd9645
densenet121,B,1697,103582,image_level_seed11,5,2,pituitary,6.069139041470426e-05,2.6583624368060193e-05,0.9999127249852172,2,pituitary,0.9999127249852172,919d6f0fb3ca462983d6df6ec06846e41abd9645
densenet121,B,1698,103582,image_level_seed11,2,2,pituitary,7.626114899406377e-05,7.449925040219795e-05,0.999849239600604,2,pituitary,0.999849239600604,919d6f0fb3ca462983d6df6ec06846e41abd9645
densenet121,B,1699,103582,image_level_seed11,1,2,pituitary,0.0401028050346478,0.0347752921627975,0.9251219028025544,2,pituitary,0.9251219028025544,919d6f0fb3ca462983d6df6ec06846e41abd9645
densenet121,B,1700,103670,image_level_seed11,3,2,pituitary,5.3939832675443035e-05,4.2947020732680086e-05,0.999903113146592,2,pituitary,0.999903113146592,919d6f0fb3ca462983d6df6ec06846e41abd9645
densenet121,B,1701,103670,image_level_seed11,5,2,pituitary,4.862099300737933e-05,1.48264298337477e-05,0.999936552577159,2,pituitary,0.999936552577159,919d6f0fb3ca462983d6df6ec06846e41abd9645
densenet121,B,1702,103670,image_level_seed11,3,2,pituitary,5.067802050712006e-05,1.7306181289885878e-05,0.999932015798203,2,pituitary,0.999932015798203,919d6f0fb3ca462983d6df6ec06846e41abd9645
densenet121,B,1703,103670,image_level_seed11,4,2,pituitary,0.0001192456047989,2.8964421926173347e-05,0.999851789973275,2,pituitary,0.999851789973275,919d6f0fb3ca462983d6df6ec06846e41abd9645
densenet121,B,1704,103671,image_level_seed11,3,2,pituitary,0.000113512846145,0.0004068044294183,0.9994796827244364,2,pituitary,0.9994796827244364,919d6f0fb3ca462983d6df6ec06846e41abd9645
densenet121,B,1705,103671,image_level_seed11,2,2,pituitary,1.9772316396920785e-05,8.580079808489642e-06,0.9999716476037944,2,pituitary,0.9999716476037944,919d6f0fb3ca462983d6df6ec06846e41abd9645
densenet121,B,1706,103671,image_level_seed11,3,2,pituitary,6.245627789693517e-05,5.73974606331299e-05,0.99988014626147,2,pituitary,0.99988014626147,919d6f0fb3ca462983d6df6ec06846e41abd9645
densenet121,B,1707,103671,image_level_seed11,5,2,pituitary,2.102535443006994e-05,2.4655154802187687e-05,0.999954319490768,2,pituitary,0.999954319490768,919d6f0fb3ca462983d6df6ec06846e41abd9645
densenet121,B,1708,103671,image_level_seed11,2,2,pituitary,8.479857359416401e-05,0.0001296100127504,0.9997855914136556,2,pituitary,0.9997855914136556,919d6f0fb3ca462983d6df6ec06846e41abd9645
densenet121,B,1709,103731,image_level_seed11,4,2,pituitary,0.0027880872150844,0.000366989334323,0.9968449234505924,2,pituitary,0.9968449234505924,919d6f0fb3ca462983d6df6ec06846e41abd9645
densenet121,B,1710,103731,image_level_seed11,3,2,pituitary,0.0002192670111379,0.0004572267712406,0.9993235062176212,2,pituitary,0.9993235062176212,919d6f0fb3ca462983d6df6ec06846e41abd9645
densenet121,B,1711,103731,image_level_seed11,3,2,pituitary,3.316580410059827e-05,4.73180475188915e-05,0.9999195161483804,2,pituitary,0.9999195161483804,919d6f0fb3ca462983d6df6ec06846e41abd9645
densenet121,B,1712,103731,image_level_seed11,2,2,pituitary,0.0001867579320721,0.0003303247317855,0.9994829173361424,2,pituitary,0.9994829173361424,919d6f0fb3ca462983d6df6ec06846e41abd9645
densenet121,B,1713,103731,image_level_seed11,1,2,pituitary,0.0003209296787883,0.0006045523340944,0.9990745179871172,2,pituitary,0.9990745179871172,919d6f0fb3ca462983d6df6ec06846e41abd9645
densenet121,B,1714,103837,image_level_seed11,3,2,pituitary,0.0002401684352524,0.0001461975763452,0.9996136339884024,2,pituitary,0.9996136339884024,919d6f0fb3ca462983d6df6ec06846e41abd9645
densenet121,B,1715,103837,image_level_seed11,3,2,pituitary,8.255296711170541e-05,7.68590839777757e-05,0.9998405879489104,2,pituitary,0.9998405879489104,919d6f0fb3ca462983d6df6ec06846e41abd9645
densenet121,B,1716,103837,image_level_seed11,4,2,pituitary,0.0007877117823082,3.355598826314715e-05,0.9991787322294284,2,pituitary,0.9991787322294284,919d6f0fb3ca462983d6df6ec06846e41abd9645
densenet121,B,1717,103837,image_level_seed11,4,2,pituitary,0.0005131622195012,5.30064025381472e-06,0.9994815371402448,2,pituitary,0.9994815371402448,919d6f0fb3ca462983d6df6ec06846e41abd9645
densenet121,B,1718,103837,image_level_seed11,5,2,pituitary,0.0001880037032175,1.8709205166608413e-05,0.9997932870916156,2,pituitary,0.9997932870916156,919d6f0fb3ca462983d6df6ec06846e41abd9645
densenet121,B,1719,103837,image_level_seed11,5,2,pituitary,0.000313898888458,3.056320955956886e-05,0.9996555379019824,2,pituitary,0.9996555379019824,919d6f0fb3ca462983d6df6ec06846e41abd9645
densenet121,B,1720,103837,image_level_seed11,2,2,pituitary,4.2809690555167976e-05,1.1514961917956784e-05,0.9999456753475268,2,pituitary,0.9999456753475268,919d6f0fb3ca462983d6df6ec06846e41abd9645
densenet121,B,1721,104019,image_level_seed11,3,2,pituitary,2.9228519526715463e-05,4.7138834389613624e-05,0.9999236326460836,2,pituitary,0.9999236326460836,919d6f0fb3ca462983d6df6ec06846e41abd9645
densenet121,B,1722,104019,image_level_seed11,3,2,pituitary,1.1447620678996749e-05,1.2343835012122664e-05,0.999976208544309,2,pituitary,0.999976208544309,919d6f0fb3ca462983d6df6ec06846e41abd9645
densenet121,B,1723,104019,image_level_seed11,4,2,pituitary,0.0001880097693698,5.104175333807795e-05,0.999760948477292,2,pituitary,0.999760948477292,919d6f0fb3ca462983d6df6ec06846e41abd9645
densenet121,B,1724,104019,image_level_seed11,2,2,pituitary,2.0066625616174623e-05,2.7891179709480317e-05,0.9999520421946744,2,pituitary,0.9999520421946744,919d6f0fb3ca462983d6df6ec06846e41abd9645
densenet121,B,1725,104558,image_level_seed11,3,2,pituitary,0.000452913774382,0.0053463843785675,0.9942007018470504,2,pituitary,0.9942007018470504,919d6f0fb3ca462983d6df6ec06846e41abd9645
densenet121,B,1726,104558,image_level_seed11,4,2,pituitary,0.0078515358410903,0.0004770539303396,0.99167141022857,2,pituitary,0.99167141022857,919d6f0fb3ca462983d6df6ec06846e41abd9645
densenet121,B,1727,104558,image_level_seed11,1,2,pituitary,0.000773665284018,0.0001864374142979,0.999039897301684,2,pituitary,0.999039897301684,919d6f0fb3ca462983d6df6ec06846e41abd9645
densenet121,B,1728,104558,image_level_seed11,4,2,pituitary,0.0009650026118679,7.645333753209042e-05,0.9989585440506,2,pituitary,0.9989585440506,919d6f0fb3ca462983d6df6ec06846e41abd9645
densenet121,B,1729,104558,image_level_seed11,4,2,pituitary,0.0030112298697554,0.0001514465721104,0.996837323558134,2,pituitary,0.996837323558134,919d6f0fb3ca462983d6df6ec06846e41abd9645
densenet121,B,1730,104558,image_level_seed11,2,2,pituitary,5.768887525700876e-05,1.0869492523377328e-05,0.9999314416322196,2,pituitary,0.9999314416322196,919d6f0fb3ca462983d6df6ec06846e41abd9645
densenet121,B,1731,104558,image_level_seed11,4,2,pituitary,0.0001607594154392,8.879472604583548e-05,0.999750445858515,2,pituitary,0.999750445858515,919d6f0fb3ca462983d6df6ec06846e41abd9645
densenet121,B,1732,104558,image_level_seed11,2,2,pituitary,0.0014174269459922,0.0002628673301079,0.9983197057239,2,pituitary,0.9983197057239,919d6f0fb3ca462983d6df6ec06846e41abd9645
densenet121,B,1733,104558,image_level_seed11,4,2,pituitary,0.0253355141813101,0.0010566016618828,0.9736078841568068,2,pituitary,0.9736078841568068,919d6f0fb3ca462983d6df6ec06846e41abd9645
densenet121,B,1734,104684,image_level_seed11,4,2,pituitary,9.385963185236284e-05,0.0001699539874384,0.9997361863807092,2,pituitary,0.9997361863807092,919d6f0fb3ca462983d6df6ec06846e41abd9645
densenet121,B,1735,104684,image_level_seed11,3,2,pituitary,5.856555540863538e-05,7.624540324041438e-05,0.9998651890413508,2,pituitary,0.9998651890413508,919d6f0fb3ca462983d6df6ec06846e41abd9645
densenet121,B,1736,104684,image_level_seed11,3,2,pituitary,2.3890249121130774e-05,5.1601744780115974e-05,0.9999245080060988,2,pituitary,0.9999245080060988,919d6f0fb3ca462983d6df6ec06846e41abd9645
densenet121,B,1737,104684,image_level_seed11,2,2,pituitary,3.486735951953586e-05,5.455150493445259e-05,0.999910581135546,2,pituitary,0.999910581135546,919d6f0fb3ca462983d6df6ec06846e41abd9645
densenet121,B,1738,104684,image_level_seed11,4,2,pituitary,0.00014148756549,8.838810088796939e-05,0.999770124333622,2,pituitary,0.999770124333622,919d6f0fb3ca462983d6df6ec06846e41abd9645
densenet121,B,1739,104684,image_level_seed11,2,2,pituitary,8.513780746081835e-05,0.0001140865841622,0.9998007756083772,2,pituitary,0.9998007756083772,919d6f0fb3ca462983d6df6ec06846e41abd9645
densenet121,B,1740,104684,image_level_seed11,1,2,pituitary,0.000150337145158,0.0007125695629494,0.9991370932918926,2,pituitary,0.9991370932918926,919d6f0fb3ca462983d6df6ec06846e41abd9645
densenet121,B,1741,104912,image_level_seed11,4,2,pituitary,0.0003885119605641,0.000476329618574,0.999135158420862,2,pituitary,0.999135158420862,919d6f0fb3ca462983d6df6ec06846e41abd9645
densenet121,B,1742,104912,image_level_seed11,2,2,pituitary,0.0001932722525838,0.0014138595326675,0.9983928682147488,2,pituitary,0.9983928682147488,919d6f0fb3ca462983d6df6ec06846e41abd9645
densenet121,B,1743,104912,image_level_seed11,1,2,pituitary,0.0004061154191171,0.0016145621315651,0.9979793224493176,2,pituitary,0.9979793224493176,919d6f0fb3ca462983d6df6ec06846e41abd9645
densenet121,B,1744,104912,image_level_seed11,4,2,pituitary,0.0008511427272594,0.0009009895725192,0.9982478677002212,2,pituitary,0.9982478677002212,919d6f0fb3ca462983d6df6ec06846e41abd9645
densenet121,B,1745,104912,image_level_seed11,3,2,pituitary,0.000171062228194,0.0003554925105404,0.9994734452612656,2,pituitary,0.9994734452612656,919d6f0fb3ca462983d6df6ec06846e41abd9645
densenet121,B,1746,104912,image_level_seed11,5,2,pituitary,0.0008105013561839,0.0018520316644394,0.9973374669793764,2,pituitary,0.9973374669793764,919d6f0fb3ca462983d6df6ec06846e41abd9645
densenet121,B,1747,104912,image_level_seed11,1,2,pituitary,0.0012371201708255,0.0142057507463691,0.9845571290828052,2,pituitary,0.9845571290828052,919d6f0fb3ca462983d6df6ec06846e41abd9645
densenet121,B,1748,105187,image_level_seed11,2,2,pituitary,0.0002324720044697,0.000119181042271,0.9996483469532592,2,pituitary,0.9996483469532592,919d6f0fb3ca462983d6df6ec06846e41abd9645
densenet121,B,1749,105187,image_level_seed11,2,2,pituitary,4.0295596666194086e-05,1.5672692260591734e-05,0.9999440317110732,2,pituitary,0.9999440317110732,919d6f0fb3ca462983d6df6ec06846e41abd9645
densenet121,B,1750,105187,image_level_seed11,1,2,pituitary,0.0021191668520349,0.0003746173461497,0.9975062158018152,2,pituitary,0.9975062158018152,919d6f0fb3ca462983d6df6ec06846e41abd9645
densenet121,B,1751,105187,image_level_seed11,1,2,pituitary,0.0004350515068769,0.0077926973051405,0.9917722511879824,2,pituitary,0.9917722511879824,919d6f0fb3ca462983d6df6ec06846e41abd9645
densenet121,B,1752,105187,image_level_seed11,2,2,pituitary,0.0003603409788186,8.485446707045479e-05,0.9995548045541108,2,pituitary,0.9995548045541108,919d6f0fb3ca462983d6df6ec06846e41abd9645
densenet121,B,1753,105187,image_level_seed11,2,2,pituitary,0.0001533046772825,0.0001015937397695,0.999745101582948,2,pituitary,0.999745101582948,919d6f0fb3ca462983d6df6ec06846e41abd9645
densenet121,B,1754,105475,image_level_seed11,4,2,pituitary,0.0002851001382609,0.000113636219693,0.999601263642046,2,pituitary,0.999601263642046,919d6f0fb3ca462983d6df6ec06846e41abd9645
densenet121,B,1755,105475,image_level_seed11,3,2,pituitary,0.0008162632492281,0.0003044731277508,0.998879263623021,2,pituitary,0.998879263623021,919d6f0fb3ca462983d6df6ec06846e41abd9645
densenet121,B,1756,105475,image_level_seed11,2,2,pituitary,0.0006929999450033,0.00256758730473,0.9967394127502668,2,pituitary,0.9967394127502668,919d6f0fb3ca462983d6df6ec06846e41abd9645
densenet121,B,1757,105475,image_level_seed11,5,2,pituitary,0.0003793565321241,0.0002569083289363,0.9993637351389396,2,pituitary,0.9993637351389396,919d6f0fb3ca462983d6df6ec06846e41abd9645
densenet121,B,1758,105475,image_level_seed11,3,2,pituitary,0.0001326345415627,4.9331456077290835e-05,0.99981803400236,2,pituitary,0.99981803400236,919d6f0fb3ca462983d6df6ec06846e41abd9645
densenet121,B,1759,105538,image_level_seed11,1,2,pituitary,0.2152952419803153,0.5366188413730232,0.2480859166466614,1,glioma,0.5366188413730232,919d6f0fb3ca462983d6df6ec06846e41abd9645
densenet121,B,1760,105538,image_level_seed11,4,2,pituitary,0.4919192650020166,0.158116864092974,0.3499638709050093,0,meningioma,0.4919192650020166,919d6f0fb3ca462983d6df6ec06846e41abd9645
densenet121,B,1761,105638,image_level_seed11,4,2,pituitary,0.0001385317755881,0.0003193393272845,0.9995421288971272,2,pituitary,0.9995421288971272,919d6f0fb3ca462983d6df6ec06846e41abd9645
densenet121,B,1762,105638,image_level_seed11,5,2,pituitary,4.342776596843331e-05,8.115071449097323e-05,0.9998754215195408,2,pituitary,0.9998754215195408,919d6f0fb3ca462983d6df6ec06846e41abd9645
densenet121,B,1763,105638,image_level_seed11,5,2,pituitary,1.82285801513618e-05,2.62804963990426e-05,0.9999554909234496,2,pituitary,0.9999554909234496,919d6f0fb3ca462983d6df6ec06846e41abd9645
densenet121,B,1764,105638,image_level_seed11,4,2,pituitary,0.0001676758510186,0.0003572156082126,0.9994751085407688,2,pituitary,0.9994751085407688,919d6f0fb3ca462983d6df6ec06846e41abd9645
densenet121,B,1765,105638,image_level_seed11,2,2,pituitary,8.354959864131754e-05,0.0001089808591563,0.9998074695422025,2,pituitary,0.9998074695422025,919d6f0fb3ca462983d6df6ec06846e41abd9645
densenet121,B,1766,97416,image_level_seed11,2,2,pituitary,4.7991001030202584e-05,7.85359699147448e-05,0.999873473029055,2,pituitary,0.999873473029055,919d6f0fb3ca462983d6df6ec06846e41abd9645
densenet121,B,1767,97416,image_level_seed11,1,2,pituitary,0.0024264311881454,0.0023821324319636,0.995191436379891,2,pituitary,0.995191436379891,919d6f0fb3ca462983d6df6ec06846e41abd9645
densenet121,B,1768,97416,image_level_seed11,1,2,pituitary,0.0003493796637758,0.0002398814209038,0.9994107389153204,2,pituitary,0.9994107389153204,919d6f0fb3ca462983d6df6ec06846e41abd9645
densenet121,B,1769,97416,image_level_seed11,3,2,pituitary,0.0008854665172434,0.0002731479081359,0.9988413855746204,2,pituitary,0.9988413855746204,919d6f0fb3ca462983d6df6ec06846e41abd9645
densenet121,B,1770,97416,image_level_seed11,3,2,pituitary,4.0598727166370934e-05,2.8891770458280127e-05,0.9999305095023752,2,pituitary,0.9999305095023752,919d6f0fb3ca462983d6df6ec06846e41abd9645
densenet121,B,1771,97416,image_level_seed11,1,2,pituitary,0.010167990192377,0.0006386612690278,0.9891933485385952,2,pituitary,0.9891933485385952,919d6f0fb3ca462983d6df6ec06846e41abd9645
densenet121,B,1772,97416,image_level_seed11,1,2,pituitary,0.0041326475468423,0.01266317227652,0.9832041801766376,2,pituitary,0.9832041801766376,919d6f0fb3ca462983d6df6ec06846e41abd9645
densenet121,B,1773,97461,image_level_seed11,3,2,pituitary,6.909585678971695e-05,0.0001460638352476,0.9997848403079628,2,pituitary,0.9997848403079628,919d6f0fb3ca462983d6df6ec06846e41abd9645
densenet121,B,1774,97461,image_level_seed11,4,2,pituitary,7.381430642574643e-05,2.8475874792794024e-05,0.9998977098187816,2,pituitary,0.9998977098187816,919d6f0fb3ca462983d6df6ec06846e41abd9645
densenet121,B,1775,97461,image_level_seed11,5,2,pituitary,4.994380815721387e-05,0.0001295262836776,0.9998205299081652,2,pituitary,0.9998205299081652,919d6f0fb3ca462983d6df6ec06846e41abd9645
densenet121,B,1776,97461,image_level_seed11,1,2,pituitary,0.0003464000475086,0.0004362540301475,0.9992173459223436,2,pituitary,0.9992173459223436,919d6f0fb3ca462983d6df6ec06846e41abd9645
densenet121,B,1777,97461,image_level_seed11,2,2,pituitary,6.577527433850852e-05,8.40000865616659e-05,0.9998502246390996,2,pituitary,0.9998502246390996,919d6f0fb3ca462983d6df6ec06846e41abd9645
densenet121,B,1778,97461,image_level_seed11,4,2,pituitary,0.0001804571195931,6.945719746300517e-05,0.999750085682944,2,pituitary,0.999750085682944,919d6f0fb3ca462983d6df6ec06846e41abd9645
densenet121,B,1779,97461,image_level_seed11,1,2,pituitary,0.0001231907065683,0.0003961981865281,0.9994806111069034,2,pituitary,0.9994806111069034,919d6f0fb3ca462983d6df6ec06846e41abd9645
densenet121,B,1780,97461,image_level_seed11,4,2,pituitary,0.0003121600001392,0.000180905592376,0.9995069344074848,2,pituitary,0.9995069344074848,919d6f0fb3ca462983d6df6ec06846e41abd9645
densenet121,B,1781,97481,image_level_seed11,5,2,pituitary,1.025213501569273e-05,1.4411340335425174e-05,0.9999753365246488,2,pituitary,0.9999753365246488,919d6f0fb3ca462983d6df6ec06846e41abd9645
densenet121,B,1782,97481,image_level_seed11,4,2,pituitary,2.614352292584342e-05,1.9510898020440695e-05,0.9999543455790536,2,pituitary,0.9999543455790536,919d6f0fb3ca462983d6df6ec06846e41abd9645
densenet121,B,1783,97481,image_level_seed11,4,2,pituitary,1.6929079118168533e-05,7.055833365989046e-06,0.999976015087516,2,pituitary,0.999976015087516,919d6f0fb3ca462983d6df6ec06846e41abd9645
densenet121,B,1784,97481,image_level_seed11,2,2,pituitary,4.272695832388532e-06,1.0105398579692794e-05,0.999985621905588,2,pituitary,0.999985621905588,919d6f0fb3ca462983d6df6ec06846e41abd9645
densenet121,B,1785,97481,image_level_seed11,1,2,pituitary,9.61752221479139e-05,0.0015410681426774,0.9983627566351746,2,pituitary,0.9983627566351746,919d6f0fb3ca462983d6df6ec06846e41abd9645
densenet121,B,1786,97599,image_level_seed11,4,2,pituitary,0.0148380087772371,0.0003452734200059,0.984816717802757,2,pituitary,0.984816717802757,919d6f0fb3ca462983d6df6ec06846e41abd9645
densenet121,B,1787,97599,image_level_seed11,5,2,pituitary,0.0002224195209935,0.0002343342427543,0.999543246236252,2,pituitary,0.999543246236252,919d6f0fb3ca462983d6df6ec06846e41abd9645
densenet121,B,1788,97599,image_level_seed11,3,2,pituitary,0.0008674837479208,0.0002695003494982,0.9988630159025808,2,pituitary,0.9988630159025808,919d6f0fb3ca462983d6df6ec06846e41abd9645
densenet121,B,1789,97890,image_level_seed11,5,2,pituitary,4.2845856337490705e-05,5.34689180493924e-05,0.9999036852256132,2,pituitary,0.9999036852256132,919d6f0fb3ca462983d6df6ec06846e41abd9645
densenet121,B,1790,97890,image_level_seed11,2,2,pituitary,3.602042527556702e-05,7.689189585539388e-06,0.9999562903851388,2,pituitary,0.9999562903851388,919d6f0fb3ca462983d6df6ec06846e41abd9645
densenet121,B,1791,97890,image_level_seed11,2,2,pituitary,4.523441942288519e-05,6.912933426677423e-06,0.9999478526471504,2,pituitary,0.9999478526471504,919d6f0fb3ca462983d6df6ec06846e41abd9645
densenet121,B,1792,97890,image_level_seed11,2,2,pituitary,3.941702937358448e-05,4.9765795898523826e-05,0.999910817174728,2,pituitary,0.999910817174728,919d6f0fb3ca462983d6df6ec06846e41abd9645
densenet121,B,1793,97890,image_level_seed11,4,2,pituitary,0.0003913514453061,5.055482252896307e-05,0.9995580937321648,2,pituitary,0.9995580937321648,919d6f0fb3ca462983d6df6ec06846e41abd9645
densenet121,B,1794,97890,image_level_seed11,5,2,pituitary,3.0724866411134426e-05,3.286302969765327e-05,0.9999364121038912,2,pituitary,0.9999364121038912,919d6f0fb3ca462983d6df6ec06846e41abd9645
densenet121,B,1795,98472,image_level_seed11,5,2,pituitary,3.314614491012116e-05,3.3017211597258946e-05,0.9999338366434928,2,pituitary,0.9999338366434928,919d6f0fb3ca462983d6df6ec06846e41abd9645
densenet121,B,1796,98472,image_level_seed11,3,2,pituitary,0.3973908579930629,0.0009426292746317,0.6016665127323054,2,pituitary,0.6016665127323054,919d6f0fb3ca462983d6df6ec06846e41abd9645
densenet121,B,1797,98472,image_level_seed11,3,2,pituitary,0.151051407554922,0.0022379954498891,0.8467105969951888,2,pituitary,0.8467105969951888,919d6f0fb3ca462983d6df6ec06846e41abd9645
densenet121,B,1798,98472,image_level_seed11,3,2,pituitary,0.0123864867077526,0.0001057804479657,0.9875077328442816,2,pituitary,0.9875077328442816,919d6f0fb3ca462983d6df6ec06846e41abd9645
densenet121,B,1799,98472,image_level_seed11,4,2,pituitary,0.0001834078528772,5.3820227058218245e-05,0.9997627719200646,2,pituitary,0.9997627719200646,919d6f0fb3ca462983d6df6ec06846e41abd9645
densenet121,B,1800,98472,image_level_seed11,5,2,pituitary,9.44973345161618e-05,6.642750771788658e-05,0.999839075157766,2,pituitary,0.999839075157766,919d6f0fb3ca462983d6df6ec06846e41abd9645
densenet121,B,1801,98652,image_level_seed11,5,2,pituitary,8.515909019354324e-05,8.084528958473605e-05,0.9998339956202218,2,pituitary,0.9998339956202218,919d6f0fb3ca462983d6df6ec06846e41abd9645
densenet121,B,1802,98652,image_level_seed11,5,2,pituitary,4.262021214505296e-05,8.905474964871645e-05,0.9998683250382062,2,pituitary,0.9998683250382062,919d6f0fb3ca462983d6df6ec06846e41abd9645
densenet121,B,1803,98652,image_level_seed11,2,2,pituitary,0.0002669064569032,0.0005847253845248,0.999148368158572,2,pituitary,0.999148368158572,919d6f0fb3ca462983d6df6ec06846e41abd9645
densenet121,B,1804,98652,image_level_seed11,2,2,pituitary,0.0003208503519381,0.0001471557430941,0.9995319939049676,2,pituitary,0.9995319939049676,919d6f0fb3ca462983d6df6ec06846e41abd9645
densenet121,B,1805,98652,image_level_seed11,3,2,pituitary,0.0009367671277606,0.0009920534755374,0.998071179396702,2,pituitary,0.998071179396702,919d6f0fb3ca462983d6df6ec06846e41abd9645
densenet121,B,1806,98871,image_level_seed11,1,2,pituitary,0.0016174062907139,0.1179419576749684,0.8804406360343174,2,pituitary,0.8804406360343174,919d6f0fb3ca462983d6df6ec06846e41abd9645
densenet121,B,1807,98871,image_level_seed11,1,2,pituitary,0.0004878147958896,0.0048628659000255,0.9946493193040848,2,pituitary,0.9946493193040848,919d6f0fb3ca462983d6df6ec06846e41abd9645
densenet121,B,1808,98871,image_level_seed11,5,2,pituitary,0.0002485068506749,6.31957042542633e-05,0.9996882974450706,2,pituitary,0.9996882974450706,919d6f0fb3ca462983d6df6ec06846e41abd9645
densenet121,B,1809,98871,image_level_seed11,1,2,pituitary,0.0001289660624392,0.0015802675005971,0.9982907664369636,2,pituitary,0.9982907664369636,919d6f0fb3ca462983d6df6ec06846e41abd9645
densenet121,B,1810,98871,image_level_seed11,4,2,pituitary,0.0018851914683546,0.0114094115375663,0.9867053969940792,2,pituitary,0.9867053969940792,919d6f0fb3ca462983d6df6ec06846e41abd9645
densenet121,B,1811,98871,image_level_seed11,5,2,pituitary,3.313248450634226e-05,7.425940484675586e-05,0.9998926081106468,2,pituitary,0.9998926081106468,919d6f0fb3ca462983d6df6ec06846e41abd9645
densenet121,B,1812,98871,image_level_seed11,3,2,pituitary,6.0152039659139216e-05,0.0001612002282228,0.999778647732118,2,pituitary,0.999778647732118,919d6f0fb3ca462983d6df6ec06846e41abd9645
densenet121,B,1813,98874,image_level_seed11,3,2,pituitary,0.000140449937141,0.0003530553269072,0.9995064947359518,2,pituitary,0.9995064947359518,919d6f0fb3ca462983d6df6ec06846e41abd9645
densenet121,B,1814,98874,image_level_seed11,1,2,pituitary,0.000394051141007,0.0008550269107864,0.9987509219482064,2,pituitary,0.9987509219482064,919d6f0fb3ca462983d6df6ec06846e41abd9645
densenet121,B,1815,98874,image_level_seed11,3,2,pituitary,9.02460446309054e-05,7.916703544637601e-05,0.9998305869199228,2,pituitary,0.9998305869199228,919d6f0fb3ca462983d6df6ec06846e41abd9645
densenet121,B,1816,98874,image_level_seed11,4,2,pituitary,0.0173141313221378,0.0013472658214326,0.9813386028564294,2,pituitary,0.9813386028564294,919d6f0fb3ca462983d6df6ec06846e41abd9645
densenet121,B,1817,98874,image_level_seed11,1,2,pituitary,0.0011624239694956,0.0003010099180259,0.9985365661124784,2,pituitary,0.9985365661124784,919d6f0fb3ca462983d6df6ec06846e41abd9645
densenet121,B,1818,98874,image_level_seed11,1,2,pituitary,0.0029595206454409,0.0004594342951148,0.996581045059444,2,pituitary,0.996581045059444,919d6f0fb3ca462983d6df6ec06846e41abd9645
densenet121,B,1819,98992,image_level_seed11,1,2,pituitary,0.0417224267485018,0.2131350953092528,0.7451424779422453,2,pituitary,0.7451424779422453,919d6f0fb3ca462983d6df6ec06846e41abd9645
densenet121,B,1820,98992,image_level_seed11,3,2,pituitary,0.0001094392034518,0.0001938979537071,0.9996966628428408,2,pituitary,0.9996966628428408,919d6f0fb3ca462983d6df6ec06846e41abd9645
densenet121,B,1821,98992,image_level_seed11,4,2,pituitary,0.0183023390028036,0.0083680007132578,0.9733296602839384,2,pituitary,0.9733296602839384,919d6f0fb3ca462983d6df6ec06846e41abd9645
densenet121,B,1822,98992,image_level_seed11,5,2,pituitary,8.782224746169427e-05,0.0001212946297765,0.999790883122762,2,pituitary,0.999790883122762,919d6f0fb3ca462983d6df6ec06846e41abd9645
densenet121,B,1823,98992,image_level_seed11,5,2,pituitary,1.6078208653910818e-05,1.258938888804226e-05,0.999971332402458,2,pituitary,0.999971332402458,919d6f0fb3ca462983d6df6ec06846e41abd9645
densenet121,B,1824,98992,image_level_seed11,4,2,pituitary,0.0003590427904391,0.0004240138798908,0.99921694332967,2,pituitary,0.99921694332967,919d6f0fb3ca462983d6df6ec06846e41abd9645
densenet121,B,1825,98992,image_level_seed11,1,2,pituitary,0.0002982737105796,0.0002634091309259,0.9994383171584944,2,pituitary,0.9994383171584944,919d6f0fb3ca462983d6df6ec06846e41abd9645
densenet121,B,1826,98992,image_level_seed11,2,2,pituitary,3.614779184141587e-05,9.2978170704433e-05,0.9998708740374542,2,pituitary,0.9998708740374542,919d6f0fb3ca462983d6df6ec06846e41abd9645
densenet121,B,1827,98992,image_level_seed11,5,2,pituitary,4.140718201699957e-05,0.0001175444692315,0.9998410483487512,2,pituitary,0.9998410483487512,919d6f0fb3ca462983d6df6ec06846e41abd9645
densenet121,B,1828,98992,image_level_seed11,2,2,pituitary,0.00033818824407,0.0002022079949403,0.9994596037609896,2,pituitary,0.9994596037609896,919d6f0fb3ca462983d6df6ec06846e41abd9645
densenet121,B,1829,98992,image_level_seed11,2,2,pituitary,0.000155195660664,0.0004994804913038,0.9993453238480322,2,pituitary,0.9993453238480322,919d6f0fb3ca462983d6df6ec06846e41abd9645
densenet121,B,1830,98995,image_level_seed11,2,2,pituitary,4.8981290597895015e-05,4.555809112633932e-05,0.9999054606182758,2,pituitary,0.9999054606182758,919d6f0fb3ca462983d6df6ec06846e41abd9645
densenet121,B,1831,98995,image_level_seed11,5,2,pituitary,0.0002499397726826,6.356729721130572e-05,0.999686492930106,2,pituitary,0.999686492930106,919d6f0fb3ca462983d6df6ec06846e41abd9645
densenet121,B,1832,98995,image_level_seed11,2,2,pituitary,4.556841172680871e-05,4.657315625521548e-05,0.999907858432018,2,pituitary,0.999907858432018,919d6f0fb3ca462983d6df6ec06846e41abd9645
densenet121,B,1833,98995,image_level_seed11,1,2,pituitary,5.938009341341157e-05,8.448267670621878e-05,0.9998561372298804,2,pituitary,0.9998561372298804,919d6f0fb3ca462983d6df6ec06846e41abd9645
densenet121,B,1834,98995,image_level_seed11,5,2,pituitary,0.0004022986369743,5.6912773380021285e-05,0.9995407885896456,2,pituitary,0.9995407885896456,919d6f0fb3ca462983d6df6ec06846e41abd9645
densenet121,B,1835,99223,image_level_seed11,1,2,pituitary,0.0001915133980413,8.42515318862304e-05,0.9997242350700724,2,pituitary,0.9997242350700724,919d6f0fb3ca462983d6df6ec06846e41abd9645
densenet121,B,1836,99223,image_level_seed11,1,2,pituitary,9.720341144567566e-05,8.595382152456843e-05,0.9998168427670296,2,pituitary,0.9998168427670296,919d6f0fb3ca462983d6df6ec06846e41abd9645
densenet121,B,1837,99223,image_level_seed11,3,2,pituitary,4.230364207956658e-05,4.057251246222e-05,0.9999171238454584,2,pituitary,0.9999171238454584,919d6f0fb3ca462983d6df6ec06846e41abd9645
densenet121,B,1838,99223,image_level_seed11,3,2,pituitary,5.7644965278031455e-05,8.045690958689698e-05,0.9998618981251352,2,pituitary,0.9998618981251352,919d6f0fb3ca462983d6df6ec06846e41abd9645
densenet121,B,1839,99223,image_level_seed11,1,2,pituitary,0.000127204267594,5.7599904954573526e-05,0.9998151958274514,2,pituitary,0.9998151958274514,919d6f0fb3ca462983d6df6ec06846e41abd9645
densenet121,B,1840,99223,image_level_seed11,5,2,pituitary,3.413360799681112e-05,1.3145438442184057e-05,0.9999527209535612,2,pituitary,0.9999527209535612,919d6f0fb3ca462983d6df6ec06846e41abd9645
densenet121,B,1841,MR048294,image_level_seed11,3,1,glioma,0.0003662344510575,0.9990509054301424,0.0005828601188,1,glioma,0.9990509054301424,919d6f0fb3ca462983d6df6ec06846e41abd9645
densenet121,B,1842,MR048294,image_level_seed11,3,1,glioma,0.0004096109415577,0.9986471473427118,0.0009432417157304,1,glioma,0.9986471473427118,919d6f0fb3ca462983d6df6ec06846e41abd9645
densenet121,B,1843,MR048294,image_level_seed11,5,1,glioma,0.0005004337585378,0.9991197798490804,0.0003797863923815,1,glioma,0.9991197798490804,919d6f0fb3ca462983d6df6ec06846e41abd9645
densenet121,B,1844,MR048294,image_level_seed11,5,1,glioma,0.00021969384559,0.99956462145683,0.00021568469758,1,glioma,0.99956462145683,919d6f0fb3ca462983d6df6ec06846e41abd9645
densenet121,B,1845,MR048294,image_level_seed11,4,1,glioma,0.0005982036232374,0.9985079047965651,0.0008938915801974,1,glioma,0.9985079047965651,919d6f0fb3ca462983d6df6ec06846e41abd9645
densenet121,B,1846,MR048294,image_level_seed11,3,1,glioma,0.0002226676993501,0.9996334375030804,0.0001438947975693,1,glioma,0.9996334375030804,919d6f0fb3ca462983d6df6ec06846e41abd9645
densenet121,B,1847,MR048294,image_level_seed11,2,1,glioma,0.000222524754642,0.9996266551048596,0.0001508201404981,1,glioma,0.9996266551048596,919d6f0fb3ca462983d6df6ec06846e41abd9645
densenet121,B,1848,MR048294,image_level_seed11,5,1,glioma,0.0003403337925411,0.9994771493873694,0.0001825168200893,1,glioma,0.9994771493873694,919d6f0fb3ca462983d6df6ec06846e41abd9645
densenet121,B,1849,MR048297,image_level_seed11,5,1,glioma,0.0002513059022429,0.9996907707023536,5.792339540364379e-05,1,glioma,0.9996907707023536,919d6f0fb3ca462983d6df6ec06846e41abd9645
densenet121,B,1850,MR048297,image_level_seed11,4,1,glioma,0.0187216848105554,0.9811523052693532,0.0001260099200912,1,glioma,0.9811523052693532,919d6f0fb3ca462983d6df6ec06846e41abd9645
densenet121,B,1851,MR048297,image_level_seed11,1,1,glioma,0.0015332833959371,0.9983633911807354,0.0001033254233274,1,glioma,0.9983633911807354,919d6f0fb3ca462983d6df6ec06846e41abd9645
densenet121,B,1852,MR048297,image_level_seed11,2,1,glioma,0.0001521785436595,0.9997954172675536,5.2404188786812146e-05,1,glioma,0.9997954172675536,919d6f0fb3ca462983d6df6ec06846e41abd9645
densenet121,B,1853,MR048294B,image_level_seed11,4,1,glioma,0.0001472257201864,0.999740307072189,0.0001124672076245,1,glioma,0.999740307072189,919d6f0fb3ca462983d6df6ec06846e41abd9645
densenet121,B,1854,MR048621B,image_level_seed11,2,1,glioma,0.0006865586440736,0.9984041571621284,0.0009092841937981,1,glioma,0.9984041571621284,919d6f0fb3ca462983d6df6ec06846e41abd9645
densenet121,B,1855,MR048621B,image_level_seed11,1,1,glioma,0.000474277361417,0.998651199248454,0.0008745233901289,1,glioma,0.998651199248454,919d6f0fb3ca462983d6df6ec06846e41abd9645
densenet121,B,1856,MR048621B,image_level_seed11,4,1,glioma,0.0009599685262127,0.9982544021162776,0.0007856293575096,1,glioma,0.9982544021162776,919d6f0fb3ca462983d6df6ec06846e41abd9645
densenet121,B,1857,MR048621B,image_level_seed11,4,1,glioma,0.0003014365974713,0.9995667929691086,0.00013177043342,1,glioma,0.9995667929691086,919d6f0fb3ca462983d6df6ec06846e41abd9645
densenet121,B,1858,MR048621B,image_level_seed11,4,1,glioma,0.0012803666493983,0.9979809379959578,0.0007386953546437,1,glioma,0.9979809379959578,919d6f0fb3ca462983d6df6ec06846e41abd9645
densenet121,B,1859,MR048621B,image_level_seed11,1,1,glioma,0.0006174451375526,0.9980553392302552,0.0013272156321923,1,glioma,0.9980553392302552,919d6f0fb3ca462983d6df6ec06846e41abd9645
densenet121,B,1860,MR048621B,image_level_seed11,1,1,glioma,0.0003223164070261,0.9991992052631508,0.0004784783298229,1,glioma,0.9991992052631508,919d6f0fb3ca462983d6df6ec06846e41abd9645
densenet121,B,1861,MR048621B,image_level_seed11,4,1,glioma,0.0008809177508826,0.9988013151976312,0.0003177670514861,1,glioma,0.9988013151976312,919d6f0fb3ca462983d6df6ec06846e41abd9645
densenet121,B,1862,MR048944,image_level_seed11,1,1,glioma,0.0012154697378951,0.9985218332127138,0.0002626970493909,1,glioma,0.9985218332127138,919d6f0fb3ca462983d6df6ec06846e41abd9645
densenet121,B,1863,MR048944,image_level_seed11,4,1,glioma,0.0006725826700038,0.999006664038,0.0003207532919961,1,glioma,0.999006664038,919d6f0fb3ca462983d6df6ec06846e41abd9645
densenet121,B,1864,MR048944,image_level_seed11,5,1,glioma,0.0009758697834682,0.9982843421273484,0.0007397880891835,1,glioma,0.9982843421273484,919d6f0fb3ca462983d6df6ec06846e41abd9645
densenet121,B,1865,MR048944,image_level_seed11,5,1,glioma,0.0016969348345691,0.9979681849868756,0.0003348801785555,1,glioma,0.9979681849868756,919d6f0fb3ca462983d6df6ec06846e41abd9645
densenet121,B,1866,MR048944,image_level_seed11,5,1,glioma,0.0002919815917181,0.999422611728944,0.0002854066793379,1,glioma,0.999422611728944,919d6f0fb3ca462983d6df6ec06846e41abd9645
densenet121,B,1867,MR048944,image_level_seed11,1,1,glioma,0.0003529452108139,0.999589096742454,5.795804673190053e-05,1,glioma,0.999589096742454,919d6f0fb3ca462983d6df6ec06846e41abd9645
densenet121,B,1868,MR048944,image_level_seed11,2,1,glioma,0.0003236544143009,0.9994871332714064,0.0001892123142926,1,glioma,0.9994871332714064,919d6f0fb3ca462983d6df6ec06846e41abd9645
densenet121,B,1869,MR048944,image_level_seed11,4,1,glioma,0.1677958044214766,0.820748465159784,0.0114557304187394,1,glioma,0.820748465159784,919d6f0fb3ca462983d6df6ec06846e41abd9645
densenet121,B,1870,MR048994,image_level_seed11,3,1,glioma,0.0001464570830731,0.999805615509948,4.792740697909858e-05,1,glioma,0.999805615509948,919d6f0fb3ca462983d6df6ec06846e41abd9645
densenet121,B,1871,MR048994,image_level_seed11,3,1,glioma,0.0002330434052291,0.9997097609795405,5.719561523054575e-05,1,glioma,0.9997097609795405,919d6f0fb3ca462983d6df6ec06846e41abd9645
densenet121,B,1872,MR048994,image_level_seed11,1,1,glioma,0.0001070892444667,0.9998703853041456,2.252545138773295e-05,1,glioma,0.9998703853041456,919d6f0fb3ca462983d6df6ec06846e41abd9645
densenet121,B,1873,MR048994,image_level_seed11,3,1,glioma,0.0002887786519891,0.9996620362756494,4.918507236147934e-05,1,glioma,0.9996620362756494,919d6f0fb3ca462983d6df6ec06846e41abd9645
densenet121,B,1874,MR048994,image_level_seed11,5,1,glioma,0.0004315064398524,0.9993831129778108,0.0001853805823365,1,glioma,0.9993831129778108,919d6f0fb3ca462983d6df6ec06846e41abd9645
densenet121,B,1875,MR048994,image_level_seed11,2,1,glioma,0.000375435094989,0.9994632200457788,0.0001613448592321,1,glioma,0.9994632200457788,919d6f0fb3ca462983d6df6ec06846e41abd9645
densenet121,B,1876,MR048994,image_level_seed11,3,1,glioma,0.0004618229060514,0.999318140809694,0.0002200362842543,1,glioma,0.999318140809694,919d6f0fb3ca462983d6df6ec06846e41abd9645
densenet121,B,1877,MR048994,image_level_seed11,1,1,glioma,0.0002699171986494,0.999664350948809,6.573185254182987e-05,1,glioma,0.999664350948809,919d6f0fb3ca462983d6df6ec06846e41abd9645
densenet121,B,1878,MR048994,image_level_seed11,2,1,glioma,0.0123055668164378,0.9870897680472304,0.0006046651363317,1,glioma,0.9870897680472304,919d6f0fb3ca462983d6df6ec06846e41abd9645
densenet121,B,1879,MR049104,image_level_seed11,2,1,glioma,0.0001584979012731,0.9992197270453927,0.000621775053334,1,glioma,0.9992197270453927,919d6f0fb3ca462983d6df6ec06846e41abd9645
densenet121,B,1880,MR049104,image_level_seed11,2,1,glioma,8.54051926636828e-05,0.9997226068601556,0.0001919879471806,1,glioma,0.9997226068601556,919d6f0fb3ca462983d6df6ec06846e41abd9645
densenet121,B,1881,MR049142,image_level_seed11,4,1,glioma,0.0390462312020601,0.9558993975670996,0.00505437123084,1,glioma,0.9558993975670996,919d6f0fb3ca462983d6df6ec06846e41abd9645
densenet121,B,1882,MR049142,image_level_seed11,2,1,glioma,0.0052139380739672,0.9944265189202248,0.0003595430058079,1,glioma,0.9944265189202248,919d6f0fb3ca462983d6df6ec06846e41abd9645
densenet121,B,1883,MR049142,image_level_seed11,5,1,glioma,0.0008104376103802,0.9986368750903838,0.000552687299236,1,glioma,0.9986368750903838,919d6f0fb3ca462983d6df6ec06846e41abd9645
densenet121,B,1884,MR049142,image_level_seed11,4,1,glioma,0.0041773994902587,0.995455339034387,0.0003672614753541,1,glioma,0.995455339034387,919d6f0fb3ca462983d6df6ec06846e41abd9645
densenet121,B,1885,MR048994B,image_level_seed11,1,1,glioma,0.0002481671481523,0.9995020657036996,0.0002497671481479,1,glioma,0.9995020657036996,919d6f0fb3ca462983d6df6ec06846e41abd9645
densenet121,B,1886,MR048994B,image_level_seed11,4,1,glioma,0.0003091271126263,0.9995528511225594,0.0001380217648143,1,glioma,0.9995528511225594,919d6f0fb3ca462983d6df6ec06846e41abd9645
densenet121,B,1887,MR048994B,image_level_seed11,4,1,glioma,0.0002305633241083,0.999640500771813,0.0001289359040786,1,glioma,0.999640500771813,919d6f0fb3ca462983d6df6ec06846e41abd9645
densenet121,B,1888,MR048994B,image_level_seed11,5,1,glioma,0.0004001643705889,0.9992870768076704,0.0003127588217409,1,glioma,0.9992870768076704,919d6f0fb3ca462983d6df6ec06846e41abd9645
densenet121,B,1889,MR048994B,image_level_seed11,3,1,glioma,0.0001770682197293,0.9997526949229892,7.02368572812266e-05,1,glioma,0.9997526949229892,919d6f0fb3ca462983d6df6ec06846e41abd9645
densenet121,B,1890,MR048994B,image_level_seed11,2,1,glioma,0.0005701465716047,0.999294571284946,0.0001352821434491,1,glioma,0.999294571284946,919d6f0fb3ca462983d6df6ec06846e41abd9645
densenet121,B,1891,MR048994B,image_level_seed11,2,1,glioma,0.0013574691074604,0.9984494667266706,0.0001930641658691,1,glioma,0.9984494667266706,919d6f0fb3ca462983d6df6ec06846e41abd9645
densenet121,B,1892,MR048994B,image_level_seed11,2,1,glioma,0.0005875956305583,0.9992923192195357,0.0001200851499058,1,glioma,0.9992923192195357,919d6f0fb3ca462983d6df6ec06846e41abd9645
densenet121,B,1893,MR048944B,image_level_seed11,2,1,glioma,0.0004653992367029,0.9989844800895628,0.000550120673734,1,glioma,0.9989844800895628,919d6f0fb3ca462983d6df6ec06846e41abd9645
densenet121,B,1894,MR048944B,image_level_seed11,4,1,glioma,0.0001558585255266,0.9997662738723346,7.786760213870502e-05,1,glioma,0.9997662738723346,919d6f0fb3ca462983d6df6ec06846e41abd9645
densenet121,B,1895,MR048944B,image_level_seed11,5,1,glioma,0.0001817019816398,0.9996606018437542,0.0001576961746061,1,glioma,0.9996606018437542,919d6f0fb3ca462983d6df6ec06846e41abd9645
densenet121,B,1896,MR048944B,image_level_seed11,5,1,glioma,0.0006572251788659,0.998912243462665,0.0004305313584688,1,glioma,0.998912243462665,919d6f0fb3ca462983d6df6ec06846e41abd9645
densenet121,B,1897,MR048944B,image_level_seed11,1,1,glioma,0.0001692136101502,0.999751982873587,7.880351626260965e-05,1,glioma,0.999751982873587,919d6f0fb3ca462983d6df6ec06846e41abd9645
densenet121,B,1898,MR048944B,image_level_seed11,2,1,glioma,0.0003436879270275,0.999431227818038,0.0002250842549344,1,glioma,0.999431227818038,919d6f0fb3ca462983d6df6ec06846e41abd9645
densenet121,B,1899,MR049358,image_level_seed11,5,1,glioma,0.0019956837915991,0.9911418918276896,0.0068624243807111,1,glioma,0.9911418918276896,919d6f0fb3ca462983d6df6ec06846e41abd9645
densenet121,B,1900,MR049358,image_level_seed11,1,1,glioma,0.0006749421614667,0.9885414518238116,0.0107836060147217,1,glioma,0.9885414518238116,919d6f0fb3ca462983d6df6ec06846e41abd9645
densenet121,B,1901,MR049358,image_level_seed11,4,1,glioma,0.0003857484009839,0.9995388909062304,7.536069278553904e-05,1,glioma,0.9995388909062304,919d6f0fb3ca462983d6df6ec06846e41abd9645
densenet121,B,1902,MR049358,image_level_seed11,5,1,glioma,0.0003286879289435,0.9994200104920622,0.0002513015789943,1,glioma,0.9994200104920622,919d6f0fb3ca462983d6df6ec06846e41abd9645
densenet121,B,1903,MR049358,image_level_seed11,2,1,glioma,0.0002589846216799,0.9995082452632128,0.0002327701151073,1,glioma,0.9995082452632128,919d6f0fb3ca462983d6df6ec06846e41abd9645
densenet121,B,1904,MR049358,image_level_seed11,3,1,glioma,0.0002818635156082,0.9993075668936736,0.0004105695907183,1,glioma,0.9993075668936736,919d6f0fb3ca462983d6df6ec06846e41abd9645
densenet121,B,1905,MR049358,image_level_seed11,5,1,glioma,0.0004522406047235,0.9979546768466324,0.001593082548644,1,glioma,0.9979546768466324,919d6f0fb3ca462983d6df6ec06846e41abd9645
densenet121,B,1906,MR049358,image_level_seed11,4,1,glioma,0.0006423129229991,0.9990873380883316,0.0002703489886695,1,glioma,0.9990873380883316,919d6f0fb3ca462983d6df6ec06846e41abd9645
densenet121,B,1907,MR049358,image_level_seed11,1,1,glioma,0.0002485845472852,0.999607540163039,0.0001438752896756,1,glioma,0.999607540163039,919d6f0fb3ca462983d6df6ec06846e41abd9645
densenet121,B,1908,MR049358,image_level_seed11,1,1,glioma,0.0007042488611228,0.9988569356397012,0.0004388154991759,1,glioma,0.9988569356397012,919d6f0fb3ca462983d6df6ec06846e41abd9645
densenet121,B,1909,MR049104B,image_level_seed11,1,1,glioma,8.535967674572303e-05,0.9995984539471944,0.00031618637606,1,glioma,0.9995984539471944,919d6f0fb3ca462983d6df6ec06846e41abd9645
densenet121,B,1910,MR049104B,image_level_seed11,4,1,glioma,0.0001198003472337,0.999399696783982,0.0004805028687843,1,glioma,0.999399696783982,919d6f0fb3ca462983d6df6ec06846e41abd9645
densenet121,B,1911,MR049104B,image_level_seed11,4,1,glioma,0.0002685004371341,0.9977669872666652,0.0019645122962005,1,glioma,0.9977669872666652,919d6f0fb3ca462983d6df6ec06846e41abd9645
densenet121,B,1912,MR049104B,image_level_seed11,2,1,glioma,0.0002208278246663,0.999140219954506,0.0006389522208274,1,glioma,0.999140219954506,919d6f0fb3ca462983d6df6ec06846e41abd9645
densenet121,B,1913,MR049104B,image_level_seed11,4,1,glioma,0.0002907667605219,0.9988986724567444,0.0008105607827338,1,glioma,0.9988986724567444,919d6f0fb3ca462983d6df6ec06846e41abd9645
densenet121,B,1914,MR049453,image_level_seed11,5,1,glioma,0.0003667798578541,0.9993328769453804,0.0003003431967652,1,glioma,0.9993328769453804,919d6f0fb3ca462983d6df6ec06846e41abd9645
densenet121,B,1915,MR049453,image_level_seed11,2,1,glioma,0.0002007734943366,0.999376394543744,0.0004228319619193,1,glioma,0.999376394543744,919d6f0fb3ca462983d6df6ec06846e41abd9645
densenet121,B,1916,MR049453,image_level_seed11,5,1,glioma,0.0006094631123974,0.9987484061934568,0.0006421306941457,1,glioma,0.9987484061934568,919d6f0fb3ca462983d6df6ec06846e41abd9645
densenet121,B,1917,MR049453,image_level_seed11,2,1,glioma,0.0001016322643396,0.9997968713406732,0.000101496394987,1,glioma,0.9997968713406732,919d6f0fb3ca462983d6df6ec06846e41abd9645
densenet121,B,1918,MR049453,image_level_seed11,4,1,glioma,0.000436357232876,0.9993448346090474,0.0002188081580765,1,glioma,0.9993448346090474,919d6f0fb3ca462983d6df6ec06846e41abd9645
densenet121,B,1919,MR049453,image_level_seed11,2,1,glioma,0.0001312715057196,0.999775292009932,9.343648434858892e-05,1,glioma,0.999775292009932,919d6f0fb3ca462983d6df6ec06846e41abd9645
densenet121,B,1920,MR049453,image_level_seed11,3,1,glioma,0.0001857601529913,0.9996936637645154,0.0001205760824932,1,glioma,0.9996936637645154,919d6f0fb3ca462983d6df6ec06846e41abd9645
densenet121,B,1921,MR024780G,image_level_seed11,1,1,glioma,0.0009974511520582,0.9646453660280052,0.0343571828199365,1,glioma,0.9646453660280052,919d6f0fb3ca462983d6df6ec06846e41abd9645
densenet121,B,1922,MR024780G,image_level_seed11,5,1,glioma,0.0004320836264695,0.9989978038925404,0.0005701124809899,1,glioma,0.9989978038925404,919d6f0fb3ca462983d6df6ec06846e41abd9645
densenet121,B,1923,MR024780G,image_level_seed11,1,1,glioma,0.0001664053099094,0.9995004168816404,0.0003331778084501,1,glioma,0.9995004168816404,919d6f0fb3ca462983d6df6ec06846e41abd9645
densenet121,B,1924,MR024780G,image_level_seed11,4,1,glioma,0.0004945382118506,0.9987463546264068,0.0007591071617425,1,glioma,0.9987463546264068,919d6f0fb3ca462983d6df6ec06846e41abd9645
densenet121,B,1925,MR024780G,image_level_seed11,2,1,glioma,0.0004380907187008,0.9986149244220188,0.0009469848592802,1,glioma,0.9986149244220188,919d6f0fb3ca462983d6df6ec06846e41abd9645
densenet121,B,1926,MR024780G,image_level_seed11,2,1,glioma,0.0003545090792201,0.9991019763131858,0.0005435146075942,1,glioma,0.9991019763131858,919d6f0fb3ca462983d6df6ec06846e41abd9645
densenet121,B,1927,MR024780G,image_level_seed11,2,1,glioma,0.000319954106857,0.9994632390306198,0.0002168068625232,1,glioma,0.9994632390306198,919d6f0fb3ca462983d6df6ec06846e41abd9645
densenet121,B,1928,MR024780G,image_level_seed11,2,1,glioma,0.0003734159781988,0.999384791552479,0.0002417924693222,1,glioma,0.999384791552479,919d6f0fb3ca462983d6df6ec06846e41abd9645
densenet121,B,1929,MR024780G,image_level_seed11,4,1,glioma,0.0001555231634687,0.9996612468237612,0.0001832300127697,1,glioma,0.9996612468237612,919d6f0fb3ca462983d6df6ec06846e41abd9645
densenet121,B,1930,MR024780G,image_level_seed11,4,1,glioma,0.0004710501602178,0.9971590861867288,0.0023698636530534,1,glioma,0.9971590861867288,919d6f0fb3ca462983d6df6ec06846e41abd9645
densenet121,B,1931,MR024780G,image_level_seed11,2,1,glioma,0.0005187442924787,0.9985677155189993,0.000913540188522,1,glioma,0.9985677155189993,919d6f0fb3ca462983d6df6ec06846e41abd9645
densenet121,B,1932,MR024780G,image_level_seed11,1,1,glioma,0.0002523878683579,0.9988562660398186,0.0008913460918233,1,glioma,0.9988562660398186,919d6f0fb3ca462983d6df6ec06846e41abd9645
densenet121,B,1933,MR024780G,image_level_seed11,5,1,glioma,0.0003653479946272,0.998965527111726,0.0006691248936466,1,glioma,0.998965527111726,919d6f0fb3ca462983d6df6ec06846e41abd9645
densenet121,B,1934,MR024780G,image_level_seed11,5,1,glioma,0.0003098847581715,0.999131919439119,0.0005581958027094,1,glioma,0.999131919439119,919d6f0fb3ca462983d6df6ec06846e41abd9645
densenet121,B,1935,MR024780G,image_level_seed11,2,1,glioma,0.0001883947875081,0.9994288645442444,0.0003827406682475,1,glioma,0.9994288645442444,919d6f0fb3ca462983d6df6ec06846e41abd9645
densenet121,B,1936,MR024780G,image_level_seed11,1,1,glioma,0.0002205824920472,0.9991823066718692,0.0005971108360837,1,glioma,0.9991823066718692,919d6f0fb3ca462983d6df6ec06846e41abd9645
densenet121,B,1937,MR049453B,image_level_seed11,2,1,glioma,0.0004703908647568,0.9975063483496276,0.0020232607856155,1,glioma,0.9975063483496276,919d6f0fb3ca462983d6df6ec06846e41abd9645
densenet121,B,1938,MR049453B,image_level_seed11,2,1,glioma,0.0006066904733776,0.997825940368168,0.0015673691584545,1,glioma,0.997825940368168,919d6f0fb3ca462983d6df6ec06846e41abd9645
densenet121,B,1939,MR049453B,image_level_seed11,4,1,glioma,0.0010188042700824,0.9971009493236654,0.001880246406252,1,glioma,0.9971009493236654,919d6f0fb3ca462983d6df6ec06846e41abd9645
densenet121,B,1940,MR049453B,image_level_seed11,3,1,glioma,0.0003659248066369,0.9990159617932208,0.0006181134001422,1,glioma,0.9990159617932208,919d6f0fb3ca462983d6df6ec06846e41abd9645
densenet121,B,1941,MR049453B,image_level_seed11,2,1,glioma,0.0002255628085753,0.9993483280113132,0.0004261091801114,1,glioma,0.9993483280113132,919d6f0fb3ca462983d6df6ec06846e41abd9645
densenet121,B,1942,MR049453B,image_level_seed11,1,1,glioma,0.0001176354918825,0.999764454092322,0.0001179104157954,1,glioma,0.999764454092322,919d6f0fb3ca462983d6df6ec06846e41abd9645
densenet121,B,1943,MR049453B,image_level_seed11,3,1,glioma,0.0002033952376499,0.99965010962816,0.0001464951341899,1,glioma,0.99965010962816,919d6f0fb3ca462983d6df6ec06846e41abd9645
densenet121,B,1944,MR049453B,image_level_seed11,1,1,glioma,0.0002058957250452,0.9997014211284874,9.268314646751e-05,1,glioma,0.9997014211284874,919d6f0fb3ca462983d6df6ec06846e41abd9645
densenet121,B,1945,MR048294B,image_level_seed11,2,1,glioma,0.0002286878241625,0.9989601080013324,0.000811204174505,1,glioma,0.9989601080013324,919d6f0fb3ca462983d6df6ec06846e41abd9645
densenet121,B,1946,MR048294B,image_level_seed11,2,1,glioma,0.0001095329919046,0.9995936889740642,0.0002967780340312,1,glioma,0.9995936889740642,919d6f0fb3ca462983d6df6ec06846e41abd9645
densenet121,B,1947,MR048294B,image_level_seed11,5,1,glioma,0.0004517724765217,0.999125054379129,0.0004231731443492,1,glioma,0.999125054379129,919d6f0fb3ca462983d6df6ec06846e41abd9645
densenet121,B,1948,MR048621B,image_level_seed11,3,1,glioma,0.0024927767323362,0.994764043429854,0.0027431798378096,1,glioma,0.994764043429854,919d6f0fb3ca462983d6df6ec06846e41abd9645
densenet121,B,1949,MR048621B,image_level_seed11,2,1,glioma,0.0098514989137404,0.9893150188423128,0.0008334822439467,1,glioma,0.9893150188423128,919d6f0fb3ca462983d6df6ec06846e41abd9645
densenet121,B,1950,MR050135B,image_level_seed11,2,1,glioma,0.001273320326031,0.990348805150938,0.008377874523031,1,glioma,0.990348805150938,919d6f0fb3ca462983d6df6ec06846e41abd9645
densenet121,B,1951,MR050135B,image_level_seed11,4,1,glioma,0.0007376318897352,0.9937537552420728,0.005508612868192,1,glioma,0.9937537552420728,919d6f0fb3ca462983d6df6ec06846e41abd9645
densenet121,B,1952,MR050135B,image_level_seed11,5,1,glioma,0.0002483976322476,0.9995746622694116,0.0001769400983405,1,glioma,0.9995746622694116,919d6f0fb3ca462983d6df6ec06846e41abd9645
densenet121,B,1953,MR050135B,image_level_seed11,1,1,glioma,0.0006528768506718,0.9992146253080502,0.0001324978412779,1,glioma,0.9992146253080502,919d6f0fb3ca462983d6df6ec06846e41abd9645
densenet121,B,1954,MR050135B,image_level_seed11,5,1,glioma,0.0010198364060276,0.998513821416316,0.0004663421776563,1,glioma,0.998513821416316,919d6f0fb3ca462983d6df6ec06846e41abd9645
densenet121,B,1955,MR050135B,image_level_seed11,4,1,glioma,0.0016646611551512,0.9981799699538904,0.0001553688909582,1,glioma,0.9981799699538904,919d6f0fb3ca462983d6df6ec06846e41abd9645
densenet121,B,1956,MR050135B,image_level_seed11,4,1,glioma,0.0004995109389844,0.99822889509999,0.0012715939610256,1,glioma,0.99822889509999,919d6f0fb3ca462983d6df6ec06846e41abd9645
densenet121,B,1957,MR050135B,image_level_seed11,2,1,glioma,0.0002412234903918,0.9993401061076872,0.0004186704019207,1,glioma,0.9993401061076872,919d6f0fb3ca462983d6df6ec06846e41abd9645
densenet121,B,1958,MR050135B,image_level_seed11,1,1,glioma,0.0009964839542562,0.9968656768830432,0.0021378391627004,1,glioma,0.9968656768830432,919d6f0fb3ca462983d6df6ec06846e41abd9645
densenet121,B,1959,MR050135B,image_level_seed11,4,1,glioma,0.0007547387705195,0.9981532694793422,0.0010919917501381,1,glioma,0.9981532694793422,919d6f0fb3ca462983d6df6ec06846e41abd9645
densenet121,B,1960,MR050135B,image_level_seed11,4,1,glioma,0.0005144527710198,0.9987440510497232,0.0007414961792567,1,glioma,0.9987440510497232,919d6f0fb3ca462983d6df6ec06846e41abd9645
densenet121,B,1961,MR050135B,image_level_seed11,3,1,glioma,0.000274548549069,0.9994978002693108,0.00022765118162,1,glioma,0.9994978002693108,919d6f0fb3ca462983d6df6ec06846e41abd9645
densenet121,B,1962,MR050135B,image_level_seed11,4,1,glioma,0.0003855343326294,0.999382514164867,0.0002319515025035,1,glioma,0.999382514164867,919d6f0fb3ca462983d6df6ec06846e41abd9645
densenet121,B,1963,MR050135B,image_level_seed11,4,1,glioma,0.0004038288844794,0.9994421001595732,0.0001540709559474,1,glioma,0.9994421001595732,919d6f0fb3ca462983d6df6ec06846e41abd9645
densenet121,B,1964,MR050687,image_level_seed11,1,1,glioma,0.0002087146724851,0.9997439084631924,4.737686432248658e-05,1,glioma,0.9997439084631924,919d6f0fb3ca462983d6df6ec06846e41abd9645
densenet121,B,1965,MR050687,image_level_seed11,5,1,glioma,0.000990575875296,0.998308498915731,0.0007009252089728,1,glioma,0.998308498915731,919d6f0fb3ca462983d6df6ec06846e41abd9645
densenet121,B,1966,MR050687,image_level_seed11,3,1,glioma,0.0004869536980356,0.9993872072288704,0.0001258390730938,1,glioma,0.9993872072288704,919d6f0fb3ca462983d6df6ec06846e41abd9645
densenet121,B,1967,MR050687,image_level_seed11,2,1,glioma,0.0009399645079877,0.9990023061401428,5.772935186955496e-05,1,glioma,0.9990023061401428,919d6f0fb3ca462983d6df6ec06846e41abd9645
densenet121,B,1968,MR050687,image_level_seed11,2,1,glioma,9.91503785083934e-05,0.9998873728690212,1.3476752470322674e-05,1,glioma,0.9998873728690212,919d6f0fb3ca462983d6df6ec06846e41abd9645
densenet121,B,1969,MR050687,image_level_seed11,3,1,glioma,0.0006815368370002,0.9992476852905318,7.077787246798131e-05,1,glioma,0.9992476852905318,919d6f0fb3ca462983d6df6ec06846e41abd9645
densenet121,B,1970,MR050687,image_level_seed11,4,1,glioma,0.0087343973359514,0.9907879318000248,0.0004776708640236,1,glioma,0.9907879318000248,919d6f0fb3ca462983d6df6ec06846e41abd9645
densenet121,B,1971,MR050687,image_level_seed11,3,1,glioma,0.0038111103169313,0.99611443009573,7.445958733843924e-05,1,glioma,0.99611443009573,919d6f0fb3ca462983d6df6ec06846e41abd9645
densenet121,B,1972,MR050687,image_level_seed11,5,1,glioma,0.0017434259761053,0.998166863200272,8.971082362258416e-05,1,glioma,0.998166863200272,919d6f0fb3ca462983d6df6ec06846e41abd9645
densenet121,B,1973,MR050687,image_level_seed11,5,1,glioma,0.0028337655131844,0.9969439285522492,0.0002223059345665,1,glioma,0.9969439285522492,919d6f0fb3ca462983d6df6ec06846e41abd9645
densenet121,B,1974,MR050791B,image_level_seed11,4,1,glioma,0.0081780098458505,0.9912883538439043,0.000533636310245,1,glioma,0.9912883538439043,919d6f0fb3ca462983d6df6ec06846e41abd9645
densenet121,B,1975,MR050791B,image_level_seed11,1,1,glioma,0.0003253697584206,0.9996188713338038,5.5758907775625845e-05,1,glioma,0.9996188713338038,919d6f0fb3ca462983d6df6ec06846e41abd9645
densenet121,B,1976,MR050791B,image_level_seed11,1,1,glioma,0.0001417850134265,0.9997923851261064,6.582986046699266e-05,1,glioma,0.9997923851261064,919d6f0fb3ca462983d6df6ec06846e41abd9645
densenet121,B,1977,MR050791B,image_level_seed11,4,1,glioma,0.0007185777222991,0.9990048399425796,0.0002765823351211,1,glioma,0.9990048399425796,919d6f0fb3ca462983d6df6ec06846e41abd9645
densenet121,B,1978,MR050791B,image_level_seed11,4,1,glioma,0.0010763122496728,0.9988435275263624,8.016022396486332e-05,1,glioma,0.9988435275263624,919d6f0fb3ca462983d6df6ec06846e41abd9645
densenet121,B,1979,MR050791B,image_level_seed11,5,1,glioma,8.754414974687203e-05,0.9998433861223808,6.906972787231304e-05,1,glioma,0.9998433861223808,919d6f0fb3ca462983d6df6ec06846e41abd9645
densenet121,B,1980,MR050791B,image_level_seed11,2,1,glioma,2.4479238456549605e-05,0.9999622005483884,1.3320213155092865e-05,1,glioma,0.9999622005483884,919d6f0fb3ca462983d6df6ec06846e41abd9645
densenet121,B,1981,MR050791B,image_level_seed11,4,1,glioma,0.0001449882248181,0.9998279771855918,2.7034589589967132e-05,1,glioma,0.9998279771855918,919d6f0fb3ca462983d6df6ec06846e41abd9645
densenet121,B,1982,MR050791B,image_level_seed11,4,1,glioma,0.0010813268031264,0.9985007651405252,0.0004179080563484,1,glioma,0.9985007651405252,919d6f0fb3ca462983d6df6ec06846e41abd9645
densenet121,B,1983,MR050791B,image_level_seed11,2,1,glioma,7.279033307727239e-05,0.9999043984227772,2.2811244145667115e-05,1,glioma,0.9999043984227772,919d6f0fb3ca462983d6df6ec06846e41abd9645
densenet121,B,1984,MR049019C,image_level_seed11,1,1,glioma,0.0005873054335532,0.9988018924876552,0.0006108020787916,1,glioma,0.9988018924876552,919d6f0fb3ca462983d6df6ec06846e41abd9645
densenet121,B,1985,MR049019C,image_level_seed11,1,1,glioma,0.0009349940191953,0.9988623527653876,0.000202653215417,1,glioma,0.9988623527653876,919d6f0fb3ca462983d6df6ec06846e41abd9645
densenet121,B,1986,MR049019C,image_level_seed11,5,1,glioma,0.0015199100284436,0.996106014499651,0.0023740754719052,1,glioma,0.996106014499651,919d6f0fb3ca462983d6df6ec06846e41abd9645
densenet121,B,1987,MR026175C,image_level_seed11,4,1,glioma,0.0001877232143948,0.9996871490717996,0.0001251277138053,1,glioma,0.9996871490717996,919d6f0fb3ca462983d6df6ec06846e41abd9645
densenet121,B,1988,MR026175C,image_level_seed11,1,1,glioma,0.0001223522459201,0.9996524682584648,0.0002251794956147,1,glioma,0.9996524682584648,919d6f0fb3ca462983d6df6ec06846e41abd9645
densenet121,B,1989,MR026175C,image_level_seed11,4,1,glioma,0.000448691245319,0.999314811749314,0.0002364970053668,1,glioma,0.999314811749314,919d6f0fb3ca462983d6df6ec06846e41abd9645
densenet121,B,1990,MR026175C,image_level_seed11,2,1,glioma,0.0001141209639222,0.9997637702725328,0.0001221087635448,1,glioma,0.9997637702725328,919d6f0fb3ca462983d6df6ec06846e41abd9645
densenet121,B,1991,MR026175C,image_level_seed11,5,1,glioma,0.0001306191507114,0.9997196120796552,0.0001497687696333,1,glioma,0.9997196120796552,919d6f0fb3ca462983d6df6ec06846e41abd9645
densenet121,B,1992,MR026175C,image_level_seed11,4,1,glioma,0.000309351892213,0.99902911911215,0.0006615289956369,1,glioma,0.99902911911215,919d6f0fb3ca462983d6df6ec06846e41abd9645
densenet121,B,1993,MR026175C,image_level_seed11,2,1,glioma,0.0001431789191033,0.9993777896580508,0.0004790314228459,1,glioma,0.9993777896580508,919d6f0fb3ca462983d6df6ec06846e41abd9645
densenet121,B,1994,MR026175C,image_level_seed11,4,1,glioma,0.0003233688996475,0.9991715177260652,0.0005051133742873,1,glioma,0.9991715177260652,919d6f0fb3ca462983d6df6ec06846e41abd9645
densenet121,B,1995,MR026175C,image_level_seed11,5,1,glioma,0.0001332682050838,0.9997724185448011,9.431325011514676e-05,1,glioma,0.9997724185448011,919d6f0fb3ca462983d6df6ec06846e41abd9645
densenet121,B,1996,MR026175C,image_level_seed11,4,1,glioma,0.0004303540642164,0.9992634509453155,0.0003061949904678,1,glioma,0.9992634509453155,919d6f0fb3ca462983d6df6ec06846e41abd9645
densenet121,B,1997,MR026175C,image_level_seed11,2,1,glioma,0.0002178514097464,0.9995759776503218,0.0002061709399318,1,glioma,0.9995759776503218,919d6f0fb3ca462983d6df6ec06846e41abd9645
densenet121,B,1998,MR051461,image_level_seed11,4,1,glioma,0.0003393638854226,0.9996088662641086,5.176985046878006e-05,1,glioma,0.9996088662641086,919d6f0fb3ca462983d6df6ec06846e41abd9645
densenet121,B,1999,MR051461,image_level_seed11,5,1,glioma,0.000216311141919,0.9997015351074174,8.215375066369057e-05,1,glioma,0.9997015351074174,919d6f0fb3ca462983d6df6ec06846e41abd9645
densenet121,B,2000,MR051461,image_level_seed11,3,1,glioma,0.000198505458315,0.9997573248422388,4.4169699446382286e-05,1,glioma,0.9997573248422388,919d6f0fb3ca462983d6df6ec06846e41abd9645
densenet121,B,2001,MR051461,image_level_seed11,5,1,glioma,0.0007082020878061,0.9989899365814302,0.0003018613307634,1,glioma,0.9989899365814302,919d6f0fb3ca462983d6df6ec06846e41abd9645
densenet121,B,2002,MR051461,image_level_seed11,1,1,glioma,0.0003074331277898,0.9995796467492258,0.0001129201229842,1,glioma,0.9995796467492258,919d6f0fb3ca462983d6df6ec06846e41abd9645
densenet121,B,2003,MR051461,image_level_seed11,2,1,glioma,0.0005068386043774,0.9992871481890878,0.0002060132065347,1,glioma,0.9992871481890878,919d6f0fb3ca462983d6df6ec06846e41abd9645
densenet121,B,2004,MR051461,image_level_seed11,2,1,glioma,0.000688652568345,0.9990912936889847,0.00022005374267,1,glioma,0.9990912936889847,919d6f0fb3ca462983d6df6ec06846e41abd9645
densenet121,B,2005,MR051586,image_level_seed11,1,1,glioma,0.0001249198297151,0.9998353843094144,3.969586087055756e-05,1,glioma,0.9998353843094144,919d6f0fb3ca462983d6df6ec06846e41abd9645
densenet121,B,2006,MR051586,image_level_seed11,1,1,glioma,0.000281258861997,0.9996453993951832,7.33417428195879e-05,1,glioma,0.9996453993951832,919d6f0fb3ca462983d6df6ec06846e41abd9645
densenet121,B,2007,MR051586,image_level_seed11,2,1,glioma,0.000188121592144,0.9997590199324192,5.285847543660237e-05,1,glioma,0.9997590199324192,919d6f0fb3ca462983d6df6ec06846e41abd9645
densenet121,B,2008,MR051586,image_level_seed11,5,1,glioma,0.000174727924905,0.999781454431574,4.381764352082756e-05,1,glioma,0.999781454431574,919d6f0fb3ca462983d6df6ec06846e41abd9645
densenet121,B,2009,MR051586,image_level_seed11,3,1,glioma,8.541500467896535e-05,0.9998815640385844,3.3020956736765704e-05,1,glioma,0.9998815640385844,919d6f0fb3ca462983d6df6ec06846e41abd9645
densenet121,B,2010,MR051586,image_level_seed11,1,1,glioma,0.0003661036724528,0.9994985664357529,0.0001353298917943,1,glioma,0.9994985664357529,919d6f0fb3ca462983d6df6ec06846e41abd9645
densenet121,B,2011,MR051586,image_level_seed11,2,1,glioma,0.0004588824638194,0.9993449077364112,0.0001962097997694,1,glioma,0.9993449077364112,919d6f0fb3ca462983d6df6ec06846e41abd9645
densenet121,B,2012,MR051461B,image_level_seed11,2,1,glioma,0.0008413163573574,0.9990305855746886,0.000128098067954,1,glioma,0.9990305855746886,919d6f0fb3ca462983d6df6ec06846e41abd9645
densenet121,B,2013,MR051461B,image_level_seed11,2,1,glioma,0.0007728637636489,0.99908549537767,0.0001416408586811,1,glioma,0.99908549537767,919d6f0fb3ca462983d6df6ec06846e41abd9645
densenet121,B,2014,MR051461B,image_level_seed11,4,1,glioma,0.0018116466241794,0.9980533122798444,0.0001350410959761,1,glioma,0.9980533122798444,919d6f0fb3ca462983d6df6ec06846e41abd9645
densenet121,B,2015,MR051461B,image_level_seed11,4,1,glioma,0.0008309324216867,0.9991034099865485,6.565759176498205e-05,1,glioma,0.9991034099865485,919d6f0fb3ca462983d6df6ec06846e41abd9645
densenet121,B,2016,MR051461B,image_level_seed11,4,1,glioma,0.0008516774929904,0.9990702416360168,7.808087099304141e-05,1,glioma,0.9990702416360168,919d6f0fb3ca462983d6df6ec06846e41abd9645
densenet121,B,2017,MR051644,image_level_seed11,2,1,glioma,0.001421546951881,0.9968858007743134,0.0016926522738058,1,glioma,0.9968858007743134,919d6f0fb3ca462983d6df6ec06846e41abd9645
densenet121,B,2018,MR051644,image_level_seed11,4,1,glioma,0.0021839687841796,0.9959396097311156,0.0018764214847046,1,glioma,0.9959396097311156,919d6f0fb3ca462983d6df6ec06846e41abd9645
densenet121,B,2019,MR051644,image_level_seed11,2,1,glioma,0.0003483309849861,0.999431630406337,0.0002200386086769,1,glioma,0.999431630406337,919d6f0fb3ca462983d6df6ec06846e41abd9645
densenet121,B,2020,MR051644,image_level_seed11,3,1,glioma,0.0066557223733846,0.9931722507785252,0.00017202684809,1,glioma,0.9931722507785252,919d6f0fb3ca462983d6df6ec06846e41abd9645
densenet121,B,2021,MR051644,image_level_seed11,5,1,glioma,0.0007019389207045,0.9992032711253896,9.478995390570802e-05,1,glioma,0.9992032711253896,919d6f0fb3ca462983d6df6ec06846e41abd9645
densenet121,B,2022,MR051644,image_level_seed11,2,1,glioma,0.0010811256955505,0.9987656102787869,0.0001532640256626,1,glioma,0.9987656102787869,919d6f0fb3ca462983d6df6ec06846e41abd9645
densenet121,B,2023,MR051644,image_level_seed11,2,1,glioma,0.0015970733009739,0.99807336511747,0.000329561581556,1,glioma,0.99807336511747,919d6f0fb3ca462983d6df6ec06846e41abd9645
densenet121,B,2024,MR051644,image_level_seed11,4,1,glioma,0.0013485464711505,0.9980263911487502,0.0006250623800991,1,glioma,0.9980263911487502,919d6f0fb3ca462983d6df6ec06846e41abd9645
densenet121,B,2025,MR051644,image_level_seed11,5,1,glioma,0.000512739500339,0.9992679294012868,0.0002193310983742,1,glioma,0.9992679294012868,919d6f0fb3ca462983d6df6ec06846e41abd9645
densenet121,B,2026,MR051644,image_level_seed11,5,1,glioma,0.0045543577250981,0.9847123473563476,0.0107332949185545,1,glioma,0.9847123473563476,919d6f0fb3ca462983d6df6ec06846e41abd9645
densenet121,B,2027,MR051644,image_level_seed11,5,1,glioma,0.0002683359373017,0.999381523189055,0.0003501408736432,1,glioma,0.999381523189055,919d6f0fb3ca462983d6df6ec06846e41abd9645
densenet121,B,2028,MR051644,image_level_seed11,1,1,glioma,8.17302653441482e-05,0.9998386721872526,7.959754740315491e-05,1,glioma,0.9998386721872526,919d6f0fb3ca462983d6df6ec06846e41abd9645
densenet121,B,2029,MR051644,image_level_seed11,3,1,glioma,0.0002448164357168,0.9994309127801824,0.0003242707841006,1,glioma,0.9994309127801824,919d6f0fb3ca462983d6df6ec06846e41abd9645
densenet121,B,2030,MR051644,image_level_seed11,2,1,glioma,0.0001484827449213,0.9996984241636828,0.0001530930913959,1,glioma,0.9996984241636828,919d6f0fb3ca462983d6df6ec06846e41abd9645
densenet121,B,2031,MR051644,image_level_seed11,3,1,glioma,0.0007274064488146,0.999002898741836,0.0002696948093492,1,glioma,0.999002898741836,919d6f0fb3ca462983d6df6ec06846e41abd9645
densenet121,B,2032,MR051651,image_level_seed11,3,1,glioma,0.0015719655045348,0.9983382456527464,8.978884271874074e-05,1,glioma,0.9983382456527464,919d6f0fb3ca462983d6df6ec06846e41abd9645
densenet121,B,2033,MR051651,image_level_seed11,3,1,glioma,0.0019836018791775,0.9979815108429784,3.488727784403406e-05,1,glioma,0.9979815108429784,919d6f0fb3ca462983d6df6ec06846e41abd9645
densenet121,B,2034,MR051651,image_level_seed11,1,1,glioma,0.0002622143303611,0.999701353352394,3.643231724485594e-05,1,glioma,0.999701353352394,919d6f0fb3ca462983d6df6ec06846e41abd9645
densenet121,B,2035,MR051651,image_level_seed11,2,1,glioma,0.0002709241681687,0.9997037753567786,2.530047505265358e-05,1,glioma,0.9997037753567786,919d6f0fb3ca462983d6df6ec06846e41abd9645
densenet121,B,2036,MR051651,image_level_seed11,5,1,glioma,0.0006472617670847,0.9992464927484976,0.0001062454844176,1,glioma,0.9992464927484976,919d6f0fb3ca462983d6df6ec06846e41abd9645
densenet121,B,2037,MR051651,image_level_seed11,2,1,glioma,0.0028458064532068,0.9969502846605288,0.0002039088862644,1,glioma,0.9969502846605288,919d6f0fb3ca462983d6df6ec06846e41abd9645
densenet121,B,2038,MR051796,image_level_seed11,4,1,glioma,0.0005477687044975,0.9990534004787172,0.0003988308167851,1,glioma,0.9990534004787172,919d6f0fb3ca462983d6df6ec06846e41abd9645
densenet121,B,2039,MR051796,image_level_seed11,3,1,glioma,0.0002438716206015,0.9995514177526346,0.0002047106267639,1,glioma,0.9995514177526346,919d6f0fb3ca462983d6df6ec06846e41abd9645
densenet121,B,2040,MR051796,image_level_seed11,4,1,glioma,0.0002412102220056,0.9995682167499378,0.0001905730280566,1,glioma,0.9995682167499378,919d6f0fb3ca462983d6df6ec06846e41abd9645
densenet121,B,2041,MR051796,image_level_seed11,4,1,glioma,0.0004196668966282,0.9994142496597253,0.0001660834436466,1,glioma,0.9994142496597253,919d6f0fb3ca462983d6df6ec06846e41abd9645
densenet121,B,2042,MR051796,image_level_seed11,2,1,glioma,0.0008118587494509,0.9987100822793782,0.0004780589711708,1,glioma,0.9987100822793782,919d6f0fb3ca462983d6df6ec06846e41abd9645
densenet121,B,2043,MR051796,image_level_seed11,5,1,glioma,0.001043338641931,0.9979600574016222,0.0009966039564467,1,glioma,0.9979600574016222,919d6f0fb3ca462983d6df6ec06846e41abd9645
densenet121,B,2044,MR051796,image_level_seed11,5,1,glioma,0.0032827923160579,0.9957123145898638,0.0010048930940783,1,glioma,0.9957123145898638,919d6f0fb3ca462983d6df6ec06846e41abd9645
densenet121,B,2045,MR051651B,image_level_seed11,2,1,glioma,0.0002255392807514,0.9997383173232668,3.6143395981753744e-05,1,glioma,0.9997383173232668,919d6f0fb3ca462983d6df6ec06846e41abd9645
densenet121,B,2046,MR051651B,image_level_seed11,4,1,glioma,0.0006992849198543,0.9992124337211978,8.828135894786567e-05,1,glioma,0.9992124337211978,919d6f0fb3ca462983d6df6ec06846e41abd9645
densenet121,B,2047,MR051651B,image_level_seed11,3,1,glioma,0.0021828854940751,0.997784176089613,3.293841631191751e-05,1,glioma,0.997784176089613,919d6f0fb3ca462983d6df6ec06846e41abd9645
densenet121,B,2048,MR051651B,image_level_seed11,2,1,glioma,0.0001183580555742,0.9998660665246314,1.5575419794450174e-05,1,glioma,0.9998660665246314,919d6f0fb3ca462983d6df6ec06846e41abd9645
densenet121,B,2049,MR051651B,image_level_seed11,3,1,glioma,0.000195240015087,0.9997764635683368,2.829641657618662e-05,1,glioma,0.9997764635683368,919d6f0fb3ca462983d6df6ec06846e41abd9645
densenet121,B,2050,MR051651B,image_level_seed11,1,1,glioma,0.0002306413875166,0.9997429543498748,2.6404262608397105e-05,1,glioma,0.9997429543498748,919d6f0fb3ca462983d6df6ec06846e41abd9645
densenet121,B,2051,MR051644B,image_level_seed11,5,1,glioma,0.0002250709011677,0.9996023662311826,0.0001725628676497,1,glioma,0.9996023662311826,919d6f0fb3ca462983d6df6ec06846e41abd9645
densenet121,B,2052,MR051644B,image_level_seed11,3,1,glioma,0.0002730327886351,0.9993327744817398,0.0003941927296251,1,glioma,0.9993327744817398,919d6f0fb3ca462983d6df6ec06846e41abd9645
densenet121,B,2053,MR051644B,image_level_seed11,2,1,glioma,0.0001371265371849,0.9997300691272196,0.0001328043355953,1,glioma,0.9997300691272196,919d6f0fb3ca462983d6df6ec06846e41abd9645
densenet121,B,2054,MR051644B,image_level_seed11,1,1,glioma,0.0002886839575126,0.9993125519867224,0.0003987640557651,1,glioma,0.9993125519867224,919d6f0fb3ca462983d6df6ec06846e41abd9645
densenet121,B,2055,MR051644B,image_level_seed11,4,1,glioma,0.0002775090283815,0.9995307846387405,0.0001917063328782,1,glioma,0.9995307846387405,919d6f0fb3ca462983d6df6ec06846e41abd9645
densenet121,B,2056,MR051644B,image_level_seed11,1,1,glioma,0.0001822521109,0.9995887890433148,0.000228958845785,1,glioma,0.9995887890433148,919d6f0fb3ca462983d6df6ec06846e41abd9645
densenet121,B,2057,MR051644B,image_level_seed11,1,1,glioma,0.0001288595706727,0.999783541160899,8.759926842832874e-05,1,glioma,0.999783541160899,919d6f0fb3ca462983d6df6ec06846e41abd9645
densenet121,B,2058,MR051796B,image_level_seed11,1,1,glioma,0.0001664040620956,0.9995060284445112,0.0003275674933929,1,glioma,0.9995060284445112,919d6f0fb3ca462983d6df6ec06846e41abd9645
densenet121,B,2059,MR051796B,image_level_seed11,3,1,glioma,0.0001559855098557,0.9996308643493304,0.0002131501408136,1,glioma,0.9996308643493304,919d6f0fb3ca462983d6df6ec06846e41abd9645
densenet121,B,2060,MR051796B,image_level_seed11,1,1,glioma,0.0002096800262698,0.9996433035539336,0.0001470164197963,1,glioma,0.9996433035539336,919d6f0fb3ca462983d6df6ec06846e41abd9645
densenet121,B,2061,MR052550,image_level_seed11,4,1,glioma,0.0005183489964174,0.999176573149081,0.0003050778545016,1,glioma,0.999176573149081,919d6f0fb3ca462983d6df6ec06846e41abd9645
densenet121,B,2062,MR052550,image_level_seed11,5,1,glioma,9.824690497870084e-05,0.9998622612608368,3.949183418476103e-05,1,glioma,0.9998622612608368,919d6f0fb3ca462983d6df6ec06846e41abd9645
densenet121,B,2063,MR052550,image_level_seed11,4,1,glioma,0.0002800750082177,0.9994293466854364,0.0002905783063458,1,glioma,0.9994293466854364,919d6f0fb3ca462983d6df6ec06846e41abd9645
densenet121,B,2064,MR052550,image_level_seed11,5,1,glioma,0.0001232315295702,0.999822069645834,5.469882459567748e-05,1,glioma,0.999822069645834,919d6f0fb3ca462983d6df6ec06846e41abd9645
densenet121,B,2065,MR051644C,image_level_seed11,2,1,glioma,0.0003407186880713,0.9993374728143172,0.0003218084976114,1,glioma,0.9993374728143172,919d6f0fb3ca462983d6df6ec06846e41abd9645
densenet121,B,2066,MR051644C,image_level_seed11,5,1,glioma,0.0001459138132882,0.9997323585504628,0.000121727636249,1,glioma,0.9997323585504628,919d6f0fb3ca462983d6df6ec06846e41abd9645
densenet121,B,2067,MR051644C,image_level_seed11,4,1,glioma,0.0002636177155303,0.9996256289152002,0.0001107533692693,1,glioma,0.9996256289152002,919d6f0fb3ca462983d6df6ec06846e41abd9645
densenet121,B,2068,MR051644C,image_level_seed11,1,1,glioma,0.0001563454144098,0.9996991122778256,0.0001445423077644,1,glioma,0.9996991122778256,919d6f0fb3ca462983d6df6ec06846e41abd9645
densenet121,B,2069,MR051644C,image_level_seed11,4,1,glioma,0.0001744088051139,0.9997241523540084,0.0001014388408775,1,glioma,0.9997241523540084,919d6f0fb3ca462983d6df6ec06846e41abd9645
densenet121,B,2070,MR051644C,image_level_seed11,1,1,glioma,9.287414368688286e-05,0.999732296515204,0.0001748293411089,1,glioma,0.999732296515204,919d6f0fb3ca462983d6df6ec06846e41abd9645
densenet121,B,2071,MR051644C,image_level_seed11,3,1,glioma,0.000183684544658,0.999626395354288,0.0001899201010539,1,glioma,0.999626395354288,919d6f0fb3ca462983d6df6ec06846e41abd9645
densenet121,B,2072,MR051644C,image_level_seed11,2,1,glioma,2.7026813769491532e-05,0.9999539534350276,1.9019751202970673e-05,1,glioma,0.9999539534350276,919d6f0fb3ca462983d6df6ec06846e41abd9645
densenet121,B,2073,MR051644C,image_level_seed11,4,1,glioma,8.901638669434113e-05,0.9998601700431196,5.081357018622156e-05,1,glioma,0.9998601700431196,919d6f0fb3ca462983d6df6ec06846e41abd9645
densenet121,B,2074,MR051644C,image_level_seed11,5,1,glioma,0.0001064849909409,0.9998528691317006,4.0645877358402896e-05,1,glioma,0.9998528691317006,919d6f0fb3ca462983d6df6ec06846e41abd9645
densenet121,B,2075,MR051644C,image_level_seed11,2,1,glioma,6.345395099286202e-05,0.9998753988386404,6.114721036686987e-05,1,glioma,0.9998753988386404,919d6f0fb3ca462983d6df6ec06846e41abd9645
densenet121,B,2076,MR051644C,image_level_seed11,5,1,glioma,0.0002342445881076,0.9996338036063536,0.0001319518055387,1,glioma,0.9996338036063536,919d6f0fb3ca462983d6df6ec06846e41abd9645
densenet121,B,2077,MR049942B,image_level_seed11,4,1,glioma,0.0003011444256644,0.9992238299225384,0.0004750256517969,1,glioma,0.9992238299225384,919d6f0fb3ca462983d6df6ec06846e41abd9645
densenet121,B,2078,MR049942B,image_level_seed11,3,1,glioma,0.0001443224523975,0.999734249429869,0.0001214281177332,1,glioma,0.999734249429869,919d6f0fb3ca462983d6df6ec06846e41abd9645
densenet121,B,2079,MR049942B,image_level_seed11,3,1,glioma,0.0001351054566349,0.9997920189568528,7.287558651217602e-05,1,glioma,0.9997920189568528,919d6f0fb3ca462983d6df6ec06846e41abd9645
densenet121,B,2080,MR052585B,image_level_seed11,5,1,glioma,0.0008387726961124,0.998837816617844,0.0003234106860435,1,glioma,0.998837816617844,919d6f0fb3ca462983d6df6ec06846e41abd9645
densenet121,B,2081,MR052585B,image_level_seed11,4,1,glioma,0.0001983822505229,0.9997603957242168,4.12220252602004e-05,1,glioma,0.9997603957242168,919d6f0fb3ca462983d6df6ec06846e41abd9645
densenet121,B,2082,MR052585B,image_level_seed11,1,1,glioma,0.0002823057467584,0.9994573244612373,0.0002603697920043,1,glioma,0.9994573244612373,919d6f0fb3ca462983d6df6ec06846e41abd9645
densenet121,B,2083,MR047953C,image_level_seed11,5,1,glioma,0.0004484320740374,0.9988738039910818,0.0006777639348807,1,glioma,0.9988738039910818,919d6f0fb3ca462983d6df6ec06846e41abd9645
densenet121,B,2084,MR047953C,image_level_seed11,2,1,glioma,0.0001428004583947,0.999402245715378,0.0004549538262273,1,glioma,0.999402245715378,919d6f0fb3ca462983d6df6ec06846e41abd9645
densenet121,B,2085,MR047953C,image_level_seed11,3,1,glioma,0.0003799426900718,0.9985105737219696,0.0011094835879586,1,glioma,0.9985105737219696,919d6f0fb3ca462983d6df6ec06846e41abd9645
densenet121,B,2086,MR047953C,image_level_seed11,2,1,glioma,0.0003299645553858,0.9991758397209556,0.0004941957236586,1,glioma,0.9991758397209556,919d6f0fb3ca462983d6df6ec06846e41abd9645
densenet121,B,2087,MR053110B,image_level_seed11,4,1,glioma,0.0005160793693666,0.9992212705529916,0.0002626500776416,1,glioma,0.9992212705529916,919d6f0fb3ca462983d6df6ec06846e41abd9645
densenet121,B,2088,MR053110B,image_level_seed11,2,1,glioma,4.863696309225815e-05,0.9999180616467443,3.3301390163224345e-05,1,glioma,0.9999180616467443,919d6f0fb3ca462983d6df6ec06846e41abd9645
densenet121,B,2089,MR053110B,image_level_seed11,5,1,glioma,0.0001666001541214,0.9997597783734998,7.362147237879479e-05,1,glioma,0.9997597783734998,919d6f0fb3ca462983d6df6ec06846e41abd9645
densenet121,B,2090,MR053110B,image_level_seed11,3,1,glioma,6.505352596561377e-05,0.9999049988498544,2.994762417994691e-05,1,glioma,0.9999049988498544,919d6f0fb3ca462983d6df6ec06846e41abd9645
densenet121,B,2091,MR053110B,image_level_seed11,4,1,glioma,0.0001825803803813,0.9996602675730546,0.000157152046564,1,glioma,0.9996602675730546,919d6f0fb3ca462983d6df6ec06846e41abd9645
densenet121,B,2092,MR053110B,image_level_seed11,5,1,glioma,0.0001830103577559,0.9997343901042568,8.259953798711017e-05,1,glioma,0.9997343901042568,919d6f0fb3ca462983d6df6ec06846e41abd9645
densenet121,B,2093,MR034694,image_level_seed11,1,1,glioma,0.0005435518814648,0.9979751030223444,0.0014813450961906,1,glioma,0.9979751030223444,919d6f0fb3ca462983d6df6ec06846e41abd9645
densenet121,B,2094,MR034694,image_level_seed11,2,1,glioma,0.0001865907978958,0.9993179676060152,0.0004954415960889,1,glioma,0.9993179676060152,919d6f0fb3ca462983d6df6ec06846e41abd9645
densenet121,B,2095,MR034694,image_level_seed11,5,1,glioma,0.0001427948924073,0.9997174187938156,0.0001397863137772,1,glioma,0.9997174187938156,919d6f0fb3ca462983d6df6ec06846e41abd9645
densenet121,B,2096,MR034694,image_level_seed11,2,1,glioma,0.0001362333851909,0.9995805625670784,0.0002832040477307,1,glioma,0.9995805625670784,919d6f0fb3ca462983d6df6ec06846e41abd9645
densenet121,B,2097,MR054683,image_level_seed11,3,1,glioma,0.000344064915636,0.99811229189514,0.001543643189224,1,glioma,0.99811229189514,919d6f0fb3ca462983d6df6ec06846e41abd9645
densenet121,B,2098,MR054683,image_level_seed11,2,1,glioma,0.0001774150348795,0.9992246652760024,0.0005979196891179,1,glioma,0.9992246652760024,919d6f0fb3ca462983d6df6ec06846e41abd9645
densenet121,B,2099,MR054683,image_level_seed11,5,1,glioma,0.0001060969837114,0.9997703901045518,0.0001235129117367,1,glioma,0.9997703901045518,919d6f0fb3ca462983d6df6ec06846e41abd9645
densenet121,B,2100,MR054875,image_level_seed11,1,1,glioma,7.138696386471155e-05,0.9997591713646744,0.0001694416714607,1,glioma,0.9997591713646744,919d6f0fb3ca462983d6df6ec06846e41abd9645
densenet121,B,2101,MR054875,image_level_seed11,2,1,glioma,0.0001591813362184,0.9994722250709362,0.0003685935928455,1,glioma,0.9994722250709362,919d6f0fb3ca462983d6df6ec06846e41abd9645
densenet121,B,2102,MR054875,image_level_seed11,3,1,glioma,0.0001110734262523,0.999821624369857,6.730220389089214e-05,1,glioma,0.999821624369857,919d6f0fb3ca462983d6df6ec06846e41abd9645
densenet121,B,2103,MR054875,image_level_seed11,4,1,glioma,0.0003495476305489,0.9989261885642968,0.000724263805154,1,glioma,0.9989261885642968,919d6f0fb3ca462983d6df6ec06846e41abd9645
densenet121,B,2104,MR050687C,image_level_seed11,5,1,glioma,0.0003003529154708,0.9995134272348222,0.0001862198497069,1,glioma,0.9995134272348222,919d6f0fb3ca462983d6df6ec06846e41abd9645
densenet121,B,2105,MR050687C,image_level_seed11,2,1,glioma,0.0002052812356623,0.9993602882857882,0.0004344304785494,1,glioma,0.9993602882857882,919d6f0fb3ca462983d6df6ec06846e41abd9645
densenet121,B,2106,MR050687C,image_level_seed11,1,1,glioma,0.0002789635241362,0.9983068786752044,0.0014141578006594,1,glioma,0.9983068786752044,919d6f0fb3ca462983d6df6ec06846e41abd9645
densenet121,B,2107,MR050687C,image_level_seed11,2,1,glioma,0.0003209810977307,0.9981352575676244,0.0015437613346446,1,glioma,0.9981352575676244,919d6f0fb3ca462983d6df6ec06846e41abd9645
densenet121,B,2108,MR050687C,image_level_seed11,1,1,glioma,0.0006670158899777,0.998237502010631,0.0010954820993913,1,glioma,0.998237502010631,919d6f0fb3ca462983d6df6ec06846e41abd9645
densenet121,B,2109,MR056144,image_level_seed11,4,1,glioma,0.0007970326441641,0.9987279162374364,0.0004750511183992,1,glioma,0.9987279162374364,919d6f0fb3ca462983d6df6ec06846e41abd9645
densenet121,B,2110,MR056144,image_level_seed11,4,1,glioma,0.0008483594593276,0.9986673127876382,0.0004843277530339,1,glioma,0.9986673127876382,919d6f0fb3ca462983d6df6ec06846e41abd9645
densenet121,B,2111,MR056144,image_level_seed11,5,1,glioma,0.0011049453241589,0.9980869850665448,0.0008080696092965,1,glioma,0.9980869850665448,919d6f0fb3ca462983d6df6ec06846e41abd9645
densenet121,B,2112,MR034997,image_level_seed11,4,1,glioma,0.0001707832096999,0.9998209636966304,8.253093669659337e-06,1,glioma,0.9998209636966304,919d6f0fb3ca462983d6df6ec06846e41abd9645
densenet121,B,2113,MR034997,image_level_seed11,1,1,glioma,0.003818998699559,0.9960360748480058,0.0001449264524349,1,glioma,0.9960360748480058,919d6f0fb3ca462983d6df6ec06846e41abd9645
densenet121,B,2114,MR034997,image_level_seed11,3,1,glioma,0.0011842462707416,0.9987699282723324,4.582545692597449e-05,1,glioma,0.9987699282723324,919d6f0fb3ca462983d6df6ec06846e41abd9645
densenet121,B,2115,MR034997,image_level_seed11,5,1,glioma,0.0001890550443545,0.9997722522885436,3.869266710202037e-05,1,glioma,0.9997722522885436,919d6f0fb3ca462983d6df6ec06846e41abd9645
densenet121,B,2116,MR034997,image_level_seed11,3,1,glioma,0.0001296324691355,0.9998501069704476,2.0260560416785453e-05,1,glioma,0.9998501069704476,919d6f0fb3ca462983d6df6ec06846e41abd9645
densenet121,B,2117,MR034997,image_level_seed11,2,1,glioma,0.0002515793630285,0.99971832096683,3.0099670141476773e-05,1,glioma,0.99971832096683,919d6f0fb3ca462983d6df6ec06846e41abd9645
densenet121,B,2118,MR034997,image_level_seed11,2,1,glioma,0.0002066575512042,0.9997432587598788,5.008368891688828e-05,1,glioma,0.9997432587598788,919d6f0fb3ca462983d6df6ec06846e41abd9645
densenet121,B,2119,MR029209E,image_level_seed11,4,1,glioma,0.0004886208747569,0.9990044851234996,0.0005068940017433,1,glioma,0.9990044851234996,919d6f0fb3ca462983d6df6ec06846e41abd9645
densenet121,B,2120,MR029209E,image_level_seed11,4,1,glioma,0.0003661011148035,0.999057500298598,0.0005763985865982,1,glioma,0.999057500298598,919d6f0fb3ca462983d6df6ec06846e41abd9645
densenet121,B,2121,MR029209E,image_level_seed11,2,1,glioma,0.0001640899826348,0.9995532174349364,0.0002826925824286,1,glioma,0.9995532174349364,919d6f0fb3ca462983d6df6ec06846e41abd9645
densenet121,B,2122,MR029209E,image_level_seed11,4,1,glioma,0.0003089229321249,0.9995875783450336,0.0001034987228416,1,glioma,0.9995875783450336,919d6f0fb3ca462983d6df6ec06846e41abd9645
densenet121,B,2123,MR029209E,image_level_seed11,5,1,glioma,0.0003175842584637,0.9995506583360106,0.0001317574055257,1,glioma,0.9995506583360106,919d6f0fb3ca462983d6df6ec06846e41abd9645
densenet121,B,2124,MR029209E,image_level_seed11,5,1,glioma,0.0004035766378638,0.9994345375655344,0.0001618857966017,1,glioma,0.9994345375655344,919d6f0fb3ca462983d6df6ec06846e41abd9645
densenet121,B,2125,MR029209E,image_level_seed11,3,1,glioma,0.0002326549654367,0.9995884595564668,0.0001788854780963,1,glioma,0.9995884595564668,919d6f0fb3ca462983d6df6ec06846e41abd9645
densenet121,B,2126,MR029209E,image_level_seed11,3,1,glioma,0.0002308162584626,0.9997014552307032,6.772851083436626e-05,1,glioma,0.9997014552307032,919d6f0fb3ca462983d6df6ec06846e41abd9645
densenet121,B,2127,MR029209E,image_level_seed11,4,1,glioma,0.0023037894122571,0.9973643511318088,0.0003318594559339,1,glioma,0.9973643511318088,919d6f0fb3ca462983d6df6ec06846e41abd9645
densenet121,B,2128,MR053110E,image_level_seed11,3,1,glioma,0.0002443140305128,0.9991909255876156,0.0005647603818715,1,glioma,0.9991909255876156,919d6f0fb3ca462983d6df6ec06846e41abd9645
densenet121,B,2129,MR053110E,image_level_seed11,2,1,glioma,0.0003124894710147,0.9978964997468912,0.0017910107820939,1,glioma,0.9978964997468912,919d6f0fb3ca462983d6df6ec06846e41abd9645
densenet121,B,2130,MR053110E,image_level_seed11,2,1,glioma,0.0001138861097812,0.9994397641719716,0.0004463497182471,1,glioma,0.9994397641719716,919d6f0fb3ca462983d6df6ec06846e41abd9645
densenet121,B,2131,MR053110E,image_level_seed11,1,1,glioma,0.0001428155455863,0.9995991083652904,0.0002580760891232,1,glioma,0.9995991083652904,919d6f0fb3ca462983d6df6ec06846e41abd9645
densenet121,B,2132,MR053110E,image_level_seed11,2,1,glioma,0.0004695428674047,0.997530105528294,0.0020003516043014,1,glioma,0.997530105528294,919d6f0fb3ca462983d6df6ec06846e41abd9645
densenet121,B,2133,MR053110E,image_level_seed11,3,1,glioma,0.0008907905798102,0.9978882381340404,0.0012209712861493,1,glioma,0.9978882381340404,919d6f0fb3ca462983d6df6ec06846e41abd9645
densenet121,B,2134,MR049019G,image_level_seed11,2,1,glioma,0.0001204996824379,0.9996482696433452,0.0002312306742166,1,glioma,0.9996482696433452,919d6f0fb3ca462983d6df6ec06846e41abd9645
densenet121,B,2135,MR049019G,image_level_seed11,5,1,glioma,0.0002333995772012,0.9995411364293322,0.0002254639934665,1,glioma,0.9995411364293322,919d6f0fb3ca462983d6df6ec06846e41abd9645
densenet121,B,2136,MR049019G,image_level_seed11,5,1,glioma,0.0002586519781564,0.9994485081776292,0.0002928398442143,1,glioma,0.9994485081776292,919d6f0fb3ca462983d6df6ec06846e41abd9645
densenet121,B,2137,MR049019G,image_level_seed11,2,1,glioma,0.0002268305693858,0.9995393874327904,0.0002337819978236,1,glioma,0.9995393874327904,919d6f0fb3ca462983d6df6ec06846e41abd9645
densenet121,B,2138,MR049019G,image_level_seed11,2,1,glioma,0.0002432692440613,0.9995433195682284,0.0002134111877103,1,glioma,0.9995433195682284,919d6f0fb3ca462983d6df6ec06846e41abd9645
densenet121,B,2139,MR049019G,image_level_seed11,5,1,glioma,0.000942998666311,0.9984869442258713,0.0005700571078177,1,glioma,0.9984869442258713,919d6f0fb3ca462983d6df6ec06846e41abd9645
densenet121,B,2140,MR049019G,image_level_seed11,2,1,glioma,0.0005533817317788,0.9991428783958476,0.0003037398723736,1,glioma,0.9991428783958476,919d6f0fb3ca462983d6df6ec06846e41abd9645
densenet121,B,2141,MR031409B,image_level_seed11,3,1,glioma,0.0025672132537893,0.9970993666412696,0.0003334201049411,1,glioma,0.9970993666412696,919d6f0fb3ca462983d6df6ec06846e41abd9645
densenet121,B,2142,MR031409B,image_level_seed11,2,1,glioma,0.0008037993770395,0.9989272244854148,0.0002689761375456,1,glioma,0.9989272244854148,919d6f0fb3ca462983d6df6ec06846e41abd9645
densenet121,B,2143,MR031409B,image_level_seed11,3,1,glioma,0.0225920286198402,0.9761000517998633,0.0013079195802965,1,glioma,0.9761000517998633,919d6f0fb3ca462983d6df6ec06846e41abd9645
densenet121,B,2144,MR024780D,image_level_seed11,5,1,glioma,0.0004345889761781,0.999351703814818,0.0002137072090038,1,glioma,0.999351703814818,919d6f0fb3ca462983d6df6ec06846e41abd9645
densenet121,B,2145,MR024780D,image_level_seed11,4,1,glioma,0.0012963258940531,0.997904594920226,0.000799079185721,1,glioma,0.997904594920226,919d6f0fb3ca462983d6df6ec06846e41abd9645
densenet121,B,2146,MR038469,image_level_seed11,2,1,glioma,0.0019402099070637,0.997461807566968,0.0005979825259682,1,glioma,0.997461807566968,919d6f0fb3ca462983d6df6ec06846e41abd9645
densenet121,B,2147,MR038469,image_level_seed11,4,1,glioma,0.0005992342903055,0.9993578656290102,4.290008068434105e-05,1,glioma,0.9993578656290102,919d6f0fb3ca462983d6df6ec06846e41abd9645
densenet121,B,2148,MR038469,image_level_seed11,1,1,glioma,7.19399273436756e-05,0.9998988364308424,2.922364181399291e-05,1,glioma,0.9998988364308424,919d6f0fb3ca462983d6df6ec06846e41abd9645
densenet121,B,2149,MR038469,image_level_seed11,2,1,glioma,9.953836624513304e-05,0.9998615799117851,3.888172196982368e-05,1,glioma,0.9998615799117851,919d6f0fb3ca462983d6df6ec06846e41abd9645
densenet121,B,2150,MR038469,image_level_seed11,5,1,glioma,0.0003159333197104,0.9996076985524902,7.636812779918948e-05,1,glioma,0.9996076985524902,919d6f0fb3ca462983d6df6ec06846e41abd9645
densenet121,B,2151,MR038469,image_level_seed11,3,1,glioma,0.0007102319257227,0.9990855586299092,0.0002042094443678,1,glioma,0.9990855586299092,919d6f0fb3ca462983d6df6ec06846e41abd9645
densenet121,B,2152,MR038469,image_level_seed11,5,1,glioma,0.0004313294644648,0.9994518378909316,0.0001168326446034,1,glioma,0.9994518378909316,919d6f0fb3ca462983d6df6ec06846e41abd9645
densenet121,B,2153,MR032322C,image_level_seed11,4,1,glioma,0.0010421689395292,0.9985365113156736,0.0004213197447968,1,glioma,0.9985365113156736,919d6f0fb3ca462983d6df6ec06846e41abd9645
densenet121,B,2154,MR032322C,image_level_seed11,5,1,glioma,0.0006752024894678,0.9983777677665086,0.0009470297440236,1,glioma,0.9983777677665086,919d6f0fb3ca462983d6df6ec06846e41abd9645
densenet121,B,2155,MR032322C,image_level_seed11,2,1,glioma,0.0001454343765263,0.9997735618253124,8.100379816108726e-05,1,glioma,0.9997735618253124,919d6f0fb3ca462983d6df6ec06846e41abd9645
densenet121,B,2156,MR032322C,image_level_seed11,2,1,glioma,0.0001615571101786,0.9997408736380208,9.756925180046866e-05,1,glioma,0.9997408736380208,919d6f0fb3ca462983d6df6ec06846e41abd9645
densenet121,B,2157,MR032322C,image_level_seed11,3,1,glioma,0.0003067074814699,0.9996054616638688,8.783085466120584e-05,1,glioma,0.9996054616638688,919d6f0fb3ca462983d6df6ec06846e41abd9645
densenet121,B,2158,MR032322C,image_level_seed11,1,1,glioma,0.0001757319596534,0.9993347701564218,0.0004894978839249,1,glioma,0.9993347701564218,919d6f0fb3ca462983d6df6ec06846e41abd9645
densenet121,B,2159,MR032322C,image_level_seed11,1,1,glioma,0.0004695643491838,0.9979282849759248,0.0016021506748914,1,glioma,0.9979282849759248,919d6f0fb3ca462983d6df6ec06846e41abd9645
densenet121,B,2160,MR032322C,image_level_seed11,2,1,glioma,0.000130917877121,0.9995064135249432,0.0003626685979355,1,glioma,0.9995064135249432,919d6f0fb3ca462983d6df6ec06846e41abd9645
densenet121,B,2161,MR032322C,image_level_seed11,1,1,glioma,0.0008587646448836,0.9968354985867732,0.0023057367683433,1,glioma,0.9968354985867732,919d6f0fb3ca462983d6df6ec06846e41abd9645
densenet121,B,2162,MR032322C,image_level_seed11,1,1,glioma,0.0007436275925239,0.9977309237658232,0.001525448641653,1,glioma,0.9977309237658232,919d6f0fb3ca462983d6df6ec06846e41abd9645
densenet121,B,2163,MR032322C,image_level_seed11,4,1,glioma,0.0012377040906238,0.9973303737542742,0.0014319221551018,1,glioma,0.9973303737542742,919d6f0fb3ca462983d6df6ec06846e41abd9645
densenet121,B,2164,MR032322C,image_level_seed11,5,1,glioma,0.0005455702051331,0.9992089670386884,0.0002454627561785,1,glioma,0.9992089670386884,919d6f0fb3ca462983d6df6ec06846e41abd9645
densenet121,B,2165,MR032322C,image_level_seed11,5,1,glioma,0.0007235496762696,0.9989026937241996,0.0003737565995309,1,glioma,0.9989026937241996,919d6f0fb3ca462983d6df6ec06846e41abd9645
densenet121,B,2166,MR037458B,image_level_seed11,2,1,glioma,0.0002634845945822,0.999601662080456,0.0001348533249618,1,glioma,0.999601662080456,919d6f0fb3ca462983d6df6ec06846e41abd9645
densenet121,B,2167,MR037458B,image_level_seed11,1,1,glioma,0.0002042126182102,0.9996591166726913,0.0001366707090985,1,glioma,0.9996591166726913,919d6f0fb3ca462983d6df6ec06846e41abd9645
densenet121,B,2168,MR037458B,image_level_seed11,3,1,glioma,0.0024910293931832,0.9972072657910498,0.000301704815767,1,glioma,0.9972072657910498,919d6f0fb3ca462983d6df6ec06846e41abd9645
densenet121,B,2169,MR037458B,image_level_seed11,4,1,glioma,0.027389964265601,0.9720023095017536,0.0006077262326455,1,glioma,0.9720023095017536,919d6f0fb3ca462983d6df6ec06846e41abd9645
densenet121,B,2170,MR037458B,image_level_seed11,4,1,glioma,0.0216484567220208,0.9781460347040436,0.0002055085739356,1,glioma,0.9781460347040436,919d6f0fb3ca462983d6df6ec06846e41abd9645
densenet121,B,2171,MR037458B,image_level_seed11,3,1,glioma,0.0266745367369713,0.9729865150356094,0.0003389482274192,1,glioma,0.9729865150356094,919d6f0fb3ca462983d6df6ec06846e41abd9645
densenet121,B,2172,MR037458B,image_level_seed11,4,1,glioma,0.1893030940151664,0.8090431951619178,0.0016537108229158,1,glioma,0.8090431951619178,919d6f0fb3ca462983d6df6ec06846e41abd9645
densenet121,B,2173,MR037458B,image_level_seed11,4,1,glioma,0.0750281889865208,0.9226743575729486,0.0022974534405305,1,glioma,0.9226743575729486,919d6f0fb3ca462983d6df6ec06846e41abd9645
densenet121,B,2174,MR039473,image_level_seed11,5,1,glioma,0.000245294328415,0.9995542292522396,0.0002004764193453,1,glioma,0.9995542292522396,919d6f0fb3ca462983d6df6ec06846e41abd9645
densenet121,B,2175,MR039473,image_level_seed11,3,1,glioma,0.0004331228986401,0.9992112989976756,0.0003555781036843,1,glioma,0.9992112989976756,919d6f0fb3ca462983d6df6ec06846e41abd9645
densenet121,B,2176,MR039473,image_level_seed11,5,1,glioma,0.0003160313791416,0.9995375444877024,0.0001464241331559,1,glioma,0.9995375444877024,919d6f0fb3ca462983d6df6ec06846e41abd9645
densenet121,B,2177,MR039473,image_level_seed11,4,1,glioma,0.0002337298998193,0.9997441634893988,2.2106610781650935e-05,1,glioma,0.9997441634893988,919d6f0fb3ca462983d6df6ec06846e41abd9645
densenet121,B,2178,MR039473,image_level_seed11,2,1,glioma,0.0001389633491273,0.999776502778689,8.453387218354872e-05,1,glioma,0.999776502778689,919d6f0fb3ca462983d6df6ec06846e41abd9645
densenet121,B,2179,MR039473B,image_level_seed11,4,1,glioma,0.0006457455094767,0.991644528790164,0.0077097257003592,1,glioma,0.991644528790164,919d6f0fb3ca462983d6df6ec06846e41abd9645
densenet121,B,2180,MR039473B,image_level_seed11,4,1,glioma,0.000265959378841,0.998606971305591,0.0011270693155678,1,glioma,0.998606971305591,919d6f0fb3ca462983d6df6ec06846e41abd9645
densenet121,B,2181,MR039473B,image_level_seed11,4,1,glioma,0.0003904570234803,0.998420099296599,0.0011894436799205,1,glioma,0.998420099296599,919d6f0fb3ca462983d6df6ec06846e41abd9645
densenet121,B,2182,MR039473B,image_level_seed11,2,1,glioma,0.0001655215911618,0.9994611468705236,0.0003733315383146,1,glioma,0.9994611468705236,919d6f0fb3ca462983d6df6ec06846e41abd9645
densenet121,B,2183,MR039473B,image_level_seed11,3,1,glioma,0.0001745150616441,0.9996256108849852,0.0001998740533707,1,glioma,0.9996256108849852,919d6f0fb3ca462983d6df6ec06846e41abd9645
densenet121,B,2184,MR039473B,image_level_seed11,2,1,glioma,9.529567662423326e-05,0.9996991335389566,0.0002055707844192,1,glioma,0.9996991335389566,919d6f0fb3ca462983d6df6ec06846e41abd9645
densenet121,B,2185,MR039473B,image_level_seed11,4,1,glioma,0.0001816697841132,0.9997251231136528,9.320710223407956e-05,1,glioma,0.9997251231136528,919d6f0fb3ca462983d6df6ec06846e41abd9645
densenet121,B,2186,MR037458C,image_level_seed11,1,1,glioma,0.0005040415324017,0.9985707387955718,0.0009252196720263,1,glioma,0.9985707387955718,919d6f0fb3ca462983d6df6ec06846e41abd9645
densenet121,B,2187,MR037458C,image_level_seed11,4,1,glioma,0.001664822966159,0.9972082001989088,0.0011269768349323,1,glioma,0.9972082001989088,919d6f0fb3ca462983d6df6ec06846e41abd9645
densenet121,B,2188,MR037458C,image_level_seed11,4,1,glioma,0.000175344231686,0.9997765139289424,4.8141839371504626e-05,1,glioma,0.9997765139289424,919d6f0fb3ca462983d6df6ec06846e41abd9645
densenet121,B,2189,MR037458C,image_level_seed11,4,1,glioma,0.0001172292419261,0.999832402128692,5.036862938194201e-05,1,glioma,0.999832402128692,919d6f0fb3ca462983d6df6ec06846e41abd9645
densenet121,B,2190,MR037458C,image_level_seed11,3,1,glioma,0.0002171551239975,0.9996984581728936,8.43867031087662e-05,1,glioma,0.9996984581728936,919d6f0fb3ca462983d6df6ec06846e41abd9645
densenet121,B,2191,MR037458C,image_level_seed11,2,1,glioma,0.000106767352931,0.999801414999156,9.1817647913131e-05,1,glioma,0.999801414999156,919d6f0fb3ca462983d6df6ec06846e41abd9645
densenet121,B,2192,MR037458C,image_level_seed11,5,1,glioma,0.0010243458675484,0.998694595316778,0.0002810588156734,1,glioma,0.998694595316778,919d6f0fb3ca462983d6df6ec06846e41abd9645
densenet121,B,2193,MR037458C,image_level_seed11,1,1,glioma,0.0001518057376806,0.9998169221441288,3.127211819077818e-05,1,glioma,0.9998169221441288,919d6f0fb3ca462983d6df6ec06846e41abd9645
densenet121,B,2194,MR037458C,image_level_seed11,4,1,glioma,0.0041215927959108,0.9958059643806124,7.244282347680918e-05,1,glioma,0.9958059643806124,919d6f0fb3ca462983d6df6ec06846e41abd9645
densenet121,B,2195,MR037458C,image_level_seed11,5,1,glioma,0.0012406461991155,0.9985954200763336,0.0001639337245511,1,glioma,0.9985954200763336,919d6f0fb3ca462983d6df6ec06846e41abd9645
densenet121,B,2196,MR040240,image_level_seed11,4,1,glioma,0.0002139643305852,0.9994616302638432,0.0003244054055717,1,glioma,0.9994616302638432,919d6f0fb3ca462983d6df6ec06846e41abd9645
densenet121,B,2197,MR040240,image_level_seed11,2,1,glioma,0.0002711565771103,0.9988857399918052,0.0008431034310845,1,glioma,0.9988857399918052,919d6f0fb3ca462983d6df6ec06846e41abd9645
densenet121,B,2198,MR040240,image_level_seed11,5,1,glioma,0.0004162509530408,0.9989742717772692,0.00060947726969,1,glioma,0.9989742717772692,919d6f0fb3ca462983d6df6ec06846e41abd9645
densenet121,B,2199,MR040240,image_level_seed11,1,1,glioma,8.917477131533407e-05,0.9998337545464988,7.707068218605835e-05,1,glioma,0.9998337545464988,919d6f0fb3ca462983d6df6ec06846e41abd9645
densenet121,B,2200,MR040240,image_level_seed11,4,1,glioma,0.0003589914112074,0.9992897853150212,0.000351223273771,1,glioma,0.9992897853150212,919d6f0fb3ca462983d6df6ec06846e41abd9645
densenet121,B,2201,MR040240,image_level_seed11,4,1,glioma,0.0003170133960642,0.9992735149089956,0.00040947169494,1,glioma,0.9992735149089956,919d6f0fb3ca462983d6df6ec06846e41abd9645
densenet121,B,2202,MR040240,image_level_seed11,4,1,glioma,0.0004491021354946,0.999115456620788,0.0004354412437174,1,glioma,0.999115456620788,919d6f0fb3ca462983d6df6ec06846e41abd9645
densenet121,B,2203,MR040240,image_level_seed11,3,1,glioma,0.00205996192539,0.9958592725030488,0.0020807655715611,1,glioma,0.9958592725030488,919d6f0fb3ca462983d6df6ec06846e41abd9645
densenet121,B,2204,MR040240,image_level_seed11,2,1,glioma,0.0003911647790002,0.9992204440284338,0.0003883911925659,1,glioma,0.9992204440284338,919d6f0fb3ca462983d6df6ec06846e41abd9645
densenet121,B,2205,MR040240,image_level_seed11,4,1,glioma,0.0017684594243439,0.9965324966940796,0.0016990438815765,1,glioma,0.9965324966940796,919d6f0fb3ca462983d6df6ec06846e41abd9645
densenet121,B,2206,MR040240B,image_level_seed11,3,1,glioma,0.0006483275894577,0.9989530082014616,0.0003986642090806,1,glioma,0.9989530082014616,919d6f0fb3ca462983d6df6ec06846e41abd9645
densenet121,B,2207,MR040240B,image_level_seed11,4,1,glioma,0.0003358715717249,0.999617871030983,4.625739729196187e-05,1,glioma,0.999617871030983,919d6f0fb3ca462983d6df6ec06846e41abd9645
densenet121,B,2208,MR040240B,image_level_seed11,1,1,glioma,4.056624938304082e-05,0.9999227228018728,3.671094874397618e-05,1,glioma,0.9999227228018728,919d6f0fb3ca462983d6df6ec06846e41abd9645
densenet121,B,2209,MR040240B,image_level_seed11,4,1,glioma,0.0001428777407565,0.9998456105906136,1.151166862979493e-05,1,glioma,0.9998456105906136,919d6f0fb3ca462983d6df6ec06846e41abd9645
densenet121,B,2210,MR040240B,image_level_seed11,3,1,glioma,0.0001856570016125,0.9997113691709586,0.0001029738274288,1,glioma,0.9997113691709586,919d6f0fb3ca462983d6df6ec06846e41abd9645
densenet121,B,2211,MR040240B,image_level_seed11,1,1,glioma,0.0002466309883713,0.9996120431129928,0.0001413258986357,1,glioma,0.9996120431129928,919d6f0fb3ca462983d6df6ec06846e41abd9645
densenet121,B,2212,MR040240B,image_level_seed11,4,1,glioma,0.0018072597435541,0.997812347359286,0.0003803928971599,1,glioma,0.997812347359286,919d6f0fb3ca462983d6df6ec06846e41abd9645
densenet121,B,2213,MR040240B,image_level_seed11,1,1,glioma,0.0003980204377574,0.999373578151934,0.0002284014103085,1,glioma,0.999373578151934,919d6f0fb3ca462983d6df6ec06846e41abd9645
densenet121,B,2214,MR040240B,image_level_seed11,3,1,glioma,0.0007037430782386,0.9990642919119164,0.0002319650098449,1,glioma,0.9990642919119164,919d6f0fb3ca462983d6df6ec06846e41abd9645
densenet121,B,2215,MR040240B,image_level_seed11,1,1,glioma,0.000370652268069,0.9994083458102082,0.0002210019217229,1,glioma,0.9994083458102082,919d6f0fb3ca462983d6df6ec06846e41abd9645
densenet121,B,2216,MR029209G,image_level_seed11,2,1,glioma,0.0001593013518224,0.9994570044747336,0.000383694173444,1,glioma,0.9994570044747336,919d6f0fb3ca462983d6df6ec06846e41abd9645
densenet121,B,2217,MR029209G,image_level_seed11,4,1,glioma,0.0002212453504785,0.999660330095418,0.0001184245541033,1,glioma,0.999660330095418,919d6f0fb3ca462983d6df6ec06846e41abd9645
densenet121,B,2218,MR029209G,image_level_seed11,4,1,glioma,0.0005692330514987,0.9991778988958884,0.0002528680526128,1,glioma,0.9991778988958884,919d6f0fb3ca462983d6df6ec06846e41abd9645
densenet121,B,2219,MR029209G,image_level_seed11,4,1,glioma,0.0017185481556294,0.9976882174933838,0.0005932343509865,1,glioma,0.9976882174933838,919d6f0fb3ca462983d6df6ec06846e41abd9645
densenet121,B,2220,MR029209G,image_level_seed11,5,1,glioma,0.0007023277276943,0.9989128173291372,0.0003848549431687,1,glioma,0.9989128173291372,919d6f0fb3ca462983d6df6ec06846e41abd9645
densenet121,B,2221,MR029209G,image_level_seed11,5,1,glioma,0.0005322600476865,0.9991719389548795,0.0002958009974339,1,glioma,0.9991719389548795,919d6f0fb3ca462983d6df6ec06846e41abd9645
densenet121,B,2222,MR029209G,image_level_seed11,5,1,glioma,0.001196159414608,0.9981213811966476,0.0006824593887441,1,glioma,0.9981213811966476,919d6f0fb3ca462983d6df6ec06846e41abd9645
densenet121,B,2223,MR029209G,image_level_seed11,2,1,glioma,0.0008792501048183,0.9988697402305368,0.0002510096646446,1,glioma,0.9988697402305368,919d6f0fb3ca462983d6df6ec06846e41abd9645
densenet121,B,2224,MR036496B,image_level_seed11,1,1,glioma,9.36848276936264e-05,0.999874977661076,3.133751123016679e-05,1,glioma,0.999874977661076,919d6f0fb3ca462983d6df6ec06846e41abd9645
densenet121,B,2225,MR036496B,image_level_seed11,4,1,glioma,0.0003017259975736,0.9996158613447752,8.241265765103967e-05,1,glioma,0.9996158613447752,919d6f0fb3ca462983d6df6ec06846e41abd9645
densenet121,B,2226,MR036496B,image_level_seed11,2,1,glioma,0.0001765703228978,0.9997623376845768,6.10919925251664e-05,1,glioma,0.9997623376845768,919d6f0fb3ca462983d6df6ec06846e41abd9645
densenet121,B,2227,MR036496B,image_level_seed11,2,1,glioma,0.0005303475017037,0.9993305245343757,0.0001391279639207,1,glioma,0.9993305245343757,919d6f0fb3ca462983d6df6ec06846e41abd9645
densenet121,B,2228,MR036496B,image_level_seed11,2,1,glioma,0.0008067164199362,0.9990229378561613,0.0001703457239024,1,glioma,0.9990229378561613,919d6f0fb3ca462983d6df6ec06846e41abd9645
densenet121,B,2229,MR036496B,image_level_seed11,3,1,glioma,0.0007479445633619,0.9991792758934588,7.277954317912351e-05,1,glioma,0.9991792758934588,919d6f0fb3ca462983d6df6ec06846e41abd9645
densenet121,B,2230,MR033420,image_level_seed11,1,1,glioma,5.696596107389509e-05,0.9998696964052444,7.333763368166982e-05,1,glioma,0.9998696964052444,919d6f0fb3ca462983d6df6ec06846e41abd9645
densenet121,B,2231,MR033420,image_level_seed11,4,1,glioma,0.0002097818010555,0.9994968209706852,0.0002933972282592,1,glioma,0.9994968209706852,919d6f0fb3ca462983d6df6ec06846e41abd9645
densenet121,B,2232,MR033420,image_level_seed11,2,1,glioma,0.0009307041356495,0.9985553477613748,0.0005139481029756,1,glioma,0.9985553477613748,919d6f0fb3ca462983d6df6ec06846e41abd9645
densenet121,B,2233,MR033420,image_level_seed11,5,1,glioma,0.0003101836980487,0.9995765722416432,0.000113244060308,1,glioma,0.9995765722416432,919d6f0fb3ca462983d6df6ec06846e41abd9645
densenet121,B,2234,MR033420,image_level_seed11,2,1,glioma,0.0001106096211734,0.999736607837279,0.0001527825415474,1,glioma,0.999736607837279,919d6f0fb3ca462983d6df6ec06846e41abd9645
densenet121,B,2235,MR033420,image_level_seed11,4,1,glioma,0.0003165720240812,0.9995387834094788,0.0001446445664401,1,glioma,0.9995387834094788,919d6f0fb3ca462983d6df6ec06846e41abd9645
densenet121,B,2236,MR033420,image_level_seed11,2,1,glioma,0.0001108334071522,0.9997950938356264,9.407275722142344e-05,1,glioma,0.9997950938356264,919d6f0fb3ca462983d6df6ec06846e41abd9645
densenet121,B,2237,MR024780B,image_level_seed11,2,1,glioma,0.0002650287922128,0.9993208852209868,0.0004140859868005,1,glioma,0.9993208852209868,919d6f0fb3ca462983d6df6ec06846e41abd9645
densenet121,B,2238,MR024780B,image_level_seed11,2,1,glioma,0.0002024221324329,0.9996141231618644,0.0001834547057026,1,glioma,0.9996141231618644,919d6f0fb3ca462983d6df6ec06846e41abd9645
densenet121,B,2239,MR024780B,image_level_seed11,4,1,glioma,0.000457714117339,0.999276146188287,0.0002661396943741,1,glioma,0.999276146188287,919d6f0fb3ca462983d6df6ec06846e41abd9645
densenet121,B,2240,MR024780B,image_level_seed11,1,1,glioma,0.0005233519169593,0.9990529012706464,0.0004237468123941,1,glioma,0.9990529012706464,919d6f0fb3ca462983d6df6ec06846e41abd9645
densenet121,B,2241,MR033389B,image_level_seed11,2,1,glioma,2.8608244001842848e-05,0.99995109115184,2.030060415827106e-05,1,glioma,0.99995109115184,919d6f0fb3ca462983d6df6ec06846e41abd9645
densenet121,B,2242,MR048994,image_level_seed11,1,1,glioma,0.0002082482087611,0.9997850289538688,6.722837370114498e-06,1,glioma,0.9997850289538688,919d6f0fb3ca462983d6df6ec06846e41abd9645
densenet121,B,2243,MR048994,image_level_seed11,3,1,glioma,0.0007202056932838,0.9992153289880036,6.446531871263586e-05,1,glioma,0.9992153289880036,919d6f0fb3ca462983d6df6ec06846e41abd9645
densenet121,B,2244,MR049104,image_level_seed11,5,1,glioma,0.0001854139769388,0.999648224499122,0.0001663615239393,1,glioma,0.999648224499122,919d6f0fb3ca462983d6df6ec06846e41abd9645
densenet121,B,2245,MR049104,image_level_seed11,3,1,glioma,0.0002907075878979,0.9994597705745916,0.0002495218375104,1,glioma,0.9994597705745916,919d6f0fb3ca462983d6df6ec06846e41abd9645
densenet121,B,2246,MR049104,image_level_seed11,3,1,glioma,0.0001010880304426,0.9998379752902298,6.093667932743888e-05,1,glioma,0.9998379752902298,919d6f0fb3ca462983d6df6ec06846e41abd9645
densenet121,B,2247,MR049142,image_level_seed11,5,1,glioma,0.0015393620476613,0.9978692015490088,0.0005914364033297,1,glioma,0.9978692015490088,919d6f0fb3ca462983d6df6ec06846e41abd9645
densenet121,B,2248,MR049142,image_level_seed11,1,1,glioma,0.0054203830031966,0.9935280426247336,0.0010515743720695,1,glioma,0.9935280426247336,919d6f0fb3ca462983d6df6ec06846e41abd9645
densenet121,B,2249,MR049142,image_level_seed11,1,1,glioma,0.0001507752808676,0.9997532803127688,9.594440636364658e-05,1,glioma,0.9997532803127688,919d6f0fb3ca462983d6df6ec06846e41abd9645
densenet121,B,2250,MR048994B,image_level_seed11,4,1,glioma,0.0004039477612651,0.9992692420272036,0.0003268102115311,1,glioma,0.9992692420272036,919d6f0fb3ca462983d6df6ec06846e41abd9645
densenet121,B,2251,MR048994B,image_level_seed11,2,1,glioma,0.0001354386679478,0.999746896518396,0.0001176648136564,1,glioma,0.999746896518396,919d6f0fb3ca462983d6df6ec06846e41abd9645
densenet121,B,2252,MR048994B,image_level_seed11,4,1,glioma,0.0003158151425276,0.9994456020996588,0.0002385827578134,1,glioma,0.9994456020996588,919d6f0fb3ca462983d6df6ec06846e41abd9645
densenet121,B,2253,MR048994B,image_level_seed11,4,1,glioma,0.0003875900194648,0.9991923464109804,0.0004200635695547,1,glioma,0.9991923464109804,919d6f0fb3ca462983d6df6ec06846e41abd9645
densenet121,B,2254,MR048944B,image_level_seed11,5,1,glioma,0.0001492310343646,0.99970424273864,0.0001465262269955,1,glioma,0.99970424273864,919d6f0fb3ca462983d6df6ec06846e41abd9645
densenet121,B,2255,MR048944B,image_level_seed11,5,1,glioma,0.0001311614172383,0.9997188122595406,0.000150026323221,1,glioma,0.9997188122595406,919d6f0fb3ca462983d6df6ec06846e41abd9645
densenet121,B,2256,MR048944B,image_level_seed11,2,1,glioma,0.0002627813169825,0.9994095542446392,0.000327664438378,1,glioma,0.9994095542446392,919d6f0fb3ca462983d6df6ec06846e41abd9645
densenet121,B,2257,MR048944B,image_level_seed11,5,1,glioma,0.0002120147549995,0.9996424247100868,0.0001455605349137,1,glioma,0.9996424247100868,919d6f0fb3ca462983d6df6ec06846e41abd9645
densenet121,B,2258,MR048944B,image_level_seed11,5,1,glioma,0.0001603617986155,0.9996949339897476,0.0001447042116368,1,glioma,0.9996949339897476,919d6f0fb3ca462983d6df6ec06846e41abd9645
densenet121,B,2259,MR048944B,image_level_seed11,2,1,glioma,7.26773591309407e-05,0.9999008678453573,2.6454795511886715e-05,1,glioma,0.9999008678453573,919d6f0fb3ca462983d6df6ec06846e41abd9645
densenet121,B,2260,MR048944B,image_level_seed11,4,1,glioma,0.0001412625026209,0.99972646899105,0.0001322685063289,1,glioma,0.99972646899105,919d6f0fb3ca462983d6df6ec06846e41abd9645
densenet121,B,2261,MR049358,image_level_seed11,1,1,glioma,9.955391333354793e-05,0.9998584964546524,4.194963201404176e-05,1,glioma,0.9998584964546524,919d6f0fb3ca462983d6df6ec06846e41abd9645
densenet121,B,2262,MR049358,image_level_seed11,4,1,glioma,0.0009179040761013,0.998065512638167,0.0010165832857315,1,glioma,0.998065512638167,919d6f0fb3ca462983d6df6ec06846e41abd9645
densenet121,B,2263,MR049358,image_level_seed11,4,1,glioma,0.002047692750454,0.995882054061655,0.002070253187891,1,glioma,0.995882054061655,919d6f0fb3ca462983d6df6ec06846e41abd9645
densenet121,B,2264,MR049358,image_level_seed11,3,1,glioma,0.0001466977095268,0.9996834605559926,0.0001698417344806,1,glioma,0.9996834605559926,919d6f0fb3ca462983d6df6ec06846e41abd9645
densenet121,B,2265,MR049358,image_level_seed11,5,1,glioma,0.0020997538275476,0.9903528476465524,0.0075473985259,1,glioma,0.9903528476465524,919d6f0fb3ca462983d6df6ec06846e41abd9645
densenet121,B,2266,MR049358,image_level_seed11,1,1,glioma,0.0002308922206188,0.999521549619635,0.000247558159746,1,glioma,0.999521549619635,919d6f0fb3ca462983d6df6ec06846e41abd9645
densenet121,B,2267,MR049358,image_level_seed11,4,1,glioma,0.0008510520143668,0.9980867438119552,0.001062204173678,1,glioma,0.9980867438119552,919d6f0fb3ca462983d6df6ec06846e41abd9645
densenet121,B,2268,MR049358,image_level_seed11,4,1,glioma,0.0002052167117515,0.9996923531183264,0.0001024301699223,1,glioma,0.9996923531183264,919d6f0fb3ca462983d6df6ec06846e41abd9645
densenet121,B,2269,MR049358,image_level_seed11,3,1,glioma,0.0001272287052315,0.9997314594113386,0.0001413118834297,1,glioma,0.9997314594113386,919d6f0fb3ca462983d6df6ec06846e41abd9645
densenet121,B,2270,MR049453,image_level_seed11,4,1,glioma,0.0004492338219429,0.9992759453282722,0.0002748208497847,1,glioma,0.9992759453282722,919d6f0fb3ca462983d6df6ec06846e41abd9645
densenet121,B,2271,MR049453,image_level_seed11,4,1,glioma,0.0003740211573372,0.9994994128541602,0.0001265659885024,1,glioma,0.9994994128541602,919d6f0fb3ca462983d6df6ec06846e41abd9645
densenet121,B,2272,MR049453,image_level_seed11,4,1,glioma,0.0002695739390485,0.9993735290305163,0.0003568970304351,1,glioma,0.9993735290305163,919d6f0fb3ca462983d6df6ec06846e41abd9645
densenet121,B,2273,MR049453,image_level_seed11,1,1,glioma,0.0001551814269437,0.9997157246075288,0.0001290939655276,1,glioma,0.9997157246075288,919d6f0fb3ca462983d6df6ec06846e41abd9645
densenet121,B,2274,MR049453,image_level_seed11,4,1,glioma,0.000321163526101,0.9992722636406371,0.0004065728332617,1,glioma,0.9992722636406371,919d6f0fb3ca462983d6df6ec06846e41abd9645
densenet121,B,2275,MR049453,image_level_seed11,1,1,glioma,0.0001306766288199,0.99975638333654,0.0001129400346399,1,glioma,0.99975638333654,919d6f0fb3ca462983d6df6ec06846e41abd9645
densenet121,B,2276,MR049453,image_level_seed11,3,1,glioma,0.0003264034418238,0.999201878066322,0.0004717184918543,1,glioma,0.999201878066322,919d6f0fb3ca462983d6df6ec06846e41abd9645
densenet121,B,2277,MR049453,image_level_seed11,3,1,glioma,0.0002669204536622,0.999493827630811,0.0002392519155267,1,glioma,0.999493827630811,919d6f0fb3ca462983d6df6ec06846e41abd9645
densenet121,B,2278,MR049453,image_level_seed11,5,1,glioma,0.00017160328028,0.9995855000138302,0.0002428967058897,1,glioma,0.9995855000138302,919d6f0fb3ca462983d6df6ec06846e41abd9645
densenet121,B,2279,MR024780G,image_level_seed11,3,1,glioma,0.0002011141320847,0.999700765826926,9.81200409891688e-05,1,glioma,0.999700765826926,919d6f0fb3ca462983d6df6ec06846e41abd9645
densenet121,B,2280,MR024780G,image_level_seed11,3,1,glioma,0.0001310816464727,0.9998187579844824,5.016036904502299e-05,1,glioma,0.9998187579844824,919d6f0fb3ca462983d6df6ec06846e41abd9645
densenet121,B,2281,MR024780G,image_level_seed11,2,1,glioma,0.0001289972452044,0.9997889839673076,8.201878748786626e-05,1,glioma,0.9997889839673076,919d6f0fb3ca462983d6df6ec06846e41abd9645
densenet121,B,2282,MR024780G,image_level_seed11,4,1,glioma,0.0002774674463058,0.9996283704091172,9.416214457703102e-05,1,glioma,0.9996283704091172,919d6f0fb3ca462983d6df6ec06846e41abd9645
densenet121,B,2283,MR024780G,image_level_seed11,5,1,glioma,0.0001195708411795,0.9997562458916912,0.0001241832671291,1,glioma,0.9997562458916912,919d6f0fb3ca462983d6df6ec06846e41abd9645
densenet121,B,2284,MR024780G,image_level_seed11,4,1,glioma,0.0003190812694891,0.999469022257062,0.0002118964734488,1,glioma,0.999469022257062,919d6f0fb3ca462983d6df6ec06846e41abd9645
densenet121,B,2285,MR024780G,image_level_seed11,5,1,glioma,0.0001772367896646,0.999735318988674,8.744422166128659e-05,1,glioma,0.999735318988674,919d6f0fb3ca462983d6df6ec06846e41abd9645
densenet121,B,2286,MR049453B,image_level_seed11,4,1,glioma,0.0005442062580796,0.999409563688955,4.623005296530255e-05,1,glioma,0.999409563688955,919d6f0fb3ca462983d6df6ec06846e41abd9645
densenet121,B,2287,MR049453B,image_level_seed11,2,1,glioma,0.0028079088608366,0.9966922380032208,0.0004998531359423,1,glioma,0.9966922380032208,919d6f0fb3ca462983d6df6ec06846e41abd9645
densenet121,B,2288,MR049453B,image_level_seed11,4,1,glioma,0.000213662250578,0.9993687481643896,0.0004175895850322,1,glioma,0.9993687481643896,919d6f0fb3ca462983d6df6ec06846e41abd9645
densenet121,B,2289,MR049453B,image_level_seed11,1,1,glioma,0.0007459873799438,0.9980263882877646,0.0012276243322914,1,glioma,0.9980263882877646,919d6f0fb3ca462983d6df6ec06846e41abd9645
densenet121,B,2290,MR049453B,image_level_seed11,2,1,glioma,0.0001571907876333,0.9994350284197204,0.0004077807926462,1,glioma,0.9994350284197204,919d6f0fb3ca462983d6df6ec06846e41abd9645
densenet121,B,2291,MR049453B,image_level_seed11,5,1,glioma,0.0001905842059469,0.9991341013742508,0.0006753144198023,1,glioma,0.9991341013742508,919d6f0fb3ca462983d6df6ec06846e41abd9645
densenet121,B,2292,MR049453B,image_level_seed11,3,1,glioma,0.003819192675755,0.99056941986364,0.0056113874606048,1,glioma,0.99056941986364,919d6f0fb3ca462983d6df6ec06846e41abd9645
densenet121,B,2293,MR049453B,image_level_seed11,4,1,glioma,0.0075861321951393,0.991362616453482,0.0010512513513784,1,glioma,0.991362616453482,919d6f0fb3ca462983d6df6ec06846e41abd9645
densenet121,B,2294,MR049453B,image_level_seed11,2,1,glioma,0.0001940237533633,0.9995570858532992,0.0002488903933374,1,glioma,0.9995570858532992,919d6f0fb3ca462983d6df6ec06846e41abd9645
densenet121,B,2295,MR049453B,image_level_seed11,5,1,glioma,0.0003235606322426,0.9989688500250338,0.0007075893427236,1,glioma,0.9989688500250338,919d6f0fb3ca462983d6df6ec06846e41abd9645
densenet121,B,2296,MR049453B,image_level_seed11,2,1,glioma,0.0003649319515957,0.9981451189669858,0.0014899490814185,1,glioma,0.9981451189669858,919d6f0fb3ca462983d6df6ec06846e41abd9645
densenet121,B,2297,MR049453B,image_level_seed11,3,1,glioma,0.0002642292549321,0.9991337578368992,0.0006020129081687,1,glioma,0.9991337578368992,919d6f0fb3ca462983d6df6ec06846e41abd9645
densenet121,B,2298,MR049453B,image_level_seed11,3,1,glioma,0.0001666940300996,0.9996774860672056,0.0001558199026947,1,glioma,0.9996774860672056,919d6f0fb3ca462983d6df6ec06846e41abd9645
densenet121,B,2299,MR049453B,image_level_seed11,1,1,glioma,0.0001463708991376,0.99931518939441,0.0005384397064525,1,glioma,0.99931518939441,919d6f0fb3ca462983d6df6ec06846e41abd9645
densenet121,B,2300,MR050135B,image_level_seed11,4,1,glioma,0.0016102026510751,0.9982916965824972,9.810076642786548e-05,1,glioma,0.9982916965824972,919d6f0fb3ca462983d6df6ec06846e41abd9645
densenet121,B,2301,MR050135B,image_level_seed11,1,1,glioma,8.438588923773146e-05,0.9998811789654216,3.44351453406758e-05,1,glioma,0.9998811789654216,919d6f0fb3ca462983d6df6ec06846e41abd9645
densenet121,B,2302,MR050135B,image_level_seed11,1,1,glioma,8.19656097044714e-05,0.9998883157392876,2.9718651007735464e-05,1,glioma,0.9998883157392876,919d6f0fb3ca462983d6df6ec06846e41abd9645
densenet121,B,2303,MR050135B,image_level_seed11,5,1,glioma,0.000494231328031,0.9990458189683764,0.0004599497035923,1,glioma,0.9990458189683764,919d6f0fb3ca462983d6df6ec06846e41abd9645
densenet121,B,2304,MR050135B,image_level_seed11,2,1,glioma,0.0002442204938324,0.9994880098074148,0.0002677696987526,1,glioma,0.9994880098074148,919d6f0fb3ca462983d6df6ec06846e41abd9645
densenet121,B,2305,MR050135B,image_level_seed11,4,1,glioma,0.0005290349811486,0.9991280105622125,0.0003429544566388,1,glioma,0.9991280105622125,919d6f0fb3ca462983d6df6ec06846e41abd9645
densenet121,B,2306,MR050135B,image_level_seed11,1,1,glioma,0.0001280546289666,0.9997841230892256,8.782228180784426e-05,1,glioma,0.9997841230892256,919d6f0fb3ca462983d6df6ec06846e41abd9645
densenet121,B,2307,MR050135B,image_level_seed11,2,1,glioma,0.0002145241558075,0.999474455308106,0.0003110205360865,1,glioma,0.999474455308106,919d6f0fb3ca462983d6df6ec06846e41abd9645
densenet121,B,2308,MR050135B,image_level_seed11,5,1,glioma,0.0006234564280481,0.9981005971566254,0.0012759464153263,1,glioma,0.9981005971566254,919d6f0fb3ca462983d6df6ec06846e41abd9645
densenet121,B,2309,MR050135B,image_level_seed11,4,1,glioma,0.0006092643581484,0.998849602172321,0.0005411334695306,1,glioma,0.998849602172321,919d6f0fb3ca462983d6df6ec06846e41abd9645
densenet121,B,2310,MR050135B,image_level_seed11,4,1,glioma,0.0002617484805984,0.9995711707432724,0.000167080776129,1,glioma,0.9995711707432724,919d6f0fb3ca462983d6df6ec06846e41abd9645
densenet121,B,2311,MR050687,image_level_seed11,3,1,glioma,0.0007452068646401,0.9988155611213668,0.000439232013993,1,glioma,0.9988155611213668,919d6f0fb3ca462983d6df6ec06846e41abd9645
densenet121,B,2312,MR050687,image_level_seed11,3,1,glioma,0.0002918545232032,0.9995842432424076,0.0001239022343893,1,glioma,0.9995842432424076,919d6f0fb3ca462983d6df6ec06846e41abd9645
densenet121,B,2313,MR050687,image_level_seed11,1,1,glioma,0.0001364864717249,0.99984434633888,1.9167189395184643e-05,1,glioma,0.99984434633888,919d6f0fb3ca462983d6df6ec06846e41abd9645
densenet121,B,2314,MR050687,image_level_seed11,5,1,glioma,0.0019980868978232,0.9978932688518828,0.0001086442502939,1,glioma,0.9978932688518828,919d6f0fb3ca462983d6df6ec06846e41abd9645
densenet121,B,2315,MR050687,image_level_seed11,3,1,glioma,0.0775304106765995,0.9218745928210276,0.0005949965023727,1,glioma,0.9218745928210276,919d6f0fb3ca462983d6df6ec06846e41abd9645
densenet121,B,2316,MR050687,image_level_seed11,4,1,glioma,0.0002659240788718,0.999686864014916,4.7211906212189984e-05,1,glioma,0.999686864014916,919d6f0fb3ca462983d6df6ec06846e41abd9645
densenet121,B,2317,MR050791B,image_level_seed11,5,1,glioma,0.000140936658014,0.999780335919794,7.872742219197476e-05,1,glioma,0.999780335919794,919d6f0fb3ca462983d6df6ec06846e41abd9645
densenet121,B,2318,MR050791B,image_level_seed11,5,1,glioma,0.0003455890474473,0.9996075703689624,4.6840583590070785e-05,1,glioma,0.9996075703689624,919d6f0fb3ca462983d6df6ec06846e41abd9645
densenet121,B,2319,MR050791B,image_level_seed11,2,1,glioma,0.0007597352457294,0.9991580115003752,8.225325389535e-05,1,glioma,0.9991580115003752,919d6f0fb3ca462983d6df6ec06846e41abd9645
densenet121,B,2320,MR050791B,image_level_seed11,1,1,glioma,4.689225998285831e-05,0.9999324058360246,2.070190399258399e-05,1,glioma,0.9999324058360246,919d6f0fb3ca462983d6df6ec06846e41abd9645
densenet121,B,2321,MR049019C,image_level_seed11,2,1,glioma,0.0005060901629595,0.996008460832866,0.0034854490041744,1,glioma,0.996008460832866,919d6f0fb3ca462983d6df6ec06846e41abd9645
densenet121,B,2322,MR049019C,image_level_seed11,1,1,glioma,0.0004117427923922,0.9980937176938544,0.0014945395137534,1,glioma,0.9980937176938544,919d6f0fb3ca462983d6df6ec06846e41abd9645
densenet121,B,2323,MR049019C,image_level_seed11,2,1,glioma,0.0015527854641942,0.9851164211183818,0.013330793417424,1,glioma,0.9851164211183818,919d6f0fb3ca462983d6df6ec06846e41abd9645
densenet121,B,2324,MR049019C,image_level_seed11,2,1,glioma,0.0014643663213915,0.9893482684785984,0.0091873652000101,1,glioma,0.9893482684785984,919d6f0fb3ca462983d6df6ec06846e41abd9645
densenet121,B,2325,MR049019C,image_level_seed11,2,1,glioma,0.0008160452921136,0.9967657409804332,0.0024182137274534,1,glioma,0.9967657409804332,919d6f0fb3ca462983d6df6ec06846e41abd9645
densenet121,B,2326,MR026175C,image_level_seed11,4,1,glioma,0.0005596375378177,0.9993886933049382,5.166915724407474e-05,1,glioma,0.9993886933049382,919d6f0fb3ca462983d6df6ec06846e41abd9645
densenet121,B,2327,MR026175C,image_level_seed11,4,1,glioma,0.0006772340062418,0.9993079943993672,1.477159439092604e-05,1,glioma,0.9993079943993672,919d6f0fb3ca462983d6df6ec06846e41abd9645
densenet121,B,2328,MR026175C,image_level_seed11,5,1,glioma,0.0003893933607223,0.9994667234564248,0.0001438831828526,1,glioma,0.9994667234564248,919d6f0fb3ca462983d6df6ec06846e41abd9645
densenet121,B,2329,MR026175C,image_level_seed11,1,1,glioma,0.0001133130222975,0.9998471991843312,3.94877933712133e-05,1,glioma,0.9998471991843312,919d6f0fb3ca462983d6df6ec06846e41abd9645
densenet121,B,2330,MR026175C,image_level_seed11,3,1,glioma,0.000165812436289,0.999661455727542,0.000172731836169,1,glioma,0.999661455727542,919d6f0fb3ca462983d6df6ec06846e41abd9645
densenet121,B,2331,MR026175C,image_level_seed11,4,1,glioma,0.0006428209354281,0.999226459645444,0.0001307194191278,1,glioma,0.999226459645444,919d6f0fb3ca462983d6df6ec06846e41abd9645
densenet121,B,2332,MR026175C,image_level_seed11,2,1,glioma,0.000119420159544,0.9996709305110092,0.0002096493294468,1,glioma,0.9996709305110092,919d6f0fb3ca462983d6df6ec06846e41abd9645
densenet121,B,2333,MR051461,image_level_seed11,5,1,glioma,0.0004706813544064,0.9994551701908456,7.414845474766691e-05,1,glioma,0.9994551701908456,919d6f0fb3ca462983d6df6ec06846e41abd9645
densenet121,B,2334,MR051461,image_level_seed11,4,1,glioma,0.0007605051696052,0.9992017017245298,3.7793105865037835e-05,1,glioma,0.9992017017245298,919d6f0fb3ca462983d6df6ec06846e41abd9645
densenet121,B,2335,MR051461,image_level_seed11,1,1,glioma,0.0001923524890856,0.9997150959189668,9.25515919474292e-05,1,glioma,0.9997150959189668,919d6f0fb3ca462983d6df6ec06846e41abd9645
densenet121,B,2336,MR051461,image_level_seed11,4,1,glioma,0.000730598117853,0.9986497986375348,0.000619603244612,1,glioma,0.9986497986375348,919d6f0fb3ca462983d6df6ec06846e41abd9645
densenet121,B,2337,MR051461,image_level_seed11,3,1,glioma,0.0006889588563538,0.9982812739351192,0.0010297672085269,1,glioma,0.9982812739351192,919d6f0fb3ca462983d6df6ec06846e41abd9645
densenet121,B,2338,MR051461,image_level_seed11,4,1,glioma,0.0007309208576718,0.9984234928702624,0.0008455862720655,1,glioma,0.9984234928702624,919d6f0fb3ca462983d6df6ec06846e41abd9645
densenet121,B,2339,MR051461,image_level_seed11,4,1,glioma,0.0005502806613532,0.9990839527182124,0.0003657666204344,1,glioma,0.9990839527182124,919d6f0fb3ca462983d6df6ec06846e41abd9645
densenet121,B,2340,MR051461,image_level_seed11,5,1,glioma,0.0002694898804428,0.9996287306042264,0.0001017795153306,1,glioma,0.9996287306042264,919d6f0fb3ca462983d6df6ec06846e41abd9645
densenet121,B,2341,MR051461,image_level_seed11,1,1,glioma,0.0003894883310101,0.9994645398434376,0.0001459718255523,1,glioma,0.9994645398434376,919d6f0fb3ca462983d6df6ec06846e41abd9645
densenet121,B,2342,MR051586,image_level_seed11,4,1,glioma,0.0014435001752527,0.9981882556217349,0.0003682442030124,1,glioma,0.9981882556217349,919d6f0fb3ca462983d6df6ec06846e41abd9645
densenet121,B,2343,MR051586,image_level_seed11,2,1,glioma,0.0001076892843686,0.9998167084669756,7.560224865585776e-05,1,glioma,0.9998167084669756,919d6f0fb3ca462983d6df6ec06846e41abd9645
densenet121,B,2344,MR033389B,image_level_seed11,2,1,glioma,4.135976041473482e-05,0.9999227490082364,3.5891231348806695e-05,1,glioma,0.9999227490082364,919d6f0fb3ca462983d6df6ec06846e41abd9645
densenet121,B,2345,MR033389B,image_level_seed11,2,1,glioma,4.663240500838058e-05,0.999914642466814,3.8725128177471254e-05,1,glioma,0.999914642466814,919d6f0fb3ca462983d6df6ec06846e41abd9645
densenet121,B,2346,MR033389B,image_level_seed11,4,1,glioma,0.0003104955970954,0.9995673684460892,0.0001221359568152,1,glioma,0.9995673684460892,919d6f0fb3ca462983d6df6ec06846e41abd9645
densenet121,B,2347,MR033389B,image_level_seed11,2,1,glioma,5.3860604714715045e-05,0.9999218963032586,2.4243092026833695e-05,1,glioma,0.9999218963032586,919d6f0fb3ca462983d6df6ec06846e41abd9645
densenet121,B,2348,MR033389B,image_level_seed11,2,1,glioma,0.0007475161160657,0.999075696231217,0.0001767876527171,1,glioma,0.999075696231217,919d6f0fb3ca462983d6df6ec06846e41abd9645
densenet121,B,2349,MR024780E,image_level_seed11,2,1,glioma,0.0004785859885354,0.9990895364597552,0.0004318775517093,1,glioma,0.9990895364597552,919d6f0fb3ca462983d6df6ec06846e41abd9645
densenet121,B,2350,MR026175E,image_level_seed11,3,1,glioma,0.0009181096374785,0.9979853704869668,0.0010965198755545,1,glioma,0.9979853704869668,919d6f0fb3ca462983d6df6ec06846e41abd9645
densenet121,B,2351,MR026175E,image_level_seed11,5,1,glioma,0.0001371928753955,0.9997361717909344,0.0001266353336698,1,glioma,0.9997361717909344,919d6f0fb3ca462983d6df6ec06846e41abd9645
densenet121,B,2352,MR026175E,image_level_seed11,4,1,glioma,0.000303950444246,0.999571935205304,0.0001241143504499,1,glioma,0.999571935205304,919d6f0fb3ca462983d6df6ec06846e41abd9645
densenet121,B,2353,MR026175E,image_level_seed11,4,1,glioma,0.0002890777907318,0.9996373753078488,7.354690141945636e-05,1,glioma,0.9996373753078488,919d6f0fb3ca462983d6df6ec06846e41abd9645
densenet121,B,2354,MR026175E,image_level_seed11,3,1,glioma,0.0003417675388665,0.9989896004867852,0.0006686319743483,1,glioma,0.9989896004867852,919d6f0fb3ca462983d6df6ec06846e41abd9645
densenet121,B,2355,MR026175E,image_level_seed11,4,1,glioma,0.0001613022382431,0.9996335844359352,0.0002051133258215,1,glioma,0.9996335844359352,919d6f0fb3ca462983d6df6ec06846e41abd9645
densenet121,B,2356,MR026175E,image_level_seed11,5,1,glioma,0.0001506009878144,0.99974056824902,0.0001088307631655,1,glioma,0.99974056824902,919d6f0fb3ca462983d6df6ec06846e41abd9645
densenet121,B,2357,MR026175E,image_level_seed11,2,1,glioma,0.0002900886266298,0.9989433298609732,0.000766581512397,1,glioma,0.9989433298609732,919d6f0fb3ca462983d6df6ec06846e41abd9645
densenet121,B,2358,MR026175E,image_level_seed11,1,1,glioma,0.0003250720687222,0.9991487041375448,0.000526223793733,1,glioma,0.9991487041375448,919d6f0fb3ca462983d6df6ec06846e41abd9645
densenet121,B,2359,MR026175E,image_level_seed11,2,1,glioma,0.0001618227041629,0.9996530718268648,0.0001851054689723,1,glioma,0.9996530718268648,919d6f0fb3ca462983d6df6ec06846e41abd9645
densenet121,B,2360,MR026175E,image_level_seed11,2,1,glioma,0.0001270139639893,0.999751652983736,0.0001213330522746,1,glioma,0.999751652983736,919d6f0fb3ca462983d6df6ec06846e41abd9645
densenet121,B,2361,MR026175E,image_level_seed11,5,1,glioma,0.0003829590903391,0.9994293217628928,0.0001877191467682,1,glioma,0.9994293217628928,919d6f0fb3ca462983d6df6ec06846e41abd9645
densenet121,B,2362,MR040240C,image_level_seed11,3,1,glioma,0.0005716346345431,0.9956587648665776,0.003769600498879,1,glioma,0.9956587648665776,919d6f0fb3ca462983d6df6ec06846e41abd9645
densenet121,B,2363,MR040240C,image_level_seed11,5,1,glioma,0.0014242667338979,0.9962205551447938,0.0023551781213083,1,glioma,0.9962205551447938,919d6f0fb3ca462983d6df6ec06846e41abd9645
densenet121,B,2364,MR040240C,image_level_seed11,4,1,glioma,0.0021750485500638,0.9961748659772048,0.001650085472731,1,glioma,0.9961748659772048,919d6f0fb3ca462983d6df6ec06846e41abd9645
densenet121,B,2365,MR040240C,image_level_seed11,4,1,glioma,0.0008712368003366,0.9964351889174934,0.0026935742821699,1,glioma,0.9964351889174934,919d6f0fb3ca462983d6df6ec06846e41abd9645
densenet121,B,2366,MR040240C,image_level_seed11,2,1,glioma,0.0005906167288358,0.9971029629561242,0.0023064203150399,1,glioma,0.9971029629561242,919d6f0fb3ca462983d6df6ec06846e41abd9645
densenet121,B,2367,MR040240C,image_level_seed11,2,1,glioma,0.0002824228478974,0.9990181222751654,0.0006994548769371,1,glioma,0.9990181222751654,919d6f0fb3ca462983d6df6ec06846e41abd9645
densenet121,B,2368,MR040240C,image_level_seed11,4,1,glioma,0.00081573901607,0.998257502059786,0.0009267589241441,1,glioma,0.998257502059786,919d6f0fb3ca462983d6df6ec06846e41abd9645
densenet121,B,2369,MR040240C,image_level_seed11,2,1,glioma,0.0002602804585202,0.99894648618711,0.0007932333543697,1,glioma,0.99894648618711,919d6f0fb3ca462983d6df6ec06846e41abd9645
densenet121,B,2370,MR040240C,image_level_seed11,3,1,glioma,0.0019700480859721,0.9959547499641516,0.0020752019498762,1,glioma,0.9959547499641516,919d6f0fb3ca462983d6df6ec06846e41abd9645
densenet121,B,2371,MR040240C,image_level_seed11,4,1,glioma,0.0012379552419962,0.9977380178806664,0.0010240268773372,1,glioma,0.9977380178806664,919d6f0fb3ca462983d6df6ec06846e41abd9645
densenet121,B,2372,MR040240C,image_level_seed11,2,1,glioma,0.0003472677134105,0.9993052083107108,0.0003475239758785,1,glioma,0.9993052083107108,919d6f0fb3ca462983d6df6ec06846e41abd9645
densenet121,B,2373,MR040240D,image_level_seed11,4,1,glioma,0.0004330509518208,0.9990712813744592,0.00049566767372,1,glioma,0.9990712813744592,919d6f0fb3ca462983d6df6ec06846e41abd9645
densenet121,B,2374,MR040240D,image_level_seed11,4,1,glioma,0.0001797829777195,0.9997786432059452,4.1573816334987126e-05,1,glioma,0.9997786432059452,919d6f0fb3ca462983d6df6ec06846e41abd9645
densenet121,B,2375,MR040240D,image_level_seed11,2,1,glioma,0.0003061117818678,0.9996051596579048,8.872856022733099e-05,1,glioma,0.9996051596579048,919d6f0fb3ca462983d6df6ec06846e41abd9645
densenet121,B,2376,MR040240D,image_level_seed11,4,1,glioma,0.0001132300351974,0.9998624773642348,2.429260056773743e-05,1,glioma,0.9998624773642348,919d6f0fb3ca462983d6df6ec06846e41abd9645
densenet121,B,2377,MR040240D,image_level_seed11,5,1,glioma,0.0001687171682547,0.9997678554130434,6.342741870184858e-05,1,glioma,0.9997678554130434,919d6f0fb3ca462983d6df6ec06846e41abd9645
densenet121,B,2378,MR040240D,image_level_seed11,5,1,glioma,0.0003606012662858,0.99951562806003,0.000123770673684,1,glioma,0.99951562806003,919d6f0fb3ca462983d6df6ec06846e41abd9645
densenet121,B,2379,MR040240D,image_level_seed11,2,1,glioma,0.0001223295101479,0.9998077637836864,6.990670616563796e-05,1,glioma,0.9998077637836864,919d6f0fb3ca462983d6df6ec06846e41abd9645
densenet121,B,2380,MR040240D,image_level_seed11,3,1,glioma,0.0006035023609328,0.9992622575364604,0.0001342401026067,1,glioma,0.9992622575364604,919d6f0fb3ca462983d6df6ec06846e41abd9645
densenet121,B,2381,MR040240D,image_level_seed11,5,1,glioma,0.0004861388291287,0.999231953189808,0.0002819079810634,1,glioma,0.999231953189808,919d6f0fb3ca462983d6df6ec06846e41abd9645
densenet121,B,2382,MR040240D,image_level_seed11,2,1,glioma,0.0004364624264396,0.9993098125365674,0.0002537250369928,1,glioma,0.9993098125365674,919d6f0fb3ca462983d6df6ec06846e41abd9645
densenet121,B,2383,MR040240D,image_level_seed11,4,1,glioma,0.0013000988561216,0.9976338344257676,0.0010660667181108,1,glioma,0.9976338344257676,919d6f0fb3ca462983d6df6ec06846e41abd9645
densenet121,B,2384,MR017260F,image_level_seed11,3,1,glioma,0.0001664049110226,0.9996731860365452,0.0001604090524323,1,glioma,0.9996731860365452,919d6f0fb3ca462983d6df6ec06846e41abd9645
densenet121,B,2385,MR017260F,image_level_seed11,2,1,glioma,0.000167853234984,0.9995541776422476,0.0002779691227683,1,glioma,0.9995541776422476,919d6f0fb3ca462983d6df6ec06846e41abd9645
densenet121,B,2386,MR017260F,image_level_seed11,1,1,glioma,0.0001281921246011,0.9997331421552582,0.0001386657201407,1,glioma,0.9997331421552582,919d6f0fb3ca462983d6df6ec06846e41abd9645
densenet121,B,2387,MR017260F,image_level_seed11,1,1,glioma,0.0002073764418566,0.9996098409788364,0.0001827825793068,1,glioma,0.9996098409788364,919d6f0fb3ca462983d6df6ec06846e41abd9645
densenet121,B,2388,MR017260F,image_level_seed11,5,1,glioma,0.010681608771331,0.98872227949217,0.0005961117364989,1,glioma,0.98872227949217,919d6f0fb3ca462983d6df6ec06846e41abd9645
densenet121,B,2389,MR017260F,image_level_seed11,3,1,glioma,0.0011094635572317,0.9986913457111346,0.0001991907316337,1,glioma,0.9986913457111346,919d6f0fb3ca462983d6df6ec06846e41abd9645
densenet121,B,2390,MR017260F,image_level_seed11,3,1,glioma,0.0016763483753519,0.997929022087458,0.00039462953719,1,glioma,0.997929022087458,919d6f0fb3ca462983d6df6ec06846e41abd9645
densenet121,B,2391,MR017260F,image_level_seed11,1,1,glioma,0.0001477491480822,0.9997837981223944,6.845272952336541e-05,1,glioma,0.9997837981223944,919d6f0fb3ca462983d6df6ec06846e41abd9645
densenet121,B,2392,MR017260F,image_level_seed11,1,1,glioma,0.0002372307693009,0.9996780380201502,8.47312105488622e-05,1,glioma,0.9996780380201502,919d6f0fb3ca462983d6df6ec06846e41abd9645
densenet121,B,2393,MR017260F,image_level_seed11,1,1,glioma,0.0004085194178855,0.9994484660174358,0.0001430145646785,1,glioma,0.9994484660174358,919d6f0fb3ca462983d6df6ec06846e41abd9645
densenet121,B,2394,MR029209I,image_level_seed11,2,1,glioma,0.0001181439318426,0.9996949518668342,0.0001869042013231,1,glioma,0.9996949518668342,919d6f0fb3ca462983d6df6ec06846e41abd9645
densenet121,B,2395,MR029209I,image_level_seed11,5,1,glioma,0.0003707713856532,0.9994192396741636,0.000209988940183,1,glioma,0.9994192396741636,919d6f0fb3ca462983d6df6ec06846e41abd9645
densenet121,B,2396,MR029209I,image_level_seed11,1,1,glioma,0.0002559532452373,0.9995770492664622,0.0001669974883005,1,glioma,0.9995770492664622,919d6f0fb3ca462983d6df6ec06846e41abd9645
densenet121,B,2397,MR029209I,image_level_seed11,1,1,glioma,0.000149424995755,0.9997838447819496,6.673022229549613e-05,1,glioma,0.9997838447819496,919d6f0fb3ca462983d6df6ec06846e41abd9645
densenet121,B,2398,MR029209I,image_level_seed11,1,1,glioma,0.0001919146667819,0.999734467146458,7.361818676009358e-05,1,glioma,0.999734467146458,919d6f0fb3ca462983d6df6ec06846e41abd9645
densenet121,B,2399,MR029209I,image_level_seed11,4,1,glioma,0.0005542047173997,0.9992660682727104,0.0001797270098899,1,glioma,0.9992660682727104,919d6f0fb3ca462983d6df6ec06846e41abd9645
densenet121,B,2400,MR029209I,image_level_seed11,1,1,glioma,0.000152309730796,0.9997806829983832,6.700727082067591e-05,1,glioma,0.9997806829983832,919d6f0fb3ca462983d6df6ec06846e41abd9645
densenet121,B,2401,MR029209I,image_level_seed11,4,1,glioma,0.0003191976707903,0.9996288834588628,5.191887034698298e-05,1,glioma,0.9996288834588628,919d6f0fb3ca462983d6df6ec06846e41abd9645
densenet121,B,2402,MR029209I,image_level_seed11,1,1,glioma,0.0001434813969633,0.9998226161504354,3.390245260121703e-05,1,glioma,0.9998226161504354,919d6f0fb3ca462983d6df6ec06846e41abd9645
densenet121,B,2403,MR048294,image_level_seed11,1,1,glioma,0.000255796626401,0.9992686428461564,0.0004755605274425,1,glioma,0.9992686428461564,919d6f0fb3ca462983d6df6ec06846e41abd9645
densenet121,B,2404,MR048294,image_level_seed11,4,1,glioma,0.0002250337547901,0.999019287136067,0.0007556791091429,1,glioma,0.999019287136067,919d6f0fb3ca462983d6df6ec06846e41abd9645
densenet121,B,2405,MR048294,image_level_seed11,2,1,glioma,0.0008923251677201,0.9977149127552132,0.0013927620770665,1,glioma,0.9977149127552132,919d6f0fb3ca462983d6df6ec06846e41abd9645
densenet121,B,2406,MR048294,image_level_seed11,1,1,glioma,0.0002200276439665,0.9988961109852348,0.0008838613707985,1,glioma,0.9988961109852348,919d6f0fb3ca462983d6df6ec06846e41abd9645
densenet121,B,2407,MR048294,image_level_seed11,5,1,glioma,0.0013756137412769,0.9973605958310692,0.001263790427654,1,glioma,0.9973605958310692,919d6f0fb3ca462983d6df6ec06846e41abd9645
densenet121,B,2408,MR048294,image_level_seed11,5,1,glioma,0.0022702474864935,0.9963862753315624,0.0013434771819442,1,glioma,0.9963862753315624,919d6f0fb3ca462983d6df6ec06846e41abd9645
densenet121,B,2409,MR048294,image_level_seed11,5,1,glioma,0.0007452447741389,0.9983547223623536,0.0009000328635074,1,glioma,0.9983547223623536,919d6f0fb3ca462983d6df6ec06846e41abd9645
densenet121,B,2410,MR048297,image_level_seed11,2,1,glioma,0.0004750755173413,0.999235329887866,0.0002895945947925,1,glioma,0.999235329887866,919d6f0fb3ca462983d6df6ec06846e41abd9645
densenet121,B,2411,MR048297,image_level_seed11,5,1,glioma,0.0200916130281767,0.978207460506625,0.0017009264651982,1,glioma,0.978207460506625,919d6f0fb3ca462983d6df6ec06846e41abd9645
densenet121,B,2412,MR048297,image_level_seed11,3,1,glioma,0.0636387959958966,0.9304679490278002,0.0058932549763031,1,glioma,0.9304679490278002,919d6f0fb3ca462983d6df6ec06846e41abd9645
densenet121,B,2413,MR048297,image_level_seed11,5,1,glioma,0.051145290755044,0.9447528808069544,0.0041018284380018,1,glioma,0.9447528808069544,919d6f0fb3ca462983d6df6ec06846e41abd9645
densenet121,B,2414,MR048297,image_level_seed11,4,1,glioma,0.000527241221922,0.9985656400480384,0.0009071187300396,1,glioma,0.9985656400480384,919d6f0fb3ca462983d6df6ec06846e41abd9645
densenet121,B,2415,MR048294B,image_level_seed11,4,1,glioma,0.0002236229274428,0.9996293314388464,0.0001470456337106,1,glioma,0.9996293314388464,919d6f0fb3ca462983d6df6ec06846e41abd9645
densenet121,B,2416,MR048294B,image_level_seed11,1,1,glioma,0.0003832791567254,0.9986313979938564,0.0009853228494181,1,glioma,0.9986313979938564,919d6f0fb3ca462983d6df6ec06846e41abd9645
densenet121,B,2417,MR048294B,image_level_seed11,4,1,glioma,0.0005210692069809,0.9984910775311414,0.0009878532618776,1,glioma,0.9984910775311414,919d6f0fb3ca462983d6df6ec06846e41abd9645
densenet121,B,2418,MR048294B,image_level_seed11,5,1,glioma,0.0003246454110525,0.9994539889824248,0.0002213656065228,1,glioma,0.9994539889824248,919d6f0fb3ca462983d6df6ec06846e41abd9645
densenet121,B,2419,MR048294B,image_level_seed11,1,1,glioma,0.0008516467931312,0.9983666909665432,0.0007816622403254,1,glioma,0.9983666909665432,919d6f0fb3ca462983d6df6ec06846e41abd9645
densenet121,B,2420,MR048621B,image_level_seed11,1,1,glioma,8.610031048016322e-05,0.9997353608146536,0.0001785388748663,1,glioma,0.9997353608146536,919d6f0fb3ca462983d6df6ec06846e41abd9645
densenet121,B,2421,MR048621B,image_level_seed11,3,1,glioma,0.0002097114241336,0.9996845398235216,0.0001057487523448,1,glioma,0.9996845398235216,919d6f0fb3ca462983d6df6ec06846e41abd9645
densenet121,B,2422,MR048621B,image_level_seed11,2,1,glioma,0.0001335149380385,0.9995148183308752,0.0003516667310863,1,glioma,0.9995148183308752,919d6f0fb3ca462983d6df6ec06846e41abd9645
densenet121,B,2423,MR048621B,image_level_seed11,1,1,glioma,9.3445497044952e-05,0.999109177671946,0.0007973768310091,1,glioma,0.999109177671946,919d6f0fb3ca462983d6df6ec06846e41abd9645
densenet121,B,2424,MR048621B,image_level_seed11,5,1,glioma,0.0002594036244585,0.9993672628798036,0.0003733334957377,1,glioma,0.9993672628798036,919d6f0fb3ca462983d6df6ec06846e41abd9645
densenet121,B,2425,MR048621B,image_level_seed11,4,1,glioma,0.0003164039178928,0.9993274611912286,0.0003561348908786,1,glioma,0.9993274611912286,919d6f0fb3ca462983d6df6ec06846e41abd9645
densenet121,B,2426,MR048944,image_level_seed11,3,1,glioma,8.411962447049627e-05,0.9998880186956056,2.7861679923774407e-05,1,glioma,0.9998880186956056,919d6f0fb3ca462983d6df6ec06846e41abd9645
densenet121,B,2427,MR048944,image_level_seed11,3,1,glioma,0.0001055924427419,0.9998313030638912,6.310449336665165e-05,1,glioma,0.9998313030638912,919d6f0fb3ca462983d6df6ec06846e41abd9645
densenet121,B,2428,MR048944,image_level_seed11,3,1,glioma,0.0002522541307332,0.9996059671814358,0.0001417786878311,1,glioma,0.9996059671814358,919d6f0fb3ca462983d6df6ec06846e41abd9645
densenet121,B,2429,MR048944,image_level_seed11,3,1,glioma,0.0001887630609656,0.9997200897872806,9.114715175373016e-05,1,glioma,0.9997200897872806,919d6f0fb3ca462983d6df6ec06846e41abd9645
densenet121,B,2430,MR048944,image_level_seed11,2,1,glioma,5.030569584805014e-05,0.99989345578692,5.623851723179956e-05,1,glioma,0.99989345578692,919d6f0fb3ca462983d6df6ec06846e41abd9645
densenet121,B,2431,MR048944,image_level_seed11,3,1,glioma,0.0002357811318988,0.9997136447969583,5.057407114272061e-05,1,glioma,0.9997136447969583,919d6f0fb3ca462983d6df6ec06846e41abd9645
densenet121,B,2432,MR048944,image_level_seed11,1,1,glioma,5.665174461438243e-05,0.9999270901245308,1.625813085484438e-05,1,glioma,0.9999270901245308,919d6f0fb3ca462983d6df6ec06846e41abd9645
densenet121,B,2433,MR048944,image_level_seed11,2,1,glioma,8.995170232707386e-05,0.9997339758334888,0.0001760724641841,1,glioma,0.9997339758334888,919d6f0fb3ca462983d6df6ec06846e41abd9645
densenet121,B,2434,MR048944,image_level_seed11,2,1,glioma,0.0002037504912779,0.9996962174335732,0.0001000320751487,1,glioma,0.9996962174335732,919d6f0fb3ca462983d6df6ec06846e41abd9645
densenet121,B,2435,MR048994,image_level_seed11,3,1,glioma,0.0005384828299101,0.9994177414001798,4.3775769909860305e-05,1,glioma,0.9994177414001798,919d6f0fb3ca462983d6df6ec06846e41abd9645
densenet121,B,2436,MR048994,image_level_seed11,5,1,glioma,0.0004245536268335,0.9994691981353888,0.0001062482377778,1,glioma,0.9994691981353888,919d6f0fb3ca462983d6df6ec06846e41abd9645
densenet121,B,2437,MR048994,image_level_seed11,4,1,glioma,0.0019920151006722,0.9978533999784004,0.0001545849209273,1,glioma,0.9978533999784004,919d6f0fb3ca462983d6df6ec06846e41abd9645
densenet121,B,2438,MR048994,image_level_seed11,5,1,glioma,0.0005680395409178,0.9992826206296408,0.0001493398294412,1,glioma,0.9992826206296408,919d6f0fb3ca462983d6df6ec06846e41abd9645
densenet121,B,2439,MR048994,image_level_seed11,4,1,glioma,0.0005533851102102,0.9994073565349904,3.9258354799128224e-05,1,glioma,0.9994073565349904,919d6f0fb3ca462983d6df6ec06846e41abd9645
densenet121,B,2440,MR048994,image_level_seed11,2,1,glioma,0.0001944882422886,0.9997518252752916,5.368648241950517e-05,1,glioma,0.9997518252752916,919d6f0fb3ca462983d6df6ec06846e41abd9645
densenet121,B,2441,MR048994,image_level_seed11,1,1,glioma,0.0003817712107324,0.999600828672266,1.7400117001475046e-05,1,glioma,0.999600828672266,919d6f0fb3ca462983d6df6ec06846e41abd9645
densenet121,B,2442,MR037458C,image_level_seed11,2,1,glioma,0.0011043934285569,0.9987130262455832,0.00018258032586,1,glioma,0.9987130262455832,919d6f0fb3ca462983d6df6ec06846e41abd9645
densenet121,B,2443,MR040240,image_level_seed11,2,1,glioma,0.0009771325018792,0.9963708384836316,0.0026520290144894,1,glioma,0.9963708384836316,919d6f0fb3ca462983d6df6ec06846e41abd9645
densenet121,B,2444,MR040240,image_level_seed11,5,1,glioma,0.0008359737474881,0.9973009353752298,0.001863090877282,1,glioma,0.9973009353752298,919d6f0fb3ca462983d6df6ec06846e41abd9645
densenet121,B,2445,MR040240,image_level_seed11,2,1,glioma,0.000235440593232,0.9991052711790832,0.0006592882276847,1,glioma,0.9991052711790832,919d6f0fb3ca462983d6df6ec06846e41abd9645
densenet121,B,2446,MR040240,image_level_seed11,5,1,glioma,0.0011232806359493,0.9970724847657898,0.0018042345982609,1,glioma,0.9970724847657898,919d6f0fb3ca462983d6df6ec06846e41abd9645
densenet121,B,2447,MR040240,image_level_seed11,2,1,glioma,0.0002560543289178,0.9995213155800136,0.0002226300910684,1,glioma,0.9995213155800136,919d6f0fb3ca462983d6df6ec06846e41abd9645
densenet121,B,2448,MR040240,image_level_seed11,2,1,glioma,0.0002542402729238,0.9995613639495746,0.0001843957775015,1,glioma,0.9995613639495746,919d6f0fb3ca462983d6df6ec06846e41abd9645
densenet121,B,2449,MR040240,image_level_seed11,4,1,glioma,0.0007710883261581,0.9985300899542876,0.0006988217195545,1,glioma,0.9985300899542876,919d6f0fb3ca462983d6df6ec06846e41abd9645
densenet121,B,2450,MR040240,image_level_seed11,5,1,glioma,0.0006566188928186,0.998263469236509,0.0010799118706723,1,glioma,0.998263469236509,919d6f0fb3ca462983d6df6ec06846e41abd9645
densenet121,B,2451,MR040240,image_level_seed11,2,1,glioma,0.0001218048345154,0.9995691313329425,0.0003090638325421,1,glioma,0.9995691313329425,919d6f0fb3ca462983d6df6ec06846e41abd9645
densenet121,B,2452,MR040240,image_level_seed11,1,1,glioma,0.0003340431300707,0.9995390761978508,0.0001268806720787,1,glioma,0.9995390761978508,919d6f0fb3ca462983d6df6ec06846e41abd9645
densenet121,B,2453,MR040240B,image_level_seed11,4,1,glioma,0.0015672811292139,0.9957240309517272,0.0027086879190589,1,glioma,0.9957240309517272,919d6f0fb3ca462983d6df6ec06846e41abd9645
densenet121,B,2454,MR040240B,image_level_seed11,5,1,glioma,0.0001581064723134,0.9992489986112696,0.000592894916417,1,glioma,0.9992489986112696,919d6f0fb3ca462983d6df6ec06846e41abd9645
densenet121,B,2455,MR040240B,image_level_seed11,2,1,glioma,0.0003000102248496,0.9990988037175818,0.0006011860575685,1,glioma,0.9990988037175818,919d6f0fb3ca462983d6df6ec06846e41abd9645
densenet121,B,2456,MR040240B,image_level_seed11,4,1,glioma,0.0004353321989789,0.9984907179669532,0.0010739498340679,1,glioma,0.9984907179669532,919d6f0fb3ca462983d6df6ec06846e41abd9645
densenet121,B,2457,MR040240B,image_level_seed11,2,1,glioma,0.0006462620016976,0.9987323715473272,0.000621366450975,1,glioma,0.9987323715473272,919d6f0fb3ca462983d6df6ec06846e41abd9645
densenet121,B,2458,MR040240B,image_level_seed11,1,1,glioma,0.0002740130176528,0.9991589125529008,0.000567074429446,1,glioma,0.9991589125529008,919d6f0fb3ca462983d6df6ec06846e41abd9645
densenet121,B,2459,MR040240B,image_level_seed11,5,1,glioma,0.0002777681099337,0.9991960107833598,0.0005262211067064,1,glioma,0.9991960107833598,919d6f0fb3ca462983d6df6ec06846e41abd9645
densenet121,B,2460,MR040240B,image_level_seed11,4,1,glioma,0.0006793129413547,0.997692088908252,0.0016285981503931,1,glioma,0.997692088908252,919d6f0fb3ca462983d6df6ec06846e41abd9645
densenet121,B,2461,MR040240B,image_level_seed11,5,1,glioma,0.0006874978892256,0.997753118144473,0.0015593839663014,1,glioma,0.997753118144473,919d6f0fb3ca462983d6df6ec06846e41abd9645
densenet121,B,2462,MR040240B,image_level_seed11,5,1,glioma,0.000113799103536,0.9995363762817554,0.0003498246147085,1,glioma,0.9995363762817554,919d6f0fb3ca462983d6df6ec06846e41abd9645
densenet121,B,2463,MR029209G,image_level_seed11,4,1,glioma,0.001623085825826,0.9977390542120746,0.0006378599620994,1,glioma,0.9977390542120746,919d6f0fb3ca462983d6df6ec06846e41abd9645
densenet121,B,2464,MR029209G,image_level_seed11,3,1,glioma,0.0003076758072304,0.9995776364583406,0.0001146877344289,1,glioma,0.9995776364583406,919d6f0fb3ca462983d6df6ec06846e41abd9645
densenet121,B,2465,MR029209G,image_level_seed11,4,1,glioma,0.0003648646829652,0.9994764804915824,0.0001586548254525,1,glioma,0.9994764804915824,919d6f0fb3ca462983d6df6ec06846e41abd9645
densenet121,B,2466,MR029209G,image_level_seed11,5,1,glioma,0.0004364547095276,0.9994148503390492,0.0001486949514231,1,glioma,0.9994148503390492,919d6f0fb3ca462983d6df6ec06846e41abd9645
densenet121,B,2467,MR029209G,image_level_seed11,5,1,glioma,0.0004673710799558,0.9993444879712856,0.0001881409487583,1,glioma,0.9993444879712856,919d6f0fb3ca462983d6df6ec06846e41abd9645
densenet121,B,2468,MR029209G,image_level_seed11,4,1,glioma,0.0005102089245158,0.9993627955131013,0.0001269955623831,1,glioma,0.9993627955131013,919d6f0fb3ca462983d6df6ec06846e41abd9645
densenet121,B,2469,MR029209G,image_level_seed11,2,1,glioma,0.0045048064451179,0.9951830747750154,0.0003121187798664,1,glioma,0.9951830747750154,919d6f0fb3ca462983d6df6ec06846e41abd9645
densenet121,B,2470,MR036496B,image_level_seed11,3,1,glioma,0.0002456159177897,0.9997044432034417,4.99408787687826e-05,1,glioma,0.9997044432034417,919d6f0fb3ca462983d6df6ec06846e41abd9645
densenet121,B,2471,MR036496B,image_level_seed11,4,1,glioma,0.0004964572319207,0.9994510085179106,5.253425016877464e-05,1,glioma,0.9994510085179106,919d6f0fb3ca462983d6df6ec06846e41abd9645
densenet121,B,2472,MR036496B,image_level_seed11,5,1,glioma,0.0004700489867585,0.9994092051615728,0.0001207458516686,1,glioma,0.9994092051615728,919d6f0fb3ca462983d6df6ec06846e41abd9645
densenet121,B,2473,MR036496B,image_level_seed11,5,1,glioma,0.0002621567355932,0.9996631302403628,7.471302404389475e-05,1,glioma,0.9996631302403628,919d6f0fb3ca462983d6df6ec06846e41abd9645
densenet121,B,2474,MR036496B,image_level_seed11,4,1,glioma,0.0003660484925503,0.9996000341129776,3.391739447220088e-05,1,glioma,0.9996000341129776,919d6f0fb3ca462983d6df6ec06846e41abd9645
densenet121,B,2475,MR036496B,image_level_seed11,3,1,glioma,0.0003869832825151,0.9995318889909086,8.112772657621107e-05,1,glioma,0.9995318889909086,919d6f0fb3ca462983d6df6ec06846e41abd9645
densenet121,B,2476,MR033420,image_level_seed11,2,1,glioma,0.0231087478469511,0.9764573632376712,0.0004338889153777,1,glioma,0.9764573632376712,919d6f0fb3ca462983d6df6ec06846e41abd9645
densenet121,B,2477,MR033420,image_level_seed11,4,1,glioma,0.0058276221043423,0.9937601245901132,0.0004122533055443,1,glioma,0.9937601245901132,919d6f0fb3ca462983d6df6ec06846e41abd9645
densenet121,B,2478,MR033420,image_level_seed11,2,1,glioma,0.000149142897023,0.999707834718534,0.0001430223844429,1,glioma,0.999707834718534,919d6f0fb3ca462983d6df6ec06846e41abd9645
densenet121,B,2479,MR033420,image_level_seed11,1,1,glioma,0.0003057339329841,0.9995357061369144,0.0001585599301014,1,glioma,0.9995357061369144,919d6f0fb3ca462983d6df6ec06846e41abd9645
densenet121,B,2480,MR033420,image_level_seed11,4,1,glioma,0.0006809685977544,0.9992338655365378,8.516586570778138e-05,1,glioma,0.9992338655365378,919d6f0fb3ca462983d6df6ec06846e41abd9645
densenet121,B,2481,MR033420,image_level_seed11,1,1,glioma,6.612296890262621e-05,0.9998354708642778,9.840616681959428e-05,1,glioma,0.9998354708642778,919d6f0fb3ca462983d6df6ec06846e41abd9645
densenet121,B,2482,MR033420,image_level_seed11,1,1,glioma,0.0001774656664709,0.9997598387762896,6.269555723924725e-05,1,glioma,0.9997598387762896,919d6f0fb3ca462983d6df6ec06846e41abd9645
densenet121,B,2483,MR033420,image_level_seed11,4,1,glioma,0.0011952778262518,0.996828751210926,0.001975970962822,1,glioma,0.996828751210926,919d6f0fb3ca462983d6df6ec06846e41abd9645
densenet121,B,2484,MR033420,image_level_seed11,1,1,glioma,0.0001247915945739,0.9996590396238404,0.0002161687815857,1,glioma,0.9996590396238404,919d6f0fb3ca462983d6df6ec06846e41abd9645
densenet121,B,2485,MR033420,image_level_seed11,1,1,glioma,0.0001216556531163,0.99978550880706,9.283553982360692e-05,1,glioma,0.99978550880706,919d6f0fb3ca462983d6df6ec06846e41abd9645
densenet121,B,2486,MR033420,image_level_seed11,4,1,glioma,0.0005977751621374,0.998775706431548,0.0006265184063142,1,glioma,0.998775706431548,919d6f0fb3ca462983d6df6ec06846e41abd9645
densenet121,B,2487,MR033389B,image_level_seed11,4,1,glioma,0.0001453633019625,0.9997263000098756,0.0001283366881618,1,glioma,0.9997263000098756,919d6f0fb3ca462983d6df6ec06846e41abd9645
densenet121,B,2488,MR033389B,image_level_seed11,3,1,glioma,4.6778457358364795e-05,0.999909159422345,4.406212029661421e-05,1,glioma,0.999909159422345,919d6f0fb3ca462983d6df6ec06846e41abd9645
densenet121,B,2489,MR033389B,image_level_seed11,1,1,glioma,0.0001553096798355,0.9997579225024096,8.676781775481034e-05,1,glioma,0.9997579225024096,919d6f0fb3ca462983d6df6ec06846e41abd9645
densenet121,B,2490,MR033389B,image_level_seed11,2,1,glioma,0.0005425491401862,0.999354709796888,0.0001027410629255,1,glioma,0.999354709796888,919d6f0fb3ca462983d6df6ec06846e41abd9645
densenet121,B,2491,MR033389B,image_level_seed11,1,1,glioma,0.0001018257271151,0.9997750621239224,0.0001231121489625,1,glioma,0.9997750621239224,919d6f0fb3ca462983d6df6ec06846e41abd9645
densenet121,B,2492,MR033389B,image_level_seed11,2,1,glioma,0.0003191079022586,0.999262699743689,0.0004181923540525,1,glioma,0.999262699743689,919d6f0fb3ca462983d6df6ec06846e41abd9645
densenet121,B,2493,MR033389B,image_level_seed11,2,1,glioma,0.0001243826856813,0.9994723946238018,0.000403222690517,1,glioma,0.9994723946238018,919d6f0fb3ca462983d6df6ec06846e41abd9645
densenet121,B,2494,MR033389B,image_level_seed11,5,1,glioma,0.000173225308896,0.99957387167677,0.0002529030143337,1,glioma,0.99957387167677,919d6f0fb3ca462983d6df6ec06846e41abd9645
densenet121,B,2495,MR033389B,image_level_seed11,3,1,glioma,0.0001128905898259,0.9997290542509014,0.0001580551592726,1,glioma,0.9997290542509014,919d6f0fb3ca462983d6df6ec06846e41abd9645
densenet121,B,2496,MR024780E,image_level_seed11,5,1,glioma,0.0002646660958688,0.999385000589887,0.0003503333142441,1,glioma,0.999385000589887,919d6f0fb3ca462983d6df6ec06846e41abd9645
densenet121,B,2497,MR024780E,image_level_seed11,2,1,glioma,0.0003002860431808,0.9995358403689872,0.0001638735878317,1,glioma,0.9995358403689872,919d6f0fb3ca462983d6df6ec06846e41abd9645
densenet121,B,2498,MR024780E,image_level_seed11,2,1,glioma,0.0001768556609504,0.999709073386443,0.0001140709526066,1,glioma,0.999709073386443,919d6f0fb3ca462983d6df6ec06846e41abd9645
densenet121,B,2499,MR026175E,image_level_seed11,5,1,glioma,0.0004932888759838,0.9992102382703284,0.0002964728536878,1,glioma,0.9992102382703284,919d6f0fb3ca462983d6df6ec06846e41abd9645
densenet121,B,2500,MR026175E,image_level_seed11,4,1,glioma,0.0012576389695667,0.9985992993062692,0.0001430617241641,1,glioma,0.9985992993062692,919d6f0fb3ca462983d6df6ec06846e41abd9645
densenet121,B,2501,MR026175E,image_level_seed11,4,1,glioma,0.0003307811277744,0.9996520250853704,1.7193786855066204e-05,1,glioma,0.9996520250853704,919d6f0fb3ca462983d6df6ec06846e41abd9645
densenet121,B,2502,MR026175E,image_level_seed11,4,1,glioma,0.0014525074611589,0.9985266559107364,2.0836628104728793e-05,1,glioma,0.9985266559107364,919d6f0fb3ca462983d6df6ec06846e41abd9645
densenet121,B,2503,MR026175E,image_level_seed11,3,1,glioma,0.0004814592563716,0.9993356025152064,0.000182938228422,1,glioma,0.9993356025152064,919d6f0fb3ca462983d6df6ec06846e41abd9645
densenet121,B,2504,MR026175E,image_level_seed11,5,1,glioma,0.0002982754094181,0.999528604645457,0.0001731199451248,1,glioma,0.999528604645457,919d6f0fb3ca462983d6df6ec06846e41abd9645
densenet121,B,2505,MR026175E,image_level_seed11,1,1,glioma,0.0002530783053028,0.9996060758711488,0.0001408458235485,1,glioma,0.9996060758711488,919d6f0fb3ca462983d6df6ec06846e41abd9645
densenet121,B,2506,MR026175E,image_level_seed11,2,1,glioma,0.0001122950722497,0.9998488937635088,3.881116424147487e-05,1,glioma,0.9998488937635088,919d6f0fb3ca462983d6df6ec06846e41abd9645
densenet121,B,2507,MR026175E,image_level_seed11,3,1,glioma,0.0006162774615296,0.9992497468117068,0.0001339757267634,1,glioma,0.9992497468117068,919d6f0fb3ca462983d6df6ec06846e41abd9645
densenet121,B,2508,MR026175E,image_level_seed11,5,1,glioma,0.0001395926791931,0.9998187100355496,4.1697285257263995e-05,1,glioma,0.9998187100355496,919d6f0fb3ca462983d6df6ec06846e41abd9645
densenet121,B,2509,MR040240C,image_level_seed11,5,1,glioma,0.0005807021476185,0.998372350702228,0.0010469471501534,1,glioma,0.998372350702228,919d6f0fb3ca462983d6df6ec06846e41abd9645
densenet121,B,2510,MR040240C,image_level_seed11,5,1,glioma,0.0003951503231775,0.9991085179600354,0.0004963317167871,1,glioma,0.9991085179600354,919d6f0fb3ca462983d6df6ec06846e41abd9645
densenet121,B,2511,MR040240C,image_level_seed11,5,1,glioma,0.0005531957122906,0.9988205898604452,0.0006262144272638,1,glioma,0.9988205898604452,919d6f0fb3ca462983d6df6ec06846e41abd9645
densenet121,B,2512,MR040240C,image_level_seed11,2,1,glioma,0.0008681811728883,0.9987124492251428,0.0004193696019689,1,glioma,0.9987124492251428,919d6f0fb3ca462983d6df6ec06846e41abd9645
densenet121,B,2513,MR040240C,image_level_seed11,1,1,glioma,0.0003941751350582,0.9995052381243378,0.0001005867406042,1,glioma,0.9995052381243378,919d6f0fb3ca462983d6df6ec06846e41abd9645
densenet121,B,2514,MR040240C,image_level_seed11,5,1,glioma,0.0247350454342529,0.9731725021031516,0.0020924524625956,1,glioma,0.9731725021031516,919d6f0fb3ca462983d6df6ec06846e41abd9645
densenet121,B,2515,MR040240C,image_level_seed11,3,1,glioma,0.0008310382611512,0.9991299017289156,3.9060009933168446e-05,1,glioma,0.9991299017289156,919d6f0fb3ca462983d6df6ec06846e41abd9645
densenet121,B,2516,MR040240C,image_level_seed11,3,1,glioma,0.0001283165591029,0.9997713712122828,0.0001003122286141,1,glioma,0.9997713712122828,919d6f0fb3ca462983d6df6ec06846e41abd9645
densenet121,B,2517,MR040240C,image_level_seed11,4,1,glioma,0.0001291053033558,0.999778020357509,9.28743391351678e-05,1,glioma,0.999778020357509,919d6f0fb3ca462983d6df6ec06846e41abd9645
densenet121,B,2518,MR040240C,image_level_seed11,2,1,glioma,9.266886694108508e-05,0.999822924022982,8.440711007678495e-05,1,glioma,0.999822924022982,919d6f0fb3ca462983d6df6ec06846e41abd9645
densenet121,B,2519,MR040240C,image_level_seed11,5,1,glioma,0.000158074759049,0.9997834210076324,5.8504233318459904e-05,1,glioma,0.9997834210076324,919d6f0fb3ca462983d6df6ec06846e41abd9645
densenet121,B,2520,MR040240C,image_level_seed11,2,1,glioma,5.591417771043738e-05,0.9998578243246928,8.62614975967983e-05,1,glioma,0.9998578243246928,919d6f0fb3ca462983d6df6ec06846e41abd9645
densenet121,B,2521,MR040240C,image_level_seed11,1,1,glioma,0.0002015951128152,0.9997544053356288,4.399955155595346e-05,1,glioma,0.9997544053356288,919d6f0fb3ca462983d6df6ec06846e41abd9645
densenet121,B,2522,MR040240C,image_level_seed11,2,1,glioma,0.0001518978093586,0.9996226930087924,0.0002254091818489,1,glioma,0.9996226930087924,919d6f0fb3ca462983d6df6ec06846e41abd9645
densenet121,B,2523,MR040240C,image_level_seed11,5,1,glioma,0.0008020854400769,0.9985152782965054,0.0006826362634175,1,glioma,0.9985152782965054,919d6f0fb3ca462983d6df6ec06846e41abd9645
densenet121,B,2524,MR017260F,image_level_seed11,2,1,glioma,0.0006604442385272,0.9992599848594754,7.957090199739573e-05,1,glioma,0.9992599848594754,919d6f0fb3ca462983d6df6ec06846e41abd9645
densenet121,B,2525,MR017260F,image_level_seed11,5,1,glioma,0.0012739961902859,0.9983910280656773,0.0003349757440369,1,glioma,0.9983910280656773,919d6f0fb3ca462983d6df6ec06846e41abd9645
densenet121,B,2526,MR017260F,image_level_seed11,5,1,glioma,0.0006982853265857,0.9989242541834644,0.0003774604899499,1,glioma,0.9989242541834644,919d6f0fb3ca462983d6df6ec06846e41abd9645
densenet121,B,2527,MR017260F,image_level_seed11,5,1,glioma,0.0012332383914391,0.998369873425094,0.0003968881834669,1,glioma,0.998369873425094,919d6f0fb3ca462983d6df6ec06846e41abd9645
densenet121,B,2528,MR017260F,image_level_seed11,3,1,glioma,0.0001139937887868,0.9997228461864832,0.0001631600247298,1,glioma,0.9997228461864832,919d6f0fb3ca462983d6df6ec06846e41abd9645
densenet121,B,2529,MR017260F,image_level_seed11,2,1,glioma,0.0002240751210495,0.9994472268236222,0.0003286980553283,1,glioma,0.9994472268236222,919d6f0fb3ca462983d6df6ec06846e41abd9645
densenet121,B,2530,MR029209I,image_level_seed11,2,1,glioma,0.0005788788110028,0.999145930134512,0.0002751910544849,1,glioma,0.999145930134512,919d6f0fb3ca462983d6df6ec06846e41abd9645
densenet121,B,2531,MR029209I,image_level_seed11,4,1,glioma,0.0003166574915256,0.9995721987631632,0.0001111437453109,1,glioma,0.9995721987631632,919d6f0fb3ca462983d6df6ec06846e41abd9645
densenet121,B,2532,MR029209I,image_level_seed11,2,1,glioma,0.0005393472116105,0.999255454934789,0.0002051978536005,1,glioma,0.999255454934789,919d6f0fb3ca462983d6df6ec06846e41abd9645
densenet121,B,2533,MR029209I,image_level_seed11,3,1,glioma,0.001127537208495,0.9973007001422723,0.0015717626492324,1,glioma,0.9973007001422723,919d6f0fb3ca462983d6df6ec06846e41abd9645
densenet121,B,2534,MR029209I,image_level_seed11,4,1,glioma,0.0006784023253508,0.9970383513280894,0.0022832463465596,1,glioma,0.9970383513280894,919d6f0fb3ca462983d6df6ec06846e41abd9645
densenet121,B,2535,MR029209I,image_level_seed11,2,1,glioma,0.0004978958317618,0.9981332872869466,0.0013688168812913,1,glioma,0.9981332872869466,919d6f0fb3ca462983d6df6ec06846e41abd9645
densenet121,B,2536,MR029209I,image_level_seed11,3,1,glioma,0.0003872517189635,0.999223431514765,0.0003893167662715,1,glioma,0.999223431514765,919d6f0fb3ca462983d6df6ec06846e41abd9645
densenet121,B,2537,MR029209I,image_level_seed11,4,1,glioma,0.0006606794152924,0.998912159136412,0.0004271614482956,1,glioma,0.998912159136412,919d6f0fb3ca462983d6df6ec06846e41abd9645
densenet121,B,2538,MR029209I,image_level_seed11,4,1,glioma,0.001192597071896,0.9982768105591447,0.000530592368959,1,glioma,0.9982768105591447,919d6f0fb3ca462983d6df6ec06846e41abd9645
densenet121,B,2539,MR029209I,image_level_seed11,5,1,glioma,0.0008536317429962,0.9980000438858008,0.0011463243712031,1,glioma,0.9980000438858008,919d6f0fb3ca462983d6df6ec06846e41abd9645
densenet121,B,2540,MR048294,image_level_seed11,1,1,glioma,0.0120837949903346,0.9868845148970616,0.0010316901126037,1,glioma,0.9868845148970616,919d6f0fb3ca462983d6df6ec06846e41abd9645
densenet121,B,2541,MR048294,image_level_seed11,4,1,glioma,0.0008334143836398,0.9991077084120312,5.887720432896474e-05,1,glioma,0.9991077084120312,919d6f0fb3ca462983d6df6ec06846e41abd9645
densenet121,B,2542,MR048294,image_level_seed11,3,1,glioma,0.0002576845584132,0.9995330791458787,0.0002092362957081,1,glioma,0.9995330791458787,919d6f0fb3ca462983d6df6ec06846e41abd9645
densenet121,B,2543,MR048294,image_level_seed11,4,1,glioma,0.0007185272514098,0.9988679887788546,0.0004134839697355,1,glioma,0.9988679887788546,919d6f0fb3ca462983d6df6ec06846e41abd9645
densenet121,B,2544,MR048294,image_level_seed11,2,1,glioma,0.0008655367299984,0.9989555507306382,0.0001789125393633,1,glioma,0.9989555507306382,919d6f0fb3ca462983d6df6ec06846e41abd9645
densenet121,B,2545,MR048294,image_level_seed11,3,1,glioma,0.0005313893250641,0.9991064141283,0.0003621965466359,1,glioma,0.9991064141283,919d6f0fb3ca462983d6df6ec06846e41abd9645
densenet121,B,2546,MR051586,image_level_seed11,4,1,glioma,0.0008190485849304,0.9990342796413664,0.0001466717737032,1,glioma,0.9990342796413664,919d6f0fb3ca462983d6df6ec06846e41abd9645
densenet121,B,2547,MR051586,image_level_seed11,5,1,glioma,0.0003913728332889,0.9994261291491712,0.0001824980175396,1,glioma,0.9994261291491712,919d6f0fb3ca462983d6df6ec06846e41abd9645
densenet121,B,2548,MR051586,image_level_seed11,5,1,glioma,0.0015170251453958,0.9982597362474906,0.0002232386071135,1,glioma,0.9982597362474906,919d6f0fb3ca462983d6df6ec06846e41abd9645
densenet121,B,2549,MR051586,image_level_seed11,4,1,glioma,0.0006080741402589,0.9992429215410286,0.0001490043187125,1,glioma,0.9992429215410286,919d6f0fb3ca462983d6df6ec06846e41abd9645
densenet121,B,2550,MR051461B,image_level_seed11,2,1,glioma,0.0005002802751442,0.9993388145314342,0.0001609051934216,1,glioma,0.9993388145314342,919d6f0fb3ca462983d6df6ec06846e41abd9645
densenet121,B,2551,MR051461B,image_level_seed11,5,1,glioma,0.0017063234514275,0.9978189710886696,0.0004747054599027,1,glioma,0.9978189710886696,919d6f0fb3ca462983d6df6ec06846e41abd9645
densenet121,B,2552,MR051461B,image_level_seed11,4,1,glioma,0.0013591693264583,0.9983628312676036,0.0002779994059381,1,glioma,0.9983628312676036,919d6f0fb3ca462983d6df6ec06846e41abd9645
densenet121,B,2553,MR051461B,image_level_seed11,1,1,glioma,0.0069314180680856,0.992863230309438,0.0002053516224763,1,glioma,0.992863230309438,919d6f0fb3ca462983d6df6ec06846e41abd9645
densenet121,B,2554,MR051644,image_level_seed11,2,1,glioma,0.0001789751264245,0.9996269361575876,0.0001940887159879,1,glioma,0.9996269361575876,919d6f0fb3ca462983d6df6ec06846e41abd9645
densenet121,B,2555,MR051644,image_level_seed11,5,1,glioma,0.0002055091151675,0.9994957396191896,0.0002987512656427,1,glioma,0.9994957396191896,919d6f0fb3ca462983d6df6ec06846e41abd9645
densenet121,B,2556,MR051644,image_level_seed11,1,1,glioma,0.0002344567052119,0.9997106393588164,5.490393597187411e-05,1,glioma,0.9997106393588164,919d6f0fb3ca462983d6df6ec06846e41abd9645
densenet121,B,2557,MR051644,image_level_seed11,3,1,glioma,0.0006595649346072,0.99889900750863,0.0004414275567627,1,glioma,0.99889900750863,919d6f0fb3ca462983d6df6ec06846e41abd9645
densenet121,B,2558,MR051644,image_level_seed11,5,1,glioma,5.993064790449934e-05,0.9998528380238996,8.723132819588118e-05,1,glioma,0.9998528380238996,919d6f0fb3ca462983d6df6ec06846e41abd9645
densenet121,B,2559,MR051644,image_level_seed11,3,1,glioma,7.873166503260122e-05,0.999798937396507,0.0001223309384602,1,glioma,0.999798937396507,919d6f0fb3ca462983d6df6ec06846e41abd9645
densenet121,B,2560,MR051644,image_level_seed11,5,1,glioma,0.0001784781663005,0.999669712353626,0.0001518094800734,1,glioma,0.999669712353626,919d6f0fb3ca462983d6df6ec06846e41abd9645
densenet121,B,2561,MR051644,image_level_seed11,5,1,glioma,0.0002087683803043,0.9995439862494532,0.0002472453702425,1,glioma,0.9995439862494532,919d6f0fb3ca462983d6df6ec06846e41abd9645
densenet121,B,2562,MR051644,image_level_seed11,4,1,glioma,0.0006447893790352,0.998939227548842,0.0004159830721227,1,glioma,0.998939227548842,919d6f0fb3ca462983d6df6ec06846e41abd9645
densenet121,B,2563,MR051644,image_level_seed11,4,1,glioma,0.0004460705000015,0.9994710736090778,8.285589092058532e-05,1,glioma,0.9994710736090778,919d6f0fb3ca462983d6df6ec06846e41abd9645
densenet121,B,2564,MR051644,image_level_seed11,5,1,glioma,0.0002714389253615,0.9996476784344231,8.088264021531735e-05,1,glioma,0.9996476784344231,919d6f0fb3ca462983d6df6ec06846e41abd9645
densenet121,B,2565,MR051644,image_level_seed11,4,1,glioma,0.0009306459362793,0.9987328980478916,0.0003364560158292,1,glioma,0.9987328980478916,919d6f0fb3ca462983d6df6ec06846e41abd9645
densenet121,B,2566,MR051651,image_level_seed11,4,1,glioma,0.0002120048047129,0.9997745053960436,1.3489799243557973e-05,1,glioma,0.9997745053960436,919d6f0fb3ca462983d6df6ec06846e41abd9645
densenet121,B,2567,MR051651,image_level_seed11,4,1,glioma,0.0003260788205171,0.99965211680013,2.1804379352584095e-05,1,glioma,0.99965211680013,919d6f0fb3ca462983d6df6ec06846e41abd9645
densenet121,B,2568,MR051651,image_level_seed11,1,1,glioma,0.0001527887677351,0.999835035175297,1.2176056967748285e-05,1,glioma,0.999835035175297,919d6f0fb3ca462983d6df6ec06846e41abd9645
densenet121,B,2569,MR051651,image_level_seed11,5,1,glioma,0.0002790891396998,0.999654533969392,6.637689090796645e-05,1,glioma,0.999654533969392,919d6f0fb3ca462983d6df6ec06846e41abd9645
densenet121,B,2570,MR051651,image_level_seed11,5,1,glioma,0.0003894945223826,0.999323165370232,0.0002873401073851,1,glioma,0.999323165370232,919d6f0fb3ca462983d6df6ec06846e41abd9645
densenet121,B,2571,MR051651,image_level_seed11,4,1,glioma,0.0002446489008309,0.9993379237046074,0.0004174273945616,1,glioma,0.9993379237046074,919d6f0fb3ca462983d6df6ec06846e41abd9645
densenet121,B,2572,MR051651,image_level_seed11,5,1,glioma,0.0003504090499878,0.9994976225702134,0.000151968379799,1,glioma,0.9994976225702134,919d6f0fb3ca462983d6df6ec06846e41abd9645
densenet121,B,2573,MR051796,image_level_seed11,1,1,glioma,0.0002815995587702,0.9994522730437232,0.0002661273975067,1,glioma,0.9994522730437232,919d6f0fb3ca462983d6df6ec06846e41abd9645
densenet121,B,2574,MR051796,image_level_seed11,5,1,glioma,0.0005605380408022,0.998581288376045,0.0008581735831526,1,glioma,0.998581288376045,919d6f0fb3ca462983d6df6ec06846e41abd9645
densenet121,B,2575,MR051796,image_level_seed11,5,1,glioma,0.0002279608320981,0.9994787850732229,0.0002932540946788,1,glioma,0.9994787850732229,919d6f0fb3ca462983d6df6ec06846e41abd9645
densenet121,B,2576,MR051796,image_level_seed11,2,1,glioma,0.0001598054882682,0.9990819208726456,0.0007582736390861,1,glioma,0.9990819208726456,919d6f0fb3ca462983d6df6ec06846e41abd9645
densenet121,B,2577,MR051796,image_level_seed11,2,1,glioma,0.0001805907848829,0.9995469260828213,0.000272483132296,1,glioma,0.9995469260828213,919d6f0fb3ca462983d6df6ec06846e41abd9645
densenet121,B,2578,MR051796,image_level_seed11,4,1,glioma,0.0025285210496997,0.9958075853984804,0.0016638935518199,1,glioma,0.9958075853984804,919d6f0fb3ca462983d6df6ec06846e41abd9645
densenet121,B,2579,MR051651B,image_level_seed11,3,1,glioma,0.0016494862383922,0.9982981895219604,5.232423964725399e-05,1,glioma,0.9982981895219604,919d6f0fb3ca462983d6df6ec06846e41abd9645
densenet121,B,2580,MR051651B,image_level_seed11,3,1,glioma,0.0003729211324216,0.999599993132636,2.7085734942304584e-05,1,glioma,0.999599993132636,919d6f0fb3ca462983d6df6ec06846e41abd9645
densenet121,B,2581,MR051651B,image_level_seed11,3,1,glioma,0.0007511312903068,0.9991159063599848,0.0001329623497082,1,glioma,0.9991159063599848,919d6f0fb3ca462983d6df6ec06846e41abd9645
densenet121,B,2582,MR051651B,image_level_seed11,1,1,glioma,0.0004146545502406,0.9995439340972097,4.1411352549754026e-05,1,glioma,0.9995439340972097,919d6f0fb3ca462983d6df6ec06846e41abd9645
densenet121,B,2583,MR051651B,image_level_seed11,4,1,glioma,0.0012008533232008,0.9973232771710472,0.0014758695057521,1,glioma,0.9973232771710472,919d6f0fb3ca462983d6df6ec06846e41abd9645
densenet121,B,2584,MR051651B,image_level_seed11,1,1,glioma,0.0003675018967708,0.9995579969331282,7.450117010097284e-05,1,glioma,0.9995579969331282,919d6f0fb3ca462983d6df6ec06846e41abd9645
densenet121,B,2585,MR051651B,image_level_seed11,3,1,glioma,0.0012057706749116,0.9987371951070304,5.7034218058039354e-05,1,glioma,0.9987371951070304,919d6f0fb3ca462983d6df6ec06846e41abd9645
densenet121,B,2586,MR051796B,image_level_seed11,5,1,glioma,0.0001584765256301,0.9997988717842172,4.2651690152642984e-05,1,glioma,0.9997988717842172,919d6f0fb3ca462983d6df6ec06846e41abd9645
densenet121,B,2587,MR051796B,image_level_seed11,4,1,glioma,0.0004434506283973,0.9993439029224144,0.0002126464491885,1,glioma,0.9993439029224144,919d6f0fb3ca462983d6df6ec06846e41abd9645
densenet121,B,2588,MR051796B,image_level_seed11,1,1,glioma,4.906824478096419e-05,0.9999024447571592,4.8486998059843785e-05,1,glioma,0.9999024447571592,919d6f0fb3ca462983d6df6ec06846e41abd9645
densenet121,B,2589,MR052550,image_level_seed11,1,1,glioma,0.0004105028998948,0.9991314281234768,0.0004580689766284,1,glioma,0.9991314281234768,919d6f0fb3ca462983d6df6ec06846e41abd9645
densenet121,B,2590,MR052550,image_level_seed11,5,1,glioma,0.0001692169857068,0.9997259231867796,0.0001048598275134,1,glioma,0.9997259231867796,919d6f0fb3ca462983d6df6ec06846e41abd9645
densenet121,B,2591,MR052550,image_level_seed11,1,1,glioma,0.0003918665089941,0.9993490097946148,0.0002591236963907,1,glioma,0.9993490097946148,919d6f0fb3ca462983d6df6ec06846e41abd9645
densenet121,B,2592,MR052550,image_level_seed11,2,1,glioma,0.0005967111181625,0.999176186467798,0.0002271024140394,1,glioma,0.999176186467798,919d6f0fb3ca462983d6df6ec06846e41abd9645
densenet121,B,2593,MR052550,image_level_seed11,1,1,glioma,0.0001928030133859,0.9997073093937672,9.988759284695172e-05,1,glioma,0.9997073093937672,919d6f0fb3ca462983d6df6ec06846e41abd9645
densenet121,B,2594,MR052550,image_level_seed11,4,1,glioma,0.0003549522992995,0.9990837765448184,0.000561271155882,1,glioma,0.9990837765448184,919d6f0fb3ca462983d6df6ec06846e41abd9645
densenet121,B,2595,MR051644C,image_level_seed11,2,1,glioma,0.0003981029284656,0.998760268353956,0.0008416287175784,1,glioma,0.998760268353956,919d6f0fb3ca462983d6df6ec06846e41abd9645
densenet121,B,2596,MR051644C,image_level_seed11,1,1,glioma,0.0009552405255498,0.9986210726013864,0.0004236868730636,1,glioma,0.9986210726013864,919d6f0fb3ca462983d6df6ec06846e41abd9645
densenet121,B,2597,MR051644C,image_level_seed11,4,1,glioma,0.0001792807384342,0.999492276346792,0.0003284429147737,1,glioma,0.999492276346792,919d6f0fb3ca462983d6df6ec06846e41abd9645
densenet121,B,2598,MR051644C,image_level_seed11,4,1,glioma,0.0004786987255242,0.998820858676816,0.0007004425976596,1,glioma,0.998820858676816,919d6f0fb3ca462983d6df6ec06846e41abd9645
densenet121,B,2599,MR051644C,image_level_seed11,1,1,glioma,4.7533707774921774e-05,0.9998930163097368,5.944998248835596e-05,1,glioma,0.9998930163097368,919d6f0fb3ca462983d6df6ec06846e41abd9645
densenet121,B,2600,MR051644C,image_level_seed11,5,1,glioma,0.0012909374579374,0.995819799416694,0.0028892631253687,1,glioma,0.995819799416694,919d6f0fb3ca462983d6df6ec06846e41abd9645
densenet121,B,2601,MR051644C,image_level_seed11,4,1,glioma,0.0014037097750216,0.9977446712535636,0.0008516189714146,1,glioma,0.9977446712535636,919d6f0fb3ca462983d6df6ec06846e41abd9645
densenet121,B,2602,MR051644C,image_level_seed11,2,1,glioma,9.707280058305476e-05,0.999816695611088,8.623158832868047e-05,1,glioma,0.999816695611088,919d6f0fb3ca462983d6df6ec06846e41abd9645
densenet121,B,2603,MR051644C,image_level_seed11,1,1,glioma,0.0002149930201761,0.9993913122624136,0.0003936947174102,1,glioma,0.9993913122624136,919d6f0fb3ca462983d6df6ec06846e41abd9645
densenet121,B,2604,MR051644C,image_level_seed11,2,1,glioma,0.000117115896165,0.9996852570499936,0.0001976270538414,1,glioma,0.9996852570499936,919d6f0fb3ca462983d6df6ec06846e41abd9645
densenet121,B,2605,MR051644C,image_level_seed11,4,1,glioma,0.0001474029335985,0.9996596469446738,0.0001929501217276,1,glioma,0.9996596469446738,919d6f0fb3ca462983d6df6ec06846e41abd9645
densenet121,B,2606,MR051644C,image_level_seed11,5,1,glioma,0.0001737263002648,0.9993941956438278,0.0004320780559075,1,glioma,0.9993941956438278,919d6f0fb3ca462983d6df6ec06846e41abd9645
densenet121,B,2607,MR051644C,image_level_seed11,4,1,glioma,0.0001994674154101,0.999507434697476,0.0002930978871138,1,glioma,0.999507434697476,919d6f0fb3ca462983d6df6ec06846e41abd9645
densenet121,B,2608,MR049942B,image_level_seed11,1,1,glioma,0.0005836532915212,0.9979993278484772,0.0014170188600015,1,glioma,0.9979993278484772,919d6f0fb3ca462983d6df6ec06846e41abd9645
densenet121,B,2609,MR049942B,image_level_seed11,2,1,glioma,0.0004598615550692,0.9986469505176128,0.0008931879273178,1,glioma,0.9986469505176128,919d6f0fb3ca462983d6df6ec06846e41abd9645
densenet121,B,2610,MR049942B,image_level_seed11,2,1,glioma,0.000719650253494,0.9949759664886818,0.0043043832578241,1,glioma,0.9949759664886818,919d6f0fb3ca462983d6df6ec06846e41abd9645
densenet121,B,2611,MR049942B,image_level_seed11,5,1,glioma,0.000708224487048,0.9981815685493508,0.0011102069636008,1,glioma,0.9981815685493508,919d6f0fb3ca462983d6df6ec06846e41abd9645
densenet121,B,2612,MR047953C,image_level_seed11,4,1,glioma,0.0006075567613313,0.9987360232888384,0.0006564199498301,1,glioma,0.9987360232888384,919d6f0fb3ca462983d6df6ec06846e41abd9645
densenet121,B,2613,MR047953C,image_level_seed11,3,1,glioma,0.000311839186562,0.9985792319488774,0.0011089288645604,1,glioma,0.9985792319488774,919d6f0fb3ca462983d6df6ec06846e41abd9645
densenet121,B,2614,MR047953C,image_level_seed11,2,1,glioma,0.0002842723839688,0.9989433797447418,0.0007723478712892,1,glioma,0.9989433797447418,919d6f0fb3ca462983d6df6ec06846e41abd9645
densenet121,B,2615,MR047953C,image_level_seed11,4,1,glioma,0.0010937497068585,0.9957117056769264,0.003194544616215,1,glioma,0.9957117056769264,919d6f0fb3ca462983d6df6ec06846e41abd9645
densenet121,B,2616,MR047953C,image_level_seed11,3,1,glioma,0.0012072237307336,0.995576066750164,0.0032167095191023,1,glioma,0.995576066750164,919d6f0fb3ca462983d6df6ec06846e41abd9645
densenet121,B,2617,MR053110B,image_level_seed11,3,1,glioma,0.0002293312497741,0.9995312453036754,0.0002394234465505,1,glioma,0.9995312453036754,919d6f0fb3ca462983d6df6ec06846e41abd9645
densenet121,B,2618,MR053110B,image_level_seed11,1,1,glioma,0.000429055223969,0.9990886294330852,0.0004823153429459,1,glioma,0.9990886294330852,919d6f0fb3ca462983d6df6ec06846e41abd9645
densenet121,B,2619,MR053110B,image_level_seed11,4,1,glioma,0.0005217884446717,0.9991327219370691,0.0003454896182592,1,glioma,0.9991327219370691,919d6f0fb3ca462983d6df6ec06846e41abd9645
densenet121,B,2620,MR053110B,image_level_seed11,4,1,glioma,0.0001784955281369,0.9996234730735134,0.0001980313983498,1,glioma,0.9996234730735134,919d6f0fb3ca462983d6df6ec06846e41abd9645
densenet121,B,2621,MR053110B,image_level_seed11,5,1,glioma,0.0001854112195067,0.999526353005907,0.0002882357745863,1,glioma,0.999526353005907,919d6f0fb3ca462983d6df6ec06846e41abd9645
densenet121,B,2622,MR053110B,image_level_seed11,5,1,glioma,0.0001452201016796,0.9997947266975784,6.005320074174183e-05,1,glioma,0.9997947266975784,919d6f0fb3ca462983d6df6ec06846e41abd9645
densenet121,B,2623,MR053110B,image_level_seed11,2,1,glioma,0.0001763727451439,0.999748048327724,7.557892713227219e-05,1,glioma,0.999748048327724,919d6f0fb3ca462983d6df6ec06846e41abd9645
densenet121,B,2624,MR034694,image_level_seed11,2,1,glioma,0.0001786250117364,0.9994987191211204,0.0003226558671428,1,glioma,0.9994987191211204,919d6f0fb3ca462983d6df6ec06846e41abd9645
densenet121,B,2625,MR034694,image_level_seed11,2,1,glioma,0.0001809977571907,0.9996611988217372,0.0001578034210722,1,glioma,0.9996611988217372,919d6f0fb3ca462983d6df6ec06846e41abd9645
densenet121,B,2626,MR034694,image_level_seed11,4,1,glioma,0.0004390693189783,0.9991800018661846,0.0003809288148369,1,glioma,0.9991800018661846,919d6f0fb3ca462983d6df6ec06846e41abd9645
densenet121,B,2627,MR034694,image_level_seed11,4,1,glioma,0.000479571222191,0.9991423384740764,0.0003780903037324,1,glioma,0.9991423384740764,919d6f0fb3ca462983d6df6ec06846e41abd9645
densenet121,B,2628,MR034694,image_level_seed11,4,1,glioma,0.0004968527378152,0.9990460228192796,0.0004571244429049,1,glioma,0.9990460228192796,919d6f0fb3ca462983d6df6ec06846e41abd9645
densenet121,B,2629,MR034694,image_level_seed11,1,1,glioma,0.0002785426245813,0.9996847125866252,3.674478879379527e-05,1,glioma,0.9996847125866252,919d6f0fb3ca462983d6df6ec06846e41abd9645
densenet121,B,2630,MR034694,image_level_seed11,3,1,glioma,0.0001073275063403,0.9997606144043346,0.0001320580893249,1,glioma,0.9997606144043346,919d6f0fb3ca462983d6df6ec06846e41abd9645
densenet121,B,2631,MR054683,image_level_seed11,5,1,glioma,0.0008901630130969,0.9972762819931476,0.0018335549937554,1,glioma,0.9972762819931476,919d6f0fb3ca462983d6df6ec06846e41abd9645
densenet121,B,2632,MR054683,image_level_seed11,2,1,glioma,0.0005417625132737,0.9941665194933372,0.0052917179933892,1,glioma,0.9941665194933372,919d6f0fb3ca462983d6df6ec06846e41abd9645
densenet121,B,2633,MR054683,image_level_seed11,2,1,glioma,0.0007407256175178,0.9953808215526062,0.0038784528298758,1,glioma,0.9953808215526062,919d6f0fb3ca462983d6df6ec06846e41abd9645
densenet121,B,2634,MR050687C,image_level_seed11,5,1,glioma,0.0013170785832918,0.9978749017702891,0.0008080196464188,1,glioma,0.9978749017702891,919d6f0fb3ca462983d6df6ec06846e41abd9645
densenet121,B,2635,MR050687C,image_level_seed11,2,1,glioma,0.0006214077389254,0.9980136831112087,0.0013649091498657,1,glioma,0.9980136831112087,919d6f0fb3ca462983d6df6ec06846e41abd9645
densenet121,B,2636,MR050687C,image_level_seed11,2,1,glioma,0.0003981837167547,0.9987074247930154,0.0008943914902298,1,glioma,0.9987074247930154,919d6f0fb3ca462983d6df6ec06846e41abd9645
densenet121,B,2637,MR050687C,image_level_seed11,2,1,glioma,0.000420809409324,0.9987389984390695,0.0008401921516065,1,glioma,0.9987389984390695,919d6f0fb3ca462983d6df6ec06846e41abd9645
densenet121,B,2638,MR050687C,image_level_seed11,5,1,glioma,0.0005680722427697,0.9974025831140788,0.0020293446431514,1,glioma,0.9974025831140788,919d6f0fb3ca462983d6df6ec06846e41abd9645
densenet121,B,2639,MR050687C,image_level_seed11,2,1,glioma,0.0003378894103809,0.9992871310988596,0.0003749794907594,1,glioma,0.9992871310988596,919d6f0fb3ca462983d6df6ec06846e41abd9645
densenet121,B,2640,MR050687C,image_level_seed11,1,1,glioma,0.0033685359112098,0.9921277370222336,0.0045037270665564,1,glioma,0.9921277370222336,919d6f0fb3ca462983d6df6ec06846e41abd9645
densenet121,B,2641,MR049242C,image_level_seed11,3,1,glioma,0.0004258089762398,0.9993497512616084,0.0002244397621515,1,glioma,0.9993497512616084,919d6f0fb3ca462983d6df6ec06846e41abd9645
densenet121,B,2642,MR049242C,image_level_seed11,4,1,glioma,0.0009054044891104,0.9984588097591914,0.0006357857516982,1,glioma,0.9984588097591914,919d6f0fb3ca462983d6df6ec06846e41abd9645
densenet121,B,2643,MR049242C,image_level_seed11,4,1,glioma,0.0018965390405568,0.9957334697751102,0.0023699911843328,1,glioma,0.9957334697751102,919d6f0fb3ca462983d6df6ec06846e41abd9645
densenet121,B,2644,MR049242C,image_level_seed11,2,1,glioma,0.0011001879223851,0.99728898986991,0.001610822207705,1,glioma,0.99728898986991,919d6f0fb3ca462983d6df6ec06846e41abd9645
densenet121,B,2645,MR049242C,image_level_seed11,5,1,glioma,0.0003571362284265,0.9994936589074064,0.000149204864167,1,glioma,0.9994936589074064,919d6f0fb3ca462983d6df6ec06846e41abd9645
densenet121,B,2646,MR053241C,image_level_seed11,4,1,glioma,0.0005088924182548,0.9994494887318406,4.161884990462591e-05,1,glioma,0.9994494887318406,919d6f0fb3ca462983d6df6ec06846e41abd9645
densenet121,B,2647,MR053241C,image_level_seed11,4,1,glioma,0.0001709803243997,0.999784777356984,4.424231861598252e-05,1,glioma,0.999784777356984,919d6f0fb3ca462983d6df6ec06846e41abd9645
densenet121,B,2648,MR053241C,image_level_seed11,3,1,glioma,0.000463592003095,0.9991995803348328,0.0003368276620721,1,glioma,0.9991995803348328,919d6f0fb3ca462983d6df6ec06846e41abd9645
densenet121,B,2649,MR053241C,image_level_seed11,2,1,glioma,0.0004780009788731,0.998088845579257,0.0014331534418698,1,glioma,0.998088845579257,919d6f0fb3ca462983d6df6ec06846e41abd9645
densenet121,B,2650,MR034997,image_level_seed11,5,1,glioma,0.0002075391447644,0.9996945613559356,9.789949930006532e-05,1,glioma,0.9996945613559356,919d6f0fb3ca462983d6df6ec06846e41abd9645
densenet121,B,2651,MR034997,image_level_seed11,5,1,glioma,0.0002823758682972,0.999531599121494,0.0001860250102088,1,glioma,0.999531599121494,919d6f0fb3ca462983d6df6ec06846e41abd9645
densenet121,B,2652,MR034997,image_level_seed11,3,1,glioma,0.0004390924917283,0.9993532900733294,0.0002076174349422,1,glioma,0.9993532900733294,919d6f0fb3ca462983d6df6ec06846e41abd9645
densenet121,B,2653,MR034997,image_level_seed11,5,1,glioma,0.0003332590254734,0.9994199461759152,0.0002467947986111,1,glioma,0.9994199461759152,919d6f0fb3ca462983d6df6ec06846e41abd9645
densenet121,B,2654,MR034997,image_level_seed11,5,1,glioma,0.0005709179554605,0.999160654481814,0.0002684275627253,1,glioma,0.999160654481814,919d6f0fb3ca462983d6df6ec06846e41abd9645
densenet121,B,2655,MR034997,image_level_seed11,4,1,glioma,0.0001529490715252,0.9998277162119028,1.9334716571854925e-05,1,glioma,0.9998277162119028,919d6f0fb3ca462983d6df6ec06846e41abd9645
densenet121,B,2656,MR034997,image_level_seed11,1,1,glioma,0.0002169943497541,0.9997348139358692,4.819171437654484e-05,1,glioma,0.9997348139358692,919d6f0fb3ca462983d6df6ec06846e41abd9645
densenet121,B,2657,MR029209E,image_level_seed11,3,1,glioma,0.0003474915443988,0.999409940908434,0.0002425675471672,1,glioma,0.999409940908434,919d6f0fb3ca462983d6df6ec06846e41abd9645
densenet121,B,2658,MR029209E,image_level_seed11,3,1,glioma,0.0003007976952895,0.9995586036228716,0.0001405986818388,1,glioma,0.9995586036228716,919d6f0fb3ca462983d6df6ec06846e41abd9645
densenet121,B,2659,MR029209E,image_level_seed11,2,1,glioma,0.000126933501393,0.9996701591409924,0.0002029073576146,1,glioma,0.9996701591409924,919d6f0fb3ca462983d6df6ec06846e41abd9645
densenet121,B,2660,MR029209E,image_level_seed11,2,1,glioma,0.0002848554689091,0.999584093931549,0.0001310505995418,1,glioma,0.999584093931549,919d6f0fb3ca462983d6df6ec06846e41abd9645
densenet121,B,2661,MR029209E,image_level_seed11,2,1,glioma,0.0006053144851849,0.9988088132922436,0.0005858722225716,1,glioma,0.9988088132922436,919d6f0fb3ca462983d6df6ec06846e41abd9645
densenet121,B,2662,MR029209E,image_level_seed11,3,1,glioma,0.0006625388430926,0.9990562422387684,0.0002812189181388,1,glioma,0.9990562422387684,919d6f0fb3ca462983d6df6ec06846e41abd9645
densenet121,B,2663,MR029209E,image_level_seed11,3,1,glioma,0.0023522366442419,0.997175664459223,0.0004720988965349,1,glioma,0.997175664459223,919d6f0fb3ca462983d6df6ec06846e41abd9645
densenet121,B,2664,MR053110E,image_level_seed11,4,1,glioma,0.001085265205165,0.9976347689323948,0.0012799658624401,1,glioma,0.9976347689323948,919d6f0fb3ca462983d6df6ec06846e41abd9645
densenet121,B,2665,MR053110E,image_level_seed11,4,1,glioma,0.0008741354884479,0.9986933840168136,0.0004324804947384,1,glioma,0.9986933840168136,919d6f0fb3ca462983d6df6ec06846e41abd9645
densenet121,B,2666,MR053110E,image_level_seed11,2,1,glioma,4.27455850318897e-05,0.9999314944336244,2.575998134379706e-05,1,glioma,0.9999314944336244,919d6f0fb3ca462983d6df6ec06846e41abd9645
densenet121,B,2667,MR053110E,image_level_seed11,2,1,glioma,0.0002652653421571,0.9994447702972348,0.0002899643606079,1,glioma,0.9994447702972348,919d6f0fb3ca462983d6df6ec06846e41abd9645
densenet121,B,2668,MR053110E,image_level_seed11,2,1,glioma,0.0048068719059531,0.9922703123929908,0.0029228157010559,1,glioma,0.9922703123929908,919d6f0fb3ca462983d6df6ec06846e41abd9645
densenet121,B,2669,MR053110E,image_level_seed11,2,1,glioma,0.0001326707761888,0.99959987099171,0.000267458232101,1,glioma,0.99959987099171,919d6f0fb3ca462983d6df6ec06846e41abd9645
densenet121,B,2670,MR053110E,image_level_seed11,3,1,glioma,0.0002115873338811,0.9996650096082008,0.000123403057918,1,glioma,0.9996650096082008,919d6f0fb3ca462983d6df6ec06846e41abd9645
densenet121,B,2671,MR053110E,image_level_seed11,4,1,glioma,0.0005010709842412,0.999243991008004,0.0002549380077548,1,glioma,0.999243991008004,919d6f0fb3ca462983d6df6ec06846e41abd9645
densenet121,B,2672,MR053110E,image_level_seed11,4,1,glioma,0.0005624497645077,0.9992725321252096,0.0001650181102826,1,glioma,0.9992725321252096,919d6f0fb3ca462983d6df6ec06846e41abd9645
densenet121,B,2673,MR053110E,image_level_seed11,3,1,glioma,0.0017007679944548,0.9979358774870318,0.0003633545185132,1,glioma,0.9979358774870318,919d6f0fb3ca462983d6df6ec06846e41abd9645
densenet121,B,2674,MR053110E,image_level_seed11,4,1,glioma,0.0008187549038127,0.9990681756099,0.0001130694862871,1,glioma,0.9990681756099,919d6f0fb3ca462983d6df6ec06846e41abd9645
densenet121,B,2675,MR049019G,image_level_seed11,1,1,glioma,0.000224306425223,0.9995700441425006,0.0002056494322763,1,glioma,0.9995700441425006,919d6f0fb3ca462983d6df6ec06846e41abd9645
densenet121,B,2676,MR049019G,image_level_seed11,3,1,glioma,0.0001391167660926,0.9996377839225292,0.0002230993113779,1,glioma,0.9996377839225292,919d6f0fb3ca462983d6df6ec06846e41abd9645
densenet121,B,2677,MR049019G,image_level_seed11,2,1,glioma,7.346902162713285e-05,0.9998190586902628,0.0001074722881102,1,glioma,0.9998190586902628,919d6f0fb3ca462983d6df6ec06846e41abd9645
densenet121,B,2678,MR031409B,image_level_seed11,3,1,glioma,0.0004129663983705,0.9992992653694672,0.0002877682321622,1,glioma,0.9992992653694672,919d6f0fb3ca462983d6df6ec06846e41abd9645
densenet121,B,2679,MR031409B,image_level_seed11,2,1,glioma,0.0002738720193706,0.9994717872413578,0.0002543407392715,1,glioma,0.9994717872413578,919d6f0fb3ca462983d6df6ec06846e41abd9645
densenet121,B,2680,MR024780D,image_level_seed11,4,1,glioma,9.757373972937564e-05,0.9998083124169656,9.411384330493048e-05,1,glioma,0.9998083124169656,919d6f0fb3ca462983d6df6ec06846e41abd9645
densenet121,B,2681,MR024780D,image_level_seed11,2,1,glioma,0.0002013355725571,0.9996561187032178,0.0001425457242251,1,glioma,0.9996561187032178,919d6f0fb3ca462983d6df6ec06846e41abd9645
densenet121,B,2682,MR038469,image_level_seed11,4,1,glioma,0.0015136346187776,0.9911091368517776,0.0073772285294448,1,glioma,0.9911091368517776,919d6f0fb3ca462983d6df6ec06846e41abd9645
densenet121,B,2683,MR038469,image_level_seed11,3,1,glioma,0.0041586563843002,0.9882325561243268,0.007608787491373,1,glioma,0.9882325561243268,919d6f0fb3ca462983d6df6ec06846e41abd9645
densenet121,B,2684,MR038469,image_level_seed11,3,1,glioma,0.0021415322374228,0.9956859396109948,0.0021725281515825,1,glioma,0.9956859396109948,919d6f0fb3ca462983d6df6ec06846e41abd9645
densenet121,B,2685,MR038469,image_level_seed11,2,1,glioma,0.0005870637539111,0.998536567639741,0.0008763686063479,1,glioma,0.998536567639741,919d6f0fb3ca462983d6df6ec06846e41abd9645
densenet121,B,2686,MR038469,image_level_seed11,2,1,glioma,0.0002193782192646,0.9993127211454296,0.0004679006353055,1,glioma,0.9993127211454296,919d6f0fb3ca462983d6df6ec06846e41abd9645
densenet121,B,2687,MR038469,image_level_seed11,1,1,glioma,0.0004194470058998,0.9993215053029592,0.0002590476911409,1,glioma,0.9993215053029592,919d6f0fb3ca462983d6df6ec06846e41abd9645
densenet121,B,2688,MR032322C,image_level_seed11,1,1,glioma,0.0004962070891998,0.998189867611234,0.0013139252995661,1,glioma,0.998189867611234,919d6f0fb3ca462983d6df6ec06846e41abd9645
densenet121,B,2689,MR032322C,image_level_seed11,3,1,glioma,0.0006044084024523,0.9993428369194204,5.2754678127317907e-05,1,glioma,0.9993428369194204,919d6f0fb3ca462983d6df6ec06846e41abd9645
densenet121,B,2690,MR032322C,image_level_seed11,2,1,glioma,0.0004029704106353,0.9995546030421923,4.2426547172038795e-05,1,glioma,0.9995546030421923,919d6f0fb3ca462983d6df6ec06846e41abd9645
densenet121,B,2691,MR032322C,image_level_seed11,1,1,glioma,0.0010453606562584,0.9988152644095148,0.0001393749342265,1,glioma,0.9988152644095148,919d6f0fb3ca462983d6df6ec06846e41abd9645
densenet121,B,2692,MR032322C,image_level_seed11,5,1,glioma,0.0007044214177292,0.9990087823670804,0.0002867962151903,1,glioma,0.9990087823670804,919d6f0fb3ca462983d6df6ec06846e41abd9645
densenet121,B,2693,MR032322C,image_level_seed11,2,1,glioma,0.0044259432289278,0.9955428720204452,3.118475062702026e-05,1,glioma,0.9955428720204452,919d6f0fb3ca462983d6df6ec06846e41abd9645
densenet121,B,2694,MR032322C,image_level_seed11,1,1,glioma,0.0028453706584517,0.9936066301660116,0.0035479991755365,1,glioma,0.9936066301660116,919d6f0fb3ca462983d6df6ec06846e41abd9645
densenet121,B,2695,MR032322C,image_level_seed11,2,1,glioma,0.0002507442680167,0.9994659928516888,0.0002832628802944,1,glioma,0.9994659928516888,919d6f0fb3ca462983d6df6ec06846e41abd9645
densenet121,B,2696,MR032322C,image_level_seed11,2,1,glioma,0.0006463917597698,0.998825255084908,0.0005283531553223,1,glioma,0.998825255084908,919d6f0fb3ca462983d6df6ec06846e41abd9645
densenet121,B,2697,MR032322C,image_level_seed11,5,1,glioma,0.0016504661851799,0.9954539643489256,0.0028955694658944,1,glioma,0.9954539643489256,919d6f0fb3ca462983d6df6ec06846e41abd9645
densenet121,B,2698,MR032322C,image_level_seed11,5,1,glioma,0.0018897224583211,0.9961918984229824,0.0019183791186963,1,glioma,0.9961918984229824,919d6f0fb3ca462983d6df6ec06846e41abd9645
densenet121,B,2699,MR032322C,image_level_seed11,5,1,glioma,0.0009877255590425,0.997817301953047,0.0011949724879104,1,glioma,0.997817301953047,919d6f0fb3ca462983d6df6ec06846e41abd9645
densenet121,B,2700,MR032322C,image_level_seed11,5,1,glioma,0.0004902725116725,0.9991654333647286,0.0003442941235988,1,glioma,0.9991654333647286,919d6f0fb3ca462983d6df6ec06846e41abd9645
densenet121,B,2701,MR032322C,image_level_seed11,4,1,glioma,0.0003684039008893,0.9994681502061544,0.0001634458929564,1,glioma,0.9994681502061544,919d6f0fb3ca462983d6df6ec06846e41abd9645
densenet121,B,2702,MR037458B,image_level_seed11,3,1,glioma,0.6309579625122892,0.367869199956218,0.0011728375314928,0,meningioma,0.6309579625122892,919d6f0fb3ca462983d6df6ec06846e41abd9645
densenet121,B,2703,MR037458B,image_level_seed11,1,1,glioma,0.0015544107638275,0.9984344353402824,1.1153895889885592e-05,1,glioma,0.9984344353402824,919d6f0fb3ca462983d6df6ec06846e41abd9645
densenet121,B,2704,MR037458B,image_level_seed11,4,1,glioma,0.0112821673784545,0.988169664619348,0.0005481680021975,1,glioma,0.988169664619348,919d6f0fb3ca462983d6df6ec06846e41abd9645
densenet121,B,2705,MR037458B,image_level_seed11,3,1,glioma,0.0020902666615782,0.997784855995802,0.0001248773426198,1,glioma,0.997784855995802,919d6f0fb3ca462983d6df6ec06846e41abd9645
densenet121,B,2706,MR037458B,image_level_seed11,2,1,glioma,0.0019718140997696,0.997967238818524,6.094708170627585e-05,1,glioma,0.997967238818524,919d6f0fb3ca462983d6df6ec06846e41abd9645
densenet121,B,2707,MR037458B,image_level_seed11,1,1,glioma,0.003755057279494,0.9961426030845258,0.0001023396359801,1,glioma,0.9961426030845258,919d6f0fb3ca462983d6df6ec06846e41abd9645
densenet121,B,2708,MR037458B,image_level_seed11,2,1,glioma,0.0059264289164676,0.9936074135910982,0.0004661574924343,1,glioma,0.9936074135910982,919d6f0fb3ca462983d6df6ec06846e41abd9645
densenet121,B,2709,MR037458B,image_level_seed11,5,1,glioma,0.019023444062387,0.97774239836898,0.0032341575686326,1,glioma,0.97774239836898,919d6f0fb3ca462983d6df6ec06846e41abd9645
densenet121,B,2710,MR039473,image_level_seed11,2,1,glioma,0.0007642789087108,0.9957041641440154,0.0035315569472737,1,glioma,0.9957041641440154,919d6f0fb3ca462983d6df6ec06846e41abd9645
densenet121,B,2711,MR039473,image_level_seed11,1,1,glioma,0.0001603014745476,0.9997211313261828,0.0001185671992694,1,glioma,0.9997211313261828,919d6f0fb3ca462983d6df6ec06846e41abd9645
densenet121,B,2712,MR039473,image_level_seed11,1,1,glioma,6.12838009472097e-05,0.9999337541683933,4.962030659849364e-06,1,glioma,0.9999337541683933,919d6f0fb3ca462983d6df6ec06846e41abd9645
densenet121,B,2713,MR039473,image_level_seed11,4,1,glioma,0.0007038740979413,0.9992703055287222,2.5820373336490557e-05,1,glioma,0.9992703055287222,919d6f0fb3ca462983d6df6ec06846e41abd9645
densenet121,B,2714,MR039473B,image_level_seed11,2,1,glioma,0.0003091897280765,0.9996344748835048,5.633538841875415e-05,1,glioma,0.9996344748835048,919d6f0fb3ca462983d6df6ec06846e41abd9645
densenet121,B,2715,MR039473B,image_level_seed11,5,1,glioma,0.0004014488674718,0.998961165722649,0.0006373854098791,1,glioma,0.998961165722649,919d6f0fb3ca462983d6df6ec06846e41abd9645
densenet121,B,2716,MR039473B,image_level_seed11,5,1,glioma,0.0003224491119906,0.9987639472822338,0.0009136036057754,1,glioma,0.9987639472822338,919d6f0fb3ca462983d6df6ec06846e41abd9645
densenet121,B,2717,MR039473B,image_level_seed11,5,1,glioma,0.0003447805751691,0.9993807904438052,0.0002744289810259,1,glioma,0.9993807904438052,919d6f0fb3ca462983d6df6ec06846e41abd9645
densenet121,B,2718,MR039473B,image_level_seed11,4,1,glioma,0.0002167369977317,0.9995202377000942,0.000263025302174,1,glioma,0.9995202377000942,919d6f0fb3ca462983d6df6ec06846e41abd9645
densenet121,B,2719,MR039473B,image_level_seed11,4,1,glioma,0.0008469387937027,0.9977515962402468,0.0014014649660506,1,glioma,0.9977515962402468,919d6f0fb3ca462983d6df6ec06846e41abd9645
densenet121,B,2720,MR039473B,image_level_seed11,3,1,glioma,0.0003176500395614,0.999081932087024,0.0006004178734143,1,glioma,0.999081932087024,919d6f0fb3ca462983d6df6ec06846e41abd9645
densenet121,B,2721,MR039473B,image_level_seed11,3,1,glioma,0.000403303932612,0.9990440339713148,0.0005526620960733,1,glioma,0.9990440339713148,919d6f0fb3ca462983d6df6ec06846e41abd9645
densenet121,B,2722,MR039473B,image_level_seed11,3,1,glioma,0.0004673733252185,0.9987261860311984,0.0008064406435829,1,glioma,0.9987261860311984,919d6f0fb3ca462983d6df6ec06846e41abd9645
densenet121,B,2723,MR037458C,image_level_seed11,3,1,glioma,0.0005617917188882,0.9991338700025326,0.0003043382785792,1,glioma,0.9991338700025326,919d6f0fb3ca462983d6df6ec06846e41abd9645
densenet121,B,2724,MR037458C,image_level_seed11,4,1,glioma,0.0034838827556274,0.9962491130518956,0.0002670041924769,1,glioma,0.9962491130518956,919d6f0fb3ca462983d6df6ec06846e41abd9645
densenet121,B,2725,MR037458C,image_level_seed11,3,1,glioma,0.0020384392767292,0.996837028068371,0.0011245326548998,1,glioma,0.996837028068371,919d6f0fb3ca462983d6df6ec06846e41abd9645
densenet121,B,2726,MR037458C,image_level_seed11,4,1,glioma,0.0014878210547183,0.9970825693451298,0.0014296096001518,1,glioma,0.9970825693451298,919d6f0fb3ca462983d6df6ec06846e41abd9645
densenet121,B,2727,MR037458C,image_level_seed11,2,1,glioma,0.0001488377360204,0.999698122207981,0.0001530400559986,1,glioma,0.999698122207981,919d6f0fb3ca462983d6df6ec06846e41abd9645
densenet121,B,2728,MR037458C,image_level_seed11,5,1,glioma,0.0003280607251468,0.999365389589189,0.0003065496856641,1,glioma,0.999365389589189,919d6f0fb3ca462983d6df6ec06846e41abd9645
densenet121,B,2729,MR037458C,image_level_seed11,3,1,glioma,0.0014015927363605,0.9981956726675908,0.0004027345960488,1,glioma,0.9981956726675908,919d6f0fb3ca462983d6df6ec06846e41abd9645
densenet121,B,2730,MR037458C,image_level_seed11,2,1,glioma,0.0073418057242475,0.991338479564028,0.0013197147117244,1,glioma,0.991338479564028,919d6f0fb3ca462983d6df6ec06846e41abd9645
densenet121,B,2731,MR029209E,image_level_seed11,3,1,glioma,0.000718685391157,0.9991419014747804,0.0001394131340626,1,glioma,0.9991419014747804,919d6f0fb3ca462983d6df6ec06846e41abd9645
densenet121,B,2732,MR029209E,image_level_seed11,2,1,glioma,0.0036954669611421,0.9957712425416044,0.0005332904972536,1,glioma,0.9957712425416044,919d6f0fb3ca462983d6df6ec06846e41abd9645
densenet121,B,2733,MR029209E,image_level_seed11,5,1,glioma,0.0026832233919616,0.996820847983344,0.0004959286246942,1,glioma,0.996820847983344,919d6f0fb3ca462983d6df6ec06846e41abd9645
densenet121,B,2734,MR029209E,image_level_seed11,2,1,glioma,0.0003570853047583,0.999378066369622,0.0002648483256194,1,glioma,0.999378066369622,919d6f0fb3ca462983d6df6ec06846e41abd9645
densenet121,B,2735,MR029209E,image_level_seed11,2,1,glioma,0.0003833248643956,0.9994396097741034,0.000177065361501,1,glioma,0.9994396097741034,919d6f0fb3ca462983d6df6ec06846e41abd9645
densenet121,B,2736,MR029209E,image_level_seed11,4,1,glioma,0.0005444413431804,0.9990065874604668,0.0004489711963526,1,glioma,0.9990065874604668,919d6f0fb3ca462983d6df6ec06846e41abd9645
densenet121,B,2737,MR029209E,image_level_seed11,5,1,glioma,0.0005463094654545,0.9993976707257268,5.6019808818652414e-05,1,glioma,0.9993976707257268,919d6f0fb3ca462983d6df6ec06846e41abd9645
densenet121,B,2738,MR053110E,image_level_seed11,4,1,glioma,0.0002544750483666,0.9997216185670796,2.3906384553840422e-05,1,glioma,0.9997216185670796,919d6f0fb3ca462983d6df6ec06846e41abd9645
densenet121,B,2739,MR053110E,image_level_seed11,2,1,glioma,0.0007116111083874,0.9989628743788356,0.000325514512777,1,glioma,0.9989628743788356,919d6f0fb3ca462983d6df6ec06846e41abd9645
densenet121,B,2740,MR053110E,image_level_seed11,3,1,glioma,0.0004182564781377,0.9994893157558132,9.242776604920896e-05,1,glioma,0.9994893157558132,919d6f0fb3ca462983d6df6ec06846e41abd9645
densenet121,B,2741,MR053110E,image_level_seed11,3,1,glioma,0.000662736989562,0.9991818279599528,0.0001554350504852,1,glioma,0.9991818279599528,919d6f0fb3ca462983d6df6ec06846e41abd9645
densenet121,B,2742,MR053110E,image_level_seed11,1,1,glioma,0.0016432217735489,0.998117656501614,0.000239121724837,1,glioma,0.998117656501614,919d6f0fb3ca462983d6df6ec06846e41abd9645
densenet121,B,2743,MR049019G,image_level_seed11,4,1,glioma,0.0003157069653327,0.9990427565429012,0.0006415364917661,1,glioma,0.9990427565429012,919d6f0fb3ca462983d6df6ec06846e41abd9645
densenet121,B,2744,MR049019G,image_level_seed11,1,1,glioma,0.0001127432101306,0.999734231419568,0.0001530253703015,1,glioma,0.999734231419568,919d6f0fb3ca462983d6df6ec06846e41abd9645
densenet121,B,2745,MR049019G,image_level_seed11,4,1,glioma,0.0003989717847785,0.9982032298800844,0.0013977983351369,1,glioma,0.9982032298800844,919d6f0fb3ca462983d6df6ec06846e41abd9645
densenet121,B,2746,MR049019G,image_level_seed11,5,1,glioma,0.0004055599297445,0.9985417387019568,0.0010527013682985,1,glioma,0.9985417387019568,919d6f0fb3ca462983d6df6ec06846e41abd9645
densenet121,B,2747,MR049019G,image_level_seed11,4,1,glioma,0.0011082396971858,0.995374011401042,0.0035177489017718,1,glioma,0.995374011401042,919d6f0fb3ca462983d6df6ec06846e41abd9645
densenet121,B,2748,MR031409B,image_level_seed11,5,1,glioma,0.0007692902629002,0.999118311885362,0.0001123978517376,1,glioma,0.999118311885362,919d6f0fb3ca462983d6df6ec06846e41abd9645
densenet121,B,2749,MR031409B,image_level_seed11,2,1,glioma,0.00117637334654,0.997510795090386,0.0013128315630738,1,glioma,0.997510795090386,919d6f0fb3ca462983d6df6ec06846e41abd9645
densenet121,B,2750,MR024780D,image_level_seed11,1,1,glioma,0.0002443815109773,0.99970045885549,5.515963353273156e-05,1,glioma,0.99970045885549,919d6f0fb3ca462983d6df6ec06846e41abd9645
densenet121,B,2751,MR024780D,image_level_seed11,2,1,glioma,0.0004188100505066,0.9994727758173628,0.0001084141321305,1,glioma,0.9994727758173628,919d6f0fb3ca462983d6df6ec06846e41abd9645
densenet121,B,2752,MR024780D,image_level_seed11,2,1,glioma,0.0029345944779635,0.9958807008598036,0.0011847046622328,1,glioma,0.9958807008598036,919d6f0fb3ca462983d6df6ec06846e41abd9645
densenet121,B,2753,MR038469,image_level_seed11,2,1,glioma,0.0010345151785167,0.9967977550868078,0.0021677297346754,1,glioma,0.9967977550868078,919d6f0fb3ca462983d6df6ec06846e41abd9645
densenet121,B,2754,MR038469,image_level_seed11,3,1,glioma,0.0036236907154561,0.9709854137297282,0.0253908955548157,1,glioma,0.9709854137297282,919d6f0fb3ca462983d6df6ec06846e41abd9645
densenet121,B,2755,MR038469,image_level_seed11,1,1,glioma,0.0010251807709505,0.9982504375291704,0.0007243816998788,1,glioma,0.9982504375291704,919d6f0fb3ca462983d6df6ec06846e41abd9645
densenet121,B,2756,MR038469,image_level_seed11,3,1,glioma,0.0024395177809624,0.99535316608666,0.0022073161323774,1,glioma,0.99535316608666,919d6f0fb3ca462983d6df6ec06846e41abd9645
densenet121,B,2757,MR038469,image_level_seed11,3,1,glioma,0.0024367912395728,0.9941544229670316,0.0034087857933954,1,glioma,0.9941544229670316,919d6f0fb3ca462983d6df6ec06846e41abd9645
densenet121,B,2758,MR032322C,image_level_seed11,4,1,glioma,0.0015632338029406,0.9980251066748604,0.000411659522199,1,glioma,0.9980251066748604,919d6f0fb3ca462983d6df6ec06846e41abd9645
densenet121,B,2759,MR032322C,image_level_seed11,4,1,glioma,0.0006753026924455,0.999167728450064,0.0001569688574904,1,glioma,0.999167728450064,919d6f0fb3ca462983d6df6ec06846e41abd9645
densenet121,B,2760,MR032322C,image_level_seed11,5,1,glioma,0.0021164073325851,0.9973311299598152,0.0005524627075996,1,glioma,0.9973311299598152,919d6f0fb3ca462983d6df6ec06846e41abd9645
densenet121,B,2761,MR032322C,image_level_seed11,4,1,glioma,0.0012670931152592,0.9978828600594476,0.0008500468252932,1,glioma,0.9978828600594476,919d6f0fb3ca462983d6df6ec06846e41abd9645
densenet121,B,2762,MR032322C,image_level_seed11,4,1,glioma,0.000526223998219,0.9991438516662128,0.0003299243355682,1,glioma,0.9991438516662128,919d6f0fb3ca462983d6df6ec06846e41abd9645
densenet121,B,2763,MR032322C,image_level_seed11,5,1,glioma,0.0005603961150028,0.9993229186415588,0.0001166852434381,1,glioma,0.9993229186415588,919d6f0fb3ca462983d6df6ec06846e41abd9645
densenet121,B,2764,MR032322C,image_level_seed11,4,1,glioma,0.0006709284525138,0.9981970314187516,0.0011320401287346,1,glioma,0.9981970314187516,919d6f0fb3ca462983d6df6ec06846e41abd9645
densenet121,B,2765,MR032322C,image_level_seed11,3,1,glioma,0.0007867513540899,0.9984226416260124,0.0007906070198977,1,glioma,0.9984226416260124,919d6f0fb3ca462983d6df6ec06846e41abd9645
densenet121,B,2766,MR032322C,image_level_seed11,4,1,glioma,0.0007170346091207,0.996612138611401,0.0026708267794781,1,glioma,0.996612138611401,919d6f0fb3ca462983d6df6ec06846e41abd9645
densenet121,B,2767,MR032322C,image_level_seed11,3,1,glioma,0.0025021457897505,0.993535944179194,0.0039619100310553,1,glioma,0.993535944179194,919d6f0fb3ca462983d6df6ec06846e41abd9645
densenet121,B,2768,MR032322C,image_level_seed11,1,1,glioma,0.0025990813417876,0.9944817398343712,0.002919178823841,1,glioma,0.9944817398343712,919d6f0fb3ca462983d6df6ec06846e41abd9645
densenet121,B,2769,MR037458B,image_level_seed11,2,1,glioma,0.0098540679834414,0.989790329768126,0.0003556022484324,1,glioma,0.989790329768126,919d6f0fb3ca462983d6df6ec06846e41abd9645
densenet121,B,2770,MR037458B,image_level_seed11,3,1,glioma,0.0769306907125775,0.921204279404596,0.0018650298828264,1,glioma,0.921204279404596,919d6f0fb3ca462983d6df6ec06846e41abd9645
densenet121,B,2771,MR037458B,image_level_seed11,2,1,glioma,0.0014464902741041,0.998387753555376,0.00016575617052,1,glioma,0.998387753555376,919d6f0fb3ca462983d6df6ec06846e41abd9645
densenet121,B,2772,MR037458B,image_level_seed11,5,1,glioma,0.0052603252077748,0.9942036041737606,0.0005360706184645,1,glioma,0.9942036041737606,919d6f0fb3ca462983d6df6ec06846e41abd9645
densenet121,B,2773,MR037458B,image_level_seed11,5,1,glioma,0.0749412403010149,0.923158965982346,0.001899793716639,1,glioma,0.923158965982346,919d6f0fb3ca462983d6df6ec06846e41abd9645
densenet121,B,2774,MR039473,image_level_seed11,4,1,glioma,0.0075510967626332,0.973012712946578,0.0194361902907887,1,glioma,0.973012712946578,919d6f0fb3ca462983d6df6ec06846e41abd9645
densenet121,B,2775,MR039473,image_level_seed11,5,1,glioma,0.0011161518741921,0.9974711132294716,0.0014127348963363,1,glioma,0.9974711132294716,919d6f0fb3ca462983d6df6ec06846e41abd9645
densenet121,B,2776,MR039473,image_level_seed11,4,1,glioma,0.000745696363716,0.9968146474256256,0.0024396562106583,1,glioma,0.9968146474256256,919d6f0fb3ca462983d6df6ec06846e41abd9645
densenet121,B,2777,MR039473,image_level_seed11,3,1,glioma,0.0008890698872049,0.99259923664215,0.0065116934706451,1,glioma,0.99259923664215,919d6f0fb3ca462983d6df6ec06846e41abd9645
densenet121,B,2778,MR039473,image_level_seed11,4,1,glioma,0.0012745658270503,0.9948517764957776,0.003873657677172,1,glioma,0.9948517764957776,919d6f0fb3ca462983d6df6ec06846e41abd9645
densenet121,B,2779,MR039473,image_level_seed11,5,1,glioma,0.0008846784992587,0.9955881056304068,0.0035272158703345,1,glioma,0.9955881056304068,919d6f0fb3ca462983d6df6ec06846e41abd9645
densenet121,B,2780,MR039473B,image_level_seed11,2,1,glioma,0.0002905575363511,0.999514938637717,0.0001945038259318,1,glioma,0.999514938637717,919d6f0fb3ca462983d6df6ec06846e41abd9645
densenet121,B,2781,MR039473B,image_level_seed11,1,1,glioma,0.0005371731365108,0.999150599544913,0.0003122273185761,1,glioma,0.999150599544913,919d6f0fb3ca462983d6df6ec06846e41abd9645
densenet121,B,2782,MR039473B,image_level_seed11,1,1,glioma,0.0001509880749467,0.9996706646450032,0.0001783472800499,1,glioma,0.9996706646450032,919d6f0fb3ca462983d6df6ec06846e41abd9645
densenet121,B,2783,MR039473B,image_level_seed11,1,1,glioma,0.0005480992582421,0.998653390405497,0.0007985103362607,1,glioma,0.998653390405497,919d6f0fb3ca462983d6df6ec06846e41abd9645
densenet121,B,2784,MR039473B,image_level_seed11,3,1,glioma,0.0002427657836974,0.9992992345422288,0.0004579996740736,1,glioma,0.9992992345422288,919d6f0fb3ca462983d6df6ec06846e41abd9645
densenet121,B,2785,MR039473B,image_level_seed11,3,1,glioma,0.000629494363361,0.998116251510668,0.0012542541259708,1,glioma,0.998116251510668,919d6f0fb3ca462983d6df6ec06846e41abd9645
densenet121,B,2786,MR039473B,image_level_seed11,1,1,glioma,0.0005129074546078,0.9981951381394848,0.0012919544059074,1,glioma,0.9981951381394848,919d6f0fb3ca462983d6df6ec06846e41abd9645
densenet121,B,2787,MR040240,image_level_seed11,5,1,glioma,0.0011454185532152,0.9927440889794682,0.0061104924673164,1,glioma,0.9927440889794682,919d6f0fb3ca462983d6df6ec06846e41abd9645
densenet121,B,2788,MR040240,image_level_seed11,3,1,glioma,0.0032281227252684,0.9945371858455644,0.0022346914291669,1,glioma,0.9945371858455644,919d6f0fb3ca462983d6df6ec06846e41abd9645
densenet121,B,2789,MR040240,image_level_seed11,5,1,glioma,0.0052049857836048,0.9868637440662988,0.0079312701500962,1,glioma,0.9868637440662988,919d6f0fb3ca462983d6df6ec06846e41abd9645
densenet121,B,2790,MR040240,image_level_seed11,3,1,glioma,0.0016273465458647,0.9974277021301836,0.0009449513239516,1,glioma,0.9974277021301836,919d6f0fb3ca462983d6df6ec06846e41abd9645
densenet121,B,2791,MR040240,image_level_seed11,4,1,glioma,0.0007452422333031,0.9981935201377852,0.0010612376289119,1,glioma,0.9981935201377852,919d6f0fb3ca462983d6df6ec06846e41abd9645
densenet121,B,2792,MR040240,image_level_seed11,2,1,glioma,0.0047301087725534,0.992462585949698,0.0028073052777487,1,glioma,0.992462585949698,919d6f0fb3ca462983d6df6ec06846e41abd9645
densenet121,B,2793,MR040240,image_level_seed11,2,1,glioma,0.0027918009214991,0.9928630869189574,0.0043451121595434,1,glioma,0.9928630869189574,919d6f0fb3ca462983d6df6ec06846e41abd9645
densenet121,B,2794,MR040240,image_level_seed11,2,1,glioma,0.0107257453935191,0.9818485933635108,0.0074256612429699,1,glioma,0.9818485933635108,919d6f0fb3ca462983d6df6ec06846e41abd9645
densenet121,B,2795,MR040240B,image_level_seed11,2,1,glioma,0.00045421549541,0.9987985559202656,0.0007472285843241,1,glioma,0.9987985559202656,919d6f0fb3ca462983d6df6ec06846e41abd9645
densenet121,B,2796,MR040240B,image_level_seed11,3,1,glioma,0.000684620722364,0.9980624322109054,0.0012529470667303,1,glioma,0.9980624322109054,919d6f0fb3ca462983d6df6ec06846e41abd9645
densenet121,B,2797,MR040240B,image_level_seed11,3,1,glioma,0.0004373569374222,0.9990544962078418,0.0005081468547359,1,glioma,0.9990544962078418,919d6f0fb3ca462983d6df6ec06846e41abd9645
densenet121,B,2798,MR040240B,image_level_seed11,2,1,glioma,0.000266179080522,0.999449525989768,0.00028429492971,1,glioma,0.999449525989768,919d6f0fb3ca462983d6df6ec06846e41abd9645
densenet121,B,2799,MR040240B,image_level_seed11,5,1,glioma,0.0004549102675748,0.9991162137117786,0.0004288760206463,1,glioma,0.9991162137117786,919d6f0fb3ca462983d6df6ec06846e41abd9645
densenet121,B,2800,MR029209G,image_level_seed11,5,1,glioma,0.000552807224989,0.9993373560591644,0.0001098367158467,1,glioma,0.9993373560591644,919d6f0fb3ca462983d6df6ec06846e41abd9645
densenet121,B,2801,MR029209G,image_level_seed11,5,1,glioma,0.000119375833601,0.9998508659456982,2.9758220700831195e-05,1,glioma,0.9998508659456982,919d6f0fb3ca462983d6df6ec06846e41abd9645
densenet121,B,2802,MR029209G,image_level_seed11,5,1,glioma,0.0004779934616837,0.999453075848014,6.893069030213642e-05,1,glioma,0.999453075848014,919d6f0fb3ca462983d6df6ec06846e41abd9645
densenet121,B,2803,MR029209G,image_level_seed11,2,1,glioma,0.000494658035155,0.9994415794472844,6.376251756044194e-05,1,glioma,0.9994415794472844,919d6f0fb3ca462983d6df6ec06846e41abd9645
densenet121,B,2804,MR029209G,image_level_seed11,1,1,glioma,8.105324145488069e-05,0.999895694998585,2.3251759960171095e-05,1,glioma,0.999895694998585,919d6f0fb3ca462983d6df6ec06846e41abd9645
densenet121,B,2805,MR036496B,image_level_seed11,4,1,glioma,0.0005397975200245,0.9993310805364196,0.0001291219435558,1,glioma,0.9993310805364196,919d6f0fb3ca462983d6df6ec06846e41abd9645
densenet121,B,2806,MR036496B,image_level_seed11,2,1,glioma,0.0003453239425993,0.999576891815858,7.778424154262165e-05,1,glioma,0.999576891815858,919d6f0fb3ca462983d6df6ec06846e41abd9645
densenet121,B,2807,MR036496B,image_level_seed11,4,1,glioma,0.0004573551277989,0.9994882259073992,5.441896480201542e-05,1,glioma,0.9994882259073992,919d6f0fb3ca462983d6df6ec06846e41abd9645
densenet121,B,2808,MR036496B,image_level_seed11,2,1,glioma,0.0004403156060191,0.999536461449584,2.3222944396824004e-05,1,glioma,0.999536461449584,919d6f0fb3ca462983d6df6ec06846e41abd9645
densenet121,B,2809,MR033420,image_level_seed11,3,1,glioma,0.0004428408020479,0.9994342296345896,0.0001229295633626,1,glioma,0.9994342296345896,919d6f0fb3ca462983d6df6ec06846e41abd9645
densenet121,B,2810,MR033420,image_level_seed11,5,1,glioma,0.0003616723924558,0.9994613557603176,0.0001769718472266,1,glioma,0.9994613557603176,919d6f0fb3ca462983d6df6ec06846e41abd9645
densenet121,B,2811,MR033420,image_level_seed11,1,1,glioma,7.130610255246452e-05,0.9999046639672912,2.4029930156442832e-05,1,glioma,0.9999046639672912,919d6f0fb3ca462983d6df6ec06846e41abd9645
densenet121,B,2812,MR033420,image_level_seed11,5,1,glioma,0.0002799476496539,0.9996269714255754,9.308092477073392e-05,1,glioma,0.9996269714255754,919d6f0fb3ca462983d6df6ec06846e41abd9645
densenet121,B,2813,MR033420,image_level_seed11,1,1,glioma,0.0121710629941951,0.9863326174212236,0.0014963195845811,1,glioma,0.9863326174212236,919d6f0fb3ca462983d6df6ec06846e41abd9645
densenet121,B,2814,MR033420,image_level_seed11,5,1,glioma,0.0040986604566452,0.9952999602796788,0.0006013792636759,1,glioma,0.9952999602796788,919d6f0fb3ca462983d6df6ec06846e41abd9645
densenet121,B,2815,MR033420,image_level_seed11,3,1,glioma,0.0008313340913212,0.9986702143767678,0.0004984515319107,1,glioma,0.9986702143767678,919d6f0fb3ca462983d6df6ec06846e41abd9645
densenet121,B,2816,MR033420,image_level_seed11,2,1,glioma,0.001271729764758,0.998534629016265,0.000193641218977,1,glioma,0.998534629016265,919d6f0fb3ca462983d6df6ec06846e41abd9645
densenet121,B,2817,MR024780B,image_level_seed11,2,1,glioma,0.000611261586738,0.999024380851166,0.0003643575620958,1,glioma,0.999024380851166,919d6f0fb3ca462983d6df6ec06846e41abd9645
densenet121,B,2818,MR024780B,image_level_seed11,5,1,glioma,0.0006055879628834,0.9992140898470468,0.0001803221900696,1,glioma,0.9992140898470468,919d6f0fb3ca462983d6df6ec06846e41abd9645
densenet121,B,2819,MR024780B,image_level_seed11,3,1,glioma,0.000215472824786,0.9996146209158024,0.0001699062594116,1,glioma,0.9996146209158024,919d6f0fb3ca462983d6df6ec06846e41abd9645
densenet121,B,2820,MR024780B,image_level_seed11,3,1,glioma,0.0002920032875526,0.9995690814046548,0.0001389153077924,1,glioma,0.9995690814046548,919d6f0fb3ca462983d6df6ec06846e41abd9645
densenet121,B,2821,MR033389B,image_level_seed11,2,1,glioma,0.0003587196153756,0.9994616372646136,0.0001796431200109,1,glioma,0.9994616372646136,919d6f0fb3ca462983d6df6ec06846e41abd9645
densenet121,B,2822,MR048294,image_level_seed11,4,1,glioma,0.0003719991337923,0.998948223185364,0.0006797776808433,1,glioma,0.998948223185364,919d6f0fb3ca462983d6df6ec06846e41abd9645
densenet121,B,2823,MR048297,image_level_seed11,3,1,glioma,0.0688734421302291,0.9307477297236388,0.000378828146132,1,glioma,0.9307477297236388,919d6f0fb3ca462983d6df6ec06846e41abd9645
densenet121,B,2824,MR048297,image_level_seed11,2,1,glioma,0.0012507977971012,0.998650723112066,9.84790908327734e-05,1,glioma,0.998650723112066,919d6f0fb3ca462983d6df6ec06846e41abd9645
densenet121,B,2825,MR048297,image_level_seed11,1,1,glioma,0.0014376055018766,0.9983014447928962,0.0002609497052272,1,glioma,0.9983014447928962,919d6f0fb3ca462983d6df6ec06846e41abd9645
densenet121,B,2826,MR048297,image_level_seed11,2,1,glioma,0.1846688996885941,0.8136715971052367,0.001659503206169,1,glioma,0.8136715971052367,919d6f0fb3ca462983d6df6ec06846e41abd9645
densenet121,B,2827,MR048297,image_level_seed11,5,1,glioma,0.003030170081926,0.9964767827554492,0.0004930471626246,1,glioma,0.9964767827554492,919d6f0fb3ca462983d6df6ec06846e41abd9645
densenet121,B,2828,MR048297,image_level_seed11,1,1,glioma,0.0001012314555556,0.9998493507494016,4.94177950427318e-05,1,glioma,0.9998493507494016,919d6f0fb3ca462983d6df6ec06846e41abd9645
densenet121,B,2829,MR048297,image_level_seed11,3,1,glioma,0.0024133377711706,0.9970005151130288,0.0005861471158007,1,glioma,0.9970005151130288,919d6f0fb3ca462983d6df6ec06846e41abd9645
densenet121,B,2830,MR048297,image_level_seed11,4,1,glioma,0.000305218328677,0.999381664870285,0.0003131168010379,1,glioma,0.999381664870285,919d6f0fb3ca462983d6df6ec06846e41abd9645
densenet121,B,2831,MR048294B,image_level_seed11,3,1,glioma,0.0042153377517837,0.9946849757496368,0.0010996864985794,1,glioma,0.9946849757496368,919d6f0fb3ca462983d6df6ec06846e41abd9645
densenet121,B,2832,MR048294B,image_level_seed11,3,1,glioma,0.0011118476478556,0.9975705729315212,0.0013175794206233,1,glioma,0.9975705729315212,919d6f0fb3ca462983d6df6ec06846e41abd9645
densenet121,B,2833,MR048294B,image_level_seed11,1,1,glioma,0.000345173569728,0.9991959357926296,0.0004588906376421,1,glioma,0.9991959357926296,919d6f0fb3ca462983d6df6ec06846e41abd9645
densenet121,B,2834,MR048294B,image_level_seed11,2,1,glioma,0.0001998248711498,0.999605543075998,0.000194632052852,1,glioma,0.999605543075998,919d6f0fb3ca462983d6df6ec06846e41abd9645
densenet121,B,2835,MR048294B,image_level_seed11,2,1,glioma,0.0001653435513413,0.9994509140219884,0.0003837424266702,1,glioma,0.9994509140219884,919d6f0fb3ca462983d6df6ec06846e41abd9645
densenet121,B,2836,MR048294B,image_level_seed11,5,1,glioma,0.0002684311187308,0.9995041206283078,0.0002274482529611,1,glioma,0.9995041206283078,919d6f0fb3ca462983d6df6ec06846e41abd9645
densenet121,B,2837,MR048621B,image_level_seed11,5,1,glioma,0.0008644929498069,0.9990400792095436,9.542784064921392e-05,1,glioma,0.9990400792095436,919d6f0fb3ca462983d6df6ec06846e41abd9645
densenet121,B,2838,MR048621B,image_level_seed11,5,1,glioma,0.0003495480900851,0.9996265161481416,2.3935761773424306e-05,1,glioma,0.9996265161481416,919d6f0fb3ca462983d6df6ec06846e41abd9645
densenet121,B,2839,MR048621B,image_level_seed11,2,1,glioma,0.0005861323621395,0.9993040048622248,0.0001098627756356,1,glioma,0.9993040048622248,919d6f0fb3ca462983d6df6ec06846e41abd9645
densenet121,B,2840,MR048944,image_level_seed11,4,1,glioma,0.000539942982644,0.999213890883109,0.000246166134247,1,glioma,0.999213890883109,919d6f0fb3ca462983d6df6ec06846e41abd9645
densenet121,B,2841,MR048944,image_level_seed11,3,1,glioma,0.0002402100635618,0.9995499871726032,0.0002098027638349,1,glioma,0.9995499871726032,919d6f0fb3ca462983d6df6ec06846e41abd9645
densenet121,B,2842,MR048944,image_level_seed11,3,1,glioma,0.0001926216463187,0.9996914880803004,0.0001158902733808,1,glioma,0.9996914880803004,919d6f0fb3ca462983d6df6ec06846e41abd9645
densenet121,B,2843,MR048944,image_level_seed11,2,1,glioma,7.34447058005686e-05,0.9999028735149724,2.3681779227046975e-05,1,glioma,0.9999028735149724,919d6f0fb3ca462983d6df6ec06846e41abd9645
densenet121,B,2844,MR048944,image_level_seed11,5,1,glioma,0.0001237433381229,0.999838952379892,3.730428198515046e-05,1,glioma,0.999838952379892,919d6f0fb3ca462983d6df6ec06846e41abd9645
densenet121,B,2845,MR048944,image_level_seed11,4,1,glioma,0.0009640754615902,0.998499762221521,0.0005361623168887,1,glioma,0.998499762221521,919d6f0fb3ca462983d6df6ec06846e41abd9645
densenet121,B,2846,MR048994,image_level_seed11,3,1,glioma,0.0039633357949884,0.9957382914565992,0.0002983727484122,1,glioma,0.9957382914565992,919d6f0fb3ca462983d6df6ec06846e41abd9645
densenet121,B,2847,MR048994,image_level_seed11,2,1,glioma,0.002464525797762,0.9974409135897816,9.45606124564908e-05,1,glioma,0.9974409135897816,919d6f0fb3ca462983d6df6ec06846e41abd9645
densenet121,B,2848,MR048994,image_level_seed11,1,1,glioma,0.0010040468465331,0.9988987206612236,9.72324922434128e-05,1,glioma,0.9988987206612236,919d6f0fb3ca462983d6df6ec06846e41abd9645
densenet121,B,2849,MR048994,image_level_seed11,4,1,glioma,0.0035961082716116,0.9961135311969496,0.0002903605314387,1,glioma,0.9961135311969496,919d6f0fb3ca462983d6df6ec06846e41abd9645
densenet121,B,2850,MR048994,image_level_seed11,1,1,glioma,0.000502711550738,0.999476591600746,2.0696848516084855e-05,1,glioma,0.999476591600746,919d6f0fb3ca462983d6df6ec06846e41abd9645
densenet121,B,2851,MR048994,image_level_seed11,4,1,glioma,0.0068438807615759,0.9927405122771444,0.0004156069612795,1,glioma,0.9927405122771444,919d6f0fb3ca462983d6df6ec06846e41abd9645
densenet121,B,2852,MR048994,image_level_seed11,4,1,glioma,0.0023985776559675,0.9973439661781084,0.0002574561659239,1,glioma,0.9973439661781084,919d6f0fb3ca462983d6df6ec06846e41abd9645
densenet121,B,2853,MR048994,image_level_seed11,4,1,glioma,0.0023355879431413,0.9975438634076867,0.0001205486491718,1,glioma,0.9975438634076867,919d6f0fb3ca462983d6df6ec06846e41abd9645
densenet121,B,2854,MR049104,image_level_seed11,2,1,glioma,0.0003011129098807,0.9960014560819856,0.0036974310081334,1,glioma,0.9960014560819856,919d6f0fb3ca462983d6df6ec06846e41abd9645
densenet121,B,2855,MR049104,image_level_seed11,2,1,glioma,0.0001341032065682,0.9988555479408876,0.001010348852544,1,glioma,0.9988555479408876,919d6f0fb3ca462983d6df6ec06846e41abd9645
densenet121,B,2856,MR049104,image_level_seed11,3,1,glioma,0.0005156633473249,0.9956307826755184,0.0038535539771568,1,glioma,0.9956307826755184,919d6f0fb3ca462983d6df6ec06846e41abd9645
densenet121,B,2857,MR049104,image_level_seed11,4,1,glioma,0.0005406822873917,0.999119086052762,0.0003402316598463,1,glioma,0.999119086052762,919d6f0fb3ca462983d6df6ec06846e41abd9645
densenet121,B,2858,MR049142,image_level_seed11,4,1,glioma,0.3309595183853484,0.6627181762160573,0.0063223053985943,1,glioma,0.6627181762160573,919d6f0fb3ca462983d6df6ec06846e41abd9645
densenet121,B,2859,MR049142,image_level_seed11,4,1,glioma,0.0083859900416913,0.9909710502215516,0.0006429597367567,1,glioma,0.9909710502215516,919d6f0fb3ca462983d6df6ec06846e41abd9645
densenet121,B,2860,MR049142,image_level_seed11,2,1,glioma,0.0027862072667358,0.997084024376496,0.000129768356768,1,glioma,0.997084024376496,919d6f0fb3ca462983d6df6ec06846e41abd9645
densenet121,B,2861,MR048994B,image_level_seed11,4,1,glioma,0.0014349124876718,0.9984755893595304,8.949815279776605e-05,1,glioma,0.9984755893595304,919d6f0fb3ca462983d6df6ec06846e41abd9645
densenet121,B,2862,MR048994B,image_level_seed11,2,1,glioma,0.0010813920123354,0.9986022864927244,0.0003163214949401,1,glioma,0.9986022864927244,919d6f0fb3ca462983d6df6ec06846e41abd9645
densenet121,B,2863,MR048994B,image_level_seed11,3,1,glioma,0.0019338980636309,0.9977670759240236,0.0002990260123454,1,glioma,0.9977670759240236,919d6f0fb3ca462983d6df6ec06846e41abd9645
densenet121,B,2864,MR048994B,image_level_seed11,1,1,glioma,8.885675713814804e-05,0.9998899135520172,2.122969084454752e-05,1,glioma,0.9998899135520172,919d6f0fb3ca462983d6df6ec06846e41abd9645
densenet121,B,2865,MR048994B,image_level_seed11,5,1,glioma,0.0005275280819259,0.9994222271636568,5.0244754417226134e-05,1,glioma,0.9994222271636568,919d6f0fb3ca462983d6df6ec06846e41abd9645
densenet121,B,2866,MR049358,image_level_seed11,5,1,glioma,0.0013147664542623,0.9982926284466768,0.0003926050990607,1,glioma,0.9982926284466768,919d6f0fb3ca462983d6df6ec06846e41abd9645
densenet121,B,2867,MR049358,image_level_seed11,5,1,glioma,0.0011916514434667,0.9981887404192596,0.0006196081372737,1,glioma,0.9981887404192596,919d6f0fb3ca462983d6df6ec06846e41abd9645
densenet121,B,2868,MR049358,image_level_seed11,4,1,glioma,0.0007591794815549,0.9981911116432242,0.0010497088752208,1,glioma,0.9981911116432242,919d6f0fb3ca462983d6df6ec06846e41abd9645
densenet121,B,2869,MR049358,image_level_seed11,5,1,glioma,0.000855011505701,0.9982073045398644,0.0009376839544344,1,glioma,0.9982073045398644,919d6f0fb3ca462983d6df6ec06846e41abd9645
densenet121,B,2870,MR049358,image_level_seed11,5,1,glioma,0.0010617322269496,0.995726101715658,0.0032121660573923,1,glioma,0.995726101715658,919d6f0fb3ca462983d6df6ec06846e41abd9645
densenet121,B,2871,MR049358,image_level_seed11,5,1,glioma,0.0004947954987731,0.9973399508551132,0.0021652536461138,1,glioma,0.9973399508551132,919d6f0fb3ca462983d6df6ec06846e41abd9645
densenet121,B,2872,MR049358,image_level_seed11,1,1,glioma,0.0003209206442991,0.9993036726884998,0.0003754066672009,1,glioma,0.9993036726884998,919d6f0fb3ca462983d6df6ec06846e41abd9645
densenet121,B,2873,MR049104B,image_level_seed11,5,1,glioma,0.0003945138535426,0.9988838618625366,0.0007216242839207,1,glioma,0.9988838618625366,919d6f0fb3ca462983d6df6ec06846e41abd9645
densenet121,B,2874,MR049104B,image_level_seed11,1,1,glioma,0.0001939629633001,0.9995786930442484,0.0002273439924517,1,glioma,0.9995786930442484,919d6f0fb3ca462983d6df6ec06846e41abd9645
densenet121,B,2875,MR049104B,image_level_seed11,3,1,glioma,0.0004992002373248,0.999134234507746,0.0003665652549291,1,glioma,0.999134234507746,919d6f0fb3ca462983d6df6ec06846e41abd9645
densenet121,B,2876,MR049453,image_level_seed11,2,1,glioma,0.0011303977028287,0.9914116402673924,0.007457962029779,1,glioma,0.9914116402673924,919d6f0fb3ca462983d6df6ec06846e41abd9645
densenet121,B,2877,MR049453,image_level_seed11,1,1,glioma,0.0001368747349086,0.9995799212640142,0.0002832040010771,1,glioma,0.9995799212640142,919d6f0fb3ca462983d6df6ec06846e41abd9645
densenet121,B,2878,MR049453,image_level_seed11,1,1,glioma,0.0001075574123752,0.9995642240305646,0.0003282185570602,1,glioma,0.9995642240305646,919d6f0fb3ca462983d6df6ec06846e41abd9645
densenet121,B,2879,MR049453,image_level_seed11,1,1,glioma,0.0002075407611798,0.9995912836437456,0.0002011755950744,1,glioma,0.9995912836437456,919d6f0fb3ca462983d6df6ec06846e41abd9645
densenet121,B,2880,MR049453,image_level_seed11,1,1,glioma,5.082382343830447e-05,0.999832815402213,0.0001163607743487,1,glioma,0.999832815402213,919d6f0fb3ca462983d6df6ec06846e41abd9645
densenet121,B,2881,MR049453,image_level_seed11,2,1,glioma,0.0005982027681445,0.9980518816431244,0.0013499155887308,1,glioma,0.9980518816431244,919d6f0fb3ca462983d6df6ec06846e41abd9645
densenet121,B,2882,MR049453,image_level_seed11,1,1,glioma,0.0001760399620803,0.99954275720931,0.0002812028286096,1,glioma,0.99954275720931,919d6f0fb3ca462983d6df6ec06846e41abd9645
densenet121,B,2883,MR049453,image_level_seed11,4,1,glioma,0.0009551837130102,0.9974676079481004,0.0015772083388892,1,glioma,0.9974676079481004,919d6f0fb3ca462983d6df6ec06846e41abd9645
densenet121,B,2884,MR049453,image_level_seed11,1,1,glioma,0.0010822131502035,0.998738997217482,0.0001787896323144,1,glioma,0.998738997217482,919d6f0fb3ca462983d6df6ec06846e41abd9645
densenet121,B,2885,MR024780G,image_level_seed11,4,1,glioma,0.000158399758874,0.9996989440999472,0.0001426561411787,1,glioma,0.9996989440999472,919d6f0fb3ca462983d6df6ec06846e41abd9645
densenet121,B,2886,MR024780G,image_level_seed11,5,1,glioma,0.0001585378156806,0.999756398315744,8.506386857531034e-05,1,glioma,0.999756398315744,919d6f0fb3ca462983d6df6ec06846e41abd9645
densenet121,B,2887,MR024780G,image_level_seed11,2,1,glioma,0.0001405127772211,0.999773712220002,8.577500277687626e-05,1,glioma,0.999773712220002,919d6f0fb3ca462983d6df6ec06846e41abd9645
densenet121,B,2888,MR024780G,image_level_seed11,1,1,glioma,0.0001701568140936,0.9997954400009096,3.4403184996670634e-05,1,glioma,0.9997954400009096,919d6f0fb3ca462983d6df6ec06846e41abd9645
densenet121,B,2889,MR024780G,image_level_seed11,5,1,glioma,0.0007747358412806,0.9989660243340795,0.0002592398246399,1,glioma,0.9989660243340795,919d6f0fb3ca462983d6df6ec06846e41abd9645
densenet121,B,2890,MR024780G,image_level_seed11,4,1,glioma,0.0060231209374039,0.9937813625197174,0.0001955165428785,1,glioma,0.9937813625197174,919d6f0fb3ca462983d6df6ec06846e41abd9645
densenet121,B,2891,MR050135B,image_level_seed11,4,1,glioma,0.000681938884244,0.998654298965134,0.0006637621506218,1,glioma,0.998654298965134,919d6f0fb3ca462983d6df6ec06846e41abd9645
densenet121,B,2892,MR050135B,image_level_seed11,2,1,glioma,0.0001653093750612,0.999729261721576,0.0001054289033629,1,glioma,0.999729261721576,919d6f0fb3ca462983d6df6ec06846e41abd9645
densenet121,B,2893,MR050135B,image_level_seed11,2,1,glioma,0.00021524522711,0.9997224307726544,6.232400023536951e-05,1,glioma,0.9997224307726544,919d6f0fb3ca462983d6df6ec06846e41abd9645
densenet121,B,2894,MR050135B,image_level_seed11,3,1,glioma,0.0006264048558442,0.9993172946269396,5.630051721604296e-05,1,glioma,0.9993172946269396,919d6f0fb3ca462983d6df6ec06846e41abd9645
densenet121,B,2895,MR050135B,image_level_seed11,1,1,glioma,0.0002246413282065,0.9997139206050268,6.143806676670915e-05,1,glioma,0.9997139206050268,919d6f0fb3ca462983d6df6ec06846e41abd9645
densenet121,B,2896,MR050135B,image_level_seed11,5,1,glioma,0.0005273275488534,0.9988508229443942,0.0006218495067522,1,glioma,0.9988508229443942,919d6f0fb3ca462983d6df6ec06846e41abd9645
densenet121,B,2897,MR050135B,image_level_seed11,1,1,glioma,0.0003174934257273,0.9994968513037978,0.0001856552704747,1,glioma,0.9994968513037978,919d6f0fb3ca462983d6df6ec06846e41abd9645
densenet121,B,2898,MR050135B,image_level_seed11,1,1,glioma,0.0007762209496572,0.9986058441195318,0.000617934930811,1,glioma,0.9986058441195318,919d6f0fb3ca462983d6df6ec06846e41abd9645
densenet121,B,2899,MR050135B,image_level_seed11,4,1,glioma,0.0012664709875871,0.9972114888161144,0.0015220401962985,1,glioma,0.9972114888161144,919d6f0fb3ca462983d6df6ec06846e41abd9645
densenet121,B,2900,MR050687,image_level_seed11,3,1,glioma,0.0002082751132262,0.9996987067230492,9.30181637245464e-05,1,glioma,0.9996987067230492,919d6f0fb3ca462983d6df6ec06846e41abd9645
densenet121,B,2901,MR050687,image_level_seed11,2,1,glioma,0.0004218568897038,0.9995459498841536,3.219322614256851e-05,1,glioma,0.9995459498841536,919d6f0fb3ca462983d6df6ec06846e41abd9645
densenet121,B,2902,MR050687,image_level_seed11,1,1,glioma,0.0001363458564979,0.999848301001972,1.5353141529918353e-05,1,glioma,0.999848301001972,919d6f0fb3ca462983d6df6ec06846e41abd9645
densenet121,B,2903,MR050687,image_level_seed11,4,1,glioma,0.0001823566683116,0.9997972382602796,2.040507140858283e-05,1,glioma,0.9997972382602796,919d6f0fb3ca462983d6df6ec06846e41abd9645
densenet121,B,2904,MR050687,image_level_seed11,5,1,glioma,0.0006933981031622,0.9992382751297926,6.83267670450252e-05,1,glioma,0.9992382751297926,919d6f0fb3ca462983d6df6ec06846e41abd9645
densenet121,B,2905,MR050687,image_level_seed11,2,1,glioma,0.0004694801546214,0.9994121045974984,0.0001184152478803,1,glioma,0.9994121045974984,919d6f0fb3ca462983d6df6ec06846e41abd9645
densenet121,B,2906,MR050791B,image_level_seed11,1,1,glioma,0.001911208630406,0.9980267460266488,6.204534294519232e-05,1,glioma,0.9980267460266488,919d6f0fb3ca462983d6df6ec06846e41abd9645
densenet121,B,2907,MR050791B,image_level_seed11,3,1,glioma,0.0002816530854039,0.9996799069730196,3.843994157653786e-05,1,glioma,0.9996799069730196,919d6f0fb3ca462983d6df6ec06846e41abd9645
densenet121,B,2908,MR050791B,image_level_seed11,5,1,glioma,0.0013850098140544,0.9983368703272648,0.0002781198586809,1,glioma,0.9983368703272648,919d6f0fb3ca462983d6df6ec06846e41abd9645
densenet121,B,2909,MR050791B,image_level_seed11,3,1,glioma,0.0005935261628271,0.9993646080776244,4.18657595483674e-05,1,glioma,0.9993646080776244,919d6f0fb3ca462983d6df6ec06846e41abd9645
densenet121,B,2910,MR050791B,image_level_seed11,5,1,glioma,0.0085862658933581,0.9913382202826236,7.551382401817228e-05,1,glioma,0.9913382202826236,919d6f0fb3ca462983d6df6ec06846e41abd9645
densenet121,B,2911,MR050791B,image_level_seed11,1,1,glioma,0.0272646442150601,0.9726831709441416,5.218484079813923e-05,1,glioma,0.9726831709441416,919d6f0fb3ca462983d6df6ec06846e41abd9645
densenet121,B,2912,MR050791B,image_level_seed11,2,1,glioma,0.0408046667203653,0.9589561663039302,0.0002391669757043,1,glioma,0.9589561663039302,919d6f0fb3ca462983d6df6ec06846e41abd9645
densenet121,B,2913,MR050791B,image_level_seed11,4,1,glioma,0.0009354504745582,0.9989899174986852,7.463202675638172e-05,1,glioma,0.9989899174986852,919d6f0fb3ca462983d6df6ec06846e41abd9645
densenet121,B,2914,MR049019C,image_level_seed11,5,1,glioma,0.0007009659866405,0.9988725175043992,0.0004265165089601,1,glioma,0.9988725175043992,919d6f0fb3ca462983d6df6ec06846e41abd9645
densenet121,B,2915,MR049019C,image_level_seed11,2,1,glioma,0.0007305781569996,0.9982452126667588,0.0010242091762415,1,glioma,0.9982452126667588,919d6f0fb3ca462983d6df6ec06846e41abd9645
densenet121,B,2916,MR049019C,image_level_seed11,3,1,glioma,0.0007623858891869,0.9987513507642698,0.0004862633465433,1,glioma,0.9987513507642698,919d6f0fb3ca462983d6df6ec06846e41abd9645
densenet121,B,2917,MR049019C,image_level_seed11,2,1,glioma,0.0009937278225914,0.997511896816656,0.0014943753607525,1,glioma,0.997511896816656,919d6f0fb3ca462983d6df6ec06846e41abd9645
densenet121,B,2918,MR051461,image_level_seed11,3,1,glioma,0.000909669637645,0.998793563626471,0.0002967667358838,1,glioma,0.998793563626471,919d6f0fb3ca462983d6df6ec06846e41abd9645
densenet121,B,2919,MR051461,image_level_seed11,1,1,glioma,0.0001517487919991,0.9997381015399448,0.0001101496680561,1,glioma,0.9997381015399448,919d6f0fb3ca462983d6df6ec06846e41abd9645
densenet121,B,2920,MR051461,image_level_seed11,3,1,glioma,0.0016381533090655,0.9979988717831494,0.0003629749077849,1,glioma,0.9979988717831494,919d6f0fb3ca462983d6df6ec06846e41abd9645
densenet121,B,2921,MR051461,image_level_seed11,2,1,glioma,0.0010624673347676,0.9987117121516884,0.000225820513544,1,glioma,0.9987117121516884,919d6f0fb3ca462983d6df6ec06846e41abd9645
densenet121,B,2922,MR051461,image_level_seed11,1,1,glioma,0.0005836913409205,0.9991379146721238,0.0002783939869555,1,glioma,0.9991379146721238,919d6f0fb3ca462983d6df6ec06846e41abd9645
densenet121,B,2923,MR051461,image_level_seed11,4,1,glioma,0.0005325728657921,0.9994377906055468,2.9636528660740244e-05,1,glioma,0.9994377906055468,919d6f0fb3ca462983d6df6ec06846e41abd9645
densenet121,B,2924,MR051461,image_level_seed11,3,1,glioma,0.0018108849671538,0.9980175601180432,0.000171554914803,1,glioma,0.9980175601180432,919d6f0fb3ca462983d6df6ec06846e41abd9645
densenet121,B,2925,MR051586,image_level_seed11,5,1,glioma,0.003178839376305,0.9966112069852272,0.0002099536384676,1,glioma,0.9966112069852272,919d6f0fb3ca462983d6df6ec06846e41abd9645
densenet121,B,2926,MR051586,image_level_seed11,5,1,glioma,0.0014685433618184,0.9984761871977742,5.526944040728322e-05,1,glioma,0.9984761871977742,919d6f0fb3ca462983d6df6ec06846e41abd9645
densenet121,B,2927,MR051586,image_level_seed11,3,1,glioma,0.0026266886878926,0.9971353236902136,0.0002379876218937,1,glioma,0.9971353236902136,919d6f0fb3ca462983d6df6ec06846e41abd9645
densenet121,B,2928,MR051586,image_level_seed11,3,1,glioma,0.0038965452611968,0.9955711296768456,0.0005323250619574,1,glioma,0.9955711296768456,919d6f0fb3ca462983d6df6ec06846e41abd9645
densenet121,B,2929,MR051586,image_level_seed11,4,1,glioma,0.078886850998855,0.9191083907382638,0.0020047582628812,1,glioma,0.9191083907382638,919d6f0fb3ca462983d6df6ec06846e41abd9645
densenet121,B,2930,MR051586,image_level_seed11,2,1,glioma,0.0006717515788464,0.9992664382992336,6.181012191987696e-05,1,glioma,0.9992664382992336,919d6f0fb3ca462983d6df6ec06846e41abd9645
densenet121,B,2931,MR051586,image_level_seed11,3,1,glioma,0.0004369275151777,0.9993398369798568,0.0002232355049655,1,glioma,0.9993398369798568,919d6f0fb3ca462983d6df6ec06846e41abd9645
densenet121,B,2932,MR051586,image_level_seed11,1,1,glioma,3.111799181511107e-05,0.9999487593227236,2.0122685461337323e-05,1,glioma,0.9999487593227236,919d6f0fb3ca462983d6df6ec06846e41abd9645
densenet121,B,2933,MR051586,image_level_seed11,5,1,glioma,0.0002564708865418,0.9995191440920258,0.0002243850214322,1,glioma,0.9995191440920258,919d6f0fb3ca462983d6df6ec06846e41abd9645
densenet121,B,2934,MR051644,image_level_seed11,2,1,glioma,0.0003819723758143,0.999393390794852,0.0002246368293338,1,glioma,0.999393390794852,919d6f0fb3ca462983d6df6ec06846e41abd9645
densenet121,B,2935,MR051644,image_level_seed11,2,1,glioma,0.0002260216269014,0.9996695554047218,0.0001044229683767,1,glioma,0.9996695554047218,919d6f0fb3ca462983d6df6ec06846e41abd9645
densenet121,B,2936,MR051644,image_level_seed11,2,1,glioma,0.0001877001921645,0.9996918163934908,0.0001204834143448,1,glioma,0.9996918163934908,919d6f0fb3ca462983d6df6ec06846e41abd9645
densenet121,B,2937,MR051644,image_level_seed11,1,1,glioma,8.685756323067865e-05,0.9998823546598108,3.078777695858534e-05,1,glioma,0.9998823546598108,919d6f0fb3ca462983d6df6ec06846e41abd9645
densenet121,B,2938,MR051644,image_level_seed11,4,1,glioma,0.0025427551121939,0.9972116529590104,0.0002455919287957,1,glioma,0.9972116529590104,919d6f0fb3ca462983d6df6ec06846e41abd9645
densenet121,B,2939,MR051644,image_level_seed11,1,1,glioma,0.0002858320209573,0.9996804932497736,3.367472926928019e-05,1,glioma,0.9996804932497736,919d6f0fb3ca462983d6df6ec06846e41abd9645
densenet121,B,2940,MR051644,image_level_seed11,4,1,glioma,0.0012203063964767,0.9984931625958634,0.0002865310076598,1,glioma,0.9984931625958634,919d6f0fb3ca462983d6df6ec06846e41abd9645
densenet121,B,2941,MR051644,image_level_seed11,3,1,glioma,0.0024528192506669,0.9973607762893728,0.0001864044599604,1,glioma,0.9973607762893728,919d6f0fb3ca462983d6df6ec06846e41abd9645
densenet121,B,2942,MR051644,image_level_seed11,5,1,glioma,0.0004729522931425,0.999510567670339,1.6480036518580265e-05,1,glioma,0.999510567670339,919d6f0fb3ca462983d6df6ec06846e41abd9645
densenet121,B,2943,MR051644,image_level_seed11,2,1,glioma,0.0002751492335389,0.9996299907313296,9.486003513142543e-05,1,glioma,0.9996299907313296,919d6f0fb3ca462983d6df6ec06846e41abd9645
densenet121,B,2944,MR051651,image_level_seed11,2,1,glioma,0.0003271746829085,0.9996606453742132,1.2179942878250824e-05,1,glioma,0.9996606453742132,919d6f0fb3ca462983d6df6ec06846e41abd9645
densenet121,B,2945,MR051651,image_level_seed11,4,1,glioma,0.0005455662220334,0.999440524369474,1.3909408492503158e-05,1,glioma,0.999440524369474,919d6f0fb3ca462983d6df6ec06846e41abd9645
densenet121,B,2946,MR051651,image_level_seed11,3,1,glioma,0.001045147717519,0.9989186299208234,3.622236165782822e-05,1,glioma,0.9989186299208234,919d6f0fb3ca462983d6df6ec06846e41abd9645
densenet121,B,2947,MR051651,image_level_seed11,2,1,glioma,0.0003336683360884,0.9996256763579672,4.0655305944305774e-05,1,glioma,0.9996256763579672,919d6f0fb3ca462983d6df6ec06846e41abd9645
densenet121,B,2948,MR051796,image_level_seed11,5,1,glioma,0.0008336108541338,0.9968209700860026,0.0023454190598635,1,glioma,0.9968209700860026,919d6f0fb3ca462983d6df6ec06846e41abd9645
densenet121,B,2949,MR051796,image_level_seed11,2,1,glioma,0.0003893323632212,0.9990285828025144,0.0005820848342644,1,glioma,0.9990285828025144,919d6f0fb3ca462983d6df6ec06846e41abd9645
densenet121,B,2950,MR051796,image_level_seed11,4,1,glioma,0.0008308334119409,0.9941387815715852,0.0050303850164739,1,glioma,0.9941387815715852,919d6f0fb3ca462983d6df6ec06846e41abd9645
densenet121,B,2951,MR051796,image_level_seed11,5,1,glioma,0.0010704113274466,0.9980526833426416,0.0008769053299116,1,glioma,0.9980526833426416,919d6f0fb3ca462983d6df6ec06846e41abd9645
densenet121,B,2952,MR051796,image_level_seed11,1,1,glioma,0.0001221765467351,0.9997326962586136,0.0001451271946513,1,glioma,0.9997326962586136,919d6f0fb3ca462983d6df6ec06846e41abd9645
densenet121,B,2953,MR051796,image_level_seed11,5,1,glioma,0.0004010640650674,0.9992071524209408,0.0003917835139914,1,glioma,0.9992071524209408,919d6f0fb3ca462983d6df6ec06846e41abd9645
densenet121,B,2954,MR051796,image_level_seed11,4,1,glioma,0.0003904104100865,0.999251270173606,0.0003583194163075,1,glioma,0.999251270173606,919d6f0fb3ca462983d6df6ec06846e41abd9645
densenet121,B,2955,MR051651B,image_level_seed11,4,1,glioma,0.3442299777909962,0.6531912758739977,0.002578746335006,1,glioma,0.6531912758739977,919d6f0fb3ca462983d6df6ec06846e41abd9645
densenet121,B,2956,MR051651B,image_level_seed11,3,1,glioma,0.0062611733693856,0.9935662092544713,0.000172617376143,1,glioma,0.9935662092544713,919d6f0fb3ca462983d6df6ec06846e41abd9645
densenet121,B,2957,MR051651B,image_level_seed11,3,1,glioma,0.0008125331078874,0.9991455609218084,4.190597030408907e-05,1,glioma,0.9991455609218084,919d6f0fb3ca462983d6df6ec06846e41abd9645
densenet121,B,2958,MR051651B,image_level_seed11,2,1,glioma,0.0005521876603009,0.9994300561484866,1.7756191212373925e-05,1,glioma,0.9994300561484866,919d6f0fb3ca462983d6df6ec06846e41abd9645
densenet121,B,2959,MR051651B,image_level_seed11,1,1,glioma,0.0003104916258325,0.9996732705142922,1.6237859875068535e-05,1,glioma,0.9996732705142922,919d6f0fb3ca462983d6df6ec06846e41abd9645
densenet121,B,2960,MR051651B,image_level_seed11,2,1,glioma,0.0005436519333095,0.9994369739496044,1.93741170862416e-05,1,glioma,0.9994369739496044,919d6f0fb3ca462983d6df6ec06846e41abd9645
densenet121,B,2961,MR051644B,image_level_seed11,5,1,glioma,0.0001982877564222,0.9992043766259444,0.0005973356176333,1,glioma,0.9992043766259444,919d6f0fb3ca462983d6df6ec06846e41abd9645
densenet121,B,2962,MR051644B,image_level_seed11,2,1,glioma,0.0001290307269648,0.9987132129991924,0.0011577562738427,1,glioma,0.9987132129991924,919d6f0fb3ca462983d6df6ec06846e41abd9645
densenet121,B,2963,MR051644B,image_level_seed11,2,1,glioma,0.0001252548312999,0.9967871037621716,0.0030876414065283,1,glioma,0.9967871037621716,919d6f0fb3ca462983d6df6ec06846e41abd9645
densenet121,B,2964,MR051644B,image_level_seed11,5,1,glioma,0.000648127807044,0.9965682926040222,0.0027835795889337,1,glioma,0.9965682926040222,919d6f0fb3ca462983d6df6ec06846e41abd9645
densenet121,B,2965,MR051644B,image_level_seed11,4,1,glioma,0.0024377821161208,0.9674645497788076,0.0300976681050714,1,glioma,0.9674645497788076,919d6f0fb3ca462983d6df6ec06846e41abd9645
densenet121,B,2966,MR051644B,image_level_seed11,2,1,glioma,0.0002326293547216,0.9983769212390372,0.001390449406241,1,glioma,0.9983769212390372,919d6f0fb3ca462983d6df6ec06846e41abd9645
densenet121,B,2967,MR051644B,image_level_seed11,2,1,glioma,0.0001690627619796,0.9989100356658202,0.0009209015722,1,glioma,0.9989100356658202,919d6f0fb3ca462983d6df6ec06846e41abd9645
densenet121,B,2968,MR051644B,image_level_seed11,1,1,glioma,4.585781123789488e-05,0.9997649002123152,0.0001892419764468,1,glioma,0.9997649002123152,919d6f0fb3ca462983d6df6ec06846e41abd9645
densenet121,B,2969,MR051644B,image_level_seed11,5,1,glioma,0.000133918029609,0.9996565805526696,0.0002095014177215,1,glioma,0.9996565805526696,919d6f0fb3ca462983d6df6ec06846e41abd9645
densenet121,B,2970,MR051796B,image_level_seed11,4,1,glioma,0.0009112059311091,0.9979622531341532,0.0011265409347377,1,glioma,0.9979622531341532,919d6f0fb3ca462983d6df6ec06846e41abd9645
densenet121,B,2971,MR051796B,image_level_seed11,5,1,glioma,0.000702596357791,0.9987806364974356,0.0005167671447732,1,glioma,0.9987806364974356,919d6f0fb3ca462983d6df6ec06846e41abd9645
densenet121,B,2972,MR051796B,image_level_seed11,2,1,glioma,0.0004125478673092,0.998945291775324,0.0006421603573666,1,glioma,0.998945291775324,919d6f0fb3ca462983d6df6ec06846e41abd9645
densenet121,B,2973,MR051796B,image_level_seed11,2,1,glioma,0.0008851398055357,0.997626916679018,0.0014879435154461,1,glioma,0.997626916679018,919d6f0fb3ca462983d6df6ec06846e41abd9645
densenet121,B,2974,MR051796B,image_level_seed11,5,1,glioma,0.0011791745331883,0.997323080115585,0.0014977453512266,1,glioma,0.997323080115585,919d6f0fb3ca462983d6df6ec06846e41abd9645
densenet121,B,2975,MR052550,image_level_seed11,2,1,glioma,0.0002236206135157,0.9997026443605634,7.373502592082019e-05,1,glioma,0.9997026443605634,919d6f0fb3ca462983d6df6ec06846e41abd9645
densenet121,B,2976,MR052550,image_level_seed11,5,1,glioma,0.0002942243855533,0.9996820232632042,2.3752351242400944e-05,1,glioma,0.9996820232632042,919d6f0fb3ca462983d6df6ec06846e41abd9645
densenet121,B,2977,MR052550,image_level_seed11,1,1,glioma,4.1685143032636704e-05,0.9999406329493477,1.768190761966087e-05,1,glioma,0.9999406329493477,919d6f0fb3ca462983d6df6ec06846e41abd9645
densenet121,B,2978,MR052550,image_level_seed11,2,1,glioma,9.522730579623744e-05,0.9998606682848956,4.410440930824535e-05,1,glioma,0.9998606682848956,919d6f0fb3ca462983d6df6ec06846e41abd9645
densenet121,B,2979,MR052550,image_level_seed11,2,1,glioma,0.0001275530575445,0.9997741739054128,9.827303704282052e-05,1,glioma,0.9997741739054128,919d6f0fb3ca462983d6df6ec06846e41abd9645
densenet121,B,2980,MR052550,image_level_seed11,2,1,glioma,0.0001371776406979,0.9998051100002354,5.7712359066638075e-05,1,glioma,0.9998051100002354,919d6f0fb3ca462983d6df6ec06846e41abd9645
densenet121,B,2981,MR052550,image_level_seed11,1,1,glioma,0.0001344583308363,0.9997712638019248,9.427786723881004e-05,1,glioma,0.9997712638019248,919d6f0fb3ca462983d6df6ec06846e41abd9645
densenet121,B,2982,MR052550,image_level_seed11,2,1,glioma,0.0002181822829117,0.999734348524881,4.7469192207312575e-05,1,glioma,0.999734348524881,919d6f0fb3ca462983d6df6ec06846e41abd9645
densenet121,B,2983,MR051644C,image_level_seed11,4,1,glioma,0.0011476041985142,0.9972548906348072,0.0015975051666785,1,glioma,0.9972548906348072,919d6f0fb3ca462983d6df6ec06846e41abd9645
densenet121,B,2984,MR051644C,image_level_seed11,5,1,glioma,0.0002153295967308,0.999520976132024,0.0002636942712451,1,glioma,0.999520976132024,919d6f0fb3ca462983d6df6ec06846e41abd9645
densenet121,B,2985,MR051644C,image_level_seed11,3,1,glioma,0.0002907793655376,0.9987814644577028,0.0009277561767593,1,glioma,0.9987814644577028,919d6f0fb3ca462983d6df6ec06846e41abd9645
densenet121,B,2986,MR051644C,image_level_seed11,5,1,glioma,0.000311510039944,0.999290765350861,0.0003977246091949,1,glioma,0.999290765350861,919d6f0fb3ca462983d6df6ec06846e41abd9645
densenet121,B,2987,MR051644C,image_level_seed11,4,1,glioma,0.0007521883050171,0.997204024792923,0.0020437869020599,1,glioma,0.997204024792923,919d6f0fb3ca462983d6df6ec06846e41abd9645
densenet121,B,2988,MR051644C,image_level_seed11,1,1,glioma,0.0002178608252163,0.9994978775299372,0.0002842616448466,1,glioma,0.9994978775299372,919d6f0fb3ca462983d6df6ec06846e41abd9645
densenet121,B,2989,MR051644C,image_level_seed11,5,1,glioma,0.0002518841380307,0.9996978469450172,5.026891695234785e-05,1,glioma,0.9996978469450172,919d6f0fb3ca462983d6df6ec06846e41abd9645
densenet121,B,2990,MR051644C,image_level_seed11,4,1,glioma,0.0010530438820861,0.998558514309028,0.0003884418088859,1,glioma,0.998558514309028,919d6f0fb3ca462983d6df6ec06846e41abd9645
densenet121,B,2991,MR051644C,image_level_seed11,5,1,glioma,0.0003158676003917,0.9993320957927158,0.0003520366068925,1,glioma,0.9993320957927158,919d6f0fb3ca462983d6df6ec06846e41abd9645
densenet121,B,2992,MR051644C,image_level_seed11,1,1,glioma,8.433644664121674e-05,0.999885420446666,3.0243106692573675e-05,1,glioma,0.999885420446666,919d6f0fb3ca462983d6df6ec06846e41abd9645
densenet121,B,2993,MR049942B,image_level_seed11,4,1,glioma,0.0004739325102708,0.9979074651659612,0.0016186023237678,1,glioma,0.9979074651659612,919d6f0fb3ca462983d6df6ec06846e41abd9645
densenet121,B,2994,MR049942B,image_level_seed11,2,1,glioma,7.759993808198366e-05,0.9996772629291828,0.0002451371327354,1,glioma,0.9996772629291828,919d6f0fb3ca462983d6df6ec06846e41abd9645
densenet121,B,2995,MR049942B,image_level_seed11,1,1,glioma,6.335247898389462e-05,0.9994390838926676,0.0004975636283483,1,glioma,0.9994390838926676,919d6f0fb3ca462983d6df6ec06846e41abd9645
densenet121,B,2996,MR052585B,image_level_seed11,1,1,glioma,0.0010517177776299,0.9976622693785194,0.0012860128438504,1,glioma,0.9976622693785194,919d6f0fb3ca462983d6df6ec06846e41abd9645
densenet121,B,2997,MR052585B,image_level_seed11,5,1,glioma,0.0006682547224388,0.9967384664538226,0.0025932788237384,1,glioma,0.9967384664538226,919d6f0fb3ca462983d6df6ec06846e41abd9645
densenet121,B,2998,MR052585B,image_level_seed11,5,1,glioma,0.0008434042952105,0.9978406727818624,0.0013159229229269,1,glioma,0.9978406727818624,919d6f0fb3ca462983d6df6ec06846e41abd9645
densenet121,B,2999,MR053110B,image_level_seed11,1,1,glioma,9.302770784681913e-05,0.9998866212717784,2.0351020374762724e-05,1,glioma,0.9998866212717784,919d6f0fb3ca462983d6df6ec06846e41abd9645
densenet121,B,3000,MR053110B,image_level_seed11,3,1,glioma,0.0004069115707252,0.9993623345696712,0.0002307538596034,1,glioma,0.9993623345696712,919d6f0fb3ca462983d6df6ec06846e41abd9645
densenet121,B,3001,MR053110B,image_level_seed11,4,1,glioma,0.0003355532882622,0.9995214599910686,0.0001429867206692,1,glioma,0.9995214599910686,919d6f0fb3ca462983d6df6ec06846e41abd9645
densenet121,B,3002,MR053110B,image_level_seed11,4,1,glioma,0.0005983830779824,0.999196871981383,0.0002047449406346,1,glioma,0.999196871981383,919d6f0fb3ca462983d6df6ec06846e41abd9645
densenet121,B,3003,MR053110B,image_level_seed11,5,1,glioma,0.0013257764394499,0.998151800129574,0.0005224234309758,1,glioma,0.998151800129574,919d6f0fb3ca462983d6df6ec06846e41abd9645
densenet121,B,3004,MR053110B,image_level_seed11,1,1,glioma,0.0003986807640359,0.9994142500789376,0.0001870691570264,1,glioma,0.9994142500789376,919d6f0fb3ca462983d6df6ec06846e41abd9645
densenet121,B,3005,MR034694,image_level_seed11,5,1,glioma,0.000875007532683,0.9882556911354232,0.0108693013318936,1,glioma,0.9882556911354232,919d6f0fb3ca462983d6df6ec06846e41abd9645
densenet121,B,3006,MR034694,image_level_seed11,4,1,glioma,0.002754358384298,0.9751001685332598,0.0221454730824422,1,glioma,0.9751001685332598,919d6f0fb3ca462983d6df6ec06846e41abd9645
densenet121,B,3007,MR034694,image_level_seed11,4,1,glioma,0.0004928503085111,0.9982440431729824,0.0012631065185064,1,glioma,0.9982440431729824,919d6f0fb3ca462983d6df6ec06846e41abd9645
densenet121,B,3008,MR034694,image_level_seed11,4,1,glioma,0.0017278785722346,0.9725384390152768,0.0257336824124886,1,glioma,0.9725384390152768,919d6f0fb3ca462983d6df6ec06846e41abd9645
densenet121,B,3009,MR054875,image_level_seed11,4,1,glioma,0.0039500824570613,0.7387251596126603,0.2573247579302783,1,glioma,0.7387251596126603,919d6f0fb3ca462983d6df6ec06846e41abd9645
densenet121,B,3010,MR054875,image_level_seed11,4,1,glioma,0.0020515130154801,0.7896232633065692,0.2083252236779507,1,glioma,0.7896232633065692,919d6f0fb3ca462983d6df6ec06846e41abd9645
densenet121,B,3011,MR054875,image_level_seed11,1,1,glioma,0.0002040372933287,0.9990928617955062,0.0007031009111649,1,glioma,0.9990928617955062,919d6f0fb3ca462983d6df6ec06846e41abd9645
densenet121,B,3012,MR054875,image_level_seed11,2,1,glioma,0.0008941704332041,0.9971034242152896,0.0020024053515061,1,glioma,0.9971034242152896,919d6f0fb3ca462983d6df6ec06846e41abd9645
densenet121,B,3013,MR054875,image_level_seed11,4,1,glioma,0.0028714947618803,0.9881254571935644,0.0090030480445553,1,glioma,0.9881254571935644,919d6f0fb3ca462983d6df6ec06846e41abd9645
densenet121,B,3014,MR050687C,image_level_seed11,5,1,glioma,0.0012661618704072,0.998526810249971,0.0002070278796216,1,glioma,0.998526810249971,919d6f0fb3ca462983d6df6ec06846e41abd9645
densenet121,B,3015,MR050687C,image_level_seed11,5,1,glioma,0.0009193504455512,0.9988393859796908,0.0002412635747577,1,glioma,0.9988393859796908,919d6f0fb3ca462983d6df6ec06846e41abd9645
densenet121,B,3016,MR050687C,image_level_seed11,5,1,glioma,0.0017993472265295,0.9960465142775008,0.0021541384959694,1,glioma,0.9960465142775008,919d6f0fb3ca462983d6df6ec06846e41abd9645
densenet121,B,3017,MR050687C,image_level_seed11,2,1,glioma,0.0011308474584229,0.9982928804129136,0.0005762721286634,1,glioma,0.9982928804129136,919d6f0fb3ca462983d6df6ec06846e41abd9645
densenet121,B,3018,MR050687C,image_level_seed11,1,1,glioma,0.0026319866819963,0.9961655566704268,0.0012024566475766,1,glioma,0.9961655566704268,919d6f0fb3ca462983d6df6ec06846e41abd9645
densenet121,B,3019,MR050687C,image_level_seed11,3,1,glioma,0.0006573696598432,0.9988607911322352,0.0004818392079215,1,glioma,0.9988607911322352,919d6f0fb3ca462983d6df6ec06846e41abd9645
densenet121,B,3020,MR056144,image_level_seed11,5,1,glioma,0.0017326955804782,0.9855923640359684,0.0126749403835534,1,glioma,0.9855923640359684,919d6f0fb3ca462983d6df6ec06846e41abd9645
densenet121,B,3021,MR056144,image_level_seed11,2,1,glioma,0.0019819472038625,0.9973470736245226,0.0006709791716148,1,glioma,0.9973470736245226,919d6f0fb3ca462983d6df6ec06846e41abd9645
densenet121,B,3022,MR034997,image_level_seed11,1,1,glioma,0.0002532554019276,0.9996811561962003,6.558840187164285e-05,1,glioma,0.9996811561962003,919d6f0fb3ca462983d6df6ec06846e41abd9645
densenet121,B,3023,MR034997,image_level_seed11,5,1,glioma,0.0009837342220631,0.9986185656669804,0.0003977001109562,1,glioma,0.9986185656669804,919d6f0fb3ca462983d6df6ec06846e41abd9645
densenet121,B,3024,MR034997,image_level_seed11,5,1,glioma,0.0012358878052124,0.9981411815138213,0.000622930680966,1,glioma,0.9981411815138213,919d6f0fb3ca462983d6df6ec06846e41abd9645
densenet121,B,3025,MR034997,image_level_seed11,3,1,glioma,0.000921749886709,0.9984031061461528,0.0006751439671382,1,glioma,0.9984031061461528,919d6f0fb3ca462983d6df6ec06846e41abd9645
densenet121,B,3026,MR034997,image_level_seed11,3,1,glioma,0.0010958760747546,0.9980795201759504,0.0008246037492949,1,glioma,0.9980795201759504,919d6f0fb3ca462983d6df6ec06846e41abd9645
densenet121,B,3027,MR034997,image_level_seed11,4,1,glioma,0.0001777306428766,0.9996241969706984,0.0001980723864247,1,glioma,0.9996241969706984,919d6f0fb3ca462983d6df6ec06846e41abd9645
densenet121,B,3028,MR034997,image_level_seed11,5,1,glioma,0.0003209168079039,0.999215966133638,0.000463117058458,1,glioma,0.999215966133638,919d6f0fb3ca462983d6df6ec06846e41abd9645
densenet121,B,3029,MR029209E,image_level_seed11,5,1,glioma,0.0014128406824038,0.9984924735077196,9.4685809876502e-05,1,glioma,0.9984924735077196,919d6f0fb3ca462983d6df6ec06846e41abd9645
densenet121,B,3030,53669,image_level_seed11,2,0,meningioma,0.999869072196488,5.638240742090948e-05,7.454539609117708e-05,0,meningioma,0.999869072196488,919d6f0fb3ca462983d6df6ec06846e41abd9645
densenet121,B,3031,MR033389B,image_level_seed11,3,1,glioma,0.0003703431430699,0.9993369793703132,0.0002926774866169,1,glioma,0.9993369793703132,919d6f0fb3ca462983d6df6ec06846e41abd9645
densenet121,B,3032,MR033389B,image_level_seed11,4,1,glioma,0.0012011436727211,0.995514697184897,0.0032841591423817,1,glioma,0.995514697184897,919d6f0fb3ca462983d6df6ec06846e41abd9645
densenet121,B,3033,MR033389B,image_level_seed11,1,1,glioma,0.001110452753914,0.9984796845994228,0.0004098626466629,1,glioma,0.9984796845994228,919d6f0fb3ca462983d6df6ec06846e41abd9645
densenet121,B,3034,MR033389B,image_level_seed11,1,1,glioma,0.0001978994905926,0.999578969375973,0.0002231311334342,1,glioma,0.999578969375973,919d6f0fb3ca462983d6df6ec06846e41abd9645
densenet121,B,3035,MR033389B,image_level_seed11,3,1,glioma,0.0008131480575868,0.987798840768345,0.011388011174068,1,glioma,0.987798840768345,919d6f0fb3ca462983d6df6ec06846e41abd9645
densenet121,B,3036,MR033389B,image_level_seed11,4,1,glioma,0.0004221099193767,0.9966268651605384,0.002951024920085,1,glioma,0.9966268651605384,919d6f0fb3ca462983d6df6ec06846e41abd9645
densenet121,B,3037,MR033389B,image_level_seed11,4,1,glioma,0.0002944392309225,0.9953947811718468,0.0043107795972307,1,glioma,0.9953947811718468,919d6f0fb3ca462983d6df6ec06846e41abd9645
densenet121,B,3038,MR033389B,image_level_seed11,2,1,glioma,0.0004941016088012,0.9991091775857812,0.0003967208054173,1,glioma,0.9991091775857812,919d6f0fb3ca462983d6df6ec06846e41abd9645
densenet121,B,3039,MR024780E,image_level_seed11,5,1,glioma,0.0004324114981751,0.9994293584181312,0.0001382300836934,1,glioma,0.9994293584181312,919d6f0fb3ca462983d6df6ec06846e41abd9645
densenet121,B,3040,MR024780E,image_level_seed11,4,1,glioma,0.0002099656708864,0.9995877643842564,0.0002022699448571,1,glioma,0.9995877643842564,919d6f0fb3ca462983d6df6ec06846e41abd9645
densenet121,B,3041,MR024780E,image_level_seed11,4,1,glioma,0.000231438380337,0.9996940070954488,7.455452421432907e-05,1,glioma,0.9996940070954488,919d6f0fb3ca462983d6df6ec06846e41abd9645
densenet121,B,3042,MR040240C,image_level_seed11,3,1,glioma,0.0010530774341801,0.9976382165454823,0.0013087060203372,1,glioma,0.9976382165454823,919d6f0fb3ca462983d6df6ec06846e41abd9645
densenet121,B,3043,MR040240C,image_level_seed11,5,1,glioma,0.0004077836285749,0.9994379281868896,0.0001542881845355,1,glioma,0.9994379281868896,919d6f0fb3ca462983d6df6ec06846e41abd9645
densenet121,B,3044,MR040240C,image_level_seed11,5,1,glioma,0.0003558278215285,0.9995750409969816,6.913118148968207e-05,1,glioma,0.9995750409969816,919d6f0fb3ca462983d6df6ec06846e41abd9645
densenet121,B,3045,MR040240C,image_level_seed11,5,1,glioma,0.0011791444436698,0.9987657779028006,5.507765352946676e-05,1,glioma,0.9987657779028006,919d6f0fb3ca462983d6df6ec06846e41abd9645
densenet121,B,3046,MR040240C,image_level_seed11,3,1,glioma,0.004648900750734,0.9931556652709588,0.0021954339783072,1,glioma,0.9931556652709588,919d6f0fb3ca462983d6df6ec06846e41abd9645
densenet121,B,3047,MR040240D,image_level_seed11,1,1,glioma,9.611288752419424e-05,0.9997782750740402,0.0001256120384358,1,glioma,0.9997782750740402,919d6f0fb3ca462983d6df6ec06846e41abd9645
densenet121,B,3048,MR040240D,image_level_seed11,3,1,glioma,0.0013871364834769,0.9970384421495748,0.0015744213669483,1,glioma,0.9970384421495748,919d6f0fb3ca462983d6df6ec06846e41abd9645
densenet121,B,3049,MR017260F,image_level_seed11,2,1,glioma,0.0011544282860656,0.9986740559334476,0.0001715157804866,1,glioma,0.9986740559334476,919d6f0fb3ca462983d6df6ec06846e41abd9645
densenet121,B,3050,MR017260F,image_level_seed11,4,1,glioma,0.0061244380205434,0.99295333492479,0.0009222270546664,1,glioma,0.99295333492479,919d6f0fb3ca462983d6df6ec06846e41abd9645
densenet121,B,3051,MR017260F,image_level_seed11,3,1,glioma,0.0007891476926898,0.9989816905321512,0.000229161775159,1,glioma,0.9989816905321512,919d6f0fb3ca462983d6df6ec06846e41abd9645
densenet121,B,3052,MR017260F,image_level_seed11,4,1,glioma,0.0009643875625902,0.998955301829244,8.031060816564223e-05,1,glioma,0.998955301829244,919d6f0fb3ca462983d6df6ec06846e41abd9645
densenet121,B,3053,MR017260F,image_level_seed11,1,1,glioma,0.0002288068495012,0.9997452946791032,2.5898471395610763e-05,1,glioma,0.9997452946791032,919d6f0fb3ca462983d6df6ec06846e41abd9645
densenet121,B,3054,MR017260F,image_level_seed11,3,1,glioma,0.0003911723073956,0.9994057403205384,0.0002030873720658,1,glioma,0.9994057403205384,919d6f0fb3ca462983d6df6ec06846e41abd9645
densenet121,B,3055,MR017260F,image_level_seed11,1,1,glioma,0.0001598881683748,0.9997902171555488,4.989467607620288e-05,1,glioma,0.9997902171555488,919d6f0fb3ca462983d6df6ec06846e41abd9645
densenet121,B,3056,MR029209I,image_level_seed11,2,1,glioma,0.000685692769685,0.9991380332768685,0.0001762739534465,1,glioma,0.9991380332768685,919d6f0fb3ca462983d6df6ec06846e41abd9645
densenet121,B,3057,MR029209I,image_level_seed11,1,1,glioma,7.878259680976824e-05,0.9998219242245748,9.929317861566902e-05,1,glioma,0.9998219242245748,919d6f0fb3ca462983d6df6ec06846e41abd9645
densenet121,B,3058,MR029209I,image_level_seed11,1,1,glioma,8.40529170069021e-05,0.999722723665064,0.000193223417929,1,glioma,0.999722723665064,919d6f0fb3ca462983d6df6ec06846e41abd9645
densenet121,B,3059,MR029209I,image_level_seed11,1,1,glioma,0.00010709975823,0.9997520963318752,0.0001408039098945,1,glioma,0.9997520963318752,919d6f0fb3ca462983d6df6ec06846e41abd9645
densenet121,B,3060,MR029209I,image_level_seed11,3,1,glioma,0.0003586134676856,0.9992185373884626,0.0004228491438518,1,glioma,0.9992185373884626,919d6f0fb3ca462983d6df6ec06846e41abd9645
densenet121,B,3061,MR029209I,image_level_seed11,4,1,glioma,0.0003939040136358,0.9994635560403132,0.0001425399460508,1,glioma,0.9994635560403132,919d6f0fb3ca462983d6df6ec06846e41abd9645
densenet121,B,3062,MR029209I,image_level_seed11,5,1,glioma,0.000488896329236,0.9992841073568892,0.0002269963138747,1,glioma,0.9992841073568892,919d6f0fb3ca462983d6df6ec06846e41abd9645
densenet121,B,3063,95969,image_level_seed11,1,0,meningioma,0.0257950571882007,0.9738118092194642,0.0003931335923351,1,glioma,0.9738118092194642,919d6f0fb3ca462983d6df6ec06846e41abd9645
densenet121,B,3064,88510,image_level_seed11,1,0,meningioma,0.9975799114593206,0.0020088599926326,0.0004112285480467,0,meningioma,0.9975799114593206,919d6f0fb3ca462983d6df6ec06846e41abd9645
