model,arm,image_id,patient_id,protocol,test_fold,true_class,true_class_name,prob_0,prob_1,prob_2,pred_class,pred_class_name,confidence,experiment_input_commit
densenet121,B,1,100360,image_level_seed11,3,0,meningioma,0.9966507079933583,0.003089999669588472,0.00025929233705322485,0,meningioma,0.9966507079933583,919d6f0fb3ca462983d6df6ec06846e41abd9645
densenet121,B,8,100572,image_level_seed11,3,0,meningioma,0.9674012376891725,0.0005755947528127935,0.032023167558014834,0,meningioma,0.9674012376891725,919d6f0fb3ca462983d6df6ec06846e41abd9645
densenet121,B,10,101016,image_level_seed11,3,0,meningioma,0.9995251334735,0.0003117379527757451,0.00016312857372405022,0,meningioma,0.9995251334735,919d6f0fb3ca462983d6df6ec06846e41abd9645
densenet121,B,30,102714,image_level_seed11,3,0,meningioma,0.9997864265295767,2.5600593496705325e-05,0.00018797287692649738,0,meningioma,0.9997864265295767,919d6f0fb3ca462983d6df6ec06846e41abd9645
densenet121,B,31,102714,image_level_seed11,3,0,meningioma,0.997416302125423,0.00015340388671452576,0.0024302939878626893,0,meningioma,0.997416302125423,919d6f0fb3ca462983d6df6ec06846e41abd9645
densenet121,B,35,102985,image_level_seed11,3,0,meningioma,0.9982446428014083,0.0016625057705662528,9.285142802537163e-05,0,meningioma,0.9982446428014083,919d6f0fb3ca462983d6df6ec06846e41abd9645
densenet121,B,49,104281,image_level_seed11,3,0,meningioma,0.999081262411089,0.0007588748543150997,0.00015986273459601028,0,meningioma,0.999081262411089,919d6f0fb3ca462983d6df6ec06846e41abd9645
densenet121,B,54,104281,image_level_seed11,3,0,meningioma,0.9991174997961763,0.0006820845731185454,0.00020041563070515904,0,meningioma,0.9991174997961763,919d6f0fb3ca462983d6df6ec06846e41abd9645
densenet121,B,56,105374,image_level_seed11,3,0,meningioma,0.9990220717797317,0.0005361715774311421,0.00044175664283725973,0,meningioma,0.9990220717797317,919d6f0fb3ca462983d6df6ec06846e41abd9645
densenet121,B,59,58392,image_level_seed11,3,2,pituitary,4.878651392507355e-05,4.458958268715504e-05,0.9999066239033878,2,pituitary,0.9999066239033878,919d6f0fb3ca462983d6df6ec06846e41abd9645
densenet121,B,61,105937,image_level_seed11,3,0,meningioma,0.9981899702752355,0.0006919307044451857,0.0011180990203193174,0,meningioma,0.9981899702752355,919d6f0fb3ca462983d6df6ec06846e41abd9645
densenet121,B,64,106284,image_level_seed11,3,0,meningioma,0.9236542740389626,0.0021711035452016453,0.07417462241583572,0,meningioma,0.9236542740389626,919d6f0fb3ca462983d6df6ec06846e41abd9645
densenet121,B,65,106284,image_level_seed11,3,0,meningioma,0.7939864257617772,0.0031655833507320723,0.20284799088749064,0,meningioma,0.7939864257617772,919d6f0fb3ca462983d6df6ec06846e41abd9645
densenet121,B,70,106442,image_level_seed11,3,0,meningioma,0.8888153947601297,0.10731740350472863,0.003867201735141682,0,meningioma,0.8888153947601297,919d6f0fb3ca462983d6df6ec06846e41abd9645
densenet121,B,75,106665,image_level_seed11,3,0,meningioma,0.9986038852365132,0.0006327465794272395,0.0007633681840595761,0,meningioma,0.9986038852365132,919d6f0fb3ca462983d6df6ec06846e41abd9645
densenet121,B,77,106665,image_level_seed11,3,0,meningioma,0.9987770649115921,0.0010728312675212953,0.0001501038208867384,0,meningioma,0.9987770649115921,919d6f0fb3ca462983d6df6ec06846e41abd9645
densenet121,B,85,106720,image_level_seed11,3,0,meningioma,0.9994508522474154,0.00032256357747444635,0.00022658417511003555,0,meningioma,0.9994508522474154,919d6f0fb3ca462983d6df6ec06846e41abd9645
densenet121,B,88,106914,image_level_seed11,3,0,meningioma,0.9987826625363462,0.0006453806748255402,0.0005719567888282581,0,meningioma,0.9987826625363462,919d6f0fb3ca462983d6df6ec06846e41abd9645
densenet121,B,98,107248,image_level_seed11,3,0,meningioma,0.5226828896764628,0.00260589356010702,0.47471121676343003,0,meningioma,0.5226828896764628,919d6f0fb3ca462983d6df6ec06846e41abd9645
densenet121,B,99,107494,image_level_seed11,3,0,meningioma,0.7322189487302461,0.011696288178471603,0.2560847630912823,0,meningioma,0.7322189487302461,919d6f0fb3ca462983d6df6ec06846e41abd9645
densenet121,B,105,108514,image_level_seed11,3,0,meningioma,0.9971983968202862,0.0027417427472954804,5.986043241835325e-05,0,meningioma,0.9971983968202862,919d6f0fb3ca462983d6df6ec06846e41abd9645
densenet121,B,106,108514,image_level_seed11,3,0,meningioma,0.9959514712135884,0.003632595762840112,0.0004159330235713821,0,meningioma,0.9959514712135884,919d6f0fb3ca462983d6df6ec06846e41abd9645
densenet121,B,109,108514,image_level_seed11,3,0,meningioma,0.9969989520628546,0.000938777722603159,0.0020622702145423944,0,meningioma,0.9969989520628546,919d6f0fb3ca462983d6df6ec06846e41abd9645
densenet121,B,115,108945,image_level_seed11,3,0,meningioma,0.9990418545054082,0.0004982379693482966,0.00045990752524351916,0,meningioma,0.9990418545054082,919d6f0fb3ca462983d6df6ec06846e41abd9645
densenet121,B,137,112002,image_level_seed11,3,0,meningioma,0.9425206541700099,0.03306258764704605,0.024416758182944098,0,meningioma,0.9425206541700099,919d6f0fb3ca462983d6df6ec06846e41abd9645
densenet121,B,142,112252,image_level_seed11,3,0,meningioma,0.9970400731426559,0.002564933122483072,0.0003949937348611245,0,meningioma,0.9970400731426559,919d6f0fb3ca462983d6df6ec06846e41abd9645
densenet121,B,144,112552,image_level_seed11,3,0,meningioma,0.9932741242907126,0.004400722933690892,0.002325152775596578,0,meningioma,0.9932741242907126,919d6f0fb3ca462983d6df6ec06846e41abd9645
densenet121,B,146,112552,image_level_seed11,3,0,meningioma,0.999083664702997,0.000353349663810313,0.0005629856331925298,0,meningioma,0.999083664702997,919d6f0fb3ca462983d6df6ec06846e41abd9645
densenet121,B,149,112552,image_level_seed11,3,0,meningioma,0.9975050149816281,0.0007001166578590538,0.0017948683605128444,0,meningioma,0.9975050149816281,919d6f0fb3ca462983d6df6ec06846e41abd9645
densenet121,B,150,112552,image_level_seed11,3,0,meningioma,0.9552605680116752,0.03948204439480505,0.005257387593519804,0,meningioma,0.9552605680116752,919d6f0fb3ca462983d6df6ec06846e41abd9645
densenet121,B,155,113435,image_level_seed11,3,0,meningioma,0.9953536491530104,0.0022995426607777337,0.0023468081862119024,0,meningioma,0.9953536491530104,919d6f0fb3ca462983d6df6ec06846e41abd9645
densenet121,B,182,97737,image_level_seed11,3,0,meningioma,0.9987414533945486,0.0007405635266173175,0.0005179830788342938,0,meningioma,0.9987414533945486,919d6f0fb3ca462983d6df6ec06846e41abd9645
densenet121,B,188,97943,image_level_seed11,3,0,meningioma,0.9948794952594889,0.005074282963606609,4.622177690444337e-05,0,meningioma,0.9948794952594889,919d6f0fb3ca462983d6df6ec06846e41abd9645
densenet121,B,191,97943,image_level_seed11,3,0,meningioma,0.9981354242855094,0.0018098645193869367,5.4711195103846096e-05,0,meningioma,0.9981354242855094,919d6f0fb3ca462983d6df6ec06846e41abd9645
densenet121,B,192,98241,image_level_seed11,3,0,meningioma,0.999596901208386,0.0003431365114827037,5.996228013121978e-05,0,meningioma,0.999596901208386,919d6f0fb3ca462983d6df6ec06846e41abd9645
densenet121,B,193,98241,image_level_seed11,3,0,meningioma,0.9949897247154517,0.0028968759096441197,0.00211339937490416,0,meningioma,0.9949897247154517,919d6f0fb3ca462983d6df6ec06846e41abd9645
densenet121,B,194,98241,image_level_seed11,3,0,meningioma,0.9993929127561438,0.00015378750942534157,0.000453299734430811,0,meningioma,0.9993929127561438,919d6f0fb3ca462983d6df6ec06846e41abd9645
densenet121,B,201,99089,image_level_seed11,3,0,meningioma,0.9980529585039807,0.0001883451050805554,0.0017586963909386214,0,meningioma,0.9980529585039807,919d6f0fb3ca462983d6df6ec06846e41abd9645
densenet121,B,208,99308,image_level_seed11,3,0,meningioma,0.998432691396653,0.0011037537782659626,0.00046355482508108855,0,meningioma,0.998432691396653,919d6f0fb3ca462983d6df6ec06846e41abd9645
densenet121,B,220,100572,image_level_seed11,3,0,meningioma,0.994168698173985,0.00022188877122516164,0.0056094130547897246,0,meningioma,0.994168698173985,919d6f0fb3ca462983d6df6ec06846e41abd9645
densenet121,B,225,101016,image_level_seed11,3,0,meningioma,0.9994416522398865,0.0004713724323046409,8.69753278087401e-05,0,meningioma,0.9994416522398865,919d6f0fb3ca462983d6df6ec06846e41abd9645
densenet121,B,230,101127,image_level_seed11,3,0,meningioma,0.003937944162899424,0.0008946266293556484,0.9951674292077449,2,pituitary,0.9951674292077449,919d6f0fb3ca462983d6df6ec06846e41abd9645
densenet121,B,246,102929,image_level_seed11,3,0,meningioma,0.9852157639761453,0.0004548370610367737,0.01432939896281788,0,meningioma,0.9852157639761453,919d6f0fb3ca462983d6df6ec06846e41abd9645
densenet121,B,251,102929,image_level_seed11,3,0,meningioma,0.9904846188951837,0.0005201997043672047,0.008995181400449132,0,meningioma,0.9904846188951837,919d6f0fb3ca462983d6df6ec06846e41abd9645
densenet121,B,253,102985,image_level_seed11,3,0,meningioma,0.9979332436647835,0.001952855565279193,0.00011390076993726304,0,meningioma,0.9979332436647835,919d6f0fb3ca462983d6df6ec06846e41abd9645
densenet121,B,257,103673,image_level_seed11,3,0,meningioma,0.9968406444697755,0.0008422893008827566,0.002317066229341691,0,meningioma,0.9968406444697755,919d6f0fb3ca462983d6df6ec06846e41abd9645
densenet121,B,258,103673,image_level_seed11,3,0,meningioma,0.9945419581576758,0.0008445585537072653,0.004613483288616938,0,meningioma,0.9945419581576758,919d6f0fb3ca462983d6df6ec06846e41abd9645
densenet121,B,269,104167,image_level_seed11,3,0,meningioma,0.9995353389497155,6.16183205137637e-05,0.00040304272977065384,0,meningioma,0.9995353389497155,919d6f0fb3ca462983d6df6ec06846e41abd9645
densenet121,B,273,104167,image_level_seed11,3,0,meningioma,0.9995411952940206,2.8504337359816207e-05,0.00043030036861951804,0,meningioma,0.9995411952940206,919d6f0fb3ca462983d6df6ec06846e41abd9645
densenet121,B,277,104281,image_level_seed11,3,0,meningioma,0.9994478338220223,0.0004305105496512829,0.00012165562832649022,0,meningioma,0.9994478338220223,919d6f0fb3ca462983d6df6ec06846e41abd9645
densenet121,B,279,104281,image_level_seed11,3,0,meningioma,0.9998479615020408,0.00010426920889306528,4.776928906616835e-05,0,meningioma,0.9998479615020408,919d6f0fb3ca462983d6df6ec06846e41abd9645
densenet121,B,281,105374,image_level_seed11,3,0,meningioma,0.9987333178372926,0.0011072319003461858,0.0001594502623614315,0,meningioma,0.9987333178372926,919d6f0fb3ca462983d6df6ec06846e41abd9645
densenet121,B,282,105374,image_level_seed11,3,0,meningioma,0.9991510280310817,0.0004924209140796179,0.0003565510548388266,0,meningioma,0.9991510280310817,919d6f0fb3ca462983d6df6ec06846e41abd9645
densenet121,B,286,105937,image_level_seed11,3,0,meningioma,0.9998769284197686,2.3364186044324808e-05,9.970739418709983e-05,0,meningioma,0.9998769284197686,919d6f0fb3ca462983d6df6ec06846e41abd9645
densenet121,B,287,105937,image_level_seed11,3,0,meningioma,0.9998026802745977,3.641290860591592e-06,0.00019367843454175235,0,meningioma,0.9998026802745977,919d6f0fb3ca462983d6df6ec06846e41abd9645
densenet121,B,290,106284,image_level_seed11,3,0,meningioma,0.9756693802494288,0.00035497317605624035,0.023975646574514953,0,meningioma,0.9756693802494288,919d6f0fb3ca462983d6df6ec06846e41abd9645
densenet121,B,303,106665,image_level_seed11,3,0,meningioma,0.9835921754768483,0.006868620559458196,0.009539203963693529,0,meningioma,0.9835921754768483,919d6f0fb3ca462983d6df6ec06846e41abd9645
densenet121,B,314,106914,image_level_seed11,3,0,meningioma,0.9931683262775503,0.004034499919692779,0.0027971738027571225,0,meningioma,0.9931683262775503,919d6f0fb3ca462983d6df6ec06846e41abd9645
densenet121,B,324,107494,image_level_seed11,3,0,meningioma,0.9947922744523924,0.004330196601503842,0.0008775289461036745,0,meningioma,0.9947922744523924,919d6f0fb3ca462983d6df6ec06846e41abd9645
densenet121,B,329,108514,image_level_seed11,3,0,meningioma,0.9997536432363104,0.00021262035868363586,3.373640500591127e-05,0,meningioma,0.9997536432363104,919d6f0fb3ca462983d6df6ec06846e41abd9645
densenet121,B,332,108550,image_level_seed11,3,0,meningioma,0.9985721899353972,0.0009970698808025912,0.00043074018380040083,0,meningioma,0.9985721899353972,919d6f0fb3ca462983d6df6ec06846e41abd9645
densenet121,B,339,108945,image_level_seed11,3,0,meningioma,0.29488298596996654,0.7037191252672973,0.0013978887627361073,1,glioma,0.7037191252672973,919d6f0fb3ca462983d6df6ec06846e41abd9645
densenet121,B,342,109968,image_level_seed11,3,0,meningioma,0.9997266850849024,0.00021790389259918532,5.5411022498481954e-05,0,meningioma,0.9997266850849024,919d6f0fb3ca462983d6df6ec06846e41abd9645
densenet121,B,347,110116,image_level_seed11,3,0,meningioma,0.992062333857502,0.00017580011044838507,0.007761866032049565,0,meningioma,0.992062333857502,919d6f0fb3ca462983d6df6ec06846e41abd9645
densenet121,B,351,111077,image_level_seed11,3,0,meningioma,0.9964606353831108,0.0011239893246263039,0.002415375292262844,0,meningioma,0.9964606353831108,919d6f0fb3ca462983d6df6ec06846e41abd9645
densenet121,B,354,111366,image_level_seed11,3,0,meningioma,0.9993333135614347,0.00020755354825251825,0.0004591328903126861,0,meningioma,0.9993333135614347,919d6f0fb3ca462983d6df6ec06846e41abd9645
densenet121,B,357,111532,image_level_seed11,3,0,meningioma,0.9992132459098734,0.0004444542210536365,0.0003422998690729539,0,meningioma,0.9992132459098734,919d6f0fb3ca462983d6df6ec06846e41abd9645
densenet121,B,359,111532,image_level_seed11,3,0,meningioma,0.9985992207639168,0.0013076885578893226,9.309067819371954e-05,0,meningioma,0.9985992207639168,919d6f0fb3ca462983d6df6ec06846e41abd9645
densenet121,B,368,112062,image_level_seed11,3,0,meningioma,0.9988902309878807,0.0008682747512335984,0.00024149426088583076,0,meningioma,0.9988902309878807,919d6f0fb3ca462983d6df6ec06846e41abd9645
densenet121,B,376,112552,image_level_seed11,3,0,meningioma,0.9993870233020808,0.000492995646990155,0.0001199810509291535,0,meningioma,0.9993870233020808,919d6f0fb3ca462983d6df6ec06846e41abd9645
densenet121,B,383,113435,image_level_seed11,3,0,meningioma,0.9980365154291977,0.0004662949904510319,0.0014971895803513732,0,meningioma,0.9980365154291977,919d6f0fb3ca462983d6df6ec06846e41abd9645
densenet121,B,385,113435,image_level_seed11,3,0,meningioma,0.9986223350948845,0.001139673184418818,0.00023799172069663644,0,meningioma,0.9986223350948845,919d6f0fb3ca462983d6df6ec06846e41abd9645
densenet121,B,387,113435,image_level_seed11,3,0,meningioma,0.9469539869186923,0.04911071256288793,0.003935300518419865,0,meningioma,0.9469539869186923,919d6f0fb3ca462983d6df6ec06846e41abd9645
densenet121,B,388,113435,image_level_seed11,3,0,meningioma,0.9950915583892869,0.0023370382946217567,0.002571403316091457,0,meningioma,0.9950915583892869,919d6f0fb3ca462983d6df6ec06846e41abd9645
densenet121,B,389,113435,image_level_seed11,3,0,meningioma,0.9983484173978128,0.0011595631115512242,0.0004920194906358595,0,meningioma,0.9983484173978128,919d6f0fb3ca462983d6df6ec06846e41abd9645
densenet121,B,392,113554,image_level_seed11,3,0,meningioma,0.9992936083430113,0.0006452409946047414,6.115066238395248e-05,0,meningioma,0.9992936083430113,919d6f0fb3ca462983d6df6ec06846e41abd9645
densenet121,B,398,114018,image_level_seed11,3,0,meningioma,0.9982992712050212,0.0011959710529751686,0.0005047577420037472,0,meningioma,0.9982992712050212,919d6f0fb3ca462983d6df6ec06846e41abd9645
densenet121,B,408,97737,image_level_seed11,3,0,meningioma,0.9995442716281769,0.00017799770087342827,0.00027773067094963235,0,meningioma,0.9995442716281769,919d6f0fb3ca462983d6df6ec06846e41abd9645
densenet121,B,409,97737,image_level_seed11,3,0,meningioma,0.9995556429547291,5.941365948898362e-05,0.000384943385781808,0,meningioma,0.9995556429547291,919d6f0fb3ca462983d6df6ec06846e41abd9645
densenet121,B,411,97737,image_level_seed11,3,0,meningioma,0.99454902424812,7.280328787905943e-05,0.005378172464000761,0,meningioma,0.99454902424812,919d6f0fb3ca462983d6df6ec06846e41abd9645
densenet121,B,412,97737,image_level_seed11,3,0,meningioma,0.9994245954415532,6.502592975782095e-05,0.0005103786286889705,0,meningioma,0.9994245954415532,919d6f0fb3ca462983d6df6ec06846e41abd9645
densenet121,B,422,97943,image_level_seed11,3,0,meningioma,0.018330643461358327,0.9813254334507274,0.0003439230879143081,1,glioma,0.9813254334507274,919d6f0fb3ca462983d6df6ec06846e41abd9645
densenet121,B,434,99089,image_level_seed11,3,0,meningioma,0.9911476827992632,0.0009117050926044011,0.00794061210813258,0,meningioma,0.9911476827992632,919d6f0fb3ca462983d6df6ec06846e41abd9645
densenet121,B,448,100572,image_level_seed11,3,0,meningioma,0.5237665863363646,0.0008961601883242,0.47533725347531125,0,meningioma,0.5237665863363646,919d6f0fb3ca462983d6df6ec06846e41abd9645
densenet121,B,461,101127,image_level_seed11,3,0,meningioma,0.9978137262617458,8.991857410329079e-05,0.002096355164150951,0,meningioma,0.9978137262617458,919d6f0fb3ca462983d6df6ec06846e41abd9645
densenet121,B,475,102420,image_level_seed11,3,0,meningioma,0.9967248677475916,0.0006169327629291786,0.0026581994894791503,0,meningioma,0.9967248677475916,919d6f0fb3ca462983d6df6ec06846e41abd9645
densenet121,B,482,102714,image_level_seed11,3,0,meningioma,0.9993025898602843,0.0004927493024503678,0.00020466083726548606,0,meningioma,0.9993025898602843,919d6f0fb3ca462983d6df6ec06846e41abd9645
densenet121,B,489,102935,image_level_seed11,3,0,meningioma,0.9997038704220013,0.00013575877545727436,0.0001603708025415739,0,meningioma,0.9997038704220013,919d6f0fb3ca462983d6df6ec06846e41abd9645
densenet121,B,493,102960,image_level_seed11,3,0,meningioma,0.9855246527547012,0.0023921535377568037,0.012083193707541772,0,meningioma,0.9855246527547012,919d6f0fb3ca462983d6df6ec06846e41abd9645
densenet121,B,497,103673,image_level_seed11,3,0,meningioma,0.9801079155058324,0.002257515894532391,0.017634568599635202,0,meningioma,0.9801079155058324,919d6f0fb3ca462983d6df6ec06846e41abd9645
densenet121,B,501,103925,image_level_seed11,3,0,meningioma,0.8732515591221148,0.0021286843001650214,0.1246197565777201,0,meningioma,0.8732515591221148,919d6f0fb3ca462983d6df6ec06846e41abd9645
densenet121,B,508,104167,image_level_seed11,3,0,meningioma,0.9992407095345364,6.273218291464419e-05,0.0006965582825488573,0,meningioma,0.9992407095345364,919d6f0fb3ca462983d6df6ec06846e41abd9645
densenet121,B,510,104281,image_level_seed11,3,0,meningioma,0.9991295826034869,0.00015550776468148828,0.0007149096318314631,0,meningioma,0.9991295826034869,919d6f0fb3ca462983d6df6ec06846e41abd9645
densenet121,B,512,104281,image_level_seed11,3,0,meningioma,0.9995452993771148,0.00014928235206296045,0.000305418270822249,0,meningioma,0.9995452993771148,919d6f0fb3ca462983d6df6ec06846e41abd9645
densenet121,B,513,104281,image_level_seed11,3,0,meningioma,0.999955832218523,1.5823935659242475e-05,2.8343845817845213e-05,0,meningioma,0.999955832218523,919d6f0fb3ca462983d6df6ec06846e41abd9645
densenet121,B,518,105555,image_level_seed11,3,0,meningioma,0.9941096943405292,0.004230386506771197,0.0016599191526998213,0,meningioma,0.9941096943405292,919d6f0fb3ca462983d6df6ec06846e41abd9645
densenet121,B,522,105937,image_level_seed11,3,0,meningioma,0.9995266371033136,0.00015223102662636443,0.00032113187005993225,0,meningioma,0.9995266371033136,919d6f0fb3ca462983d6df6ec06846e41abd9645
densenet121,B,529,106442,image_level_seed11,3,0,meningioma,0.9995014036033566,0.0002245098421086149,0.0002740865545347733,0,meningioma,0.9995014036033566,919d6f0fb3ca462983d6df6ec06846e41abd9645
densenet121,B,537,106665,image_level_seed11,3,0,meningioma,0.999395045492107,0.0003511442994589325,0.0002538102084340124,0,meningioma,0.999395045492107,919d6f0fb3ca462983d6df6ec06846e41abd9645
densenet121,B,543,106914,image_level_seed11,3,0,meningioma,0.9994264813324679,0.0002601063193052981,0.0003134123482266673,0,meningioma,0.9994264813324679,919d6f0fb3ca462983d6df6ec06846e41abd9645
densenet121,B,544,106914,image_level_seed11,3,0,meningioma,0.9976475264441053,0.0014038348149023401,0.0009486387409923632,0,meningioma,0.9976475264441053,919d6f0fb3ca462983d6df6ec06846e41abd9645
densenet121,B,545,106914,image_level_seed11,3,0,meningioma,0.9998484498249017,0.000125857775902598,2.569239919570761e-05,0,meningioma,0.9998484498249017,919d6f0fb3ca462983d6df6ec06846e41abd9645
densenet121,B,546,106914,image_level_seed11,3,0,meningioma,0.999921147332108,5.025863205856279e-05,2.8594035833576572e-05,0,meningioma,0.999921147332108,919d6f0fb3ca462983d6df6ec06846e41abd9645
densenet121,B,548,106914,image_level_seed11,3,0,meningioma,0.9996307561085285,0.00024873847691738306,0.00012050541455402277,0,meningioma,0.9996307561085285,919d6f0fb3ca462983d6df6ec06846e41abd9645
densenet121,B,551,107248,image_level_seed11,3,0,meningioma,0.9992856242446996,0.00020145917811943955,0.0005129165771809454,0,meningioma,0.9992856242446996,919d6f0fb3ca462983d6df6ec06846e41abd9645
densenet121,B,556,107494,image_level_seed11,3,0,meningioma,0.9988612060044105,0.000665409218914621,0.0004733847766749109,0,meningioma,0.9988612060044105,919d6f0fb3ca462983d6df6ec06846e41abd9645
densenet121,B,565,108514,image_level_seed11,3,0,meningioma,0.995945651795349,0.0008431801036070582,0.003211168101043961,0,meningioma,0.995945651795349,919d6f0fb3ca462983d6df6ec06846e41abd9645
densenet121,B,566,108514,image_level_seed11,3,0,meningioma,0.9946147673084746,0.0023933916998153414,0.0029918409917099754,0,meningioma,0.9946147673084746,919d6f0fb3ca462983d6df6ec06846e41abd9645
densenet121,B,567,108514,image_level_seed11,3,0,meningioma,0.9981716786283888,0.0001742032434137596,0.0016541181281974366,0,meningioma,0.9981716786283888,919d6f0fb3ca462983d6df6ec06846e41abd9645
densenet121,B,572,108590,image_level_seed11,3,0,meningioma,0.9899044835190651,0.008887973904731249,0.0012075425762036486,0,meningioma,0.9899044835190651,919d6f0fb3ca462983d6df6ec06846e41abd9645
densenet121,B,574,108945,image_level_seed11,3,0,meningioma,0.9881948538835604,0.01164670379186649,0.00015844232457299466,0,meningioma,0.9881948538835604,919d6f0fb3ca462983d6df6ec06846e41abd9645
densenet121,B,581,109968,image_level_seed11,3,0,meningioma,0.9999267342428761,3.5382678833450634e-05,3.7883078290483976e-05,0,meningioma,0.9999267342428761,919d6f0fb3ca462983d6df6ec06846e41abd9645
densenet121,B,587,111077,image_level_seed11,3,0,meningioma,0.9983378438725932,0.00035940440967549716,0.0013027517177312347,0,meningioma,0.9983378438725932,919d6f0fb3ca462983d6df6ec06846e41abd9645
densenet121,B,590,111366,image_level_seed11,3,0,meningioma,0.99802800097692,0.0013574034495611985,0.0006145955735187469,0,meningioma,0.99802800097692,919d6f0fb3ca462983d6df6ec06846e41abd9645
densenet121,B,595,111532,image_level_seed11,3,0,meningioma,0.998053424468498,0.0015178574589671478,0.0004287180725348419,0,meningioma,0.998053424468498,919d6f0fb3ca462983d6df6ec06846e41abd9645
densenet121,B,613,112552,image_level_seed11,3,0,meningioma,0.9985734531304082,0.0011223144560952641,0.0003042324134965527,0,meningioma,0.9985734531304082,919d6f0fb3ca462983d6df6ec06846e41abd9645
densenet121,B,616,112648,image_level_seed11,3,0,meningioma,0.9782981370272338,0.002092028032886466,0.019609834939879785,0,meningioma,0.9782981370272338,919d6f0fb3ca462983d6df6ec06846e41abd9645
densenet121,B,618,112648,image_level_seed11,3,0,meningioma,0.9980514967285162,0.0015775633589803825,0.0003709399125034196,0,meningioma,0.9980514967285162,919d6f0fb3ca462983d6df6ec06846e41abd9645
densenet121,B,622,113098,image_level_seed11,3,0,meningioma,0.9928517249745017,0.0014143976346165424,0.0057338773908816466,0,meningioma,0.9928517249745017,919d6f0fb3ca462983d6df6ec06846e41abd9645
densenet121,B,623,113098,image_level_seed11,3,0,meningioma,0.6690012335255638,0.3135920511561946,0.01740671531824152,0,meningioma,0.6690012335255638,919d6f0fb3ca462983d6df6ec06846e41abd9645
densenet121,B,624,113098,image_level_seed11,3,0,meningioma,0.3919939916435539,0.5797343200167709,0.028271688339675274,1,glioma,0.5797343200167709,919d6f0fb3ca462983d6df6ec06846e41abd9645
densenet121,B,627,113435,image_level_seed11,3,0,meningioma,0.9967615120991117,0.0015391747016856151,0.0016993131992029291,0,meningioma,0.9967615120991117,919d6f0fb3ca462983d6df6ec06846e41abd9645
densenet121,B,629,113435,image_level_seed11,3,0,meningioma,0.9784532947518879,0.02058991926658752,0.000956785981524451,0,meningioma,0.9784532947518879,919d6f0fb3ca462983d6df6ec06846e41abd9645
densenet121,B,633,113554,image_level_seed11,3,0,meningioma,0.995250371546488,0.00018796485688366742,0.004561663596628312,0,meningioma,0.995250371546488,919d6f0fb3ca462983d6df6ec06846e41abd9645
densenet121,B,637,113614,image_level_seed11,3,0,meningioma,0.998688580490575,0.0010066400893858482,0.0003047794200393248,0,meningioma,0.998688580490575,919d6f0fb3ca462983d6df6ec06846e41abd9645
densenet121,B,641,113971,image_level_seed11,3,0,meningioma,0.981296265660061,0.0010358579770700167,0.01766787636286902,0,meningioma,0.981296265660061,919d6f0fb3ca462983d6df6ec06846e41abd9645
densenet121,B,648,114359,image_level_seed11,3,0,meningioma,0.9984005307940949,0.0014721122319079091,0.00012735697399735235,0,meningioma,0.9984005307940949,919d6f0fb3ca462983d6df6ec06846e41abd9645
densenet121,B,657,114417,image_level_seed11,3,0,meningioma,0.9971425497794512,0.00044192356541578276,0.0024155266551330753,0,meningioma,0.9971425497794512,919d6f0fb3ca462983d6df6ec06846e41abd9645
densenet121,B,660,97374,image_level_seed11,3,0,meningioma,0.9996854026636645,0.00010077289039319233,0.00021382444594225452,0,meningioma,0.9996854026636645,919d6f0fb3ca462983d6df6ec06846e41abd9645
densenet121,B,662,97374,image_level_seed11,3,0,meningioma,0.9997055586437771,0.0002807214359749114,1.3719920248066989e-05,0,meningioma,0.9997055586437771,919d6f0fb3ca462983d6df6ec06846e41abd9645
densenet121,B,670,97737,image_level_seed11,3,0,meningioma,0.9959865663712265,0.0005864206986995608,0.0034270129300740014,0,meningioma,0.9959865663712265,919d6f0fb3ca462983d6df6ec06846e41abd9645
densenet121,B,671,97737,image_level_seed11,3,0,meningioma,0.9974302669794893,0.0002653996647512263,0.0023043333557593738,0,meningioma,0.9974302669794893,919d6f0fb3ca462983d6df6ec06846e41abd9645
densenet121,B,674,97875,image_level_seed11,3,0,meningioma,0.9919404702917518,0.00395603632469509,0.00410349338355313,0,meningioma,0.9919404702917518,919d6f0fb3ca462983d6df6ec06846e41abd9645
densenet121,B,675,97943,image_level_seed11,3,0,meningioma,0.9993559759351297,0.0005428117031651228,0.00010121236170516454,0,meningioma,0.9993559759351297,919d6f0fb3ca462983d6df6ec06846e41abd9645
densenet121,B,676,97943,image_level_seed11,3,0,meningioma,0.9996235890955332,0.00033023167818415527,4.6179226282686056e-05,0,meningioma,0.9996235890955332,919d6f0fb3ca462983d6df6ec06846e41abd9645
densenet121,B,684,98241,image_level_seed11,3,0,meningioma,0.9922659620243834,0.0013541273624434608,0.006379910613173271,0,meningioma,0.9922659620243834,919d6f0fb3ca462983d6df6ec06846e41abd9645
densenet121,B,686,99017,image_level_seed11,3,0,meningioma,0.9994143588287143,0.00025932395688913704,0.00032631721439647574,0,meningioma,0.9994143588287143,919d6f0fb3ca462983d6df6ec06846e41abd9645
densenet121,B,704,99815,image_level_seed11,3,0,meningioma,0.999686291652002,5.881804134047586e-05,0.00025489030665752416,0,meningioma,0.999686291652002,919d6f0fb3ca462983d6df6ec06846e41abd9645
densenet121,B,705,99815,image_level_seed11,3,0,meningioma,0.9994461958266723,0.0002115825829193404,0.00034222159040833884,0,meningioma,0.9994461958266723,919d6f0fb3ca462983d6df6ec06846e41abd9645
densenet121,B,708,99815,image_level_seed11,3,0,meningioma,0.9975993181716601,0.0009083428364759296,0.0014923389918639045,0,meningioma,0.9975993181716601,919d6f0fb3ca462983d6df6ec06846e41abd9645
densenet121,B,712,106062,image_level_seed11,3,2,pituitary,0.00011331046767987653,6.393870034179963e-05,0.9998227508319784,2,pituitary,0.9998227508319784,919d6f0fb3ca462983d6df6ec06846e41abd9645
densenet121,B,720,101020,image_level_seed11,3,1,glioma,0.025223437354956683,0.9738869927528393,0.000889569892204085,1,glioma,0.9738869927528393,919d6f0fb3ca462983d6df6ec06846e41abd9645
densenet121,B,721,101020,image_level_seed11,3,1,glioma,0.038395591529327075,0.9584697615578842,0.0031346469127886715,1,glioma,0.9584697615578842,919d6f0fb3ca462983d6df6ec06846e41abd9645
densenet121,B,723,102075,image_level_seed11,3,1,glioma,0.01124620914429486,0.8469788896961378,0.1417749011595674,1,glioma,0.8469788896961378,919d6f0fb3ca462983d6df6ec06846e41abd9645
densenet121,B,729,106494,image_level_seed11,3,1,glioma,0.02637017781136752,0.9388925762760412,0.03473724591259127,1,glioma,0.9388925762760412,919d6f0fb3ca462983d6df6ec06846e41abd9645
densenet121,B,730,106494,image_level_seed11,3,1,glioma,0.0022524265459118327,0.9972054082758457,0.0005421651782422886,1,glioma,0.9972054082758457,919d6f0fb3ca462983d6df6ec06846e41abd9645
densenet121,B,736,107747,image_level_seed11,3,1,glioma,0.0010020574764540559,0.9978896549904465,0.0011082875330995095,1,glioma,0.9978896549904465,919d6f0fb3ca462983d6df6ec06846e41abd9645
densenet121,B,740,112105,image_level_seed11,3,1,glioma,0.0012199555340772976,0.9983561404450673,0.00042390402085548006,1,glioma,0.9983561404450673,919d6f0fb3ca462983d6df6ec06846e41abd9645
densenet121,B,747,100820,image_level_seed11,3,1,glioma,0.1815850571655822,0.8104958874511464,0.007919055383271534,1,glioma,0.8104958874511464,919d6f0fb3ca462983d6df6ec06846e41abd9645
densenet121,B,748,100820,image_level_seed11,3,1,glioma,0.04190003659373203,0.9566244523452094,0.0014755110610585867,1,glioma,0.9566244523452094,919d6f0fb3ca462983d6df6ec06846e41abd9645
densenet121,B,750,100820,image_level_seed11,3,1,glioma,0.09079364940181793,0.904431880697869,0.004774469900313133,1,glioma,0.904431880697869,919d6f0fb3ca462983d6df6ec06846e41abd9645
densenet121,B,752,100820,image_level_seed11,3,1,glioma,0.043228924638539,0.9560790447041967,0.0006920306572644604,1,glioma,0.9560790447041967,919d6f0fb3ca462983d6df6ec06846e41abd9645
densenet121,B,754,101020,image_level_seed11,3,1,glioma,0.002864500978953937,0.9971175505654968,1.7948455549296783e-05,1,glioma,0.9971175505654968,919d6f0fb3ca462983d6df6ec06846e41abd9645
densenet121,B,756,101020,image_level_seed11,3,1,glioma,0.002536804184179832,0.9973959578965513,6.723791926885313e-05,1,glioma,0.9973959578965513,919d6f0fb3ca462983d6df6ec06846e41abd9645
densenet121,B,785,112105,image_level_seed11,3,1,glioma,0.008220571538803617,0.9901751627702866,0.001604265690909636,1,glioma,0.9901751627702866,919d6f0fb3ca462983d6df6ec06846e41abd9645
densenet121,B,790,112105,image_level_seed11,3,1,glioma,0.0029416140519127167,0.9965757605580808,0.0004826253900065483,1,glioma,0.9965757605580808,919d6f0fb3ca462983d6df6ec06846e41abd9645
densenet121,B,796,88670,image_level_seed11,3,1,glioma,0.0011751772213383404,0.9987088687638759,0.0001159540147857796,1,glioma,0.9987088687638759,919d6f0fb3ca462983d6df6ec06846e41abd9645
densenet121,B,797,88670,image_level_seed11,3,1,glioma,0.0165177370751952,0.98328737080952,0.0001948921152848566,1,glioma,0.98328737080952,919d6f0fb3ca462983d6df6ec06846e41abd9645
densenet121,B,804,90284,image_level_seed11,3,1,glioma,0.001449120296786117,0.997945631504344,0.0006052481988697973,1,glioma,0.997945631504344,919d6f0fb3ca462983d6df6ec06846e41abd9645
densenet121,B,816,97609,image_level_seed11,3,1,glioma,0.0017690594021935397,0.9980596570601146,0.00017128353769180722,1,glioma,0.9980596570601146,919d6f0fb3ca462983d6df6ec06846e41abd9645
densenet121,B,818,100416,image_level_seed11,3,1,glioma,0.002684331406145542,0.9967658654119964,0.0005498031818580081,1,glioma,0.9967658654119964,919d6f0fb3ca462983d6df6ec06846e41abd9645
densenet121,B,824,100820,image_level_seed11,3,1,glioma,0.004051165561010956,0.9957599492715432,0.00018888516744580816,1,glioma,0.9957599492715432,919d6f0fb3ca462983d6df6ec06846e41abd9645
densenet121,B,830,101020,image_level_seed11,3,1,glioma,0.0007126347475472412,0.9992518398455001,3.5525406952583024e-05,1,glioma,0.9992518398455001,919d6f0fb3ca462983d6df6ec06846e41abd9645
densenet121,B,833,101020,image_level_seed11,3,1,glioma,0.00044565803513581297,0.9995003573957526,5.398456911160445e-05,1,glioma,0.9995003573957526,919d6f0fb3ca462983d6df6ec06846e41abd9645
densenet121,B,836,101384,image_level_seed11,3,1,glioma,0.014654593993664235,0.9849612782456224,0.0003841277607133776,1,glioma,0.9849612782456224,919d6f0fb3ca462983d6df6ec06846e41abd9645
densenet121,B,837,102075,image_level_seed11,3,1,glioma,0.01421522104846018,0.984521793032579,0.0012629859189606876,1,glioma,0.984521793032579,919d6f0fb3ca462983d6df6ec06846e41abd9645
densenet121,B,845,105653,image_level_seed11,3,1,glioma,0.17172287221596166,0.014698950655166663,0.8135781771288717,2,pituitary,0.8135781771288717,919d6f0fb3ca462983d6df6ec06846e41abd9645
densenet121,B,846,106494,image_level_seed11,3,1,glioma,0.8970840380934406,0.04418286940124476,0.05873309250531452,0,meningioma,0.8970840380934406,919d6f0fb3ca462983d6df6ec06846e41abd9645
densenet121,B,850,106494,image_level_seed11,3,1,glioma,0.0009363273500854568,0.9988921094399043,0.00017156321001036807,1,glioma,0.9988921094399043,919d6f0fb3ca462983d6df6ec06846e41abd9645
densenet121,B,853,107747,image_level_seed11,3,1,glioma,0.14761913511132244,0.8504534964301682,0.0019273684585093059,1,glioma,0.8504534964301682,919d6f0fb3ca462983d6df6ec06846e41abd9645
densenet121,B,871,90284,image_level_seed11,3,1,glioma,0.027869818118383335,0.9548834550184194,0.01724672686319726,1,glioma,0.9548834550184194,919d6f0fb3ca462983d6df6ec06846e41abd9645
densenet121,B,884,93329,image_level_seed11,3,1,glioma,0.005201587229080167,0.9919021598691184,0.002896252901801385,1,glioma,0.9919021598691184,919d6f0fb3ca462983d6df6ec06846e41abd9645
densenet121,B,887,93329,image_level_seed11,3,1,glioma,0.016542647792513816,0.9756501085027224,0.007807243704763873,1,glioma,0.9756501085027224,919d6f0fb3ca462983d6df6ec06846e41abd9645
densenet121,B,889,93825,image_level_seed11,3,1,glioma,0.0035440282672567656,0.9951616639394715,0.0012943077932717419,1,glioma,0.9951616639394715,919d6f0fb3ca462983d6df6ec06846e41abd9645
densenet121,B,896,95142,image_level_seed11,3,1,glioma,0.020059413232845595,0.6071028761834419,0.37283771058371246,1,glioma,0.6071028761834419,919d6f0fb3ca462983d6df6ec06846e41abd9645
densenet121,B,899,95142,image_level_seed11,3,1,glioma,0.0012009455662509902,0.9967223901566368,0.0020766642771121316,1,glioma,0.9967223901566368,919d6f0fb3ca462983d6df6ec06846e41abd9645
densenet121,B,901,95142,image_level_seed11,3,1,glioma,0.003229876141578935,0.9948657876681187,0.0019043361903021206,1,glioma,0.9948657876681187,919d6f0fb3ca462983d6df6ec06846e41abd9645
densenet121,B,906,96587,image_level_seed11,3,1,glioma,0.0007704776416338411,0.999046567044115,0.00018295531425125504,1,glioma,0.999046567044115,919d6f0fb3ca462983d6df6ec06846e41abd9645
densenet121,B,917,98889,image_level_seed11,3,1,glioma,0.005253920602971498,0.9939527792415127,0.0007933001555158774,1,glioma,0.9939527792415127,919d6f0fb3ca462983d6df6ec06846e41abd9645
densenet121,B,922,106062,image_level_seed11,3,2,pituitary,0.0001843174500961874,0.0002116665535512404,0.9996040159963526,2,pituitary,0.9996040159963526,919d6f0fb3ca462983d6df6ec06846e41abd9645
densenet121,B,923,106062,image_level_seed11,3,2,pituitary,0.00015456842699283947,6.420889002875859e-05,0.9997812226829784,2,pituitary,0.9997812226829784,919d6f0fb3ca462983d6df6ec06846e41abd9645
densenet121,B,943,107505,image_level_seed11,3,2,pituitary,0.0009703362097620056,0.0032458250132224734,0.9957838387770155,2,pituitary,0.9957838387770155,919d6f0fb3ca462983d6df6ec06846e41abd9645
densenet121,B,944,107505,image_level_seed11,3,2,pituitary,0.0006372324732078934,0.0018007130373372362,0.997562054489455,2,pituitary,0.997562054489455,919d6f0fb3ca462983d6df6ec06846e41abd9645
densenet121,B,945,107505,image_level_seed11,3,2,pituitary,0.001975666708962614,0.014562522509841216,0.9834618107811961,2,pituitary,0.9834618107811961,919d6f0fb3ca462983d6df6ec06846e41abd9645
densenet121,B,963,109769,image_level_seed11,3,2,pituitary,0.0014624383566420767,0.0008111664313364801,0.9977263952120213,2,pituitary,0.9977263952120213,919d6f0fb3ca462983d6df6ec06846e41abd9645
densenet121,B,967,109898,image_level_seed11,3,2,pituitary,0.0009394286050411637,0.0002531935394596172,0.9988073778554993,2,pituitary,0.9988073778554993,919d6f0fb3ca462983d6df6ec06846e41abd9645
densenet121,B,972,110518,image_level_seed11,3,2,pituitary,0.01061722788698437,0.002515516612423809,0.9868672555005918,2,pituitary,0.9868672555005918,919d6f0fb3ca462983d6df6ec06846e41abd9645
densenet121,B,977,110993,image_level_seed11,3,2,pituitary,3.2230201153182376e-05,6.416274200141519e-05,0.9999036070568454,2,pituitary,0.9999036070568454,919d6f0fb3ca462983d6df6ec06846e41abd9645
densenet121,B,981,111075,image_level_seed11,3,2,pituitary,7.363343173371919e-05,3.2552574631187844e-05,0.9998938139936351,2,pituitary,0.9998938139936351,919d6f0fb3ca462983d6df6ec06846e41abd9645
densenet121,B,990,111785,image_level_seed11,3,2,pituitary,0.0006485057638432178,0.0007041227625692965,0.9986473714735875,2,pituitary,0.9986473714735875,919d6f0fb3ca462983d6df6ec06846e41abd9645
densenet121,B,992,111785,image_level_seed11,3,2,pituitary,0.00021684728956868944,0.00018621871349715682,0.9995969339969342,2,pituitary,0.9995969339969342,919d6f0fb3ca462983d6df6ec06846e41abd9645
densenet121,B,998,112649,image_level_seed11,3,2,pituitary,0.0002344303867083369,0.00038138019113812715,0.9993841894221536,2,pituitary,0.9993841894221536,919d6f0fb3ca462983d6df6ec06846e41abd9645
densenet121,B,1001,112649,image_level_seed11,3,2,pituitary,9.536005956231886e-05,0.0001159395445346217,0.9997887003959031,2,pituitary,0.9997887003959031,919d6f0fb3ca462983d6df6ec06846e41abd9645
densenet121,B,1010,113274,image_level_seed11,3,2,pituitary,2.9665013791050223e-05,1.2372968145742634e-05,0.9999579620180633,2,pituitary,0.9999579620180633,919d6f0fb3ca462983d6df6ec06846e41abd9645
densenet121,B,1011,113274,image_level_seed11,3,2,pituitary,0.00012273834378924284,4.487826813957266e-05,0.9998323833880712,2,pituitary,0.9998323833880712,919d6f0fb3ca462983d6df6ec06846e41abd9645
densenet121,B,1013,113741,image_level_seed11,3,2,pituitary,5.70118074445143e-05,1.8644627896820654e-05,0.9999243435646586,2,pituitary,0.9999243435646586,919d6f0fb3ca462983d6df6ec06846e41abd9645
densenet121,B,1014,113741,image_level_seed11,3,2,pituitary,0.00015082458929383834,5.621939229122435e-05,0.9997929560184149,2,pituitary,0.9997929560184149,919d6f0fb3ca462983d6df6ec06846e41abd9645
densenet121,B,1016,114040,image_level_seed11,3,2,pituitary,0.0051627504598096615,0.001536355165472062,0.9933008943747182,2,pituitary,0.9933008943747182,919d6f0fb3ca462983d6df6ec06846e41abd9645
densenet121,B,1019,114361,image_level_seed11,3,2,pituitary,5.022872509118658e-05,0.00015749716125011738,0.9997922741136588,2,pituitary,0.9997922741136588,919d6f0fb3ca462983d6df6ec06846e41abd9645
densenet121,B,1028,101017,image_level_seed11,3,2,pituitary,0.00022736129819998132,0.00023391933173110805,0.9995387193700689,2,pituitary,0.9995387193700689,919d6f0fb3ca462983d6df6ec06846e41abd9645
densenet121,B,1030,101029,image_level_seed11,3,2,pituitary,0.0003789884683996646,0.003318933992632203,0.9963020775389683,2,pituitary,0.9963020775389683,919d6f0fb3ca462983d6df6ec06846e41abd9645
densenet121,B,1036,106062,image_level_seed11,3,2,pituitary,0.00036818908121852946,0.0003691543785896233,0.999262656540192,2,pituitary,0.999262656540192,919d6f0fb3ca462983d6df6ec06846e41abd9645
densenet121,B,1037,106062,image_level_seed11,3,2,pituitary,0.00015407430309847734,0.00022625862432943647,0.9996196670725721,2,pituitary,0.9996196670725721,919d6f0fb3ca462983d6df6ec06846e41abd9645
densenet121,B,1046,107495,image_level_seed11,3,2,pituitary,0.00016998667949000618,0.0001441827451809787,0.999685830575329,2,pituitary,0.999685830575329,919d6f0fb3ca462983d6df6ec06846e41abd9645
densenet121,B,1049,107429,image_level_seed11,3,2,pituitary,0.0002314128432760743,5.046580905823585e-05,0.9997181213476656,2,pituitary,0.9997181213476656,919d6f0fb3ca462983d6df6ec06846e41abd9645
densenet121,B,1050,107429,image_level_seed11,3,2,pituitary,0.0007743517135856529,0.00018450776419621408,0.9990411405222183,2,pituitary,0.9990411405222183,919d6f0fb3ca462983d6df6ec06846e41abd9645
densenet121,B,1053,107429,image_level_seed11,3,2,pituitary,0.001676739202752629,0.00017181252995382686,0.9981514482672936,2,pituitary,0.9981514482672936,919d6f0fb3ca462983d6df6ec06846e41abd9645
densenet121,B,1060,107743,image_level_seed11,3,2,pituitary,0.0007733923321345047,0.0009948054454634047,0.9982318022224022,2,pituitary,0.9982318022224022,919d6f0fb3ca462983d6df6ec06846e41abd9645
densenet121,B,1067,108858,image_level_seed11,3,2,pituitary,0.0019535883937393988,0.0023949622582320187,0.9956514493480286,2,pituitary,0.9956514493480286,919d6f0fb3ca462983d6df6ec06846e41abd9645
densenet121,B,1074,108931,image_level_seed11,3,2,pituitary,0.00040157381892937376,0.0009339108509535889,0.9986645153301171,2,pituitary,0.9986645153301171,919d6f0fb3ca462983d6df6ec06846e41abd9645
densenet121,B,1078,109471,image_level_seed11,3,2,pituitary,7.424020541676191e-05,0.00047040187562541003,0.9994553579189578,2,pituitary,0.9994553579189578,919d6f0fb3ca462983d6df6ec06846e41abd9645
densenet121,B,1089,109898,image_level_seed11,3,2,pituitary,0.00010134677715957343,0.00020486390702434588,0.999693789315816,2,pituitary,0.999693789315816,919d6f0fb3ca462983d6df6ec06846e41abd9645
densenet121,B,1092,109898,image_level_seed11,3,2,pituitary,0.0021828901224719395,0.0001297163691467693,0.9976873935083812,2,pituitary,0.9976873935083812,919d6f0fb3ca462983d6df6ec06846e41abd9645
densenet121,B,1098,110518,image_level_seed11,3,2,pituitary,0.00010612497579551645,5.091057972896496e-05,0.9998429644444755,2,pituitary,0.9998429644444755,919d6f0fb3ca462983d6df6ec06846e41abd9645
densenet121,B,1099,110518,image_level_seed11,3,2,pituitary,0.0003039163933602987,0.0001296069741911188,0.9995664766324486,2,pituitary,0.9995664766324486,919d6f0fb3ca462983d6df6ec06846e41abd9645
densenet121,B,1103,110537,image_level_seed11,3,2,pituitary,0.0008724659299210904,0.0005164334833875736,0.9986111005866913,2,pituitary,0.9986111005866913,919d6f0fb3ca462983d6df6ec06846e41abd9645
densenet121,B,1109,110993,image_level_seed11,3,2,pituitary,0.00039294861823448634,0.0003511301575956831,0.9992559212241698,2,pituitary,0.9992559212241698,919d6f0fb3ca462983d6df6ec06846e41abd9645
densenet121,B,1112,111075,image_level_seed11,3,2,pituitary,0.0002282464065469585,0.0003644395240005596,0.9994073140694526,2,pituitary,0.9994073140694526,919d6f0fb3ca462983d6df6ec06846e41abd9645
densenet121,B,1115,111075,image_level_seed11,3,2,pituitary,0.00015872574045747804,0.00017644360853278764,0.9996648306510098,2,pituitary,0.9996648306510098,919d6f0fb3ca462983d6df6ec06846e41abd9645
densenet121,B,1123,111125,image_level_seed11,3,2,pituitary,0.000562524804960452,3.4958833554975904e-05,0.9994025163614846,2,pituitary,0.9994025163614846,919d6f0fb3ca462983d6df6ec06846e41abd9645
densenet121,B,1136,112649,image_level_seed11,3,2,pituitary,0.00044775986954918276,0.0010048921901588631,0.9985473479402919,2,pituitary,0.9985473479402919,919d6f0fb3ca462983d6df6ec06846e41abd9645
densenet121,B,1139,112649,image_level_seed11,3,2,pituitary,0.000552954522268793,0.0014317710548755699,0.9980152744228556,2,pituitary,0.9980152744228556,919d6f0fb3ca462983d6df6ec06846e41abd9645
densenet121,B,1142,112746,image_level_seed11,3,2,pituitary,0.0025271645320295365,0.00019276794526212337,0.9972800675227083,2,pituitary,0.9972800675227083,919d6f0fb3ca462983d6df6ec06846e41abd9645
densenet121,B,1143,112746,image_level_seed11,3,2,pituitary,0.0010239437576094914,0.0007001585815628304,0.9982758976608277,2,pituitary,0.9982758976608277,919d6f0fb3ca462983d6df6ec06846e41abd9645
densenet121,B,1148,113274,image_level_seed11,3,2,pituitary,0.00012004847818015533,0.0001794404044844772,0.9997005111173355,2,pituitary,0.9997005111173355,919d6f0fb3ca462983d6df6ec06846e41abd9645
densenet121,B,1155,114040,image_level_seed11,3,2,pituitary,0.0020522469761943825,0.0027143796474045556,0.9952333733764012,2,pituitary,0.9952333733764012,919d6f0fb3ca462983d6df6ec06846e41abd9645
densenet121,B,1163,114094,image_level_seed11,3,2,pituitary,4.196852908147505e-05,2.4444700121921167e-05,0.9999335867707966,2,pituitary,0.9999335867707966,919d6f0fb3ca462983d6df6ec06846e41abd9645
densenet121,B,1168,105936,image_level_seed11,3,2,pituitary,7.612839611739805e-05,9.386154765101268e-05,0.9998300100562315,2,pituitary,0.9998300100562315,919d6f0fb3ca462983d6df6ec06846e41abd9645
densenet121,B,1169,106062,image_level_seed11,3,2,pituitary,5.585130555500624e-05,0.00010608580105821821,0.9998380628933868,2,pituitary,0.9998380628933868,919d6f0fb3ca462983d6df6ec06846e41abd9645
densenet121,B,1170,106062,image_level_seed11,3,2,pituitary,2.764497420380154e-05,2.174746812887514e-05,0.9999506075576673,2,pituitary,0.9999506075576673,919d6f0fb3ca462983d6df6ec06846e41abd9645
densenet121,B,1177,107495,image_level_seed11,3,2,pituitary,0.00016672668497155204,0.00012895643288304373,0.9997043168821454,2,pituitary,0.9997043168821454,919d6f0fb3ca462983d6df6ec06846e41abd9645
densenet121,B,1179,107495,image_level_seed11,3,2,pituitary,5.510732402280945e-05,0.0002316749219331902,0.9997132177540439,2,pituitary,0.9997132177540439,919d6f0fb3ca462983d6df6ec06846e41abd9645
densenet121,B,1185,107429,image_level_seed11,3,2,pituitary,6.419078180998243e-05,3.32616910658268e-05,0.9999025475271242,2,pituitary,0.9999025475271242,919d6f0fb3ca462983d6df6ec06846e41abd9645
densenet121,B,1192,107505,image_level_seed11,3,2,pituitary,7.071361779240932e-05,4.1835613889573556e-05,0.999887450768318,2,pituitary,0.999887450768318,919d6f0fb3ca462983d6df6ec06846e41abd9645
densenet121,B,1194,107743,image_level_seed11,3,2,pituitary,9.571442491336763e-05,0.00019317833469941566,0.9997111072403874,2,pituitary,0.9997111072403874,919d6f0fb3ca462983d6df6ec06846e41abd9645
densenet121,B,1206,108931,image_level_seed11,3,2,pituitary,0.00013129775673558454,0.00029107346826286385,0.9995776287750017,2,pituitary,0.9995776287750017,919d6f0fb3ca462983d6df6ec06846e41abd9645
densenet121,B,1208,109471,image_level_seed11,3,2,pituitary,7.230475718056929e-05,0.0001621429354232992,0.9997655523073962,2,pituitary,0.9997655523073962,919d6f0fb3ca462983d6df6ec06846e41abd9645
densenet121,B,1209,109471,image_level_seed11,3,2,pituitary,5.634448489942571e-05,9.890252860401436e-05,0.9998447529864964,2,pituitary,0.9998447529864964,919d6f0fb3ca462983d6df6ec06846e41abd9645
densenet121,B,1210,109471,image_level_seed11,3,2,pituitary,6.37754278638943e-05,9.158627420939315e-05,0.9998446382979268,2,pituitary,0.9998446382979268,919d6f0fb3ca462983d6df6ec06846e41abd9645
densenet121,B,1217,109769,image_level_seed11,3,2,pituitary,0.00011982236119861501,5.967995663542412e-05,0.9998204976821661,2,pituitary,0.9998204976821661,919d6f0fb3ca462983d6df6ec06846e41abd9645
densenet121,B,1219,109898,image_level_seed11,3,2,pituitary,0.000313126980629507,0.00014046418580782136,0.9995464088335627,2,pituitary,0.9995464088335627,919d6f0fb3ca462983d6df6ec06846e41abd9645
densenet121,B,1220,109898,image_level_seed11,3,2,pituitary,0.0011477931658093006,0.002690054478417977,0.9961621523557728,2,pituitary,0.9961621523557728,919d6f0fb3ca462983d6df6ec06846e41abd9645
densenet121,B,1222,110518,image_level_seed11,3,2,pituitary,0.0008610759557940849,0.00012296184522470646,0.9990159621989813,2,pituitary,0.9990159621989813,919d6f0fb3ca462983d6df6ec06846e41abd9645
densenet121,B,1226,110537,image_level_seed11,3,2,pituitary,0.0004521194433047018,0.0003508745570640266,0.9991970059996313,2,pituitary,0.9991970059996313,919d6f0fb3ca462983d6df6ec06846e41abd9645
densenet121,B,1230,110993,image_level_seed11,3,2,pituitary,8.410599871691935e-05,0.00012881754394294015,0.99978707645734,2,pituitary,0.99978707645734,919d6f0fb3ca462983d6df6ec06846e41abd9645
densenet121,B,1241,111125,image_level_seed11,3,2,pituitary,0.000246949208016811,0.00042808248895920525,0.9993249683030241,2,pituitary,0.9993249683030241,919d6f0fb3ca462983d6df6ec06846e41abd9645
densenet121,B,1247,112074,image_level_seed11,3,2,pituitary,0.005101591272901969,0.00026186392663011886,0.9946365448004678,2,pituitary,0.9946365448004678,919d6f0fb3ca462983d6df6ec06846e41abd9645
densenet121,B,1248,112074,image_level_seed11,3,2,pituitary,0.0029449017296966713,0.0034918189200505052,0.9935632793502529,2,pituitary,0.9935632793502529,919d6f0fb3ca462983d6df6ec06846e41abd9645
densenet121,B,1251,112649,image_level_seed11,3,2,pituitary,0.0001124105482239571,0.00011809849827413606,0.999769490953502,2,pituitary,0.999769490953502,919d6f0fb3ca462983d6df6ec06846e41abd9645
densenet121,B,1266,113274,image_level_seed11,3,2,pituitary,0.0009665582373851293,0.008075231400938599,0.9909582103616764,2,pituitary,0.9909582103616764,919d6f0fb3ca462983d6df6ec06846e41abd9645
densenet121,B,1267,113274,image_level_seed11,3,2,pituitary,0.0005725827770298796,0.004974986803187319,0.9944524304197828,2,pituitary,0.9944524304197828,919d6f0fb3ca462983d6df6ec06846e41abd9645
densenet121,B,1270,113741,image_level_seed11,3,2,pituitary,0.00014516473212057468,5.97534705962643e-05,0.9997950817972833,2,pituitary,0.9997950817972833,919d6f0fb3ca462983d6df6ec06846e41abd9645
densenet121,B,1274,114040,image_level_seed11,3,2,pituitary,0.0005781157543137425,0.000910934295231811,0.9985109499504543,2,pituitary,0.9985109499504543,919d6f0fb3ca462983d6df6ec06846e41abd9645
densenet121,B,1277,114361,image_level_seed11,3,2,pituitary,0.000587317808644076,0.00036825114213596353,0.9990444310492199,2,pituitary,0.9990444310492199,919d6f0fb3ca462983d6df6ec06846e41abd9645
densenet121,B,1284,101029,image_level_seed11,3,2,pituitary,0.00026298805575248116,0.0007994935204739967,0.9989375184237734,2,pituitary,0.9989375184237734,919d6f0fb3ca462983d6df6ec06846e41abd9645
densenet121,B,1285,101145,image_level_seed11,3,2,pituitary,0.00034520369880895643,4.4238015704124015e-05,0.999610558285487,2,pituitary,0.999610558285487,919d6f0fb3ca462983d6df6ec06846e41abd9645
densenet121,B,1292,101305,image_level_seed11,3,2,pituitary,0.0002939562653301014,0.0007980771635695185,0.9989079665711005,2,pituitary,0.9989079665711005,919d6f0fb3ca462983d6df6ec06846e41abd9645
densenet121,B,1295,102648,image_level_seed11,3,2,pituitary,0.0023436358788354976,0.023806711230988997,0.9738496528901754,2,pituitary,0.9738496528901754,919d6f0fb3ca462983d6df6ec06846e41abd9645
densenet121,B,1310,103478,image_level_seed11,3,2,pituitary,0.0021712881912570154,8.397370116723977e-05,0.9977447381075758,2,pituitary,0.9977447381075758,919d6f0fb3ca462983d6df6ec06846e41abd9645
densenet121,B,1313,103478,image_level_seed11,3,2,pituitary,0.007525861099981244,0.0003371258453174982,0.9921370130547011,2,pituitary,0.9921370130547011,919d6f0fb3ca462983d6df6ec06846e41abd9645
densenet121,B,1318,103582,image_level_seed11,3,2,pituitary,0.0008201927832563244,0.00021857976466413417,0.9989612274520796,2,pituitary,0.9989612274520796,919d6f0fb3ca462983d6df6ec06846e41abd9645
densenet121,B,1319,103582,image_level_seed11,3,2,pituitary,0.00035213608196453874,9.058336794559317e-05,0.9995572805500899,2,pituitary,0.9995572805500899,919d6f0fb3ca462983d6df6ec06846e41abd9645
densenet121,B,1321,103582,image_level_seed11,3,2,pituitary,5.902499941280799e-05,8.419586969113703e-05,0.9998567791308961,2,pituitary,0.9998567791308961,919d6f0fb3ca462983d6df6ec06846e41abd9645
densenet121,B,1327,103671,image_level_seed11,3,2,pituitary,0.002135226667229687,0.0008225347048038612,0.9970422386279664,2,pituitary,0.9970422386279664,919d6f0fb3ca462983d6df6ec06846e41abd9645
densenet121,B,1339,103731,image_level_seed11,3,2,pituitary,0.00025881359286823366,0.0005733581761975272,0.9991678282309342,2,pituitary,0.9991678282309342,919d6f0fb3ca462983d6df6ec06846e41abd9645
densenet121,B,1341,103837,image_level_seed11,3,2,pituitary,0.0005884043664739144,2.615170244292967e-05,0.9993854439310831,2,pituitary,0.9993854439310831,919d6f0fb3ca462983d6df6ec06846e41abd9645
densenet121,B,1345,103837,image_level_seed11,3,2,pituitary,0.0003827536225694908,5.2561424580474044e-05,0.9995646849528501,2,pituitary,0.9995646849528501,919d6f0fb3ca462983d6df6ec06846e41abd9645
densenet121,B,1352,104558,image_level_seed11,3,2,pituitary,0.0005835463809069839,0.00048714098201794136,0.9989293126370752,2,pituitary,0.9989293126370752,919d6f0fb3ca462983d6df6ec06846e41abd9645
densenet121,B,1359,104558,image_level_seed11,3,2,pituitary,0.00025005714008006103,6.819048892329957e-05,0.9996817523709967,2,pituitary,0.9996817523709967,919d6f0fb3ca462983d6df6ec06846e41abd9645
densenet121,B,1360,104684,image_level_seed11,3,2,pituitary,6.920960213413798e-05,1.985280949389766e-05,0.9999109375883721,2,pituitary,0.9999109375883721,919d6f0fb3ca462983d6df6ec06846e41abd9645
densenet121,B,1372,104912,image_level_seed11,3,2,pituitary,0.00020316495821457546,0.0001179782662422672,0.999678856775543,2,pituitary,0.999678856775543,919d6f0fb3ca462983d6df6ec06846e41abd9645
densenet121,B,1373,104912,image_level_seed11,3,2,pituitary,0.0007380891132899645,0.0004410927615530004,0.998820818125157,2,pituitary,0.998820818125157,919d6f0fb3ca462983d6df6ec06846e41abd9645
densenet121,B,1378,105475,image_level_seed11,3,2,pituitary,0.0011580541298621002,0.00021958504377761522,0.9986223608263604,2,pituitary,0.9986223608263604,919d6f0fb3ca462983d6df6ec06846e41abd9645
densenet121,B,1384,105638,image_level_seed11,3,2,pituitary,0.0010324243039252935,0.0004957405522812187,0.9984718351437935,2,pituitary,0.9984718351437935,919d6f0fb3ca462983d6df6ec06846e41abd9645
densenet121,B,1388,97416,image_level_seed11,3,2,pituitary,5.77531787574652e-05,6.000529994524698e-05,0.9998822415212973,2,pituitary,0.9998822415212973,919d6f0fb3ca462983d6df6ec06846e41abd9645
densenet121,B,1391,97416,image_level_seed11,3,2,pituitary,0.0001565360867489423,4.374480145302785e-05,0.9997997191117979,2,pituitary,0.9997997191117979,919d6f0fb3ca462983d6df6ec06846e41abd9645
densenet121,B,1399,97461,image_level_seed11,3,2,pituitary,0.00019137731010044842,0.0001950962499647667,0.9996135264399348,2,pituitary,0.9996135264399348,919d6f0fb3ca462983d6df6ec06846e41abd9645
densenet121,B,1408,97599,image_level_seed11,3,2,pituitary,0.0029394095851225832,9.589902357768458e-05,0.9969646913912998,2,pituitary,0.9969646913912998,919d6f0fb3ca462983d6df6ec06846e41abd9645
densenet121,B,1420,98472,image_level_seed11,3,2,pituitary,0.0007554047983945893,0.0002757553938148344,0.9989688398077905,2,pituitary,0.9989688398077905,919d6f0fb3ca462983d6df6ec06846e41abd9645
densenet121,B,1421,98652,image_level_seed11,3,2,pituitary,0.0003548099210218841,0.00024640482954065067,0.9993987852494376,2,pituitary,0.9993987852494376,919d6f0fb3ca462983d6df6ec06846e41abd9645
densenet121,B,1422,98652,image_level_seed11,3,2,pituitary,0.0007259706770681642,0.0006588127866809124,0.9986152165362508,2,pituitary,0.9986152165362508,919d6f0fb3ca462983d6df6ec06846e41abd9645
densenet121,B,1427,98871,image_level_seed11,3,2,pituitary,0.0002679151710654522,0.0008005717474480686,0.9989315130814864,2,pituitary,0.9989315130814864,919d6f0fb3ca462983d6df6ec06846e41abd9645
densenet121,B,1443,98995,image_level_seed11,3,2,pituitary,0.0005260159603498039,0.00012703576259013395,0.99934694827706,2,pituitary,0.99934694827706,919d6f0fb3ca462983d6df6ec06846e41abd9645
densenet121,B,1445,98995,image_level_seed11,3,2,pituitary,0.00020289450388167072,1.5089145159266886e-05,0.9997820163509591,2,pituitary,0.9997820163509591,919d6f0fb3ca462983d6df6ec06846e41abd9645
densenet121,B,1451,99223,image_level_seed11,3,2,pituitary,0.000279206148455886,0.0007909912681799714,0.9989298025833643,2,pituitary,0.9989298025833643,919d6f0fb3ca462983d6df6ec06846e41abd9645
densenet121,B,1453,99223,image_level_seed11,3,2,pituitary,0.00016803914929279206,0.00040216449519127356,0.999429796355516,2,pituitary,0.999429796355516,919d6f0fb3ca462983d6df6ec06846e41abd9645
densenet121,B,1455,99223,image_level_seed11,3,2,pituitary,0.00010182954226196597,0.0003726103096766992,0.9995255601480614,2,pituitary,0.9995255601480614,919d6f0fb3ca462983d6df6ec06846e41abd9645
densenet121,B,1456,101017,image_level_seed11,3,2,pituitary,0.00011297529765488302,0.0010385316420470437,0.9988484930602981,2,pituitary,0.9988484930602981,919d6f0fb3ca462983d6df6ec06846e41abd9645
densenet121,B,1459,101017,image_level_seed11,3,2,pituitary,0.00012558773109551546,0.0008020995327392566,0.9990723127361653,2,pituitary,0.9990723127361653,919d6f0fb3ca462983d6df6ec06846e41abd9645
densenet121,B,1464,101029,image_level_seed11,3,2,pituitary,3.698470547051899e-05,5.0246541337981826e-05,0.9999127687531915,2,pituitary,0.9999127687531915,919d6f0fb3ca462983d6df6ec06846e41abd9645
densenet121,B,1465,101029,image_level_seed11,3,2,pituitary,2.081592337624627e-05,2.3298936968172313e-05,0.9999558851396555,2,pituitary,0.9999558851396555,919d6f0fb3ca462983d6df6ec06846e41abd9645
densenet121,B,1467,101029,image_level_seed11,3,2,pituitary,2.8297737240352134e-05,5.179113305607688e-05,0.9999199111297036,2,pituitary,0.9999199111297036,919d6f0fb3ca462983d6df6ec06846e41abd9645
densenet121,B,1471,101145,image_level_seed11,3,2,pituitary,0.00021652340894703228,0.00010699865697179006,0.9996764779340811,2,pituitary,0.9996764779340811,919d6f0fb3ca462983d6df6ec06846e41abd9645
densenet121,B,1475,101305,image_level_seed11,3,2,pituitary,0.0002717096938859375,0.0006370017096637632,0.9990912885964504,2,pituitary,0.9990912885964504,919d6f0fb3ca462983d6df6ec06846e41abd9645
densenet121,B,1477,101305,image_level_seed11,3,2,pituitary,0.0021028977788827116,0.0032746933059900505,0.9946224089151273,2,pituitary,0.9946224089151273,919d6f0fb3ca462983d6df6ec06846e41abd9645
densenet121,B,1478,101305,image_level_seed11,3,2,pituitary,0.000734566773915841,0.003060729306195581,0.9962047039198887,2,pituitary,0.9962047039198887,919d6f0fb3ca462983d6df6ec06846e41abd9645
densenet121,B,1483,102648,image_level_seed11,3,2,pituitary,0.0006254650977435917,0.005156723184976701,0.9942178117172797,2,pituitary,0.9942178117172797,919d6f0fb3ca462983d6df6ec06846e41abd9645
densenet121,B,1492,103046,image_level_seed11,3,2,pituitary,7.290999103599279e-05,0.00017376681053724472,0.9997533231984267,2,pituitary,0.9997533231984267,919d6f0fb3ca462983d6df6ec06846e41abd9645
densenet121,B,1500,103478,image_level_seed11,3,2,pituitary,3.865750138348603e-05,1.9769148095518538e-05,0.9999415733505209,2,pituitary,0.9999415733505209,919d6f0fb3ca462983d6df6ec06846e41abd9645
densenet121,B,1502,103478,image_level_seed11,3,2,pituitary,6.943870305427088e-05,0.000327763114506745,0.9996027981824389,2,pituitary,0.9996027981824389,919d6f0fb3ca462983d6df6ec06846e41abd9645
densenet121,B,1504,103478,image_level_seed11,3,2,pituitary,0.00015046485877230156,0.0004025717308905165,0.9994469634103371,2,pituitary,0.9994469634103371,919d6f0fb3ca462983d6df6ec06846e41abd9645
densenet121,B,1506,103582,image_level_seed11,3,2,pituitary,5.952254643962074e-05,2.2811856823158613e-05,0.9999176655967373,2,pituitary,0.9999176655967373,919d6f0fb3ca462983d6df6ec06846e41abd9645
densenet121,B,1512,103670,image_level_seed11,3,2,pituitary,9.561171854606373e-05,6.4591218862382e-05,0.9998397970625915,2,pituitary,0.9998397970625915,919d6f0fb3ca462983d6df6ec06846e41abd9645
densenet121,B,1514,103670,image_level_seed11,3,2,pituitary,0.0004328344162073424,0.00015157633853279574,0.9994155892452599,2,pituitary,0.9994155892452599,919d6f0fb3ca462983d6df6ec06846e41abd9645
densenet121,B,1515,103671,image_level_seed11,3,2,pituitary,0.0006998582671575118,0.0010505247789832602,0.9982496169538593,2,pituitary,0.9982496169538593,919d6f0fb3ca462983d6df6ec06846e41abd9645
densenet121,B,1519,103671,image_level_seed11,3,2,pituitary,0.000443737673210946,0.00024021488745011918,0.9993160474393389,2,pituitary,0.9993160474393389,919d6f0fb3ca462983d6df6ec06846e41abd9645
densenet121,B,1520,103671,image_level_seed11,3,2,pituitary,0.00026735348448952935,0.00023095584757119864,0.9995016906679391,2,pituitary,0.9995016906679391,919d6f0fb3ca462983d6df6ec06846e41abd9645
densenet121,B,1526,103731,image_level_seed11,3,2,pituitary,0.001962459482186207,0.0019554145531282866,0.9960821259646854,2,pituitary,0.9960821259646854,919d6f0fb3ca462983d6df6ec06846e41abd9645
densenet121,B,1527,103731,image_level_seed11,3,2,pituitary,0.0017059842916781417,0.0004381148258462036,0.9978559008824758,2,pituitary,0.9978559008824758,919d6f0fb3ca462983d6df6ec06846e41abd9645
densenet121,B,1529,103837,image_level_seed11,3,2,pituitary,0.0001195186226878389,7.802096707597098e-05,0.9998024604102361,2,pituitary,0.9998024604102361,919d6f0fb3ca462983d6df6ec06846e41abd9645
densenet121,B,1531,103837,image_level_seed11,3,2,pituitary,0.000465995244394253,0.00043091853584317357,0.9991030862197625,2,pituitary,0.9991030862197625,919d6f0fb3ca462983d6df6ec06846e41abd9645
densenet121,B,1534,104019,image_level_seed11,3,2,pituitary,7.055991754302723e-05,3.5431376648212145e-05,0.9998940087058088,2,pituitary,0.9998940087058088,919d6f0fb3ca462983d6df6ec06846e41abd9645
densenet121,B,1536,104019,image_level_seed11,3,2,pituitary,7.46425292359942e-05,0.00017650909861183638,0.999748848372152,2,pituitary,0.999748848372152,919d6f0fb3ca462983d6df6ec06846e41abd9645
densenet121,B,1538,104558,image_level_seed11,3,2,pituitary,0.0007739270567861629,5.446721377075693e-05,0.9991716057294431,2,pituitary,0.9991716057294431,919d6f0fb3ca462983d6df6ec06846e41abd9645
densenet121,B,1553,104912,image_level_seed11,3,2,pituitary,7.150478205258809e-05,0.00015915999519770308,0.9997693352227497,2,pituitary,0.9997693352227497,919d6f0fb3ca462983d6df6ec06846e41abd9645
densenet121,B,1558,105187,image_level_seed11,3,2,pituitary,9.22193331102744e-05,0.00033630020997175465,0.9995714804569179,2,pituitary,0.9995714804569179,919d6f0fb3ca462983d6df6ec06846e41abd9645
densenet121,B,1562,105187,image_level_seed11,3,2,pituitary,0.0001030254532488752,0.00036142459791055375,0.9995355499488406,2,pituitary,0.9995355499488406,919d6f0fb3ca462983d6df6ec06846e41abd9645
densenet121,B,1565,105475,image_level_seed11,3,2,pituitary,0.0005480310759794634,0.0012329629586223913,0.9982190059653983,2,pituitary,0.9982190059653983,919d6f0fb3ca462983d6df6ec06846e41abd9645
densenet121,B,1567,105538,image_level_seed11,3,2,pituitary,0.2525418109929802,0.011169271756721787,0.7362889172502981,2,pituitary,0.7362889172502981,919d6f0fb3ca462983d6df6ec06846e41abd9645
densenet121,B,1575,97416,image_level_seed11,3,2,pituitary,5.929115586435996e-05,6.020837414856707e-05,0.9998805004699871,2,pituitary,0.9998805004699871,919d6f0fb3ca462983d6df6ec06846e41abd9645
densenet121,B,1578,97416,image_level_seed11,3,2,pituitary,0.0005139648534462583,2.983783306514594e-05,0.9994561973134887,2,pituitary,0.9994561973134887,919d6f0fb3ca462983d6df6ec06846e41abd9645
densenet121,B,1583,97461,image_level_seed11,3,2,pituitary,2.0031204124614708e-05,6.066018119315253e-05,0.9999193086146824,2,pituitary,0.9999193086146824,919d6f0fb3ca462983d6df6ec06846e41abd9645
densenet121,B,1585,97461,image_level_seed11,3,2,pituitary,6.180362339020876e-05,0.00011339710091268954,0.9998247992756971,2,pituitary,0.9998247992756971,919d6f0fb3ca462983d6df6ec06846e41abd9645
densenet121,B,1588,97461,image_level_seed11,3,2,pituitary,7.723385049029382e-05,8.484445013958289e-05,0.9998379216993702,2,pituitary,0.9998379216993702,919d6f0fb3ca462983d6df6ec06846e41abd9645
densenet121,B,1590,97481,image_level_seed11,3,2,pituitary,0.000224166162154725,0.0004871056573842748,0.9992887281804611,2,pituitary,0.9992887281804611,919d6f0fb3ca462983d6df6ec06846e41abd9645
densenet121,B,1598,97890,image_level_seed11,3,2,pituitary,7.456703805614438e-05,0.0005281347015217297,0.9993972982604222,2,pituitary,0.9993972982604222,919d6f0fb3ca462983d6df6ec06846e41abd9645
densenet121,B,1604,98472,image_level_seed11,3,2,pituitary,0.00048099685766066593,0.000416913783546523,0.9991020893587929,2,pituitary,0.9991020893587929,919d6f0fb3ca462983d6df6ec06846e41abd9645
densenet121,B,1612,98871,image_level_seed11,3,2,pituitary,5.374937022649698e-05,0.00012618304756131291,0.9998200675822122,2,pituitary,0.9998200675822122,919d6f0fb3ca462983d6df6ec06846e41abd9645
densenet121,B,1618,98874,image_level_seed11,3,2,pituitary,8.019417196797211e-05,0.00010992289913792227,0.9998098829288942,2,pituitary,0.9998098829288942,919d6f0fb3ca462983d6df6ec06846e41abd9645
densenet121,B,1623,98992,image_level_seed11,3,2,pituitary,0.00011466018400753465,0.00019871027379320602,0.9996866295421992,2,pituitary,0.9996866295421992,919d6f0fb3ca462983d6df6ec06846e41abd9645
densenet121,B,1624,98992,image_level_seed11,3,2,pituitary,0.00018539488394106685,6.530503727191259e-05,0.999749300078787,2,pituitary,0.999749300078787,919d6f0fb3ca462983d6df6ec06846e41abd9645
densenet121,B,1625,98992,image_level_seed11,3,2,pituitary,0.00017346617611879817,5.458525890596599e-05,0.9997719485649753,2,pituitary,0.9997719485649753,919d6f0fb3ca462983d6df6ec06846e41abd9645
densenet121,B,1629,98995,image_level_seed11,3,2,pituitary,0.00016271375931625078,0.00014774296822083263,0.999689543272463,2,pituitary,0.999689543272463,919d6f0fb3ca462983d6df6ec06846e41abd9645
densenet121,B,1630,98995,image_level_seed11,3,2,pituitary,0.00010812077000624754,3.392833792536657e-05,0.9998579508920684,2,pituitary,0.9998579508920684,919d6f0fb3ca462983d6df6ec06846e41abd9645
densenet121,B,1638,99223,image_level_seed11,3,2,pituitary,0.00023678347982801872,0.00010702544331402775,0.999656191076858,2,pituitary,0.999656191076858,919d6f0fb3ca462983d6df6ec06846e41abd9645
densenet121,B,1639,99223,image_level_seed11,3,2,pituitary,0.0003051905668591784,0.0002241510132730813,0.9994706584198678,2,pituitary,0.9994706584198678,919d6f0fb3ca462983d6df6ec06846e41abd9645
densenet121,B,1642,101017,image_level_seed11,3,2,pituitary,3.703841181452887e-05,3.535778188166736e-05,0.999927603806304,2,pituitary,0.999927603806304,919d6f0fb3ca462983d6df6ec06846e41abd9645
densenet121,B,1643,101017,image_level_seed11,3,2,pituitary,1.3825995348966304e-05,5.239363749865362e-05,0.9999337803671525,2,pituitary,0.9999337803671525,919d6f0fb3ca462983d6df6ec06846e41abd9645
densenet121,B,1644,101029,image_level_seed11,3,2,pituitary,9.918223518848814e-06,3.153850379604111e-05,0.9999585432726851,2,pituitary,0.9999585432726851,919d6f0fb3ca462983d6df6ec06846e41abd9645
densenet121,B,1657,101305,image_level_seed11,3,2,pituitary,5.4897110410002484e-05,0.00014947899324255944,0.9997956238963474,2,pituitary,0.9997956238963474,919d6f0fb3ca462983d6df6ec06846e41abd9645
densenet121,B,1663,101724,image_level_seed11,3,2,pituitary,0.0015013009564986775,0.0001277987953827973,0.9983709002481185,2,pituitary,0.9983709002481185,919d6f0fb3ca462983d6df6ec06846e41abd9645
densenet121,B,1665,102648,image_level_seed11,3,2,pituitary,0.0007566543003009223,0.0036007557402610874,0.9956425899594381,2,pituitary,0.9956425899594381,919d6f0fb3ca462983d6df6ec06846e41abd9645
densenet121,B,1671,102648,image_level_seed11,3,2,pituitary,0.0008110930550442332,0.0006554093117844427,0.9985334976331713,2,pituitary,0.9985334976331713,919d6f0fb3ca462983d6df6ec06846e41abd9645
densenet121,B,1673,103046,image_level_seed11,3,2,pituitary,9.675283663667525e-05,5.6224764926299096e-05,0.999847022398437,2,pituitary,0.999847022398437,919d6f0fb3ca462983d6df6ec06846e41abd9645
densenet121,B,1678,103257,image_level_seed11,3,2,pituitary,0.00015248365992311048,1.5839279957133124e-05,0.9998316770601198,2,pituitary,0.9998316770601198,919d6f0fb3ca462983d6df6ec06846e41abd9645
densenet121,B,1690,103478,image_level_seed11,3,2,pituitary,9.173104169059449e-05,0.00010687992197677291,0.9998013890363328,2,pituitary,0.9998013890363328,919d6f0fb3ca462983d6df6ec06846e41abd9645
densenet121,B,1691,103478,image_level_seed11,3,2,pituitary,5.828758654613542e-05,0.00011031609317921378,0.9998313963202747,2,pituitary,0.9998313963202747,919d6f0fb3ca462983d6df6ec06846e41abd9645
densenet121,B,1693,103582,image_level_seed11,3,2,pituitary,8.345521820031796e-05,6.418990106999536e-05,0.9998523548807298,2,pituitary,0.9998523548807298,919d6f0fb3ca462983d6df6ec06846e41abd9645
densenet121,B,1696,103582,image_level_seed11,3,2,pituitary,5.7069420869042123e-05,8.309035397542528e-05,0.9998598402251555,2,pituitary,0.9998598402251555,919d6f0fb3ca462983d6df6ec06846e41abd9645
densenet121,B,1700,103670,image_level_seed11,3,2,pituitary,5.3939832675443035e-05,4.2947020732680086e-05,0.9999031131465919,2,pituitary,0.9999031131465919,919d6f0fb3ca462983d6df6ec06846e41abd9645
densenet121,B,1702,103670,image_level_seed11,3,2,pituitary,5.067802050712006e-05,1.7306181289885878e-05,0.999932015798203,2,pituitary,0.999932015798203,919d6f0fb3ca462983d6df6ec06846e41abd9645
densenet121,B,1704,103671,image_level_seed11,3,2,pituitary,0.00011351284614506472,0.0004068044294183932,0.9994796827244365,2,pituitary,0.9994796827244365,919d6f0fb3ca462983d6df6ec06846e41abd9645
densenet121,B,1706,103671,image_level_seed11,3,2,pituitary,6.245627789693517e-05,5.73974606331299e-05,0.9998801462614699,2,pituitary,0.9998801462614699,919d6f0fb3ca462983d6df6ec06846e41abd9645
densenet121,B,1710,103731,image_level_seed11,3,2,pituitary,0.0002192670111379394,0.0004572267712406487,0.9993235062176213,2,pituitary,0.9993235062176213,919d6f0fb3ca462983d6df6ec06846e41abd9645
densenet121,B,1711,103731,image_level_seed11,3,2,pituitary,3.316580410059827e-05,4.73180475188915e-05,0.9999195161483805,2,pituitary,0.9999195161483805,919d6f0fb3ca462983d6df6ec06846e41abd9645
densenet121,B,1714,103837,image_level_seed11,3,2,pituitary,0.00024016843525240253,0.00014619757634529789,0.9996136339884023,2,pituitary,0.9996136339884023,919d6f0fb3ca462983d6df6ec06846e41abd9645
densenet121,B,1715,103837,image_level_seed11,3,2,pituitary,8.255296711170541e-05,7.68590839777757e-05,0.9998405879489104,2,pituitary,0.9998405879489104,919d6f0fb3ca462983d6df6ec06846e41abd9645
densenet121,B,1721,104019,image_level_seed11,3,2,pituitary,2.9228519526715463e-05,4.7138834389613624e-05,0.9999236326460836,2,pituitary,0.9999236326460836,919d6f0fb3ca462983d6df6ec06846e41abd9645
densenet121,B,1722,104019,image_level_seed11,3,2,pituitary,1.1447620678996747e-05,1.2343835012122664e-05,0.999976208544309,2,pituitary,0.999976208544309,919d6f0fb3ca462983d6df6ec06846e41abd9645
densenet121,B,1725,104558,image_level_seed11,3,2,pituitary,0.00045291377438202974,0.005346384378567566,0.9942007018470504,2,pituitary,0.9942007018470504,919d6f0fb3ca462983d6df6ec06846e41abd9645
densenet121,B,1735,104684,image_level_seed11,3,2,pituitary,5.856555540863538e-05,7.624540324041438e-05,0.9998651890413509,2,pituitary,0.9998651890413509,919d6f0fb3ca462983d6df6ec06846e41abd9645
densenet121,B,1736,104684,image_level_seed11,3,2,pituitary,2.3890249121130774e-05,5.1601744780115974e-05,0.9999245080060989,2,pituitary,0.9999245080060989,919d6f0fb3ca462983d6df6ec06846e41abd9645
densenet121,B,1745,104912,image_level_seed11,3,2,pituitary,0.00017106222819408433,0.0003554925105404276,0.9994734452612656,2,pituitary,0.9994734452612656,919d6f0fb3ca462983d6df6ec06846e41abd9645
densenet121,B,1755,105475,image_level_seed11,3,2,pituitary,0.0008162632492281783,0.0003044731277508392,0.998879263623021,2,pituitary,0.998879263623021,919d6f0fb3ca462983d6df6ec06846e41abd9645
densenet121,B,1758,105475,image_level_seed11,3,2,pituitary,0.0001326345415627366,4.9331456077290835e-05,0.9998180340023599,2,pituitary,0.9998180340023599,919d6f0fb3ca462983d6df6ec06846e41abd9645
densenet121,B,1769,97416,image_level_seed11,3,2,pituitary,0.0008854665172434087,0.00027314790813590746,0.9988413855746205,2,pituitary,0.9988413855746205,919d6f0fb3ca462983d6df6ec06846e41abd9645
densenet121,B,1770,97416,image_level_seed11,3,2,pituitary,4.0598727166370934e-05,2.8891770458280127e-05,0.9999305095023753,2,pituitary,0.9999305095023753,919d6f0fb3ca462983d6df6ec06846e41abd9645
densenet121,B,1773,97461,image_level_seed11,3,2,pituitary,6.909585678971695e-05,0.00014606383524764328,0.9997848403079628,2,pituitary,0.9997848403079628,919d6f0fb3ca462983d6df6ec06846e41abd9645
densenet121,B,1788,97599,image_level_seed11,3,2,pituitary,0.0008674837479208387,0.00026950034949824,0.9988630159025809,2,pituitary,0.9988630159025809,919d6f0fb3ca462983d6df6ec06846e41abd9645
densenet121,B,1796,98472,image_level_seed11,3,2,pituitary,0.3973908579930629,0.0009426292746317182,0.6016665127323054,2,pituitary,0.6016665127323054,919d6f0fb3ca462983d6df6ec06846e41abd9645
densenet121,B,1797,98472,image_level_seed11,3,2,pituitary,0.15105140755492208,0.0022379954498891784,0.8467105969951888,2,pituitary,0.8467105969951888,919d6f0fb3ca462983d6df6ec06846e41abd9645
densenet121,B,1798,98472,image_level_seed11,3,2,pituitary,0.012386486707752609,0.00010578044796575972,0.9875077328442816,2,pituitary,0.9875077328442816,919d6f0fb3ca462983d6df6ec06846e41abd9645
densenet121,B,1805,98652,image_level_seed11,3,2,pituitary,0.0009367671277606887,0.0009920534755374422,0.9980711793967019,2,pituitary,0.9980711793967019,919d6f0fb3ca462983d6df6ec06846e41abd9645
densenet121,B,1812,98871,image_level_seed11,3,2,pituitary,6.0152039659139216e-05,0.00016120022822282146,0.9997786477321181,2,pituitary,0.9997786477321181,919d6f0fb3ca462983d6df6ec06846e41abd9645
densenet121,B,1813,98874,image_level_seed11,3,2,pituitary,0.00014044993714105967,0.0003530553269072415,0.9995064947359518,2,pituitary,0.9995064947359518,919d6f0fb3ca462983d6df6ec06846e41abd9645
densenet121,B,1815,98874,image_level_seed11,3,2,pituitary,9.02460446309054e-05,7.916703544637601e-05,0.9998305869199228,2,pituitary,0.9998305869199228,919d6f0fb3ca462983d6df6ec06846e41abd9645
densenet121,B,1820,98992,image_level_seed11,3,2,pituitary,0.0001094392034518459,0.00019389795370714974,0.9996966628428409,2,pituitary,0.9996966628428409,919d6f0fb3ca462983d6df6ec06846e41abd9645
densenet121,B,1837,99223,image_level_seed11,3,2,pituitary,4.230364207956658e-05,4.057251246222e-05,0.9999171238454583,2,pituitary,0.9999171238454583,919d6f0fb3ca462983d6df6ec06846e41abd9645
densenet121,B,1838,99223,image_level_seed11,3,2,pituitary,5.7644965278031455e-05,8.045690958689698e-05,0.9998618981251352,2,pituitary,0.9998618981251352,919d6f0fb3ca462983d6df6ec06846e41abd9645
densenet121,B,1841,MR048294,image_level_seed11,3,1,glioma,0.0003662344510575658,0.9990509054301424,0.000582860118800045,1,glioma,0.9990509054301424,919d6f0fb3ca462983d6df6ec06846e41abd9645
densenet121,B,1842,MR048294,image_level_seed11,3,1,glioma,0.00040961094155777394,0.9986471473427118,0.0009432417157304577,1,glioma,0.9986471473427118,919d6f0fb3ca462983d6df6ec06846e41abd9645
densenet121,B,1846,MR048294,image_level_seed11,3,1,glioma,0.00022266769935013058,0.9996334375030805,0.00014389479756930242,1,glioma,0.9996334375030805,919d6f0fb3ca462983d6df6ec06846e41abd9645
densenet121,B,1870,MR048994,image_level_seed11,3,1,glioma,0.00014645708307310247,0.999805615509948,4.792740697909858e-05,1,glioma,0.999805615509948,919d6f0fb3ca462983d6df6ec06846e41abd9645
densenet121,B,1871,MR048994,image_level_seed11,3,1,glioma,0.00023304340522916397,0.9997097609795403,5.719561523054575e-05,1,glioma,0.9997097609795403,919d6f0fb3ca462983d6df6ec06846e41abd9645
densenet121,B,1873,MR048994,image_level_seed11,3,1,glioma,0.0002887786519891462,0.9996620362756494,4.918507236147934e-05,1,glioma,0.9996620362756494,919d6f0fb3ca462983d6df6ec06846e41abd9645
densenet121,B,1876,MR048994,image_level_seed11,3,1,glioma,0.00046182290605140835,0.999318140809694,0.00022003628425437091,1,glioma,0.999318140809694,919d6f0fb3ca462983d6df6ec06846e41abd9645
densenet121,B,1889,MR048994B,image_level_seed11,3,1,glioma,0.00017706821972937874,0.9997526949229893,7.02368572812266e-05,1,glioma,0.9997526949229893,919d6f0fb3ca462983d6df6ec06846e41abd9645
densenet121,B,1904,MR049358,image_level_seed11,3,1,glioma,0.00028186351560823133,0.9993075668936735,0.00041056959071839846,1,glioma,0.9993075668936735,919d6f0fb3ca462983d6df6ec06846e41abd9645
densenet121,B,1920,MR049453,image_level_seed11,3,1,glioma,0.0001857601529913908,0.9996936637645154,0.00012057608249324882,1,glioma,0.9996936637645154,919d6f0fb3ca462983d6df6ec06846e41abd9645
densenet121,B,1940,MR049453B,image_level_seed11,3,1,glioma,0.00036592480663695493,0.9990159617932207,0.0006181134001422962,1,glioma,0.9990159617932207,919d6f0fb3ca462983d6df6ec06846e41abd9645
densenet121,B,1943,MR049453B,image_level_seed11,3,1,glioma,0.00020339523764996173,0.9996501096281599,0.00014649513418995923,1,glioma,0.9996501096281599,919d6f0fb3ca462983d6df6ec06846e41abd9645
densenet121,B,1948,MR048621B,image_level_seed11,3,1,glioma,0.002492776732336241,0.9947640434298541,0.002743179837809651,1,glioma,0.9947640434298541,919d6f0fb3ca462983d6df6ec06846e41abd9645
densenet121,B,1961,MR050135B,image_level_seed11,3,1,glioma,0.00027454854906906517,0.9994978002693108,0.00022765118162009653,1,glioma,0.9994978002693108,919d6f0fb3ca462983d6df6ec06846e41abd9645
densenet121,B,1966,MR050687,image_level_seed11,3,1,glioma,0.00048695369803564755,0.9993872072288705,0.00012583907309387062,1,glioma,0.9993872072288705,919d6f0fb3ca462983d6df6ec06846e41abd9645
densenet121,B,1969,MR050687,image_level_seed11,3,1,glioma,0.0006815368370002421,0.9992476852905318,7.077787246798131e-05,1,glioma,0.9992476852905318,919d6f0fb3ca462983d6df6ec06846e41abd9645
densenet121,B,1971,MR050687,image_level_seed11,3,1,glioma,0.0038111103169313904,0.9961144300957301,7.445958733843924e-05,1,glioma,0.9961144300957301,919d6f0fb3ca462983d6df6ec06846e41abd9645
densenet121,B,2000,MR051461,image_level_seed11,3,1,glioma,0.00019850545831500807,0.9997573248422387,4.4169699446382286e-05,1,glioma,0.9997573248422387,919d6f0fb3ca462983d6df6ec06846e41abd9645
densenet121,B,2009,MR051586,image_level_seed11,3,1,glioma,8.541500467896535e-05,0.9998815640385844,3.3020956736765704e-05,1,glioma,0.9998815640385844,919d6f0fb3ca462983d6df6ec06846e41abd9645
densenet121,B,2020,MR051644,image_level_seed11,3,1,glioma,0.006655722373384681,0.9931722507785252,0.000172026848090043,1,glioma,0.9931722507785252,919d6f0fb3ca462983d6df6ec06846e41abd9645
densenet121,B,2029,MR051644,image_level_seed11,3,1,glioma,0.00024481643571685596,0.9994309127801825,0.00032427078410066036,1,glioma,0.9994309127801825,919d6f0fb3ca462983d6df6ec06846e41abd9645
densenet121,B,2031,MR051644,image_level_seed11,3,1,glioma,0.0007274064488146189,0.9990028987418361,0.00026969480934920025,1,glioma,0.9990028987418361,919d6f0fb3ca462983d6df6ec06846e41abd9645
densenet121,B,2032,MR051651,image_level_seed11,3,1,glioma,0.001571965504534881,0.9983382456527463,8.978884271874074e-05,1,glioma,0.9983382456527463,919d6f0fb3ca462983d6df6ec06846e41abd9645
densenet121,B,2033,MR051651,image_level_seed11,3,1,glioma,0.0019836018791775435,0.9979815108429783,3.488727784403406e-05,1,glioma,0.9979815108429783,919d6f0fb3ca462983d6df6ec06846e41abd9645
densenet121,B,2039,MR051796,image_level_seed11,3,1,glioma,0.00024387162060155113,0.9995514177526346,0.00020471062676394018,1,glioma,0.9995514177526346,919d6f0fb3ca462983d6df6ec06846e41abd9645
densenet121,B,2047,MR051651B,image_level_seed11,3,1,glioma,0.002182885494075134,0.997784176089613,3.293841631191751e-05,1,glioma,0.997784176089613,919d6f0fb3ca462983d6df6ec06846e41abd9645
densenet121,B,2049,MR051651B,image_level_seed11,3,1,glioma,0.00019524001508704065,0.9997764635683368,2.829641657618662e-05,1,glioma,0.9997764635683368,919d6f0fb3ca462983d6df6ec06846e41abd9645
densenet121,B,2052,MR051644B,image_level_seed11,3,1,glioma,0.0002730327886351424,0.9993327744817398,0.00039419272962517383,1,glioma,0.9993327744817398,919d6f0fb3ca462983d6df6ec06846e41abd9645
densenet121,B,2059,MR051796B,image_level_seed11,3,1,glioma,0.0001559855098557961,0.9996308643493305,0.0002131501408136643,1,glioma,0.9996308643493305,919d6f0fb3ca462983d6df6ec06846e41abd9645
densenet121,B,2071,MR051644C,image_level_seed11,3,1,glioma,0.00018368454465808132,0.999626395354288,0.00018992010105396275,1,glioma,0.999626395354288,919d6f0fb3ca462983d6df6ec06846e41abd9645
densenet121,B,2078,MR049942B,image_level_seed11,3,1,glioma,0.00014432245239757557,0.999734249429869,0.00012142811773329935,1,glioma,0.999734249429869,919d6f0fb3ca462983d6df6ec06846e41abd9645
densenet121,B,2079,MR049942B,image_level_seed11,3,1,glioma,0.0001351054566349936,0.9997920189568528,7.287558651217602e-05,1,glioma,0.9997920189568528,919d6f0fb3ca462983d6df6ec06846e41abd9645
densenet121,B,2085,MR047953C,image_level_seed11,3,1,glioma,0.0003799426900718524,0.9985105737219695,0.0011094835879586187,1,glioma,0.9985105737219695,919d6f0fb3ca462983d6df6ec06846e41abd9645
densenet121,B,2090,MR053110B,image_level_seed11,3,1,glioma,6.505352596561377e-05,0.9999049988498544,2.994762417994691e-05,1,glioma,0.9999049988498544,919d6f0fb3ca462983d6df6ec06846e41abd9645
densenet121,B,2097,MR054683,image_level_seed11,3,1,glioma,0.00034406491563600256,0.99811229189514,0.0015436431892240786,1,glioma,0.99811229189514,919d6f0fb3ca462983d6df6ec06846e41abd9645
densenet121,B,2102,MR054875,image_level_seed11,3,1,glioma,0.00011107342625236199,0.999821624369857,6.730220389089214e-05,1,glioma,0.999821624369857,919d6f0fb3ca462983d6df6ec06846e41abd9645
densenet121,B,2114,MR034997,image_level_seed11,3,1,glioma,0.0011842462707416022,0.9987699282723325,4.582545692597449e-05,1,glioma,0.9987699282723325,919d6f0fb3ca462983d6df6ec06846e41abd9645
densenet121,B,2116,MR034997,image_level_seed11,3,1,glioma,0.00012963246913556462,0.9998501069704477,2.0260560416785453e-05,1,glioma,0.9998501069704477,919d6f0fb3ca462983d6df6ec06846e41abd9645
densenet121,B,2125,MR029209E,image_level_seed11,3,1,glioma,0.00023265496543676674,0.9995884595564669,0.0001788854780963267,1,glioma,0.9995884595564669,919d6f0fb3ca462983d6df6ec06846e41abd9645
densenet121,B,2126,MR029209E,image_level_seed11,3,1,glioma,0.00023081625846262975,0.9997014552307031,6.772851083436626e-05,1,glioma,0.9997014552307031,919d6f0fb3ca462983d6df6ec06846e41abd9645
densenet121,B,2128,MR053110E,image_level_seed11,3,1,glioma,0.0002443140305128577,0.9991909255876157,0.0005647603818715723,1,glioma,0.9991909255876157,919d6f0fb3ca462983d6df6ec06846e41abd9645
densenet121,B,2133,MR053110E,image_level_seed11,3,1,glioma,0.0008907905798102247,0.9978882381340404,0.0012209712861493906,1,glioma,0.9978882381340404,919d6f0fb3ca462983d6df6ec06846e41abd9645
densenet121,B,2141,MR031409B,image_level_seed11,3,1,glioma,0.002567213253789374,0.9970993666412696,0.00033342010494112503,1,glioma,0.9970993666412696,919d6f0fb3ca462983d6df6ec06846e41abd9645
densenet121,B,2143,MR031409B,image_level_seed11,3,1,glioma,0.022592028619840294,0.9761000517998631,0.0013079195802965275,1,glioma,0.9761000517998631,919d6f0fb3ca462983d6df6ec06846e41abd9645
densenet121,B,2151,MR038469,image_level_seed11,3,1,glioma,0.000710231925722794,0.9990855586299093,0.00020420944436788565,1,glioma,0.9990855586299093,919d6f0fb3ca462983d6df6ec06846e41abd9645
densenet121,B,2157,MR032322C,image_level_seed11,3,1,glioma,0.00030670748146994364,0.9996054616638688,8.783085466120584e-05,1,glioma,0.9996054616638688,919d6f0fb3ca462983d6df6ec06846e41abd9645
densenet121,B,2168,MR037458B,image_level_seed11,3,1,glioma,0.002491029393183237,0.9972072657910498,0.0003017048157670715,1,glioma,0.9972072657910498,919d6f0fb3ca462983d6df6ec06846e41abd9645
densenet121,B,2171,MR037458B,image_level_seed11,3,1,glioma,0.02667453673697131,0.9729865150356094,0.0003389482274192017,1,glioma,0.9729865150356094,919d6f0fb3ca462983d6df6ec06846e41abd9645
densenet121,B,2175,MR039473,image_level_seed11,3,1,glioma,0.0004331228986401217,0.9992112989976755,0.00035557810368439863,1,glioma,0.9992112989976755,919d6f0fb3ca462983d6df6ec06846e41abd9645
densenet121,B,2183,MR039473B,image_level_seed11,3,1,glioma,0.00017451506164410348,0.9996256108849851,0.00019987405337075457,1,glioma,0.9996256108849851,919d6f0fb3ca462983d6df6ec06846e41abd9645
densenet121,B,2190,MR037458C,image_level_seed11,3,1,glioma,0.00021715512399756289,0.9996984581728937,8.43867031087662e-05,1,glioma,0.9996984581728937,919d6f0fb3ca462983d6df6ec06846e41abd9645
densenet121,B,2203,MR040240,image_level_seed11,3,1,glioma,0.00205996192539007,0.9958592725030488,0.002080765571561198,1,glioma,0.9958592725030488,919d6f0fb3ca462983d6df6ec06846e41abd9645
densenet121,B,2206,MR040240B,image_level_seed11,3,1,glioma,0.0006483275894577005,0.9989530082014617,0.0003986642090806317,1,glioma,0.9989530082014617,919d6f0fb3ca462983d6df6ec06846e41abd9645
densenet121,B,2210,MR040240B,image_level_seed11,3,1,glioma,0.00018565700161250856,0.9997113691709586,0.00010297382742887506,1,glioma,0.9997113691709586,919d6f0fb3ca462983d6df6ec06846e41abd9645
densenet121,B,2214,MR040240B,image_level_seed11,3,1,glioma,0.0007037430782386702,0.9990642919119165,0.00023196500984495148,1,glioma,0.9990642919119165,919d6f0fb3ca462983d6df6ec06846e41abd9645
densenet121,B,2229,MR036496B,image_level_seed11,3,1,glioma,0.0007479445633619894,0.9991792758934587,7.277954317912351e-05,1,glioma,0.9991792758934587,919d6f0fb3ca462983d6df6ec06846e41abd9645
densenet121,B,2243,MR048994,image_level_seed11,3,1,glioma,0.0007202056932838722,0.9992153289880035,6.446531871263586e-05,1,glioma,0.9992153289880035,919d6f0fb3ca462983d6df6ec06846e41abd9645
densenet121,B,2245,MR049104,image_level_seed11,3,1,glioma,0.00029070758789794053,0.9994597705745917,0.00024952183751042624,1,glioma,0.9994597705745917,919d6f0fb3ca462983d6df6ec06846e41abd9645
densenet121,B,2246,MR049104,image_level_seed11,3,1,glioma,0.00010108803044266672,0.9998379752902298,6.093667932743888e-05,1,glioma,0.9998379752902298,919d6f0fb3ca462983d6df6ec06846e41abd9645
densenet121,B,2264,MR049358,image_level_seed11,3,1,glioma,0.00014669770952684168,0.9996834605559926,0.00016984173448065298,1,glioma,0.9996834605559926,919d6f0fb3ca462983d6df6ec06846e41abd9645
densenet121,B,2269,MR049358,image_level_seed11,3,1,glioma,0.0001272287052315676,0.9997314594113386,0.00014131188342975955,1,glioma,0.9997314594113386,919d6f0fb3ca462983d6df6ec06846e41abd9645
densenet121,B,2276,MR049453,image_level_seed11,3,1,glioma,0.0003264034418238411,0.9992018780663219,0.0004717184918543437,1,glioma,0.9992018780663219,919d6f0fb3ca462983d6df6ec06846e41abd9645
densenet121,B,2277,MR049453,image_level_seed11,3,1,glioma,0.00026692045366228837,0.999493827630811,0.00023925191552675787,1,glioma,0.999493827630811,919d6f0fb3ca462983d6df6ec06846e41abd9645
densenet121,B,2279,MR024780G,image_level_seed11,3,1,glioma,0.00020111413208476886,0.999700765826926,9.812004098916881e-05,1,glioma,0.999700765826926,919d6f0fb3ca462983d6df6ec06846e41abd9645
densenet121,B,2280,MR024780G,image_level_seed11,3,1,glioma,0.00013108164647270514,0.9998187579844824,5.016036904502299e-05,1,glioma,0.9998187579844824,919d6f0fb3ca462983d6df6ec06846e41abd9645
densenet121,B,2292,MR049453B,image_level_seed11,3,1,glioma,0.003819192675755082,0.99056941986364,0.005611387460604814,1,glioma,0.99056941986364,919d6f0fb3ca462983d6df6ec06846e41abd9645
densenet121,B,2297,MR049453B,image_level_seed11,3,1,glioma,0.0002642292549321306,0.9991337578368991,0.0006020129081687611,1,glioma,0.9991337578368991,919d6f0fb3ca462983d6df6ec06846e41abd9645
densenet121,B,2298,MR049453B,image_level_seed11,3,1,glioma,0.0001666940300996725,0.9996774860672055,0.00015581990269479293,1,glioma,0.9996774860672055,919d6f0fb3ca462983d6df6ec06846e41abd9645
densenet121,B,2311,MR050687,image_level_seed11,3,1,glioma,0.0007452068646401995,0.9988155611213668,0.0004392320139930164,1,glioma,0.9988155611213668,919d6f0fb3ca462983d6df6ec06846e41abd9645
densenet121,B,2312,MR050687,image_level_seed11,3,1,glioma,0.0002918545232032676,0.9995842432424075,0.00012390223438931612,1,glioma,0.9995842432424075,919d6f0fb3ca462983d6df6ec06846e41abd9645
densenet121,B,2315,MR050687,image_level_seed11,3,1,glioma,0.07753041067659958,0.9218745928210277,0.0005949965023727966,1,glioma,0.9218745928210277,919d6f0fb3ca462983d6df6ec06846e41abd9645
densenet121,B,2330,MR026175C,image_level_seed11,3,1,glioma,0.0001658124362890615,0.9996614557275421,0.00017273183616902055,1,glioma,0.9996614557275421,919d6f0fb3ca462983d6df6ec06846e41abd9645
densenet121,B,2337,MR051461,image_level_seed11,3,1,glioma,0.0006889588563538543,0.9982812739351192,0.0010297672085269147,1,glioma,0.9982812739351192,919d6f0fb3ca462983d6df6ec06846e41abd9645
densenet121,B,2350,MR026175E,image_level_seed11,3,1,glioma,0.0009181096374785285,0.9979853704869667,0.0010965198755545917,1,glioma,0.9979853704869667,919d6f0fb3ca462983d6df6ec06846e41abd9645
densenet121,B,2354,MR026175E,image_level_seed11,3,1,glioma,0.0003417675388665921,0.9989896004867851,0.0006686319743483894,1,glioma,0.9989896004867851,919d6f0fb3ca462983d6df6ec06846e41abd9645
densenet121,B,2362,MR040240C,image_level_seed11,3,1,glioma,0.0005716346345431863,0.9956587648665777,0.0037696004988790727,1,glioma,0.9956587648665777,919d6f0fb3ca462983d6df6ec06846e41abd9645
densenet121,B,2370,MR040240C,image_level_seed11,3,1,glioma,0.001970048085972159,0.9959547499641517,0.00207520194987628,1,glioma,0.9959547499641517,919d6f0fb3ca462983d6df6ec06846e41abd9645
densenet121,B,2380,MR040240D,image_level_seed11,3,1,glioma,0.0006035023609328605,0.9992622575364605,0.00013424010260673503,1,glioma,0.9992622575364605,919d6f0fb3ca462983d6df6ec06846e41abd9645
densenet121,B,2384,MR017260F,image_level_seed11,3,1,glioma,0.00016640491102263254,0.9996731860365452,0.0001604090524323533,1,glioma,0.9996731860365452,919d6f0fb3ca462983d6df6ec06846e41abd9645
densenet121,B,2389,MR017260F,image_level_seed11,3,1,glioma,0.0011094635572317555,0.9986913457111346,0.00019919073163376003,1,glioma,0.9986913457111346,919d6f0fb3ca462983d6df6ec06846e41abd9645
densenet121,B,2390,MR017260F,image_level_seed11,3,1,glioma,0.0016763483753519418,0.9979290220874579,0.0003946295371900887,1,glioma,0.9979290220874579,919d6f0fb3ca462983d6df6ec06846e41abd9645
densenet121,B,2412,MR048297,image_level_seed11,3,1,glioma,0.06363879599589665,0.9304679490278002,0.005893254976303175,1,glioma,0.9304679490278002,919d6f0fb3ca462983d6df6ec06846e41abd9645
densenet121,B,2421,MR048621B,image_level_seed11,3,1,glioma,0.00020971142413366096,0.9996845398235217,0.00010574875234486198,1,glioma,0.9996845398235217,919d6f0fb3ca462983d6df6ec06846e41abd9645
densenet121,B,2426,MR048944,image_level_seed11,3,1,glioma,8.411962447049627e-05,0.9998880186956056,2.7861679923774407e-05,1,glioma,0.9998880186956056,919d6f0fb3ca462983d6df6ec06846e41abd9645
densenet121,B,2427,MR048944,image_level_seed11,3,1,glioma,0.00010559244274193296,0.9998313030638913,6.310449336665165e-05,1,glioma,0.9998313030638913,919d6f0fb3ca462983d6df6ec06846e41abd9645
densenet121,B,2428,MR048944,image_level_seed11,3,1,glioma,0.0002522541307332298,0.9996059671814358,0.00014177868783116877,1,glioma,0.9996059671814358,919d6f0fb3ca462983d6df6ec06846e41abd9645
densenet121,B,2429,MR048944,image_level_seed11,3,1,glioma,0.00018876306096564415,0.9997200897872806,9.114715175373016e-05,1,glioma,0.9997200897872806,919d6f0fb3ca462983d6df6ec06846e41abd9645
densenet121,B,2431,MR048944,image_level_seed11,3,1,glioma,0.00023578113189888617,0.9997136447969585,5.057407114272061e-05,1,glioma,0.9997136447969585,919d6f0fb3ca462983d6df6ec06846e41abd9645
densenet121,B,2435,MR048994,image_level_seed11,3,1,glioma,0.0005384828299101701,0.9994177414001798,4.3775769909860305e-05,1,glioma,0.9994177414001798,919d6f0fb3ca462983d6df6ec06846e41abd9645
densenet121,B,2464,MR029209G,image_level_seed11,3,1,glioma,0.0003076758072304565,0.9995776364583406,0.00011468773442893715,1,glioma,0.9995776364583406,919d6f0fb3ca462983d6df6ec06846e41abd9645
densenet121,B,2470,MR036496B,image_level_seed11,3,1,glioma,0.00024561591778977433,0.9997044432034415,4.99408787687826e-05,1,glioma,0.9997044432034415,919d6f0fb3ca462983d6df6ec06846e41abd9645
densenet121,B,2475,MR036496B,image_level_seed11,3,1,glioma,0.00038698328251516803,0.9995318889909086,8.112772657621107e-05,1,glioma,0.9995318889909086,919d6f0fb3ca462983d6df6ec06846e41abd9645
densenet121,B,2488,MR033389B,image_level_seed11,3,1,glioma,4.6778457358364795e-05,0.999909159422345,4.406212029661421e-05,1,glioma,0.999909159422345,919d6f0fb3ca462983d6df6ec06846e41abd9645
densenet121,B,2495,MR033389B,image_level_seed11,3,1,glioma,0.00011289058982591566,0.9997290542509014,0.0001580551592726655,1,glioma,0.9997290542509014,919d6f0fb3ca462983d6df6ec06846e41abd9645
densenet121,B,2503,MR026175E,image_level_seed11,3,1,glioma,0.0004814592563716751,0.9993356025152064,0.0001829382284220242,1,glioma,0.9993356025152064,919d6f0fb3ca462983d6df6ec06846e41abd9645
densenet121,B,2507,MR026175E,image_level_seed11,3,1,glioma,0.00061627746152967,0.9992497468117068,0.00013397572676343523,1,glioma,0.9992497468117068,919d6f0fb3ca462983d6df6ec06846e41abd9645
densenet121,B,2515,MR040240C,image_level_seed11,3,1,glioma,0.0008310382611512227,0.9991299017289157,3.9060009933168446e-05,1,glioma,0.9991299017289157,919d6f0fb3ca462983d6df6ec06846e41abd9645
densenet121,B,2516,MR040240C,image_level_seed11,3,1,glioma,0.0001283165591029299,0.9997713712122828,0.00010031222861417095,1,glioma,0.9997713712122828,919d6f0fb3ca462983d6df6ec06846e41abd9645
densenet121,B,2528,MR017260F,image_level_seed11,3,1,glioma,0.00011399378878682514,0.9997228461864832,0.00016316002472982783,1,glioma,0.9997228461864832,919d6f0fb3ca462983d6df6ec06846e41abd9645
densenet121,B,2533,MR029209I,image_level_seed11,3,1,glioma,0.0011275372084950464,0.9973007001422725,0.0015717626492324456,1,glioma,0.9973007001422725,919d6f0fb3ca462983d6df6ec06846e41abd9645
densenet121,B,2536,MR029209I,image_level_seed11,3,1,glioma,0.000387251718963586,0.999223431514765,0.00038931676627156726,1,glioma,0.999223431514765,919d6f0fb3ca462983d6df6ec06846e41abd9645
densenet121,B,2542,MR048294,image_level_seed11,3,1,glioma,0.00025768455841322,0.9995330791458787,0.00020923629570810328,1,glioma,0.9995330791458787,919d6f0fb3ca462983d6df6ec06846e41abd9645
densenet121,B,2545,MR048294,image_level_seed11,3,1,glioma,0.0005313893250641804,0.9991064141282999,0.0003621965466359256,1,glioma,0.9991064141282999,919d6f0fb3ca462983d6df6ec06846e41abd9645
densenet121,B,2557,MR051644,image_level_seed11,3,1,glioma,0.0006595649346072286,0.99889900750863,0.00044142755676271605,1,glioma,0.99889900750863,919d6f0fb3ca462983d6df6ec06846e41abd9645
densenet121,B,2559,MR051644,image_level_seed11,3,1,glioma,7.873166503260122e-05,0.999798937396507,0.00012233093846029773,1,glioma,0.999798937396507,919d6f0fb3ca462983d6df6ec06846e41abd9645
densenet121,B,2579,MR051651B,image_level_seed11,3,1,glioma,0.001649486238392274,0.9982981895219605,5.232423964725399e-05,1,glioma,0.9982981895219605,919d6f0fb3ca462983d6df6ec06846e41abd9645
densenet121,B,2580,MR051651B,image_level_seed11,3,1,glioma,0.00037292113242166,0.9995999931326361,2.7085734942304584e-05,1,glioma,0.9995999931326361,919d6f0fb3ca462983d6df6ec06846e41abd9645
densenet121,B,2581,MR051651B,image_level_seed11,3,1,glioma,0.0007511312903068683,0.9991159063599848,0.00013296234970823086,1,glioma,0.9991159063599848,919d6f0fb3ca462983d6df6ec06846e41abd9645
densenet121,B,2585,MR051651B,image_level_seed11,3,1,glioma,0.0012057706749116033,0.9987371951070304,5.7034218058039354e-05,1,glioma,0.9987371951070304,919d6f0fb3ca462983d6df6ec06846e41abd9645
densenet121,B,2613,MR047953C,image_level_seed11,3,1,glioma,0.00031183918656203357,0.9985792319488774,0.001108928864560499,1,glioma,0.9985792319488774,919d6f0fb3ca462983d6df6ec06846e41abd9645
densenet121,B,2616,MR047953C,image_level_seed11,3,1,glioma,0.0012072237307336874,0.9955760667501641,0.0032167095191023183,1,glioma,0.9955760667501641,919d6f0fb3ca462983d6df6ec06846e41abd9645
densenet121,B,2617,MR053110B,image_level_seed11,3,1,glioma,0.00022933124977418285,0.9995312453036754,0.0002394234465505492,1,glioma,0.9995312453036754,919d6f0fb3ca462983d6df6ec06846e41abd9645
densenet121,B,2630,MR034694,image_level_seed11,3,1,glioma,0.00010732750634037226,0.9997606144043346,0.00013205808932496624,1,glioma,0.9997606144043346,919d6f0fb3ca462983d6df6ec06846e41abd9645
densenet121,B,2641,MR049242C,image_level_seed11,3,1,glioma,0.00042580897623982754,0.9993497512616085,0.0002244397621515592,1,glioma,0.9993497512616085,919d6f0fb3ca462983d6df6ec06846e41abd9645
densenet121,B,2648,MR053241C,image_level_seed11,3,1,glioma,0.0004635920030950552,0.9991995803348329,0.00033682766207214596,1,glioma,0.9991995803348329,919d6f0fb3ca462983d6df6ec06846e41abd9645
densenet121,B,2652,MR034997,image_level_seed11,3,1,glioma,0.00043909249172838384,0.9993532900733294,0.00020761743494226824,1,glioma,0.9993532900733294,919d6f0fb3ca462983d6df6ec06846e41abd9645
densenet121,B,2657,MR029209E,image_level_seed11,3,1,glioma,0.0003474915443988249,0.999409940908434,0.00024256754716728575,1,glioma,0.999409940908434,919d6f0fb3ca462983d6df6ec06846e41abd9645
densenet121,B,2658,MR029209E,image_level_seed11,3,1,glioma,0.00030079769528951715,0.9995586036228715,0.000140598681838827,1,glioma,0.9995586036228715,919d6f0fb3ca462983d6df6ec06846e41abd9645
densenet121,B,2662,MR029209E,image_level_seed11,3,1,glioma,0.0006625388430926547,0.9990562422387685,0.00028121891813881136,1,glioma,0.9990562422387685,919d6f0fb3ca462983d6df6ec06846e41abd9645
densenet121,B,2663,MR029209E,image_level_seed11,3,1,glioma,0.002352236644241974,0.997175664459223,0.0004720988965349612,1,glioma,0.997175664459223,919d6f0fb3ca462983d6df6ec06846e41abd9645
densenet121,B,2670,MR053110E,image_level_seed11,3,1,glioma,0.00021158733388115266,0.9996650096082008,0.00012340305791807183,1,glioma,0.9996650096082008,919d6f0fb3ca462983d6df6ec06846e41abd9645
densenet121,B,2673,MR053110E,image_level_seed11,3,1,glioma,0.0017007679944548442,0.9979358774870318,0.0003633545185132518,1,glioma,0.9979358774870318,919d6f0fb3ca462983d6df6ec06846e41abd9645
densenet121,B,2676,MR049019G,image_level_seed11,3,1,glioma,0.00013911676609269625,0.9996377839225292,0.00022309931137795593,1,glioma,0.9996377839225292,919d6f0fb3ca462983d6df6ec06846e41abd9645
densenet121,B,2678,MR031409B,image_level_seed11,3,1,glioma,0.00041296639837056344,0.9992992653694673,0.0002877682321622008,1,glioma,0.9992992653694673,919d6f0fb3ca462983d6df6ec06846e41abd9645
densenet121,B,2683,MR038469,image_level_seed11,3,1,glioma,0.004158656384300259,0.9882325561243268,0.007608787491373083,1,glioma,0.9882325561243268,919d6f0fb3ca462983d6df6ec06846e41abd9645
densenet121,B,2684,MR038469,image_level_seed11,3,1,glioma,0.0021415322374228217,0.9956859396109948,0.0021725281515825616,1,glioma,0.9956859396109948,919d6f0fb3ca462983d6df6ec06846e41abd9645
densenet121,B,2689,MR032322C,image_level_seed11,3,1,glioma,0.0006044084024523293,0.9993428369194204,5.2754678127317907e-05,1,glioma,0.9993428369194204,919d6f0fb3ca462983d6df6ec06846e41abd9645
densenet121,B,2702,MR037458B,image_level_seed11,3,1,glioma,0.6309579625122892,0.367869199956218,0.0011728375314928906,0,meningioma,0.6309579625122892,919d6f0fb3ca462983d6df6ec06846e41abd9645
densenet121,B,2705,MR037458B,image_level_seed11,3,1,glioma,0.0020902666615782656,0.9977848559958019,0.0001248773426198465,1,glioma,0.9977848559958019,919d6f0fb3ca462983d6df6ec06846e41abd9645
densenet121,B,2720,MR039473B,image_level_seed11,3,1,glioma,0.00031765003956148044,0.9990819320870241,0.0006004178734143221,1,glioma,0.9990819320870241,919d6f0fb3ca462983d6df6ec06846e41abd9645
densenet121,B,2721,MR039473B,image_level_seed11,3,1,glioma,0.0004033039326120369,0.9990440339713148,0.000552662096073335,1,glioma,0.9990440339713148,919d6f0fb3ca462983d6df6ec06846e41abd9645
densenet121,B,2722,MR039473B,image_level_seed11,3,1,glioma,0.00046737332521856387,0.9987261860311984,0.0008064406435829199,1,glioma,0.9987261860311984,919d6f0fb3ca462983d6df6ec06846e41abd9645
densenet121,B,2723,MR037458C,image_level_seed11,3,1,glioma,0.0005617917188882367,0.9991338700025326,0.00030433827857923116,1,glioma,0.9991338700025326,919d6f0fb3ca462983d6df6ec06846e41abd9645
densenet121,B,2725,MR037458C,image_level_seed11,3,1,glioma,0.002038439276729216,0.996837028068371,0.0011245326548998851,1,glioma,0.996837028068371,919d6f0fb3ca462983d6df6ec06846e41abd9645
densenet121,B,2729,MR037458C,image_level_seed11,3,1,glioma,0.0014015927363605005,0.9981956726675907,0.00040273459604889966,1,glioma,0.9981956726675907,919d6f0fb3ca462983d6df6ec06846e41abd9645
densenet121,B,2731,MR029209E,image_level_seed11,3,1,glioma,0.0007186853911570639,0.9991419014747804,0.00013941313406263265,1,glioma,0.9991419014747804,919d6f0fb3ca462983d6df6ec06846e41abd9645
densenet121,B,2740,MR053110E,image_level_seed11,3,1,glioma,0.0004182564781377057,0.9994893157558131,9.242776604920896e-05,1,glioma,0.9994893157558131,919d6f0fb3ca462983d6df6ec06846e41abd9645
densenet121,B,2741,MR053110E,image_level_seed11,3,1,glioma,0.0006627369895620219,0.9991818279599528,0.0001554350504852166,1,glioma,0.9991818279599528,919d6f0fb3ca462983d6df6ec06846e41abd9645
densenet121,B,2754,MR038469,image_level_seed11,3,1,glioma,0.003623690715456137,0.9709854137297282,0.025390895554815728,1,glioma,0.9709854137297282,919d6f0fb3ca462983d6df6ec06846e41abd9645
densenet121,B,2756,MR038469,image_level_seed11,3,1,glioma,0.0024395177809624284,0.9953531660866601,0.002207316132377438,1,glioma,0.9953531660866601,919d6f0fb3ca462983d6df6ec06846e41abd9645
densenet121,B,2757,MR038469,image_level_seed11,3,1,glioma,0.002436791239572862,0.9941544229670317,0.0034087857933954506,1,glioma,0.9941544229670317,919d6f0fb3ca462983d6df6ec06846e41abd9645
densenet121,B,2765,MR032322C,image_level_seed11,3,1,glioma,0.0007867513540899512,0.9984226416260124,0.0007906070198977423,1,glioma,0.9984226416260124,919d6f0fb3ca462983d6df6ec06846e41abd9645
densenet121,B,2767,MR032322C,image_level_seed11,3,1,glioma,0.0025021457897505834,0.9935359441791941,0.0039619100310553925,1,glioma,0.9935359441791941,919d6f0fb3ca462983d6df6ec06846e41abd9645
densenet121,B,2770,MR037458B,image_level_seed11,3,1,glioma,0.07693069071257753,0.921204279404596,0.0018650298828264105,1,glioma,0.921204279404596,919d6f0fb3ca462983d6df6ec06846e41abd9645
densenet121,B,2777,MR039473,image_level_seed11,3,1,glioma,0.0008890698872049465,0.9925992366421499,0.006511693470645107,1,glioma,0.9925992366421499,919d6f0fb3ca462983d6df6ec06846e41abd9645
densenet121,B,2784,MR039473B,image_level_seed11,3,1,glioma,0.00024276578369741088,0.9992992345422289,0.0004579996740736207,1,glioma,0.9992992345422289,919d6f0fb3ca462983d6df6ec06846e41abd9645
densenet121,B,2785,MR039473B,image_level_seed11,3,1,glioma,0.0006294943633610738,0.9981162515106681,0.001254254125970809,1,glioma,0.9981162515106681,919d6f0fb3ca462983d6df6ec06846e41abd9645
densenet121,B,2788,MR040240,image_level_seed11,3,1,glioma,0.003228122725268486,0.9945371858455644,0.0022346914291669403,1,glioma,0.9945371858455644,919d6f0fb3ca462983d6df6ec06846e41abd9645
densenet121,B,2790,MR040240,image_level_seed11,3,1,glioma,0.001627346545864709,0.9974277021301837,0.0009449513239516866,1,glioma,0.9974277021301837,919d6f0fb3ca462983d6df6ec06846e41abd9645
densenet121,B,2796,MR040240B,image_level_seed11,3,1,glioma,0.0006846207223640769,0.9980624322109054,0.0012529470667303555,1,glioma,0.9980624322109054,919d6f0fb3ca462983d6df6ec06846e41abd9645
densenet121,B,2797,MR040240B,image_level_seed11,3,1,glioma,0.0004373569374222603,0.9990544962078418,0.000508146854735936,1,glioma,0.9990544962078418,919d6f0fb3ca462983d6df6ec06846e41abd9645
densenet121,B,2809,MR033420,image_level_seed11,3,1,glioma,0.0004428408020479733,0.9994342296345895,0.00012292956336267558,1,glioma,0.9994342296345895,919d6f0fb3ca462983d6df6ec06846e41abd9645
densenet121,B,2815,MR033420,image_level_seed11,3,1,glioma,0.0008313340913212885,0.9986702143767678,0.0004984515319107696,1,glioma,0.9986702143767678,919d6f0fb3ca462983d6df6ec06846e41abd9645
densenet121,B,2819,MR024780B,image_level_seed11,3,1,glioma,0.0002154728247860497,0.9996146209158023,0.0001699062594116168,1,glioma,0.9996146209158023,919d6f0fb3ca462983d6df6ec06846e41abd9645
densenet121,B,2820,MR024780B,image_level_seed11,3,1,glioma,0.0002920032875526641,0.9995690814046548,0.00013891530779242673,1,glioma,0.9995690814046548,919d6f0fb3ca462983d6df6ec06846e41abd9645
densenet121,B,2823,MR048297,image_level_seed11,3,1,glioma,0.06887344213022917,0.9307477297236388,0.00037882814613205454,1,glioma,0.9307477297236388,919d6f0fb3ca462983d6df6ec06846e41abd9645
densenet121,B,2829,MR048297,image_level_seed11,3,1,glioma,0.0024133377711706354,0.9970005151130287,0.0005861471158007311,1,glioma,0.9970005151130287,919d6f0fb3ca462983d6df6ec06846e41abd9645
densenet121,B,2831,MR048294B,image_level_seed11,3,1,glioma,0.004215337751783729,0.9946849757496367,0.0010996864985794968,1,glioma,0.9946849757496367,919d6f0fb3ca462983d6df6ec06846e41abd9645
densenet121,B,2832,MR048294B,image_level_seed11,3,1,glioma,0.0011118476478556149,0.9975705729315212,0.0013175794206233527,1,glioma,0.9975705729315212,919d6f0fb3ca462983d6df6ec06846e41abd9645
densenet121,B,2841,MR048944,image_level_seed11,3,1,glioma,0.00024021006356180727,0.9995499871726032,0.00020980276383491481,1,glioma,0.9995499871726032,919d6f0fb3ca462983d6df6ec06846e41abd9645
densenet121,B,2842,MR048944,image_level_seed11,3,1,glioma,0.00019262164631872605,0.9996914880803004,0.00011589027338082051,1,glioma,0.9996914880803004,919d6f0fb3ca462983d6df6ec06846e41abd9645
densenet121,B,2846,MR048994,image_level_seed11,3,1,glioma,0.003963335794988492,0.9957382914565991,0.00029837274841223863,1,glioma,0.9957382914565991,919d6f0fb3ca462983d6df6ec06846e41abd9645
densenet121,B,2856,MR049104,image_level_seed11,3,1,glioma,0.0005156633473249603,0.9956307826755183,0.0038535539771568862,1,glioma,0.9956307826755183,919d6f0fb3ca462983d6df6ec06846e41abd9645
densenet121,B,2863,MR048994B,image_level_seed11,3,1,glioma,0.0019338980636309756,0.9977670759240237,0.00029902601234548475,1,glioma,0.9977670759240237,919d6f0fb3ca462983d6df6ec06846e41abd9645
densenet121,B,2875,MR049104B,image_level_seed11,3,1,glioma,0.000499200237324802,0.999134234507746,0.0003665652549291287,1,glioma,0.999134234507746,919d6f0fb3ca462983d6df6ec06846e41abd9645
densenet121,B,2894,MR050135B,image_level_seed11,3,1,glioma,0.0006264048558442777,0.9993172946269396,5.630051721604296e-05,1,glioma,0.9993172946269396,919d6f0fb3ca462983d6df6ec06846e41abd9645
densenet121,B,2900,MR050687,image_level_seed11,3,1,glioma,0.00020827511322626203,0.9996987067230491,9.301816372454641e-05,1,glioma,0.9996987067230491,919d6f0fb3ca462983d6df6ec06846e41abd9645
densenet121,B,2907,MR050791B,image_level_seed11,3,1,glioma,0.00028165308540398877,0.9996799069730196,3.843994157653786e-05,1,glioma,0.9996799069730196,919d6f0fb3ca462983d6df6ec06846e41abd9645
densenet121,B,2909,MR050791B,image_level_seed11,3,1,glioma,0.0005935261628271422,0.9993646080776245,4.18657595483674e-05,1,glioma,0.9993646080776245,919d6f0fb3ca462983d6df6ec06846e41abd9645
densenet121,B,2916,MR049019C,image_level_seed11,3,1,glioma,0.0007623858891869308,0.9987513507642698,0.00048626334654334796,1,glioma,0.9987513507642698,919d6f0fb3ca462983d6df6ec06846e41abd9645
densenet121,B,2918,MR051461,image_level_seed11,3,1,glioma,0.0009096696376450446,0.998793563626471,0.00029676673588384687,1,glioma,0.998793563626471,919d6f0fb3ca462983d6df6ec06846e41abd9645
densenet121,B,2920,MR051461,image_level_seed11,3,1,glioma,0.0016381533090655633,0.9979988717831494,0.000362974907784988,1,glioma,0.9979988717831494,919d6f0fb3ca462983d6df6ec06846e41abd9645
densenet121,B,2924,MR051461,image_level_seed11,3,1,glioma,0.001810884967153868,0.9980175601180433,0.00017155491480301194,1,glioma,0.9980175601180433,919d6f0fb3ca462983d6df6ec06846e41abd9645
densenet121,B,2927,MR051586,image_level_seed11,3,1,glioma,0.002626688687892681,0.9971353236902137,0.000237987621893712,1,glioma,0.9971353236902137,919d6f0fb3ca462983d6df6ec06846e41abd9645
densenet121,B,2928,MR051586,image_level_seed11,3,1,glioma,0.0038965452611968102,0.9955711296768457,0.0005323250619574933,1,glioma,0.9955711296768457,919d6f0fb3ca462983d6df6ec06846e41abd9645
densenet121,B,2931,MR051586,image_level_seed11,3,1,glioma,0.00043692751517770983,0.9993398369798567,0.000223235504965568,1,glioma,0.9993398369798567,919d6f0fb3ca462983d6df6ec06846e41abd9645
densenet121,B,2941,MR051644,image_level_seed11,3,1,glioma,0.00245281925066697,0.9973607762893727,0.0001864044599604524,1,glioma,0.9973607762893727,919d6f0fb3ca462983d6df6ec06846e41abd9645
densenet121,B,2946,MR051651,image_level_seed11,3,1,glioma,0.0010451477175190335,0.9989186299208234,3.622236165782822e-05,1,glioma,0.9989186299208234,919d6f0fb3ca462983d6df6ec06846e41abd9645
densenet121,B,2956,MR051651B,image_level_seed11,3,1,glioma,0.006261173369385655,0.9935662092544713,0.00017261737614308043,1,glioma,0.9935662092544713,919d6f0fb3ca462983d6df6ec06846e41abd9645
densenet121,B,2957,MR051651B,image_level_seed11,3,1,glioma,0.0008125331078874657,0.9991455609218085,4.1905970304089076e-05,1,glioma,0.9991455609218085,919d6f0fb3ca462983d6df6ec06846e41abd9645
densenet121,B,2985,MR051644C,image_level_seed11,3,1,glioma,0.00029077936553767854,0.9987814644577028,0.0009277561767593767,1,glioma,0.9987814644577028,919d6f0fb3ca462983d6df6ec06846e41abd9645
densenet121,B,3000,MR053110B,image_level_seed11,3,1,glioma,0.00040691157072527925,0.9993623345696713,0.00023075385960340822,1,glioma,0.9993623345696713,919d6f0fb3ca462983d6df6ec06846e41abd9645
densenet121,B,3019,MR050687C,image_level_seed11,3,1,glioma,0.0006573696598432123,0.9988607911322351,0.00048183920792151797,1,glioma,0.9988607911322351,919d6f0fb3ca462983d6df6ec06846e41abd9645
densenet121,B,3025,MR034997,image_level_seed11,3,1,glioma,0.0009217498867090194,0.9984031061461527,0.0006751439671382745,1,glioma,0.9984031061461527,919d6f0fb3ca462983d6df6ec06846e41abd9645
densenet121,B,3026,MR034997,image_level_seed11,3,1,glioma,0.001095876074754673,0.9980795201759505,0.0008246037492949995,1,glioma,0.9980795201759505,919d6f0fb3ca462983d6df6ec06846e41abd9645
densenet121,B,3031,MR033389B,image_level_seed11,3,1,glioma,0.00037034314306991093,0.9993369793703131,0.0002926774866169443,1,glioma,0.9993369793703131,919d6f0fb3ca462983d6df6ec06846e41abd9645
densenet121,B,3035,MR033389B,image_level_seed11,3,1,glioma,0.0008131480575868931,0.987798840768345,0.011388011174068069,1,glioma,0.987798840768345,919d6f0fb3ca462983d6df6ec06846e41abd9645
densenet121,B,3042,MR040240C,image_level_seed11,3,1,glioma,0.0010530774341801176,0.9976382165454825,0.001308706020337287,1,glioma,0.9976382165454825,919d6f0fb3ca462983d6df6ec06846e41abd9645
densenet121,B,3046,MR040240C,image_level_seed11,3,1,glioma,0.004648900750734019,0.9931556652709588,0.0021954339783072556,1,glioma,0.9931556652709588,919d6f0fb3ca462983d6df6ec06846e41abd9645
densenet121,B,3048,MR040240D,image_level_seed11,3,1,glioma,0.0013871364834769253,0.9970384421495747,0.001574421366948329,1,glioma,0.9970384421495747,919d6f0fb3ca462983d6df6ec06846e41abd9645
densenet121,B,3051,MR017260F,image_level_seed11,3,1,glioma,0.000789147692689856,0.9989816905321512,0.00022916177515901016,1,glioma,0.9989816905321512,919d6f0fb3ca462983d6df6ec06846e41abd9645
densenet121,B,3054,MR017260F,image_level_seed11,3,1,glioma,0.00039117230739562747,0.9994057403205385,0.000203087372065894,1,glioma,0.9994057403205385,919d6f0fb3ca462983d6df6ec06846e41abd9645
densenet121,B,3060,MR029209I,image_level_seed11,3,1,glioma,0.00035861346768564615,0.9992185373884626,0.000422849143851854,1,glioma,0.9992185373884626,919d6f0fb3ca462983d6df6ec06846e41abd9645
