model,arm,image_id,patient_id,protocol,test_fold,true_class,true_class_name,prob_0,prob_1,prob_2,pred_class,pred_class_name,confidence,experiment_input_commit
densenet121,B,2,100360,image_level_seed11,2,0,meningioma,0.9847433409331695,0.01429052469343706,0.0009661343733935503,0,meningioma,0.9847433409331695,919d6f0fb3ca462983d6df6ec06846e41abd9645
densenet121,B,3,100360,image_level_seed11,2,0,meningioma,0.9978464942987644,0.001958612237545248,0.00019489346369032723,0,meningioma,0.9978464942987644,919d6f0fb3ca462983d6df6ec06846e41abd9645
densenet121,B,5,100360,image_level_seed11,2,0,meningioma,0.7404683397259251,0.25876016974616667,0.0007714905279082285,0,meningioma,0.7404683397259251,919d6f0fb3ca462983d6df6ec06846e41abd9645
densenet121,B,7,100572,image_level_seed11,2,0,meningioma,0.9950938965823947,0.0004124156711179346,0.004493687746487375,0,meningioma,0.9950938965823947,919d6f0fb3ca462983d6df6ec06846e41abd9645
densenet121,B,16,101127,image_level_seed11,2,0,meningioma,0.07761369742650925,0.007809844116731137,0.9145764584567596,2,pituitary,0.9145764584567596,919d6f0fb3ca462983d6df6ec06846e41abd9645
densenet121,B,18,101127,image_level_seed11,2,0,meningioma,0.9997488479826204,0.00023751445162877163,1.363756575075919e-05,0,meningioma,0.9997488479826204,919d6f0fb3ca462983d6df6ec06846e41abd9645
densenet121,B,20,101797,image_level_seed11,2,0,meningioma,0.9969704285151562,0.0029763514667432603,5.322001810061252e-05,0,meningioma,0.9969704285151562,919d6f0fb3ca462983d6df6ec06846e41abd9645
densenet121,B,23,101797,image_level_seed11,2,0,meningioma,0.9997987896607365,0.00017322975575503232,2.7980583508458928e-05,0,meningioma,0.9997987896607365,919d6f0fb3ca462983d6df6ec06846e41abd9645
densenet121,B,24,102420,image_level_seed11,2,0,meningioma,0.9979199938903027,0.0016093387217848447,0.0004706673879124635,0,meningioma,0.9979199938903027,919d6f0fb3ca462983d6df6ec06846e41abd9645
densenet121,B,27,102675,image_level_seed11,2,0,meningioma,0.999896442289874,5.7465395110111884e-05,4.6092315015879035e-05,0,meningioma,0.999896442289874,919d6f0fb3ca462983d6df6ec06846e41abd9645
densenet121,B,29,102714,image_level_seed11,2,0,meningioma,0.9986226075477788,3.7562299842825174e-05,0.0013398301523783705,0,meningioma,0.9986226075477788,919d6f0fb3ca462983d6df6ec06846e41abd9645
densenet121,B,33,102929,image_level_seed11,2,0,meningioma,0.6515856416998084,0.3463860242054999,0.002028334094691796,0,meningioma,0.6515856416998084,919d6f0fb3ca462983d6df6ec06846e41abd9645
densenet121,B,40,103673,image_level_seed11,2,0,meningioma,0.9968551825227018,0.0005143642263026088,0.0026304532509955126,0,meningioma,0.9968551825227018,919d6f0fb3ca462983d6df6ec06846e41abd9645
densenet121,B,43,103925,image_level_seed11,2,0,meningioma,0.8692442610646606,0.00030798658254014595,0.1304477523527993,0,meningioma,0.8692442610646606,919d6f0fb3ca462983d6df6ec06846e41abd9645
densenet121,B,45,104167,image_level_seed11,2,0,meningioma,0.9997019735014934,0.00028297614886369795,1.5050349642863224e-05,0,meningioma,0.9997019735014934,919d6f0fb3ca462983d6df6ec06846e41abd9645
densenet121,B,46,104167,image_level_seed11,2,0,meningioma,0.9994441828126032,0.00018882388453913453,0.00036699330285759857,0,meningioma,0.9994441828126032,919d6f0fb3ca462983d6df6ec06846e41abd9645
densenet121,B,50,104281,image_level_seed11,2,0,meningioma,0.9990304055715696,0.0009363956988916607,3.319872953882572e-05,0,meningioma,0.9990304055715696,919d6f0fb3ca462983d6df6ec06846e41abd9645
densenet121,B,57,105374,image_level_seed11,2,0,meningioma,0.9945240580246929,0.005045827264905342,0.0004301147104017945,0,meningioma,0.9945240580246929,919d6f0fb3ca462983d6df6ec06846e41abd9645
densenet121,B,60,105937,image_level_seed11,2,0,meningioma,0.9937550701756734,0.0019832989684265517,0.0042616308559001006,0,meningioma,0.9937550701756734,919d6f0fb3ca462983d6df6ec06846e41abd9645
densenet121,B,63,106284,image_level_seed11,2,0,meningioma,0.9984627665296187,0.0002747581795206273,0.001262475290860643,0,meningioma,0.9984627665296187,919d6f0fb3ca462983d6df6ec06846e41abd9645
densenet121,B,68,106442,image_level_seed11,2,0,meningioma,0.999978407994292,1.92065545910341e-05,2.3854511166653033e-06,0,meningioma,0.999978407994292,919d6f0fb3ca462983d6df6ec06846e41abd9645
densenet121,B,72,106534,image_level_seed11,2,0,meningioma,0.9996851165293648,0.0002389743759011987,7.590909473399094e-05,0,meningioma,0.9996851165293648,919d6f0fb3ca462983d6df6ec06846e41abd9645
densenet121,B,76,106665,image_level_seed11,2,0,meningioma,0.9986819118990061,0.0010674130344895867,0.00025067506650439873,0,meningioma,0.9986819118990061,919d6f0fb3ca462983d6df6ec06846e41abd9645
densenet121,B,84,106720,image_level_seed11,2,0,meningioma,0.9921772468771997,0.004982269577057745,0.0028404835457425037,0,meningioma,0.9921772468771997,919d6f0fb3ca462983d6df6ec06846e41abd9645
densenet121,B,86,106720,image_level_seed11,2,0,meningioma,0.9994007665353943,0.00032122933351802675,0.0002780041310876183,0,meningioma,0.9994007665353943,919d6f0fb3ca462983d6df6ec06846e41abd9645
densenet121,B,90,106914,image_level_seed11,2,0,meningioma,0.9990708118976127,0.0008349308810372922,9.425722135007007e-05,0,meningioma,0.9990708118976127,919d6f0fb3ca462983d6df6ec06846e41abd9645
densenet121,B,92,107190,image_level_seed11,2,0,meningioma,0.9980717502612252,0.0018753447223011214,5.290501647369516e-05,0,meningioma,0.9980717502612252,919d6f0fb3ca462983d6df6ec06846e41abd9645
densenet121,B,95,107248,image_level_seed11,2,0,meningioma,0.989330963709271,0.000711300300595245,0.009957735990133765,0,meningioma,0.989330963709271,919d6f0fb3ca462983d6df6ec06846e41abd9645
densenet121,B,97,107248,image_level_seed11,2,0,meningioma,0.9747219318684063,0.011377210614381733,0.013900857517211979,0,meningioma,0.9747219318684063,919d6f0fb3ca462983d6df6ec06846e41abd9645
densenet121,B,103,107494,image_level_seed11,2,0,meningioma,0.9854258925418095,0.012277597618153025,0.0022965098400374376,0,meningioma,0.9854258925418095,919d6f0fb3ca462983d6df6ec06846e41abd9645
densenet121,B,107,108514,image_level_seed11,2,0,meningioma,0.9996413759814725,0.0003302873970585833,2.8336621468987272e-05,0,meningioma,0.9996413759814725,919d6f0fb3ca462983d6df6ec06846e41abd9645
densenet121,B,123,109968,image_level_seed11,2,0,meningioma,0.9974829122385095,0.0012491634210855796,0.0012679243404049606,0,meningioma,0.9974829122385095,919d6f0fb3ca462983d6df6ec06846e41abd9645
densenet121,B,125,111077,image_level_seed11,2,0,meningioma,0.9709471116907,0.001090869971451597,0.027962018337848334,0,meningioma,0.9709471116907,919d6f0fb3ca462983d6df6ec06846e41abd9645
densenet121,B,129,111366,image_level_seed11,2,0,meningioma,0.8757101415949873,0.01354723652346138,0.11074262188155126,0,meningioma,0.8757101415949873,919d6f0fb3ca462983d6df6ec06846e41abd9645
densenet121,B,138,112002,image_level_seed11,2,0,meningioma,0.9136156698930361,0.059281438719870724,0.02710289138709307,0,meningioma,0.9136156698930361,919d6f0fb3ca462983d6df6ec06846e41abd9645
densenet121,B,139,112062,image_level_seed11,2,0,meningioma,0.9997151553154886,0.00024800656659475993,3.6838117916700806e-05,0,meningioma,0.9997151553154886,919d6f0fb3ca462983d6df6ec06846e41abd9645
densenet121,B,140,112062,image_level_seed11,2,0,meningioma,0.9997138152076168,0.00019664172880677714,8.954306357626355e-05,0,meningioma,0.9997138152076168,919d6f0fb3ca462983d6df6ec06846e41abd9645
densenet121,B,151,112648,image_level_seed11,2,0,meningioma,0.9995698172479245,0.00033229012431094154,9.789262776463203e-05,0,meningioma,0.9995698172479245,919d6f0fb3ca462983d6df6ec06846e41abd9645
densenet121,B,153,112648,image_level_seed11,2,0,meningioma,0.9968083067078396,0.00282345026932537,0.0003682430228349854,0,meningioma,0.9968083067078396,919d6f0fb3ca462983d6df6ec06846e41abd9645
densenet121,B,162,113554,image_level_seed11,2,0,meningioma,0.999328738336389,0.0005794594347159721,9.180222889522253e-05,0,meningioma,0.999328738336389,919d6f0fb3ca462983d6df6ec06846e41abd9645
densenet121,B,163,113805,image_level_seed11,2,0,meningioma,0.9947598180650686,0.0032516536061599085,0.0019885283287714856,0,meningioma,0.9947598180650686,919d6f0fb3ca462983d6df6ec06846e41abd9645
densenet121,B,172,114359,image_level_seed11,2,0,meningioma,0.9991065013966323,0.0006895608520311918,0.00020393775133673256,0,meningioma,0.9991065013966323,919d6f0fb3ca462983d6df6ec06846e41abd9645
densenet121,B,176,97607,image_level_seed11,2,0,meningioma,0.9996400575035087,0.000269829310921441,9.011318556973866e-05,0,meningioma,0.9996400575035087,919d6f0fb3ca462983d6df6ec06846e41abd9645
densenet121,B,178,97607,image_level_seed11,2,0,meningioma,0.9994614152126813,0.0003965823040877165,0.00014200248323116313,0,meningioma,0.9994614152126813,919d6f0fb3ca462983d6df6ec06846e41abd9645
densenet121,B,187,97943,image_level_seed11,2,0,meningioma,0.9995964169776529,0.0003654718406173258,3.811118172976376e-05,0,meningioma,0.9995964169776529,919d6f0fb3ca462983d6df6ec06846e41abd9645
densenet121,B,189,97943,image_level_seed11,2,0,meningioma,0.9916677280318998,0.007557489844527495,0.0007747821235726468,0,meningioma,0.9916677280318998,919d6f0fb3ca462983d6df6ec06846e41abd9645
densenet121,B,196,98241,image_level_seed11,2,0,meningioma,0.9996188664122349,0.000117485599691894,0.0002636479880733607,0,meningioma,0.9996188664122349,919d6f0fb3ca462983d6df6ec06846e41abd9645
densenet121,B,197,98241,image_level_seed11,2,0,meningioma,0.999921245405194,6.401388562360947e-05,1.4740709182443112e-05,0,meningioma,0.999921245405194,919d6f0fb3ca462983d6df6ec06846e41abd9645
densenet121,B,206,99308,image_level_seed11,2,0,meningioma,0.9960317712851526,0.0029182938641316315,0.001049934850715793,0,meningioma,0.9960317712851526,919d6f0fb3ca462983d6df6ec06846e41abd9645
densenet121,B,213,100360,image_level_seed11,2,0,meningioma,0.9930746825470952,0.0034241319489241415,0.0035011855039807126,0,meningioma,0.9930746825470952,919d6f0fb3ca462983d6df6ec06846e41abd9645
densenet121,B,214,100360,image_level_seed11,2,0,meningioma,0.9893555137423522,0.0074137133389992884,0.0032307729186486214,0,meningioma,0.9893555137423522,919d6f0fb3ca462983d6df6ec06846e41abd9645
densenet121,B,222,101016,image_level_seed11,2,0,meningioma,0.99904864952865,0.0005029800701520636,0.00044837040119788483,0,meningioma,0.99904864952865,919d6f0fb3ca462983d6df6ec06846e41abd9645
densenet121,B,224,101016,image_level_seed11,2,0,meningioma,0.9983266628859925,0.0012612393146209154,0.00041209779938662845,0,meningioma,0.9983266628859925,919d6f0fb3ca462983d6df6ec06846e41abd9645
densenet121,B,226,101016,image_level_seed11,2,0,meningioma,0.9991131505429393,0.0008253964225015442,6.14530345592068e-05,0,meningioma,0.9991131505429393,919d6f0fb3ca462983d6df6ec06846e41abd9645
densenet121,B,227,101127,image_level_seed11,2,0,meningioma,0.9986795612862184,8.248901886197327e-05,0.0012379496949196773,0,meningioma,0.9986795612862184,919d6f0fb3ca462983d6df6ec06846e41abd9645
densenet121,B,229,101127,image_level_seed11,2,0,meningioma,0.9999384988498806,1.2138700570554908e-05,4.936244954863104e-05,0,meningioma,0.9999384988498806,919d6f0fb3ca462983d6df6ec06846e41abd9645
densenet121,B,232,101797,image_level_seed11,2,0,meningioma,0.9995653377914651,9.700428169716781e-05,0.0003376579268377933,0,meningioma,0.9995653377914651,919d6f0fb3ca462983d6df6ec06846e41abd9645
densenet121,B,243,102714,image_level_seed11,2,0,meningioma,0.9994090427866276,0.0005201560627799987,7.080115059238726e-05,0,meningioma,0.9994090427866276,919d6f0fb3ca462983d6df6ec06846e41abd9645
densenet121,B,247,102929,image_level_seed11,2,0,meningioma,0.9987225098288073,0.00035069681397653364,0.0009267933572162883,0,meningioma,0.9987225098288073,919d6f0fb3ca462983d6df6ec06846e41abd9645
densenet121,B,250,102929,image_level_seed11,2,0,meningioma,0.9917765212364756,0.0028027239393779513,0.005420754824146492,0,meningioma,0.9917765212364756,919d6f0fb3ca462983d6df6ec06846e41abd9645
densenet121,B,254,103673,image_level_seed11,2,0,meningioma,0.9556591332901256,0.0071288623833938285,0.03721200432648052,0,meningioma,0.9556591332901256,919d6f0fb3ca462983d6df6ec06846e41abd9645
densenet121,B,260,103673,image_level_seed11,2,0,meningioma,0.17187823435818173,0.005164831811979443,0.8229569338298388,2,pituitary,0.8229569338298388,919d6f0fb3ca462983d6df6ec06846e41abd9645
densenet121,B,267,103925,image_level_seed11,2,0,meningioma,0.996614985878934,0.0029536169921405226,0.0004313971289253689,0,meningioma,0.996614985878934,919d6f0fb3ca462983d6df6ec06846e41abd9645
densenet121,B,278,104281,image_level_seed11,2,0,meningioma,0.9972634426299245,0.0026974042967384325,3.9153073337248515e-05,0,meningioma,0.9972634426299245,919d6f0fb3ca462983d6df6ec06846e41abd9645
densenet121,B,280,104281,image_level_seed11,2,0,meningioma,0.9985183119889715,0.001424847660418572,5.684035060998706e-05,0,meningioma,0.9985183119889715,919d6f0fb3ca462983d6df6ec06846e41abd9645
densenet121,B,283,105555,image_level_seed11,2,0,meningioma,0.9990001992721876,0.0008602866078183311,0.00013951411999408791,0,meningioma,0.9990001992721876,919d6f0fb3ca462983d6df6ec06846e41abd9645
densenet121,B,285,105555,image_level_seed11,2,0,meningioma,0.9297446952227385,0.06995239125862596,0.0003029135186354304,0,meningioma,0.9297446952227385,919d6f0fb3ca462983d6df6ec06846e41abd9645
densenet121,B,298,106534,image_level_seed11,2,0,meningioma,0.9798352642152767,0.020078659945874263,8.607583884914811e-05,0,meningioma,0.9798352642152767,919d6f0fb3ca462983d6df6ec06846e41abd9645
densenet121,B,300,106665,image_level_seed11,2,0,meningioma,0.9984936271362901,0.0011356221058983547,0.00037075075781152977,0,meningioma,0.9984936271362901,919d6f0fb3ca462983d6df6ec06846e41abd9645
densenet121,B,306,106720,image_level_seed11,2,0,meningioma,0.9883038882770127,0.00520655689086242,0.00648955483212495,0,meningioma,0.9883038882770127,919d6f0fb3ca462983d6df6ec06846e41abd9645
densenet121,B,311,106914,image_level_seed11,2,0,meningioma,0.9996960267717138,0.0002523309359807904,5.1642292305473125e-05,0,meningioma,0.9996960267717138,919d6f0fb3ca462983d6df6ec06846e41abd9645
densenet121,B,313,106914,image_level_seed11,2,0,meningioma,0.9966469160154194,0.0030907770307216304,0.0002623069538588035,0,meningioma,0.9966469160154194,919d6f0fb3ca462983d6df6ec06846e41abd9645
densenet121,B,317,107248,image_level_seed11,2,0,meningioma,0.9429476750909628,0.036264099875263335,0.020788225033773682,0,meningioma,0.9429476750909628,919d6f0fb3ca462983d6df6ec06846e41abd9645
densenet121,B,326,108514,image_level_seed11,2,0,meningioma,0.9997718183081399,0.00022057825245541356,7.603439404661763e-06,0,meningioma,0.9997718183081399,919d6f0fb3ca462983d6df6ec06846e41abd9645
densenet121,B,330,108514,image_level_seed11,2,0,meningioma,0.9992984407720851,0.0006410870873680442,6.0472140546854624e-05,0,meningioma,0.9992984407720851,919d6f0fb3ca462983d6df6ec06846e41abd9645
densenet121,B,333,108550,image_level_seed11,2,0,meningioma,0.99944807217322,0.0005073346392580481,4.459318752187637e-05,0,meningioma,0.99944807217322,919d6f0fb3ca462983d6df6ec06846e41abd9645
densenet121,B,335,108590,image_level_seed11,2,0,meningioma,0.9998551949095554,0.00010547693229795142,3.932815814654221e-05,0,meningioma,0.9998551949095554,919d6f0fb3ca462983d6df6ec06846e41abd9645
densenet121,B,336,108945,image_level_seed11,2,0,meningioma,0.9993685677743451,0.00040131204018318894,0.00023012018547173053,0,meningioma,0.9993685677743451,919d6f0fb3ca462983d6df6ec06846e41abd9645
densenet121,B,340,109411,image_level_seed11,2,0,meningioma,0.7028477474370967,0.2970017466304607,0.00015050593244260468,0,meningioma,0.7028477474370967,919d6f0fb3ca462983d6df6ec06846e41abd9645
densenet121,B,346,110116,image_level_seed11,2,0,meningioma,0.9946402966302349,0.0013988596057030855,0.003960843764061917,0,meningioma,0.9946402966302349,919d6f0fb3ca462983d6df6ec06846e41abd9645
densenet121,B,350,111077,image_level_seed11,2,0,meningioma,0.9989194502356479,0.0002639963470698615,0.0008165534172823439,0,meningioma,0.9989194502356479,919d6f0fb3ca462983d6df6ec06846e41abd9645
densenet121,B,355,111366,image_level_seed11,2,0,meningioma,0.9991064105194047,0.0001677418449373954,0.0007258476356578327,0,meningioma,0.9991064105194047,919d6f0fb3ca462983d6df6ec06846e41abd9645
densenet121,B,358,111532,image_level_seed11,2,0,meningioma,0.9993977809305618,0.0005581437591188278,4.407531031927835e-05,0,meningioma,0.9993977809305618,919d6f0fb3ca462983d6df6ec06846e41abd9645
densenet121,B,360,111532,image_level_seed11,2,0,meningioma,0.9997208501001993,0.0002691349007932423,1.0014999007439772e-05,0,meningioma,0.9997208501001993,919d6f0fb3ca462983d6df6ec06846e41abd9645
densenet121,B,365,112002,image_level_seed11,2,0,meningioma,0.9903376922903695,0.0051709318145204625,0.004491375895110078,0,meningioma,0.9903376922903695,919d6f0fb3ca462983d6df6ec06846e41abd9645
densenet121,B,367,112062,image_level_seed11,2,0,meningioma,0.9998323209483514,0.00016122337299198118,6.455678656608438e-06,0,meningioma,0.9998323209483514,919d6f0fb3ca462983d6df6ec06846e41abd9645
densenet121,B,380,112648,image_level_seed11,2,0,meningioma,0.9990098602619611,0.0009788603658706632,1.1279372168196331e-05,0,meningioma,0.9990098602619611,919d6f0fb3ca462983d6df6ec06846e41abd9645
densenet121,B,381,112648,image_level_seed11,2,0,meningioma,0.9996101343378786,0.00034378977487376715,4.60758872474328e-05,0,meningioma,0.9996101343378786,919d6f0fb3ca462983d6df6ec06846e41abd9645
densenet121,B,384,113435,image_level_seed11,2,0,meningioma,0.9981590279399503,0.0015143184699201897,0.00032665359012957275,0,meningioma,0.9981590279399503,919d6f0fb3ca462983d6df6ec06846e41abd9645
densenet121,B,386,113435,image_level_seed11,2,0,meningioma,0.9960132203194998,0.0037990849198399675,0.0001876947606602829,0,meningioma,0.9960132203194998,919d6f0fb3ca462983d6df6ec06846e41abd9645
densenet121,B,393,113805,image_level_seed11,2,0,meningioma,0.26075977013450735,0.7347512773820156,0.004488952483476987,1,glioma,0.7347512773820156,919d6f0fb3ca462983d6df6ec06846e41abd9645
densenet121,B,394,113805,image_level_seed11,2,0,meningioma,0.9795388198329915,0.015385714559378464,0.005075465607630001,0,meningioma,0.9795388198329915,919d6f0fb3ca462983d6df6ec06846e41abd9645
densenet121,B,395,114018,image_level_seed11,2,0,meningioma,0.9941402563837658,0.005256592577656262,0.0006031510385778979,0,meningioma,0.9941402563837658,919d6f0fb3ca462983d6df6ec06846e41abd9645
densenet121,B,401,114359,image_level_seed11,2,0,meningioma,0.998830899877675,0.0008542848685473581,0.00031481525377775215,0,meningioma,0.998830899877675,919d6f0fb3ca462983d6df6ec06846e41abd9645
densenet121,B,402,114359,image_level_seed11,2,0,meningioma,0.9984077494632518,0.0009892994751267586,0.0006029510616214826,0,meningioma,0.9984077494632518,919d6f0fb3ca462983d6df6ec06846e41abd9645
densenet121,B,407,97607,image_level_seed11,2,0,meningioma,0.9998205702785325,0.0001515955749857055,2.7834146481593153e-05,0,meningioma,0.9998205702785325,919d6f0fb3ca462983d6df6ec06846e41abd9645
densenet121,B,420,97943,image_level_seed11,2,0,meningioma,0.9998162296429223,0.00015098705621565526,3.278330086201495e-05,0,meningioma,0.9998162296429223,919d6f0fb3ca462983d6df6ec06846e41abd9645
densenet121,B,423,98241,image_level_seed11,2,0,meningioma,0.9982374163036623,0.0004044687228732878,0.001358114973464492,0,meningioma,0.9982374163036623,919d6f0fb3ca462983d6df6ec06846e41abd9645
densenet121,B,424,98241,image_level_seed11,2,0,meningioma,0.99647676071961,0.0005289897464288324,0.0029942495339609866,0,meningioma,0.99647676071961,919d6f0fb3ca462983d6df6ec06846e41abd9645
densenet121,B,425,98241,image_level_seed11,2,0,meningioma,0.9995282354804101,0.0002711194040460749,0.00020064511554361805,0,meningioma,0.9995282354804101,919d6f0fb3ca462983d6df6ec06846e41abd9645
densenet121,B,431,99017,image_level_seed11,2,0,meningioma,0.9982076278255095,0.0009039642404542713,0.0008884079340361411,0,meningioma,0.9982076278255095,919d6f0fb3ca462983d6df6ec06846e41abd9645
densenet121,B,436,99089,image_level_seed11,2,0,meningioma,0.9967118383543764,0.0001360529240029901,0.0031521087216206858,0,meningioma,0.9967118383543764,919d6f0fb3ca462983d6df6ec06846e41abd9645
densenet121,B,437,99288,image_level_seed11,2,0,meningioma,0.8688753201203144,0.1299125106015969,0.001212169278088789,0,meningioma,0.8688753201203144,919d6f0fb3ca462983d6df6ec06846e41abd9645
densenet121,B,438,99308,image_level_seed11,2,0,meningioma,0.9989588726665243,0.0009438441621590147,9.728317131656904e-05,0,meningioma,0.9989588726665243,919d6f0fb3ca462983d6df6ec06846e41abd9645
densenet121,B,454,100920,image_level_seed11,2,0,meningioma,0.9963069413880395,0.0022955023716668657,0.001397556240293521,0,meningioma,0.9963069413880395,919d6f0fb3ca462983d6df6ec06846e41abd9645
densenet121,B,459,101082,image_level_seed11,2,0,meningioma,0.9993062099636248,0.0005128771287577955,0.00018091290761727068,0,meningioma,0.9993062099636248,919d6f0fb3ca462983d6df6ec06846e41abd9645
densenet121,B,463,101127,image_level_seed11,2,0,meningioma,0.9999550564446729,1.692351446695555e-05,2.8020040860125877e-05,0,meningioma,0.9999550564446729,919d6f0fb3ca462983d6df6ec06846e41abd9645
densenet121,B,466,101797,image_level_seed11,2,0,meningioma,0.9923777964754813,0.0005813154062401794,0.007040888118278483,0,meningioma,0.9923777964754813,919d6f0fb3ca462983d6df6ec06846e41abd9645
densenet121,B,472,101801,image_level_seed11,2,0,meningioma,0.9700436098439171,0.003784640766003928,0.026171749390079067,0,meningioma,0.9700436098439171,919d6f0fb3ca462983d6df6ec06846e41abd9645
densenet121,B,476,102446,image_level_seed11,2,0,meningioma,0.9999224944753522,7.469386113031432e-05,2.811663517630298e-06,0,meningioma,0.9999224944753522,919d6f0fb3ca462983d6df6ec06846e41abd9645
densenet121,B,480,102714,image_level_seed11,2,0,meningioma,0.997645365935849,0.0018401433366085262,0.0005144907275423961,0,meningioma,0.997645365935849,919d6f0fb3ca462983d6df6ec06846e41abd9645
densenet121,B,481,102714,image_level_seed11,2,0,meningioma,0.9995918573156993,0.00025518148924628123,0.00015296119505430535,0,meningioma,0.9995918573156993,919d6f0fb3ca462983d6df6ec06846e41abd9645
densenet121,B,488,102818,image_level_seed11,2,0,meningioma,0.41892873079522197,0.5121725434712026,0.06889872573357551,1,glioma,0.5121725434712026,919d6f0fb3ca462983d6df6ec06846e41abd9645
densenet121,B,494,102960,image_level_seed11,2,0,meningioma,0.08699977012756203,0.6726651273003783,0.24033510257205976,1,glioma,0.6726651273003783,919d6f0fb3ca462983d6df6ec06846e41abd9645
densenet121,B,500,103673,image_level_seed11,2,0,meningioma,0.9776337815562441,0.0015335182273260152,0.020832700216429925,0,meningioma,0.9776337815562441,919d6f0fb3ca462983d6df6ec06846e41abd9645
densenet121,B,506,104167,image_level_seed11,2,0,meningioma,0.9913979557417673,0.001328595925890826,0.0072734483323420316,0,meningioma,0.9913979557417673,919d6f0fb3ca462983d6df6ec06846e41abd9645
densenet121,B,509,104167,image_level_seed11,2,0,meningioma,0.9999686189329675,2.1593881366655428e-05,9.787185665901036e-06,0,meningioma,0.9999686189329675,919d6f0fb3ca462983d6df6ec06846e41abd9645
densenet121,B,517,105374,image_level_seed11,2,0,meningioma,0.9997800288557434,0.00015349703729390982,6.64741069625718e-05,0,meningioma,0.9997800288557434,919d6f0fb3ca462983d6df6ec06846e41abd9645
densenet121,B,520,105937,image_level_seed11,2,0,meningioma,0.990156213381186,0.0018678977597490435,0.00797588885906505,0,meningioma,0.990156213381186,919d6f0fb3ca462983d6df6ec06846e41abd9645
densenet121,B,526,106284,image_level_seed11,2,0,meningioma,0.9972805657773504,0.00045182749034869234,0.0022676067323010875,0,meningioma,0.9972805657773504,919d6f0fb3ca462983d6df6ec06846e41abd9645
densenet121,B,530,106534,image_level_seed11,2,0,meningioma,0.9982670080049701,0.0009071694389697565,0.0008258225560600168,0,meningioma,0.9982670080049701,919d6f0fb3ca462983d6df6ec06846e41abd9645
densenet121,B,533,106665,image_level_seed11,2,0,meningioma,0.9998132965770942,0.00014901932737917942,3.7684095526608745e-05,0,meningioma,0.9998132965770942,919d6f0fb3ca462983d6df6ec06846e41abd9645
densenet121,B,538,106665,image_level_seed11,2,0,meningioma,0.9946119918152079,0.004126517662699924,0.0012614905220923827,0,meningioma,0.9946119918152079,919d6f0fb3ca462983d6df6ec06846e41abd9645
densenet121,B,540,106720,image_level_seed11,2,0,meningioma,0.9998825690310817,0.00010089528539448795,1.6535683523780355e-05,0,meningioma,0.9998825690310817,919d6f0fb3ca462983d6df6ec06846e41abd9645
densenet121,B,541,106720,image_level_seed11,2,0,meningioma,0.9998749483283936,9.203941909474215e-05,3.3012252511758656e-05,0,meningioma,0.9998749483283936,919d6f0fb3ca462983d6df6ec06846e41abd9645
densenet121,B,552,107248,image_level_seed11,2,0,meningioma,0.8707395021339256,0.0004120450977096557,0.12884845276836457,0,meningioma,0.8707395021339256,919d6f0fb3ca462983d6df6ec06846e41abd9645
densenet121,B,553,107248,image_level_seed11,2,0,meningioma,0.5668621591849041,0.0017350781863912817,0.4314027626287045,0,meningioma,0.5668621591849041,919d6f0fb3ca462983d6df6ec06846e41abd9645
densenet121,B,554,107248,image_level_seed11,2,0,meningioma,0.9900479593509806,0.005982989924491905,0.003969050724527519,0,meningioma,0.9900479593509806,919d6f0fb3ca462983d6df6ec06846e41abd9645
densenet121,B,558,107494,image_level_seed11,2,0,meningioma,0.9778385872341,0.0009364573412380329,0.021224955424661872,0,meningioma,0.9778385872341,919d6f0fb3ca462983d6df6ec06846e41abd9645
densenet121,B,559,107494,image_level_seed11,2,0,meningioma,0.6994016898281892,0.14668385485026578,0.15391445532154516,0,meningioma,0.6994016898281892,919d6f0fb3ca462983d6df6ec06846e41abd9645
densenet121,B,561,107946,image_level_seed11,2,0,meningioma,0.9940921737355148,0.005591869288284471,0.0003159569762008209,0,meningioma,0.9940921737355148,919d6f0fb3ca462983d6df6ec06846e41abd9645
densenet121,B,563,107946,image_level_seed11,2,0,meningioma,0.8468063270556029,0.1523076358571941,0.0008860370872031334,0,meningioma,0.8468063270556029,919d6f0fb3ca462983d6df6ec06846e41abd9645
densenet121,B,571,108590,image_level_seed11,2,0,meningioma,0.9996689103486905,8.700228146788607e-05,0.00024408736984168572,0,meningioma,0.9996689103486905,919d6f0fb3ca462983d6df6ec06846e41abd9645
densenet121,B,576,108945,image_level_seed11,2,0,meningioma,0.9429916409327007,0.055520201765754736,0.0014881573015445367,0,meningioma,0.9429916409327007,919d6f0fb3ca462983d6df6ec06846e41abd9645
densenet121,B,577,109350,image_level_seed11,2,0,meningioma,0.9667402689195904,0.0046973225023275375,0.028562408578082107,0,meningioma,0.9667402689195904,919d6f0fb3ca462983d6df6ec06846e41abd9645
densenet121,B,580,109968,image_level_seed11,2,0,meningioma,0.9998865077056217,3.232117494279927e-05,8.117111943567532e-05,0,meningioma,0.9998865077056217,919d6f0fb3ca462983d6df6ec06846e41abd9645
densenet121,B,588,111077,image_level_seed11,2,0,meningioma,0.9991298550011307,0.0002945226442775485,0.0005756223545917536,0,meningioma,0.9991298550011307,919d6f0fb3ca462983d6df6ec06846e41abd9645
densenet121,B,594,111532,image_level_seed11,2,0,meningioma,0.9982375328315396,0.001715866370354616,4.66007981058631e-05,0,meningioma,0.9982375328315396,919d6f0fb3ca462983d6df6ec06846e41abd9645
densenet121,B,599,112002,image_level_seed11,2,0,meningioma,0.8005159378150208,0.15939838796461372,0.0400856742203653,0,meningioma,0.8005159378150208,919d6f0fb3ca462983d6df6ec06846e41abd9645
densenet121,B,604,112062,image_level_seed11,2,0,meningioma,0.9999710532654542,2.584567643552859e-05,3.101058110287397e-06,0,meningioma,0.9999710532654542,919d6f0fb3ca462983d6df6ec06846e41abd9645
densenet121,B,606,112252,image_level_seed11,2,0,meningioma,0.9991613944248197,0.0007142333668443484,0.0001243722083359653,0,meningioma,0.9991613944248197,919d6f0fb3ca462983d6df6ec06846e41abd9645
densenet121,B,610,112552,image_level_seed11,2,0,meningioma,0.9973218189149262,0.002052834607836817,0.0006253464772370195,0,meningioma,0.9973218189149262,919d6f0fb3ca462983d6df6ec06846e41abd9645
densenet121,B,625,113435,image_level_seed11,2,0,meningioma,0.9998513532463567,0.00012655903695069608,2.2087716692539913e-05,0,meningioma,0.9998513532463567,919d6f0fb3ca462983d6df6ec06846e41abd9645
densenet121,B,630,113435,image_level_seed11,2,0,meningioma,0.9677761072139776,0.03148577175347778,0.0007381210325447406,0,meningioma,0.9677761072139776,919d6f0fb3ca462983d6df6ec06846e41abd9645
densenet121,B,631,113554,image_level_seed11,2,0,meningioma,0.9362974766135908,0.06246118654093085,0.0012413368454783239,0,meningioma,0.9362974766135908,919d6f0fb3ca462983d6df6ec06846e41abd9645
densenet121,B,634,113554,image_level_seed11,2,0,meningioma,0.9928475308815343,0.002882347983645161,0.0042701211348205115,0,meningioma,0.9928475308815343,919d6f0fb3ca462983d6df6ec06846e41abd9645
densenet121,B,639,113805,image_level_seed11,2,0,meningioma,0.7032194043613912,0.2957607548600463,0.001019840778562591,0,meningioma,0.7032194043613912,919d6f0fb3ca462983d6df6ec06846e41abd9645
densenet121,B,642,114018,image_level_seed11,2,0,meningioma,0.9970521816380034,0.001239482376695376,0.0017083359853012007,0,meningioma,0.9970521816380034,919d6f0fb3ca462983d6df6ec06846e41abd9645
densenet121,B,644,114018,image_level_seed11,2,0,meningioma,0.9576825839714473,0.0006805797198375718,0.04163683630871503,0,meningioma,0.9576825839714473,919d6f0fb3ca462983d6df6ec06846e41abd9645
densenet121,B,645,114018,image_level_seed11,2,0,meningioma,0.9935130179861251,0.00014452604957951814,0.006342455964295401,0,meningioma,0.9935130179861251,919d6f0fb3ca462983d6df6ec06846e41abd9645
densenet121,B,651,114359,image_level_seed11,2,0,meningioma,0.9987493465167853,0.000960243457841872,0.00029041002537294464,0,meningioma,0.9987493465167853,919d6f0fb3ca462983d6df6ec06846e41abd9645
densenet121,B,652,114359,image_level_seed11,2,0,meningioma,0.9915027672453582,0.008048020594925358,0.00044921215971643853,0,meningioma,0.9915027672453582,919d6f0fb3ca462983d6df6ec06846e41abd9645
densenet121,B,654,114359,image_level_seed11,2,0,meningioma,0.9869056242116989,0.012977687253699735,0.00011668853460154651,0,meningioma,0.9869056242116989,919d6f0fb3ca462983d6df6ec06846e41abd9645
densenet121,B,663,97374,image_level_seed11,2,0,meningioma,0.9981379430006702,0.0015605013589058841,0.0003015556404239344,0,meningioma,0.9981379430006702,919d6f0fb3ca462983d6df6ec06846e41abd9645
densenet121,B,666,97607,image_level_seed11,2,0,meningioma,0.999494804077265,0.0002700555659576724,0.00023514035677745283,0,meningioma,0.999494804077265,919d6f0fb3ca462983d6df6ec06846e41abd9645
densenet121,B,678,97943,image_level_seed11,2,0,meningioma,0.99976331428764,0.00023139723544170744,5.288476918260656e-06,0,meningioma,0.99976331428764,919d6f0fb3ca462983d6df6ec06846e41abd9645
densenet121,B,679,97943,image_level_seed11,2,0,meningioma,0.997725437863556,0.0020362854443035493,0.00023827669214037642,0,meningioma,0.997725437863556,919d6f0fb3ca462983d6df6ec06846e41abd9645
densenet121,B,680,98241,image_level_seed11,2,0,meningioma,0.9996921067828985,0.00012388765921515793,0.0001840055578863198,0,meningioma,0.9996921067828985,919d6f0fb3ca462983d6df6ec06846e41abd9645
densenet121,B,683,98241,image_level_seed11,2,0,meningioma,0.9957968497536511,0.0023501473736775996,0.0018530028726712884,0,meningioma,0.9957968497536511,919d6f0fb3ca462983d6df6ec06846e41abd9645
densenet121,B,685,98241,image_level_seed11,2,0,meningioma,0.9646560007087238,0.009018594262961251,0.026325405028314788,0,meningioma,0.9646560007087238,919d6f0fb3ca462983d6df6ec06846e41abd9645
densenet121,B,687,99017,image_level_seed11,2,0,meningioma,0.9987033671265845,0.000714067329735257,0.0005825655436804116,0,meningioma,0.9987033671265845,919d6f0fb3ca462983d6df6ec06846e41abd9645
densenet121,B,689,99089,image_level_seed11,2,0,meningioma,0.9973021930814683,6.366838120114407e-05,0.002634138537330437,0,meningioma,0.9973021930814683,919d6f0fb3ca462983d6df6ec06846e41abd9645
densenet121,B,694,99162,image_level_seed11,2,0,meningioma,0.9997185744904535,0.00022865027926678998,5.277523027979986e-05,0,meningioma,0.9997185744904535,919d6f0fb3ca462983d6df6ec06846e41abd9645
densenet121,B,699,99308,image_level_seed11,2,0,meningioma,0.9995828893437837,0.000331510828473068,8.559982774324584e-05,0,meningioma,0.9995828893437837,919d6f0fb3ca462983d6df6ec06846e41abd9645
densenet121,B,702,99308,image_level_seed11,2,0,meningioma,0.9998954358483726,9.542769359313351e-05,9.136458034176583e-06,0,meningioma,0.9998954358483726,919d6f0fb3ca462983d6df6ec06846e41abd9645
densenet121,B,706,99815,image_level_seed11,2,0,meningioma,0.9956739767146738,0.0015890530008139017,0.0027369702845123746,0,meningioma,0.9956739767146738,919d6f0fb3ca462983d6df6ec06846e41abd9645
densenet121,B,709,105936,image_level_seed11,2,2,pituitary,0.00015449347539035614,4.9111351823044843e-05,0.9997963951727866,2,pituitary,0.9997963951727866,919d6f0fb3ca462983d6df6ec06846e41abd9645
densenet121,B,711,105936,image_level_seed11,2,2,pituitary,0.000340009389712596,7.176053565940224e-05,0.999588230074628,2,pituitary,0.999588230074628,919d6f0fb3ca462983d6df6ec06846e41abd9645
densenet121,B,716,100820,image_level_seed11,2,1,glioma,0.11308128879025989,0.886357066827685,0.0005616443820551226,1,glioma,0.886357066827685,919d6f0fb3ca462983d6df6ec06846e41abd9645
densenet121,B,728,103148,image_level_seed11,2,1,glioma,0.0024880086059429016,0.9974241490360283,8.784235802871902e-05,1,glioma,0.9974241490360283,919d6f0fb3ca462983d6df6ec06846e41abd9645
densenet121,B,733,106494,image_level_seed11,2,1,glioma,0.009499670537937264,0.9898728565276664,0.0006274729343961348,1,glioma,0.9898728565276664,919d6f0fb3ca462983d6df6ec06846e41abd9645
densenet121,B,743,112105,image_level_seed11,2,1,glioma,0.0013918251939159618,0.9980224420422004,0.0005857327638837371,1,glioma,0.9980224420422004,919d6f0fb3ca462983d6df6ec06846e41abd9645
densenet121,B,749,100820,image_level_seed11,2,1,glioma,0.004079289281975435,0.9954558298745669,0.0004648808434576569,1,glioma,0.9954558298745669,919d6f0fb3ca462983d6df6ec06846e41abd9645
densenet121,B,751,100820,image_level_seed11,2,1,glioma,0.016270766891952473,0.982957190803722,0.0007720423043255381,1,glioma,0.982957190803722,919d6f0fb3ca462983d6df6ec06846e41abd9645
densenet121,B,753,101020,image_level_seed11,2,1,glioma,0.008666356118635721,0.9912910957287105,4.254815265365995e-05,1,glioma,0.9912910957287105,919d6f0fb3ca462983d6df6ec06846e41abd9645
densenet121,B,755,101020,image_level_seed11,2,1,glioma,0.001535319971025998,0.9984458986115794,1.8781417394469253e-05,1,glioma,0.9984458986115794,919d6f0fb3ca462983d6df6ec06846e41abd9645
densenet121,B,757,101020,image_level_seed11,2,1,glioma,0.0054288894074973875,0.9943545167474958,0.0002165938450069139,1,glioma,0.9943545167474958,919d6f0fb3ca462983d6df6ec06846e41abd9645
densenet121,B,758,101020,image_level_seed11,2,1,glioma,0.003576920143414993,0.9956116224356604,0.0008114574209246624,1,glioma,0.9956116224356604,919d6f0fb3ca462983d6df6ec06846e41abd9645
densenet121,B,764,103148,image_level_seed11,2,1,glioma,0.005792250659818566,0.99393679595423,0.0002709533859512817,1,glioma,0.99393679595423,919d6f0fb3ca462983d6df6ec06846e41abd9645
densenet121,B,765,103148,image_level_seed11,2,1,glioma,0.0017739773195504808,0.9979474260161474,0.00027859666430206733,1,glioma,0.9979474260161474,919d6f0fb3ca462983d6df6ec06846e41abd9645
densenet121,B,770,106494,image_level_seed11,2,1,glioma,0.00046832988720049213,0.9995211178839483,1.0552228851353034e-05,1,glioma,0.9995211178839483,919d6f0fb3ca462983d6df6ec06846e41abd9645
densenet121,B,772,106494,image_level_seed11,2,1,glioma,0.007493022637164881,0.9924844591058668,2.2518256968373755e-05,1,glioma,0.9924844591058668,919d6f0fb3ca462983d6df6ec06846e41abd9645
densenet121,B,775,107747,image_level_seed11,2,1,glioma,0.0011512023519824745,0.9974458535085622,0.0014029441394554395,1,glioma,0.9974458535085622,919d6f0fb3ca462983d6df6ec06846e41abd9645
densenet121,B,778,107747,image_level_seed11,2,1,glioma,0.0010552469573280627,0.9987290489904569,0.000215704052215146,1,glioma,0.9987290489904569,919d6f0fb3ca462983d6df6ec06846e41abd9645
densenet121,B,779,112027,image_level_seed11,2,1,glioma,0.13106659306290674,0.8687037544437067,0.00022965249338665917,1,glioma,0.8687037544437067,919d6f0fb3ca462983d6df6ec06846e41abd9645
densenet121,B,783,112105,image_level_seed11,2,1,glioma,0.00043539870824989377,0.9995516541752772,1.2947116472916486e-05,1,glioma,0.9995516541752772,919d6f0fb3ca462983d6df6ec06846e41abd9645
densenet121,B,791,112105,image_level_seed11,2,1,glioma,0.000701593742401798,0.9992617447841806,3.666147341758755e-05,1,glioma,0.9992617447841806,919d6f0fb3ca462983d6df6ec06846e41abd9645
densenet121,B,793,88670,image_level_seed11,2,1,glioma,0.002843653954246597,0.9966022058298446,0.0005541402159087252,1,glioma,0.9966022058298446,919d6f0fb3ca462983d6df6ec06846e41abd9645
densenet121,B,794,88670,image_level_seed11,2,1,glioma,0.003107831687054325,0.9963619823641919,0.0005301859487538636,1,glioma,0.9963619823641919,919d6f0fb3ca462983d6df6ec06846e41abd9645
densenet121,B,803,90284,image_level_seed11,2,1,glioma,0.0002151972210211148,0.9996577061519737,0.000127096627005097,1,glioma,0.9996577061519737,919d6f0fb3ca462983d6df6ec06846e41abd9645
densenet121,B,807,92897,image_level_seed11,2,1,glioma,0.07462538048828463,0.9236139946628488,0.0017606248488664996,1,glioma,0.9236139946628488,919d6f0fb3ca462983d6df6ec06846e41abd9645
densenet121,B,812,97609,image_level_seed11,2,1,glioma,0.017196264777917653,0.9826333434710955,0.00017039175098691587,1,glioma,0.9826333434710955,919d6f0fb3ca462983d6df6ec06846e41abd9645
densenet121,B,813,97609,image_level_seed11,2,1,glioma,0.03166628049189405,0.9678841336227566,0.00044958588534939467,1,glioma,0.9678841336227566,919d6f0fb3ca462983d6df6ec06846e41abd9645
densenet121,B,817,97609,image_level_seed11,2,1,glioma,0.008183516563056568,0.9915124456207373,0.0003040378162061231,1,glioma,0.9915124456207373,919d6f0fb3ca462983d6df6ec06846e41abd9645
densenet121,B,820,100416,image_level_seed11,2,1,glioma,0.0013663485088346986,0.9985706903309955,6.296116016985371e-05,1,glioma,0.9985706903309955,919d6f0fb3ca462983d6df6ec06846e41abd9645
densenet121,B,822,100820,image_level_seed11,2,1,glioma,0.008538464792122778,0.9905414164411052,0.0009201187667719945,1,glioma,0.9905414164411052,919d6f0fb3ca462983d6df6ec06846e41abd9645
densenet121,B,826,100820,image_level_seed11,2,1,glioma,0.48173666612243554,0.5150835471793462,0.003179786698218147,1,glioma,0.5150835471793462,919d6f0fb3ca462983d6df6ec06846e41abd9645
densenet121,B,828,101020,image_level_seed11,2,1,glioma,0.8228558197649586,0.17453627600661095,0.0026079042284304394,0,meningioma,0.8228558197649586,919d6f0fb3ca462983d6df6ec06846e41abd9645
densenet121,B,829,101020,image_level_seed11,2,1,glioma,0.005347817370789957,0.9943216092050462,0.00033057342416380783,1,glioma,0.9943216092050462,919d6f0fb3ca462983d6df6ec06846e41abd9645
densenet121,B,831,101020,image_level_seed11,2,1,glioma,0.0087979801184866,0.9910605268574176,0.00014149302409578688,1,glioma,0.9910605268574176,919d6f0fb3ca462983d6df6ec06846e41abd9645
densenet121,B,835,101384,image_level_seed11,2,1,glioma,0.00212216060072339,0.9975199181695992,0.0003579212296772638,1,glioma,0.9975199181695992,919d6f0fb3ca462983d6df6ec06846e41abd9645
densenet121,B,842,103148,image_level_seed11,2,1,glioma,0.33557954332069495,0.663985740635586,0.00043471604371911674,1,glioma,0.663985740635586,919d6f0fb3ca462983d6df6ec06846e41abd9645
densenet121,B,843,103148,image_level_seed11,2,1,glioma,0.02818498895240649,0.9711918559180981,0.0006231551294953719,1,glioma,0.9711918559180981,919d6f0fb3ca462983d6df6ec06846e41abd9645
densenet121,B,844,105653,image_level_seed11,2,1,glioma,0.0442051622753745,0.953230682639622,0.002564155085003499,1,glioma,0.953230682639622,919d6f0fb3ca462983d6df6ec06846e41abd9645
densenet121,B,847,106494,image_level_seed11,2,1,glioma,0.02263206714318127,0.9756865345952624,0.0016813982615561608,1,glioma,0.9756865345952624,919d6f0fb3ca462983d6df6ec06846e41abd9645
densenet121,B,854,107747,image_level_seed11,2,1,glioma,0.0005251759852053918,0.9990977373204937,0.0003770866943010306,1,glioma,0.9990977373204937,919d6f0fb3ca462983d6df6ec06846e41abd9645
densenet121,B,861,112105,image_level_seed11,2,1,glioma,0.02694800002088301,0.9713937130176615,0.001658286961455359,1,glioma,0.9713937130176615,919d6f0fb3ca462983d6df6ec06846e41abd9645
densenet121,B,863,112105,image_level_seed11,2,1,glioma,0.0014480425069035587,0.998524574561304,2.7382931792486353e-05,1,glioma,0.998524574561304,919d6f0fb3ca462983d6df6ec06846e41abd9645
densenet121,B,870,90284,image_level_seed11,2,1,glioma,0.0013266569050480255,0.9985918154819926,8.152761295940221e-05,1,glioma,0.9985918154819926,919d6f0fb3ca462983d6df6ec06846e41abd9645
densenet121,B,875,90284,image_level_seed11,2,1,glioma,0.0029142606447444684,0.9895570296202479,0.007528709735007646,1,glioma,0.9895570296202479,919d6f0fb3ca462983d6df6ec06846e41abd9645
densenet121,B,876,90284,image_level_seed11,2,1,glioma,0.00041315377682288204,0.9991500554226125,0.0004367908005648606,1,glioma,0.9991500554226125,919d6f0fb3ca462983d6df6ec06846e41abd9645
densenet121,B,878,90284,image_level_seed11,2,1,glioma,0.0003015563545606119,0.9996356720318756,6.277161356378986e-05,1,glioma,0.9996356720318756,919d6f0fb3ca462983d6df6ec06846e41abd9645
densenet121,B,879,90284,image_level_seed11,2,1,glioma,0.00045701156336803447,0.9994638154911195,7.91729455125572e-05,1,glioma,0.9994638154911195,919d6f0fb3ca462983d6df6ec06846e41abd9645
densenet121,B,883,93329,image_level_seed11,2,1,glioma,0.011725988887616601,0.9869880110812704,0.0012860000311129705,1,glioma,0.9869880110812704,919d6f0fb3ca462983d6df6ec06846e41abd9645
densenet121,B,886,93329,image_level_seed11,2,1,glioma,0.011471232606011024,0.986991720518738,0.0015370468752510275,1,glioma,0.986991720518738,919d6f0fb3ca462983d6df6ec06846e41abd9645
densenet121,B,891,93825,image_level_seed11,2,1,glioma,0.0004141025455747634,0.9992183737709,0.0003675236835252741,1,glioma,0.9992183737709,919d6f0fb3ca462983d6df6ec06846e41abd9645
densenet121,B,902,95142,image_level_seed11,2,1,glioma,0.0013894636078126195,0.9983815092926087,0.00022902709957878652,1,glioma,0.9983815092926087,919d6f0fb3ca462983d6df6ec06846e41abd9645
densenet121,B,908,97609,image_level_seed11,2,1,glioma,0.00199340002356361,0.997962372647859,4.422732857717233e-05,1,glioma,0.997962372647859,919d6f0fb3ca462983d6df6ec06846e41abd9645
densenet121,B,913,98889,image_level_seed11,2,1,glioma,0.011253342101826368,0.986877862622894,0.001868795275279625,1,glioma,0.986877862622894,919d6f0fb3ca462983d6df6ec06846e41abd9645
densenet121,B,920,105936,image_level_seed11,2,2,pituitary,0.00018481627352343394,0.00046117928564367824,0.999354004440833,2,pituitary,0.999354004440833,919d6f0fb3ca462983d6df6ec06846e41abd9645
densenet121,B,930,107495,image_level_seed11,2,2,pituitary,0.0006210359974131413,0.00047208499510324373,0.9989068790074837,2,pituitary,0.9989068790074837,919d6f0fb3ca462983d6df6ec06846e41abd9645
densenet121,B,931,107495,image_level_seed11,2,2,pituitary,0.0004997594184955728,0.00032702493904449747,0.99917321564246,2,pituitary,0.99917321564246,919d6f0fb3ca462983d6df6ec06846e41abd9645
densenet121,B,937,107429,image_level_seed11,2,2,pituitary,0.00012094744515311373,3.374237820000952e-05,0.9998453101766468,2,pituitary,0.9998453101766468,919d6f0fb3ca462983d6df6ec06846e41abd9645
densenet121,B,939,107505,image_level_seed11,2,2,pituitary,0.00020804008355686045,0.00014015098407907432,0.999651808932364,2,pituitary,0.999651808932364,919d6f0fb3ca462983d6df6ec06846e41abd9645
densenet121,B,949,107743,image_level_seed11,2,2,pituitary,0.0015366632969753158,0.0010630053677504984,0.9974003313352742,2,pituitary,0.9974003313352742,919d6f0fb3ca462983d6df6ec06846e41abd9645
densenet121,B,954,108858,image_level_seed11,2,2,pituitary,0.0035064677677541104,0.004560428397997193,0.9919331038342487,2,pituitary,0.9919331038342487,919d6f0fb3ca462983d6df6ec06846e41abd9645
densenet121,B,956,108931,image_level_seed11,2,2,pituitary,0.0009537731243543253,0.0004379089370826462,0.998608317938563,2,pituitary,0.998608317938563,919d6f0fb3ca462983d6df6ec06846e41abd9645
densenet121,B,959,109471,image_level_seed11,2,2,pituitary,0.000440830311854751,5.510382151141015e-05,0.9995040658666339,2,pituitary,0.9995040658666339,919d6f0fb3ca462983d6df6ec06846e41abd9645
densenet121,B,960,109471,image_level_seed11,2,2,pituitary,0.0001588826769370228,9.120228148849899e-05,0.9997499150415744,2,pituitary,0.9997499150415744,919d6f0fb3ca462983d6df6ec06846e41abd9645
densenet121,B,970,109898,image_level_seed11,2,2,pituitary,0.0008813088478394769,0.00044817077820380935,0.9986705203739566,2,pituitary,0.9986705203739566,919d6f0fb3ca462983d6df6ec06846e41abd9645
densenet121,B,980,111075,image_level_seed11,2,2,pituitary,0.004329749501949173,0.00014698692386132852,0.9955232635741895,2,pituitary,0.9955232635741895,919d6f0fb3ca462983d6df6ec06846e41abd9645
densenet121,B,986,111125,image_level_seed11,2,2,pituitary,0.00015218233492134904,5.037605543496301e-05,0.9997974416096438,2,pituitary,0.9997974416096438,919d6f0fb3ca462983d6df6ec06846e41abd9645
densenet121,B,988,111125,image_level_seed11,2,2,pituitary,0.001071225940334229,0.00017095723158645486,0.9987578168280793,2,pituitary,0.9987578168280793,919d6f0fb3ca462983d6df6ec06846e41abd9645
densenet121,B,994,112074,image_level_seed11,2,2,pituitary,0.037320481613414634,0.07958306286505948,0.8830964555215258,2,pituitary,0.8830964555215258,919d6f0fb3ca462983d6df6ec06846e41abd9645
densenet121,B,1004,112746,image_level_seed11,2,2,pituitary,0.0011359838213521173,0.0008877375440993134,0.9979762786345485,2,pituitary,0.9979762786345485,919d6f0fb3ca462983d6df6ec06846e41abd9645
densenet121,B,1005,112746,image_level_seed11,2,2,pituitary,0.0022984832483694535,0.0048594251322900415,0.9928420916193404,2,pituitary,0.9928420916193404,919d6f0fb3ca462983d6df6ec06846e41abd9645
densenet121,B,1025,101017,image_level_seed11,2,2,pituitary,0.0005271528213172378,0.00018469349198352343,0.9992881536866992,2,pituitary,0.9992881536866992,919d6f0fb3ca462983d6df6ec06846e41abd9645
densenet121,B,1031,101029,image_level_seed11,2,2,pituitary,0.0001659137409047334,0.000294946219341682,0.9995391400397535,2,pituitary,0.9995391400397535,919d6f0fb3ca462983d6df6ec06846e41abd9645
densenet121,B,1038,106062,image_level_seed11,2,2,pituitary,0.00032326580296015593,0.00034474836716201143,0.9993319858298777,2,pituitary,0.9993319858298777,919d6f0fb3ca462983d6df6ec06846e41abd9645
densenet121,B,1042,107495,image_level_seed11,2,2,pituitary,0.00014729885197859805,0.0001488787601203287,0.9997038223879011,2,pituitary,0.9997038223879011,919d6f0fb3ca462983d6df6ec06846e41abd9645
densenet121,B,1058,107505,image_level_seed11,2,2,pituitary,0.0022615430034331357,0.00547132121389077,0.992267135782676,2,pituitary,0.992267135782676,919d6f0fb3ca462983d6df6ec06846e41abd9645
densenet121,B,1059,107743,image_level_seed11,2,2,pituitary,0.00022808196154433223,0.000313364722799688,0.9994585533156559,2,pituitary,0.9994585533156559,919d6f0fb3ca462983d6df6ec06846e41abd9645
densenet121,B,1072,108931,image_level_seed11,2,2,pituitary,9.399203205030561e-05,0.0006205943426347031,0.9992854136253151,2,pituitary,0.9992854136253151,919d6f0fb3ca462983d6df6ec06846e41abd9645
densenet121,B,1073,108931,image_level_seed11,2,2,pituitary,7.05229368395364e-05,0.0004935138432060766,0.9994359632199544,2,pituitary,0.9994359632199544,919d6f0fb3ca462983d6df6ec06846e41abd9645
densenet121,B,1080,109471,image_level_seed11,2,2,pituitary,0.00021130520413123634,0.001560168454139487,0.9982285263417292,2,pituitary,0.9982285263417292,919d6f0fb3ca462983d6df6ec06846e41abd9645
densenet121,B,1083,109769,image_level_seed11,2,2,pituitary,0.0001137507409091066,0.00026881746835964975,0.9996174317907313,2,pituitary,0.9996174317907313,919d6f0fb3ca462983d6df6ec06846e41abd9645
densenet121,B,1084,109769,image_level_seed11,2,2,pituitary,0.00020357102128778612,0.0005429858798738683,0.9992534430988383,2,pituitary,0.9992534430988383,919d6f0fb3ca462983d6df6ec06846e41abd9645
densenet121,B,1086,109769,image_level_seed11,2,2,pituitary,0.00013659179470726458,6.283138379269643e-05,0.9998005768215,2,pituitary,0.9998005768215,919d6f0fb3ca462983d6df6ec06846e41abd9645
densenet121,B,1093,109898,image_level_seed11,2,2,pituitary,0.001264500637190581,0.0006764141451123444,0.998059085217697,2,pituitary,0.998059085217697,919d6f0fb3ca462983d6df6ec06846e41abd9645
densenet121,B,1108,110993,image_level_seed11,2,2,pituitary,0.00010944655702862938,0.00022825489486251384,0.9996622985481088,2,pituitary,0.9996622985481088,919d6f0fb3ca462983d6df6ec06846e41abd9645
densenet121,B,1121,111125,image_level_seed11,2,2,pituitary,8.406683099782186e-05,0.00021436039556912287,0.9997015727734331,2,pituitary,0.9997015727734331,919d6f0fb3ca462983d6df6ec06846e41abd9645
densenet121,B,1122,111125,image_level_seed11,2,2,pituitary,7.504800439443419e-05,0.0001764017247963239,0.9997485502708092,2,pituitary,0.9997485502708092,919d6f0fb3ca462983d6df6ec06846e41abd9645
densenet121,B,1126,111785,image_level_seed11,2,2,pituitary,0.00015103089047893136,0.0001966074210810898,0.99965236168844,2,pituitary,0.99965236168844,919d6f0fb3ca462983d6df6ec06846e41abd9645
densenet121,B,1129,112074,image_level_seed11,2,2,pituitary,0.002022587433137819,0.01655497477717794,0.9814224377896842,2,pituitary,0.9814224377896842,919d6f0fb3ca462983d6df6ec06846e41abd9645
densenet121,B,1135,112649,image_level_seed11,2,2,pituitary,8.293911271509713e-05,8.736132522721128e-05,0.9998296995620577,2,pituitary,0.9998296995620577,919d6f0fb3ca462983d6df6ec06846e41abd9645
densenet121,B,1140,112746,image_level_seed11,2,2,pituitary,0.0005484868007820579,0.0003921785010274345,0.9990593346981904,2,pituitary,0.9990593346981904,919d6f0fb3ca462983d6df6ec06846e41abd9645
densenet121,B,1145,112847,image_level_seed11,2,2,pituitary,9.588463109324033e-05,7.526000947076455e-05,0.9998288553594361,2,pituitary,0.9998288553594361,919d6f0fb3ca462983d6df6ec06846e41abd9645
densenet121,B,1147,112847,image_level_seed11,2,2,pituitary,0.000174598437586733,0.0001141354594873653,0.999711266102926,2,pituitary,0.999711266102926,919d6f0fb3ca462983d6df6ec06846e41abd9645
densenet121,B,1153,113741,image_level_seed11,2,2,pituitary,0.0001573641178696401,0.00013583085455641273,0.9997068050275739,2,pituitary,0.9997068050275739,919d6f0fb3ca462983d6df6ec06846e41abd9645
densenet121,B,1176,107495,image_level_seed11,2,2,pituitary,0.0003697882134575139,0.0007711979790327341,0.9988590138075099,2,pituitary,0.9988590138075099,919d6f0fb3ca462983d6df6ec06846e41abd9645
densenet121,B,1178,107495,image_level_seed11,2,2,pituitary,0.00013136766978901228,0.00016617043746501592,0.999702461892746,2,pituitary,0.999702461892746,919d6f0fb3ca462983d6df6ec06846e41abd9645
densenet121,B,1187,107429,image_level_seed11,2,2,pituitary,7.107251496089404e-05,7.441020812203616e-06,0.999921486464227,2,pituitary,0.999921486464227,919d6f0fb3ca462983d6df6ec06846e41abd9645
densenet121,B,1188,107429,image_level_seed11,2,2,pituitary,0.00016106216142470993,9.793439683625503e-05,0.9997410034417391,2,pituitary,0.9997410034417391,919d6f0fb3ca462983d6df6ec06846e41abd9645
densenet121,B,1193,107505,image_level_seed11,2,2,pituitary,5.055591612598522e-05,9.490914915308764e-05,0.999854534934721,2,pituitary,0.999854534934721,919d6f0fb3ca462983d6df6ec06846e41abd9645
densenet121,B,1196,107743,image_level_seed11,2,2,pituitary,2.6958552936446055e-05,2.405433119623331e-05,0.9999489871158673,2,pituitary,0.9999489871158673,919d6f0fb3ca462983d6df6ec06846e41abd9645
densenet121,B,1205,108931,image_level_seed11,2,2,pituitary,1.8944234766307618e-05,5.053853472192599e-05,0.9999305172305117,2,pituitary,0.9999305172305117,919d6f0fb3ca462983d6df6ec06846e41abd9645
densenet121,B,1212,109471,image_level_seed11,2,2,pituitary,2.1403796266179262e-05,9.926854776320469e-06,0.9999686693489575,2,pituitary,0.9999686693489575,919d6f0fb3ca462983d6df6ec06846e41abd9645
densenet121,B,1215,109769,image_level_seed11,2,2,pituitary,0.00021035235640510418,0.00020060097465276407,0.9995890466689422,2,pituitary,0.9995890466689422,919d6f0fb3ca462983d6df6ec06846e41abd9645
densenet121,B,1225,110518,image_level_seed11,2,2,pituitary,0.0007081464172495433,0.0003628219698394461,0.998929031612911,2,pituitary,0.998929031612911,919d6f0fb3ca462983d6df6ec06846e41abd9645
densenet121,B,1231,110993,image_level_seed11,2,2,pituitary,9.790690436064375e-05,8.853228059502741e-05,0.9998135608150444,2,pituitary,0.9998135608150444,919d6f0fb3ca462983d6df6ec06846e41abd9645
densenet121,B,1237,111075,image_level_seed11,2,2,pituitary,0.0006694385007017175,0.0019684687160712237,0.997362092783227,2,pituitary,0.997362092783227,919d6f0fb3ca462983d6df6ec06846e41abd9645
densenet121,B,1242,111785,image_level_seed11,2,2,pituitary,0.0003981888244145014,0.0006381939621834857,0.998963617213402,2,pituitary,0.998963617213402,919d6f0fb3ca462983d6df6ec06846e41abd9645
densenet121,B,1243,111785,image_level_seed11,2,2,pituitary,0.0005064903314866271,0.0011724917365671414,0.9983210179319462,2,pituitary,0.9983210179319462,919d6f0fb3ca462983d6df6ec06846e41abd9645
densenet121,B,1244,111785,image_level_seed11,2,2,pituitary,0.0004336901453902776,0.0014151582342210496,0.9981511516203886,2,pituitary,0.9981511516203886,919d6f0fb3ca462983d6df6ec06846e41abd9645
densenet121,B,1249,112074,image_level_seed11,2,2,pituitary,0.011906601255143518,9.040814887372803e-05,0.9880029905959827,2,pituitary,0.9880029905959827,919d6f0fb3ca462983d6df6ec06846e41abd9645
densenet121,B,1254,112649,image_level_seed11,2,2,pituitary,0.0001512618847150057,0.00042870797497117315,0.9994200301403139,2,pituitary,0.9994200301403139,919d6f0fb3ca462983d6df6ec06846e41abd9645
densenet121,B,1275,114040,image_level_seed11,2,2,pituitary,8.705084989038714e-05,0.0001721081880297563,0.9997408409620799,2,pituitary,0.9997408409620799,919d6f0fb3ca462983d6df6ec06846e41abd9645
densenet121,B,1276,114361,image_level_seed11,2,2,pituitary,0.0002856091596663124,2.294474159440362e-05,0.9996914460987394,2,pituitary,0.9996914460987394,919d6f0fb3ca462983d6df6ec06846e41abd9645
densenet121,B,1299,102648,image_level_seed11,2,2,pituitary,0.0030880740385823297,0.000933723726447851,0.9959782022349698,2,pituitary,0.9959782022349698,919d6f0fb3ca462983d6df6ec06846e41abd9645
densenet121,B,1301,103046,image_level_seed11,2,2,pituitary,0.0007392719528367915,8.030863776478282e-05,0.9991804194093984,2,pituitary,0.9991804194093984,919d6f0fb3ca462983d6df6ec06846e41abd9645
densenet121,B,1307,103257,image_level_seed11,2,2,pituitary,0.0003567695014705623,0.00013221213296609564,0.9995110183655634,2,pituitary,0.9995110183655634,919d6f0fb3ca462983d6df6ec06846e41abd9645
densenet121,B,1309,103257,image_level_seed11,2,2,pituitary,0.0010787673782805584,5.102147622469215e-05,0.9988702111454948,2,pituitary,0.9988702111454948,919d6f0fb3ca462983d6df6ec06846e41abd9645
densenet121,B,1315,103478,image_level_seed11,2,2,pituitary,0.0003837668757838868,0.0005231106363240624,0.9990931224878922,2,pituitary,0.9990931224878922,919d6f0fb3ca462983d6df6ec06846e41abd9645
densenet121,B,1320,103582,image_level_seed11,2,2,pituitary,0.0022341701028567606,0.00017764644046405076,0.9975881834566791,2,pituitary,0.9975881834566791,919d6f0fb3ca462983d6df6ec06846e41abd9645
densenet121,B,1334,103731,image_level_seed11,2,2,pituitary,0.00048176412975183637,0.00041154912045368483,0.9991066867497944,2,pituitary,0.9991066867497944,919d6f0fb3ca462983d6df6ec06846e41abd9645
densenet121,B,1340,103837,image_level_seed11,2,2,pituitary,0.00038207589660692564,6.471862102331682e-06,0.9996114522412908,2,pituitary,0.9996114522412908,919d6f0fb3ca462983d6df6ec06846e41abd9645
densenet121,B,1343,103837,image_level_seed11,2,2,pituitary,0.0004240285391209648,2.6042370964092014e-05,0.9995499290899148,2,pituitary,0.9995499290899148,919d6f0fb3ca462983d6df6ec06846e41abd9645
densenet121,B,1344,103837,image_level_seed11,2,2,pituitary,0.0004213127784182876,5.4377532543314396e-05,0.9995243096890384,2,pituitary,0.9995243096890384,919d6f0fb3ca462983d6df6ec06846e41abd9645
densenet121,B,1348,104019,image_level_seed11,2,2,pituitary,0.0007372348935068442,0.0032546795868787616,0.9960080855196144,2,pituitary,0.9960080855196144,919d6f0fb3ca462983d6df6ec06846e41abd9645
densenet121,B,1351,104019,image_level_seed11,2,2,pituitary,0.00013163125502248243,0.00028881238524858585,0.999579556359729,2,pituitary,0.999579556359729,919d6f0fb3ca462983d6df6ec06846e41abd9645
densenet121,B,1355,104558,image_level_seed11,2,2,pituitary,0.000371658191978267,4.874928346866323e-05,0.9995795925245532,2,pituitary,0.9995795925245532,919d6f0fb3ca462983d6df6ec06846e41abd9645
densenet121,B,1356,104558,image_level_seed11,2,2,pituitary,0.0007047849573014587,2.355240968907886e-05,0.9992716626330095,2,pituitary,0.9992716626330095,919d6f0fb3ca462983d6df6ec06846e41abd9645
densenet121,B,1361,104684,image_level_seed11,2,2,pituitary,0.00035389877857274247,0.00021388887230140252,0.9994322123491259,2,pituitary,0.9994322123491259,919d6f0fb3ca462983d6df6ec06846e41abd9645
densenet121,B,1362,104684,image_level_seed11,2,2,pituitary,0.0006367719241047159,0.00010537094976731257,0.9992578571261279,2,pituitary,0.9992578571261279,919d6f0fb3ca462983d6df6ec06846e41abd9645
densenet121,B,1364,104684,image_level_seed11,2,2,pituitary,0.0002107027941033485,5.278820759203456e-05,0.9997365089983047,2,pituitary,0.9997365089983047,919d6f0fb3ca462983d6df6ec06846e41abd9645
densenet121,B,1367,104684,image_level_seed11,2,2,pituitary,0.00037225748699118547,0.0002597959586454595,0.9993679465543633,2,pituitary,0.9993679465543633,919d6f0fb3ca462983d6df6ec06846e41abd9645
densenet121,B,1376,105187,image_level_seed11,2,2,pituitary,0.009793167201923227,0.00026032373311888783,0.989946509064958,2,pituitary,0.989946509064958,919d6f0fb3ca462983d6df6ec06846e41abd9645
densenet121,B,1377,105187,image_level_seed11,2,2,pituitary,0.0001624708308271379,0.00011692763398506684,0.9997206015351878,2,pituitary,0.9997206015351878,919d6f0fb3ca462983d6df6ec06846e41abd9645
densenet121,B,1392,97416,image_level_seed11,2,2,pituitary,0.004186899693406343,0.000413398815272019,0.9953997014913217,2,pituitary,0.9953997014913217,919d6f0fb3ca462983d6df6ec06846e41abd9645
densenet121,B,1401,97461,image_level_seed11,2,2,pituitary,8.584484793162014e-05,5.6544110480828085e-05,0.9998576110415875,2,pituitary,0.9998576110415875,919d6f0fb3ca462983d6df6ec06846e41abd9645
densenet121,B,1406,97481,image_level_seed11,2,2,pituitary,0.0023900420529583046,0.0005441651490603168,0.9970657927979814,2,pituitary,0.9970657927979814,919d6f0fb3ca462983d6df6ec06846e41abd9645
densenet121,B,1410,97890,image_level_seed11,2,2,pituitary,0.00032224742814123157,0.0002804934217022752,0.9993972591501565,2,pituitary,0.9993972591501565,919d6f0fb3ca462983d6df6ec06846e41abd9645
densenet121,B,1411,97890,image_level_seed11,2,2,pituitary,0.0005005973922934177,0.002010675839228426,0.997488726768478,2,pituitary,0.997488726768478,919d6f0fb3ca462983d6df6ec06846e41abd9645
densenet121,B,1413,97890,image_level_seed11,2,2,pituitary,0.0020588704640301246,0.0014653946309333295,0.9964757349050366,2,pituitary,0.9964757349050366,919d6f0fb3ca462983d6df6ec06846e41abd9645
densenet121,B,1419,98472,image_level_seed11,2,2,pituitary,0.0009799650324808168,0.00014082107737480834,0.9988792138901444,2,pituitary,0.9988792138901444,919d6f0fb3ca462983d6df6ec06846e41abd9645
densenet121,B,1425,98871,image_level_seed11,2,2,pituitary,0.00023673789757509763,0.0003617028372614219,0.9994015592651636,2,pituitary,0.9994015592651636,919d6f0fb3ca462983d6df6ec06846e41abd9645
densenet121,B,1428,98871,image_level_seed11,2,2,pituitary,4.226797477026251e-05,7.918495330835991e-05,0.9998785470719213,2,pituitary,0.9998785470719213,919d6f0fb3ca462983d6df6ec06846e41abd9645
densenet121,B,1430,98874,image_level_seed11,2,2,pituitary,0.0011078527432486396,0.0019341576545115287,0.9969579896022398,2,pituitary,0.9969579896022398,919d6f0fb3ca462983d6df6ec06846e41abd9645
densenet121,B,1434,98874,image_level_seed11,2,2,pituitary,0.0006383191767749579,0.000692674518100253,0.9986690063051248,2,pituitary,0.9986690063051248,919d6f0fb3ca462983d6df6ec06846e41abd9645
densenet121,B,1449,99223,image_level_seed11,2,2,pituitary,0.004731434224128002,0.00017540435978325025,0.9950931614160887,2,pituitary,0.9950931614160887,919d6f0fb3ca462983d6df6ec06846e41abd9645
densenet121,B,1458,101017,image_level_seed11,2,2,pituitary,6.249859403394749e-05,0.000546217932372285,0.9993912834735938,2,pituitary,0.9993912834735938,919d6f0fb3ca462983d6df6ec06846e41abd9645
densenet121,B,1466,101029,image_level_seed11,2,2,pituitary,4.213926243207611e-05,8.97485521743141e-05,0.9998681121853936,2,pituitary,0.9998681121853936,919d6f0fb3ca462983d6df6ec06846e41abd9645
densenet121,B,1470,101145,image_level_seed11,2,2,pituitary,0.0015730050048420785,0.0002674480338247145,0.9981595469613331,2,pituitary,0.9981595469613331,919d6f0fb3ca462983d6df6ec06846e41abd9645
densenet121,B,1473,101305,image_level_seed11,2,2,pituitary,0.0007996416655759889,0.002892497497188609,0.9963078608372353,2,pituitary,0.9963078608372353,919d6f0fb3ca462983d6df6ec06846e41abd9645
densenet121,B,1480,101724,image_level_seed11,2,2,pituitary,0.0003027569037468986,0.001521212118386285,0.9981760309778668,2,pituitary,0.9981760309778668,919d6f0fb3ca462983d6df6ec06846e41abd9645
densenet121,B,1481,101724,image_level_seed11,2,2,pituitary,0.00043400322575606415,0.0013782505548854732,0.9981877462193585,2,pituitary,0.9981877462193585,919d6f0fb3ca462983d6df6ec06846e41abd9645
densenet121,B,1482,101724,image_level_seed11,2,2,pituitary,0.00042777833366294495,0.0028411606008889624,0.9967310610654482,2,pituitary,0.9967310610654482,919d6f0fb3ca462983d6df6ec06846e41abd9645
densenet121,B,1487,102669,image_level_seed11,2,2,pituitary,0.0005171134158513163,0.002489336443841759,0.9969935501403069,2,pituitary,0.9969935501403069,919d6f0fb3ca462983d6df6ec06846e41abd9645
densenet121,B,1490,103046,image_level_seed11,2,2,pituitary,0.00013329664689615595,0.00017626833448080328,0.999690435018623,2,pituitary,0.999690435018623,919d6f0fb3ca462983d6df6ec06846e41abd9645
densenet121,B,1496,103257,image_level_seed11,2,2,pituitary,0.0001472864296534635,6.635693890446821e-05,0.9997863566314421,2,pituitary,0.9997863566314421,919d6f0fb3ca462983d6df6ec06846e41abd9645
densenet121,B,1505,103478,image_level_seed11,2,2,pituitary,0.0009379718910584266,0.003623056873139535,0.995438971235802,2,pituitary,0.995438971235802,919d6f0fb3ca462983d6df6ec06846e41abd9645
densenet121,B,1507,103582,image_level_seed11,2,2,pituitary,0.00012249296566288375,2.9541419243478526e-05,0.9998479656150936,2,pituitary,0.9998479656150936,919d6f0fb3ca462983d6df6ec06846e41abd9645
densenet121,B,1516,103671,image_level_seed11,2,2,pituitary,0.0002526129309485691,0.0007873953343905232,0.998959991734661,2,pituitary,0.998959991734661,919d6f0fb3ca462983d6df6ec06846e41abd9645
densenet121,B,1523,103731,image_level_seed11,2,2,pituitary,0.00028613695892113573,0.0009288309143925747,0.9987850321266863,2,pituitary,0.9987850321266863,919d6f0fb3ca462983d6df6ec06846e41abd9645
densenet121,B,1535,104019,image_level_seed11,2,2,pituitary,4.568504597905619e-05,0.00019764084237953382,0.9997566741116414,2,pituitary,0.9997566741116414,919d6f0fb3ca462983d6df6ec06846e41abd9645
densenet121,B,1537,104019,image_level_seed11,2,2,pituitary,0.00023131018751253833,0.0030523844621543924,0.996716305350333,2,pituitary,0.996716305350333,919d6f0fb3ca462983d6df6ec06846e41abd9645
densenet121,B,1540,104558,image_level_seed11,2,2,pituitary,0.0004233650470911587,0.00017268746475015376,0.9994039474881588,2,pituitary,0.9994039474881588,919d6f0fb3ca462983d6df6ec06846e41abd9645
densenet121,B,1544,104558,image_level_seed11,2,2,pituitary,0.000795890997869077,0.004538277407409672,0.9946658315947212,2,pituitary,0.9946658315947212,919d6f0fb3ca462983d6df6ec06846e41abd9645
densenet121,B,1554,104912,image_level_seed11,2,2,pituitary,0.18450192022413325,0.0024222148231827795,0.813075864952684,2,pituitary,0.813075864952684,919d6f0fb3ca462983d6df6ec06846e41abd9645
densenet121,B,1557,105187,image_level_seed11,2,2,pituitary,6.075709742442048e-05,0.00033555985005673743,0.9996036830525188,2,pituitary,0.9996036830525188,919d6f0fb3ca462983d6df6ec06846e41abd9645
densenet121,B,1568,105638,image_level_seed11,2,2,pituitary,0.00015835161045817394,0.00039892450625443,0.9994427238832873,2,pituitary,0.9994427238832873,919d6f0fb3ca462983d6df6ec06846e41abd9645
densenet121,B,1570,105638,image_level_seed11,2,2,pituitary,0.00017943479029073679,0.000448735675544634,0.9993718295341647,2,pituitary,0.9993718295341647,919d6f0fb3ca462983d6df6ec06846e41abd9645
densenet121,B,1571,105638,image_level_seed11,2,2,pituitary,0.000516854750074025,0.0009506114566721496,0.9985325337932538,2,pituitary,0.9985325337932538,919d6f0fb3ca462983d6df6ec06846e41abd9645
densenet121,B,1572,105638,image_level_seed11,2,2,pituitary,0.00021967612003883562,0.0004600458975544948,0.9993202779824067,2,pituitary,0.9993202779824067,919d6f0fb3ca462983d6df6ec06846e41abd9645
densenet121,B,1573,97416,image_level_seed11,2,2,pituitary,0.0021660103150877856,0.03125985792085997,0.9665741317640522,2,pituitary,0.9665741317640522,919d6f0fb3ca462983d6df6ec06846e41abd9645
densenet121,B,1574,97416,image_level_seed11,2,2,pituitary,0.0007185671255810016,0.002896683221875526,0.9963847496525434,2,pituitary,0.9963847496525434,919d6f0fb3ca462983d6df6ec06846e41abd9645
densenet121,B,1577,97416,image_level_seed11,2,2,pituitary,0.00025812058665852816,0.00012224634920742267,0.9996196330641341,2,pituitary,0.9996196330641341,919d6f0fb3ca462983d6df6ec06846e41abd9645
densenet121,B,1584,97461,image_level_seed11,2,2,pituitary,3.999409845606398e-05,3.706286708370338e-05,0.9999229430344604,2,pituitary,0.9999229430344604,919d6f0fb3ca462983d6df6ec06846e41abd9645
densenet121,B,1591,97481,image_level_seed11,2,2,pituitary,9.315748675601966e-05,0.0001229118424384101,0.9997839306708056,2,pituitary,0.9997839306708056,919d6f0fb3ca462983d6df6ec06846e41abd9645
densenet121,B,1592,97481,image_level_seed11,2,2,pituitary,8.087109440343467e-05,0.00017724906668891433,0.9997418798389076,2,pituitary,0.9997418798389076,919d6f0fb3ca462983d6df6ec06846e41abd9645
densenet121,B,1596,97890,image_level_seed11,2,2,pituitary,0.00027930613203680396,0.0029359355806045273,0.9967847582873587,2,pituitary,0.9967847582873587,919d6f0fb3ca462983d6df6ec06846e41abd9645
densenet121,B,1597,97890,image_level_seed11,2,2,pituitary,0.00021691741518971514,0.0002912040457069018,0.9994918785391035,2,pituitary,0.9994918785391035,919d6f0fb3ca462983d6df6ec06846e41abd9645
densenet121,B,1599,97890,image_level_seed11,2,2,pituitary,7.835992061441458e-05,0.0004058453189433856,0.9995157947604423,2,pituitary,0.9995157947604423,919d6f0fb3ca462983d6df6ec06846e41abd9645
densenet121,B,1600,98472,image_level_seed11,2,2,pituitary,0.00158086306300399,0.0005587378282863914,0.9978603991087096,2,pituitary,0.9978603991087096,919d6f0fb3ca462983d6df6ec06846e41abd9645
densenet121,B,1601,98472,image_level_seed11,2,2,pituitary,0.00790631761376308,0.0003881903215223722,0.9917054920647146,2,pituitary,0.9917054920647146,919d6f0fb3ca462983d6df6ec06846e41abd9645
densenet121,B,1602,98472,image_level_seed11,2,2,pituitary,0.0019862166159450557,0.00022957663598944066,0.9977842067480654,2,pituitary,0.9977842067480654,919d6f0fb3ca462983d6df6ec06846e41abd9645
densenet121,B,1606,98652,image_level_seed11,2,2,pituitary,0.0003441265638369377,0.0005142057404252647,0.9991416676957378,2,pituitary,0.9991416676957378,919d6f0fb3ca462983d6df6ec06846e41abd9645
densenet121,B,1609,98871,image_level_seed11,2,2,pituitary,0.00012037286466355464,0.0018734553325897988,0.9980061718027468,2,pituitary,0.9980061718027468,919d6f0fb3ca462983d6df6ec06846e41abd9645
densenet121,B,1610,98871,image_level_seed11,2,2,pituitary,4.127213803862319e-05,0.00015332054100689193,0.9998054073209544,2,pituitary,0.9998054073209544,919d6f0fb3ca462983d6df6ec06846e41abd9645
densenet121,B,1622,98992,image_level_seed11,2,2,pituitary,0.0005591753922261445,0.005298794462147892,0.9941420301456259,2,pituitary,0.9941420301456259,919d6f0fb3ca462983d6df6ec06846e41abd9645
densenet121,B,1635,99223,image_level_seed11,2,2,pituitary,0.00021705323940184314,0.0001658426779984791,0.9996171040825996,2,pituitary,0.9996171040825996,919d6f0fb3ca462983d6df6ec06846e41abd9645
densenet121,B,1636,99223,image_level_seed11,2,2,pituitary,0.00024305858558635742,5.695000547289032e-05,0.9996999914089407,2,pituitary,0.9996999914089407,919d6f0fb3ca462983d6df6ec06846e41abd9645
densenet121,B,1652,101145,image_level_seed11,2,2,pituitary,0.0006998293935210818,9.012468839647396e-05,0.9992100459180825,2,pituitary,0.9992100459180825,919d6f0fb3ca462983d6df6ec06846e41abd9645
densenet121,B,1655,101305,image_level_seed11,2,2,pituitary,0.00017542105704192475,0.0005019785355075691,0.9993226004074504,2,pituitary,0.9993226004074504,919d6f0fb3ca462983d6df6ec06846e41abd9645
densenet121,B,1660,101724,image_level_seed11,2,2,pituitary,0.0001023497691294243,5.02508756397495e-05,0.9998473993552309,2,pituitary,0.9998473993552309,919d6f0fb3ca462983d6df6ec06846e41abd9645
densenet121,B,1666,102648,image_level_seed11,2,2,pituitary,0.0011187212607284317,0.013294221880331107,0.9855870568589404,2,pituitary,0.9855870568589404,919d6f0fb3ca462983d6df6ec06846e41abd9645
densenet121,B,1684,103478,image_level_seed11,2,2,pituitary,0.00025683292360063914,0.0006734704473298538,0.9990696966290694,2,pituitary,0.9990696966290694,919d6f0fb3ca462983d6df6ec06846e41abd9645
densenet121,B,1686,103478,image_level_seed11,2,2,pituitary,0.00020790804530441,0.0006389647405820289,0.9991531272141135,2,pituitary,0.9991531272141135,919d6f0fb3ca462983d6df6ec06846e41abd9645
densenet121,B,1688,103478,image_level_seed11,2,2,pituitary,0.00013448004095758284,0.00018026073533192644,0.9996852592237105,2,pituitary,0.9996852592237105,919d6f0fb3ca462983d6df6ec06846e41abd9645
densenet121,B,1694,103582,image_level_seed11,2,2,pituitary,2.7703216094890695e-05,1.5208725045490954e-05,0.9999570880588596,2,pituitary,0.9999570880588596,919d6f0fb3ca462983d6df6ec06846e41abd9645
densenet121,B,1695,103582,image_level_seed11,2,2,pituitary,4.1605631217893424e-05,6.258367444300247e-05,0.9998958106943392,2,pituitary,0.9998958106943392,919d6f0fb3ca462983d6df6ec06846e41abd9645
densenet121,B,1698,103582,image_level_seed11,2,2,pituitary,7.626114899406377e-05,7.449925040219795e-05,0.9998492396006039,2,pituitary,0.9998492396006039,919d6f0fb3ca462983d6df6ec06846e41abd9645
densenet121,B,1705,103671,image_level_seed11,2,2,pituitary,1.9772316396920785e-05,8.580079808489642e-06,0.9999716476037945,2,pituitary,0.9999716476037945,919d6f0fb3ca462983d6df6ec06846e41abd9645
densenet121,B,1708,103671,image_level_seed11,2,2,pituitary,8.479857359416401e-05,0.00012961001275044526,0.9997855914136555,2,pituitary,0.9997855914136555,919d6f0fb3ca462983d6df6ec06846e41abd9645
densenet121,B,1712,103731,image_level_seed11,2,2,pituitary,0.00018675793207215583,0.0003303247317855059,0.9994829173361424,2,pituitary,0.9994829173361424,919d6f0fb3ca462983d6df6ec06846e41abd9645
densenet121,B,1720,103837,image_level_seed11,2,2,pituitary,4.2809690555167976e-05,1.1514961917956784e-05,0.9999456753475268,2,pituitary,0.9999456753475268,919d6f0fb3ca462983d6df6ec06846e41abd9645
densenet121,B,1724,104019,image_level_seed11,2,2,pituitary,2.0066625616174626e-05,2.7891179709480317e-05,0.9999520421946743,2,pituitary,0.9999520421946743,919d6f0fb3ca462983d6df6ec06846e41abd9645
densenet121,B,1730,104558,image_level_seed11,2,2,pituitary,5.768887525700876e-05,1.0869492523377328e-05,0.9999314416322197,2,pituitary,0.9999314416322197,919d6f0fb3ca462983d6df6ec06846e41abd9645
densenet121,B,1732,104558,image_level_seed11,2,2,pituitary,0.0014174269459922798,0.00026286733010791704,0.9983197057238999,2,pituitary,0.9983197057238999,919d6f0fb3ca462983d6df6ec06846e41abd9645
densenet121,B,1737,104684,image_level_seed11,2,2,pituitary,3.486735951953586e-05,5.455150493445259e-05,0.999910581135546,2,pituitary,0.999910581135546,919d6f0fb3ca462983d6df6ec06846e41abd9645
densenet121,B,1739,104684,image_level_seed11,2,2,pituitary,8.513780746081835e-05,0.00011408658416221753,0.9998007756083771,2,pituitary,0.9998007756083771,919d6f0fb3ca462983d6df6ec06846e41abd9645
densenet121,B,1742,104912,image_level_seed11,2,2,pituitary,0.0001932722525838302,0.0014138595326675624,0.9983928682147487,2,pituitary,0.9983928682147487,919d6f0fb3ca462983d6df6ec06846e41abd9645
densenet121,B,1748,105187,image_level_seed11,2,2,pituitary,0.00023247200446971977,0.00011918104227101721,0.9996483469532593,2,pituitary,0.9996483469532593,919d6f0fb3ca462983d6df6ec06846e41abd9645
densenet121,B,1749,105187,image_level_seed11,2,2,pituitary,4.0295596666194086e-05,1.5672692260591734e-05,0.9999440317110732,2,pituitary,0.9999440317110732,919d6f0fb3ca462983d6df6ec06846e41abd9645
densenet121,B,1752,105187,image_level_seed11,2,2,pituitary,0.00036034097881862555,8.485446707045479e-05,0.9995548045541108,2,pituitary,0.9995548045541108,919d6f0fb3ca462983d6df6ec06846e41abd9645
densenet121,B,1753,105187,image_level_seed11,2,2,pituitary,0.0001533046772825099,0.00010159373976951657,0.999745101582948,2,pituitary,0.999745101582948,919d6f0fb3ca462983d6df6ec06846e41abd9645
densenet121,B,1756,105475,image_level_seed11,2,2,pituitary,0.0006929999450033581,0.0025675873047300555,0.9967394127502667,2,pituitary,0.9967394127502667,919d6f0fb3ca462983d6df6ec06846e41abd9645
densenet121,B,1765,105638,image_level_seed11,2,2,pituitary,8.354959864131754e-05,0.00010898085915637936,0.9998074695422025,2,pituitary,0.9998074695422025,919d6f0fb3ca462983d6df6ec06846e41abd9645
densenet121,B,1766,97416,image_level_seed11,2,2,pituitary,4.7991001030202584e-05,7.85359699147448e-05,0.999873473029055,2,pituitary,0.999873473029055,919d6f0fb3ca462983d6df6ec06846e41abd9645
densenet121,B,1777,97461,image_level_seed11,2,2,pituitary,6.577527433850852e-05,8.40000865616659e-05,0.9998502246390997,2,pituitary,0.9998502246390997,919d6f0fb3ca462983d6df6ec06846e41abd9645
densenet121,B,1784,97481,image_level_seed11,2,2,pituitary,4.272695832388532e-06,1.0105398579692794e-05,0.9999856219055879,2,pituitary,0.9999856219055879,919d6f0fb3ca462983d6df6ec06846e41abd9645
densenet121,B,1790,97890,image_level_seed11,2,2,pituitary,3.602042527556702e-05,7.689189585539388e-06,0.9999562903851389,2,pituitary,0.9999562903851389,919d6f0fb3ca462983d6df6ec06846e41abd9645
densenet121,B,1791,97890,image_level_seed11,2,2,pituitary,4.523441942288519e-05,6.912933426677423e-06,0.9999478526471504,2,pituitary,0.9999478526471504,919d6f0fb3ca462983d6df6ec06846e41abd9645
densenet121,B,1792,97890,image_level_seed11,2,2,pituitary,3.941702937358448e-05,4.9765795898523826e-05,0.999910817174728,2,pituitary,0.999910817174728,919d6f0fb3ca462983d6df6ec06846e41abd9645
densenet121,B,1803,98652,image_level_seed11,2,2,pituitary,0.0002669064569032966,0.0005847253845248885,0.9991483681585719,2,pituitary,0.9991483681585719,919d6f0fb3ca462983d6df6ec06846e41abd9645
densenet121,B,1804,98652,image_level_seed11,2,2,pituitary,0.00032085035193818527,0.00014715574309415847,0.9995319939049677,2,pituitary,0.9995319939049677,919d6f0fb3ca462983d6df6ec06846e41abd9645
densenet121,B,1826,98992,image_level_seed11,2,2,pituitary,3.614779184141587e-05,9.297817070443299e-05,0.9998708740374542,2,pituitary,0.9998708740374542,919d6f0fb3ca462983d6df6ec06846e41abd9645
densenet121,B,1828,98992,image_level_seed11,2,2,pituitary,0.0003381882440700483,0.00020220799494031607,0.9994596037609897,2,pituitary,0.9994596037609897,919d6f0fb3ca462983d6df6ec06846e41abd9645
densenet121,B,1829,98992,image_level_seed11,2,2,pituitary,0.00015519566066402095,0.0004994804913038614,0.9993453238480322,2,pituitary,0.9993453238480322,919d6f0fb3ca462983d6df6ec06846e41abd9645
densenet121,B,1830,98995,image_level_seed11,2,2,pituitary,4.8981290597895015e-05,4.5558091126339317e-05,0.9999054606182758,2,pituitary,0.9999054606182758,919d6f0fb3ca462983d6df6ec06846e41abd9645
densenet121,B,1832,98995,image_level_seed11,2,2,pituitary,4.556841172680871e-05,4.657315625521548e-05,0.999907858432018,2,pituitary,0.999907858432018,919d6f0fb3ca462983d6df6ec06846e41abd9645
densenet121,B,1847,MR048294,image_level_seed11,2,1,glioma,0.00022252475464209993,0.9996266551048597,0.00015082014049813303,1,glioma,0.9996266551048597,919d6f0fb3ca462983d6df6ec06846e41abd9645
densenet121,B,1852,MR048297,image_level_seed11,2,1,glioma,0.00015217854365952107,0.9997954172675537,5.2404188786812146e-05,1,glioma,0.9997954172675537,919d6f0fb3ca462983d6df6ec06846e41abd9645
densenet121,B,1854,MR048621B,image_level_seed11,2,1,glioma,0.0006865586440736568,0.9984041571621283,0.0009092841937981064,1,glioma,0.9984041571621283,919d6f0fb3ca462983d6df6ec06846e41abd9645
densenet121,B,1868,MR048944,image_level_seed11,2,1,glioma,0.0003236544143009647,0.9994871332714063,0.00018921231429267564,1,glioma,0.9994871332714063,919d6f0fb3ca462983d6df6ec06846e41abd9645
densenet121,B,1875,MR048994,image_level_seed11,2,1,glioma,0.00037543509498908363,0.9994632200457788,0.000161344859232158,1,glioma,0.9994632200457788,919d6f0fb3ca462983d6df6ec06846e41abd9645
densenet121,B,1878,MR048994,image_level_seed11,2,1,glioma,0.012305566816437834,0.9870897680472305,0.0006046651363317199,1,glioma,0.9870897680472305,919d6f0fb3ca462983d6df6ec06846e41abd9645
densenet121,B,1879,MR049104,image_level_seed11,2,1,glioma,0.00015849790127315402,0.9992197270453929,0.0006217750533340883,1,glioma,0.9992197270453929,919d6f0fb3ca462983d6df6ec06846e41abd9645
densenet121,B,1880,MR049104,image_level_seed11,2,1,glioma,8.54051926636828e-05,0.9997226068601556,0.00019198794718063963,1,glioma,0.9997226068601556,919d6f0fb3ca462983d6df6ec06846e41abd9645
densenet121,B,1882,MR049142,image_level_seed11,2,1,glioma,0.0052139380739672095,0.9944265189202247,0.00035954300580790807,1,glioma,0.9944265189202247,919d6f0fb3ca462983d6df6ec06846e41abd9645
densenet121,B,1890,MR048994B,image_level_seed11,2,1,glioma,0.0005701465716047899,0.999294571284946,0.00013528214344915742,1,glioma,0.999294571284946,919d6f0fb3ca462983d6df6ec06846e41abd9645
densenet121,B,1891,MR048994B,image_level_seed11,2,1,glioma,0.0013574691074604316,0.9984494667266706,0.00019306416586916902,1,glioma,0.9984494667266706,919d6f0fb3ca462983d6df6ec06846e41abd9645
densenet121,B,1892,MR048994B,image_level_seed11,2,1,glioma,0.0005875956305583651,0.9992923192195357,0.0001200851499058715,1,glioma,0.9992923192195357,919d6f0fb3ca462983d6df6ec06846e41abd9645
densenet121,B,1893,MR048944B,image_level_seed11,2,1,glioma,0.00046539923670299105,0.9989844800895629,0.0005501206737340942,1,glioma,0.9989844800895629,919d6f0fb3ca462983d6df6ec06846e41abd9645
densenet121,B,1898,MR048944B,image_level_seed11,2,1,glioma,0.0003436879270275354,0.999431227818038,0.00022508425493447415,1,glioma,0.999431227818038,919d6f0fb3ca462983d6df6ec06846e41abd9645
densenet121,B,1903,MR049358,image_level_seed11,2,1,glioma,0.00025898462167999717,0.9995082452632127,0.0002327701151073769,1,glioma,0.9995082452632127,919d6f0fb3ca462983d6df6ec06846e41abd9645
densenet121,B,1912,MR049104B,image_level_seed11,2,1,glioma,0.00022082782466638888,0.9991402199545061,0.0006389522208274277,1,glioma,0.9991402199545061,919d6f0fb3ca462983d6df6ec06846e41abd9645
densenet121,B,1915,MR049453,image_level_seed11,2,1,glioma,0.00020077349433661313,0.9993763945437439,0.000422831961919316,1,glioma,0.9993763945437439,919d6f0fb3ca462983d6df6ec06846e41abd9645
densenet121,B,1917,MR049453,image_level_seed11,2,1,glioma,0.0001016322643396026,0.9997968713406733,0.00010149639498708252,1,glioma,0.9997968713406733,919d6f0fb3ca462983d6df6ec06846e41abd9645
densenet121,B,1919,MR049453,image_level_seed11,2,1,glioma,0.00013127150571962638,0.9997752920099319,9.343648434858892e-05,1,glioma,0.9997752920099319,919d6f0fb3ca462983d6df6ec06846e41abd9645
densenet121,B,1925,MR024780G,image_level_seed11,2,1,glioma,0.0004380907187008032,0.9986149244220189,0.0009469848592802649,1,glioma,0.9986149244220189,919d6f0fb3ca462983d6df6ec06846e41abd9645
densenet121,B,1926,MR024780G,image_level_seed11,2,1,glioma,0.0003545090792201296,0.9991019763131858,0.0005435146075942278,1,glioma,0.9991019763131858,919d6f0fb3ca462983d6df6ec06846e41abd9645
densenet121,B,1927,MR024780G,image_level_seed11,2,1,glioma,0.0003199541068570027,0.9994632390306198,0.000216806862523208,1,glioma,0.9994632390306198,919d6f0fb3ca462983d6df6ec06846e41abd9645
densenet121,B,1928,MR024780G,image_level_seed11,2,1,glioma,0.0003734159781988009,0.999384791552479,0.00024179246932220938,1,glioma,0.999384791552479,919d6f0fb3ca462983d6df6ec06846e41abd9645
densenet121,B,1931,MR024780G,image_level_seed11,2,1,glioma,0.0005187442924787376,0.9985677155189993,0.0009135401885220575,1,glioma,0.9985677155189993,919d6f0fb3ca462983d6df6ec06846e41abd9645
densenet121,B,1935,MR024780G,image_level_seed11,2,1,glioma,0.00018839478750818164,0.9994288645442443,0.00038274066824753897,1,glioma,0.9994288645442443,919d6f0fb3ca462983d6df6ec06846e41abd9645
densenet121,B,1937,MR049453B,image_level_seed11,2,1,glioma,0.00047039086475683786,0.9975063483496276,0.0020232607856155533,1,glioma,0.9975063483496276,919d6f0fb3ca462983d6df6ec06846e41abd9645
densenet121,B,1938,MR049453B,image_level_seed11,2,1,glioma,0.000606690473377617,0.9978259403681681,0.0015673691584545124,1,glioma,0.9978259403681681,919d6f0fb3ca462983d6df6ec06846e41abd9645
densenet121,B,1941,MR049453B,image_level_seed11,2,1,glioma,0.0002255628085753567,0.9993483280113131,0.0004261091801114298,1,glioma,0.9993483280113131,919d6f0fb3ca462983d6df6ec06846e41abd9645
densenet121,B,1945,MR048294B,image_level_seed11,2,1,glioma,0.00022868782416251697,0.9989601080013325,0.0008112041745050217,1,glioma,0.9989601080013325,919d6f0fb3ca462983d6df6ec06846e41abd9645
densenet121,B,1946,MR048294B,image_level_seed11,2,1,glioma,0.0001095329919046206,0.9995936889740642,0.0002967780340312637,1,glioma,0.9995936889740642,919d6f0fb3ca462983d6df6ec06846e41abd9645
densenet121,B,1949,MR048621B,image_level_seed11,2,1,glioma,0.00985149891374048,0.9893150188423128,0.0008334822439467639,1,glioma,0.9893150188423128,919d6f0fb3ca462983d6df6ec06846e41abd9645
densenet121,B,1950,MR050135B,image_level_seed11,2,1,glioma,0.0012733203260310705,0.9903488051509379,0.008377874523031036,1,glioma,0.9903488051509379,919d6f0fb3ca462983d6df6ec06846e41abd9645
densenet121,B,1957,MR050135B,image_level_seed11,2,1,glioma,0.00024122349039187367,0.9993401061076873,0.000418670401920725,1,glioma,0.9993401061076873,919d6f0fb3ca462983d6df6ec06846e41abd9645
densenet121,B,1967,MR050687,image_level_seed11,2,1,glioma,0.0009399645079877018,0.9990023061401428,5.772935186955496e-05,1,glioma,0.9990023061401428,919d6f0fb3ca462983d6df6ec06846e41abd9645
densenet121,B,1968,MR050687,image_level_seed11,2,1,glioma,9.915037850839341e-05,0.9998873728690213,1.3476752470322674e-05,1,glioma,0.9998873728690213,919d6f0fb3ca462983d6df6ec06846e41abd9645
densenet121,B,1980,MR050791B,image_level_seed11,2,1,glioma,2.4479238456549605e-05,0.9999622005483884,1.3320213155092865e-05,1,glioma,0.9999622005483884,919d6f0fb3ca462983d6df6ec06846e41abd9645
densenet121,B,1983,MR050791B,image_level_seed11,2,1,glioma,7.279033307727239e-05,0.9999043984227771,2.2811244145667115e-05,1,glioma,0.9999043984227771,919d6f0fb3ca462983d6df6ec06846e41abd9645
densenet121,B,1990,MR026175C,image_level_seed11,2,1,glioma,0.00011412096392221799,0.9997637702725329,0.00012210876354486203,1,glioma,0.9997637702725329,919d6f0fb3ca462983d6df6ec06846e41abd9645
densenet121,B,1993,MR026175C,image_level_seed11,2,1,glioma,0.00014317891910330387,0.9993777896580508,0.00047903142284591945,1,glioma,0.9993777896580508,919d6f0fb3ca462983d6df6ec06846e41abd9645
densenet121,B,1997,MR026175C,image_level_seed11,2,1,glioma,0.0002178514097464718,0.9995759776503218,0.00020617093993184073,1,glioma,0.9995759776503218,919d6f0fb3ca462983d6df6ec06846e41abd9645
densenet121,B,2003,MR051461,image_level_seed11,2,1,glioma,0.0005068386043774775,0.9992871481890878,0.00020601320653475404,1,glioma,0.9992871481890878,919d6f0fb3ca462983d6df6ec06846e41abd9645
densenet121,B,2004,MR051461,image_level_seed11,2,1,glioma,0.0006886525683450774,0.9990912936889847,0.00022005374267001823,1,glioma,0.9990912936889847,919d6f0fb3ca462983d6df6ec06846e41abd9645
densenet121,B,2007,MR051586,image_level_seed11,2,1,glioma,0.00018812159214406539,0.9997590199324192,5.285847543660237e-05,1,glioma,0.9997590199324192,919d6f0fb3ca462983d6df6ec06846e41abd9645
densenet121,B,2011,MR051586,image_level_seed11,2,1,glioma,0.00045888246381945206,0.9993449077364112,0.00019620979976942197,1,glioma,0.9993449077364112,919d6f0fb3ca462983d6df6ec06846e41abd9645
densenet121,B,2012,MR051461B,image_level_seed11,2,1,glioma,0.0008413163573574225,0.9990305855746886,0.00012809806795400046,1,glioma,0.9990305855746886,919d6f0fb3ca462983d6df6ec06846e41abd9645
densenet121,B,2013,MR051461B,image_level_seed11,2,1,glioma,0.0007728637636489006,0.9990854953776699,0.00014164085868119273,1,glioma,0.9990854953776699,919d6f0fb3ca462983d6df6ec06846e41abd9645
densenet121,B,2017,MR051644,image_level_seed11,2,1,glioma,0.0014215469518810255,0.9968858007743134,0.0016926522738058053,1,glioma,0.9968858007743134,919d6f0fb3ca462983d6df6ec06846e41abd9645
densenet121,B,2019,MR051644,image_level_seed11,2,1,glioma,0.00034833098498611214,0.999431630406337,0.00022003860867691511,1,glioma,0.999431630406337,919d6f0fb3ca462983d6df6ec06846e41abd9645
densenet121,B,2022,MR051644,image_level_seed11,2,1,glioma,0.0010811256955505835,0.9987656102787867,0.00015326402566269052,1,glioma,0.9987656102787867,919d6f0fb3ca462983d6df6ec06846e41abd9645
densenet121,B,2023,MR051644,image_level_seed11,2,1,glioma,0.0015970733009739984,0.99807336511747,0.00032956158155606245,1,glioma,0.99807336511747,919d6f0fb3ca462983d6df6ec06846e41abd9645
densenet121,B,2030,MR051644,image_level_seed11,2,1,glioma,0.0001484827449213365,0.9996984241636829,0.00015309309139594494,1,glioma,0.9996984241636829,919d6f0fb3ca462983d6df6ec06846e41abd9645
densenet121,B,2035,MR051651,image_level_seed11,2,1,glioma,0.0002709241681687337,0.9997037753567786,2.530047505265358e-05,1,glioma,0.9997037753567786,919d6f0fb3ca462983d6df6ec06846e41abd9645
densenet121,B,2037,MR051651,image_level_seed11,2,1,glioma,0.0028458064532068048,0.9969502846605287,0.00020390888626449385,1,glioma,0.9969502846605287,919d6f0fb3ca462983d6df6ec06846e41abd9645
densenet121,B,2042,MR051796,image_level_seed11,2,1,glioma,0.0008118587494509328,0.9987100822793782,0.00047805897117086997,1,glioma,0.9987100822793782,919d6f0fb3ca462983d6df6ec06846e41abd9645
densenet121,B,2045,MR051651B,image_level_seed11,2,1,glioma,0.0002255392807514686,0.9997383173232667,3.6143395981753744e-05,1,glioma,0.9997383173232667,919d6f0fb3ca462983d6df6ec06846e41abd9645
densenet121,B,2048,MR051651B,image_level_seed11,2,1,glioma,0.00011835805557427708,0.9998660665246314,1.5575419794450174e-05,1,glioma,0.9998660665246314,919d6f0fb3ca462983d6df6ec06846e41abd9645
densenet121,B,2053,MR051644B,image_level_seed11,2,1,glioma,0.0001371265371849848,0.9997300691272195,0.00013280433559536238,1,glioma,0.9997300691272195,919d6f0fb3ca462983d6df6ec06846e41abd9645
densenet121,B,2065,MR051644C,image_level_seed11,2,1,glioma,0.00034071868807137207,0.9993374728143172,0.00032180849761141803,1,glioma,0.9993374728143172,919d6f0fb3ca462983d6df6ec06846e41abd9645
densenet121,B,2072,MR051644C,image_level_seed11,2,1,glioma,2.7026813769491532e-05,0.9999539534350276,1.9019751202970673e-05,1,glioma,0.9999539534350276,919d6f0fb3ca462983d6df6ec06846e41abd9645
densenet121,B,2075,MR051644C,image_level_seed11,2,1,glioma,6.345395099286202e-05,0.9998753988386403,6.114721036686987e-05,1,glioma,0.9998753988386403,919d6f0fb3ca462983d6df6ec06846e41abd9645
densenet121,B,2084,MR047953C,image_level_seed11,2,1,glioma,0.00014280045839478415,0.999402245715378,0.00045495382622739327,1,glioma,0.999402245715378,919d6f0fb3ca462983d6df6ec06846e41abd9645
densenet121,B,2086,MR047953C,image_level_seed11,2,1,glioma,0.0003299645553858701,0.9991758397209555,0.0004941957236586994,1,glioma,0.9991758397209555,919d6f0fb3ca462983d6df6ec06846e41abd9645
densenet121,B,2088,MR053110B,image_level_seed11,2,1,glioma,4.863696309225815e-05,0.9999180616467445,3.3301390163224345e-05,1,glioma,0.9999180616467445,919d6f0fb3ca462983d6df6ec06846e41abd9645
densenet121,B,2094,MR034694,image_level_seed11,2,1,glioma,0.00018659079789585788,0.9993179676060152,0.0004954415960889467,1,glioma,0.9993179676060152,919d6f0fb3ca462983d6df6ec06846e41abd9645
densenet121,B,2096,MR034694,image_level_seed11,2,1,glioma,0.00013623338519096382,0.9995805625670784,0.0002832040477307933,1,glioma,0.9995805625670784,919d6f0fb3ca462983d6df6ec06846e41abd9645
densenet121,B,2098,MR054683,image_level_seed11,2,1,glioma,0.0001774150348795331,0.9992246652760025,0.0005979196891179117,1,glioma,0.9992246652760025,919d6f0fb3ca462983d6df6ec06846e41abd9645
densenet121,B,2101,MR054875,image_level_seed11,2,1,glioma,0.00015918133621840746,0.9994722250709362,0.0003685935928455271,1,glioma,0.9994722250709362,919d6f0fb3ca462983d6df6ec06846e41abd9645
densenet121,B,2105,MR050687C,image_level_seed11,2,1,glioma,0.00020528123566238905,0.9993602882857882,0.000434430478549419,1,glioma,0.9993602882857882,919d6f0fb3ca462983d6df6ec06846e41abd9645
densenet121,B,2107,MR050687C,image_level_seed11,2,1,glioma,0.0003209810977307924,0.9981352575676244,0.0015437613346446727,1,glioma,0.9981352575676244,919d6f0fb3ca462983d6df6ec06846e41abd9645
densenet121,B,2117,MR034997,image_level_seed11,2,1,glioma,0.00025157936302858125,0.9997183209668299,3.0099670141476773e-05,1,glioma,0.9997183209668299,919d6f0fb3ca462983d6df6ec06846e41abd9645
densenet121,B,2118,MR034997,image_level_seed11,2,1,glioma,0.0002066575512042607,0.9997432587598788,5.008368891688828e-05,1,glioma,0.9997432587598788,919d6f0fb3ca462983d6df6ec06846e41abd9645
densenet121,B,2121,MR029209E,image_level_seed11,2,1,glioma,0.0001640899826348138,0.9995532174349365,0.00028269258242861925,1,glioma,0.9995532174349365,919d6f0fb3ca462983d6df6ec06846e41abd9645
densenet121,B,2129,MR053110E,image_level_seed11,2,1,glioma,0.0003124894710147842,0.9978964997468913,0.0017910107820939835,1,glioma,0.9978964997468913,919d6f0fb3ca462983d6df6ec06846e41abd9645
densenet121,B,2130,MR053110E,image_level_seed11,2,1,glioma,0.00011388610978120893,0.9994397641719716,0.0004463497182471019,1,glioma,0.9994397641719716,919d6f0fb3ca462983d6df6ec06846e41abd9645
densenet121,B,2132,MR053110E,image_level_seed11,2,1,glioma,0.0004695428674047504,0.9975301055282939,0.0020003516043014804,1,glioma,0.9975301055282939,919d6f0fb3ca462983d6df6ec06846e41abd9645
densenet121,B,2134,MR049019G,image_level_seed11,2,1,glioma,0.00012049968243799348,0.9996482696433453,0.0002312306742166118,1,glioma,0.9996482696433453,919d6f0fb3ca462983d6df6ec06846e41abd9645
densenet121,B,2137,MR049019G,image_level_seed11,2,1,glioma,0.0002268305693858049,0.9995393874327904,0.00023378199782363613,1,glioma,0.9995393874327904,919d6f0fb3ca462983d6df6ec06846e41abd9645
densenet121,B,2138,MR049019G,image_level_seed11,2,1,glioma,0.0002432692440613581,0.9995433195682283,0.00021341118771030538,1,glioma,0.9995433195682283,919d6f0fb3ca462983d6df6ec06846e41abd9645
densenet121,B,2140,MR049019G,image_level_seed11,2,1,glioma,0.0005533817317788621,0.9991428783958477,0.0003037398723736343,1,glioma,0.9991428783958477,919d6f0fb3ca462983d6df6ec06846e41abd9645
densenet121,B,2142,MR031409B,image_level_seed11,2,1,glioma,0.0008037993770395999,0.9989272244854147,0.00026897613754569525,1,glioma,0.9989272244854147,919d6f0fb3ca462983d6df6ec06846e41abd9645
densenet121,B,2146,MR038469,image_level_seed11,2,1,glioma,0.0019402099070637156,0.997461807566968,0.0005979825259682713,1,glioma,0.997461807566968,919d6f0fb3ca462983d6df6ec06846e41abd9645
densenet121,B,2149,MR038469,image_level_seed11,2,1,glioma,9.953836624513304e-05,0.9998615799117851,3.8881721969823676e-05,1,glioma,0.9998615799117851,919d6f0fb3ca462983d6df6ec06846e41abd9645
densenet121,B,2155,MR032322C,image_level_seed11,2,1,glioma,0.00014543437652632767,0.9997735618253125,8.100379816108726e-05,1,glioma,0.9997735618253125,919d6f0fb3ca462983d6df6ec06846e41abd9645
densenet121,B,2156,MR032322C,image_level_seed11,2,1,glioma,0.0001615571101786636,0.9997408736380209,9.756925180046866e-05,1,glioma,0.9997408736380209,919d6f0fb3ca462983d6df6ec06846e41abd9645
densenet121,B,2160,MR032322C,image_level_seed11,2,1,glioma,0.0001309178771210305,0.9995064135249433,0.00036266859793558973,1,glioma,0.9995064135249433,919d6f0fb3ca462983d6df6ec06846e41abd9645
densenet121,B,2166,MR037458B,image_level_seed11,2,1,glioma,0.0002634845945822205,0.9996016620804561,0.00013485332496185754,1,glioma,0.9996016620804561,919d6f0fb3ca462983d6df6ec06846e41abd9645
densenet121,B,2178,MR039473,image_level_seed11,2,1,glioma,0.00013896334912737304,0.999776502778689,8.453387218354872e-05,1,glioma,0.999776502778689,919d6f0fb3ca462983d6df6ec06846e41abd9645
densenet121,B,2182,MR039473B,image_level_seed11,2,1,glioma,0.0001655215911618011,0.9994611468705236,0.0003733315383146221,1,glioma,0.9994611468705236,919d6f0fb3ca462983d6df6ec06846e41abd9645
densenet121,B,2184,MR039473B,image_level_seed11,2,1,glioma,9.529567662423326e-05,0.9996991335389566,0.00020557078441924465,1,glioma,0.9996991335389566,919d6f0fb3ca462983d6df6ec06846e41abd9645
densenet121,B,2191,MR037458C,image_level_seed11,2,1,glioma,0.0001067673529310195,0.9998014149991559,9.1817647913131e-05,1,glioma,0.9998014149991559,919d6f0fb3ca462983d6df6ec06846e41abd9645
densenet121,B,2197,MR040240,image_level_seed11,2,1,glioma,0.0002711565771103183,0.9988857399918052,0.0008431034310845904,1,glioma,0.9988857399918052,919d6f0fb3ca462983d6df6ec06846e41abd9645
densenet121,B,2204,MR040240,image_level_seed11,2,1,glioma,0.00039116477900028143,0.9992204440284338,0.0003883911925659152,1,glioma,0.9992204440284338,919d6f0fb3ca462983d6df6ec06846e41abd9645
densenet121,B,2216,MR029209G,image_level_seed11,2,1,glioma,0.00015930135182249248,0.9994570044747335,0.0003836941734440757,1,glioma,0.9994570044747335,919d6f0fb3ca462983d6df6ec06846e41abd9645
densenet121,B,2223,MR029209G,image_level_seed11,2,1,glioma,0.0008792501048183358,0.9988697402305369,0.00025100966464464857,1,glioma,0.9988697402305369,919d6f0fb3ca462983d6df6ec06846e41abd9645
densenet121,B,2226,MR036496B,image_level_seed11,2,1,glioma,0.0001765703228978059,0.9997623376845769,6.10919925251664e-05,1,glioma,0.9997623376845769,919d6f0fb3ca462983d6df6ec06846e41abd9645
densenet121,B,2227,MR036496B,image_level_seed11,2,1,glioma,0.0005303475017037814,0.9993305245343755,0.00013912796392070789,1,glioma,0.9993305245343755,919d6f0fb3ca462983d6df6ec06846e41abd9645
densenet121,B,2228,MR036496B,image_level_seed11,2,1,glioma,0.0008067164199362943,0.9990229378561611,0.0001703457239024669,1,glioma,0.9990229378561611,919d6f0fb3ca462983d6df6ec06846e41abd9645
densenet121,B,2232,MR033420,image_level_seed11,2,1,glioma,0.0009307041356495271,0.9985553477613748,0.0005139481029756379,1,glioma,0.9985553477613748,919d6f0fb3ca462983d6df6ec06846e41abd9645
densenet121,B,2234,MR033420,image_level_seed11,2,1,glioma,0.00011060962117349437,0.999736607837279,0.00015278254154742077,1,glioma,0.999736607837279,919d6f0fb3ca462983d6df6ec06846e41abd9645
densenet121,B,2236,MR033420,image_level_seed11,2,1,glioma,0.00011083340715222605,0.9997950938356263,9.407275722142343e-05,1,glioma,0.9997950938356263,919d6f0fb3ca462983d6df6ec06846e41abd9645
densenet121,B,2237,MR024780B,image_level_seed11,2,1,glioma,0.00026502879221280946,0.9993208852209867,0.00041408598680055356,1,glioma,0.9993208852209867,919d6f0fb3ca462983d6df6ec06846e41abd9645
densenet121,B,2238,MR024780B,image_level_seed11,2,1,glioma,0.00020242213243294168,0.9996141231618645,0.0001834547057026888,1,glioma,0.9996141231618645,919d6f0fb3ca462983d6df6ec06846e41abd9645
densenet121,B,2241,MR033389B,image_level_seed11,2,1,glioma,2.8608244001842848e-05,0.9999510911518399,2.030060415827106e-05,1,glioma,0.9999510911518399,919d6f0fb3ca462983d6df6ec06846e41abd9645
densenet121,B,2251,MR048994B,image_level_seed11,2,1,glioma,0.00013543866794780084,0.9997468965183959,0.00011766481365646373,1,glioma,0.9997468965183959,919d6f0fb3ca462983d6df6ec06846e41abd9645
densenet121,B,2256,MR048944B,image_level_seed11,2,1,glioma,0.00026278131698258543,0.9994095542446393,0.0003276644383780674,1,glioma,0.9994095542446393,919d6f0fb3ca462983d6df6ec06846e41abd9645
densenet121,B,2259,MR048944B,image_level_seed11,2,1,glioma,7.26773591309407e-05,0.9999008678453573,2.6454795511886715e-05,1,glioma,0.9999008678453573,919d6f0fb3ca462983d6df6ec06846e41abd9645
densenet121,B,2281,MR024780G,image_level_seed11,2,1,glioma,0.00012899724520443718,0.9997889839673076,8.201878748786626e-05,1,glioma,0.9997889839673076,919d6f0fb3ca462983d6df6ec06846e41abd9645
densenet121,B,2287,MR049453B,image_level_seed11,2,1,glioma,0.0028079088608366537,0.9966922380032208,0.0004998531359423407,1,glioma,0.9966922380032208,919d6f0fb3ca462983d6df6ec06846e41abd9645
densenet121,B,2290,MR049453B,image_level_seed11,2,1,glioma,0.00015719078763333632,0.9994350284197204,0.0004077807926462371,1,glioma,0.9994350284197204,919d6f0fb3ca462983d6df6ec06846e41abd9645
densenet121,B,2294,MR049453B,image_level_seed11,2,1,glioma,0.00019402375336332675,0.9995570858532993,0.0002488903933374904,1,glioma,0.9995570858532993,919d6f0fb3ca462983d6df6ec06846e41abd9645
densenet121,B,2296,MR049453B,image_level_seed11,2,1,glioma,0.0003649319515957654,0.9981451189669858,0.0014899490814185826,1,glioma,0.9981451189669858,919d6f0fb3ca462983d6df6ec06846e41abd9645
densenet121,B,2304,MR050135B,image_level_seed11,2,1,glioma,0.00024422049383246734,0.9994880098074148,0.0002677696987526558,1,glioma,0.9994880098074148,919d6f0fb3ca462983d6df6ec06846e41abd9645
densenet121,B,2307,MR050135B,image_level_seed11,2,1,glioma,0.00021452415580758998,0.999474455308106,0.0003110205360865679,1,glioma,0.999474455308106,919d6f0fb3ca462983d6df6ec06846e41abd9645
densenet121,B,2319,MR050791B,image_level_seed11,2,1,glioma,0.0007597352457294901,0.9991580115003751,8.225325389535e-05,1,glioma,0.9991580115003751,919d6f0fb3ca462983d6df6ec06846e41abd9645
densenet121,B,2321,MR049019C,image_level_seed11,2,1,glioma,0.0005060901629595017,0.9960084608328661,0.003485449004174437,1,glioma,0.9960084608328661,919d6f0fb3ca462983d6df6ec06846e41abd9645
densenet121,B,2323,MR049019C,image_level_seed11,2,1,glioma,0.0015527854641942686,0.9851164211183818,0.013330793417424033,1,glioma,0.9851164211183818,919d6f0fb3ca462983d6df6ec06846e41abd9645
densenet121,B,2324,MR049019C,image_level_seed11,2,1,glioma,0.0014643663213915782,0.9893482684785985,0.009187365200010181,1,glioma,0.9893482684785985,919d6f0fb3ca462983d6df6ec06846e41abd9645
densenet121,B,2325,MR049019C,image_level_seed11,2,1,glioma,0.0008160452921136357,0.9967657409804331,0.0024182137274534805,1,glioma,0.9967657409804331,919d6f0fb3ca462983d6df6ec06846e41abd9645
densenet121,B,2332,MR026175C,image_level_seed11,2,1,glioma,0.000119420159544019,0.9996709305110092,0.0002096493294468887,1,glioma,0.9996709305110092,919d6f0fb3ca462983d6df6ec06846e41abd9645
densenet121,B,2343,MR051586,image_level_seed11,2,1,glioma,0.00010768928436860754,0.9998167084669756,7.560224865585776e-05,1,glioma,0.9998167084669756,919d6f0fb3ca462983d6df6ec06846e41abd9645
densenet121,B,2344,MR033389B,image_level_seed11,2,1,glioma,4.135976041473482e-05,0.9999227490082364,3.5891231348806695e-05,1,glioma,0.9999227490082364,919d6f0fb3ca462983d6df6ec06846e41abd9645
densenet121,B,2345,MR033389B,image_level_seed11,2,1,glioma,4.663240500838058e-05,0.999914642466814,3.8725128177471254e-05,1,glioma,0.999914642466814,919d6f0fb3ca462983d6df6ec06846e41abd9645
densenet121,B,2347,MR033389B,image_level_seed11,2,1,glioma,5.3860604714715045e-05,0.9999218963032586,2.4243092026833695e-05,1,glioma,0.9999218963032586,919d6f0fb3ca462983d6df6ec06846e41abd9645
densenet121,B,2348,MR033389B,image_level_seed11,2,1,glioma,0.0007475161160657609,0.999075696231217,0.00017678765271718667,1,glioma,0.999075696231217,919d6f0fb3ca462983d6df6ec06846e41abd9645
densenet121,B,2349,MR024780E,image_level_seed11,2,1,glioma,0.0004785859885354786,0.9990895364597552,0.00043187755170932395,1,glioma,0.9990895364597552,919d6f0fb3ca462983d6df6ec06846e41abd9645
densenet121,B,2357,MR026175E,image_level_seed11,2,1,glioma,0.00029008862662983936,0.9989433298609731,0.0007665815123970282,1,glioma,0.9989433298609731,919d6f0fb3ca462983d6df6ec06846e41abd9645
densenet121,B,2359,MR026175E,image_level_seed11,2,1,glioma,0.00016182270416292285,0.9996530718268647,0.00018510546897234088,1,glioma,0.9996530718268647,919d6f0fb3ca462983d6df6ec06846e41abd9645
densenet121,B,2360,MR026175E,image_level_seed11,2,1,glioma,0.00012701396398935816,0.999751652983736,0.00012133305227462479,1,glioma,0.999751652983736,919d6f0fb3ca462983d6df6ec06846e41abd9645
densenet121,B,2366,MR040240C,image_level_seed11,2,1,glioma,0.0005906167288358792,0.9971029629561242,0.0023064203150399026,1,glioma,0.9971029629561242,919d6f0fb3ca462983d6df6ec06846e41abd9645
densenet121,B,2367,MR040240C,image_level_seed11,2,1,glioma,0.0002824228478974493,0.9990181222751654,0.000699454876937127,1,glioma,0.9990181222751654,919d6f0fb3ca462983d6df6ec06846e41abd9645
densenet121,B,2369,MR040240C,image_level_seed11,2,1,glioma,0.0002602804585202286,0.99894648618711,0.0007932333543697563,1,glioma,0.99894648618711,919d6f0fb3ca462983d6df6ec06846e41abd9645
densenet121,B,2372,MR040240C,image_level_seed11,2,1,glioma,0.00034726771341058203,0.9993052083107108,0.00034752397587858397,1,glioma,0.9993052083107108,919d6f0fb3ca462983d6df6ec06846e41abd9645
densenet121,B,2375,MR040240D,image_level_seed11,2,1,glioma,0.0003061117818678546,0.9996051596579048,8.872856022733099e-05,1,glioma,0.9996051596579048,919d6f0fb3ca462983d6df6ec06846e41abd9645
densenet121,B,2379,MR040240D,image_level_seed11,2,1,glioma,0.00012232951014794167,0.9998077637836864,6.990670616563796e-05,1,glioma,0.9998077637836864,919d6f0fb3ca462983d6df6ec06846e41abd9645
densenet121,B,2382,MR040240D,image_level_seed11,2,1,glioma,0.0004364624264396588,0.9993098125365674,0.0002537250369928388,1,glioma,0.9993098125365674,919d6f0fb3ca462983d6df6ec06846e41abd9645
densenet121,B,2385,MR017260F,image_level_seed11,2,1,glioma,0.0001678532349840087,0.9995541776422476,0.00027796912276839764,1,glioma,0.9995541776422476,919d6f0fb3ca462983d6df6ec06846e41abd9645
densenet121,B,2394,MR029209I,image_level_seed11,2,1,glioma,0.0001181439318426427,0.9996949518668342,0.00018690420132318777,1,glioma,0.9996949518668342,919d6f0fb3ca462983d6df6ec06846e41abd9645
densenet121,B,2405,MR048294,image_level_seed11,2,1,glioma,0.0008923251677201694,0.9977149127552133,0.0013927620770665455,1,glioma,0.9977149127552133,919d6f0fb3ca462983d6df6ec06846e41abd9645
densenet121,B,2410,MR048297,image_level_seed11,2,1,glioma,0.0004750755173413003,0.9992353298878661,0.0002895945947925673,1,glioma,0.9992353298878661,919d6f0fb3ca462983d6df6ec06846e41abd9645
densenet121,B,2422,MR048621B,image_level_seed11,2,1,glioma,0.00013351493803859322,0.9995148183308752,0.00035166673108633995,1,glioma,0.9995148183308752,919d6f0fb3ca462983d6df6ec06846e41abd9645
densenet121,B,2430,MR048944,image_level_seed11,2,1,glioma,5.030569584805014e-05,0.99989345578692,5.623851723179956e-05,1,glioma,0.99989345578692,919d6f0fb3ca462983d6df6ec06846e41abd9645
densenet121,B,2433,MR048944,image_level_seed11,2,1,glioma,8.995170232707386e-05,0.9997339758334887,0.00017607246418410255,1,glioma,0.9997339758334887,919d6f0fb3ca462983d6df6ec06846e41abd9645
densenet121,B,2434,MR048944,image_level_seed11,2,1,glioma,0.00020375049127793014,0.9996962174335733,0.0001000320751487563,1,glioma,0.9996962174335733,919d6f0fb3ca462983d6df6ec06846e41abd9645
densenet121,B,2440,MR048994,image_level_seed11,2,1,glioma,0.00019448824228861396,0.9997518252752917,5.368648241950517e-05,1,glioma,0.9997518252752917,919d6f0fb3ca462983d6df6ec06846e41abd9645
densenet121,B,2442,MR037458C,image_level_seed11,2,1,glioma,0.0011043934285569568,0.9987130262455831,0.00018258032586006406,1,glioma,0.9987130262455831,919d6f0fb3ca462983d6df6ec06846e41abd9645
densenet121,B,2443,MR040240,image_level_seed11,2,1,glioma,0.000977132501879234,0.9963708384836315,0.0026520290144894263,1,glioma,0.9963708384836315,919d6f0fb3ca462983d6df6ec06846e41abd9645
densenet121,B,2445,MR040240,image_level_seed11,2,1,glioma,0.00023544059323207366,0.9991052711790832,0.0006592882276847688,1,glioma,0.9991052711790832,919d6f0fb3ca462983d6df6ec06846e41abd9645
densenet121,B,2447,MR040240,image_level_seed11,2,1,glioma,0.0002560543289178766,0.9995213155800137,0.00022263009106842686,1,glioma,0.9995213155800137,919d6f0fb3ca462983d6df6ec06846e41abd9645
densenet121,B,2448,MR040240,image_level_seed11,2,1,glioma,0.00025424027292387564,0.9995613639495746,0.000184395777501521,1,glioma,0.9995613639495746,919d6f0fb3ca462983d6df6ec06846e41abd9645
densenet121,B,2451,MR040240,image_level_seed11,2,1,glioma,0.00012180483451549282,0.9995691313329423,0.0003090638325421682,1,glioma,0.9995691313329423,919d6f0fb3ca462983d6df6ec06846e41abd9645
densenet121,B,2455,MR040240B,image_level_seed11,2,1,glioma,0.00030001022484965926,0.9990988037175818,0.0006011860575685001,1,glioma,0.9990988037175818,919d6f0fb3ca462983d6df6ec06846e41abd9645
densenet121,B,2457,MR040240B,image_level_seed11,2,1,glioma,0.0006462620016976818,0.9987323715473273,0.0006213664509750921,1,glioma,0.9987323715473273,919d6f0fb3ca462983d6df6ec06846e41abd9645
densenet121,B,2469,MR029209G,image_level_seed11,2,1,glioma,0.004504806445117908,0.9951830747750154,0.00031211877986648645,1,glioma,0.9951830747750154,919d6f0fb3ca462983d6df6ec06846e41abd9645
densenet121,B,2476,MR033420,image_level_seed11,2,1,glioma,0.023108747846951192,0.9764573632376712,0.00043388891537779115,1,glioma,0.9764573632376712,919d6f0fb3ca462983d6df6ec06846e41abd9645
densenet121,B,2478,MR033420,image_level_seed11,2,1,glioma,0.00014914289702304908,0.9997078347185341,0.00014302238444298865,1,glioma,0.9997078347185341,919d6f0fb3ca462983d6df6ec06846e41abd9645
densenet121,B,2490,MR033389B,image_level_seed11,2,1,glioma,0.0005425491401862095,0.9993547097968881,0.0001027410629255174,1,glioma,0.9993547097968881,919d6f0fb3ca462983d6df6ec06846e41abd9645
densenet121,B,2492,MR033389B,image_level_seed11,2,1,glioma,0.0003191079022586163,0.999262699743689,0.0004181923540525208,1,glioma,0.999262699743689,919d6f0fb3ca462983d6df6ec06846e41abd9645
densenet121,B,2493,MR033389B,image_level_seed11,2,1,glioma,0.0001243826856813189,0.9994723946238018,0.0004032226905170229,1,glioma,0.9994723946238018,919d6f0fb3ca462983d6df6ec06846e41abd9645
densenet121,B,2497,MR024780E,image_level_seed11,2,1,glioma,0.000300286043180813,0.9995358403689873,0.00016387358783172823,1,glioma,0.9995358403689873,919d6f0fb3ca462983d6df6ec06846e41abd9645
densenet121,B,2498,MR024780E,image_level_seed11,2,1,glioma,0.00017685566095045606,0.999709073386443,0.00011407095260667308,1,glioma,0.999709073386443,919d6f0fb3ca462983d6df6ec06846e41abd9645
densenet121,B,2506,MR026175E,image_level_seed11,2,1,glioma,0.00011229507224970834,0.9998488937635087,3.881116424147487e-05,1,glioma,0.9998488937635087,919d6f0fb3ca462983d6df6ec06846e41abd9645
densenet121,B,2512,MR040240C,image_level_seed11,2,1,glioma,0.0008681811728883128,0.9987124492251428,0.0004193696019689531,1,glioma,0.9987124492251428,919d6f0fb3ca462983d6df6ec06846e41abd9645
densenet121,B,2518,MR040240C,image_level_seed11,2,1,glioma,9.266886694108508e-05,0.9998229240229821,8.440711007678495e-05,1,glioma,0.9998229240229821,919d6f0fb3ca462983d6df6ec06846e41abd9645
densenet121,B,2520,MR040240C,image_level_seed11,2,1,glioma,5.591417771043738e-05,0.9998578243246928,8.62614975967983e-05,1,glioma,0.9998578243246928,919d6f0fb3ca462983d6df6ec06846e41abd9645
densenet121,B,2522,MR040240C,image_level_seed11,2,1,glioma,0.00015189780935863598,0.9996226930087925,0.00022540918184891308,1,glioma,0.9996226930087925,919d6f0fb3ca462983d6df6ec06846e41abd9645
densenet121,B,2524,MR017260F,image_level_seed11,2,1,glioma,0.0006604442385272401,0.9992599848594754,7.957090199739573e-05,1,glioma,0.9992599848594754,919d6f0fb3ca462983d6df6ec06846e41abd9645
densenet121,B,2529,MR017260F,image_level_seed11,2,1,glioma,0.0002240751210495373,0.9994472268236222,0.00032869805532834476,1,glioma,0.9994472268236222,919d6f0fb3ca462983d6df6ec06846e41abd9645
densenet121,B,2530,MR029209I,image_level_seed11,2,1,glioma,0.000578878811002878,0.9991459301345121,0.00027519105448498726,1,glioma,0.9991459301345121,919d6f0fb3ca462983d6df6ec06846e41abd9645
densenet121,B,2532,MR029209I,image_level_seed11,2,1,glioma,0.0005393472116105336,0.999255454934789,0.00020519785360053485,1,glioma,0.999255454934789,919d6f0fb3ca462983d6df6ec06846e41abd9645
densenet121,B,2535,MR029209I,image_level_seed11,2,1,glioma,0.0004978958317618748,0.9981332872869466,0.001368816881291397,1,glioma,0.9981332872869466,919d6f0fb3ca462983d6df6ec06846e41abd9645
densenet121,B,2544,MR048294,image_level_seed11,2,1,glioma,0.0008655367299984752,0.9989555507306382,0.00017891253936338301,1,glioma,0.9989555507306382,919d6f0fb3ca462983d6df6ec06846e41abd9645
densenet121,B,2550,MR051461B,image_level_seed11,2,1,glioma,0.0005002802751442411,0.9993388145314342,0.00016090519342166614,1,glioma,0.9993388145314342,919d6f0fb3ca462983d6df6ec06846e41abd9645
densenet121,B,2554,MR051644,image_level_seed11,2,1,glioma,0.00017897512642457662,0.9996269361575875,0.00019408871598790864,1,glioma,0.9996269361575875,919d6f0fb3ca462983d6df6ec06846e41abd9645
densenet121,B,2576,MR051796,image_level_seed11,2,1,glioma,0.00015980548826826832,0.9990819208726456,0.0007582736390861336,1,glioma,0.9990819208726456,919d6f0fb3ca462983d6df6ec06846e41abd9645
densenet121,B,2577,MR051796,image_level_seed11,2,1,glioma,0.00018059078488295142,0.9995469260828211,0.00027248313229607,1,glioma,0.9995469260828211,919d6f0fb3ca462983d6df6ec06846e41abd9645
densenet121,B,2592,MR052550,image_level_seed11,2,1,glioma,0.000596711118162515,0.999176186467798,0.00022710241403942983,1,glioma,0.999176186467798,919d6f0fb3ca462983d6df6ec06846e41abd9645
densenet121,B,2595,MR051644C,image_level_seed11,2,1,glioma,0.0003981029284656578,0.9987602683539559,0.0008416287175784834,1,glioma,0.9987602683539559,919d6f0fb3ca462983d6df6ec06846e41abd9645
densenet121,B,2602,MR051644C,image_level_seed11,2,1,glioma,9.707280058305476e-05,0.9998166956110881,8.623158832868047e-05,1,glioma,0.9998166956110881,919d6f0fb3ca462983d6df6ec06846e41abd9645
densenet121,B,2604,MR051644C,image_level_seed11,2,1,glioma,0.00011711589616507216,0.9996852570499937,0.0001976270538414005,1,glioma,0.9996852570499937,919d6f0fb3ca462983d6df6ec06846e41abd9645
densenet121,B,2609,MR049942B,image_level_seed11,2,1,glioma,0.0004598615550692799,0.9986469505176129,0.0008931879273178314,1,glioma,0.9986469505176129,919d6f0fb3ca462983d6df6ec06846e41abd9645
densenet121,B,2610,MR049942B,image_level_seed11,2,1,glioma,0.0007196502534940733,0.9949759664886818,0.004304383257824125,1,glioma,0.9949759664886818,919d6f0fb3ca462983d6df6ec06846e41abd9645
densenet121,B,2614,MR047953C,image_level_seed11,2,1,glioma,0.00028427238396880854,0.9989433797447418,0.0007723478712892638,1,glioma,0.9989433797447418,919d6f0fb3ca462983d6df6ec06846e41abd9645
densenet121,B,2623,MR053110B,image_level_seed11,2,1,glioma,0.00017637274514391372,0.9997480483277239,7.557892713227219e-05,1,glioma,0.9997480483277239,919d6f0fb3ca462983d6df6ec06846e41abd9645
densenet121,B,2624,MR034694,image_level_seed11,2,1,glioma,0.00017862501173646097,0.9994987191211205,0.00032265586714288824,1,glioma,0.9994987191211205,919d6f0fb3ca462983d6df6ec06846e41abd9645
densenet121,B,2625,MR034694,image_level_seed11,2,1,glioma,0.00018099775719070143,0.9996611988217371,0.00015780342107224056,1,glioma,0.9996611988217371,919d6f0fb3ca462983d6df6ec06846e41abd9645
densenet121,B,2632,MR054683,image_level_seed11,2,1,glioma,0.0005417625132737843,0.9941665194933371,0.005291717993389233,1,glioma,0.9941665194933371,919d6f0fb3ca462983d6df6ec06846e41abd9645
densenet121,B,2633,MR054683,image_level_seed11,2,1,glioma,0.0007407256175178113,0.9953808215526062,0.003878452829875854,1,glioma,0.9953808215526062,919d6f0fb3ca462983d6df6ec06846e41abd9645
densenet121,B,2635,MR050687C,image_level_seed11,2,1,glioma,0.000621407738925477,0.9980136831112087,0.001364909149865726,1,glioma,0.9980136831112087,919d6f0fb3ca462983d6df6ec06846e41abd9645
densenet121,B,2636,MR050687C,image_level_seed11,2,1,glioma,0.000398183716754796,0.9987074247930154,0.0008943914902298195,1,glioma,0.9987074247930154,919d6f0fb3ca462983d6df6ec06846e41abd9645
densenet121,B,2637,MR050687C,image_level_seed11,2,1,glioma,0.00042080940932405817,0.9987389984390695,0.0008401921516065539,1,glioma,0.9987389984390695,919d6f0fb3ca462983d6df6ec06846e41abd9645
densenet121,B,2639,MR050687C,image_level_seed11,2,1,glioma,0.00033788941038098914,0.9992871310988597,0.0003749794907594705,1,glioma,0.9992871310988597,919d6f0fb3ca462983d6df6ec06846e41abd9645
densenet121,B,2644,MR049242C,image_level_seed11,2,1,glioma,0.0011001879223851276,0.9972889898699099,0.0016108222077050335,1,glioma,0.9972889898699099,919d6f0fb3ca462983d6df6ec06846e41abd9645
densenet121,B,2649,MR053241C,image_level_seed11,2,1,glioma,0.00047800097887310537,0.998088845579257,0.0014331534418698985,1,glioma,0.998088845579257,919d6f0fb3ca462983d6df6ec06846e41abd9645
densenet121,B,2659,MR029209E,image_level_seed11,2,1,glioma,0.0001269335013930603,0.9996701591409924,0.00020290735761466382,1,glioma,0.9996701591409924,919d6f0fb3ca462983d6df6ec06846e41abd9645
densenet121,B,2660,MR029209E,image_level_seed11,2,1,glioma,0.00028485546890919547,0.999584093931549,0.0001310505995418551,1,glioma,0.999584093931549,919d6f0fb3ca462983d6df6ec06846e41abd9645
densenet121,B,2661,MR029209E,image_level_seed11,2,1,glioma,0.0006053144851849288,0.9988088132922436,0.0005858722225716221,1,glioma,0.9988088132922436,919d6f0fb3ca462983d6df6ec06846e41abd9645
densenet121,B,2666,MR053110E,image_level_seed11,2,1,glioma,4.27455850318897e-05,0.9999314944336244,2.575998134379706e-05,1,glioma,0.9999314944336244,919d6f0fb3ca462983d6df6ec06846e41abd9645
densenet121,B,2667,MR053110E,image_level_seed11,2,1,glioma,0.0002652653421571951,0.9994447702972348,0.00028996436060793693,1,glioma,0.9994447702972348,919d6f0fb3ca462983d6df6ec06846e41abd9645
densenet121,B,2668,MR053110E,image_level_seed11,2,1,glioma,0.004806871905953163,0.9922703123929908,0.00292281570105595,1,glioma,0.9922703123929908,919d6f0fb3ca462983d6df6ec06846e41abd9645
densenet121,B,2669,MR053110E,image_level_seed11,2,1,glioma,0.00013267077618887803,0.9995998709917101,0.0002674582321010563,1,glioma,0.9995998709917101,919d6f0fb3ca462983d6df6ec06846e41abd9645
densenet121,B,2677,MR049019G,image_level_seed11,2,1,glioma,7.346902162713285e-05,0.9998190586902627,0.00010747228811020032,1,glioma,0.9998190586902627,919d6f0fb3ca462983d6df6ec06846e41abd9645
densenet121,B,2679,MR031409B,image_level_seed11,2,1,glioma,0.0002738720193706854,0.9994717872413578,0.00025434073927153806,1,glioma,0.9994717872413578,919d6f0fb3ca462983d6df6ec06846e41abd9645
densenet121,B,2681,MR024780D,image_level_seed11,2,1,glioma,0.00020133557255711313,0.9996561187032178,0.00014254572422512442,1,glioma,0.9996561187032178,919d6f0fb3ca462983d6df6ec06846e41abd9645
densenet121,B,2685,MR038469,image_level_seed11,2,1,glioma,0.0005870637539111312,0.998536567639741,0.000876368606347902,1,glioma,0.998536567639741,919d6f0fb3ca462983d6df6ec06846e41abd9645
densenet121,B,2686,MR038469,image_level_seed11,2,1,glioma,0.00021937821926467965,0.9993127211454297,0.0004679006353055487,1,glioma,0.9993127211454297,919d6f0fb3ca462983d6df6ec06846e41abd9645
densenet121,B,2690,MR032322C,image_level_seed11,2,1,glioma,0.00040297041063536404,0.9995546030421925,4.2426547172038795e-05,1,glioma,0.9995546030421925,919d6f0fb3ca462983d6df6ec06846e41abd9645
densenet121,B,2693,MR032322C,image_level_seed11,2,1,glioma,0.004425943228927824,0.9955428720204452,3.118475062702026e-05,1,glioma,0.9955428720204452,919d6f0fb3ca462983d6df6ec06846e41abd9645
densenet121,B,2695,MR032322C,image_level_seed11,2,1,glioma,0.00025074426801672325,0.9994659928516889,0.0002832628802944791,1,glioma,0.9994659928516889,919d6f0fb3ca462983d6df6ec06846e41abd9645
densenet121,B,2696,MR032322C,image_level_seed11,2,1,glioma,0.0006463917597698132,0.9988252550849079,0.0005283531553223001,1,glioma,0.9988252550849079,919d6f0fb3ca462983d6df6ec06846e41abd9645
densenet121,B,2706,MR037458B,image_level_seed11,2,1,glioma,0.001971814099769675,0.997967238818524,6.094708170627585e-05,1,glioma,0.997967238818524,919d6f0fb3ca462983d6df6ec06846e41abd9645
densenet121,B,2708,MR037458B,image_level_seed11,2,1,glioma,0.0059264289164676,0.9936074135910982,0.0004661574924343142,1,glioma,0.9936074135910982,919d6f0fb3ca462983d6df6ec06846e41abd9645
densenet121,B,2710,MR039473,image_level_seed11,2,1,glioma,0.0007642789087108763,0.9957041641440154,0.003531556947273719,1,glioma,0.9957041641440154,919d6f0fb3ca462983d6df6ec06846e41abd9645
densenet121,B,2714,MR039473B,image_level_seed11,2,1,glioma,0.00030918972807650915,0.9996344748835047,5.633538841875415e-05,1,glioma,0.9996344748835047,919d6f0fb3ca462983d6df6ec06846e41abd9645
densenet121,B,2727,MR037458C,image_level_seed11,2,1,glioma,0.00014883773602048975,0.999698122207981,0.00015304005599860816,1,glioma,0.999698122207981,919d6f0fb3ca462983d6df6ec06846e41abd9645
densenet121,B,2730,MR037458C,image_level_seed11,2,1,glioma,0.00734180572424755,0.9913384795640279,0.0013197147117244804,1,glioma,0.9913384795640279,919d6f0fb3ca462983d6df6ec06846e41abd9645
densenet121,B,2732,MR029209E,image_level_seed11,2,1,glioma,0.003695466961142109,0.9957712425416043,0.0005332904972536505,1,glioma,0.9957712425416043,919d6f0fb3ca462983d6df6ec06846e41abd9645
densenet121,B,2734,MR029209E,image_level_seed11,2,1,glioma,0.0003570853047583939,0.999378066369622,0.00026484832561948356,1,glioma,0.999378066369622,919d6f0fb3ca462983d6df6ec06846e41abd9645
densenet121,B,2735,MR029209E,image_level_seed11,2,1,glioma,0.00038332486439567515,0.9994396097741034,0.00017706536150101287,1,glioma,0.9994396097741034,919d6f0fb3ca462983d6df6ec06846e41abd9645
densenet121,B,2739,MR053110E,image_level_seed11,2,1,glioma,0.0007116111083874278,0.9989628743788357,0.000325514512777062,1,glioma,0.9989628743788357,919d6f0fb3ca462983d6df6ec06846e41abd9645
densenet121,B,2749,MR031409B,image_level_seed11,2,1,glioma,0.0011763733465400153,0.9975107950903861,0.0013128315630738696,1,glioma,0.9975107950903861,919d6f0fb3ca462983d6df6ec06846e41abd9645
densenet121,B,2751,MR024780D,image_level_seed11,2,1,glioma,0.0004188100505066885,0.9994727758173627,0.00010841413213056843,1,glioma,0.9994727758173627,919d6f0fb3ca462983d6df6ec06846e41abd9645
densenet121,B,2752,MR024780D,image_level_seed11,2,1,glioma,0.0029345944779635676,0.9958807008598035,0.0011847046622328863,1,glioma,0.9958807008598035,919d6f0fb3ca462983d6df6ec06846e41abd9645
densenet121,B,2753,MR038469,image_level_seed11,2,1,glioma,0.0010345151785167877,0.9967977550868078,0.0021677297346754314,1,glioma,0.9967977550868078,919d6f0fb3ca462983d6df6ec06846e41abd9645
densenet121,B,2769,MR037458B,image_level_seed11,2,1,glioma,0.009854067983441498,0.9897903297681261,0.00035560224843240264,1,glioma,0.9897903297681261,919d6f0fb3ca462983d6df6ec06846e41abd9645
densenet121,B,2771,MR037458B,image_level_seed11,2,1,glioma,0.0014464902741041642,0.9983877535553759,0.00016575617052001285,1,glioma,0.9983877535553759,919d6f0fb3ca462983d6df6ec06846e41abd9645
densenet121,B,2780,MR039473B,image_level_seed11,2,1,glioma,0.00029055753635119836,0.999514938637717,0.0001945038259318366,1,glioma,0.999514938637717,919d6f0fb3ca462983d6df6ec06846e41abd9645
densenet121,B,2792,MR040240,image_level_seed11,2,1,glioma,0.004730108772553432,0.9924625859496979,0.002807305277748745,1,glioma,0.9924625859496979,919d6f0fb3ca462983d6df6ec06846e41abd9645
densenet121,B,2793,MR040240,image_level_seed11,2,1,glioma,0.002791800921499151,0.9928630869189574,0.004345112159543421,1,glioma,0.9928630869189574,919d6f0fb3ca462983d6df6ec06846e41abd9645
densenet121,B,2794,MR040240,image_level_seed11,2,1,glioma,0.010725745393519195,0.9818485933635108,0.007425661242969976,1,glioma,0.9818485933635108,919d6f0fb3ca462983d6df6ec06846e41abd9645
densenet121,B,2795,MR040240B,image_level_seed11,2,1,glioma,0.00045421549541009955,0.9987985559202657,0.0007472285843241072,1,glioma,0.9987985559202657,919d6f0fb3ca462983d6df6ec06846e41abd9645
densenet121,B,2798,MR040240B,image_level_seed11,2,1,glioma,0.0002661790805220136,0.999449525989768,0.00028429492971006624,1,glioma,0.999449525989768,919d6f0fb3ca462983d6df6ec06846e41abd9645
densenet121,B,2803,MR029209G,image_level_seed11,2,1,glioma,0.0004946580351550712,0.9994415794472844,6.376251756044194e-05,1,glioma,0.9994415794472844,919d6f0fb3ca462983d6df6ec06846e41abd9645
densenet121,B,2806,MR036496B,image_level_seed11,2,1,glioma,0.0003453239425993175,0.999576891815858,7.778424154262165e-05,1,glioma,0.999576891815858,919d6f0fb3ca462983d6df6ec06846e41abd9645
densenet121,B,2808,MR036496B,image_level_seed11,2,1,glioma,0.00044031560601916935,0.9995364614495839,2.3222944396824004e-05,1,glioma,0.9995364614495839,919d6f0fb3ca462983d6df6ec06846e41abd9645
densenet121,B,2816,MR033420,image_level_seed11,2,1,glioma,0.0012717297647580387,0.998534629016265,0.00019364121897701294,1,glioma,0.998534629016265,919d6f0fb3ca462983d6df6ec06846e41abd9645
densenet121,B,2817,MR024780B,image_level_seed11,2,1,glioma,0.0006112615867380205,0.9990243808511661,0.00036435756209583087,1,glioma,0.9990243808511661,919d6f0fb3ca462983d6df6ec06846e41abd9645
densenet121,B,2821,MR033389B,image_level_seed11,2,1,glioma,0.00035871961537564326,0.9994616372646136,0.00017964312001091904,1,glioma,0.9994616372646136,919d6f0fb3ca462983d6df6ec06846e41abd9645
densenet121,B,2824,MR048297,image_level_seed11,2,1,glioma,0.001250797797101248,0.998650723112066,9.847909083277341e-05,1,glioma,0.998650723112066,919d6f0fb3ca462983d6df6ec06846e41abd9645
densenet121,B,2826,MR048297,image_level_seed11,2,1,glioma,0.18466889968859418,0.8136715971052367,0.0016595032061690585,1,glioma,0.8136715971052367,919d6f0fb3ca462983d6df6ec06846e41abd9645
densenet121,B,2834,MR048294B,image_level_seed11,2,1,glioma,0.00019982487114989541,0.9996055430759981,0.0001946320528520349,1,glioma,0.9996055430759981,919d6f0fb3ca462983d6df6ec06846e41abd9645
densenet121,B,2835,MR048294B,image_level_seed11,2,1,glioma,0.00016534355134135425,0.9994509140219884,0.0003837424266702806,1,glioma,0.9994509140219884,919d6f0fb3ca462983d6df6ec06846e41abd9645
densenet121,B,2839,MR048621B,image_level_seed11,2,1,glioma,0.0005861323621395363,0.9993040048622248,0.00010986277563566504,1,glioma,0.9993040048622248,919d6f0fb3ca462983d6df6ec06846e41abd9645
densenet121,B,2843,MR048944,image_level_seed11,2,1,glioma,7.34447058005686e-05,0.9999028735149723,2.3681779227046978e-05,1,glioma,0.9999028735149723,919d6f0fb3ca462983d6df6ec06846e41abd9645
densenet121,B,2847,MR048994,image_level_seed11,2,1,glioma,0.002464525797762092,0.9974409135897815,9.456061245649081e-05,1,glioma,0.9974409135897815,919d6f0fb3ca462983d6df6ec06846e41abd9645
densenet121,B,2854,MR049104,image_level_seed11,2,1,glioma,0.00030111290988077226,0.9960014560819856,0.003697431008133428,1,glioma,0.9960014560819856,919d6f0fb3ca462983d6df6ec06846e41abd9645
densenet121,B,2855,MR049104,image_level_seed11,2,1,glioma,0.00013410320656826152,0.9988555479408877,0.001010348852544058,1,glioma,0.9988555479408877,919d6f0fb3ca462983d6df6ec06846e41abd9645
densenet121,B,2860,MR049142,image_level_seed11,2,1,glioma,0.002786207266735861,0.9970840243764959,0.00012976835676809607,1,glioma,0.9970840243764959,919d6f0fb3ca462983d6df6ec06846e41abd9645
densenet121,B,2862,MR048994B,image_level_seed11,2,1,glioma,0.001081392012335432,0.9986022864927243,0.00031632149494015385,1,glioma,0.9986022864927243,919d6f0fb3ca462983d6df6ec06846e41abd9645
densenet121,B,2876,MR049453,image_level_seed11,2,1,glioma,0.0011303977028287377,0.9914116402673924,0.007457962029779027,1,glioma,0.9914116402673924,919d6f0fb3ca462983d6df6ec06846e41abd9645
densenet121,B,2881,MR049453,image_level_seed11,2,1,glioma,0.0005982027681445926,0.9980518816431245,0.0013499155887308587,1,glioma,0.9980518816431245,919d6f0fb3ca462983d6df6ec06846e41abd9645
densenet121,B,2887,MR024780G,image_level_seed11,2,1,glioma,0.0001405127772211087,0.9997737122200021,8.577500277687626e-05,1,glioma,0.9997737122200021,919d6f0fb3ca462983d6df6ec06846e41abd9645
densenet121,B,2892,MR050135B,image_level_seed11,2,1,glioma,0.00016530937506125277,0.9997292617215761,0.00010542890336291723,1,glioma,0.9997292617215761,919d6f0fb3ca462983d6df6ec06846e41abd9645
densenet121,B,2893,MR050135B,image_level_seed11,2,1,glioma,0.00021524522711005063,0.9997224307726544,6.232400023536951e-05,1,glioma,0.9997224307726544,919d6f0fb3ca462983d6df6ec06846e41abd9645
densenet121,B,2901,MR050687,image_level_seed11,2,1,glioma,0.0004218568897038473,0.9995459498841535,3.219322614256851e-05,1,glioma,0.9995459498841535,919d6f0fb3ca462983d6df6ec06846e41abd9645
densenet121,B,2905,MR050687,image_level_seed11,2,1,glioma,0.0004694801546214986,0.9994121045974983,0.00011841524788036105,1,glioma,0.9994121045974983,919d6f0fb3ca462983d6df6ec06846e41abd9645
densenet121,B,2912,MR050791B,image_level_seed11,2,1,glioma,0.04080466672036538,0.9589561663039302,0.0002391669757043437,1,glioma,0.9589561663039302,919d6f0fb3ca462983d6df6ec06846e41abd9645
densenet121,B,2915,MR049019C,image_level_seed11,2,1,glioma,0.0007305781569996998,0.9982452126667589,0.0010242091762415746,1,glioma,0.9982452126667589,919d6f0fb3ca462983d6df6ec06846e41abd9645
densenet121,B,2917,MR049019C,image_level_seed11,2,1,glioma,0.0009937278225914086,0.9975118968166559,0.001494375360752574,1,glioma,0.9975118968166559,919d6f0fb3ca462983d6df6ec06846e41abd9645
densenet121,B,2921,MR051461,image_level_seed11,2,1,glioma,0.0010624673347676646,0.9987117121516883,0.000225820513544074,1,glioma,0.9987117121516883,919d6f0fb3ca462983d6df6ec06846e41abd9645
densenet121,B,2930,MR051586,image_level_seed11,2,1,glioma,0.0006717515788464831,0.9992664382992337,6.181012191987696e-05,1,glioma,0.9992664382992337,919d6f0fb3ca462983d6df6ec06846e41abd9645
densenet121,B,2934,MR051644,image_level_seed11,2,1,glioma,0.00038197237581437274,0.9993933907948519,0.000224636829333805,1,glioma,0.9993933907948519,919d6f0fb3ca462983d6df6ec06846e41abd9645
densenet121,B,2935,MR051644,image_level_seed11,2,1,glioma,0.00022602162690146178,0.9996695554047218,0.00010442296837674935,1,glioma,0.9996695554047218,919d6f0fb3ca462983d6df6ec06846e41abd9645
densenet121,B,2936,MR051644,image_level_seed11,2,1,glioma,0.00018770019216457354,0.9996918163934907,0.00012048341434483509,1,glioma,0.9996918163934907,919d6f0fb3ca462983d6df6ec06846e41abd9645
densenet121,B,2943,MR051644,image_level_seed11,2,1,glioma,0.00027514923353891074,0.9996299907313295,9.486003513142545e-05,1,glioma,0.9996299907313295,919d6f0fb3ca462983d6df6ec06846e41abd9645
densenet121,B,2944,MR051651,image_level_seed11,2,1,glioma,0.0003271746829085799,0.9996606453742132,1.2179942878250824e-05,1,glioma,0.9996606453742132,919d6f0fb3ca462983d6df6ec06846e41abd9645
densenet121,B,2947,MR051651,image_level_seed11,2,1,glioma,0.0003336683360884016,0.9996256763579672,4.0655305944305774e-05,1,glioma,0.9996256763579672,919d6f0fb3ca462983d6df6ec06846e41abd9645
densenet121,B,2949,MR051796,image_level_seed11,2,1,glioma,0.0003893323632212781,0.9990285828025144,0.0005820848342644045,1,glioma,0.9990285828025144,919d6f0fb3ca462983d6df6ec06846e41abd9645
densenet121,B,2958,MR051651B,image_level_seed11,2,1,glioma,0.0005521876603009189,0.9994300561484866,1.7756191212373925e-05,1,glioma,0.9994300561484866,919d6f0fb3ca462983d6df6ec06846e41abd9645
densenet121,B,2960,MR051651B,image_level_seed11,2,1,glioma,0.0005436519333095733,0.9994369739496043,1.93741170862416e-05,1,glioma,0.9994369739496043,919d6f0fb3ca462983d6df6ec06846e41abd9645
densenet121,B,2962,MR051644B,image_level_seed11,2,1,glioma,0.00012903072696486263,0.9987132129991924,0.0011577562738427367,1,glioma,0.9987132129991924,919d6f0fb3ca462983d6df6ec06846e41abd9645
densenet121,B,2963,MR051644B,image_level_seed11,2,1,glioma,0.00012525483129999712,0.9967871037621716,0.0030876414065283404,1,glioma,0.9967871037621716,919d6f0fb3ca462983d6df6ec06846e41abd9645
densenet121,B,2966,MR051644B,image_level_seed11,2,1,glioma,0.0002326293547216033,0.9983769212390373,0.001390449406241064,1,glioma,0.9983769212390373,919d6f0fb3ca462983d6df6ec06846e41abd9645
densenet121,B,2967,MR051644B,image_level_seed11,2,1,glioma,0.0001690627619796453,0.9989100356658202,0.0009209015722000589,1,glioma,0.9989100356658202,919d6f0fb3ca462983d6df6ec06846e41abd9645
densenet121,B,2972,MR051796B,image_level_seed11,2,1,glioma,0.0004125478673092464,0.998945291775324,0.0006421603573666654,1,glioma,0.998945291775324,919d6f0fb3ca462983d6df6ec06846e41abd9645
densenet121,B,2973,MR051796B,image_level_seed11,2,1,glioma,0.000885139805535761,0.9976269166790179,0.0014879435154461409,1,glioma,0.9976269166790179,919d6f0fb3ca462983d6df6ec06846e41abd9645
densenet121,B,2975,MR052550,image_level_seed11,2,1,glioma,0.00022362061351570176,0.9997026443605634,7.373502592082019e-05,1,glioma,0.9997026443605634,919d6f0fb3ca462983d6df6ec06846e41abd9645
densenet121,B,2978,MR052550,image_level_seed11,2,1,glioma,9.522730579623744e-05,0.9998606682848956,4.410440930824535e-05,1,glioma,0.9998606682848956,919d6f0fb3ca462983d6df6ec06846e41abd9645
densenet121,B,2979,MR052550,image_level_seed11,2,1,glioma,0.00012755305754453362,0.9997741739054127,9.827303704282051e-05,1,glioma,0.9997741739054127,919d6f0fb3ca462983d6df6ec06846e41abd9645
densenet121,B,2980,MR052550,image_level_seed11,2,1,glioma,0.0001371776406979111,0.9998051100002354,5.7712359066638075e-05,1,glioma,0.9998051100002354,919d6f0fb3ca462983d6df6ec06846e41abd9645
densenet121,B,2982,MR052550,image_level_seed11,2,1,glioma,0.00021818228291171067,0.999734348524881,4.7469192207312575e-05,1,glioma,0.999734348524881,919d6f0fb3ca462983d6df6ec06846e41abd9645
densenet121,B,2994,MR049942B,image_level_seed11,2,1,glioma,7.759993808198366e-05,0.9996772629291827,0.0002451371327354052,1,glioma,0.9996772629291827,919d6f0fb3ca462983d6df6ec06846e41abd9645
densenet121,B,3012,MR054875,image_level_seed11,2,1,glioma,0.0008941704332041817,0.9971034242152897,0.0020024053515061333,1,glioma,0.9971034242152897,919d6f0fb3ca462983d6df6ec06846e41abd9645
densenet121,B,3017,MR050687C,image_level_seed11,2,1,glioma,0.0011308474584229363,0.9982928804129136,0.0005762721286634115,1,glioma,0.9982928804129136,919d6f0fb3ca462983d6df6ec06846e41abd9645
densenet121,B,3021,MR056144,image_level_seed11,2,1,glioma,0.0019819472038625193,0.9973470736245226,0.0006709791716148993,1,glioma,0.9973470736245226,919d6f0fb3ca462983d6df6ec06846e41abd9645
densenet121,B,3030,53669,image_level_seed11,2,0,meningioma,0.999869072196488,5.638240742090948e-05,7.454539609117708e-05,0,meningioma,0.999869072196488,919d6f0fb3ca462983d6df6ec06846e41abd9645
densenet121,B,3038,MR033389B,image_level_seed11,2,1,glioma,0.0004941016088012501,0.9991091775857813,0.0003967208054173903,1,glioma,0.9991091775857813,919d6f0fb3ca462983d6df6ec06846e41abd9645
densenet121,B,3049,MR017260F,image_level_seed11,2,1,glioma,0.0011544282860656762,0.9986740559334476,0.00017151578048662936,1,glioma,0.9986740559334476,919d6f0fb3ca462983d6df6ec06846e41abd9645
densenet121,B,3056,MR029209I,image_level_seed11,2,1,glioma,0.0006856927696850981,0.9991380332768683,0.00017627395344651614,1,glioma,0.9991380332768683,919d6f0fb3ca462983d6df6ec06846e41abd9645
