model,arm,image_id,patient_id,protocol,test_fold,true_class,true_class_name,prob_0,prob_1,prob_2,pred_class,pred_class_name,confidence,experiment_input_commit
densenet121,A,32,102929,patient_disjoint,2,0,meningioma,0.998020219778597,0.0013760319913276007,0.0006037482300755676,0,meningioma,0.998020219778597,919d6f0fb3ca462983d6df6ec06846e41abd9645
densenet121,A,33,102929,patient_disjoint,2,0,meningioma,0.9686103407652742,0.028217415886669567,0.0031722433480562864,0,meningioma,0.9686103407652742,919d6f0fb3ca462983d6df6ec06846e41abd9645
densenet121,A,62,106284,patient_disjoint,2,0,meningioma,0.9983558168630967,9.69156421786901e-05,0.0015472674947246527,0,meningioma,0.9983558168630967,919d6f0fb3ca462983d6df6ec06846e41abd9645
densenet121,A,63,106284,patient_disjoint,2,0,meningioma,0.9917236650148926,0.0007586211106547286,0.007517713874452755,0,meningioma,0.9917236650148926,919d6f0fb3ca462983d6df6ec06846e41abd9645
densenet121,A,64,106284,patient_disjoint,2,0,meningioma,0.971245603296451,0.0011118014025582356,0.027642595300990672,0,meningioma,0.971245603296451,919d6f0fb3ca462983d6df6ec06846e41abd9645
densenet121,A,65,106284,patient_disjoint,2,0,meningioma,0.9310192812813946,0.004657406294464836,0.06432331242414055,0,meningioma,0.9310192812813946,919d6f0fb3ca462983d6df6ec06846e41abd9645
densenet121,A,66,106284,patient_disjoint,2,0,meningioma,0.9396666487219715,0.003804001459876644,0.056529349818151844,0,meningioma,0.9396666487219715,919d6f0fb3ca462983d6df6ec06846e41abd9645
densenet121,A,87,106914,patient_disjoint,2,0,meningioma,0.996546404591803,0.003002113023209309,0.0004514823849877694,0,meningioma,0.996546404591803,919d6f0fb3ca462983d6df6ec06846e41abd9645
densenet121,A,88,106914,patient_disjoint,2,0,meningioma,0.9970912796160446,0.002721197368581986,0.00018752301537330106,0,meningioma,0.9970912796160446,919d6f0fb3ca462983d6df6ec06846e41abd9645
densenet121,A,89,106914,patient_disjoint,2,0,meningioma,0.9960967683392992,0.003342855657104799,0.0005603760035959953,0,meningioma,0.9960967683392992,919d6f0fb3ca462983d6df6ec06846e41abd9645
densenet121,A,90,106914,patient_disjoint,2,0,meningioma,0.9986450637753593,0.0012231203070900427,0.0001318159175504245,0,meningioma,0.9986450637753593,919d6f0fb3ca462983d6df6ec06846e41abd9645
densenet121,A,125,111077,patient_disjoint,2,0,meningioma,0.8746666175780038,0.0037738966656083064,0.12155948575638781,0,meningioma,0.8746666175780038,919d6f0fb3ca462983d6df6ec06846e41abd9645
densenet121,A,126,111077,patient_disjoint,2,0,meningioma,0.991865062479925,0.006692346336844634,0.0014425911832302747,0,meningioma,0.991865062479925,919d6f0fb3ca462983d6df6ec06846e41abd9645
densenet121,A,127,111077,patient_disjoint,2,0,meningioma,0.9784861521666393,0.013754493739097965,0.007759354094262745,0,meningioma,0.9784861521666393,919d6f0fb3ca462983d6df6ec06846e41abd9645
densenet121,A,135,112002,patient_disjoint,2,0,meningioma,0.3866991307005101,0.5748184871357503,0.038482382163739545,1,glioma,0.5748184871357503,919d6f0fb3ca462983d6df6ec06846e41abd9645
densenet121,A,136,112002,patient_disjoint,2,0,meningioma,0.08001611948428393,0.9161962172758314,0.003787663239884436,1,glioma,0.9161962172758314,919d6f0fb3ca462983d6df6ec06846e41abd9645
densenet121,A,137,112002,patient_disjoint,2,0,meningioma,0.04507434096997158,0.9052907530566994,0.04963490597332895,1,glioma,0.9052907530566994,919d6f0fb3ca462983d6df6ec06846e41abd9645
densenet121,A,138,112002,patient_disjoint,2,0,meningioma,0.14105749298588027,0.8164126646419323,0.0425298423721875,1,glioma,0.8164126646419323,919d6f0fb3ca462983d6df6ec06846e41abd9645
densenet121,A,144,112552,patient_disjoint,2,0,meningioma,0.9448622462712777,0.028587546064031893,0.02655020766469037,0,meningioma,0.9448622462712777,919d6f0fb3ca462983d6df6ec06846e41abd9645
densenet121,A,145,112552,patient_disjoint,2,0,meningioma,0.9930834539190252,0.000663539872708237,0.006253006208266507,0,meningioma,0.9930834539190252,919d6f0fb3ca462983d6df6ec06846e41abd9645
densenet121,A,146,112552,patient_disjoint,2,0,meningioma,0.9920821291862807,0.0030619181133749486,0.004855952700344261,0,meningioma,0.9920821291862807,919d6f0fb3ca462983d6df6ec06846e41abd9645
densenet121,A,147,112552,patient_disjoint,2,0,meningioma,0.9954629813135939,0.0013593994141955171,0.0031776192722106273,0,meningioma,0.9954629813135939,919d6f0fb3ca462983d6df6ec06846e41abd9645
densenet121,A,148,112552,patient_disjoint,2,0,meningioma,0.9929962657343758,0.0037541634415430543,0.0032495708240813117,0,meningioma,0.9929962657343758,919d6f0fb3ca462983d6df6ec06846e41abd9645
densenet121,A,149,112552,patient_disjoint,2,0,meningioma,0.9977537761276645,0.0012710508528034274,0.0009751730195319639,0,meningioma,0.9977537761276645,919d6f0fb3ca462983d6df6ec06846e41abd9645
densenet121,A,150,112552,patient_disjoint,2,0,meningioma,0.9485820571350662,0.0467214888703578,0.004696453994575867,0,meningioma,0.9485820571350662,919d6f0fb3ca462983d6df6ec06846e41abd9645
densenet121,A,163,113805,patient_disjoint,2,0,meningioma,0.9953402623547647,0.002583907550809553,0.002075830094425886,0,meningioma,0.9953402623547647,919d6f0fb3ca462983d6df6ec06846e41abd9645
densenet121,A,164,114018,patient_disjoint,2,0,meningioma,0.9984855090943845,0.0008611778577522559,0.0006533130478631364,0,meningioma,0.9984855090943845,919d6f0fb3ca462983d6df6ec06846e41abd9645
densenet121,A,165,114018,patient_disjoint,2,0,meningioma,0.999141433629628,0.0002562453337948979,0.0006023210365768517,0,meningioma,0.999141433629628,919d6f0fb3ca462983d6df6ec06846e41abd9645
densenet121,A,166,114018,patient_disjoint,2,0,meningioma,0.9992044965324985,5.6441482012115596e-05,0.0007390619854892446,0,meningioma,0.9992044965324985,919d6f0fb3ca462983d6df6ec06846e41abd9645
densenet121,A,167,114018,patient_disjoint,2,0,meningioma,0.9995253741092208,0.00012332014896410345,0.00035130574181512826,0,meningioma,0.9995253741092208,919d6f0fb3ca462983d6df6ec06846e41abd9645
densenet121,A,168,114018,patient_disjoint,2,0,meningioma,0.9995802809014532,0.00015653609884185452,0.0002631829997050266,0,meningioma,0.9995802809014532,919d6f0fb3ca462983d6df6ec06846e41abd9645
densenet121,A,169,114359,patient_disjoint,2,0,meningioma,0.8884362402230184,0.1113594645794545,0.00020429519752727005,0,meningioma,0.8884362402230184,919d6f0fb3ca462983d6df6ec06846e41abd9645
densenet121,A,170,114359,patient_disjoint,2,0,meningioma,0.9855451222091266,0.014380644976536482,7.423281433687012e-05,0,meningioma,0.9855451222091266,919d6f0fb3ca462983d6df6ec06846e41abd9645
densenet121,A,171,114359,patient_disjoint,2,0,meningioma,0.9964572304995225,0.0035080775666394676,3.469193383807706e-05,0,meningioma,0.9964572304995225,919d6f0fb3ca462983d6df6ec06846e41abd9645
densenet121,A,172,114359,patient_disjoint,2,0,meningioma,0.9963994262684358,0.0034866365552658307,0.00011393717629828587,0,meningioma,0.9963994262684358,919d6f0fb3ca462983d6df6ec06846e41abd9645
densenet121,A,173,114359,patient_disjoint,2,0,meningioma,0.9983931082273317,0.0014650301830232528,0.00014186158964504225,0,meningioma,0.9983931082273317,919d6f0fb3ca462983d6df6ec06846e41abd9645
densenet121,A,174,114359,patient_disjoint,2,0,meningioma,0.9979350417931395,0.001961312331130416,0.00010364587573004405,0,meningioma,0.9979350417931395,919d6f0fb3ca462983d6df6ec06846e41abd9645
densenet121,A,192,98241,patient_disjoint,2,0,meningioma,0.9932238021312743,0.0061513178809694865,0.0006248799877561886,0,meningioma,0.9932238021312743,919d6f0fb3ca462983d6df6ec06846e41abd9645
densenet121,A,193,98241,patient_disjoint,2,0,meningioma,0.9875208128174551,0.010339463278936745,0.0021397239036080227,0,meningioma,0.9875208128174551,919d6f0fb3ca462983d6df6ec06846e41abd9645
densenet121,A,194,98241,patient_disjoint,2,0,meningioma,0.9991246732150066,0.0005125029657319904,0.0003628238192613211,0,meningioma,0.9991246732150066,919d6f0fb3ca462983d6df6ec06846e41abd9645
densenet121,A,195,98241,patient_disjoint,2,0,meningioma,0.9993635413236972,0.00019879576958576763,0.0004376629067170206,0,meningioma,0.9993635413236972,919d6f0fb3ca462983d6df6ec06846e41abd9645
densenet121,A,196,98241,patient_disjoint,2,0,meningioma,0.999533900448319,0.00019641780697575415,0.00026968174470518074,0,meningioma,0.999533900448319,919d6f0fb3ca462983d6df6ec06846e41abd9645
densenet121,A,197,98241,patient_disjoint,2,0,meningioma,0.9997467671880995,0.00020735283420699746,4.587997769349768e-05,0,meningioma,0.9997467671880995,919d6f0fb3ca462983d6df6ec06846e41abd9645
densenet121,A,203,99288,patient_disjoint,2,0,meningioma,0.9938472510365498,0.0052818294173494216,0.000870919546100572,0,meningioma,0.9938472510365498,919d6f0fb3ca462983d6df6ec06846e41abd9645
densenet121,A,204,99308,patient_disjoint,2,0,meningioma,0.9502955839108296,0.047270324186819125,0.0024340919023513085,0,meningioma,0.9502955839108296,919d6f0fb3ca462983d6df6ec06846e41abd9645
densenet121,A,205,99308,patient_disjoint,2,0,meningioma,0.9012403516380778,0.0932539093391274,0.005505739022794781,0,meningioma,0.9012403516380778,919d6f0fb3ca462983d6df6ec06846e41abd9645
densenet121,A,206,99308,patient_disjoint,2,0,meningioma,0.9822532721219138,0.010668967107068364,0.007077760771017962,0,meningioma,0.9822532721219138,919d6f0fb3ca462983d6df6ec06846e41abd9645
densenet121,A,207,99308,patient_disjoint,2,0,meningioma,0.9980265832885709,0.0012429874156737182,0.0007304292957554333,0,meningioma,0.9980265832885709,919d6f0fb3ca462983d6df6ec06846e41abd9645
densenet121,A,208,99308,patient_disjoint,2,0,meningioma,0.9988311549062461,0.0010622789115680596,0.00010656618218585423,0,meningioma,0.9988311549062461,919d6f0fb3ca462983d6df6ec06846e41abd9645
densenet121,A,246,102929,patient_disjoint,2,0,meningioma,0.826447777003917,0.005000297530693838,0.16855192546538908,0,meningioma,0.826447777003917,919d6f0fb3ca462983d6df6ec06846e41abd9645
densenet121,A,247,102929,patient_disjoint,2,0,meningioma,0.7547195476391503,0.03115350274020989,0.2141269496206398,0,meningioma,0.7547195476391503,919d6f0fb3ca462983d6df6ec06846e41abd9645
densenet121,A,248,102929,patient_disjoint,2,0,meningioma,0.831210028052133,0.018814792260546834,0.1499751796873204,0,meningioma,0.831210028052133,919d6f0fb3ca462983d6df6ec06846e41abd9645
densenet121,A,249,102929,patient_disjoint,2,0,meningioma,0.9605455125632502,0.010926280756354996,0.02852820668039477,0,meningioma,0.9605455125632502,919d6f0fb3ca462983d6df6ec06846e41abd9645
densenet121,A,250,102929,patient_disjoint,2,0,meningioma,0.8378339458110221,0.005344397097115504,0.1568216570918622,0,meningioma,0.8378339458110221,919d6f0fb3ca462983d6df6ec06846e41abd9645
densenet121,A,251,102929,patient_disjoint,2,0,meningioma,0.4793679569161379,0.011954673756845492,0.5086773693270167,2,pituitary,0.5086773693270167,919d6f0fb3ca462983d6df6ec06846e41abd9645
densenet121,A,290,106284,patient_disjoint,2,0,meningioma,0.9544794284487136,0.0027003447360246322,0.0428202268152618,0,meningioma,0.9544794284487136,919d6f0fb3ca462983d6df6ec06846e41abd9645
densenet121,A,291,106284,patient_disjoint,2,0,meningioma,0.839377646531793,0.04491413420103486,0.11570821926717212,0,meningioma,0.839377646531793,919d6f0fb3ca462983d6df6ec06846e41abd9645
densenet121,A,292,106284,patient_disjoint,2,0,meningioma,0.9771738317185367,0.004061920685775127,0.018764247595688063,0,meningioma,0.9771738317185367,919d6f0fb3ca462983d6df6ec06846e41abd9645
densenet121,A,293,106284,patient_disjoint,2,0,meningioma,0.9908798446461026,0.001674608349439831,0.007445547004457403,0,meningioma,0.9908798446461026,919d6f0fb3ca462983d6df6ec06846e41abd9645
densenet121,A,311,106914,patient_disjoint,2,0,meningioma,0.9999073620214438,5.762528379314904e-05,3.501269476318224e-05,0,meningioma,0.9999073620214438,919d6f0fb3ca462983d6df6ec06846e41abd9645
densenet121,A,312,106914,patient_disjoint,2,0,meningioma,0.999946124862932,3.122389351838743e-05,2.2651243549628744e-05,0,meningioma,0.999946124862932,919d6f0fb3ca462983d6df6ec06846e41abd9645
densenet121,A,313,106914,patient_disjoint,2,0,meningioma,0.9997320265783507,0.00019325719013963262,7.471623150961194e-05,0,meningioma,0.9997320265783507,919d6f0fb3ca462983d6df6ec06846e41abd9645
densenet121,A,314,106914,patient_disjoint,2,0,meningioma,0.9993181133011175,0.0003340923273817065,0.00034779437150074055,0,meningioma,0.9993181133011175,919d6f0fb3ca462983d6df6ec06846e41abd9645
densenet121,A,349,111077,patient_disjoint,2,0,meningioma,0.984083198352984,0.015170324786726747,0.0007464768602891632,0,meningioma,0.984083198352984,919d6f0fb3ca462983d6df6ec06846e41abd9645
densenet121,A,350,111077,patient_disjoint,2,0,meningioma,0.9959579825065784,0.0015131727432491993,0.0025288447501723523,0,meningioma,0.9959579825065784,919d6f0fb3ca462983d6df6ec06846e41abd9645
densenet121,A,351,111077,patient_disjoint,2,0,meningioma,0.9957050735598328,0.0014513540964942939,0.00284357234367268,0,meningioma,0.9957050735598328,919d6f0fb3ca462983d6df6ec06846e41abd9645
densenet121,A,352,111077,patient_disjoint,2,0,meningioma,0.9871171272105554,0.001290486638769193,0.011592386150675468,0,meningioma,0.9871171272105554,919d6f0fb3ca462983d6df6ec06846e41abd9645
densenet121,A,362,112002,patient_disjoint,2,0,meningioma,0.9631617326268546,0.02885596914664905,0.007982298226496362,0,meningioma,0.9631617326268546,919d6f0fb3ca462983d6df6ec06846e41abd9645
densenet121,A,363,112002,patient_disjoint,2,0,meningioma,0.19155207148703568,0.7993465149929267,0.009101413520037707,1,glioma,0.7993465149929267,919d6f0fb3ca462983d6df6ec06846e41abd9645
densenet121,A,364,112002,patient_disjoint,2,0,meningioma,0.0032693473069250775,0.9946955975515743,0.002035055141500592,1,glioma,0.9946955975515743,919d6f0fb3ca462983d6df6ec06846e41abd9645
densenet121,A,365,112002,patient_disjoint,2,0,meningioma,0.2119437134846726,0.7353217424421804,0.05273454407314692,1,glioma,0.7353217424421804,919d6f0fb3ca462983d6df6ec06846e41abd9645
densenet121,A,372,112552,patient_disjoint,2,0,meningioma,0.8904711941901304,0.10106512439835028,0.00846368141151909,0,meningioma,0.8904711941901304,919d6f0fb3ca462983d6df6ec06846e41abd9645
densenet121,A,373,112552,patient_disjoint,2,0,meningioma,0.9672003042391197,0.031039932411611234,0.001759763349268909,0,meningioma,0.9672003042391197,919d6f0fb3ca462983d6df6ec06846e41abd9645
densenet121,A,374,112552,patient_disjoint,2,0,meningioma,0.8873962970170255,0.09508250816261718,0.017521194820357237,0,meningioma,0.8873962970170255,919d6f0fb3ca462983d6df6ec06846e41abd9645
densenet121,A,375,112552,patient_disjoint,2,0,meningioma,0.9916325569875483,0.0023978628047275395,0.005969580207724134,0,meningioma,0.9916325569875483,919d6f0fb3ca462983d6df6ec06846e41abd9645
densenet121,A,376,112552,patient_disjoint,2,0,meningioma,0.9884865659663394,0.010821627753851112,0.0006918062798094586,0,meningioma,0.9884865659663394,919d6f0fb3ca462983d6df6ec06846e41abd9645
densenet121,A,377,112552,patient_disjoint,2,0,meningioma,0.9982920768101133,0.0007257541030896186,0.0009821690867969546,0,meningioma,0.9982920768101133,919d6f0fb3ca462983d6df6ec06846e41abd9645
densenet121,A,378,112552,patient_disjoint,2,0,meningioma,0.9892163925570768,0.00994930670802766,0.0008343007348955053,0,meningioma,0.9892163925570768,919d6f0fb3ca462983d6df6ec06846e41abd9645
densenet121,A,393,113805,patient_disjoint,2,0,meningioma,0.9342770532861954,0.06249350125532616,0.0032294454584783057,0,meningioma,0.9342770532861954,919d6f0fb3ca462983d6df6ec06846e41abd9645
densenet121,A,394,113805,patient_disjoint,2,0,meningioma,0.9975826086388702,0.0021279534598597724,0.0002894379012702373,0,meningioma,0.9975826086388702,919d6f0fb3ca462983d6df6ec06846e41abd9645
densenet121,A,395,114018,patient_disjoint,2,0,meningioma,0.9832252168698773,0.01287503803657575,0.0038997450935467936,0,meningioma,0.9832252168698773,919d6f0fb3ca462983d6df6ec06846e41abd9645
densenet121,A,396,114018,patient_disjoint,2,0,meningioma,0.9904931377242894,0.0003702496849186206,0.009136612590791831,0,meningioma,0.9904931377242894,919d6f0fb3ca462983d6df6ec06846e41abd9645
densenet121,A,397,114018,patient_disjoint,2,0,meningioma,0.9792066435341312,0.0009019744382658316,0.01989138202760289,0,meningioma,0.9792066435341312,919d6f0fb3ca462983d6df6ec06846e41abd9645
densenet121,A,398,114018,patient_disjoint,2,0,meningioma,0.9931687774013872,0.0040459004701842195,0.0027853221284286434,0,meningioma,0.9931687774013872,919d6f0fb3ca462983d6df6ec06846e41abd9645
densenet121,A,399,114359,patient_disjoint,2,0,meningioma,0.8703301078092139,0.1293879294686031,0.0002819627221830459,0,meningioma,0.8703301078092139,919d6f0fb3ca462983d6df6ec06846e41abd9645
densenet121,A,400,114359,patient_disjoint,2,0,meningioma,0.9933463577668883,0.006495682687809775,0.00015795954530182645,0,meningioma,0.9933463577668883,919d6f0fb3ca462983d6df6ec06846e41abd9645
densenet121,A,401,114359,patient_disjoint,2,0,meningioma,0.9940508153607432,0.005871526573092792,7.765806616391657e-05,0,meningioma,0.9940508153607432,919d6f0fb3ca462983d6df6ec06846e41abd9645
densenet121,A,402,114359,patient_disjoint,2,0,meningioma,0.9947481260162283,0.0051100994868791185,0.00014177449689268162,0,meningioma,0.9947481260162283,919d6f0fb3ca462983d6df6ec06846e41abd9645
densenet121,A,403,114359,patient_disjoint,2,0,meningioma,0.8627800258675072,0.13701850376651648,0.00020147036597638202,0,meningioma,0.8627800258675072,919d6f0fb3ca462983d6df6ec06846e41abd9645
densenet121,A,404,114359,patient_disjoint,2,0,meningioma,0.18567059588268534,0.8141812550583086,0.000148149059006168,1,glioma,0.8141812550583086,919d6f0fb3ca462983d6df6ec06846e41abd9645
densenet121,A,423,98241,patient_disjoint,2,0,meningioma,0.9973291600272112,0.0007835286323407403,0.0018873113404481536,0,meningioma,0.9973291600272112,919d6f0fb3ca462983d6df6ec06846e41abd9645
densenet121,A,424,98241,patient_disjoint,2,0,meningioma,0.9918649532545623,0.0033692000877016226,0.0047658466577360555,0,meningioma,0.9918649532545623,919d6f0fb3ca462983d6df6ec06846e41abd9645
densenet121,A,425,98241,patient_disjoint,2,0,meningioma,0.996581861146825,0.002869319009547197,0.0005488198436278935,0,meningioma,0.996581861146825,919d6f0fb3ca462983d6df6ec06846e41abd9645
densenet121,A,426,98241,patient_disjoint,2,0,meningioma,0.994998958233725,0.0011699455029549454,0.0038310962633200532,0,meningioma,0.994998958233725,919d6f0fb3ca462983d6df6ec06846e41abd9645
densenet121,A,427,98241,patient_disjoint,2,0,meningioma,0.9970609417418139,0.0017861963433153465,0.0011528619148705168,0,meningioma,0.9970609417418139,919d6f0fb3ca462983d6df6ec06846e41abd9645
densenet121,A,428,98241,patient_disjoint,2,0,meningioma,0.9955827699395715,0.0017631812083289673,0.002654048852099614,0,meningioma,0.9955827699395715,919d6f0fb3ca462983d6df6ec06846e41abd9645
densenet121,A,429,98241,patient_disjoint,2,0,meningioma,0.9970830094453059,0.0007144135898461696,0.002202576964847643,0,meningioma,0.9970830094453059,919d6f0fb3ca462983d6df6ec06846e41abd9645
densenet121,A,437,99288,patient_disjoint,2,0,meningioma,0.9916327349048681,0.007547251475845997,0.0008200136192860217,0,meningioma,0.9916327349048681,919d6f0fb3ca462983d6df6ec06846e41abd9645
densenet121,A,438,99308,patient_disjoint,2,0,meningioma,0.9514120829414602,0.04760580889991453,0.0009821081586253648,0,meningioma,0.9514120829414602,919d6f0fb3ca462983d6df6ec06846e41abd9645
densenet121,A,439,99308,patient_disjoint,2,0,meningioma,0.3932647161713004,0.5993307367735718,0.00740454705512789,1,glioma,0.5993307367735718,919d6f0fb3ca462983d6df6ec06846e41abd9645
densenet121,A,440,99308,patient_disjoint,2,0,meningioma,0.9802412396943603,0.010096642752237987,0.009662117553401687,0,meningioma,0.9802412396943603,919d6f0fb3ca462983d6df6ec06846e41abd9645
densenet121,A,441,99308,patient_disjoint,2,0,meningioma,0.39679013061172363,0.6004390244961113,0.0027708448921650816,1,glioma,0.6004390244961113,919d6f0fb3ca462983d6df6ec06846e41abd9645
densenet121,A,485,102818,patient_disjoint,2,0,meningioma,0.9957948226314997,0.003308540000956974,0.000896637367543375,0,meningioma,0.9957948226314997,919d6f0fb3ca462983d6df6ec06846e41abd9645
densenet121,A,486,102818,patient_disjoint,2,0,meningioma,0.9893670634106714,0.008741801929189948,0.0018911346601385767,0,meningioma,0.9893670634106714,919d6f0fb3ca462983d6df6ec06846e41abd9645
densenet121,A,487,102818,patient_disjoint,2,0,meningioma,0.9950158780942211,0.001737621583739799,0.003246500322039234,0,meningioma,0.9950158780942211,919d6f0fb3ca462983d6df6ec06846e41abd9645
densenet121,A,488,102818,patient_disjoint,2,0,meningioma,0.8072170830299124,0.03690276441110309,0.15588015255898466,0,meningioma,0.8072170830299124,919d6f0fb3ca462983d6df6ec06846e41abd9645
densenet121,A,523,106284,patient_disjoint,2,0,meningioma,0.9949729631843821,0.00015999089324684172,0.004867045922371022,0,meningioma,0.9949729631843821,919d6f0fb3ca462983d6df6ec06846e41abd9645
densenet121,A,524,106284,patient_disjoint,2,0,meningioma,0.9910338179680263,0.0008947868079700861,0.008071395224003774,0,meningioma,0.9910338179680263,919d6f0fb3ca462983d6df6ec06846e41abd9645
densenet121,A,525,106284,patient_disjoint,2,0,meningioma,0.989531027507253,0.0002627505393714436,0.010206221953375618,0,meningioma,0.989531027507253,919d6f0fb3ca462983d6df6ec06846e41abd9645
densenet121,A,526,106284,patient_disjoint,2,0,meningioma,0.9533384906530656,0.0009282597831925316,0.04573324956374182,0,meningioma,0.9533384906530656,919d6f0fb3ca462983d6df6ec06846e41abd9645
densenet121,A,543,106914,patient_disjoint,2,0,meningioma,0.99951044464997,0.0003391277091741006,0.00015042764085600245,0,meningioma,0.99951044464997,919d6f0fb3ca462983d6df6ec06846e41abd9645
densenet121,A,544,106914,patient_disjoint,2,0,meningioma,0.9998954937334207,8.132381431681195e-05,2.318245226244487e-05,0,meningioma,0.9998954937334207,919d6f0fb3ca462983d6df6ec06846e41abd9645
densenet121,A,545,106914,patient_disjoint,2,0,meningioma,0.9991403675315336,0.0008381793233752033,2.1453145091217835e-05,0,meningioma,0.9991403675315336,919d6f0fb3ca462983d6df6ec06846e41abd9645
densenet121,A,546,106914,patient_disjoint,2,0,meningioma,0.9997453032849659,0.00022129739398182887,3.339932105238382e-05,0,meningioma,0.9997453032849659,919d6f0fb3ca462983d6df6ec06846e41abd9645
densenet121,A,547,106914,patient_disjoint,2,0,meningioma,0.9986085512914452,0.0012219413368538242,0.00016950737170088784,0,meningioma,0.9986085512914452,919d6f0fb3ca462983d6df6ec06846e41abd9645
densenet121,A,548,106914,patient_disjoint,2,0,meningioma,0.9995531244485409,0.00034076003937127405,0.0001061155120877194,0,meningioma,0.9995531244485409,919d6f0fb3ca462983d6df6ec06846e41abd9645
densenet121,A,549,106914,patient_disjoint,2,0,meningioma,0.9989738813388019,0.0008488196067241897,0.0001772990544739203,0,meningioma,0.9989738813388019,919d6f0fb3ca462983d6df6ec06846e41abd9645
densenet121,A,560,107946,patient_disjoint,2,0,meningioma,0.038737096611262956,0.960685377850212,0.0005775255385250046,1,glioma,0.960685377850212,919d6f0fb3ca462983d6df6ec06846e41abd9645
densenet121,A,561,107946,patient_disjoint,2,0,meningioma,0.2168811911786731,0.7807874686467702,0.0023313401745567,1,glioma,0.7807874686467702,919d6f0fb3ca462983d6df6ec06846e41abd9645
densenet121,A,562,107946,patient_disjoint,2,0,meningioma,0.26274050490031764,0.7350469231955364,0.0022125719041459816,1,glioma,0.7350469231955364,919d6f0fb3ca462983d6df6ec06846e41abd9645
densenet121,A,563,107946,patient_disjoint,2,0,meningioma,0.30857192501679376,0.6894639760193425,0.0019640989638636994,1,glioma,0.6894639760193425,919d6f0fb3ca462983d6df6ec06846e41abd9645
densenet121,A,586,111077,patient_disjoint,2,0,meningioma,0.9958833000171029,0.003968354928002698,0.00014834505489453028,0,meningioma,0.9958833000171029,919d6f0fb3ca462983d6df6ec06846e41abd9645
densenet121,A,587,111077,patient_disjoint,2,0,meningioma,0.9989375983489274,0.00041531466926421855,0.0006470869818083646,0,meningioma,0.9989375983489274,919d6f0fb3ca462983d6df6ec06846e41abd9645
densenet121,A,588,111077,patient_disjoint,2,0,meningioma,0.9987832470943235,0.0006358645294687855,0.0005808883762077813,0,meningioma,0.9987832470943235,919d6f0fb3ca462983d6df6ec06846e41abd9645
densenet121,A,599,112002,patient_disjoint,2,0,meningioma,0.2851300443419648,0.6796410453552504,0.035228910302784765,1,glioma,0.6796410453552504,919d6f0fb3ca462983d6df6ec06846e41abd9645
densenet121,A,600,112002,patient_disjoint,2,0,meningioma,0.04032040182683307,0.9531247700626605,0.006554828110506345,1,glioma,0.9531247700626605,919d6f0fb3ca462983d6df6ec06846e41abd9645
densenet121,A,601,112002,patient_disjoint,2,0,meningioma,0.8510967328035325,0.13142058832751238,0.017482678868955256,0,meningioma,0.8510967328035325,919d6f0fb3ca462983d6df6ec06846e41abd9645
densenet121,A,602,112002,patient_disjoint,2,0,meningioma,0.6643253226257835,0.004503504801934119,0.33117117257228246,0,meningioma,0.6643253226257835,919d6f0fb3ca462983d6df6ec06846e41abd9645
densenet121,A,608,112552,patient_disjoint,2,0,meningioma,0.9888514295977395,0.0086544770214604,0.0024940933808000046,0,meningioma,0.9888514295977395,919d6f0fb3ca462983d6df6ec06846e41abd9645
densenet121,A,609,112552,patient_disjoint,2,0,meningioma,0.8298382400151849,0.15833603649080166,0.011825723494013332,0,meningioma,0.8298382400151849,919d6f0fb3ca462983d6df6ec06846e41abd9645
densenet121,A,610,112552,patient_disjoint,2,0,meningioma,0.9928189223010472,0.004109355223582022,0.0030717224753706715,0,meningioma,0.9928189223010472,919d6f0fb3ca462983d6df6ec06846e41abd9645
densenet121,A,611,112552,patient_disjoint,2,0,meningioma,0.9695628471199754,0.02609543851462296,0.004341714365401595,0,meningioma,0.9695628471199754,919d6f0fb3ca462983d6df6ec06846e41abd9645
densenet121,A,612,112552,patient_disjoint,2,0,meningioma,0.9984552201788834,0.001184945760021898,0.0003598340610946515,0,meningioma,0.9984552201788834,919d6f0fb3ca462983d6df6ec06846e41abd9645
densenet121,A,613,112552,patient_disjoint,2,0,meningioma,0.9966246438048214,0.002864256397701849,0.0005110997974766969,0,meningioma,0.9966246438048214,919d6f0fb3ca462983d6df6ec06846e41abd9645
densenet121,A,614,112552,patient_disjoint,2,0,meningioma,0.9860439051155246,0.013641573643584705,0.0003145212408907229,0,meningioma,0.9860439051155246,919d6f0fb3ca462983d6df6ec06846e41abd9645
densenet121,A,639,113805,patient_disjoint,2,0,meningioma,0.9769261236952868,0.021362525300892377,0.0017113510038207504,0,meningioma,0.9769261236952868,919d6f0fb3ca462983d6df6ec06846e41abd9645
densenet121,A,642,114018,patient_disjoint,2,0,meningioma,0.994185111993757,0.002730503664380626,0.0030843843418622615,0,meningioma,0.994185111993757,919d6f0fb3ca462983d6df6ec06846e41abd9645
densenet121,A,643,114018,patient_disjoint,2,0,meningioma,0.9892078878425723,0.001352384316531683,0.00943972784089612,0,meningioma,0.9892078878425723,919d6f0fb3ca462983d6df6ec06846e41abd9645
densenet121,A,644,114018,patient_disjoint,2,0,meningioma,0.9241477029478925,0.00047401569212929213,0.0753782813599781,0,meningioma,0.9241477029478925,919d6f0fb3ca462983d6df6ec06846e41abd9645
densenet121,A,645,114018,patient_disjoint,2,0,meningioma,0.9975429545551482,9.025444399112176e-05,0.002366791000860834,0,meningioma,0.9975429545551482,919d6f0fb3ca462983d6df6ec06846e41abd9645
densenet121,A,646,114018,patient_disjoint,2,0,meningioma,0.9981147323865902,0.00016810760962159238,0.0017171600037882507,0,meningioma,0.9981147323865902,919d6f0fb3ca462983d6df6ec06846e41abd9645
densenet121,A,647,114018,patient_disjoint,2,0,meningioma,0.9965604932146437,0.00024178693297371051,0.0031977198523826344,0,meningioma,0.9965604932146437,919d6f0fb3ca462983d6df6ec06846e41abd9645
densenet121,A,648,114359,patient_disjoint,2,0,meningioma,0.9996001781580532,0.00038702019447933364,1.2801647467560645e-05,0,meningioma,0.9996001781580532,919d6f0fb3ca462983d6df6ec06846e41abd9645
densenet121,A,649,114359,patient_disjoint,2,0,meningioma,0.998573141546182,0.0013591234606067867,6.773499321116873e-05,0,meningioma,0.998573141546182,919d6f0fb3ca462983d6df6ec06846e41abd9645
densenet121,A,650,114359,patient_disjoint,2,0,meningioma,0.9987257039971188,0.0010323590265689793,0.00024193697631247097,0,meningioma,0.9987257039971188,919d6f0fb3ca462983d6df6ec06846e41abd9645
densenet121,A,651,114359,patient_disjoint,2,0,meningioma,0.9974383249403811,0.002287026166982426,0.0002746488926363478,0,meningioma,0.9974383249403811,919d6f0fb3ca462983d6df6ec06846e41abd9645
densenet121,A,652,114359,patient_disjoint,2,0,meningioma,0.9912794939299969,0.008232419073547473,0.0004880869964554705,0,meningioma,0.9912794939299969,919d6f0fb3ca462983d6df6ec06846e41abd9645
densenet121,A,653,114359,patient_disjoint,2,0,meningioma,0.9960911135673534,0.0037373509441779975,0.00017153548846868505,0,meningioma,0.9960911135673534,919d6f0fb3ca462983d6df6ec06846e41abd9645
densenet121,A,654,114359,patient_disjoint,2,0,meningioma,0.9736768775056568,0.025815411685269306,0.0005077108090738728,0,meningioma,0.9736768775056568,919d6f0fb3ca462983d6df6ec06846e41abd9645
densenet121,A,655,114417,patient_disjoint,2,0,meningioma,0.8928252279222999,0.10640996218840007,0.0007648098892999723,0,meningioma,0.8928252279222999,919d6f0fb3ca462983d6df6ec06846e41abd9645
densenet121,A,656,114417,patient_disjoint,2,0,meningioma,0.996163817539388,0.00279248136949875,0.0010437010911134243,0,meningioma,0.996163817539388,919d6f0fb3ca462983d6df6ec06846e41abd9645
densenet121,A,657,114417,patient_disjoint,2,0,meningioma,0.9880257959000758,0.005682352122419274,0.006291851977505006,0,meningioma,0.9880257959000758,919d6f0fb3ca462983d6df6ec06846e41abd9645
densenet121,A,658,114417,patient_disjoint,2,0,meningioma,0.9596480128130318,0.01080350178169867,0.02954848540526971,0,meningioma,0.9596480128130318,919d6f0fb3ca462983d6df6ec06846e41abd9645
densenet121,A,680,98241,patient_disjoint,2,0,meningioma,0.9987134193570213,0.0006875549206289126,0.0005990257223497934,0,meningioma,0.9987134193570213,919d6f0fb3ca462983d6df6ec06846e41abd9645
densenet121,A,681,98241,patient_disjoint,2,0,meningioma,0.9981148919119247,0.0008145095704553489,0.0010705985176200728,0,meningioma,0.9981148919119247,919d6f0fb3ca462983d6df6ec06846e41abd9645
densenet121,A,682,98241,patient_disjoint,2,0,meningioma,0.9959150048348717,0.0012214318775427414,0.002863563287585633,0,meningioma,0.9959150048348717,919d6f0fb3ca462983d6df6ec06846e41abd9645
densenet121,A,683,98241,patient_disjoint,2,0,meningioma,0.9938408082447443,0.003923029278556329,0.002236162476699221,0,meningioma,0.9938408082447443,919d6f0fb3ca462983d6df6ec06846e41abd9645
densenet121,A,684,98241,patient_disjoint,2,0,meningioma,0.9783965303824415,0.006815906478333477,0.014787563139225008,0,meningioma,0.9783965303824415,919d6f0fb3ca462983d6df6ec06846e41abd9645
densenet121,A,685,98241,patient_disjoint,2,0,meningioma,0.8871462975951856,0.019443014114584684,0.09341068829022968,0,meningioma,0.8871462975951856,919d6f0fb3ca462983d6df6ec06846e41abd9645
densenet121,A,696,99288,patient_disjoint,2,0,meningioma,0.6589574976071866,0.3205493170869676,0.020493185305845724,0,meningioma,0.6589574976071866,919d6f0fb3ca462983d6df6ec06846e41abd9645
densenet121,A,697,99308,patient_disjoint,2,0,meningioma,0.9287534046701406,0.0501523293809172,0.021094265948942287,0,meningioma,0.9287534046701406,919d6f0fb3ca462983d6df6ec06846e41abd9645
densenet121,A,698,99308,patient_disjoint,2,0,meningioma,0.2828433991107912,0.7013629548627476,0.015793646026461293,1,glioma,0.7013629548627476,919d6f0fb3ca462983d6df6ec06846e41abd9645
densenet121,A,699,99308,patient_disjoint,2,0,meningioma,0.8632523400436711,0.12211338053081601,0.01463427942551286,0,meningioma,0.8632523400436711,919d6f0fb3ca462983d6df6ec06846e41abd9645
densenet121,A,700,99308,patient_disjoint,2,0,meningioma,0.9912784584061246,0.007975253066432578,0.0007462885274428835,0,meningioma,0.9912784584061246,919d6f0fb3ca462983d6df6ec06846e41abd9645
densenet121,A,701,99308,patient_disjoint,2,0,meningioma,0.9990114481915301,0.0007633522561423694,0.00022519955232755677,0,meningioma,0.9990114481915301,919d6f0fb3ca462983d6df6ec06846e41abd9645
densenet121,A,702,99308,patient_disjoint,2,0,meningioma,0.999582205732029,0.00033752574751811775,8.026852045269805e-05,0,meningioma,0.999582205732029,919d6f0fb3ca462983d6df6ec06846e41abd9645
densenet121,A,799,90284,patient_disjoint,2,1,glioma,0.0001963071977202552,0.9994453459154564,0.000358346886823207,1,glioma,0.9994453459154564,919d6f0fb3ca462983d6df6ec06846e41abd9645
densenet121,A,800,90284,patient_disjoint,2,1,glioma,0.0005362848716137123,0.9989878145482479,0.0004759005801385679,1,glioma,0.9989878145482479,919d6f0fb3ca462983d6df6ec06846e41abd9645
densenet121,A,801,90284,patient_disjoint,2,1,glioma,0.0004638493799646081,0.9992217229640107,0.0003144276560247232,1,glioma,0.9992217229640107,919d6f0fb3ca462983d6df6ec06846e41abd9645
densenet121,A,802,90284,patient_disjoint,2,1,glioma,0.00096010037836808,0.9972113188958214,0.001828580725810446,1,glioma,0.9972113188958214,919d6f0fb3ca462983d6df6ec06846e41abd9645
densenet121,A,803,90284,patient_disjoint,2,1,glioma,0.00047954464560838483,0.9989633500029997,0.0005571053513919232,1,glioma,0.9989633500029997,919d6f0fb3ca462983d6df6ec06846e41abd9645
densenet121,A,804,90284,patient_disjoint,2,1,glioma,0.0014567517485277051,0.99215355966636,0.006389688585112349,1,glioma,0.99215355966636,919d6f0fb3ca462983d6df6ec06846e41abd9645
densenet121,A,805,90284,patient_disjoint,2,1,glioma,0.0002346695293659783,0.9996004283796945,0.00016490209093946906,1,glioma,0.9996004283796945,919d6f0fb3ca462983d6df6ec06846e41abd9645
densenet121,A,806,90284,patient_disjoint,2,1,glioma,0.0004189899309785975,0.9991904582675882,0.0003905518014329985,1,glioma,0.9991904582675882,919d6f0fb3ca462983d6df6ec06846e41abd9645
densenet121,A,812,97609,patient_disjoint,2,1,glioma,0.008665715947607436,0.9912906833625252,4.3600689867383226e-05,1,glioma,0.9912906833625252,919d6f0fb3ca462983d6df6ec06846e41abd9645
densenet121,A,813,97609,patient_disjoint,2,1,glioma,0.014379591617203308,0.9854335123345109,0.00018689604828582681,1,glioma,0.9854335123345109,919d6f0fb3ca462983d6df6ec06846e41abd9645
densenet121,A,814,97609,patient_disjoint,2,1,glioma,0.007663921670614974,0.992201445789255,0.00013463254013001201,1,glioma,0.992201445789255,919d6f0fb3ca462983d6df6ec06846e41abd9645
densenet121,A,815,97609,patient_disjoint,2,1,glioma,0.02773929026181814,0.9716467025712248,0.0006140071669569393,1,glioma,0.9716467025712248,919d6f0fb3ca462983d6df6ec06846e41abd9645
densenet121,A,816,97609,patient_disjoint,2,1,glioma,0.0010893361668698612,0.998821514836914,8.914899621601305e-05,1,glioma,0.998821514836914,919d6f0fb3ca462983d6df6ec06846e41abd9645
densenet121,A,817,97609,patient_disjoint,2,1,glioma,0.0028407063519844656,0.9969758250209979,0.0001834686270177108,1,glioma,0.9969758250209979,919d6f0fb3ca462983d6df6ec06846e41abd9645
densenet121,A,844,105653,patient_disjoint,2,1,glioma,0.37234769419161495,0.6170638093239729,0.010588496484412254,1,glioma,0.6170638093239729,919d6f0fb3ca462983d6df6ec06846e41abd9645
densenet121,A,845,105653,patient_disjoint,2,1,glioma,0.8423652602088851,0.035066415912448114,0.1225683238786668,0,meningioma,0.8423652602088851,919d6f0fb3ca462983d6df6ec06846e41abd9645
densenet121,A,870,90284,patient_disjoint,2,1,glioma,0.006597938107467981,0.9910967046448782,0.0023053572476538224,1,glioma,0.9910967046448782,919d6f0fb3ca462983d6df6ec06846e41abd9645
densenet121,A,871,90284,patient_disjoint,2,1,glioma,0.030348147315427065,0.946030476764448,0.02362137592012489,1,glioma,0.946030476764448,919d6f0fb3ca462983d6df6ec06846e41abd9645
densenet121,A,872,90284,patient_disjoint,2,1,glioma,0.0009746447757464107,0.9986917999341146,0.0003335552901390134,1,glioma,0.9986917999341146,919d6f0fb3ca462983d6df6ec06846e41abd9645
densenet121,A,873,90284,patient_disjoint,2,1,glioma,0.0005846564952130427,0.9931637650803727,0.006251578424414235,1,glioma,0.9931637650803727,919d6f0fb3ca462983d6df6ec06846e41abd9645
densenet121,A,874,90284,patient_disjoint,2,1,glioma,0.01837714383334198,0.7188532779885806,0.2627695781780774,1,glioma,0.7188532779885806,919d6f0fb3ca462983d6df6ec06846e41abd9645
densenet121,A,875,90284,patient_disjoint,2,1,glioma,0.006534087311340986,0.9346035047136303,0.058862407975028765,1,glioma,0.9346035047136303,919d6f0fb3ca462983d6df6ec06846e41abd9645
densenet121,A,876,90284,patient_disjoint,2,1,glioma,0.0011439924478158987,0.991583483728675,0.007272523823509213,1,glioma,0.991583483728675,919d6f0fb3ca462983d6df6ec06846e41abd9645
densenet121,A,877,90284,patient_disjoint,2,1,glioma,0.0006995784190567076,0.9946355839893026,0.004664837591640469,1,glioma,0.9946355839893026,919d6f0fb3ca462983d6df6ec06846e41abd9645
densenet121,A,878,90284,patient_disjoint,2,1,glioma,0.0010495292085345353,0.9956944318293942,0.0032560389620711607,1,glioma,0.9956944318293942,919d6f0fb3ca462983d6df6ec06846e41abd9645
densenet121,A,879,90284,patient_disjoint,2,1,glioma,0.00028171729899504765,0.9991223756872978,0.0005959070137071913,1,glioma,0.9991223756872978,919d6f0fb3ca462983d6df6ec06846e41abd9645
densenet121,A,880,90284,patient_disjoint,2,1,glioma,0.0006939181394922828,0.9983606324491133,0.0009454494113944456,1,glioma,0.9983606324491133,919d6f0fb3ca462983d6df6ec06846e41abd9645
densenet121,A,895,95142,patient_disjoint,2,1,glioma,0.0928614068134032,0.3593972842535813,0.5477413089330154,2,pituitary,0.5477413089330154,919d6f0fb3ca462983d6df6ec06846e41abd9645
densenet121,A,896,95142,patient_disjoint,2,1,glioma,0.12008830464636243,0.023245307585810202,0.8566663877678274,2,pituitary,0.8566663877678274,919d6f0fb3ca462983d6df6ec06846e41abd9645
densenet121,A,897,95142,patient_disjoint,2,1,glioma,0.05828615329405222,0.5352047828583073,0.4065090638476404,1,glioma,0.5352047828583073,919d6f0fb3ca462983d6df6ec06846e41abd9645
densenet121,A,898,95142,patient_disjoint,2,1,glioma,0.00456009739965519,0.9803679829094234,0.015071919690921465,1,glioma,0.9803679829094234,919d6f0fb3ca462983d6df6ec06846e41abd9645
densenet121,A,899,95142,patient_disjoint,2,1,glioma,0.002943762373442474,0.9827748765101861,0.014281361116371348,1,glioma,0.9827748765101861,919d6f0fb3ca462983d6df6ec06846e41abd9645
densenet121,A,900,95142,patient_disjoint,2,1,glioma,0.0015348815692768246,0.9951707227970724,0.0032943956336507233,1,glioma,0.9951707227970724,919d6f0fb3ca462983d6df6ec06846e41abd9645
densenet121,A,901,95142,patient_disjoint,2,1,glioma,0.005161501196646061,0.9923293258202227,0.0025091729831312392,1,glioma,0.9923293258202227,919d6f0fb3ca462983d6df6ec06846e41abd9645
densenet121,A,902,95142,patient_disjoint,2,1,glioma,0.002682975751465603,0.9962048749026378,0.001112149345896521,1,glioma,0.9962048749026378,919d6f0fb3ca462983d6df6ec06846e41abd9645
densenet121,A,903,95142,patient_disjoint,2,1,glioma,0.16428857602940153,0.8319677087427162,0.0037437152278823774,1,glioma,0.8319677087427162,919d6f0fb3ca462983d6df6ec06846e41abd9645
densenet121,A,908,97609,patient_disjoint,2,1,glioma,0.0010900666190040461,0.9988324786145091,7.745476648679327e-05,1,glioma,0.9988324786145091,919d6f0fb3ca462983d6df6ec06846e41abd9645
densenet121,A,909,97609,patient_disjoint,2,1,glioma,0.0003707899362314145,0.9996030529413807,2.6157122387937286e-05,1,glioma,0.9996030529413807,919d6f0fb3ca462983d6df6ec06846e41abd9645
densenet121,A,910,97609,patient_disjoint,2,1,glioma,0.000753663369927858,0.9991913758685919,5.496076148028941e-05,1,glioma,0.9991913758685919,919d6f0fb3ca462983d6df6ec06846e41abd9645
densenet121,A,911,97609,patient_disjoint,2,1,glioma,0.0007348781597552103,0.9992284642798117,3.66575604332138e-05,1,glioma,0.9992284642798117,919d6f0fb3ca462983d6df6ec06846e41abd9645
densenet121,A,912,98889,patient_disjoint,2,1,glioma,0.0005353343103640056,0.9994194917623194,4.517392731650853e-05,1,glioma,0.9994194917623194,919d6f0fb3ca462983d6df6ec06846e41abd9645
densenet121,A,913,98889,patient_disjoint,2,1,glioma,0.004243621115677635,0.9951650250766615,0.0005913538076609988,1,glioma,0.9951650250766615,919d6f0fb3ca462983d6df6ec06846e41abd9645
densenet121,A,914,98889,patient_disjoint,2,1,glioma,0.002725547676122798,0.9969601758938853,0.0003142764299918001,1,glioma,0.9969601758938853,919d6f0fb3ca462983d6df6ec06846e41abd9645
densenet121,A,915,98889,patient_disjoint,2,1,glioma,0.00812959406479327,0.9910652532994646,0.0008051526357422809,1,glioma,0.9910652532994646,919d6f0fb3ca462983d6df6ec06846e41abd9645
densenet121,A,916,98889,patient_disjoint,2,1,glioma,0.003021871450872972,0.995608320906768,0.0013698076423592272,1,glioma,0.995608320906768,919d6f0fb3ca462983d6df6ec06846e41abd9645
densenet121,A,917,98889,patient_disjoint,2,1,glioma,0.0013755474711931153,0.9984137102638727,0.00021074226493400652,1,glioma,0.9984137102638727,919d6f0fb3ca462983d6df6ec06846e41abd9645
densenet121,A,962,109769,patient_disjoint,2,2,pituitary,0.0005295480171089287,9.395932597567031e-05,0.9993764926569153,2,pituitary,0.9993764926569153,919d6f0fb3ca462983d6df6ec06846e41abd9645
densenet121,A,963,109769,patient_disjoint,2,2,pituitary,0.0016242893974484321,0.00043025979960600603,0.9979454508029456,2,pituitary,0.9979454508029456,919d6f0fb3ca462983d6df6ec06846e41abd9645
densenet121,A,964,109769,patient_disjoint,2,2,pituitary,0.0012321502887141366,0.0004343523222111145,0.9983334973890746,2,pituitary,0.9983334973890746,919d6f0fb3ca462983d6df6ec06846e41abd9645
densenet121,A,965,109769,patient_disjoint,2,2,pituitary,0.0005025352188793278,0.0001577536875198697,0.9993397110936009,2,pituitary,0.9993397110936009,919d6f0fb3ca462983d6df6ec06846e41abd9645
densenet121,A,972,110518,patient_disjoint,2,2,pituitary,0.09965862777736231,0.01832698123161105,0.8820143909910265,2,pituitary,0.8820143909910265,919d6f0fb3ca462983d6df6ec06846e41abd9645
densenet121,A,973,110518,patient_disjoint,2,2,pituitary,0.45989132004769173,0.007829202602705823,0.5322794773496025,2,pituitary,0.5322794773496025,919d6f0fb3ca462983d6df6ec06846e41abd9645
densenet121,A,980,111075,patient_disjoint,2,2,pituitary,0.0007095893619810262,0.0001294359009306331,0.9991609747370883,2,pituitary,0.9991609747370883,919d6f0fb3ca462983d6df6ec06846e41abd9645
densenet121,A,981,111075,patient_disjoint,2,2,pituitary,0.00021410782605105802,7.903767663663092e-05,0.9997068544973124,2,pituitary,0.9997068544973124,919d6f0fb3ca462983d6df6ec06846e41abd9645
densenet121,A,982,111075,patient_disjoint,2,2,pituitary,8.599914983029348e-05,2.3423521188156776e-05,0.9998905773289816,2,pituitary,0.9998905773289816,919d6f0fb3ca462983d6df6ec06846e41abd9645
densenet121,A,983,111075,patient_disjoint,2,2,pituitary,0.00023393706857421391,4.9306552750280536e-05,0.9997167563786754,2,pituitary,0.9997167563786754,919d6f0fb3ca462983d6df6ec06846e41abd9645
densenet121,A,984,111075,patient_disjoint,2,2,pituitary,0.0005426940345095776,0.0001588274050251769,0.9992984785604653,2,pituitary,0.9992984785604653,919d6f0fb3ca462983d6df6ec06846e41abd9645
densenet121,A,985,111075,patient_disjoint,2,2,pituitary,0.0008914346850116818,0.0004899734620741695,0.9986185918529141,2,pituitary,0.9986185918529141,919d6f0fb3ca462983d6df6ec06846e41abd9645
densenet121,A,1025,101017,patient_disjoint,2,2,pituitary,0.00022270055131393896,7.026878898562697e-05,0.9997070306597003,2,pituitary,0.9997070306597003,919d6f0fb3ca462983d6df6ec06846e41abd9645
densenet121,A,1026,101017,patient_disjoint,2,2,pituitary,0.0003092220832337503,4.524678810755211e-05,0.9996455311286587,2,pituitary,0.9996455311286587,919d6f0fb3ca462983d6df6ec06846e41abd9645
densenet121,A,1027,101017,patient_disjoint,2,2,pituitary,0.000523645304127083,0.00014695991701876808,0.9993293947788541,2,pituitary,0.9993293947788541,919d6f0fb3ca462983d6df6ec06846e41abd9645
densenet121,A,1028,101017,patient_disjoint,2,2,pituitary,0.0007161712658308312,0.00040496559029455664,0.9988788631438745,2,pituitary,0.9988788631438745,919d6f0fb3ca462983d6df6ec06846e41abd9645
densenet121,A,1029,101017,patient_disjoint,2,2,pituitary,0.00012309031397281911,8.253065351688894e-05,0.9997943790325103,2,pituitary,0.9997943790325103,919d6f0fb3ca462983d6df6ec06846e41abd9645
densenet121,A,1083,109769,patient_disjoint,2,2,pituitary,6.56285542449964e-05,0.00014835972289043694,0.9997860117228645,2,pituitary,0.9997860117228645,919d6f0fb3ca462983d6df6ec06846e41abd9645
densenet121,A,1084,109769,patient_disjoint,2,2,pituitary,0.000277150731673596,0.0004412636278161916,0.9992815856405102,2,pituitary,0.9992815856405102,919d6f0fb3ca462983d6df6ec06846e41abd9645
densenet121,A,1085,109769,patient_disjoint,2,2,pituitary,0.0004177044684555948,0.0006450196774135066,0.9989372758541308,2,pituitary,0.9989372758541308,919d6f0fb3ca462983d6df6ec06846e41abd9645
densenet121,A,1086,109769,patient_disjoint,2,2,pituitary,0.00013947597406446064,8.306984068504949e-05,0.9997774541852505,2,pituitary,0.9997774541852505,919d6f0fb3ca462983d6df6ec06846e41abd9645
densenet121,A,1087,109769,patient_disjoint,2,2,pituitary,0.0002238570880100882,0.00023888571454521563,0.9995372571974447,2,pituitary,0.9995372571974447,919d6f0fb3ca462983d6df6ec06846e41abd9645
densenet121,A,1094,110518,patient_disjoint,2,2,pituitary,0.0002928061555979104,0.0005868829820752878,0.9991203108623267,2,pituitary,0.9991203108623267,919d6f0fb3ca462983d6df6ec06846e41abd9645
densenet121,A,1095,110518,patient_disjoint,2,2,pituitary,0.0008786512290754895,0.0026639519228171273,0.9964573968481075,2,pituitary,0.9964573968481075,919d6f0fb3ca462983d6df6ec06846e41abd9645
densenet121,A,1096,110518,patient_disjoint,2,2,pituitary,0.0003900464967281303,0.001343906297588826,0.9982660472056831,2,pituitary,0.9982660472056831,919d6f0fb3ca462983d6df6ec06846e41abd9645
densenet121,A,1097,110518,patient_disjoint,2,2,pituitary,8.633277589451789e-05,6.625004776011423e-05,0.9998474171763454,2,pituitary,0.9998474171763454,919d6f0fb3ca462983d6df6ec06846e41abd9645
densenet121,A,1098,110518,patient_disjoint,2,2,pituitary,0.00010526507085085798,7.343060810234737e-05,0.9998213043210469,2,pituitary,0.9998213043210469,919d6f0fb3ca462983d6df6ec06846e41abd9645
densenet121,A,1099,110518,patient_disjoint,2,2,pituitary,0.00019642177824614763,0.00018798225586950246,0.9996155959658842,2,pituitary,0.9996155959658842,919d6f0fb3ca462983d6df6ec06846e41abd9645
densenet121,A,1112,111075,patient_disjoint,2,2,pituitary,0.00018212304865392206,0.00023224757486172773,0.9995856293764842,2,pituitary,0.9995856293764842,919d6f0fb3ca462983d6df6ec06846e41abd9645
densenet121,A,1113,111075,patient_disjoint,2,2,pituitary,0.00020277123338180648,0.0001584757406503578,0.9996387530259678,2,pituitary,0.9996387530259678,919d6f0fb3ca462983d6df6ec06846e41abd9645
densenet121,A,1114,111075,patient_disjoint,2,2,pituitary,0.0002946977085187148,0.0001970122016093532,0.9995082900898721,2,pituitary,0.9995082900898721,919d6f0fb3ca462983d6df6ec06846e41abd9645
densenet121,A,1115,111075,patient_disjoint,2,2,pituitary,0.0001299918730291767,7.793409792336652e-05,0.9997920740290475,2,pituitary,0.9997920740290475,919d6f0fb3ca462983d6df6ec06846e41abd9645
densenet121,A,1116,111075,patient_disjoint,2,2,pituitary,0.00033340072320320503,0.0004208235280340016,0.9992457757487628,2,pituitary,0.9992457757487628,919d6f0fb3ca462983d6df6ec06846e41abd9645
densenet121,A,1117,111075,patient_disjoint,2,2,pituitary,0.0017708652538223385,0.001180907871544516,0.9970482268746331,2,pituitary,0.9970482268746331,919d6f0fb3ca462983d6df6ec06846e41abd9645
densenet121,A,1214,109769,patient_disjoint,2,2,pituitary,0.00017329905181415043,0.00015054860067826754,0.9996761523475076,2,pituitary,0.9996761523475076,919d6f0fb3ca462983d6df6ec06846e41abd9645
densenet121,A,1215,109769,patient_disjoint,2,2,pituitary,7.433179148147795e-05,2.7211066336493445e-05,0.9998984571421821,2,pituitary,0.9998984571421821,919d6f0fb3ca462983d6df6ec06846e41abd9645
densenet121,A,1216,109769,patient_disjoint,2,2,pituitary,0.00021459588050247477,0.00032593670657847865,0.999459467412919,2,pituitary,0.999459467412919,919d6f0fb3ca462983d6df6ec06846e41abd9645
densenet121,A,1217,109769,patient_disjoint,2,2,pituitary,0.0001271856982874617,7.795878974511674e-05,0.9997948555119673,2,pituitary,0.9997948555119673,919d6f0fb3ca462983d6df6ec06846e41abd9645
densenet121,A,1218,109769,patient_disjoint,2,2,pituitary,0.00039777644661839105,0.0002822415157716235,0.9993199820376099,2,pituitary,0.9993199820376099,919d6f0fb3ca462983d6df6ec06846e41abd9645
densenet121,A,1222,110518,patient_disjoint,2,2,pituitary,0.02054066102236239,0.0005052005088131657,0.9789541384688244,2,pituitary,0.9789541384688244,919d6f0fb3ca462983d6df6ec06846e41abd9645
densenet121,A,1223,110518,patient_disjoint,2,2,pituitary,0.000976242504102849,0.0005393117853772147,0.9984844457105199,2,pituitary,0.9984844457105199,919d6f0fb3ca462983d6df6ec06846e41abd9645
densenet121,A,1224,110518,patient_disjoint,2,2,pituitary,0.0008334609124585103,0.0001600254195907452,0.9990065136679507,2,pituitary,0.9990065136679507,919d6f0fb3ca462983d6df6ec06846e41abd9645
densenet121,A,1225,110518,patient_disjoint,2,2,pituitary,0.00021558953894148898,9.512045342844325e-05,0.9996892900076301,2,pituitary,0.9996892900076301,919d6f0fb3ca462983d6df6ec06846e41abd9645
densenet121,A,1233,111075,patient_disjoint,2,2,pituitary,0.0005363117135675776,0.0005042338946268251,0.9989594543918057,2,pituitary,0.9989594543918057,919d6f0fb3ca462983d6df6ec06846e41abd9645
densenet121,A,1234,111075,patient_disjoint,2,2,pituitary,0.0004886482717052727,0.00045918924832186886,0.999052162479973,2,pituitary,0.999052162479973,919d6f0fb3ca462983d6df6ec06846e41abd9645
densenet121,A,1235,111075,patient_disjoint,2,2,pituitary,0.0007126368666140956,0.00023074872678845897,0.9990566144065974,2,pituitary,0.9990566144065974,919d6f0fb3ca462983d6df6ec06846e41abd9645
densenet121,A,1236,111075,patient_disjoint,2,2,pituitary,0.0007128522641466656,0.001306932639918905,0.9979802150959344,2,pituitary,0.9979802150959344,919d6f0fb3ca462983d6df6ec06846e41abd9645
densenet121,A,1237,111075,patient_disjoint,2,2,pituitary,0.00015928548658416823,0.00012721668282302456,0.9997134978305928,2,pituitary,0.9997134978305928,919d6f0fb3ca462983d6df6ec06846e41abd9645
densenet121,A,1285,101145,patient_disjoint,2,2,pituitary,0.0008160939914243888,1.448614952790763e-05,0.9991694198590477,2,pituitary,0.9991694198590477,919d6f0fb3ca462983d6df6ec06846e41abd9645
densenet121,A,1286,101145,patient_disjoint,2,2,pituitary,0.0014396159882898367,2.9081550103270084e-05,0.9985313024616069,2,pituitary,0.9985313024616069,919d6f0fb3ca462983d6df6ec06846e41abd9645
densenet121,A,1287,101145,patient_disjoint,2,2,pituitary,0.0007669970424614603,2.7314415423185014e-05,0.9992056885421154,2,pituitary,0.9992056885421154,919d6f0fb3ca462983d6df6ec06846e41abd9645
densenet121,A,1288,101145,patient_disjoint,2,2,pituitary,0.00015968490836312086,4.0672367981932014e-05,0.999799642723655,2,pituitary,0.999799642723655,919d6f0fb3ca462983d6df6ec06846e41abd9645
densenet121,A,1293,101724,patient_disjoint,2,2,pituitary,0.00035719907474000406,8.765473069275046e-05,0.9995551461945672,2,pituitary,0.9995551461945672,919d6f0fb3ca462983d6df6ec06846e41abd9645
densenet121,A,1294,101724,patient_disjoint,2,2,pituitary,0.0008779681570929299,0.0005317830491948767,0.9985902487937122,2,pituitary,0.9985902487937122,919d6f0fb3ca462983d6df6ec06846e41abd9645
densenet121,A,1295,102648,patient_disjoint,2,2,pituitary,0.01287792960216481,0.5976749983839927,0.3894470720138425,1,glioma,0.5976749983839927,919d6f0fb3ca462983d6df6ec06846e41abd9645
densenet121,A,1296,102648,patient_disjoint,2,2,pituitary,0.0034511684767446153,0.03623210484329429,0.9603167266799612,2,pituitary,0.9603167266799612,919d6f0fb3ca462983d6df6ec06846e41abd9645
densenet121,A,1297,102648,patient_disjoint,2,2,pituitary,0.003111754372739494,0.02442802517005811,0.9724602204572023,2,pituitary,0.9724602204572023,919d6f0fb3ca462983d6df6ec06846e41abd9645
densenet121,A,1298,102648,patient_disjoint,2,2,pituitary,0.0075031795070461,0.26162189702761507,0.7308749234653389,2,pituitary,0.7308749234653389,919d6f0fb3ca462983d6df6ec06846e41abd9645
densenet121,A,1299,102648,patient_disjoint,2,2,pituitary,0.009398266704263702,0.006339980552500775,0.9842617527432355,2,pituitary,0.9842617527432355,919d6f0fb3ca462983d6df6ec06846e41abd9645
densenet121,A,1300,102648,patient_disjoint,2,2,pituitary,0.022708493999387756,0.40707071317626126,0.5702207928243509,2,pituitary,0.5702207928243509,919d6f0fb3ca462983d6df6ec06846e41abd9645
densenet121,A,1301,103046,patient_disjoint,2,2,pituitary,0.0004179932596045509,5.477819807894335e-05,0.9995272285423165,2,pituitary,0.9995272285423165,919d6f0fb3ca462983d6df6ec06846e41abd9645
densenet121,A,1302,103046,patient_disjoint,2,2,pituitary,0.00034380207896206533,7.701930270066465e-05,0.9995791786183373,2,pituitary,0.9995791786183373,919d6f0fb3ca462983d6df6ec06846e41abd9645
densenet121,A,1303,103046,patient_disjoint,2,2,pituitary,0.0004128235679114583,0.00010561111405425718,0.9994815653180342,2,pituitary,0.9994815653180342,919d6f0fb3ca462983d6df6ec06846e41abd9645
densenet121,A,1340,103837,patient_disjoint,2,2,pituitary,0.0006911176692431423,5.239164975402016e-06,0.9993036431657816,2,pituitary,0.9993036431657816,919d6f0fb3ca462983d6df6ec06846e41abd9645
densenet121,A,1341,103837,patient_disjoint,2,2,pituitary,0.0005305664296433025,5.93851116131682e-06,0.9994634950591954,2,pituitary,0.9994634950591954,919d6f0fb3ca462983d6df6ec06846e41abd9645
densenet121,A,1342,103837,patient_disjoint,2,2,pituitary,0.00045489184868119186,7.851212343297657e-06,0.9995372569389754,2,pituitary,0.9995372569389754,919d6f0fb3ca462983d6df6ec06846e41abd9645
densenet121,A,1343,103837,patient_disjoint,2,2,pituitary,0.0004513220029075356,2.4144667457215685e-05,0.9995245333296352,2,pituitary,0.9995245333296352,919d6f0fb3ca462983d6df6ec06846e41abd9645
densenet121,A,1344,103837,patient_disjoint,2,2,pituitary,0.0006893349877172454,0.00010579444729267756,0.9992048705649902,2,pituitary,0.9992048705649902,919d6f0fb3ca462983d6df6ec06846e41abd9645
densenet121,A,1345,103837,patient_disjoint,2,2,pituitary,0.00039341681884186514,4.541335383443109e-05,0.9995611698273237,2,pituitary,0.9995611698273237,919d6f0fb3ca462983d6df6ec06846e41abd9645
densenet121,A,1346,103837,patient_disjoint,2,2,pituitary,0.000235098836511339,1.5009523944864918e-05,0.9997498916395439,2,pituitary,0.9997498916395439,919d6f0fb3ca462983d6df6ec06846e41abd9645
densenet121,A,1347,103837,patient_disjoint,2,2,pituitary,0.00023067313836447093,1.877797442983324e-05,0.9997505488872056,2,pituitary,0.9997505488872056,919d6f0fb3ca462983d6df6ec06846e41abd9645
densenet121,A,1352,104558,patient_disjoint,2,2,pituitary,0.003919281591788448,0.002845548175298136,0.9932351702329133,2,pituitary,0.9932351702329133,919d6f0fb3ca462983d6df6ec06846e41abd9645
densenet121,A,1353,104558,patient_disjoint,2,2,pituitary,0.0015215313910259948,0.0005768641528603265,0.9979016044561138,2,pituitary,0.9979016044561138,919d6f0fb3ca462983d6df6ec06846e41abd9645
densenet121,A,1354,104558,patient_disjoint,2,2,pituitary,0.0002825219180968024,1.4448322865027456e-05,0.9997030297590381,2,pituitary,0.9997030297590381,919d6f0fb3ca462983d6df6ec06846e41abd9645
densenet121,A,1355,104558,patient_disjoint,2,2,pituitary,0.0002882084499592488,5.975707289336635e-05,0.9996520344771473,2,pituitary,0.9996520344771473,919d6f0fb3ca462983d6df6ec06846e41abd9645
densenet121,A,1356,104558,patient_disjoint,2,2,pituitary,0.04699416914767861,0.00025309114696339425,0.952752739705358,2,pituitary,0.952752739705358,919d6f0fb3ca462983d6df6ec06846e41abd9645
densenet121,A,1357,104558,patient_disjoint,2,2,pituitary,0.019247509511145785,0.00017868374419092087,0.9805738067446633,2,pituitary,0.9805738067446633,919d6f0fb3ca462983d6df6ec06846e41abd9645
densenet121,A,1358,104558,patient_disjoint,2,2,pituitary,0.32504190553500595,0.0016742055413653757,0.6732838889236288,2,pituitary,0.6732838889236288,919d6f0fb3ca462983d6df6ec06846e41abd9645
densenet121,A,1359,104558,patient_disjoint,2,2,pituitary,0.007201673966687029,0.0002281089077054656,0.9925702171256074,2,pituitary,0.9925702171256074,919d6f0fb3ca462983d6df6ec06846e41abd9645
densenet121,A,1404,97481,patient_disjoint,2,2,pituitary,0.0017217432813719565,0.0005222893459380058,0.9977559673726901,2,pituitary,0.9977559673726901,919d6f0fb3ca462983d6df6ec06846e41abd9645
densenet121,A,1405,97481,patient_disjoint,2,2,pituitary,0.0003943302782159674,9.673582565915608e-05,0.9995089338961249,2,pituitary,0.9995089338961249,919d6f0fb3ca462983d6df6ec06846e41abd9645
densenet121,A,1406,97481,patient_disjoint,2,2,pituitary,0.0015008972018788918,0.0005997843734374988,0.9978993184246836,2,pituitary,0.9978993184246836,919d6f0fb3ca462983d6df6ec06846e41abd9645
densenet121,A,1407,97481,patient_disjoint,2,2,pituitary,0.001287962615678562,0.00028027001720573835,0.9984317673671158,2,pituitary,0.9984317673671158,919d6f0fb3ca462983d6df6ec06846e41abd9645
densenet121,A,1408,97599,patient_disjoint,2,2,pituitary,0.10184479689287915,0.0014972386665440829,0.8966579644405769,2,pituitary,0.8966579644405769,919d6f0fb3ca462983d6df6ec06846e41abd9645
densenet121,A,1409,97599,patient_disjoint,2,2,pituitary,0.08731100619274346,0.0010383587005312715,0.9116506351067253,2,pituitary,0.9116506351067253,919d6f0fb3ca462983d6df6ec06846e41abd9645
densenet121,A,1456,101017,patient_disjoint,2,2,pituitary,5.7591894615348535e-05,0.0002660168548750841,0.9996763912505097,2,pituitary,0.9996763912505097,919d6f0fb3ca462983d6df6ec06846e41abd9645
densenet121,A,1457,101017,patient_disjoint,2,2,pituitary,6.052088665551255e-05,0.00014305651009825063,0.9997964226032463,2,pituitary,0.9997964226032463,919d6f0fb3ca462983d6df6ec06846e41abd9645
densenet121,A,1458,101017,patient_disjoint,2,2,pituitary,5.1897458402357415e-05,0.0001400113029399266,0.9998080912386577,2,pituitary,0.9998080912386577,919d6f0fb3ca462983d6df6ec06846e41abd9645
densenet121,A,1459,101017,patient_disjoint,2,2,pituitary,0.00015128741496711238,0.0005802500076384191,0.9992684625773944,2,pituitary,0.9992684625773944,919d6f0fb3ca462983d6df6ec06846e41abd9645
densenet121,A,1460,101017,patient_disjoint,2,2,pituitary,9.337553664406585e-05,0.00010577848073435391,0.9998008459826215,2,pituitary,0.9998008459826215,919d6f0fb3ca462983d6df6ec06846e41abd9645
densenet121,A,1461,101017,patient_disjoint,2,2,pituitary,0.0006495062521883814,0.0007398323282688473,0.9986106614195428,2,pituitary,0.9986106614195428,919d6f0fb3ca462983d6df6ec06846e41abd9645
densenet121,A,1468,101145,patient_disjoint,2,2,pituitary,0.0010710360715220143,0.0005815817090073348,0.9983473822194705,2,pituitary,0.9983473822194705,919d6f0fb3ca462983d6df6ec06846e41abd9645
densenet121,A,1469,101145,patient_disjoint,2,2,pituitary,0.0011816466991828249,0.00015954054128096263,0.9986588127595362,2,pituitary,0.9986588127595362,919d6f0fb3ca462983d6df6ec06846e41abd9645
densenet121,A,1470,101145,patient_disjoint,2,2,pituitary,0.0023013809970648578,0.0005302068553318303,0.9971684121476032,2,pituitary,0.9971684121476032,919d6f0fb3ca462983d6df6ec06846e41abd9645
densenet121,A,1471,101145,patient_disjoint,2,2,pituitary,0.00034535620391567753,9.733492853091969e-05,0.9995573088675533,2,pituitary,0.9995573088675533,919d6f0fb3ca462983d6df6ec06846e41abd9645
densenet121,A,1480,101724,patient_disjoint,2,2,pituitary,0.0003741715812200074,0.0007190028074811646,0.9989068256112987,2,pituitary,0.9989068256112987,919d6f0fb3ca462983d6df6ec06846e41abd9645
densenet121,A,1481,101724,patient_disjoint,2,2,pituitary,0.0007502364981900135,0.0009399799580511658,0.9983097835437589,2,pituitary,0.9983097835437589,919d6f0fb3ca462983d6df6ec06846e41abd9645
densenet121,A,1482,101724,patient_disjoint,2,2,pituitary,0.0012864378876387274,0.004031979426707555,0.9946815826856538,2,pituitary,0.9946815826856538,919d6f0fb3ca462983d6df6ec06846e41abd9645
densenet121,A,1483,102648,patient_disjoint,2,2,pituitary,0.005627709436984599,0.03725100601844194,0.9571212845445736,2,pituitary,0.9571212845445736,919d6f0fb3ca462983d6df6ec06846e41abd9645
densenet121,A,1484,102648,patient_disjoint,2,2,pituitary,0.00347372936775385,0.03476106091405963,0.9617652097181866,2,pituitary,0.9617652097181866,919d6f0fb3ca462983d6df6ec06846e41abd9645
densenet121,A,1485,102648,patient_disjoint,2,2,pituitary,0.005965791221790225,0.05449633732470292,0.9395378714535069,2,pituitary,0.9395378714535069,919d6f0fb3ca462983d6df6ec06846e41abd9645
densenet121,A,1486,102648,patient_disjoint,2,2,pituitary,0.0032568944653796838,0.040436569836034164,0.9563065356985863,2,pituitary,0.9563065356985863,919d6f0fb3ca462983d6df6ec06846e41abd9645
densenet121,A,1489,103046,patient_disjoint,2,2,pituitary,0.00019629451952224322,0.000191519328353274,0.9996121861521244,2,pituitary,0.9996121861521244,919d6f0fb3ca462983d6df6ec06846e41abd9645
densenet121,A,1490,103046,patient_disjoint,2,2,pituitary,0.00010352239246772529,6.981017564427812e-05,0.999826667431888,2,pituitary,0.999826667431888,919d6f0fb3ca462983d6df6ec06846e41abd9645
densenet121,A,1491,103046,patient_disjoint,2,2,pituitary,0.00018611933051113888,0.0004185599902571246,0.9993953206792316,2,pituitary,0.9993953206792316,919d6f0fb3ca462983d6df6ec06846e41abd9645
densenet121,A,1492,103046,patient_disjoint,2,2,pituitary,0.00010701343828948344,9.962352452955651e-05,0.9997933630371809,2,pituitary,0.9997933630371809,919d6f0fb3ca462983d6df6ec06846e41abd9645
densenet121,A,1528,103837,patient_disjoint,2,2,pituitary,0.0002182715011605863,9.820367761952528e-05,0.9996835248212199,2,pituitary,0.9996835248212199,919d6f0fb3ca462983d6df6ec06846e41abd9645
densenet121,A,1529,103837,patient_disjoint,2,2,pituitary,0.00015636149887870578,3.572009830006047e-05,0.9998079184028212,2,pituitary,0.9998079184028212,919d6f0fb3ca462983d6df6ec06846e41abd9645
densenet121,A,1530,103837,patient_disjoint,2,2,pituitary,0.0003067787381627272,4.346827155057299e-05,0.9996497529902868,2,pituitary,0.9996497529902868,919d6f0fb3ca462983d6df6ec06846e41abd9645
densenet121,A,1531,103837,patient_disjoint,2,2,pituitary,0.00019686587978966466,0.00013976579297063046,0.9996633683272397,2,pituitary,0.9996633683272397,919d6f0fb3ca462983d6df6ec06846e41abd9645
densenet121,A,1532,103837,patient_disjoint,2,2,pituitary,0.0001605234594375041,5.2024221912806993e-05,0.9997874523186496,2,pituitary,0.9997874523186496,919d6f0fb3ca462983d6df6ec06846e41abd9645
densenet121,A,1538,104558,patient_disjoint,2,2,pituitary,0.019385782090688433,0.0008070598856122806,0.9798071580236992,2,pituitary,0.9798071580236992,919d6f0fb3ca462983d6df6ec06846e41abd9645
densenet121,A,1539,104558,patient_disjoint,2,2,pituitary,0.01140589495597819,0.00043346434160803423,0.9881606407024138,2,pituitary,0.9881606407024138,919d6f0fb3ca462983d6df6ec06846e41abd9645
densenet121,A,1540,104558,patient_disjoint,2,2,pituitary,0.00315440345687404,0.00037193644411559246,0.9964736600990105,2,pituitary,0.9964736600990105,919d6f0fb3ca462983d6df6ec06846e41abd9645
densenet121,A,1541,104558,patient_disjoint,2,2,pituitary,0.005875398636614287,0.00019222972071249633,0.9939323716426732,2,pituitary,0.9939323716426732,919d6f0fb3ca462983d6df6ec06846e41abd9645
densenet121,A,1542,104558,patient_disjoint,2,2,pituitary,0.0027189212966399453,0.00021872508848877695,0.9970623536148713,2,pituitary,0.9970623536148713,919d6f0fb3ca462983d6df6ec06846e41abd9645
densenet121,A,1543,104558,patient_disjoint,2,2,pituitary,0.03193360725295097,0.00038797399477464423,0.9676784187522744,2,pituitary,0.9676784187522744,919d6f0fb3ca462983d6df6ec06846e41abd9645
densenet121,A,1544,104558,patient_disjoint,2,2,pituitary,0.002353706125047047,0.002757386894553798,0.9948889069803992,2,pituitary,0.9948889069803992,919d6f0fb3ca462983d6df6ec06846e41abd9645
densenet121,A,1589,97481,patient_disjoint,2,2,pituitary,0.00020865816513945888,0.0010653493600969375,0.9987259924747636,2,pituitary,0.9987259924747636,919d6f0fb3ca462983d6df6ec06846e41abd9645
densenet121,A,1590,97481,patient_disjoint,2,2,pituitary,4.204344210909716e-05,7.369908219983818e-05,0.9998842574756911,2,pituitary,0.9998842574756911,919d6f0fb3ca462983d6df6ec06846e41abd9645
densenet121,A,1591,97481,patient_disjoint,2,2,pituitary,0.00017164435473291344,0.0001904677515062392,0.9996378878937608,2,pituitary,0.9996378878937608,919d6f0fb3ca462983d6df6ec06846e41abd9645
densenet121,A,1592,97481,patient_disjoint,2,2,pituitary,0.00014053205509545924,0.00011092558072826996,0.9997485423641762,2,pituitary,0.9997485423641762,919d6f0fb3ca462983d6df6ec06846e41abd9645
densenet121,A,1593,97481,patient_disjoint,2,2,pituitary,0.0001842120725605784,0.00014614561496517707,0.9996696423124741,2,pituitary,0.9996696423124741,919d6f0fb3ca462983d6df6ec06846e41abd9645
densenet121,A,1594,97599,patient_disjoint,2,2,pituitary,0.00014825140621777728,0.0001392367710800576,0.9997125118227023,2,pituitary,0.9997125118227023,919d6f0fb3ca462983d6df6ec06846e41abd9645
densenet121,A,1595,97599,patient_disjoint,2,2,pituitary,0.0002252118420734158,0.0002006201813703974,0.9995741679765562,2,pituitary,0.9995741679765562,919d6f0fb3ca462983d6df6ec06846e41abd9645
densenet121,A,1640,101017,patient_disjoint,2,2,pituitary,0.00010991191857527703,2.1087756962962065e-05,0.9998690003244617,2,pituitary,0.9998690003244617,919d6f0fb3ca462983d6df6ec06846e41abd9645
densenet121,A,1641,101017,patient_disjoint,2,2,pituitary,3.526545024187706e-05,1.2845200842437008e-05,0.9999518893489155,2,pituitary,0.9999518893489155,919d6f0fb3ca462983d6df6ec06846e41abd9645
densenet121,A,1642,101017,patient_disjoint,2,2,pituitary,7.517296342019175e-05,2.539926691568587e-05,0.999899427769664,2,pituitary,0.999899427769664,919d6f0fb3ca462983d6df6ec06846e41abd9645
densenet121,A,1643,101017,patient_disjoint,2,2,pituitary,0.00014571650503571892,0.0001835328226165276,0.9996707506723479,2,pituitary,0.9996707506723479,919d6f0fb3ca462983d6df6ec06846e41abd9645
densenet121,A,1651,101145,patient_disjoint,2,2,pituitary,0.0003745454385052409,8.643194368788668e-05,0.9995390226178068,2,pituitary,0.9995390226178068,919d6f0fb3ca462983d6df6ec06846e41abd9645
densenet121,A,1652,101145,patient_disjoint,2,2,pituitary,0.0007667269194249662,0.00010867951655082304,0.9991245935640242,2,pituitary,0.9991245935640242,919d6f0fb3ca462983d6df6ec06846e41abd9645
densenet121,A,1653,101145,patient_disjoint,2,2,pituitary,0.00044885025190348444,0.0008543932654892347,0.9986967564826074,2,pituitary,0.9986967564826074,919d6f0fb3ca462983d6df6ec06846e41abd9645
densenet121,A,1654,101145,patient_disjoint,2,2,pituitary,0.0006595408642903698,0.00016588387497155023,0.999174575260738,2,pituitary,0.999174575260738,919d6f0fb3ca462983d6df6ec06846e41abd9645
densenet121,A,1659,101724,patient_disjoint,2,2,pituitary,0.00035630374442892994,0.00020539928985987565,0.9994382969657112,2,pituitary,0.9994382969657112,919d6f0fb3ca462983d6df6ec06846e41abd9645
densenet121,A,1660,101724,patient_disjoint,2,2,pituitary,0.0001067866685600944,1.4387484418292837e-05,0.9998788258470217,2,pituitary,0.9998788258470217,919d6f0fb3ca462983d6df6ec06846e41abd9645
densenet121,A,1661,101724,patient_disjoint,2,2,pituitary,0.0006252354186905738,0.0001187420902383286,0.999256022491071,2,pituitary,0.999256022491071,919d6f0fb3ca462983d6df6ec06846e41abd9645
densenet121,A,1662,101724,patient_disjoint,2,2,pituitary,0.00041108064152766457,0.00025072326510784237,0.9993381960933646,2,pituitary,0.9993381960933646,919d6f0fb3ca462983d6df6ec06846e41abd9645
densenet121,A,1663,101724,patient_disjoint,2,2,pituitary,0.006478034406281666,0.000478468231144426,0.9930434973625739,2,pituitary,0.9930434973625739,919d6f0fb3ca462983d6df6ec06846e41abd9645
densenet121,A,1664,101724,patient_disjoint,2,2,pituitary,0.004894280414393439,0.0023661957779641156,0.9927395238076424,2,pituitary,0.9927395238076424,919d6f0fb3ca462983d6df6ec06846e41abd9645
densenet121,A,1665,102648,patient_disjoint,2,2,pituitary,0.012547529305821434,0.8450698356946907,0.14238263499948772,1,glioma,0.8450698356946907,919d6f0fb3ca462983d6df6ec06846e41abd9645
densenet121,A,1666,102648,patient_disjoint,2,2,pituitary,0.009733158455047916,0.9441713948411032,0.046095446703848936,1,glioma,0.9441713948411032,919d6f0fb3ca462983d6df6ec06846e41abd9645
densenet121,A,1667,102648,patient_disjoint,2,2,pituitary,0.0036862696572618103,0.8992658903762428,0.0970478399664953,1,glioma,0.8992658903762428,919d6f0fb3ca462983d6df6ec06846e41abd9645
densenet121,A,1668,102648,patient_disjoint,2,2,pituitary,0.01040623565006446,0.40579355361553326,0.5838002107344022,2,pituitary,0.5838002107344022,919d6f0fb3ca462983d6df6ec06846e41abd9645
densenet121,A,1669,102648,patient_disjoint,2,2,pituitary,0.04009922148017289,0.18461883947094104,0.7752819390488861,2,pituitary,0.7752819390488861,919d6f0fb3ca462983d6df6ec06846e41abd9645
densenet121,A,1670,102648,patient_disjoint,2,2,pituitary,0.031610772892316584,0.4313713439409498,0.5370178831667336,2,pituitary,0.5370178831667336,919d6f0fb3ca462983d6df6ec06846e41abd9645
densenet121,A,1671,102648,patient_disjoint,2,2,pituitary,0.07697481196667653,0.2493066099177287,0.6737185781155948,2,pituitary,0.6737185781155948,919d6f0fb3ca462983d6df6ec06846e41abd9645
densenet121,A,1673,103046,patient_disjoint,2,2,pituitary,0.00012588979097322213,3.596074934422366e-05,0.9998381494596826,2,pituitary,0.9998381494596826,919d6f0fb3ca462983d6df6ec06846e41abd9645
densenet121,A,1674,103046,patient_disjoint,2,2,pituitary,0.0002387255574939746,9.864640078352696e-05,0.9996626280417225,2,pituitary,0.9996626280417225,919d6f0fb3ca462983d6df6ec06846e41abd9645
densenet121,A,1675,103046,patient_disjoint,2,2,pituitary,0.0003639879293061489,0.00017141173530730309,0.9994646003353866,2,pituitary,0.9994646003353866,919d6f0fb3ca462983d6df6ec06846e41abd9645
densenet121,A,1676,103046,patient_disjoint,2,2,pituitary,0.0001077060792394027,3.194306267251867e-05,0.9998603508580881,2,pituitary,0.9998603508580881,919d6f0fb3ca462983d6df6ec06846e41abd9645
densenet121,A,1714,103837,patient_disjoint,2,2,pituitary,0.009129249529392995,0.0013148377124851875,0.9895559127581218,2,pituitary,0.9895559127581218,919d6f0fb3ca462983d6df6ec06846e41abd9645
densenet121,A,1715,103837,patient_disjoint,2,2,pituitary,0.002715905333441262,0.00024090419768635875,0.9970431904688725,2,pituitary,0.9970431904688725,919d6f0fb3ca462983d6df6ec06846e41abd9645
densenet121,A,1716,103837,patient_disjoint,2,2,pituitary,0.00027737576220042935,9.204785088330682e-06,0.9997134194527113,2,pituitary,0.9997134194527113,919d6f0fb3ca462983d6df6ec06846e41abd9645
densenet121,A,1717,103837,patient_disjoint,2,2,pituitary,6.252809265196802e-05,2.0152914294210645e-06,0.9999354566159185,2,pituitary,0.9999354566159185,919d6f0fb3ca462983d6df6ec06846e41abd9645
densenet121,A,1718,103837,patient_disjoint,2,2,pituitary,6.240438491809076e-05,2.7052387386364873e-06,0.9999348903763432,2,pituitary,0.9999348903763432,919d6f0fb3ca462983d6df6ec06846e41abd9645
densenet121,A,1719,103837,patient_disjoint,2,2,pituitary,7.44886139795285e-05,1.2673128155493664e-06,0.9999242440732049,2,pituitary,0.9999242440732049,919d6f0fb3ca462983d6df6ec06846e41abd9645
densenet121,A,1720,103837,patient_disjoint,2,2,pituitary,3.5510399217699484e-05,2.0271466564002263e-06,0.999962462454126,2,pituitary,0.999962462454126,919d6f0fb3ca462983d6df6ec06846e41abd9645
densenet121,A,1725,104558,patient_disjoint,2,2,pituitary,0.0009240496070342367,0.012594267285248076,0.9864816831077177,2,pituitary,0.9864816831077177,919d6f0fb3ca462983d6df6ec06846e41abd9645
densenet121,A,1726,104558,patient_disjoint,2,2,pituitary,0.04686238652183065,0.0025754915022832892,0.9505621219758861,2,pituitary,0.9505621219758861,919d6f0fb3ca462983d6df6ec06846e41abd9645
densenet121,A,1727,104558,patient_disjoint,2,2,pituitary,0.012118005785198657,0.00018853927573877417,0.9876934549390625,2,pituitary,0.9876934549390625,919d6f0fb3ca462983d6df6ec06846e41abd9645
densenet121,A,1728,104558,patient_disjoint,2,2,pituitary,0.00040304227418149554,9.551537291779968e-05,0.9995014423529006,2,pituitary,0.9995014423529006,919d6f0fb3ca462983d6df6ec06846e41abd9645
densenet121,A,1729,104558,patient_disjoint,2,2,pituitary,0.003957848696892625,0.00010439536758983964,0.9959377559355175,2,pituitary,0.9959377559355175,919d6f0fb3ca462983d6df6ec06846e41abd9645
densenet121,A,1730,104558,patient_disjoint,2,2,pituitary,0.00036890120025006326,4.439859055047661e-05,0.9995867002091995,2,pituitary,0.9995867002091995,919d6f0fb3ca462983d6df6ec06846e41abd9645
densenet121,A,1731,104558,patient_disjoint,2,2,pituitary,0.03711284128637611,0.0004060546347749916,0.9624811040788489,2,pituitary,0.9624811040788489,919d6f0fb3ca462983d6df6ec06846e41abd9645
densenet121,A,1732,104558,patient_disjoint,2,2,pituitary,0.052643090921975506,0.005605148861205287,0.9417517602168192,2,pituitary,0.9417517602168192,919d6f0fb3ca462983d6df6ec06846e41abd9645
densenet121,A,1733,104558,patient_disjoint,2,2,pituitary,0.7992775827989201,0.00866699319890267,0.1920554240021772,0,meningioma,0.7992775827989201,919d6f0fb3ca462983d6df6ec06846e41abd9645
densenet121,A,1781,97481,patient_disjoint,2,2,pituitary,2.5682925074804982e-05,1.3330763822063309e-05,0.9999609863111032,2,pituitary,0.9999609863111032,919d6f0fb3ca462983d6df6ec06846e41abd9645
densenet121,A,1782,97481,patient_disjoint,2,2,pituitary,2.1222079845208686e-05,7.797735411072923e-06,0.9999709801847436,2,pituitary,0.9999709801847436,919d6f0fb3ca462983d6df6ec06846e41abd9645
densenet121,A,1783,97481,patient_disjoint,2,2,pituitary,4.2111898280453285e-06,3.093371593483917e-06,0.9999926954385784,2,pituitary,0.9999926954385784,919d6f0fb3ca462983d6df6ec06846e41abd9645
densenet121,A,1784,97481,patient_disjoint,2,2,pituitary,6.4952214138995114e-06,1.6985348822172872e-05,0.9999765194297638,2,pituitary,0.9999765194297638,919d6f0fb3ca462983d6df6ec06846e41abd9645
densenet121,A,1785,97481,patient_disjoint,2,2,pituitary,2.0543944912369886e-05,0.00038075300268339426,0.9995987030524043,2,pituitary,0.9995987030524043,919d6f0fb3ca462983d6df6ec06846e41abd9645
densenet121,A,1786,97599,patient_disjoint,2,2,pituitary,0.007055447223219768,7.577559821739211e-05,0.9928687771785628,2,pituitary,0.9928687771785628,919d6f0fb3ca462983d6df6ec06846e41abd9645
densenet121,A,1787,97599,patient_disjoint,2,2,pituitary,0.0008491495912281755,0.00036433534373003833,0.9987865150650418,2,pituitary,0.9987865150650418,919d6f0fb3ca462983d6df6ec06846e41abd9645
densenet121,A,1788,97599,patient_disjoint,2,2,pituitary,0.0013236716238632614,0.00013886033946267814,0.9985374680366741,2,pituitary,0.9985374680366741,919d6f0fb3ca462983d6df6ec06846e41abd9645
densenet121,A,1870,MR048994,patient_disjoint,2,1,glioma,0.00012311268562326436,0.9998526013006861,2.4286013690644268e-05,1,glioma,0.9998526013006861,919d6f0fb3ca462983d6df6ec06846e41abd9645
densenet121,A,1871,MR048994,patient_disjoint,2,1,glioma,9.205155419575446e-05,0.9998875756279928,2.037281781134266e-05,1,glioma,0.9998875756279928,919d6f0fb3ca462983d6df6ec06846e41abd9645
densenet121,A,1872,MR048994,patient_disjoint,2,1,glioma,0.00016280570433935892,0.9998171647270843,2.0029568576458756e-05,1,glioma,0.9998171647270843,919d6f0fb3ca462983d6df6ec06846e41abd9645
densenet121,A,1873,MR048994,patient_disjoint,2,1,glioma,0.00011610001561810788,0.9998741094483227,9.790536059335116e-06,1,glioma,0.9998741094483227,919d6f0fb3ca462983d6df6ec06846e41abd9645
densenet121,A,1874,MR048994,patient_disjoint,2,1,glioma,9.904389330620087e-05,0.9998919009726671,9.055134026791646e-06,1,glioma,0.9998919009726671,919d6f0fb3ca462983d6df6ec06846e41abd9645
densenet121,A,1875,MR048994,patient_disjoint,2,1,glioma,9.196874814560632e-05,0.999894075834011,1.395541784325991e-05,1,glioma,0.999894075834011,919d6f0fb3ca462983d6df6ec06846e41abd9645
densenet121,A,1876,MR048994,patient_disjoint,2,1,glioma,0.00022575168979900077,0.9997116849614388,6.256334876216412e-05,1,glioma,0.9997116849614388,919d6f0fb3ca462983d6df6ec06846e41abd9645
densenet121,A,1877,MR048994,patient_disjoint,2,1,glioma,0.00047402028130475593,0.9994810447927694,4.493492592585343e-05,1,glioma,0.9994810447927694,919d6f0fb3ca462983d6df6ec06846e41abd9645
densenet121,A,1878,MR048994,patient_disjoint,2,1,glioma,0.0045398296458613084,0.9953762433783007,8.392697583792821e-05,1,glioma,0.9953762433783007,919d6f0fb3ca462983d6df6ec06846e41abd9645
densenet121,A,1914,MR049453,patient_disjoint,2,1,glioma,0.00044630056542677377,0.998411400470096,0.0011422989644772805,1,glioma,0.998411400470096,919d6f0fb3ca462983d6df6ec06846e41abd9645
densenet121,A,1915,MR049453,patient_disjoint,2,1,glioma,0.0007344312294127637,0.9978132523592472,0.0014523164113400644,1,glioma,0.9978132523592472,919d6f0fb3ca462983d6df6ec06846e41abd9645
densenet121,A,1916,MR049453,patient_disjoint,2,1,glioma,0.0006629003595359343,0.9981541370088173,0.0011829626316467092,1,glioma,0.9981541370088173,919d6f0fb3ca462983d6df6ec06846e41abd9645
densenet121,A,1917,MR049453,patient_disjoint,2,1,glioma,0.0005706631311472782,0.998669447446129,0.0007598894227235528,1,glioma,0.998669447446129,919d6f0fb3ca462983d6df6ec06846e41abd9645
densenet121,A,1918,MR049453,patient_disjoint,2,1,glioma,0.0003778991291318099,0.9990743756461965,0.0005477252246717644,1,glioma,0.9990743756461965,919d6f0fb3ca462983d6df6ec06846e41abd9645
densenet121,A,1919,MR049453,patient_disjoint,2,1,glioma,0.00015986255098812606,0.9996448067063125,0.0001953307426993223,1,glioma,0.9996448067063125,919d6f0fb3ca462983d6df6ec06846e41abd9645
densenet121,A,1920,MR049453,patient_disjoint,2,1,glioma,0.0003450461184341387,0.9991480572522399,0.0005068966293259251,1,glioma,0.9991480572522399,919d6f0fb3ca462983d6df6ec06846e41abd9645
densenet121,A,1950,MR050135B,patient_disjoint,2,1,glioma,0.002340088410381465,0.9573192333563811,0.04034067823323737,1,glioma,0.9573192333563811,919d6f0fb3ca462983d6df6ec06846e41abd9645
densenet121,A,1951,MR050135B,patient_disjoint,2,1,glioma,0.0011352915497650513,0.9867635256188055,0.012101182831429453,1,glioma,0.9867635256188055,919d6f0fb3ca462983d6df6ec06846e41abd9645
densenet121,A,1952,MR050135B,patient_disjoint,2,1,glioma,0.00021667504240376777,0.9995952744876693,0.00018805046992689757,1,glioma,0.9995952744876693,919d6f0fb3ca462983d6df6ec06846e41abd9645
densenet121,A,1953,MR050135B,patient_disjoint,2,1,glioma,0.0003266287825400445,0.9994972396926449,0.0001761315248149527,1,glioma,0.9994972396926449,919d6f0fb3ca462983d6df6ec06846e41abd9645
densenet121,A,1954,MR050135B,patient_disjoint,2,1,glioma,0.0003074797855789945,0.9995540285649074,0.00013849164951343075,1,glioma,0.9995540285649074,919d6f0fb3ca462983d6df6ec06846e41abd9645
densenet121,A,1955,MR050135B,patient_disjoint,2,1,glioma,0.0003169998564811937,0.9995627528660787,0.00012024727744007058,1,glioma,0.9995627528660787,919d6f0fb3ca462983d6df6ec06846e41abd9645
densenet121,A,1956,MR050135B,patient_disjoint,2,1,glioma,0.000829614423067683,0.9945343652175392,0.004636020359393001,1,glioma,0.9945343652175392,919d6f0fb3ca462983d6df6ec06846e41abd9645
densenet121,A,1957,MR050135B,patient_disjoint,2,1,glioma,0.0010890602458674603,0.9960588927336567,0.0028520470204756723,1,glioma,0.9960588927336567,919d6f0fb3ca462983d6df6ec06846e41abd9645
densenet121,A,1958,MR050135B,patient_disjoint,2,1,glioma,0.0021682170046788936,0.9900436977414484,0.007788085253872653,1,glioma,0.9900436977414484,919d6f0fb3ca462983d6df6ec06846e41abd9645
densenet121,A,1959,MR050135B,patient_disjoint,2,1,glioma,0.0012385965166162656,0.9947822667191097,0.0039791367642739795,1,glioma,0.9947822667191097,919d6f0fb3ca462983d6df6ec06846e41abd9645
densenet121,A,1960,MR050135B,patient_disjoint,2,1,glioma,0.0011957032781810496,0.9960511072934143,0.0027531894284046816,1,glioma,0.9960511072934143,919d6f0fb3ca462983d6df6ec06846e41abd9645
densenet121,A,1961,MR050135B,patient_disjoint,2,1,glioma,0.00044133879909918954,0.9989279601257025,0.000630701075198273,1,glioma,0.9989279601257025,919d6f0fb3ca462983d6df6ec06846e41abd9645
densenet121,A,1962,MR050135B,patient_disjoint,2,1,glioma,0.00043430457465803225,0.9991140128087859,0.0004516826165561552,1,glioma,0.9991140128087859,919d6f0fb3ca462983d6df6ec06846e41abd9645
densenet121,A,1963,MR050135B,patient_disjoint,2,1,glioma,0.00020663368752769782,0.999585153779385,0.0002082125330873915,1,glioma,0.999585153779385,919d6f0fb3ca462983d6df6ec06846e41abd9645
densenet121,A,1998,MR051461,patient_disjoint,2,1,glioma,0.0004175397416179743,0.999369305422169,0.00021315483621295021,1,glioma,0.999369305422169,919d6f0fb3ca462983d6df6ec06846e41abd9645
densenet121,A,1999,MR051461,patient_disjoint,2,1,glioma,0.00031491948146237744,0.9995642592278837,0.00012082129065386526,1,glioma,0.9995642592278837,919d6f0fb3ca462983d6df6ec06846e41abd9645
densenet121,A,2000,MR051461,patient_disjoint,2,1,glioma,0.0003336342319851452,0.999513019665293,0.0001533461027219004,1,glioma,0.999513019665293,919d6f0fb3ca462983d6df6ec06846e41abd9645
densenet121,A,2001,MR051461,patient_disjoint,2,1,glioma,0.0005124768687575399,0.9991752745530521,0.00031224857819027555,1,glioma,0.9991752745530521,919d6f0fb3ca462983d6df6ec06846e41abd9645
densenet121,A,2002,MR051461,patient_disjoint,2,1,glioma,0.0005264466653201596,0.9992766430903792,0.0001969102443005768,1,glioma,0.9992766430903792,919d6f0fb3ca462983d6df6ec06846e41abd9645
densenet121,A,2003,MR051461,patient_disjoint,2,1,glioma,0.0004658575682604315,0.9993371805816916,0.00019696185004786527,1,glioma,0.9993371805816916,919d6f0fb3ca462983d6df6ec06846e41abd9645
densenet121,A,2004,MR051461,patient_disjoint,2,1,glioma,0.0004339410852228233,0.9994437758638699,0.00012228305090724448,1,glioma,0.9994437758638699,919d6f0fb3ca462983d6df6ec06846e41abd9645
densenet121,A,2093,MR034694,patient_disjoint,2,1,glioma,0.0004073246723362843,0.9986365878533533,0.0009560874743103734,1,glioma,0.9986365878533533,919d6f0fb3ca462983d6df6ec06846e41abd9645
densenet121,A,2094,MR034694,patient_disjoint,2,1,glioma,0.00036865679296861566,0.9990443681226094,0.000586975084421882,1,glioma,0.9990443681226094,919d6f0fb3ca462983d6df6ec06846e41abd9645
densenet121,A,2095,MR034694,patient_disjoint,2,1,glioma,0.0004096082792278792,0.9986308946543383,0.0009594970664338186,1,glioma,0.9986308946543383,919d6f0fb3ca462983d6df6ec06846e41abd9645
densenet121,A,2096,MR034694,patient_disjoint,2,1,glioma,0.00019755028998285964,0.9993822489035369,0.0004202008064802999,1,glioma,0.9993822489035369,919d6f0fb3ca462983d6df6ec06846e41abd9645
densenet121,A,2141,MR031409B,patient_disjoint,2,1,glioma,0.0006004237264274787,0.9991333575927552,0.0002662186808172936,1,glioma,0.9991333575927552,919d6f0fb3ca462983d6df6ec06846e41abd9645
densenet121,A,2142,MR031409B,patient_disjoint,2,1,glioma,0.0003323693115879586,0.9995553791264523,0.00011225156195979026,1,glioma,0.9995553791264523,919d6f0fb3ca462983d6df6ec06846e41abd9645
densenet121,A,2143,MR031409B,patient_disjoint,2,1,glioma,0.0018472331917339109,0.9978233243151686,0.0003294424930973985,1,glioma,0.9978233243151686,919d6f0fb3ca462983d6df6ec06846e41abd9645
densenet121,A,2153,MR032322C,patient_disjoint,2,1,glioma,4.766015997215789e-05,0.9999223723178916,2.9967522136298505e-05,1,glioma,0.9999223723178916,919d6f0fb3ca462983d6df6ec06846e41abd9645
densenet121,A,2154,MR032322C,patient_disjoint,2,1,glioma,0.00020435243210920075,0.9989249838325992,0.0008706637352914597,1,glioma,0.9989249838325992,919d6f0fb3ca462983d6df6ec06846e41abd9645
densenet121,A,2155,MR032322C,patient_disjoint,2,1,glioma,0.00010620358033045117,0.9998025555373361,9.12408823335582e-05,1,glioma,0.9998025555373361,919d6f0fb3ca462983d6df6ec06846e41abd9645
densenet121,A,2156,MR032322C,patient_disjoint,2,1,glioma,0.0001489801690464997,0.9997031030715887,0.00014791675936471865,1,glioma,0.9997031030715887,919d6f0fb3ca462983d6df6ec06846e41abd9645
densenet121,A,2157,MR032322C,patient_disjoint,2,1,glioma,0.00020421816211580807,0.9996087964051674,0.00018698543271684014,1,glioma,0.9996087964051674,919d6f0fb3ca462983d6df6ec06846e41abd9645
densenet121,A,2158,MR032322C,patient_disjoint,2,1,glioma,0.00011866083161042232,0.99943632410812,0.00044501506026961384,1,glioma,0.99943632410812,919d6f0fb3ca462983d6df6ec06846e41abd9645
densenet121,A,2159,MR032322C,patient_disjoint,2,1,glioma,0.0007561013742671753,0.9953783945789662,0.003865504046766721,1,glioma,0.9953783945789662,919d6f0fb3ca462983d6df6ec06846e41abd9645
densenet121,A,2160,MR032322C,patient_disjoint,2,1,glioma,9.973593661062752e-05,0.9995714786630117,0.0003287854003778825,1,glioma,0.9995714786630117,919d6f0fb3ca462983d6df6ec06846e41abd9645
densenet121,A,2161,MR032322C,patient_disjoint,2,1,glioma,0.0002672898626512525,0.9985974584606514,0.0011352516766971806,1,glioma,0.9985974584606514,919d6f0fb3ca462983d6df6ec06846e41abd9645
densenet121,A,2162,MR032322C,patient_disjoint,2,1,glioma,0.00037948861598822276,0.998506845429288,0.001113665954723907,1,glioma,0.998506845429288,919d6f0fb3ca462983d6df6ec06846e41abd9645
densenet121,A,2163,MR032322C,patient_disjoint,2,1,glioma,0.0005566711065103802,0.9976167812434261,0.001826547650063508,1,glioma,0.9976167812434261,919d6f0fb3ca462983d6df6ec06846e41abd9645
densenet121,A,2164,MR032322C,patient_disjoint,2,1,glioma,0.000498517219090434,0.9987961064420663,0.0007053763388432711,1,glioma,0.9987961064420663,919d6f0fb3ca462983d6df6ec06846e41abd9645
densenet121,A,2165,MR032322C,patient_disjoint,2,1,glioma,0.00014790383150321286,0.9996176360654578,0.00023446010303914514,1,glioma,0.9996176360654578,919d6f0fb3ca462983d6df6ec06846e41abd9645
densenet121,A,2166,MR037458B,patient_disjoint,2,1,glioma,0.012574360483184785,0.9839110902182815,0.0035145492985335647,1,glioma,0.9839110902182815,919d6f0fb3ca462983d6df6ec06846e41abd9645
densenet121,A,2167,MR037458B,patient_disjoint,2,1,glioma,0.0014147558703668916,0.9982506998202915,0.0003345443093415019,1,glioma,0.9982506998202915,919d6f0fb3ca462983d6df6ec06846e41abd9645
densenet121,A,2168,MR037458B,patient_disjoint,2,1,glioma,0.023845036426811735,0.9751236689973523,0.0010312945758359326,1,glioma,0.9751236689973523,919d6f0fb3ca462983d6df6ec06846e41abd9645
densenet121,A,2169,MR037458B,patient_disjoint,2,1,glioma,0.05579603445560301,0.929849588676082,0.01435437686831475,1,glioma,0.929849588676082,919d6f0fb3ca462983d6df6ec06846e41abd9645
densenet121,A,2170,MR037458B,patient_disjoint,2,1,glioma,0.2505966423598971,0.747586801082935,0.0018165565571679507,1,glioma,0.747586801082935,919d6f0fb3ca462983d6df6ec06846e41abd9645
densenet121,A,2171,MR037458B,patient_disjoint,2,1,glioma,0.18332149033139866,0.8158719297755331,0.0008065798930681137,1,glioma,0.8158719297755331,919d6f0fb3ca462983d6df6ec06846e41abd9645
densenet121,A,2172,MR037458B,patient_disjoint,2,1,glioma,0.9555697211371278,0.043978576333315235,0.00045170252955693233,0,meningioma,0.9555697211371278,919d6f0fb3ca462983d6df6ec06846e41abd9645
densenet121,A,2173,MR037458B,patient_disjoint,2,1,glioma,0.1963045543336825,0.792389130110698,0.011306315555619388,1,glioma,0.792389130110698,919d6f0fb3ca462983d6df6ec06846e41abd9645
densenet121,A,2179,MR039473B,patient_disjoint,2,1,glioma,0.000979186611230027,0.9700410765543662,0.02897973683440375,1,glioma,0.9700410765543662,919d6f0fb3ca462983d6df6ec06846e41abd9645
densenet121,A,2180,MR039473B,patient_disjoint,2,1,glioma,0.0003066506121589668,0.9974961887145213,0.002197160673319873,1,glioma,0.9974961887145213,919d6f0fb3ca462983d6df6ec06846e41abd9645
densenet121,A,2181,MR039473B,patient_disjoint,2,1,glioma,0.0006862030574629948,0.9968141631760105,0.0024996337665266,1,glioma,0.9968141631760105,919d6f0fb3ca462983d6df6ec06846e41abd9645
densenet121,A,2182,MR039473B,patient_disjoint,2,1,glioma,0.0003241083215043124,0.9984796850948414,0.0011962065836542395,1,glioma,0.9984796850948414,919d6f0fb3ca462983d6df6ec06846e41abd9645
densenet121,A,2183,MR039473B,patient_disjoint,2,1,glioma,0.00031482688703533704,0.9989728383987052,0.0007123347142595326,1,glioma,0.9989728383987052,919d6f0fb3ca462983d6df6ec06846e41abd9645
densenet121,A,2184,MR039473B,patient_disjoint,2,1,glioma,0.0003108634178833283,0.9983840554122595,0.001305081169857301,1,glioma,0.9983840554122595,919d6f0fb3ca462983d6df6ec06846e41abd9645
densenet121,A,2185,MR039473B,patient_disjoint,2,1,glioma,0.00043220030964944545,0.9984807328508892,0.0010870668394615255,1,glioma,0.9984807328508892,919d6f0fb3ca462983d6df6ec06846e41abd9645
densenet121,A,2242,MR048994,patient_disjoint,2,1,glioma,0.00021159472983305294,0.9997738428184475,1.4562451719419867e-05,1,glioma,0.9997738428184475,919d6f0fb3ca462983d6df6ec06846e41abd9645
densenet121,A,2243,MR048994,patient_disjoint,2,1,glioma,0.0005992316658703952,0.9993758859017199,2.488243240956135e-05,1,glioma,0.9993758859017199,919d6f0fb3ca462983d6df6ec06846e41abd9645
densenet121,A,2270,MR049453,patient_disjoint,2,1,glioma,0.0001322303670308966,0.9998245343697545,4.3235263214393303e-05,1,glioma,0.9998245343697545,919d6f0fb3ca462983d6df6ec06846e41abd9645
densenet121,A,2271,MR049453,patient_disjoint,2,1,glioma,0.00015763885104493644,0.9997395106141718,0.00010285053478316922,1,glioma,0.9997395106141718,919d6f0fb3ca462983d6df6ec06846e41abd9645
densenet121,A,2272,MR049453,patient_disjoint,2,1,glioma,0.0002785060786585419,0.9994141470166944,0.00030734690464700776,1,glioma,0.9994141470166944,919d6f0fb3ca462983d6df6ec06846e41abd9645
densenet121,A,2273,MR049453,patient_disjoint,2,1,glioma,0.00020031815186045656,0.9996170194143192,0.0001826624338203281,1,glioma,0.9996170194143192,919d6f0fb3ca462983d6df6ec06846e41abd9645
densenet121,A,2274,MR049453,patient_disjoint,2,1,glioma,0.000135661295357081,0.9997864004407949,7.793826384786078e-05,1,glioma,0.9997864004407949,919d6f0fb3ca462983d6df6ec06846e41abd9645
densenet121,A,2275,MR049453,patient_disjoint,2,1,glioma,0.00022392731157014307,0.9995933897043013,0.00018268298412852104,1,glioma,0.9995933897043013,919d6f0fb3ca462983d6df6ec06846e41abd9645
densenet121,A,2276,MR049453,patient_disjoint,2,1,glioma,0.00024513176320627806,0.9994520855253934,0.0003027827114003355,1,glioma,0.9994520855253934,919d6f0fb3ca462983d6df6ec06846e41abd9645
densenet121,A,2277,MR049453,patient_disjoint,2,1,glioma,0.00021917753916395839,0.9996073499399792,0.00017347252085670706,1,glioma,0.9996073499399792,919d6f0fb3ca462983d6df6ec06846e41abd9645
densenet121,A,2278,MR049453,patient_disjoint,2,1,glioma,0.00017436401523504246,0.9997174126105334,0.00010822337423154584,1,glioma,0.9997174126105334,919d6f0fb3ca462983d6df6ec06846e41abd9645
densenet121,A,2300,MR050135B,patient_disjoint,2,1,glioma,0.0015211289983459546,0.9980553363123899,0.00042353468926412813,1,glioma,0.9980553363123899,919d6f0fb3ca462983d6df6ec06846e41abd9645
densenet121,A,2301,MR050135B,patient_disjoint,2,1,glioma,0.00020177966046093908,0.999751036146576,4.718419296319975e-05,1,glioma,0.999751036146576,919d6f0fb3ca462983d6df6ec06846e41abd9645
densenet121,A,2302,MR050135B,patient_disjoint,2,1,glioma,0.0001934298948696988,0.9996544631427153,0.0001521069624151423,1,glioma,0.9996544631427153,919d6f0fb3ca462983d6df6ec06846e41abd9645
densenet121,A,2303,MR050135B,patient_disjoint,2,1,glioma,0.00024719928850980917,0.9994615798045002,0.00029122090698991955,1,glioma,0.9994615798045002,919d6f0fb3ca462983d6df6ec06846e41abd9645
densenet121,A,2304,MR050135B,patient_disjoint,2,1,glioma,0.0003114217159091976,0.9990969917501938,0.0005915865338968099,1,glioma,0.9990969917501938,919d6f0fb3ca462983d6df6ec06846e41abd9645
densenet121,A,2305,MR050135B,patient_disjoint,2,1,glioma,0.00011582026190638888,0.9996336617882957,0.00025051794979798724,1,glioma,0.9996336617882957,919d6f0fb3ca462983d6df6ec06846e41abd9645
densenet121,A,2306,MR050135B,patient_disjoint,2,1,glioma,0.00010932089746840278,0.9996333649378062,0.00025731416472535187,1,glioma,0.9996333649378062,919d6f0fb3ca462983d6df6ec06846e41abd9645
densenet121,A,2307,MR050135B,patient_disjoint,2,1,glioma,0.000231261469927541,0.9991313522850528,0.000637386245019674,1,glioma,0.9991313522850528,919d6f0fb3ca462983d6df6ec06846e41abd9645
densenet121,A,2308,MR050135B,patient_disjoint,2,1,glioma,0.000387754278760635,0.9981326016635003,0.0014796440577390802,1,glioma,0.9981326016635003,919d6f0fb3ca462983d6df6ec06846e41abd9645
densenet121,A,2309,MR050135B,patient_disjoint,2,1,glioma,0.000707539084857131,0.9984840673151781,0.0008083935999646373,1,glioma,0.9984840673151781,919d6f0fb3ca462983d6df6ec06846e41abd9645
densenet121,A,2310,MR050135B,patient_disjoint,2,1,glioma,0.0002727792517088112,0.9995334997065903,0.0001937210417008529,1,glioma,0.9995334997065903,919d6f0fb3ca462983d6df6ec06846e41abd9645
densenet121,A,2333,MR051461,patient_disjoint,2,1,glioma,0.0002929879507228144,0.9996455368080969,6.147524118033433e-05,1,glioma,0.9996455368080969,919d6f0fb3ca462983d6df6ec06846e41abd9645
densenet121,A,2334,MR051461,patient_disjoint,2,1,glioma,0.00023495525471400034,0.999687117546792,7.792719849407632e-05,1,glioma,0.999687117546792,919d6f0fb3ca462983d6df6ec06846e41abd9645
densenet121,A,2335,MR051461,patient_disjoint,2,1,glioma,0.00015425859651694356,0.9998027074978458,4.3033905637114915e-05,1,glioma,0.9998027074978458,919d6f0fb3ca462983d6df6ec06846e41abd9645
densenet121,A,2336,MR051461,patient_disjoint,2,1,glioma,0.00032570016300147294,0.999500440492952,0.0001738593440465408,1,glioma,0.999500440492952,919d6f0fb3ca462983d6df6ec06846e41abd9645
densenet121,A,2337,MR051461,patient_disjoint,2,1,glioma,0.001113140280840105,0.9979796123470822,0.0009072473720777713,1,glioma,0.9979796123470822,919d6f0fb3ca462983d6df6ec06846e41abd9645
densenet121,A,2338,MR051461,patient_disjoint,2,1,glioma,0.0005621929308428426,0.99905106038726,0.00038674668189719153,1,glioma,0.99905106038726,919d6f0fb3ca462983d6df6ec06846e41abd9645
densenet121,A,2339,MR051461,patient_disjoint,2,1,glioma,0.00031068079047411273,0.9995380378773837,0.00015128133214224466,1,glioma,0.9995380378773837,919d6f0fb3ca462983d6df6ec06846e41abd9645
densenet121,A,2340,MR051461,patient_disjoint,2,1,glioma,0.00018540925282932634,0.9997512221386597,6.336860851090477e-05,1,glioma,0.9997512221386597,919d6f0fb3ca462983d6df6ec06846e41abd9645
densenet121,A,2341,MR051461,patient_disjoint,2,1,glioma,0.00023405825601247122,0.9996610388374159,0.0001049029065716694,1,glioma,0.9996610388374159,919d6f0fb3ca462983d6df6ec06846e41abd9645
densenet121,A,2350,MR026175E,patient_disjoint,2,1,glioma,0.0003293148463733559,0.9989057709845597,0.0007649141690669247,1,glioma,0.9989057709845597,919d6f0fb3ca462983d6df6ec06846e41abd9645
densenet121,A,2351,MR026175E,patient_disjoint,2,1,glioma,0.00019674868755286624,0.999351058174187,0.0004521931382600561,1,glioma,0.999351058174187,919d6f0fb3ca462983d6df6ec06846e41abd9645
densenet121,A,2352,MR026175E,patient_disjoint,2,1,glioma,0.0003789392207328866,0.9991134703620892,0.0005075904171780037,1,glioma,0.9991134703620892,919d6f0fb3ca462983d6df6ec06846e41abd9645
densenet121,A,2353,MR026175E,patient_disjoint,2,1,glioma,0.0007836395864760247,0.9987506582502448,0.000465702163279231,1,glioma,0.9987506582502448,919d6f0fb3ca462983d6df6ec06846e41abd9645
densenet121,A,2354,MR026175E,patient_disjoint,2,1,glioma,0.0001711890609720983,0.9992634554373052,0.0005653555017227332,1,glioma,0.9992634554373052,919d6f0fb3ca462983d6df6ec06846e41abd9645
densenet121,A,2355,MR026175E,patient_disjoint,2,1,glioma,0.00014578797722352118,0.999547477140802,0.0003067348819742718,1,glioma,0.999547477140802,919d6f0fb3ca462983d6df6ec06846e41abd9645
densenet121,A,2356,MR026175E,patient_disjoint,2,1,glioma,0.00013918596602380482,0.9995610024551606,0.0002998115788156842,1,glioma,0.9995610024551606,919d6f0fb3ca462983d6df6ec06846e41abd9645
densenet121,A,2357,MR026175E,patient_disjoint,2,1,glioma,0.0010472684800047144,0.9941145497041803,0.004838181815814942,1,glioma,0.9941145497041803,919d6f0fb3ca462983d6df6ec06846e41abd9645
densenet121,A,2358,MR026175E,patient_disjoint,2,1,glioma,0.00044715665462066127,0.9982492524929092,0.0013035908524701948,1,glioma,0.9982492524929092,919d6f0fb3ca462983d6df6ec06846e41abd9645
densenet121,A,2359,MR026175E,patient_disjoint,2,1,glioma,0.0002033455499216172,0.999459279059042,0.0003373753910362979,1,glioma,0.999459279059042,919d6f0fb3ca462983d6df6ec06846e41abd9645
densenet121,A,2360,MR026175E,patient_disjoint,2,1,glioma,0.00027688204002658485,0.9993682495932814,0.0003548683666920383,1,glioma,0.9993682495932814,919d6f0fb3ca462983d6df6ec06846e41abd9645
densenet121,A,2361,MR026175E,patient_disjoint,2,1,glioma,0.0004932757560721627,0.9990188250887023,0.0004878991552254783,1,glioma,0.9990188250887023,919d6f0fb3ca462983d6df6ec06846e41abd9645
densenet121,A,2362,MR040240C,patient_disjoint,2,1,glioma,0.0006467653025111037,0.9958024176672938,0.003550817030195211,1,glioma,0.9958024176672938,919d6f0fb3ca462983d6df6ec06846e41abd9645
densenet121,A,2363,MR040240C,patient_disjoint,2,1,glioma,0.0008660682157463837,0.9974761224513109,0.0016578093329426842,1,glioma,0.9974761224513109,919d6f0fb3ca462983d6df6ec06846e41abd9645
densenet121,A,2364,MR040240C,patient_disjoint,2,1,glioma,0.0010428982845186628,0.9979503866039773,0.0010067151115039936,1,glioma,0.9979503866039773,919d6f0fb3ca462983d6df6ec06846e41abd9645
densenet121,A,2365,MR040240C,patient_disjoint,2,1,glioma,0.0004137888442838178,0.9973812506856439,0.002204960470072191,1,glioma,0.9973812506856439,919d6f0fb3ca462983d6df6ec06846e41abd9645
densenet121,A,2366,MR040240C,patient_disjoint,2,1,glioma,0.0006186930679112123,0.9978544384167813,0.0015268685153073127,1,glioma,0.9978544384167813,919d6f0fb3ca462983d6df6ec06846e41abd9645
densenet121,A,2367,MR040240C,patient_disjoint,2,1,glioma,0.0004921196753213716,0.9987057457383792,0.0008021345862994615,1,glioma,0.9987057457383792,919d6f0fb3ca462983d6df6ec06846e41abd9645
densenet121,A,2368,MR040240C,patient_disjoint,2,1,glioma,0.0008076350145157863,0.9972657859160616,0.0019265790694226756,1,glioma,0.9972657859160616,919d6f0fb3ca462983d6df6ec06846e41abd9645
densenet121,A,2369,MR040240C,patient_disjoint,2,1,glioma,0.0010026069382093295,0.9971626713040889,0.0018347217577018918,1,glioma,0.9971626713040889,919d6f0fb3ca462983d6df6ec06846e41abd9645
densenet121,A,2370,MR040240C,patient_disjoint,2,1,glioma,0.0012550544897373596,0.995653838233395,0.003091107276867496,1,glioma,0.995653838233395,919d6f0fb3ca462983d6df6ec06846e41abd9645
densenet121,A,2371,MR040240C,patient_disjoint,2,1,glioma,0.0010443876914970468,0.9970404316622372,0.0019151806462657211,1,glioma,0.9970404316622372,919d6f0fb3ca462983d6df6ec06846e41abd9645
densenet121,A,2372,MR040240C,patient_disjoint,2,1,glioma,0.0005644538148805698,0.9987585446954917,0.0006770014896277045,1,glioma,0.9987585446954917,919d6f0fb3ca462983d6df6ec06846e41abd9645
densenet121,A,2384,MR017260F,patient_disjoint,2,1,glioma,0.00022025996783669603,0.9994569733082693,0.0003227667238939551,1,glioma,0.9994569733082693,919d6f0fb3ca462983d6df6ec06846e41abd9645
densenet121,A,2385,MR017260F,patient_disjoint,2,1,glioma,0.0005205875829919479,0.9981993586620975,0.0012800537549106014,1,glioma,0.9981993586620975,919d6f0fb3ca462983d6df6ec06846e41abd9645
densenet121,A,2386,MR017260F,patient_disjoint,2,1,glioma,0.00027706741986510783,0.9994486105137736,0.00027432206636128395,1,glioma,0.9994486105137736,919d6f0fb3ca462983d6df6ec06846e41abd9645
densenet121,A,2387,MR017260F,patient_disjoint,2,1,glioma,0.00039633665255562884,0.9991500551008663,0.0004536082465779919,1,glioma,0.9991500551008663,919d6f0fb3ca462983d6df6ec06846e41abd9645
densenet121,A,2388,MR017260F,patient_disjoint,2,1,glioma,0.020495983475656024,0.9720801287212382,0.007423887803105903,1,glioma,0.9720801287212382,919d6f0fb3ca462983d6df6ec06846e41abd9645
densenet121,A,2389,MR017260F,patient_disjoint,2,1,glioma,0.0007644195758063871,0.9989212721169116,0.00031430830728207664,1,glioma,0.9989212721169116,919d6f0fb3ca462983d6df6ec06846e41abd9645
densenet121,A,2390,MR017260F,patient_disjoint,2,1,glioma,0.0009465581088412817,0.9987931369766402,0.00026030491451862765,1,glioma,0.9987931369766402,919d6f0fb3ca462983d6df6ec06846e41abd9645
densenet121,A,2391,MR017260F,patient_disjoint,2,1,glioma,0.00034448413447119247,0.9994294480271602,0.0002260678383685579,1,glioma,0.9994294480271602,919d6f0fb3ca462983d6df6ec06846e41abd9645
densenet121,A,2392,MR017260F,patient_disjoint,2,1,glioma,0.0003879761349272351,0.9994768924504308,0.0001351314146419228,1,glioma,0.9994768924504308,919d6f0fb3ca462983d6df6ec06846e41abd9645
densenet121,A,2393,MR017260F,patient_disjoint,2,1,glioma,0.000685590365399612,0.9990750417114329,0.00023936792316756408,1,glioma,0.9990750417114329,919d6f0fb3ca462983d6df6ec06846e41abd9645
densenet121,A,2435,MR048994,patient_disjoint,2,1,glioma,0.0005566303271833523,0.999417798291555,2.5571381261510555e-05,1,glioma,0.999417798291555,919d6f0fb3ca462983d6df6ec06846e41abd9645
densenet121,A,2436,MR048994,patient_disjoint,2,1,glioma,0.0007260847708097871,0.9991800329244976,9.388230469271726e-05,1,glioma,0.9991800329244976,919d6f0fb3ca462983d6df6ec06846e41abd9645
densenet121,A,2437,MR048994,patient_disjoint,2,1,glioma,0.0003497214271407019,0.9995648845332846,8.539403957473629e-05,1,glioma,0.9995648845332846,919d6f0fb3ca462983d6df6ec06846e41abd9645
densenet121,A,2438,MR048994,patient_disjoint,2,1,glioma,0.0003110746877736761,0.9996549085486781,3.401676354812393e-05,1,glioma,0.9996549085486781,919d6f0fb3ca462983d6df6ec06846e41abd9645
densenet121,A,2439,MR048994,patient_disjoint,2,1,glioma,0.00026923552470081556,0.9997055645630891,2.519991221004275e-05,1,glioma,0.9997055645630891,919d6f0fb3ca462983d6df6ec06846e41abd9645
densenet121,A,2440,MR048994,patient_disjoint,2,1,glioma,0.00018711598168509038,0.9998000339808403,1.2850037474621426e-05,1,glioma,0.9998000339808403,919d6f0fb3ca462983d6df6ec06846e41abd9645
densenet121,A,2441,MR048994,patient_disjoint,2,1,glioma,0.00046753924455619934,0.9995049417701524,2.7518985291286087e-05,1,glioma,0.9995049417701524,919d6f0fb3ca462983d6df6ec06846e41abd9645
densenet121,A,2499,MR026175E,patient_disjoint,2,1,glioma,0.00044905756183048675,0.9993855472896356,0.0001653951485340791,1,glioma,0.9993855472896356,919d6f0fb3ca462983d6df6ec06846e41abd9645
densenet121,A,2500,MR026175E,patient_disjoint,2,1,glioma,0.0005221954825358998,0.9992729495018159,0.00020485501564803565,1,glioma,0.9992729495018159,919d6f0fb3ca462983d6df6ec06846e41abd9645
densenet121,A,2501,MR026175E,patient_disjoint,2,1,glioma,0.0005014493854262549,0.9994117913894273,8.675922514651779e-05,1,glioma,0.9994117913894273,919d6f0fb3ca462983d6df6ec06846e41abd9645
densenet121,A,2502,MR026175E,patient_disjoint,2,1,glioma,0.00042239854755390954,0.9995291415923621,4.845986008411845e-05,1,glioma,0.9995291415923621,919d6f0fb3ca462983d6df6ec06846e41abd9645
densenet121,A,2503,MR026175E,patient_disjoint,2,1,glioma,0.0004753950977153602,0.9993960412472906,0.00012856365499390064,1,glioma,0.9993960412472906,919d6f0fb3ca462983d6df6ec06846e41abd9645
densenet121,A,2504,MR026175E,patient_disjoint,2,1,glioma,0.00048400921931975163,0.9993608015966137,0.00015518918406664668,1,glioma,0.9993608015966137,919d6f0fb3ca462983d6df6ec06846e41abd9645
densenet121,A,2505,MR026175E,patient_disjoint,2,1,glioma,0.0004422290156793724,0.9993812238217011,0.0001765471626196846,1,glioma,0.9993812238217011,919d6f0fb3ca462983d6df6ec06846e41abd9645
densenet121,A,2506,MR026175E,patient_disjoint,2,1,glioma,0.00015497977623397935,0.9998282711032658,1.674912050017167e-05,1,glioma,0.9998282711032658,919d6f0fb3ca462983d6df6ec06846e41abd9645
densenet121,A,2507,MR026175E,patient_disjoint,2,1,glioma,0.0004886540957329102,0.9993878298783756,0.00012351602589151344,1,glioma,0.9993878298783756,919d6f0fb3ca462983d6df6ec06846e41abd9645
densenet121,A,2508,MR026175E,patient_disjoint,2,1,glioma,0.0001481247418657864,0.9998207051343344,3.1170123799882856e-05,1,glioma,0.9998207051343344,919d6f0fb3ca462983d6df6ec06846e41abd9645
densenet121,A,2509,MR040240C,patient_disjoint,2,1,glioma,0.0010978888489851075,0.9973771956956179,0.0015249154553970113,1,glioma,0.9973771956956179,919d6f0fb3ca462983d6df6ec06846e41abd9645
densenet121,A,2510,MR040240C,patient_disjoint,2,1,glioma,0.0005342699519509968,0.9988738673962858,0.0005918626517633094,1,glioma,0.9988738673962858,919d6f0fb3ca462983d6df6ec06846e41abd9645
densenet121,A,2511,MR040240C,patient_disjoint,2,1,glioma,0.0005441102416559399,0.9992246575272516,0.00023123223109242403,1,glioma,0.9992246575272516,919d6f0fb3ca462983d6df6ec06846e41abd9645
densenet121,A,2512,MR040240C,patient_disjoint,2,1,glioma,0.0008768259435195856,0.9989844168078456,0.00013875724863494416,1,glioma,0.9989844168078456,919d6f0fb3ca462983d6df6ec06846e41abd9645
densenet121,A,2513,MR040240C,patient_disjoint,2,1,glioma,0.0035807053991516393,0.9961932955371752,0.0002259990636730961,1,glioma,0.9961932955371752,919d6f0fb3ca462983d6df6ec06846e41abd9645
densenet121,A,2514,MR040240C,patient_disjoint,2,1,glioma,0.022888765783492124,0.9764475835986576,0.0006636506178503569,1,glioma,0.9764475835986576,919d6f0fb3ca462983d6df6ec06846e41abd9645
densenet121,A,2515,MR040240C,patient_disjoint,2,1,glioma,0.00433487052879971,0.9956132289308348,5.1900540365541756e-05,1,glioma,0.9956132289308348,919d6f0fb3ca462983d6df6ec06846e41abd9645
densenet121,A,2516,MR040240C,patient_disjoint,2,1,glioma,0.00028797439966498565,0.9994965271154789,0.0002154984848562502,1,glioma,0.9994965271154789,919d6f0fb3ca462983d6df6ec06846e41abd9645
densenet121,A,2517,MR040240C,patient_disjoint,2,1,glioma,0.00014231069347911973,0.9998247999573305,3.288934919028782e-05,1,glioma,0.9998247999573305,919d6f0fb3ca462983d6df6ec06846e41abd9645
densenet121,A,2518,MR040240C,patient_disjoint,2,1,glioma,0.000505521081867701,0.9992978093255979,0.00019666959253439634,1,glioma,0.9992978093255979,919d6f0fb3ca462983d6df6ec06846e41abd9645
densenet121,A,2519,MR040240C,patient_disjoint,2,1,glioma,0.0002675707199504102,0.9996743911580445,5.803812200506035e-05,1,glioma,0.9996743911580445,919d6f0fb3ca462983d6df6ec06846e41abd9645
densenet121,A,2520,MR040240C,patient_disjoint,2,1,glioma,0.0001660635144442227,0.9997866712654487,4.72652201070728e-05,1,glioma,0.9997866712654487,919d6f0fb3ca462983d6df6ec06846e41abd9645
densenet121,A,2521,MR040240C,patient_disjoint,2,1,glioma,0.0001880587670131433,0.9997618886862474,5.005254673961286e-05,1,glioma,0.9997618886862474,919d6f0fb3ca462983d6df6ec06846e41abd9645
densenet121,A,2522,MR040240C,patient_disjoint,2,1,glioma,0.0002249638455864141,0.9997063983911044,6.863776330923801e-05,1,glioma,0.9997063983911044,919d6f0fb3ca462983d6df6ec06846e41abd9645
densenet121,A,2523,MR040240C,patient_disjoint,2,1,glioma,0.0003234967023811283,0.9995304280551389,0.00014607524247987934,1,glioma,0.9995304280551389,919d6f0fb3ca462983d6df6ec06846e41abd9645
densenet121,A,2524,MR017260F,patient_disjoint,2,1,glioma,0.0004608358956304146,0.9994313945998196,0.00010776950455004258,1,glioma,0.9994313945998196,919d6f0fb3ca462983d6df6ec06846e41abd9645
densenet121,A,2525,MR017260F,patient_disjoint,2,1,glioma,0.0005463371374260317,0.9993240338061935,0.00012962905638057285,1,glioma,0.9993240338061935,919d6f0fb3ca462983d6df6ec06846e41abd9645
densenet121,A,2526,MR017260F,patient_disjoint,2,1,glioma,0.0012221188627283895,0.9985060153916812,0.000271865745590346,1,glioma,0.9985060153916812,919d6f0fb3ca462983d6df6ec06846e41abd9645
densenet121,A,2527,MR017260F,patient_disjoint,2,1,glioma,0.0004723620276219652,0.9992002401735264,0.0003273977988515487,1,glioma,0.9992002401735264,919d6f0fb3ca462983d6df6ec06846e41abd9645
densenet121,A,2528,MR017260F,patient_disjoint,2,1,glioma,0.00015015402337080402,0.9997923726148699,5.7473361759205684e-05,1,glioma,0.9997923726148699,919d6f0fb3ca462983d6df6ec06846e41abd9645
densenet121,A,2529,MR017260F,patient_disjoint,2,1,glioma,0.0005297125922045984,0.9992044337952237,0.000265853612571553,1,glioma,0.9992044337952237,919d6f0fb3ca462983d6df6ec06846e41abd9645
densenet121,A,2624,MR034694,patient_disjoint,2,1,glioma,0.00046034106868859357,0.9988627525699021,0.0006769063614093521,1,glioma,0.9988627525699021,919d6f0fb3ca462983d6df6ec06846e41abd9645
densenet121,A,2625,MR034694,patient_disjoint,2,1,glioma,0.00030752141132690456,0.9993099729130454,0.0003825056756277573,1,glioma,0.9993099729130454,919d6f0fb3ca462983d6df6ec06846e41abd9645
densenet121,A,2626,MR034694,patient_disjoint,2,1,glioma,0.0005956317949824362,0.9988395230337348,0.0005648451712829014,1,glioma,0.9988395230337348,919d6f0fb3ca462983d6df6ec06846e41abd9645
densenet121,A,2627,MR034694,patient_disjoint,2,1,glioma,0.0005080645773127167,0.9991006632687189,0.00039127215396852713,1,glioma,0.9991006632687189,919d6f0fb3ca462983d6df6ec06846e41abd9645
densenet121,A,2628,MR034694,patient_disjoint,2,1,glioma,0.000526121876675325,0.9990659476970188,0.00040793042630575126,1,glioma,0.9990659476970188,919d6f0fb3ca462983d6df6ec06846e41abd9645
densenet121,A,2629,MR034694,patient_disjoint,2,1,glioma,0.00016250570307828463,0.9997022858353124,0.00013520846160925895,1,glioma,0.9997022858353124,919d6f0fb3ca462983d6df6ec06846e41abd9645
densenet121,A,2630,MR034694,patient_disjoint,2,1,glioma,0.00017265064630514332,0.9994355537304996,0.00039179562319526575,1,glioma,0.9994355537304996,919d6f0fb3ca462983d6df6ec06846e41abd9645
densenet121,A,2646,MR053241C,patient_disjoint,2,1,glioma,0.0003531648330768555,0.9995390790252835,0.00010775614163963954,1,glioma,0.9995390790252835,919d6f0fb3ca462983d6df6ec06846e41abd9645
densenet121,A,2647,MR053241C,patient_disjoint,2,1,glioma,0.00043211129499239796,0.9992899915929327,0.00027789711207474145,1,glioma,0.9992899915929327,919d6f0fb3ca462983d6df6ec06846e41abd9645
densenet121,A,2648,MR053241C,patient_disjoint,2,1,glioma,0.0006940361190611621,0.9986637002464276,0.0006422636345112492,1,glioma,0.9986637002464276,919d6f0fb3ca462983d6df6ec06846e41abd9645
densenet121,A,2649,MR053241C,patient_disjoint,2,1,glioma,0.00037024807498534096,0.9988165568578158,0.0008131950671990473,1,glioma,0.9988165568578158,919d6f0fb3ca462983d6df6ec06846e41abd9645
densenet121,A,2678,MR031409B,patient_disjoint,2,1,glioma,0.00034310042916000706,0.999268767678437,0.00038813189240312893,1,glioma,0.999268767678437,919d6f0fb3ca462983d6df6ec06846e41abd9645
densenet121,A,2679,MR031409B,patient_disjoint,2,1,glioma,0.0005011228614146041,0.998852219292017,0.0006466578465683212,1,glioma,0.998852219292017,919d6f0fb3ca462983d6df6ec06846e41abd9645
densenet121,A,2688,MR032322C,patient_disjoint,2,1,glioma,0.0005246755469691326,0.9981076253048792,0.00136769914815161,1,glioma,0.9981076253048792,919d6f0fb3ca462983d6df6ec06846e41abd9645
densenet121,A,2689,MR032322C,patient_disjoint,2,1,glioma,0.0002023049807401121,0.9997580461341607,3.964888509910915e-05,1,glioma,0.9997580461341607,919d6f0fb3ca462983d6df6ec06846e41abd9645
densenet121,A,2690,MR032322C,patient_disjoint,2,1,glioma,0.0002771281881364216,0.9996868835698929,3.598824197060763e-05,1,glioma,0.9996868835698929,919d6f0fb3ca462983d6df6ec06846e41abd9645
densenet121,A,2691,MR032322C,patient_disjoint,2,1,glioma,0.000243453453347458,0.9997186892709314,3.785727572121523e-05,1,glioma,0.9997186892709314,919d6f0fb3ca462983d6df6ec06846e41abd9645
densenet121,A,2692,MR032322C,patient_disjoint,2,1,glioma,0.00011007296384792724,0.9998759338901774,1.3993145974726947e-05,1,glioma,0.9998759338901774,919d6f0fb3ca462983d6df6ec06846e41abd9645
densenet121,A,2693,MR032322C,patient_disjoint,2,1,glioma,0.005039708321361026,0.994902316910882,5.7974767757067676e-05,1,glioma,0.994902316910882,919d6f0fb3ca462983d6df6ec06846e41abd9645
densenet121,A,2694,MR032322C,patient_disjoint,2,1,glioma,0.0021944675775230587,0.9909262941840318,0.006879238238445067,1,glioma,0.9909262941840318,919d6f0fb3ca462983d6df6ec06846e41abd9645
densenet121,A,2695,MR032322C,patient_disjoint,2,1,glioma,0.0010039926219077156,0.9969598656809305,0.0020361416971617385,1,glioma,0.9969598656809305,919d6f0fb3ca462983d6df6ec06846e41abd9645
densenet121,A,2696,MR032322C,patient_disjoint,2,1,glioma,0.0007172511035799338,0.9983384958944821,0.000944253001938087,1,glioma,0.9983384958944821,919d6f0fb3ca462983d6df6ec06846e41abd9645
densenet121,A,2697,MR032322C,patient_disjoint,2,1,glioma,0.0003273954564420788,0.9989070225633108,0.0007655819802470939,1,glioma,0.9989070225633108,919d6f0fb3ca462983d6df6ec06846e41abd9645
densenet121,A,2698,MR032322C,patient_disjoint,2,1,glioma,0.0005141578026352886,0.9987743997827524,0.0007114424146123987,1,glioma,0.9987743997827524,919d6f0fb3ca462983d6df6ec06846e41abd9645
densenet121,A,2699,MR032322C,patient_disjoint,2,1,glioma,0.00024100356423379429,0.9993544642659611,0.0004045321698049863,1,glioma,0.9993544642659611,919d6f0fb3ca462983d6df6ec06846e41abd9645
densenet121,A,2700,MR032322C,patient_disjoint,2,1,glioma,0.0001415291719233024,0.9997158297586572,0.00014264106941944146,1,glioma,0.9997158297586572,919d6f0fb3ca462983d6df6ec06846e41abd9645
densenet121,A,2701,MR032322C,patient_disjoint,2,1,glioma,0.00015383586130934699,0.9997848336913704,6.133044732029333e-05,1,glioma,0.9997848336913704,919d6f0fb3ca462983d6df6ec06846e41abd9645
densenet121,A,2702,MR037458B,patient_disjoint,2,1,glioma,0.8662542568955817,0.13340470290804854,0.00034104019636974677,0,meningioma,0.8662542568955817,919d6f0fb3ca462983d6df6ec06846e41abd9645
densenet121,A,2703,MR037458B,patient_disjoint,2,1,glioma,0.15991918228710503,0.8399185379259778,0.00016227978691716095,1,glioma,0.8399185379259778,919d6f0fb3ca462983d6df6ec06846e41abd9645
densenet121,A,2704,MR037458B,patient_disjoint,2,1,glioma,0.013160874650167041,0.986669688693761,0.00016943665607184233,1,glioma,0.986669688693761,919d6f0fb3ca462983d6df6ec06846e41abd9645
densenet121,A,2705,MR037458B,patient_disjoint,2,1,glioma,0.17561764806011665,0.8240978505245189,0.0002845014153643771,1,glioma,0.8240978505245189,919d6f0fb3ca462983d6df6ec06846e41abd9645
densenet121,A,2706,MR037458B,patient_disjoint,2,1,glioma,0.27544838875016414,0.7244131629110264,0.00013844833880951134,1,glioma,0.7244131629110264,919d6f0fb3ca462983d6df6ec06846e41abd9645
densenet121,A,2707,MR037458B,patient_disjoint,2,1,glioma,0.7980765567262523,0.2016710544727633,0.0002523888009844287,0,meningioma,0.7980765567262523,919d6f0fb3ca462983d6df6ec06846e41abd9645
densenet121,A,2708,MR037458B,patient_disjoint,2,1,glioma,0.978644531054517,0.020554097741978784,0.000801371203504132,0,meningioma,0.978644531054517,919d6f0fb3ca462983d6df6ec06846e41abd9645
densenet121,A,2709,MR037458B,patient_disjoint,2,1,glioma,0.9831504744210363,0.016483634168743856,0.0003658914102198624,0,meningioma,0.9831504744210363,919d6f0fb3ca462983d6df6ec06846e41abd9645
densenet121,A,2714,MR039473B,patient_disjoint,2,1,glioma,9.799484270163404e-05,0.9998709063940826,3.109876321586889e-05,1,glioma,0.9998709063940826,919d6f0fb3ca462983d6df6ec06846e41abd9645
densenet121,A,2715,MR039473B,patient_disjoint,2,1,glioma,0.00023107663445779965,0.9995343365334972,0.00023458683204501742,1,glioma,0.9995343365334972,919d6f0fb3ca462983d6df6ec06846e41abd9645
densenet121,A,2716,MR039473B,patient_disjoint,2,1,glioma,0.0003968234253422429,0.9987525993872499,0.0008505771874076706,1,glioma,0.9987525993872499,919d6f0fb3ca462983d6df6ec06846e41abd9645
densenet121,A,2717,MR039473B,patient_disjoint,2,1,glioma,0.00010481001897617284,0.9997972475759692,9.794240505465784e-05,1,glioma,0.9997972475759692,919d6f0fb3ca462983d6df6ec06846e41abd9645
densenet121,A,2718,MR039473B,patient_disjoint,2,1,glioma,0.00021654142660967353,0.999377882621897,0.00040557595149330914,1,glioma,0.999377882621897,919d6f0fb3ca462983d6df6ec06846e41abd9645
densenet121,A,2719,MR039473B,patient_disjoint,2,1,glioma,0.0002875761327156761,0.9992004342060755,0.0005119896612087013,1,glioma,0.9992004342060755,919d6f0fb3ca462983d6df6ec06846e41abd9645
densenet121,A,2720,MR039473B,patient_disjoint,2,1,glioma,0.00014485899762557442,0.9995910516111839,0.0002640893911904923,1,glioma,0.9995910516111839,919d6f0fb3ca462983d6df6ec06846e41abd9645
densenet121,A,2721,MR039473B,patient_disjoint,2,1,glioma,0.00039263781069120025,0.998998928007763,0.0006084341815457687,1,glioma,0.998998928007763,919d6f0fb3ca462983d6df6ec06846e41abd9645
densenet121,A,2722,MR039473B,patient_disjoint,2,1,glioma,0.0007323031896541744,0.9979915053187439,0.0012761914916019437,1,glioma,0.9979915053187439,919d6f0fb3ca462983d6df6ec06846e41abd9645
densenet121,A,2748,MR031409B,patient_disjoint,2,1,glioma,0.0005294785658781588,0.9993305964826873,0.00013992495143459575,1,glioma,0.9993305964826873,919d6f0fb3ca462983d6df6ec06846e41abd9645
densenet121,A,2749,MR031409B,patient_disjoint,2,1,glioma,0.0028374802642125684,0.9927314003302069,0.004431119405580707,1,glioma,0.9927314003302069,919d6f0fb3ca462983d6df6ec06846e41abd9645
densenet121,A,2758,MR032322C,patient_disjoint,2,1,glioma,0.00016897417026740877,0.999765996543098,6.502928663479545e-05,1,glioma,0.999765996543098,919d6f0fb3ca462983d6df6ec06846e41abd9645
densenet121,A,2759,MR032322C,patient_disjoint,2,1,glioma,0.00020282710293797232,0.9997187161332893,7.845676377263808e-05,1,glioma,0.9997187161332893,919d6f0fb3ca462983d6df6ec06846e41abd9645
densenet121,A,2760,MR032322C,patient_disjoint,2,1,glioma,0.0012281347674739593,0.9979932168630297,0.0007786483694964168,1,glioma,0.9979932168630297,919d6f0fb3ca462983d6df6ec06846e41abd9645
densenet121,A,2761,MR032322C,patient_disjoint,2,1,glioma,0.0004355259132877231,0.9991267677539065,0.00043770633280592973,1,glioma,0.9991267677539065,919d6f0fb3ca462983d6df6ec06846e41abd9645
densenet121,A,2762,MR032322C,patient_disjoint,2,1,glioma,0.00027097809931819804,0.9995319055784064,0.00019711632227523856,1,glioma,0.9995319055784064,919d6f0fb3ca462983d6df6ec06846e41abd9645
densenet121,A,2763,MR032322C,patient_disjoint,2,1,glioma,0.0002850082715872243,0.9994807431899158,0.00023424853849701594,1,glioma,0.9994807431899158,919d6f0fb3ca462983d6df6ec06846e41abd9645
densenet121,A,2764,MR032322C,patient_disjoint,2,1,glioma,0.0007960743057655685,0.9981434681688929,0.0010604575253416728,1,glioma,0.9981434681688929,919d6f0fb3ca462983d6df6ec06846e41abd9645
densenet121,A,2765,MR032322C,patient_disjoint,2,1,glioma,0.0005692450093132602,0.9985235034568284,0.0009072515338584665,1,glioma,0.9985235034568284,919d6f0fb3ca462983d6df6ec06846e41abd9645
densenet121,A,2766,MR032322C,patient_disjoint,2,1,glioma,0.0004010705667827443,0.9990084872991403,0.0005904421340769675,1,glioma,0.9990084872991403,919d6f0fb3ca462983d6df6ec06846e41abd9645
densenet121,A,2767,MR032322C,patient_disjoint,2,1,glioma,0.0007223489026648633,0.998268807144897,0.0010088439524382194,1,glioma,0.998268807144897,919d6f0fb3ca462983d6df6ec06846e41abd9645
densenet121,A,2768,MR032322C,patient_disjoint,2,1,glioma,0.002091251517572956,0.9956294579353585,0.0022792905470685573,1,glioma,0.9956294579353585,919d6f0fb3ca462983d6df6ec06846e41abd9645
densenet121,A,2769,MR037458B,patient_disjoint,2,1,glioma,0.0261657868999319,0.9733497031551043,0.00048450994496383216,1,glioma,0.9733497031551043,919d6f0fb3ca462983d6df6ec06846e41abd9645
densenet121,A,2770,MR037458B,patient_disjoint,2,1,glioma,0.05818120822916161,0.9396958402053727,0.002122951565465669,1,glioma,0.9396958402053727,919d6f0fb3ca462983d6df6ec06846e41abd9645
densenet121,A,2771,MR037458B,patient_disjoint,2,1,glioma,0.00643685959774381,0.9931182325012693,0.00044490790098689075,1,glioma,0.9931182325012693,919d6f0fb3ca462983d6df6ec06846e41abd9645
densenet121,A,2772,MR037458B,patient_disjoint,2,1,glioma,0.09798406427744767,0.9012689953343825,0.0007469403881697681,1,glioma,0.9012689953343825,919d6f0fb3ca462983d6df6ec06846e41abd9645
densenet121,A,2773,MR037458B,patient_disjoint,2,1,glioma,0.9673866485660294,0.031623110616626676,0.00099024081734394,0,meningioma,0.9673866485660294,919d6f0fb3ca462983d6df6ec06846e41abd9645
densenet121,A,2780,MR039473B,patient_disjoint,2,1,glioma,0.00014876349548383243,0.9997537422916227,9.749421289340383e-05,1,glioma,0.9997537422916227,919d6f0fb3ca462983d6df6ec06846e41abd9645
densenet121,A,2781,MR039473B,patient_disjoint,2,1,glioma,0.0002445521759602746,0.9994571573965556,0.00029829042748410366,1,glioma,0.9994571573965556,919d6f0fb3ca462983d6df6ec06846e41abd9645
densenet121,A,2782,MR039473B,patient_disjoint,2,1,glioma,0.00019647646030154507,0.9992966448318545,0.0005068787078439008,1,glioma,0.9992966448318545,919d6f0fb3ca462983d6df6ec06846e41abd9645
densenet121,A,2783,MR039473B,patient_disjoint,2,1,glioma,0.0002802459363085122,0.9989104967556417,0.0008092573080498425,1,glioma,0.9989104967556417,919d6f0fb3ca462983d6df6ec06846e41abd9645
densenet121,A,2784,MR039473B,patient_disjoint,2,1,glioma,0.00034602531488522593,0.9972855300371435,0.002368444647971391,1,glioma,0.9972855300371435,919d6f0fb3ca462983d6df6ec06846e41abd9645
densenet121,A,2785,MR039473B,patient_disjoint,2,1,glioma,0.001219120421210258,0.9951609561692986,0.003619923409491111,1,glioma,0.9951609561692986,919d6f0fb3ca462983d6df6ec06846e41abd9645
densenet121,A,2786,MR039473B,patient_disjoint,2,1,glioma,0.0003274336877287787,0.9988493321664793,0.0008232341457918091,1,glioma,0.9988493321664793,919d6f0fb3ca462983d6df6ec06846e41abd9645
densenet121,A,2846,MR048994,patient_disjoint,2,1,glioma,0.008249251507250489,0.9912605012689228,0.0004902472238265897,1,glioma,0.9912605012689228,919d6f0fb3ca462983d6df6ec06846e41abd9645
densenet121,A,2847,MR048994,patient_disjoint,2,1,glioma,0.021161942416037586,0.9779863874462893,0.0008516701376731386,1,glioma,0.9779863874462893,919d6f0fb3ca462983d6df6ec06846e41abd9645
densenet121,A,2848,MR048994,patient_disjoint,2,1,glioma,0.005042895339425302,0.9945779794125887,0.00037912524798587225,1,glioma,0.9945779794125887,919d6f0fb3ca462983d6df6ec06846e41abd9645
densenet121,A,2849,MR048994,patient_disjoint,2,1,glioma,0.0006594100027171949,0.9992613423565491,7.924764073377993e-05,1,glioma,0.9992613423565491,919d6f0fb3ca462983d6df6ec06846e41abd9645
densenet121,A,2850,MR048994,patient_disjoint,2,1,glioma,0.001210873743434283,0.9987218833651492,6.724289141662535e-05,1,glioma,0.9987218833651492,919d6f0fb3ca462983d6df6ec06846e41abd9645
densenet121,A,2851,MR048994,patient_disjoint,2,1,glioma,0.004110565324181662,0.9957909353028462,9.849937297220864e-05,1,glioma,0.9957909353028462,919d6f0fb3ca462983d6df6ec06846e41abd9645
densenet121,A,2852,MR048994,patient_disjoint,2,1,glioma,0.0012016452641774836,0.9987558990551493,4.2455680673248586e-05,1,glioma,0.9987558990551493,919d6f0fb3ca462983d6df6ec06846e41abd9645
densenet121,A,2853,MR048994,patient_disjoint,2,1,glioma,0.0033988100449750557,0.9965198851933859,8.13047616391101e-05,1,glioma,0.9965198851933859,919d6f0fb3ca462983d6df6ec06846e41abd9645
densenet121,A,2876,MR049453,patient_disjoint,2,1,glioma,0.0009927012560050198,0.9965534103520551,0.0024538883919398083,1,glioma,0.9965534103520551,919d6f0fb3ca462983d6df6ec06846e41abd9645
densenet121,A,2877,MR049453,patient_disjoint,2,1,glioma,0.00045029535258372065,0.9984425194506708,0.0011071851967456652,1,glioma,0.9984425194506708,919d6f0fb3ca462983d6df6ec06846e41abd9645
densenet121,A,2878,MR049453,patient_disjoint,2,1,glioma,0.0004627461422546937,0.9983416536983389,0.0011956001594063098,1,glioma,0.9983416536983389,919d6f0fb3ca462983d6df6ec06846e41abd9645
densenet121,A,2879,MR049453,patient_disjoint,2,1,glioma,0.000447838098632313,0.9986865660544567,0.0008655958469110741,1,glioma,0.9986865660544567,919d6f0fb3ca462983d6df6ec06846e41abd9645
densenet121,A,2880,MR049453,patient_disjoint,2,1,glioma,0.00037527325993142504,0.999010240187643,0.0006144865524257025,1,glioma,0.999010240187643,919d6f0fb3ca462983d6df6ec06846e41abd9645
densenet121,A,2881,MR049453,patient_disjoint,2,1,glioma,0.0008779162036008488,0.9974140518308101,0.0017080319655890205,1,glioma,0.9974140518308101,919d6f0fb3ca462983d6df6ec06846e41abd9645
densenet121,A,2882,MR049453,patient_disjoint,2,1,glioma,0.00023249401657314273,0.9994791740511726,0.00028833193225436703,1,glioma,0.9994791740511726,919d6f0fb3ca462983d6df6ec06846e41abd9645
densenet121,A,2883,MR049453,patient_disjoint,2,1,glioma,0.00035358387112662193,0.9992890497324463,0.00035736639642726663,1,glioma,0.9992890497324463,919d6f0fb3ca462983d6df6ec06846e41abd9645
densenet121,A,2884,MR049453,patient_disjoint,2,1,glioma,0.0004703918182799976,0.9993565500576568,0.0001730581240632553,1,glioma,0.9993565500576568,919d6f0fb3ca462983d6df6ec06846e41abd9645
densenet121,A,2891,MR050135B,patient_disjoint,2,1,glioma,0.0006571724938690502,0.9989148059301677,0.0004280215759632583,1,glioma,0.9989148059301677,919d6f0fb3ca462983d6df6ec06846e41abd9645
densenet121,A,2892,MR050135B,patient_disjoint,2,1,glioma,0.00031372609969815117,0.9993222961441853,0.00036397775611646856,1,glioma,0.9993222961441853,919d6f0fb3ca462983d6df6ec06846e41abd9645
densenet121,A,2893,MR050135B,patient_disjoint,2,1,glioma,0.00021666312706385463,0.9996075103849155,0.00017582648802057934,1,glioma,0.9996075103849155,919d6f0fb3ca462983d6df6ec06846e41abd9645
densenet121,A,2894,MR050135B,patient_disjoint,2,1,glioma,0.0007608510089092707,0.9990854349657322,0.00015371402535853314,1,glioma,0.9990854349657322,919d6f0fb3ca462983d6df6ec06846e41abd9645
densenet121,A,2895,MR050135B,patient_disjoint,2,1,glioma,0.00035276424423049215,0.9994706325081643,0.0001766032476053563,1,glioma,0.9994706325081643,919d6f0fb3ca462983d6df6ec06846e41abd9645
densenet121,A,2896,MR050135B,patient_disjoint,2,1,glioma,0.00021196904015168965,0.9993873267241143,0.00040070423573396326,1,glioma,0.9993873267241143,919d6f0fb3ca462983d6df6ec06846e41abd9645
densenet121,A,2897,MR050135B,patient_disjoint,2,1,glioma,0.0011334542474699596,0.9976748207226326,0.0011917250298975027,1,glioma,0.9976748207226326,919d6f0fb3ca462983d6df6ec06846e41abd9645
densenet121,A,2898,MR050135B,patient_disjoint,2,1,glioma,0.0022235667225007296,0.9965682205206827,0.0012082127568164413,1,glioma,0.9965682205206827,919d6f0fb3ca462983d6df6ec06846e41abd9645
densenet121,A,2899,MR050135B,patient_disjoint,2,1,glioma,0.0010758390854784053,0.9971596617358187,0.001764499178703006,1,glioma,0.9971596617358187,919d6f0fb3ca462983d6df6ec06846e41abd9645
densenet121,A,2918,MR051461,patient_disjoint,2,1,glioma,0.0004925073596710692,0.9993683655116475,0.00013912712868133676,1,glioma,0.9993683655116475,919d6f0fb3ca462983d6df6ec06846e41abd9645
densenet121,A,2919,MR051461,patient_disjoint,2,1,glioma,0.00020283799566580665,0.9997275940383448,6.956796598942427e-05,1,glioma,0.9997275940383448,919d6f0fb3ca462983d6df6ec06846e41abd9645
densenet121,A,2920,MR051461,patient_disjoint,2,1,glioma,0.0019897628665756627,0.9976311262648827,0.0003791108685415291,1,glioma,0.9976311262648827,919d6f0fb3ca462983d6df6ec06846e41abd9645
densenet121,A,2921,MR051461,patient_disjoint,2,1,glioma,0.0014456657670527313,0.9981365503258859,0.0004177839070614004,1,glioma,0.9981365503258859,919d6f0fb3ca462983d6df6ec06846e41abd9645
densenet121,A,2922,MR051461,patient_disjoint,2,1,glioma,0.0012170550045147426,0.9985534543666628,0.00022949062882245976,1,glioma,0.9985534543666628,919d6f0fb3ca462983d6df6ec06846e41abd9645
densenet121,A,2923,MR051461,patient_disjoint,2,1,glioma,0.0008132397494634262,0.9990794836418849,0.00010727660865169111,1,glioma,0.9990794836418849,919d6f0fb3ca462983d6df6ec06846e41abd9645
densenet121,A,2924,MR051461,patient_disjoint,2,1,glioma,0.0009377577430079967,0.9990147891322857,4.745312470623405e-05,1,glioma,0.9990147891322857,919d6f0fb3ca462983d6df6ec06846e41abd9645
densenet121,A,3005,MR034694,patient_disjoint,2,1,glioma,0.001118818992948047,0.9859756533904463,0.01290552761660563,1,glioma,0.9859756533904463,919d6f0fb3ca462983d6df6ec06846e41abd9645
densenet121,A,3006,MR034694,patient_disjoint,2,1,glioma,0.001721774824237144,0.9764932193334643,0.02178500584229858,1,glioma,0.9764932193334643,919d6f0fb3ca462983d6df6ec06846e41abd9645
densenet121,A,3007,MR034694,patient_disjoint,2,1,glioma,0.0003233015093269709,0.9986691912455359,0.0010075072451372837,1,glioma,0.9986691912455359,919d6f0fb3ca462983d6df6ec06846e41abd9645
densenet121,A,3008,MR034694,patient_disjoint,2,1,glioma,0.0011405789409847378,0.9956049687587869,0.0032544523002283722,1,glioma,0.9956049687587869,919d6f0fb3ca462983d6df6ec06846e41abd9645
densenet121,A,3042,MR040240C,patient_disjoint,2,1,glioma,0.0013072654396808414,0.9978778858700026,0.000814848690316504,1,glioma,0.9978778858700026,919d6f0fb3ca462983d6df6ec06846e41abd9645
densenet121,A,3043,MR040240C,patient_disjoint,2,1,glioma,0.00038620287276448084,0.9994158443854397,0.0001979527417957608,1,glioma,0.9994158443854397,919d6f0fb3ca462983d6df6ec06846e41abd9645
densenet121,A,3044,MR040240C,patient_disjoint,2,1,glioma,0.0004967086804138969,0.9994496543868805,5.363693270574215e-05,1,glioma,0.9994496543868805,919d6f0fb3ca462983d6df6ec06846e41abd9645
densenet121,A,3045,MR040240C,patient_disjoint,2,1,glioma,0.001067644703388524,0.9988117403935033,0.00012061490310833223,1,glioma,0.9988117403935033,919d6f0fb3ca462983d6df6ec06846e41abd9645
densenet121,A,3046,MR040240C,patient_disjoint,2,1,glioma,0.0034856930139825545,0.9963955180889217,0.0001187888970959136,1,glioma,0.9963955180889217,919d6f0fb3ca462983d6df6ec06846e41abd9645
densenet121,A,3049,MR017260F,patient_disjoint,2,1,glioma,0.0014152352502631736,0.9984755102172441,0.00010925453249258477,1,glioma,0.9984755102172441,919d6f0fb3ca462983d6df6ec06846e41abd9645
densenet121,A,3050,MR017260F,patient_disjoint,2,1,glioma,0.005066806730923257,0.994448448288886,0.00048474498019086907,1,glioma,0.994448448288886,919d6f0fb3ca462983d6df6ec06846e41abd9645
densenet121,A,3051,MR017260F,patient_disjoint,2,1,glioma,0.0002931612228717569,0.9996690761379986,3.776263912957832e-05,1,glioma,0.9996690761379986,919d6f0fb3ca462983d6df6ec06846e41abd9645
densenet121,A,3052,MR017260F,patient_disjoint,2,1,glioma,0.00235155311988477,0.9975412698633975,0.00010717701671784238,1,glioma,0.9975412698633975,919d6f0fb3ca462983d6df6ec06846e41abd9645
densenet121,A,3053,MR017260F,patient_disjoint,2,1,glioma,0.0004069503439383251,0.9995519273897008,4.1122266360677144e-05,1,glioma,0.9995519273897008,919d6f0fb3ca462983d6df6ec06846e41abd9645
densenet121,A,3054,MR017260F,patient_disjoint,2,1,glioma,0.0001921484858041453,0.9997654574379005,4.2394076295437796e-05,1,glioma,0.9997654574379005,919d6f0fb3ca462983d6df6ec06846e41abd9645
densenet121,A,3055,MR017260F,patient_disjoint,2,1,glioma,0.0003272905949743359,0.9995853818372625,8.732756776309615e-05,1,glioma,0.9995853818372625,919d6f0fb3ca462983d6df6ec06846e41abd9645
densenet121,A,3063,95969,patient_disjoint,2,0,meningioma,0.42737971422284055,0.5690489082446093,0.003571377532550117,1,glioma,0.5690489082446093,919d6f0fb3ca462983d6df6ec06846e41abd9645
