model,arm,image_id,patient_id,protocol,test_fold,true_class,true_class_name,prob_0,prob_1,prob_2,pred_class,pred_class_name,confidence,experiment_input_commit
efficientnet_b0,A,32,102929,patient_disjoint,2,0,meningioma,0.9981562039583556,0.0003154294384636589,0.001528366603180792,0,meningioma,0.9981562039583556,919d6f0fb3ca462983d6df6ec06846e41abd9645
efficientnet_b0,A,33,102929,patient_disjoint,2,0,meningioma,0.9765303339400375,0.015170386042134202,0.008299280017828372,0,meningioma,0.9765303339400375,919d6f0fb3ca462983d6df6ec06846e41abd9645
efficientnet_b0,A,62,106284,patient_disjoint,2,0,meningioma,0.9841528359605923,0.0034596895699989497,0.012387474469408586,0,meningioma,0.9841528359605923,919d6f0fb3ca462983d6df6ec06846e41abd9645
efficientnet_b0,A,63,106284,patient_disjoint,2,0,meningioma,0.939934893531462,0.007176493182715922,0.05288861328582208,0,meningioma,0.939934893531462,919d6f0fb3ca462983d6df6ec06846e41abd9645
efficientnet_b0,A,64,106284,patient_disjoint,2,0,meningioma,0.9623002302795184,0.004916113256547043,0.03278365646393449,0,meningioma,0.9623002302795184,919d6f0fb3ca462983d6df6ec06846e41abd9645
efficientnet_b0,A,65,106284,patient_disjoint,2,0,meningioma,0.7070949761154285,0.010655025568650233,0.2822499983159213,0,meningioma,0.7070949761154285,919d6f0fb3ca462983d6df6ec06846e41abd9645
efficientnet_b0,A,66,106284,patient_disjoint,2,0,meningioma,0.9449263877919535,0.03337582907975247,0.021697783128293915,0,meningioma,0.9449263877919535,919d6f0fb3ca462983d6df6ec06846e41abd9645
efficientnet_b0,A,87,106914,patient_disjoint,2,0,meningioma,0.998620323459587,0.0006102072600426084,0.0007694692803704717,0,meningioma,0.998620323459587,919d6f0fb3ca462983d6df6ec06846e41abd9645
efficientnet_b0,A,88,106914,patient_disjoint,2,0,meningioma,0.9989365710383745,0.00038104617434001764,0.0006823827872854424,0,meningioma,0.9989365710383745,919d6f0fb3ca462983d6df6ec06846e41abd9645
efficientnet_b0,A,89,106914,patient_disjoint,2,0,meningioma,0.995749247692028,0.0010709776905460729,0.0031797746174260554,0,meningioma,0.995749247692028,919d6f0fb3ca462983d6df6ec06846e41abd9645
efficientnet_b0,A,90,106914,patient_disjoint,2,0,meningioma,0.04874034825302462,0.9503290848005888,0.00093056694638655,1,glioma,0.9503290848005888,919d6f0fb3ca462983d6df6ec06846e41abd9645
efficientnet_b0,A,125,111077,patient_disjoint,2,0,meningioma,0.17710425323527113,0.01188061469007883,0.8110151320746499,2,pituitary,0.8110151320746499,919d6f0fb3ca462983d6df6ec06846e41abd9645
efficientnet_b0,A,126,111077,patient_disjoint,2,0,meningioma,0.9932074032687866,0.005382590509078291,0.00141000622213507,0,meningioma,0.9932074032687866,919d6f0fb3ca462983d6df6ec06846e41abd9645
efficientnet_b0,A,127,111077,patient_disjoint,2,0,meningioma,0.951385716963732,0.033788447335225194,0.014825835701042973,0,meningioma,0.951385716963732,919d6f0fb3ca462983d6df6ec06846e41abd9645
efficientnet_b0,A,135,112002,patient_disjoint,2,0,meningioma,0.1799850993625258,0.8059183785455013,0.014096522091972923,1,glioma,0.8059183785455013,919d6f0fb3ca462983d6df6ec06846e41abd9645
efficientnet_b0,A,136,112002,patient_disjoint,2,0,meningioma,0.10532067358497856,0.8894598434801682,0.005219482934853111,1,glioma,0.8894598434801682,919d6f0fb3ca462983d6df6ec06846e41abd9645
efficientnet_b0,A,137,112002,patient_disjoint,2,0,meningioma,0.02484825369769186,0.9662244771288171,0.008927269173491108,1,glioma,0.9662244771288171,919d6f0fb3ca462983d6df6ec06846e41abd9645
efficientnet_b0,A,138,112002,patient_disjoint,2,0,meningioma,0.38108152415194535,0.5939266578142468,0.024991818033807716,1,glioma,0.5939266578142468,919d6f0fb3ca462983d6df6ec06846e41abd9645
efficientnet_b0,A,144,112552,patient_disjoint,2,0,meningioma,0.35178601097984846,0.4804581897936371,0.16775579922651443,1,glioma,0.4804581897936371,919d6f0fb3ca462983d6df6ec06846e41abd9645
efficientnet_b0,A,145,112552,patient_disjoint,2,0,meningioma,0.9111161449052269,0.04599263402742975,0.042891221067343235,0,meningioma,0.9111161449052269,919d6f0fb3ca462983d6df6ec06846e41abd9645
efficientnet_b0,A,146,112552,patient_disjoint,2,0,meningioma,0.6528266224297513,0.31265478513496975,0.034518592435278925,0,meningioma,0.6528266224297513,919d6f0fb3ca462983d6df6ec06846e41abd9645
efficientnet_b0,A,147,112552,patient_disjoint,2,0,meningioma,0.9751396445307295,0.01804018727392602,0.006820168195344324,0,meningioma,0.9751396445307295,919d6f0fb3ca462983d6df6ec06846e41abd9645
efficientnet_b0,A,148,112552,patient_disjoint,2,0,meningioma,0.8683582197864137,0.11636033788690679,0.015281442326679611,0,meningioma,0.8683582197864137,919d6f0fb3ca462983d6df6ec06846e41abd9645
efficientnet_b0,A,149,112552,patient_disjoint,2,0,meningioma,0.9258042709369275,0.05523526248865019,0.01896046657442237,0,meningioma,0.9258042709369275,919d6f0fb3ca462983d6df6ec06846e41abd9645
efficientnet_b0,A,150,112552,patient_disjoint,2,0,meningioma,0.4671023910604616,0.53096948491301,0.00192812402652843,1,glioma,0.53096948491301,919d6f0fb3ca462983d6df6ec06846e41abd9645
efficientnet_b0,A,163,113805,patient_disjoint,2,0,meningioma,0.9039500453428413,0.09085164374725087,0.005198310909907919,0,meningioma,0.9039500453428413,919d6f0fb3ca462983d6df6ec06846e41abd9645
efficientnet_b0,A,164,114018,patient_disjoint,2,0,meningioma,0.9627198219795228,0.004339289995912899,0.032940888024564276,0,meningioma,0.9627198219795228,919d6f0fb3ca462983d6df6ec06846e41abd9645
efficientnet_b0,A,165,114018,patient_disjoint,2,0,meningioma,0.9115722021992217,0.00742991856755717,0.08099787923322095,0,meningioma,0.9115722021992217,919d6f0fb3ca462983d6df6ec06846e41abd9645
efficientnet_b0,A,166,114018,patient_disjoint,2,0,meningioma,0.9912787648835727,0.000527326016956549,0.008193909099470834,0,meningioma,0.9912787648835727,919d6f0fb3ca462983d6df6ec06846e41abd9645
efficientnet_b0,A,167,114018,patient_disjoint,2,0,meningioma,0.999549885800042,9.126913907126965e-06,0.00044098728605067197,0,meningioma,0.999549885800042,919d6f0fb3ca462983d6df6ec06846e41abd9645
efficientnet_b0,A,168,114018,patient_disjoint,2,0,meningioma,0.9995122428983999,2.2156067039319845e-05,0.0004656010345606026,0,meningioma,0.9995122428983999,919d6f0fb3ca462983d6df6ec06846e41abd9645
efficientnet_b0,A,169,114359,patient_disjoint,2,0,meningioma,0.9674480357967797,0.03237254403933715,0.000179420163883117,0,meningioma,0.9674480357967797,919d6f0fb3ca462983d6df6ec06846e41abd9645
efficientnet_b0,A,170,114359,patient_disjoint,2,0,meningioma,0.9077584277229228,0.09183937333942978,0.00040219893764734035,0,meningioma,0.9077584277229228,919d6f0fb3ca462983d6df6ec06846e41abd9645
efficientnet_b0,A,171,114359,patient_disjoint,2,0,meningioma,0.9082611181891417,0.09141338365557308,0.00032549815528524226,0,meningioma,0.9082611181891417,919d6f0fb3ca462983d6df6ec06846e41abd9645
efficientnet_b0,A,172,114359,patient_disjoint,2,0,meningioma,0.283113876474472,0.7159000394600056,0.0009860840655224368,1,glioma,0.7159000394600056,919d6f0fb3ca462983d6df6ec06846e41abd9645
efficientnet_b0,A,173,114359,patient_disjoint,2,0,meningioma,0.9979908232773097,0.0017009680893352033,0.0003082086333550819,0,meningioma,0.9979908232773097,919d6f0fb3ca462983d6df6ec06846e41abd9645
efficientnet_b0,A,174,114359,patient_disjoint,2,0,meningioma,0.9272405895875723,0.07141048735979365,0.0013489230526341003,0,meningioma,0.9272405895875723,919d6f0fb3ca462983d6df6ec06846e41abd9645
efficientnet_b0,A,192,98241,patient_disjoint,2,0,meningioma,0.9360817390863815,0.06176530754575583,0.002152953367862536,0,meningioma,0.9360817390863815,919d6f0fb3ca462983d6df6ec06846e41abd9645
efficientnet_b0,A,193,98241,patient_disjoint,2,0,meningioma,0.8955367497563176,0.06653611358819563,0.03792713665548689,0,meningioma,0.8955367497563176,919d6f0fb3ca462983d6df6ec06846e41abd9645
efficientnet_b0,A,194,98241,patient_disjoint,2,0,meningioma,0.9992411579414708,0.0001782133685752152,0.0005806286899539963,0,meningioma,0.9992411579414708,919d6f0fb3ca462983d6df6ec06846e41abd9645
efficientnet_b0,A,195,98241,patient_disjoint,2,0,meningioma,0.9703625045947042,0.0012549248894037092,0.028382570515892224,0,meningioma,0.9703625045947042,919d6f0fb3ca462983d6df6ec06846e41abd9645
efficientnet_b0,A,196,98241,patient_disjoint,2,0,meningioma,0.9927011537718443,0.0021792367737238955,0.005119609454431658,0,meningioma,0.9927011537718443,919d6f0fb3ca462983d6df6ec06846e41abd9645
efficientnet_b0,A,197,98241,patient_disjoint,2,0,meningioma,0.99581869817501,0.003006583461930974,0.0011747183630589542,0,meningioma,0.99581869817501,919d6f0fb3ca462983d6df6ec06846e41abd9645
efficientnet_b0,A,203,99288,patient_disjoint,2,0,meningioma,0.9788349725188111,0.019026894973964096,0.002138132507224816,0,meningioma,0.9788349725188111,919d6f0fb3ca462983d6df6ec06846e41abd9645
efficientnet_b0,A,204,99308,patient_disjoint,2,0,meningioma,0.9617691129992936,0.03737044522052342,0.0008604417801830415,0,meningioma,0.9617691129992936,919d6f0fb3ca462983d6df6ec06846e41abd9645
efficientnet_b0,A,205,99308,patient_disjoint,2,0,meningioma,0.6867884699902161,0.30699010386023684,0.006221426149547011,0,meningioma,0.6867884699902161,919d6f0fb3ca462983d6df6ec06846e41abd9645
efficientnet_b0,A,206,99308,patient_disjoint,2,0,meningioma,0.994890731205376,0.004895791444242653,0.00021347735038123052,0,meningioma,0.994890731205376,919d6f0fb3ca462983d6df6ec06846e41abd9645
efficientnet_b0,A,207,99308,patient_disjoint,2,0,meningioma,0.9924819792372429,0.006726992692368857,0.0007910280703883398,0,meningioma,0.9924819792372429,919d6f0fb3ca462983d6df6ec06846e41abd9645
efficientnet_b0,A,208,99308,patient_disjoint,2,0,meningioma,0.9968476733807057,0.0025619866674099776,0.0005903399518843692,0,meningioma,0.9968476733807057,919d6f0fb3ca462983d6df6ec06846e41abd9645
efficientnet_b0,A,246,102929,patient_disjoint,2,0,meningioma,0.03637988905055317,0.0014457875566603095,0.9621743233927864,2,pituitary,0.9621743233927864,919d6f0fb3ca462983d6df6ec06846e41abd9645
efficientnet_b0,A,247,102929,patient_disjoint,2,0,meningioma,0.7401457675559743,0.0012773083504782293,0.25857692409354754,0,meningioma,0.7401457675559743,919d6f0fb3ca462983d6df6ec06846e41abd9645
efficientnet_b0,A,248,102929,patient_disjoint,2,0,meningioma,0.5329812161311124,0.007464889012849207,0.4595538948560384,0,meningioma,0.5329812161311124,919d6f0fb3ca462983d6df6ec06846e41abd9645
efficientnet_b0,A,249,102929,patient_disjoint,2,0,meningioma,0.10559931845143591,0.0018757386404029985,0.8925249429081611,2,pituitary,0.8925249429081611,919d6f0fb3ca462983d6df6ec06846e41abd9645
efficientnet_b0,A,250,102929,patient_disjoint,2,0,meningioma,0.3517340521032521,0.006673509796822817,0.6415924380999252,2,pituitary,0.6415924380999252,919d6f0fb3ca462983d6df6ec06846e41abd9645
efficientnet_b0,A,251,102929,patient_disjoint,2,0,meningioma,0.09741042044905139,0.005888727082546126,0.8967008524684025,2,pituitary,0.8967008524684025,919d6f0fb3ca462983d6df6ec06846e41abd9645
efficientnet_b0,A,290,106284,patient_disjoint,2,0,meningioma,0.7957568206871977,0.08425202657689128,0.11999115273591109,0,meningioma,0.7957568206871977,919d6f0fb3ca462983d6df6ec06846e41abd9645
efficientnet_b0,A,291,106284,patient_disjoint,2,0,meningioma,0.9449359351351279,0.032006623227523186,0.02305744163734899,0,meningioma,0.9449359351351279,919d6f0fb3ca462983d6df6ec06846e41abd9645
efficientnet_b0,A,292,106284,patient_disjoint,2,0,meningioma,0.9544850002453206,0.009395326717368487,0.03611967303731109,0,meningioma,0.9544850002453206,919d6f0fb3ca462983d6df6ec06846e41abd9645
efficientnet_b0,A,293,106284,patient_disjoint,2,0,meningioma,0.37003287730178697,0.3583797292957229,0.2715873934024901,0,meningioma,0.37003287730178697,919d6f0fb3ca462983d6df6ec06846e41abd9645
efficientnet_b0,A,311,106914,patient_disjoint,2,0,meningioma,0.9918336513731705,0.007660790124787554,0.0005055585020421038,0,meningioma,0.9918336513731705,919d6f0fb3ca462983d6df6ec06846e41abd9645
efficientnet_b0,A,312,106914,patient_disjoint,2,0,meningioma,0.9978918285291086,0.0015649573332941358,0.0005432141375971819,0,meningioma,0.9978918285291086,919d6f0fb3ca462983d6df6ec06846e41abd9645
efficientnet_b0,A,313,106914,patient_disjoint,2,0,meningioma,0.9975884869911725,0.0017430955348540303,0.0006684174739735417,0,meningioma,0.9975884869911725,919d6f0fb3ca462983d6df6ec06846e41abd9645
efficientnet_b0,A,314,106914,patient_disjoint,2,0,meningioma,0.9995590182864013,0.0003119776054811819,0.00012900410811745395,0,meningioma,0.9995590182864013,919d6f0fb3ca462983d6df6ec06846e41abd9645
efficientnet_b0,A,349,111077,patient_disjoint,2,0,meningioma,0.9848577099742315,0.0024345844931607102,0.012707705532607725,0,meningioma,0.9848577099742315,919d6f0fb3ca462983d6df6ec06846e41abd9645
efficientnet_b0,A,350,111077,patient_disjoint,2,0,meningioma,0.9883881034140487,0.0003580870172068451,0.011253809568744508,0,meningioma,0.9883881034140487,919d6f0fb3ca462983d6df6ec06846e41abd9645
efficientnet_b0,A,351,111077,patient_disjoint,2,0,meningioma,0.9987523272453966,0.00035233065495355654,0.0008953420996498999,0,meningioma,0.9987523272453966,919d6f0fb3ca462983d6df6ec06846e41abd9645
efficientnet_b0,A,352,111077,patient_disjoint,2,0,meningioma,0.9850491674100027,0.00027578487537859985,0.014675047714618646,0,meningioma,0.9850491674100027,919d6f0fb3ca462983d6df6ec06846e41abd9645
efficientnet_b0,A,362,112002,patient_disjoint,2,0,meningioma,0.3801074820463957,0.5439504510931887,0.07594206686041546,1,glioma,0.5439504510931887,919d6f0fb3ca462983d6df6ec06846e41abd9645
efficientnet_b0,A,363,112002,patient_disjoint,2,0,meningioma,0.11035690584462043,0.8789952017077796,0.010647892447600012,1,glioma,0.8789952017077796,919d6f0fb3ca462983d6df6ec06846e41abd9645
efficientnet_b0,A,364,112002,patient_disjoint,2,0,meningioma,0.0018459585124554517,0.9968599941633687,0.0012940473241758368,1,glioma,0.9968599941633687,919d6f0fb3ca462983d6df6ec06846e41abd9645
efficientnet_b0,A,365,112002,patient_disjoint,2,0,meningioma,0.01952205476910851,0.949133584710517,0.03134436052037446,1,glioma,0.949133584710517,919d6f0fb3ca462983d6df6ec06846e41abd9645
efficientnet_b0,A,372,112552,patient_disjoint,2,0,meningioma,0.9756412176580688,0.023519896586562797,0.0008388857553685444,0,meningioma,0.9756412176580688,919d6f0fb3ca462983d6df6ec06846e41abd9645
efficientnet_b0,A,373,112552,patient_disjoint,2,0,meningioma,0.7437559718201293,0.2543625764912598,0.001881451688610909,0,meningioma,0.7437559718201293,919d6f0fb3ca462983d6df6ec06846e41abd9645
efficientnet_b0,A,374,112552,patient_disjoint,2,0,meningioma,0.9953272889835916,0.0038577497269617635,0.0008149612894468134,0,meningioma,0.9953272889835916,919d6f0fb3ca462983d6df6ec06846e41abd9645
efficientnet_b0,A,375,112552,patient_disjoint,2,0,meningioma,0.9974669305982166,0.0013651075270872137,0.0011679618746963183,0,meningioma,0.9974669305982166,919d6f0fb3ca462983d6df6ec06846e41abd9645
efficientnet_b0,A,376,112552,patient_disjoint,2,0,meningioma,0.9595189609917536,0.03206371014589008,0.008417328862356271,0,meningioma,0.9595189609917536,919d6f0fb3ca462983d6df6ec06846e41abd9645
efficientnet_b0,A,377,112552,patient_disjoint,2,0,meningioma,0.5111219793407563,0.47596473409740614,0.012913286561837555,0,meningioma,0.5111219793407563,919d6f0fb3ca462983d6df6ec06846e41abd9645
efficientnet_b0,A,378,112552,patient_disjoint,2,0,meningioma,0.9813833712214476,0.016790934433568955,0.0018256943449833868,0,meningioma,0.9813833712214476,919d6f0fb3ca462983d6df6ec06846e41abd9645
efficientnet_b0,A,393,113805,patient_disjoint,2,0,meningioma,0.9089933982858284,0.09057685528839662,0.0004297464257750953,0,meningioma,0.9089933982858284,919d6f0fb3ca462983d6df6ec06846e41abd9645
efficientnet_b0,A,394,113805,patient_disjoint,2,0,meningioma,0.9979491159891163,0.001921424446246641,0.0001294595646370878,0,meningioma,0.9979491159891163,919d6f0fb3ca462983d6df6ec06846e41abd9645
efficientnet_b0,A,395,114018,patient_disjoint,2,0,meningioma,0.935216640405878,0.015099371284171928,0.049683988309950064,0,meningioma,0.935216640405878,919d6f0fb3ca462983d6df6ec06846e41abd9645
efficientnet_b0,A,396,114018,patient_disjoint,2,0,meningioma,0.5895302546967363,0.001253921072228797,0.4092158242310349,0,meningioma,0.5895302546967363,919d6f0fb3ca462983d6df6ec06846e41abd9645
efficientnet_b0,A,397,114018,patient_disjoint,2,0,meningioma,0.9831275650756973,0.0005343066470169312,0.016338128277285785,0,meningioma,0.9831275650756973,919d6f0fb3ca462983d6df6ec06846e41abd9645
efficientnet_b0,A,398,114018,patient_disjoint,2,0,meningioma,0.9706851204066479,0.006241775638758254,0.02307310395459388,0,meningioma,0.9706851204066479,919d6f0fb3ca462983d6df6ec06846e41abd9645
efficientnet_b0,A,399,114359,patient_disjoint,2,0,meningioma,0.7468290444375693,0.2529042000955116,0.00026675546691902995,0,meningioma,0.7468290444375693,919d6f0fb3ca462983d6df6ec06846e41abd9645
efficientnet_b0,A,400,114359,patient_disjoint,2,0,meningioma,0.9891809919398504,0.010566485700515743,0.0002525223596338974,0,meningioma,0.9891809919398504,919d6f0fb3ca462983d6df6ec06846e41abd9645
efficientnet_b0,A,401,114359,patient_disjoint,2,0,meningioma,0.9921472000794967,0.007671351201819035,0.00018144871868417528,0,meningioma,0.9921472000794967,919d6f0fb3ca462983d6df6ec06846e41abd9645
efficientnet_b0,A,402,114359,patient_disjoint,2,0,meningioma,0.9986658742114985,0.000859079490767448,0.0004750462977339818,0,meningioma,0.9986658742114985,919d6f0fb3ca462983d6df6ec06846e41abd9645
efficientnet_b0,A,403,114359,patient_disjoint,2,0,meningioma,0.9964624510854788,0.003452532510025244,8.50164044959832e-05,0,meningioma,0.9964624510854788,919d6f0fb3ca462983d6df6ec06846e41abd9645
efficientnet_b0,A,404,114359,patient_disjoint,2,0,meningioma,0.8730254690482006,0.12337928300326238,0.003595247948537132,0,meningioma,0.8730254690482006,919d6f0fb3ca462983d6df6ec06846e41abd9645
efficientnet_b0,A,423,98241,patient_disjoint,2,0,meningioma,0.9904507647376591,0.005076529032922034,0.004472706229418735,0,meningioma,0.9904507647376591,919d6f0fb3ca462983d6df6ec06846e41abd9645
efficientnet_b0,A,424,98241,patient_disjoint,2,0,meningioma,0.8813807477870833,0.026442987888843177,0.0921762643240735,0,meningioma,0.8813807477870833,919d6f0fb3ca462983d6df6ec06846e41abd9645
efficientnet_b0,A,425,98241,patient_disjoint,2,0,meningioma,0.9949176446242152,0.0035722876405581997,0.0015100677352265777,0,meningioma,0.9949176446242152,919d6f0fb3ca462983d6df6ec06846e41abd9645
efficientnet_b0,A,426,98241,patient_disjoint,2,0,meningioma,0.9977025879875753,0.0009009294894631231,0.0013964825229616355,0,meningioma,0.9977025879875753,919d6f0fb3ca462983d6df6ec06846e41abd9645
efficientnet_b0,A,427,98241,patient_disjoint,2,0,meningioma,0.995764406690181,0.001089240917889357,0.0031463523919295897,0,meningioma,0.995764406690181,919d6f0fb3ca462983d6df6ec06846e41abd9645
efficientnet_b0,A,428,98241,patient_disjoint,2,0,meningioma,0.9861074833822797,0.008796261532084472,0.0050962550856357884,0,meningioma,0.9861074833822797,919d6f0fb3ca462983d6df6ec06846e41abd9645
efficientnet_b0,A,429,98241,patient_disjoint,2,0,meningioma,0.9541606239429132,0.03925720803067619,0.006582168026410544,0,meningioma,0.9541606239429132,919d6f0fb3ca462983d6df6ec06846e41abd9645
efficientnet_b0,A,437,99288,patient_disjoint,2,0,meningioma,0.9680840989136177,0.02625396691292642,0.00566193417345584,0,meningioma,0.9680840989136177,919d6f0fb3ca462983d6df6ec06846e41abd9645
efficientnet_b0,A,438,99308,patient_disjoint,2,0,meningioma,0.8900613033611261,0.10885134965614485,0.0010873469827289248,0,meningioma,0.8900613033611261,919d6f0fb3ca462983d6df6ec06846e41abd9645
efficientnet_b0,A,439,99308,patient_disjoint,2,0,meningioma,0.9899259771293687,0.006308860165114674,0.0037651627055167395,0,meningioma,0.9899259771293687,919d6f0fb3ca462983d6df6ec06846e41abd9645
efficientnet_b0,A,440,99308,patient_disjoint,2,0,meningioma,0.8863046127605072,0.08261451284632876,0.031080874393164076,0,meningioma,0.8863046127605072,919d6f0fb3ca462983d6df6ec06846e41abd9645
efficientnet_b0,A,441,99308,patient_disjoint,2,0,meningioma,0.9321452979600224,0.06393263179817946,0.00392207024179827,0,meningioma,0.9321452979600224,919d6f0fb3ca462983d6df6ec06846e41abd9645
efficientnet_b0,A,485,102818,patient_disjoint,2,0,meningioma,0.9954924011049627,0.00399248604178447,0.0005151128532528892,0,meningioma,0.9954924011049627,919d6f0fb3ca462983d6df6ec06846e41abd9645
efficientnet_b0,A,486,102818,patient_disjoint,2,0,meningioma,0.8672849871524054,0.12459446077224824,0.008120552075346427,0,meningioma,0.8672849871524054,919d6f0fb3ca462983d6df6ec06846e41abd9645
efficientnet_b0,A,487,102818,patient_disjoint,2,0,meningioma,0.9031336842144457,0.05302104939483872,0.04384526639071547,0,meningioma,0.9031336842144457,919d6f0fb3ca462983d6df6ec06846e41abd9645
efficientnet_b0,A,488,102818,patient_disjoint,2,0,meningioma,0.7764806133087955,0.13728893081428617,0.08623045587691845,0,meningioma,0.7764806133087955,919d6f0fb3ca462983d6df6ec06846e41abd9645
efficientnet_b0,A,523,106284,patient_disjoint,2,0,meningioma,0.9713159038083159,0.0020131439002216357,0.026670952291462553,0,meningioma,0.9713159038083159,919d6f0fb3ca462983d6df6ec06846e41abd9645
efficientnet_b0,A,524,106284,patient_disjoint,2,0,meningioma,0.9937446461299401,0.0002769329631908326,0.00597842090686913,0,meningioma,0.9937446461299401,919d6f0fb3ca462983d6df6ec06846e41abd9645
efficientnet_b0,A,525,106284,patient_disjoint,2,0,meningioma,0.9147826326365517,0.0022420030853708434,0.08297536427807727,0,meningioma,0.9147826326365517,919d6f0fb3ca462983d6df6ec06846e41abd9645
efficientnet_b0,A,526,106284,patient_disjoint,2,0,meningioma,0.7584120769473315,0.12182628415415613,0.11976163889851231,0,meningioma,0.7584120769473315,919d6f0fb3ca462983d6df6ec06846e41abd9645
efficientnet_b0,A,543,106914,patient_disjoint,2,0,meningioma,0.9468363071912126,0.03190443052118378,0.021259262287603626,0,meningioma,0.9468363071912126,919d6f0fb3ca462983d6df6ec06846e41abd9645
efficientnet_b0,A,544,106914,patient_disjoint,2,0,meningioma,0.9295192621570114,0.04787774394688675,0.022602993896101962,0,meningioma,0.9295192621570114,919d6f0fb3ca462983d6df6ec06846e41abd9645
efficientnet_b0,A,545,106914,patient_disjoint,2,0,meningioma,0.9919621950162864,0.007103826673834753,0.0009339783098787718,0,meningioma,0.9919621950162864,919d6f0fb3ca462983d6df6ec06846e41abd9645
efficientnet_b0,A,546,106914,patient_disjoint,2,0,meningioma,0.999474456104837,0.0004356170226776323,8.992687248537664e-05,0,meningioma,0.999474456104837,919d6f0fb3ca462983d6df6ec06846e41abd9645
efficientnet_b0,A,547,106914,patient_disjoint,2,0,meningioma,0.9996515166946357,0.00026109722286211424,8.73860825022588e-05,0,meningioma,0.9996515166946357,919d6f0fb3ca462983d6df6ec06846e41abd9645
efficientnet_b0,A,548,106914,patient_disjoint,2,0,meningioma,0.998959222089347,0.000852014508522217,0.00018876340213074526,0,meningioma,0.998959222089347,919d6f0fb3ca462983d6df6ec06846e41abd9645
efficientnet_b0,A,549,106914,patient_disjoint,2,0,meningioma,0.9966046032098496,0.002718097802701209,0.000677298987449155,0,meningioma,0.9966046032098496,919d6f0fb3ca462983d6df6ec06846e41abd9645
efficientnet_b0,A,560,107946,patient_disjoint,2,0,meningioma,0.5462047647677616,0.44993698211701433,0.003858253115224168,0,meningioma,0.5462047647677616,919d6f0fb3ca462983d6df6ec06846e41abd9645
efficientnet_b0,A,561,107946,patient_disjoint,2,0,meningioma,0.26776448489613636,0.7292659790309318,0.0029695360729318685,1,glioma,0.7292659790309318,919d6f0fb3ca462983d6df6ec06846e41abd9645
efficientnet_b0,A,562,107946,patient_disjoint,2,0,meningioma,0.01448251154770764,0.9853670927093992,0.0001503957428931582,1,glioma,0.9853670927093992,919d6f0fb3ca462983d6df6ec06846e41abd9645
efficientnet_b0,A,563,107946,patient_disjoint,2,0,meningioma,0.020968320862256005,0.9774826378326005,0.0015490413051435627,1,glioma,0.9774826378326005,919d6f0fb3ca462983d6df6ec06846e41abd9645
efficientnet_b0,A,586,111077,patient_disjoint,2,0,meningioma,0.9987233213157879,0.00092523949100155,0.0003514391932105274,0,meningioma,0.9987233213157879,919d6f0fb3ca462983d6df6ec06846e41abd9645
efficientnet_b0,A,587,111077,patient_disjoint,2,0,meningioma,0.9825481914987015,0.0003424013868898037,0.01710940711440858,0,meningioma,0.9825481914987015,919d6f0fb3ca462983d6df6ec06846e41abd9645
efficientnet_b0,A,588,111077,patient_disjoint,2,0,meningioma,0.999087368697095,0.0005721363270712912,0.00034049497583368913,0,meningioma,0.999087368697095,919d6f0fb3ca462983d6df6ec06846e41abd9645
efficientnet_b0,A,599,112002,patient_disjoint,2,0,meningioma,0.025785911096528648,0.9712461102588111,0.0029679786446602965,1,glioma,0.9712461102588111,919d6f0fb3ca462983d6df6ec06846e41abd9645
efficientnet_b0,A,600,112002,patient_disjoint,2,0,meningioma,0.005234394619175648,0.9934269484814963,0.0013386568993281162,1,glioma,0.9934269484814963,919d6f0fb3ca462983d6df6ec06846e41abd9645
efficientnet_b0,A,601,112002,patient_disjoint,2,0,meningioma,0.17717599438745749,0.815037641690227,0.0077863639223155565,1,glioma,0.815037641690227,919d6f0fb3ca462983d6df6ec06846e41abd9645
efficientnet_b0,A,602,112002,patient_disjoint,2,0,meningioma,0.21044799121253238,0.7227218506399085,0.06683015814755923,1,glioma,0.7227218506399085,919d6f0fb3ca462983d6df6ec06846e41abd9645
efficientnet_b0,A,608,112552,patient_disjoint,2,0,meningioma,0.7625510865441505,0.21771577150596616,0.019733141949883442,0,meningioma,0.7625510865441505,919d6f0fb3ca462983d6df6ec06846e41abd9645
efficientnet_b0,A,609,112552,patient_disjoint,2,0,meningioma,0.5973581658781396,0.39036107891532357,0.012280755206536776,0,meningioma,0.5973581658781396,919d6f0fb3ca462983d6df6ec06846e41abd9645
efficientnet_b0,A,610,112552,patient_disjoint,2,0,meningioma,0.9563612662117101,0.03206448334489709,0.011574250443392917,0,meningioma,0.9563612662117101,919d6f0fb3ca462983d6df6ec06846e41abd9645
efficientnet_b0,A,611,112552,patient_disjoint,2,0,meningioma,0.9659545381669551,0.03214041972974471,0.0019050421033003034,0,meningioma,0.9659545381669551,919d6f0fb3ca462983d6df6ec06846e41abd9645
efficientnet_b0,A,612,112552,patient_disjoint,2,0,meningioma,0.9987240685101215,0.0011022129913968298,0.00017371849848162952,0,meningioma,0.9987240685101215,919d6f0fb3ca462983d6df6ec06846e41abd9645
efficientnet_b0,A,613,112552,patient_disjoint,2,0,meningioma,0.99920650832763,0.0007252820847010467,6.820958766900418e-05,0,meningioma,0.99920650832763,919d6f0fb3ca462983d6df6ec06846e41abd9645
efficientnet_b0,A,614,112552,patient_disjoint,2,0,meningioma,0.9970404735404639,0.0027947619279631727,0.0001647645315729922,0,meningioma,0.9970404735404639,919d6f0fb3ca462983d6df6ec06846e41abd9645
efficientnet_b0,A,639,113805,patient_disjoint,2,0,meningioma,0.9787344455415802,0.02099619046457538,0.00026936399384429414,0,meningioma,0.9787344455415802,919d6f0fb3ca462983d6df6ec06846e41abd9645
efficientnet_b0,A,642,114018,patient_disjoint,2,0,meningioma,0.9911403142284154,0.0008177024168038763,0.008041983354780766,0,meningioma,0.9911403142284154,919d6f0fb3ca462983d6df6ec06846e41abd9645
efficientnet_b0,A,643,114018,patient_disjoint,2,0,meningioma,0.997476895594849,0.00015340314784275674,0.002369701257308285,0,meningioma,0.997476895594849,919d6f0fb3ca462983d6df6ec06846e41abd9645
efficientnet_b0,A,644,114018,patient_disjoint,2,0,meningioma,0.9919070939400537,7.699362136885082e-05,0.008015912438577338,0,meningioma,0.9919070939400537,919d6f0fb3ca462983d6df6ec06846e41abd9645
efficientnet_b0,A,645,114018,patient_disjoint,2,0,meningioma,0.9986002994904359,7.247884690401223e-05,0.001327221662660142,0,meningioma,0.9986002994904359,919d6f0fb3ca462983d6df6ec06846e41abd9645
efficientnet_b0,A,646,114018,patient_disjoint,2,0,meningioma,0.9918296422411781,0.00011730971664639624,0.008053048042175477,0,meningioma,0.9918296422411781,919d6f0fb3ca462983d6df6ec06846e41abd9645
efficientnet_b0,A,647,114018,patient_disjoint,2,0,meningioma,0.9752301177164963,0.0010348886634153382,0.02373499362008846,0,meningioma,0.9752301177164963,919d6f0fb3ca462983d6df6ec06846e41abd9645
efficientnet_b0,A,648,114359,patient_disjoint,2,0,meningioma,0.9802710632130617,0.01938078404003535,0.00034815274690295285,0,meningioma,0.9802710632130617,919d6f0fb3ca462983d6df6ec06846e41abd9645
efficientnet_b0,A,649,114359,patient_disjoint,2,0,meningioma,0.9877742674550902,0.011901817578094975,0.0003239149668147902,0,meningioma,0.9877742674550902,919d6f0fb3ca462983d6df6ec06846e41abd9645
efficientnet_b0,A,650,114359,patient_disjoint,2,0,meningioma,0.9975280095376937,0.0023651949802701187,0.00010679548203604363,0,meningioma,0.9975280095376937,919d6f0fb3ca462983d6df6ec06846e41abd9645
efficientnet_b0,A,651,114359,patient_disjoint,2,0,meningioma,0.9848533639457575,0.014950547147591144,0.00019608890665133492,0,meningioma,0.9848533639457575,919d6f0fb3ca462983d6df6ec06846e41abd9645
efficientnet_b0,A,652,114359,patient_disjoint,2,0,meningioma,0.9809312735727731,0.01847653580251295,0.0005921906247139104,0,meningioma,0.9809312735727731,919d6f0fb3ca462983d6df6ec06846e41abd9645
efficientnet_b0,A,653,114359,patient_disjoint,2,0,meningioma,0.9934412606979388,0.004871567629205239,0.0016871716728558603,0,meningioma,0.9934412606979388,919d6f0fb3ca462983d6df6ec06846e41abd9645
efficientnet_b0,A,654,114359,patient_disjoint,2,0,meningioma,0.9106892961616905,0.08586097132219629,0.0034497325161131163,0,meningioma,0.9106892961616905,919d6f0fb3ca462983d6df6ec06846e41abd9645
efficientnet_b0,A,655,114417,patient_disjoint,2,0,meningioma,0.9639180665862832,0.03557520988588414,0.0005067235278326791,0,meningioma,0.9639180665862832,919d6f0fb3ca462983d6df6ec06846e41abd9645
efficientnet_b0,A,656,114417,patient_disjoint,2,0,meningioma,0.9780967397310412,0.020486774476972905,0.001416485791985869,0,meningioma,0.9780967397310412,919d6f0fb3ca462983d6df6ec06846e41abd9645
efficientnet_b0,A,657,114417,patient_disjoint,2,0,meningioma,0.8349843678552763,0.13677225140634483,0.028243380738378808,0,meningioma,0.8349843678552763,919d6f0fb3ca462983d6df6ec06846e41abd9645
efficientnet_b0,A,658,114417,patient_disjoint,2,0,meningioma,0.7357671713560643,0.2497945440240882,0.01443828461984745,0,meningioma,0.7357671713560643,919d6f0fb3ca462983d6df6ec06846e41abd9645
efficientnet_b0,A,680,98241,patient_disjoint,2,0,meningioma,0.9996587581004593,0.0002545534640458098,8.668843549486526e-05,0,meningioma,0.9996587581004593,919d6f0fb3ca462983d6df6ec06846e41abd9645
efficientnet_b0,A,681,98241,patient_disjoint,2,0,meningioma,0.9994537802241009,0.000327350978513329,0.00021886879738582045,0,meningioma,0.9994537802241009,919d6f0fb3ca462983d6df6ec06846e41abd9645
efficientnet_b0,A,682,98241,patient_disjoint,2,0,meningioma,0.9989353475333649,0.0008001637879414202,0.000264488678693804,0,meningioma,0.9989353475333649,919d6f0fb3ca462983d6df6ec06846e41abd9645
efficientnet_b0,A,683,98241,patient_disjoint,2,0,meningioma,0.9955734487924327,0.0021856740427105784,0.002240877164856548,0,meningioma,0.9955734487924327,919d6f0fb3ca462983d6df6ec06846e41abd9645
efficientnet_b0,A,684,98241,patient_disjoint,2,0,meningioma,0.9829443857222898,0.00884149111370857,0.008214123164001634,0,meningioma,0.9829443857222898,919d6f0fb3ca462983d6df6ec06846e41abd9645
efficientnet_b0,A,685,98241,patient_disjoint,2,0,meningioma,0.8766337326216416,0.09248368987852362,0.030882577499834744,0,meningioma,0.8766337326216416,919d6f0fb3ca462983d6df6ec06846e41abd9645
efficientnet_b0,A,696,99288,patient_disjoint,2,0,meningioma,0.6630304046288562,0.3072936324511894,0.029675962919954335,0,meningioma,0.6630304046288562,919d6f0fb3ca462983d6df6ec06846e41abd9645
efficientnet_b0,A,697,99308,patient_disjoint,2,0,meningioma,0.6692303492662173,0.3244345296825656,0.006335121051217124,0,meningioma,0.6692303492662173,919d6f0fb3ca462983d6df6ec06846e41abd9645
efficientnet_b0,A,698,99308,patient_disjoint,2,0,meningioma,0.45279441446310204,0.47926472198038794,0.06794086355651004,1,glioma,0.47926472198038794,919d6f0fb3ca462983d6df6ec06846e41abd9645
efficientnet_b0,A,699,99308,patient_disjoint,2,0,meningioma,0.9870657815877377,0.010742089526610706,0.002192128885651533,0,meningioma,0.9870657815877377,919d6f0fb3ca462983d6df6ec06846e41abd9645
efficientnet_b0,A,700,99308,patient_disjoint,2,0,meningioma,0.9902293366860606,0.009026034866140587,0.0007446284477986826,0,meningioma,0.9902293366860606,919d6f0fb3ca462983d6df6ec06846e41abd9645
efficientnet_b0,A,701,99308,patient_disjoint,2,0,meningioma,0.9518079452229364,0.04803799382770553,0.00015406094935809875,0,meningioma,0.9518079452229364,919d6f0fb3ca462983d6df6ec06846e41abd9645
efficientnet_b0,A,702,99308,patient_disjoint,2,0,meningioma,0.9981971070879724,0.0016832102163074512,0.00011968269572026042,0,meningioma,0.9981971070879724,919d6f0fb3ca462983d6df6ec06846e41abd9645
efficientnet_b0,A,799,90284,patient_disjoint,2,1,glioma,7.856928162858524e-05,0.9997024852733041,0.0002189454450672546,1,glioma,0.9997024852733041,919d6f0fb3ca462983d6df6ec06846e41abd9645
efficientnet_b0,A,800,90284,patient_disjoint,2,1,glioma,0.0014545768013565358,0.9860078049974538,0.01253761820118972,1,glioma,0.9860078049974538,919d6f0fb3ca462983d6df6ec06846e41abd9645
efficientnet_b0,A,801,90284,patient_disjoint,2,1,glioma,0.0015341229340695044,0.9820365452069433,0.01642933185898722,1,glioma,0.9820365452069433,919d6f0fb3ca462983d6df6ec06846e41abd9645
efficientnet_b0,A,802,90284,patient_disjoint,2,1,glioma,0.1492010435370778,0.7092696284374563,0.14152932802546572,1,glioma,0.7092696284374563,919d6f0fb3ca462983d6df6ec06846e41abd9645
efficientnet_b0,A,803,90284,patient_disjoint,2,1,glioma,0.005230707302709761,0.9183949745676153,0.07637431812967511,1,glioma,0.9183949745676153,919d6f0fb3ca462983d6df6ec06846e41abd9645
efficientnet_b0,A,804,90284,patient_disjoint,2,1,glioma,0.0055659131872816126,0.45008334957971846,0.5443507372329999,2,pituitary,0.5443507372329999,919d6f0fb3ca462983d6df6ec06846e41abd9645
efficientnet_b0,A,805,90284,patient_disjoint,2,1,glioma,0.0003040755174727464,0.9977184969918143,0.0019774274907130617,1,glioma,0.9977184969918143,919d6f0fb3ca462983d6df6ec06846e41abd9645
efficientnet_b0,A,806,90284,patient_disjoint,2,1,glioma,0.0003168439549128322,0.9958732568635331,0.0038098991815540013,1,glioma,0.9958732568635331,919d6f0fb3ca462983d6df6ec06846e41abd9645
efficientnet_b0,A,812,97609,patient_disjoint,2,1,glioma,0.0006309864243391717,0.9993271311964101,4.1882379250683446e-05,1,glioma,0.9993271311964101,919d6f0fb3ca462983d6df6ec06846e41abd9645
efficientnet_b0,A,813,97609,patient_disjoint,2,1,glioma,0.0002676170341076552,0.9996927279929464,3.9654972945893675e-05,1,glioma,0.9996927279929464,919d6f0fb3ca462983d6df6ec06846e41abd9645
efficientnet_b0,A,814,97609,patient_disjoint,2,1,glioma,3.6435839307307234e-05,0.9999581963615586,5.367799134068094e-06,1,glioma,0.9999581963615586,919d6f0fb3ca462983d6df6ec06846e41abd9645
efficientnet_b0,A,815,97609,patient_disjoint,2,1,glioma,0.001731712913614953,0.9980286844404517,0.00023960264593337116,1,glioma,0.9980286844404517,919d6f0fb3ca462983d6df6ec06846e41abd9645
efficientnet_b0,A,816,97609,patient_disjoint,2,1,glioma,2.542501138353086e-05,0.9999616877959464,1.2887192670041644e-05,1,glioma,0.9999616877959464,919d6f0fb3ca462983d6df6ec06846e41abd9645
efficientnet_b0,A,817,97609,patient_disjoint,2,1,glioma,0.016641288312925544,0.9830094950356411,0.00034921665143341693,1,glioma,0.9830094950356411,919d6f0fb3ca462983d6df6ec06846e41abd9645
efficientnet_b0,A,844,105653,patient_disjoint,2,1,glioma,0.5669989613969656,0.416988619852848,0.016012418750186455,0,meningioma,0.5669989613969656,919d6f0fb3ca462983d6df6ec06846e41abd9645
efficientnet_b0,A,845,105653,patient_disjoint,2,1,glioma,0.9060466458112462,0.02396088650218978,0.06999246768656402,0,meningioma,0.9060466458112462,919d6f0fb3ca462983d6df6ec06846e41abd9645
efficientnet_b0,A,870,90284,patient_disjoint,2,1,glioma,0.014047618563393668,0.9823534944885086,0.0035988869480978367,1,glioma,0.9823534944885086,919d6f0fb3ca462983d6df6ec06846e41abd9645
efficientnet_b0,A,871,90284,patient_disjoint,2,1,glioma,0.08339342364502174,0.60622134271496,0.31038523364001824,1,glioma,0.60622134271496,919d6f0fb3ca462983d6df6ec06846e41abd9645
efficientnet_b0,A,872,90284,patient_disjoint,2,1,glioma,5.4532492818133747e-05,0.999911048340545,3.4419166636911765e-05,1,glioma,0.999911048340545,919d6f0fb3ca462983d6df6ec06846e41abd9645
efficientnet_b0,A,873,90284,patient_disjoint,2,1,glioma,0.10698799724099364,0.8396373182237524,0.053374684535253986,1,glioma,0.8396373182237524,919d6f0fb3ca462983d6df6ec06846e41abd9645
efficientnet_b0,A,874,90284,patient_disjoint,2,1,glioma,0.44788104857201844,0.36179117313161613,0.19032777829636535,0,meningioma,0.44788104857201844,919d6f0fb3ca462983d6df6ec06846e41abd9645
efficientnet_b0,A,875,90284,patient_disjoint,2,1,glioma,0.005133280252008851,0.9834679983110325,0.011398721436958721,1,glioma,0.9834679983110325,919d6f0fb3ca462983d6df6ec06846e41abd9645
efficientnet_b0,A,876,90284,patient_disjoint,2,1,glioma,0.00021895045468080961,0.9974787872893078,0.0023022622560115134,1,glioma,0.9974787872893078,919d6f0fb3ca462983d6df6ec06846e41abd9645
efficientnet_b0,A,877,90284,patient_disjoint,2,1,glioma,0.00014004999986496283,0.9990937238113771,0.0007662261887581181,1,glioma,0.9990937238113771,919d6f0fb3ca462983d6df6ec06846e41abd9645
efficientnet_b0,A,878,90284,patient_disjoint,2,1,glioma,0.0004072922442091372,0.9973141566040657,0.002278551151725209,1,glioma,0.9973141566040657,919d6f0fb3ca462983d6df6ec06846e41abd9645
efficientnet_b0,A,879,90284,patient_disjoint,2,1,glioma,0.00018371574007973844,0.9995490042890888,0.0002672799708315383,1,glioma,0.9995490042890888,919d6f0fb3ca462983d6df6ec06846e41abd9645
efficientnet_b0,A,880,90284,patient_disjoint,2,1,glioma,0.0016984060946697696,0.9976476034465126,0.0006539904588175442,1,glioma,0.9976476034465126,919d6f0fb3ca462983d6df6ec06846e41abd9645
efficientnet_b0,A,895,95142,patient_disjoint,2,1,glioma,0.02202294795931828,0.9683774217515712,0.009599630289110364,1,glioma,0.9683774217515712,919d6f0fb3ca462983d6df6ec06846e41abd9645
efficientnet_b0,A,896,95142,patient_disjoint,2,1,glioma,0.24226070527507101,0.07997702078829076,0.6777622739366381,2,pituitary,0.6777622739366381,919d6f0fb3ca462983d6df6ec06846e41abd9645
efficientnet_b0,A,897,95142,patient_disjoint,2,1,glioma,0.20377839733065786,0.7714604162017021,0.024761186467640018,1,glioma,0.7714604162017021,919d6f0fb3ca462983d6df6ec06846e41abd9645
efficientnet_b0,A,898,95142,patient_disjoint,2,1,glioma,0.0016421404732571356,0.9960224133080807,0.0023354462186622213,1,glioma,0.9960224133080807,919d6f0fb3ca462983d6df6ec06846e41abd9645
efficientnet_b0,A,899,95142,patient_disjoint,2,1,glioma,0.001898884151952248,0.9966740571712294,0.0014270586768184627,1,glioma,0.9966740571712294,919d6f0fb3ca462983d6df6ec06846e41abd9645
efficientnet_b0,A,900,95142,patient_disjoint,2,1,glioma,0.0018368557516365747,0.9975825234331073,0.0005806208152561926,1,glioma,0.9975825234331073,919d6f0fb3ca462983d6df6ec06846e41abd9645
efficientnet_b0,A,901,95142,patient_disjoint,2,1,glioma,0.00621714317074147,0.992835716144231,0.0009471406850274732,1,glioma,0.992835716144231,919d6f0fb3ca462983d6df6ec06846e41abd9645
efficientnet_b0,A,902,95142,patient_disjoint,2,1,glioma,0.02473731840370882,0.9733682113555285,0.0018944702407627768,1,glioma,0.9733682113555285,919d6f0fb3ca462983d6df6ec06846e41abd9645
efficientnet_b0,A,903,95142,patient_disjoint,2,1,glioma,0.021419554141514356,0.9751254907268351,0.003454955131650624,1,glioma,0.9751254907268351,919d6f0fb3ca462983d6df6ec06846e41abd9645
efficientnet_b0,A,908,97609,patient_disjoint,2,1,glioma,2.4495296231226115e-05,0.9999701771960373,5.327507731479462e-06,1,glioma,0.9999701771960373,919d6f0fb3ca462983d6df6ec06846e41abd9645
efficientnet_b0,A,909,97609,patient_disjoint,2,1,glioma,0.0002478699936937343,0.9997331827894977,1.8947216808699916e-05,1,glioma,0.9997331827894977,919d6f0fb3ca462983d6df6ec06846e41abd9645
efficientnet_b0,A,910,97609,patient_disjoint,2,1,glioma,0.006277498872526965,0.9933961584951989,0.0003263426322740889,1,glioma,0.9933961584951989,919d6f0fb3ca462983d6df6ec06846e41abd9645
efficientnet_b0,A,911,97609,patient_disjoint,2,1,glioma,0.00023025651259751546,0.9997167479133258,5.299557407658494e-05,1,glioma,0.9997167479133258,919d6f0fb3ca462983d6df6ec06846e41abd9645
efficientnet_b0,A,912,98889,patient_disjoint,2,1,glioma,4.0457062703854705e-05,0.9999507447063185,8.798230977570105e-06,1,glioma,0.9999507447063185,919d6f0fb3ca462983d6df6ec06846e41abd9645
efficientnet_b0,A,913,98889,patient_disjoint,2,1,glioma,0.00017666626133571491,0.9997793404954236,4.3993243240638606e-05,1,glioma,0.9997793404954236,919d6f0fb3ca462983d6df6ec06846e41abd9645
efficientnet_b0,A,914,98889,patient_disjoint,2,1,glioma,0.0004064972389640267,0.9994664709172518,0.00012703184378412853,1,glioma,0.9994664709172518,919d6f0fb3ca462983d6df6ec06846e41abd9645
efficientnet_b0,A,915,98889,patient_disjoint,2,1,glioma,0.0027301089846816316,0.9970699873576275,0.0001999036576907655,1,glioma,0.9970699873576275,919d6f0fb3ca462983d6df6ec06846e41abd9645
efficientnet_b0,A,916,98889,patient_disjoint,2,1,glioma,0.0004694924296646958,0.9993510268837984,0.00017948068653690307,1,glioma,0.9993510268837984,919d6f0fb3ca462983d6df6ec06846e41abd9645
efficientnet_b0,A,917,98889,patient_disjoint,2,1,glioma,0.06350486278284716,0.9353216574857779,0.0011734797313748685,1,glioma,0.9353216574857779,919d6f0fb3ca462983d6df6ec06846e41abd9645
efficientnet_b0,A,962,109769,patient_disjoint,2,2,pituitary,0.0014553907385570818,0.00010387160734505891,0.9984407376540978,2,pituitary,0.9984407376540978,919d6f0fb3ca462983d6df6ec06846e41abd9645
efficientnet_b0,A,963,109769,patient_disjoint,2,2,pituitary,0.00208018924191035,0.00011595452545155485,0.9978038562326381,2,pituitary,0.9978038562326381,919d6f0fb3ca462983d6df6ec06846e41abd9645
efficientnet_b0,A,964,109769,patient_disjoint,2,2,pituitary,0.0006769906583577301,0.00018675574949495163,0.9991362535921473,2,pituitary,0.9991362535921473,919d6f0fb3ca462983d6df6ec06846e41abd9645
efficientnet_b0,A,965,109769,patient_disjoint,2,2,pituitary,0.00047815324431486927,0.0001819922054841631,0.999339854550201,2,pituitary,0.999339854550201,919d6f0fb3ca462983d6df6ec06846e41abd9645
efficientnet_b0,A,972,110518,patient_disjoint,2,2,pituitary,0.8609186332925162,0.003484219807510462,0.1355971468999734,0,meningioma,0.8609186332925162,919d6f0fb3ca462983d6df6ec06846e41abd9645
efficientnet_b0,A,973,110518,patient_disjoint,2,2,pituitary,0.8131513986414363,0.006309956009003845,0.18053864534955974,0,meningioma,0.8131513986414363,919d6f0fb3ca462983d6df6ec06846e41abd9645
efficientnet_b0,A,980,111075,patient_disjoint,2,2,pituitary,0.010533352591980209,0.005513823036612033,0.9839528243714077,2,pituitary,0.9839528243714077,919d6f0fb3ca462983d6df6ec06846e41abd9645
efficientnet_b0,A,981,111075,patient_disjoint,2,2,pituitary,0.003007936727558877,0.000668256592390969,0.9963238066800502,2,pituitary,0.9963238066800502,919d6f0fb3ca462983d6df6ec06846e41abd9645
efficientnet_b0,A,982,111075,patient_disjoint,2,2,pituitary,0.0011376961059100777,0.00025175407600876946,0.9986105498180813,2,pituitary,0.9986105498180813,919d6f0fb3ca462983d6df6ec06846e41abd9645
efficientnet_b0,A,983,111075,patient_disjoint,2,2,pituitary,0.0008243855543954422,9.544031690843958e-05,0.9990801741286961,2,pituitary,0.9990801741286961,919d6f0fb3ca462983d6df6ec06846e41abd9645
efficientnet_b0,A,984,111075,patient_disjoint,2,2,pituitary,0.004217321497014913,8.036491789619775e-05,0.9957023135850888,2,pituitary,0.9957023135850888,919d6f0fb3ca462983d6df6ec06846e41abd9645
efficientnet_b0,A,985,111075,patient_disjoint,2,2,pituitary,0.0023364176052572024,0.0003573661586039312,0.9973062162361388,2,pituitary,0.9973062162361388,919d6f0fb3ca462983d6df6ec06846e41abd9645
efficientnet_b0,A,1025,101017,patient_disjoint,2,2,pituitary,0.0009631311734363133,0.00011129883931124998,0.9989255699872526,2,pituitary,0.9989255699872526,919d6f0fb3ca462983d6df6ec06846e41abd9645
efficientnet_b0,A,1026,101017,patient_disjoint,2,2,pituitary,0.000192171854276016,3.3058657463333566e-05,0.9997747694882607,2,pituitary,0.9997747694882607,919d6f0fb3ca462983d6df6ec06846e41abd9645
efficientnet_b0,A,1027,101017,patient_disjoint,2,2,pituitary,0.00017617370807703587,1.2123470171737617e-05,0.9998117028217511,2,pituitary,0.9998117028217511,919d6f0fb3ca462983d6df6ec06846e41abd9645
efficientnet_b0,A,1028,101017,patient_disjoint,2,2,pituitary,0.0003741867304174158,2.2296531474858838e-05,0.9996035167381077,2,pituitary,0.9996035167381077,919d6f0fb3ca462983d6df6ec06846e41abd9645
efficientnet_b0,A,1029,101017,patient_disjoint,2,2,pituitary,0.000360579242151743,0.00012502704253046975,0.9995143937153178,2,pituitary,0.9995143937153178,919d6f0fb3ca462983d6df6ec06846e41abd9645
efficientnet_b0,A,1083,109769,patient_disjoint,2,2,pituitary,0.0007636128528974728,0.00015273674907949824,0.9990836503980229,2,pituitary,0.9990836503980229,919d6f0fb3ca462983d6df6ec06846e41abd9645
efficientnet_b0,A,1084,109769,patient_disjoint,2,2,pituitary,0.000837459030289636,0.00010136279807001143,0.9990611781716403,2,pituitary,0.9990611781716403,919d6f0fb3ca462983d6df6ec06846e41abd9645
efficientnet_b0,A,1085,109769,patient_disjoint,2,2,pituitary,0.001804979457505642,0.00019101660233278097,0.9980040039401616,2,pituitary,0.9980040039401616,919d6f0fb3ca462983d6df6ec06846e41abd9645
efficientnet_b0,A,1086,109769,patient_disjoint,2,2,pituitary,0.0014472441903455716,6.275711610064755e-05,0.9984899986935539,2,pituitary,0.9984899986935539,919d6f0fb3ca462983d6df6ec06846e41abd9645
efficientnet_b0,A,1087,109769,patient_disjoint,2,2,pituitary,0.0028384452570746803,0.0009640841531996152,0.9961974705897257,2,pituitary,0.9961974705897257,919d6f0fb3ca462983d6df6ec06846e41abd9645
efficientnet_b0,A,1094,110518,patient_disjoint,2,2,pituitary,0.0001357996453711512,0.00022551669602974427,0.9996386836585991,2,pituitary,0.9996386836585991,919d6f0fb3ca462983d6df6ec06846e41abd9645
efficientnet_b0,A,1095,110518,patient_disjoint,2,2,pituitary,0.0002433430567193691,2.518821518241555e-05,0.9997314687280981,2,pituitary,0.9997314687280981,919d6f0fb3ca462983d6df6ec06846e41abd9645
efficientnet_b0,A,1096,110518,patient_disjoint,2,2,pituitary,0.0002580245129474686,0.00011863177431367356,0.999623343712739,2,pituitary,0.999623343712739,919d6f0fb3ca462983d6df6ec06846e41abd9645
efficientnet_b0,A,1097,110518,patient_disjoint,2,2,pituitary,0.00018620902861727463,1.2627928084258114e-05,0.9998011630432985,2,pituitary,0.9998011630432985,919d6f0fb3ca462983d6df6ec06846e41abd9645
efficientnet_b0,A,1098,110518,patient_disjoint,2,2,pituitary,0.0001449397665961063,3.091187198586469e-05,0.999824148361418,2,pituitary,0.999824148361418,919d6f0fb3ca462983d6df6ec06846e41abd9645
efficientnet_b0,A,1099,110518,patient_disjoint,2,2,pituitary,0.00013364870771472167,2.1142238124960537e-05,0.9998452090541602,2,pituitary,0.9998452090541602,919d6f0fb3ca462983d6df6ec06846e41abd9645
efficientnet_b0,A,1112,111075,patient_disjoint,2,2,pituitary,0.00013298814006796207,6.733929519153215e-05,0.9997996725647404,2,pituitary,0.9997996725647404,919d6f0fb3ca462983d6df6ec06846e41abd9645
efficientnet_b0,A,1113,111075,patient_disjoint,2,2,pituitary,3.882293235623133e-05,2.799202523809929e-05,0.9999331850424057,2,pituitary,0.9999331850424057,919d6f0fb3ca462983d6df6ec06846e41abd9645
efficientnet_b0,A,1114,111075,patient_disjoint,2,2,pituitary,0.00018806839733544008,6.773371585957118e-05,0.999744197886805,2,pituitary,0.999744197886805,919d6f0fb3ca462983d6df6ec06846e41abd9645
efficientnet_b0,A,1115,111075,patient_disjoint,2,2,pituitary,0.00014328725573720005,4.626677200655902e-05,0.9998104459722562,2,pituitary,0.9998104459722562,919d6f0fb3ca462983d6df6ec06846e41abd9645
efficientnet_b0,A,1116,111075,patient_disjoint,2,2,pituitary,7.388706639064974e-05,2.712592145652928e-05,0.999898987012153,2,pituitary,0.999898987012153,919d6f0fb3ca462983d6df6ec06846e41abd9645
efficientnet_b0,A,1117,111075,patient_disjoint,2,2,pituitary,0.00208802611231909,0.002776849835493837,0.9951351240521872,2,pituitary,0.9951351240521872,919d6f0fb3ca462983d6df6ec06846e41abd9645
efficientnet_b0,A,1214,109769,patient_disjoint,2,2,pituitary,0.0006658279751059967,3.5099891424027005e-05,0.99929907213347,2,pituitary,0.99929907213347,919d6f0fb3ca462983d6df6ec06846e41abd9645
efficientnet_b0,A,1215,109769,patient_disjoint,2,2,pituitary,0.0014067017788779678,0.00010946345629704368,0.998483834764825,2,pituitary,0.998483834764825,919d6f0fb3ca462983d6df6ec06846e41abd9645
efficientnet_b0,A,1216,109769,patient_disjoint,2,2,pituitary,0.0016051123645229224,0.00023131216581934844,0.9981635754696577,2,pituitary,0.9981635754696577,919d6f0fb3ca462983d6df6ec06846e41abd9645
efficientnet_b0,A,1217,109769,patient_disjoint,2,2,pituitary,0.0008620366270486023,4.784588145243889e-05,0.999090117491499,2,pituitary,0.999090117491499,919d6f0fb3ca462983d6df6ec06846e41abd9645
efficientnet_b0,A,1218,109769,patient_disjoint,2,2,pituitary,0.006270008811893645,0.00019964286427554714,0.9935303483238307,2,pituitary,0.9935303483238307,919d6f0fb3ca462983d6df6ec06846e41abd9645
efficientnet_b0,A,1222,110518,patient_disjoint,2,2,pituitary,0.0001678312867175663,0.00011198741554602229,0.9997201812977365,2,pituitary,0.9997201812977365,919d6f0fb3ca462983d6df6ec06846e41abd9645
efficientnet_b0,A,1223,110518,patient_disjoint,2,2,pituitary,0.001115805970721217,2.042336270875901e-05,0.99886377066657,2,pituitary,0.99886377066657,919d6f0fb3ca462983d6df6ec06846e41abd9645
efficientnet_b0,A,1224,110518,patient_disjoint,2,2,pituitary,0.00016962858097132127,6.711280836258275e-05,0.9997632586106662,2,pituitary,0.9997632586106662,919d6f0fb3ca462983d6df6ec06846e41abd9645
efficientnet_b0,A,1225,110518,patient_disjoint,2,2,pituitary,0.00010569422084230155,8.330162408475471e-05,0.9998110041550728,2,pituitary,0.9998110041550728,919d6f0fb3ca462983d6df6ec06846e41abd9645
efficientnet_b0,A,1233,111075,patient_disjoint,2,2,pituitary,0.0010126729113754782,0.00012954426644901622,0.9988577828221754,2,pituitary,0.9988577828221754,919d6f0fb3ca462983d6df6ec06846e41abd9645
efficientnet_b0,A,1234,111075,patient_disjoint,2,2,pituitary,0.0033881006691539573,0.0007529518910451322,0.9958589474398009,2,pituitary,0.9958589474398009,919d6f0fb3ca462983d6df6ec06846e41abd9645
efficientnet_b0,A,1235,111075,patient_disjoint,2,2,pituitary,0.00029480121440123274,1.1041279604735628e-05,0.9996941575059941,2,pituitary,0.9996941575059941,919d6f0fb3ca462983d6df6ec06846e41abd9645
efficientnet_b0,A,1236,111075,patient_disjoint,2,2,pituitary,0.0018628274967477138,0.0001444237989680049,0.9979927487042842,2,pituitary,0.9979927487042842,919d6f0fb3ca462983d6df6ec06846e41abd9645
efficientnet_b0,A,1237,111075,patient_disjoint,2,2,pituitary,0.0035156412650908,0.0004616100999862738,0.9960227486349229,2,pituitary,0.9960227486349229,919d6f0fb3ca462983d6df6ec06846e41abd9645
efficientnet_b0,A,1285,101145,patient_disjoint,2,2,pituitary,0.0013479904362015886,5.396523816228645e-05,0.9985980443256361,2,pituitary,0.9985980443256361,919d6f0fb3ca462983d6df6ec06846e41abd9645
efficientnet_b0,A,1286,101145,patient_disjoint,2,2,pituitary,0.003105283625532182,0.00010760562423738347,0.9967871107502304,2,pituitary,0.9967871107502304,919d6f0fb3ca462983d6df6ec06846e41abd9645
efficientnet_b0,A,1287,101145,patient_disjoint,2,2,pituitary,0.0005247698883854566,1.7987680053118597e-05,0.9994572424315613,2,pituitary,0.9994572424315613,919d6f0fb3ca462983d6df6ec06846e41abd9645
efficientnet_b0,A,1288,101145,patient_disjoint,2,2,pituitary,2.1735328769191895e-05,4.507382426685942e-06,0.9999737572888041,2,pituitary,0.9999737572888041,919d6f0fb3ca462983d6df6ec06846e41abd9645
efficientnet_b0,A,1293,101724,patient_disjoint,2,2,pituitary,0.0018305767221867436,0.0006988439102955962,0.9974705793675176,2,pituitary,0.9974705793675176,919d6f0fb3ca462983d6df6ec06846e41abd9645
efficientnet_b0,A,1294,101724,patient_disjoint,2,2,pituitary,0.03311950281336056,0.009667019491606694,0.9572134776950328,2,pituitary,0.9572134776950328,919d6f0fb3ca462983d6df6ec06846e41abd9645
efficientnet_b0,A,1295,102648,patient_disjoint,2,2,pituitary,0.007393815826957076,0.6240562677827529,0.36854991639029,1,glioma,0.6240562677827529,919d6f0fb3ca462983d6df6ec06846e41abd9645
efficientnet_b0,A,1296,102648,patient_disjoint,2,2,pituitary,0.004635501557968132,0.23543837813730176,0.7599261203047302,2,pituitary,0.7599261203047302,919d6f0fb3ca462983d6df6ec06846e41abd9645
efficientnet_b0,A,1297,102648,patient_disjoint,2,2,pituitary,0.005890690372394753,0.8212825808364219,0.17282672879118335,1,glioma,0.8212825808364219,919d6f0fb3ca462983d6df6ec06846e41abd9645
efficientnet_b0,A,1298,102648,patient_disjoint,2,2,pituitary,0.011321521858520775,0.8327689766621678,0.1559095014793115,1,glioma,0.8327689766621678,919d6f0fb3ca462983d6df6ec06846e41abd9645
efficientnet_b0,A,1299,102648,patient_disjoint,2,2,pituitary,0.013943366596768321,0.036440719280562736,0.9496159141226689,2,pituitary,0.9496159141226689,919d6f0fb3ca462983d6df6ec06846e41abd9645
efficientnet_b0,A,1300,102648,patient_disjoint,2,2,pituitary,0.007875422520542434,0.8821092168537956,0.11001536062566192,1,glioma,0.8821092168537956,919d6f0fb3ca462983d6df6ec06846e41abd9645
efficientnet_b0,A,1301,103046,patient_disjoint,2,2,pituitary,0.0003787364980559962,2.8511190822032677e-05,0.999592752311122,2,pituitary,0.999592752311122,919d6f0fb3ca462983d6df6ec06846e41abd9645
efficientnet_b0,A,1302,103046,patient_disjoint,2,2,pituitary,6.536867184519366e-05,1.8221502150190638e-05,0.9999164098260046,2,pituitary,0.9999164098260046,919d6f0fb3ca462983d6df6ec06846e41abd9645
efficientnet_b0,A,1303,103046,patient_disjoint,2,2,pituitary,0.00018962692425301622,7.140514759141199e-05,0.9997389679281555,2,pituitary,0.9997389679281555,919d6f0fb3ca462983d6df6ec06846e41abd9645
efficientnet_b0,A,1340,103837,patient_disjoint,2,2,pituitary,0.006855481270713252,7.663524580183563e-05,0.9930678834834848,2,pituitary,0.9930678834834848,919d6f0fb3ca462983d6df6ec06846e41abd9645
efficientnet_b0,A,1341,103837,patient_disjoint,2,2,pituitary,0.00288136768271151,0.00014212949742796547,0.9969765028198606,2,pituitary,0.9969765028198606,919d6f0fb3ca462983d6df6ec06846e41abd9645
efficientnet_b0,A,1342,103837,patient_disjoint,2,2,pituitary,0.0013413633448828067,4.635601557555082e-05,0.9986122806395417,2,pituitary,0.9986122806395417,919d6f0fb3ca462983d6df6ec06846e41abd9645
efficientnet_b0,A,1343,103837,patient_disjoint,2,2,pituitary,0.0011390426760770711,0.00010530250134577821,0.998755654822577,2,pituitary,0.998755654822577,919d6f0fb3ca462983d6df6ec06846e41abd9645
efficientnet_b0,A,1344,103837,patient_disjoint,2,2,pituitary,0.0016687267409180918,0.0001098409518511672,0.9982214323072308,2,pituitary,0.9982214323072308,919d6f0fb3ca462983d6df6ec06846e41abd9645
efficientnet_b0,A,1345,103837,patient_disjoint,2,2,pituitary,0.0024329189197325224,0.00017984430352905036,0.9973872367767384,2,pituitary,0.9973872367767384,919d6f0fb3ca462983d6df6ec06846e41abd9645
efficientnet_b0,A,1346,103837,patient_disjoint,2,2,pituitary,0.007664762445414582,0.0008045089489519747,0.9915307286056334,2,pituitary,0.9915307286056334,919d6f0fb3ca462983d6df6ec06846e41abd9645
efficientnet_b0,A,1347,103837,patient_disjoint,2,2,pituitary,0.0002751213209900009,5.8068394889319696e-05,0.9996668102841207,2,pituitary,0.9996668102841207,919d6f0fb3ca462983d6df6ec06846e41abd9645
efficientnet_b0,A,1352,104558,patient_disjoint,2,2,pituitary,0.0006985661913207392,0.00019385033197520955,0.999107583476704,2,pituitary,0.999107583476704,919d6f0fb3ca462983d6df6ec06846e41abd9645
efficientnet_b0,A,1353,104558,patient_disjoint,2,2,pituitary,0.0010889169611718623,0.0024557280671681056,0.9964553549716599,2,pituitary,0.9964553549716599,919d6f0fb3ca462983d6df6ec06846e41abd9645
efficientnet_b0,A,1354,104558,patient_disjoint,2,2,pituitary,0.001550720563050401,3.500534352227348e-05,0.9984142740934273,2,pituitary,0.9984142740934273,919d6f0fb3ca462983d6df6ec06846e41abd9645
efficientnet_b0,A,1355,104558,patient_disjoint,2,2,pituitary,0.018174880444688696,0.0013047735938246888,0.9805203459614866,2,pituitary,0.9805203459614866,919d6f0fb3ca462983d6df6ec06846e41abd9645
efficientnet_b0,A,1356,104558,patient_disjoint,2,2,pituitary,0.012578479648757588,0.0011072467377429332,0.9863142736134994,2,pituitary,0.9863142736134994,919d6f0fb3ca462983d6df6ec06846e41abd9645
efficientnet_b0,A,1357,104558,patient_disjoint,2,2,pituitary,0.007843334475255521,0.0004952382880275504,0.991661427236717,2,pituitary,0.991661427236717,919d6f0fb3ca462983d6df6ec06846e41abd9645
efficientnet_b0,A,1358,104558,patient_disjoint,2,2,pituitary,0.052371585880309636,0.010345405297493657,0.9372830088221967,2,pituitary,0.9372830088221967,919d6f0fb3ca462983d6df6ec06846e41abd9645
efficientnet_b0,A,1359,104558,patient_disjoint,2,2,pituitary,0.03099495274321472,0.0010131829947640128,0.9679918642620213,2,pituitary,0.9679918642620213,919d6f0fb3ca462983d6df6ec06846e41abd9645
efficientnet_b0,A,1404,97481,patient_disjoint,2,2,pituitary,0.17998864219944222,0.044251226858062716,0.7757601309424952,2,pituitary,0.7757601309424952,919d6f0fb3ca462983d6df6ec06846e41abd9645
efficientnet_b0,A,1405,97481,patient_disjoint,2,2,pituitary,0.016828890697923697,0.0038794835016016916,0.9792916258004745,2,pituitary,0.9792916258004745,919d6f0fb3ca462983d6df6ec06846e41abd9645
efficientnet_b0,A,1406,97481,patient_disjoint,2,2,pituitary,0.04227037590758063,0.013022156357682214,0.9447074677347371,2,pituitary,0.9447074677347371,919d6f0fb3ca462983d6df6ec06846e41abd9645
efficientnet_b0,A,1407,97481,patient_disjoint,2,2,pituitary,0.0015476440360131954,0.00023265794407357744,0.9982196980199132,2,pituitary,0.9982196980199132,919d6f0fb3ca462983d6df6ec06846e41abd9645
efficientnet_b0,A,1408,97599,patient_disjoint,2,2,pituitary,0.04079024188242842,0.00544491625526166,0.95376484186231,2,pituitary,0.95376484186231,919d6f0fb3ca462983d6df6ec06846e41abd9645
efficientnet_b0,A,1409,97599,patient_disjoint,2,2,pituitary,0.4006199952322746,0.002560418490958955,0.5968195862767663,2,pituitary,0.5968195862767663,919d6f0fb3ca462983d6df6ec06846e41abd9645
efficientnet_b0,A,1456,101017,patient_disjoint,2,2,pituitary,0.0006258631804685423,0.0005805194813266148,0.9987936173382048,2,pituitary,0.9987936173382048,919d6f0fb3ca462983d6df6ec06846e41abd9645
efficientnet_b0,A,1457,101017,patient_disjoint,2,2,pituitary,0.0002481905794458048,0.0001475086755700814,0.9996043007449841,2,pituitary,0.9996043007449841,919d6f0fb3ca462983d6df6ec06846e41abd9645
efficientnet_b0,A,1458,101017,patient_disjoint,2,2,pituitary,0.00027065127921124875,0.00015995704732306649,0.9995693916734656,2,pituitary,0.9995693916734656,919d6f0fb3ca462983d6df6ec06846e41abd9645
efficientnet_b0,A,1459,101017,patient_disjoint,2,2,pituitary,0.0006804292680404927,0.00028764234594248344,0.999031928386017,2,pituitary,0.999031928386017,919d6f0fb3ca462983d6df6ec06846e41abd9645
efficientnet_b0,A,1460,101017,patient_disjoint,2,2,pituitary,0.00020613848475983332,5.016913687256256e-05,0.9997436923783677,2,pituitary,0.9997436923783677,919d6f0fb3ca462983d6df6ec06846e41abd9645
efficientnet_b0,A,1461,101017,patient_disjoint,2,2,pituitary,0.0005306905805896965,0.00017395248099301043,0.9992953569384173,2,pituitary,0.9992953569384173,919d6f0fb3ca462983d6df6ec06846e41abd9645
efficientnet_b0,A,1468,101145,patient_disjoint,2,2,pituitary,0.00016455319232200224,3.4253426261628485e-05,0.9998011933814164,2,pituitary,0.9998011933814164,919d6f0fb3ca462983d6df6ec06846e41abd9645
efficientnet_b0,A,1469,101145,patient_disjoint,2,2,pituitary,9.046267667772097e-05,2.9796736395178096e-05,0.999879740586927,2,pituitary,0.999879740586927,919d6f0fb3ca462983d6df6ec06846e41abd9645
efficientnet_b0,A,1470,101145,patient_disjoint,2,2,pituitary,0.000858625052144114,0.0001314585112697363,0.9990099164365861,2,pituitary,0.9990099164365861,919d6f0fb3ca462983d6df6ec06846e41abd9645
efficientnet_b0,A,1471,101145,patient_disjoint,2,2,pituitary,0.00030720721007990257,5.006685755323356e-05,0.9996427259323668,2,pituitary,0.9996427259323668,919d6f0fb3ca462983d6df6ec06846e41abd9645
efficientnet_b0,A,1480,101724,patient_disjoint,2,2,pituitary,0.0016417397821413466,0.00036730798269139455,0.9979909522351672,2,pituitary,0.9979909522351672,919d6f0fb3ca462983d6df6ec06846e41abd9645
efficientnet_b0,A,1481,101724,patient_disjoint,2,2,pituitary,0.0007986017777332756,0.00033148618848216377,0.9988699120337847,2,pituitary,0.9988699120337847,919d6f0fb3ca462983d6df6ec06846e41abd9645
efficientnet_b0,A,1482,101724,patient_disjoint,2,2,pituitary,0.0004924869228944064,0.00038502126982920145,0.9991224918072763,2,pituitary,0.9991224918072763,919d6f0fb3ca462983d6df6ec06846e41abd9645
efficientnet_b0,A,1483,102648,patient_disjoint,2,2,pituitary,0.003690158867531645,0.008766875030941484,0.9875429661015269,2,pituitary,0.9875429661015269,919d6f0fb3ca462983d6df6ec06846e41abd9645
efficientnet_b0,A,1484,102648,patient_disjoint,2,2,pituitary,0.005642260318972877,0.007332059632389161,0.9870256800486379,2,pituitary,0.9870256800486379,919d6f0fb3ca462983d6df6ec06846e41abd9645
efficientnet_b0,A,1485,102648,patient_disjoint,2,2,pituitary,0.01988969432180331,0.027472567723310908,0.9526377379548858,2,pituitary,0.9526377379548858,919d6f0fb3ca462983d6df6ec06846e41abd9645
efficientnet_b0,A,1486,102648,patient_disjoint,2,2,pituitary,0.011762596237839854,0.019224164377842478,0.9690132393843177,2,pituitary,0.9690132393843177,919d6f0fb3ca462983d6df6ec06846e41abd9645
efficientnet_b0,A,1489,103046,patient_disjoint,2,2,pituitary,0.00037191514821404066,8.951874378311518e-05,0.999538566108003,2,pituitary,0.999538566108003,919d6f0fb3ca462983d6df6ec06846e41abd9645
efficientnet_b0,A,1490,103046,patient_disjoint,2,2,pituitary,0.0003150627090007105,4.485190331895753e-05,0.9996400853876803,2,pituitary,0.9996400853876803,919d6f0fb3ca462983d6df6ec06846e41abd9645
efficientnet_b0,A,1491,103046,patient_disjoint,2,2,pituitary,0.0003783734930202102,8.297510704011563e-05,0.9995386513999397,2,pituitary,0.9995386513999397,919d6f0fb3ca462983d6df6ec06846e41abd9645
efficientnet_b0,A,1492,103046,patient_disjoint,2,2,pituitary,0.00027512965024637106,2.6841918310852005e-05,0.9996980284314428,2,pituitary,0.9996980284314428,919d6f0fb3ca462983d6df6ec06846e41abd9645
efficientnet_b0,A,1528,103837,patient_disjoint,2,2,pituitary,0.00013179771563902776,1.0547580529879384e-05,0.999857654703831,2,pituitary,0.999857654703831,919d6f0fb3ca462983d6df6ec06846e41abd9645
efficientnet_b0,A,1529,103837,patient_disjoint,2,2,pituitary,0.00010819099932139399,4.654329653720704e-06,0.999887154671025,2,pituitary,0.999887154671025,919d6f0fb3ca462983d6df6ec06846e41abd9645
efficientnet_b0,A,1530,103837,patient_disjoint,2,2,pituitary,2.7842015568006914e-05,1.0138296129235054e-06,0.999971144154819,2,pituitary,0.999971144154819,919d6f0fb3ca462983d6df6ec06846e41abd9645
efficientnet_b0,A,1531,103837,patient_disjoint,2,2,pituitary,0.00014134578306060895,1.4404471421695926e-06,0.9998572137697972,2,pituitary,0.9998572137697972,919d6f0fb3ca462983d6df6ec06846e41abd9645
efficientnet_b0,A,1532,103837,patient_disjoint,2,2,pituitary,8.760854365810954e-05,6.54151408623289e-06,0.9999058499422557,2,pituitary,0.9999058499422557,919d6f0fb3ca462983d6df6ec06846e41abd9645
efficientnet_b0,A,1538,104558,patient_disjoint,2,2,pituitary,0.01154183979776474,0.0015591609131709126,0.9868989992890643,2,pituitary,0.9868989992890643,919d6f0fb3ca462983d6df6ec06846e41abd9645
efficientnet_b0,A,1539,104558,patient_disjoint,2,2,pituitary,0.0172046692142778,0.0008548835529901851,0.981940447232732,2,pituitary,0.981940447232732,919d6f0fb3ca462983d6df6ec06846e41abd9645
efficientnet_b0,A,1540,104558,patient_disjoint,2,2,pituitary,0.0023285416231121087,9.931016427669448e-05,0.9975721482126113,2,pituitary,0.9975721482126113,919d6f0fb3ca462983d6df6ec06846e41abd9645
efficientnet_b0,A,1541,104558,patient_disjoint,2,2,pituitary,0.0006442062629577475,2.5264403095665497e-05,0.9993305293339465,2,pituitary,0.9993305293339465,919d6f0fb3ca462983d6df6ec06846e41abd9645
efficientnet_b0,A,1542,104558,patient_disjoint,2,2,pituitary,0.012225431631189516,0.0005537858976323693,0.9872207824711781,2,pituitary,0.9872207824711781,919d6f0fb3ca462983d6df6ec06846e41abd9645
efficientnet_b0,A,1543,104558,patient_disjoint,2,2,pituitary,0.1613547375344652,0.00040780929875251223,0.8382374531667823,2,pituitary,0.8382374531667823,919d6f0fb3ca462983d6df6ec06846e41abd9645
efficientnet_b0,A,1544,104558,patient_disjoint,2,2,pituitary,0.0010001684946547747,0.002924333612529287,0.9960754978928159,2,pituitary,0.9960754978928159,919d6f0fb3ca462983d6df6ec06846e41abd9645
efficientnet_b0,A,1589,97481,patient_disjoint,2,2,pituitary,0.00010136119097519942,0.0001663600031834308,0.9997322788058414,2,pituitary,0.9997322788058414,919d6f0fb3ca462983d6df6ec06846e41abd9645
efficientnet_b0,A,1590,97481,patient_disjoint,2,2,pituitary,3.2571290659192295e-05,2.264196412157593e-05,0.9999447867452192,2,pituitary,0.9999447867452192,919d6f0fb3ca462983d6df6ec06846e41abd9645
efficientnet_b0,A,1591,97481,patient_disjoint,2,2,pituitary,0.00018864633283392882,0.00016431472359900739,0.999647038943567,2,pituitary,0.999647038943567,919d6f0fb3ca462983d6df6ec06846e41abd9645
efficientnet_b0,A,1592,97481,patient_disjoint,2,2,pituitary,0.0006087990828049561,0.00035708583409015213,0.9990341150831049,2,pituitary,0.9990341150831049,919d6f0fb3ca462983d6df6ec06846e41abd9645
efficientnet_b0,A,1593,97481,patient_disjoint,2,2,pituitary,0.0003454089559889193,0.00013717073778067283,0.9995174203062304,2,pituitary,0.9995174203062304,919d6f0fb3ca462983d6df6ec06846e41abd9645
efficientnet_b0,A,1594,97599,patient_disjoint,2,2,pituitary,0.0001905604358851105,6.822622447564996e-05,0.9997412133396392,2,pituitary,0.9997412133396392,919d6f0fb3ca462983d6df6ec06846e41abd9645
efficientnet_b0,A,1595,97599,patient_disjoint,2,2,pituitary,0.0008315255767141587,0.00019701998187477747,0.998971454441411,2,pituitary,0.998971454441411,919d6f0fb3ca462983d6df6ec06846e41abd9645
efficientnet_b0,A,1640,101017,patient_disjoint,2,2,pituitary,0.0003866837638751131,7.656068437216546e-05,0.9995367555517527,2,pituitary,0.9995367555517527,919d6f0fb3ca462983d6df6ec06846e41abd9645
efficientnet_b0,A,1641,101017,patient_disjoint,2,2,pituitary,0.0002700732464533583,3.0262651489789517e-05,0.9996996641020568,2,pituitary,0.9996996641020568,919d6f0fb3ca462983d6df6ec06846e41abd9645
efficientnet_b0,A,1642,101017,patient_disjoint,2,2,pituitary,2.1409032202266584e-05,8.035190927046983e-06,0.9999705557768708,2,pituitary,0.9999705557768708,919d6f0fb3ca462983d6df6ec06846e41abd9645
efficientnet_b0,A,1643,101017,patient_disjoint,2,2,pituitary,8.459547179751142e-05,1.654959945702523e-05,0.9998988549287454,2,pituitary,0.9998988549287454,919d6f0fb3ca462983d6df6ec06846e41abd9645
efficientnet_b0,A,1651,101145,patient_disjoint,2,2,pituitary,0.001528894457121089,8.002628025816641e-05,0.9983910792626207,2,pituitary,0.9983910792626207,919d6f0fb3ca462983d6df6ec06846e41abd9645
efficientnet_b0,A,1652,101145,patient_disjoint,2,2,pituitary,0.0012327029900293606,0.00017027476449664624,0.998597022245474,2,pituitary,0.998597022245474,919d6f0fb3ca462983d6df6ec06846e41abd9645
efficientnet_b0,A,1653,101145,patient_disjoint,2,2,pituitary,0.003765230121364518,0.0024512496607428627,0.9937835202178925,2,pituitary,0.9937835202178925,919d6f0fb3ca462983d6df6ec06846e41abd9645
efficientnet_b0,A,1654,101145,patient_disjoint,2,2,pituitary,0.0011433683459096697,9.626859431929259e-05,0.998760363059771,2,pituitary,0.998760363059771,919d6f0fb3ca462983d6df6ec06846e41abd9645
efficientnet_b0,A,1659,101724,patient_disjoint,2,2,pituitary,0.0005420794082130986,0.0003461985587671894,0.9991117220330196,2,pituitary,0.9991117220330196,919d6f0fb3ca462983d6df6ec06846e41abd9645
efficientnet_b0,A,1660,101724,patient_disjoint,2,2,pituitary,0.00015598481673444536,5.456201325988777e-05,0.9997894531700056,2,pituitary,0.9997894531700056,919d6f0fb3ca462983d6df6ec06846e41abd9645
efficientnet_b0,A,1661,101724,patient_disjoint,2,2,pituitary,0.0004739433117346147,7.839884705761398e-05,0.9994476578412079,2,pituitary,0.9994476578412079,919d6f0fb3ca462983d6df6ec06846e41abd9645
efficientnet_b0,A,1662,101724,patient_disjoint,2,2,pituitary,0.011574820945516814,0.005457753813910782,0.9829674252405725,2,pituitary,0.9829674252405725,919d6f0fb3ca462983d6df6ec06846e41abd9645
efficientnet_b0,A,1663,101724,patient_disjoint,2,2,pituitary,0.003360850113226844,0.0014522055332388446,0.9951869443535344,2,pituitary,0.9951869443535344,919d6f0fb3ca462983d6df6ec06846e41abd9645
efficientnet_b0,A,1664,101724,patient_disjoint,2,2,pituitary,0.003988103946503249,0.014941619188779388,0.9810702768647173,2,pituitary,0.9810702768647173,919d6f0fb3ca462983d6df6ec06846e41abd9645
efficientnet_b0,A,1665,102648,patient_disjoint,2,2,pituitary,0.10208259290214663,0.7413506656658697,0.15656674143198365,1,glioma,0.7413506656658697,919d6f0fb3ca462983d6df6ec06846e41abd9645
efficientnet_b0,A,1666,102648,patient_disjoint,2,2,pituitary,0.06480484261110482,0.5339122007608564,0.40128295662803876,1,glioma,0.5339122007608564,919d6f0fb3ca462983d6df6ec06846e41abd9645
efficientnet_b0,A,1667,102648,patient_disjoint,2,2,pituitary,0.06496788984550278,0.5041093221919405,0.4309227879625568,1,glioma,0.5041093221919405,919d6f0fb3ca462983d6df6ec06846e41abd9645
efficientnet_b0,A,1668,102648,patient_disjoint,2,2,pituitary,0.1689137862475627,0.5814757255388673,0.24961048821357,1,glioma,0.5814757255388673,919d6f0fb3ca462983d6df6ec06846e41abd9645
efficientnet_b0,A,1669,102648,patient_disjoint,2,2,pituitary,0.014007298591784527,0.8876187638054343,0.09837393760278118,1,glioma,0.8876187638054343,919d6f0fb3ca462983d6df6ec06846e41abd9645
efficientnet_b0,A,1670,102648,patient_disjoint,2,2,pituitary,0.1291370248861601,0.2782331312411355,0.5926298438727043,2,pituitary,0.5926298438727043,919d6f0fb3ca462983d6df6ec06846e41abd9645
efficientnet_b0,A,1671,102648,patient_disjoint,2,2,pituitary,0.2112369419568593,0.11448331817493253,0.6742797398682081,2,pituitary,0.6742797398682081,919d6f0fb3ca462983d6df6ec06846e41abd9645
efficientnet_b0,A,1673,103046,patient_disjoint,2,2,pituitary,9.951178126752956e-05,8.484062167589121e-06,0.9998920041565649,2,pituitary,0.9998920041565649,919d6f0fb3ca462983d6df6ec06846e41abd9645
efficientnet_b0,A,1674,103046,patient_disjoint,2,2,pituitary,0.00036880596121265997,4.0557050583833005e-05,0.9995906369882034,2,pituitary,0.9995906369882034,919d6f0fb3ca462983d6df6ec06846e41abd9645
efficientnet_b0,A,1675,103046,patient_disjoint,2,2,pituitary,0.0002378215659196557,8.331609612551353e-05,0.9996788623379549,2,pituitary,0.9996788623379549,919d6f0fb3ca462983d6df6ec06846e41abd9645
efficientnet_b0,A,1676,103046,patient_disjoint,2,2,pituitary,3.707842053981026e-05,2.3106065889318675e-05,0.9999398155135708,2,pituitary,0.9999398155135708,919d6f0fb3ca462983d6df6ec06846e41abd9645
efficientnet_b0,A,1714,103837,patient_disjoint,2,2,pituitary,0.008347326379437678,0.0017397850426877904,0.9899128885778745,2,pituitary,0.9899128885778745,919d6f0fb3ca462983d6df6ec06846e41abd9645
efficientnet_b0,A,1715,103837,patient_disjoint,2,2,pituitary,0.20292079999957746,0.0009148724958329116,0.7961643275045897,2,pituitary,0.7961643275045897,919d6f0fb3ca462983d6df6ec06846e41abd9645
efficientnet_b0,A,1716,103837,patient_disjoint,2,2,pituitary,0.00010921320202707903,1.1775078467018966e-06,0.9998896092901262,2,pituitary,0.9998896092901262,919d6f0fb3ca462983d6df6ec06846e41abd9645
efficientnet_b0,A,1717,103837,patient_disjoint,2,2,pituitary,6.16206843836814e-05,4.80470876298752e-07,0.9999378988447399,2,pituitary,0.9999378988447399,919d6f0fb3ca462983d6df6ec06846e41abd9645
efficientnet_b0,A,1718,103837,patient_disjoint,2,2,pituitary,0.001655700675428573,3.103353086295164e-05,0.9983132657937085,2,pituitary,0.9983132657937085,919d6f0fb3ca462983d6df6ec06846e41abd9645
efficientnet_b0,A,1719,103837,patient_disjoint,2,2,pituitary,8.008644203493056e-05,4.357065294122112e-07,0.9999194778514356,2,pituitary,0.9999194778514356,919d6f0fb3ca462983d6df6ec06846e41abd9645
efficientnet_b0,A,1720,103837,patient_disjoint,2,2,pituitary,0.00018736989659878,7.301306691470308e-07,0.9998118999727321,2,pituitary,0.9998118999727321,919d6f0fb3ca462983d6df6ec06846e41abd9645
efficientnet_b0,A,1725,104558,patient_disjoint,2,2,pituitary,0.00040448568025586157,0.0014597555385497563,0.9981357587811944,2,pituitary,0.9981357587811944,919d6f0fb3ca462983d6df6ec06846e41abd9645
efficientnet_b0,A,1726,104558,patient_disjoint,2,2,pituitary,0.0073963702947855,0.0011070274306702699,0.9914966022745442,2,pituitary,0.9914966022745442,919d6f0fb3ca462983d6df6ec06846e41abd9645
efficientnet_b0,A,1727,104558,patient_disjoint,2,2,pituitary,0.006185702281644872,0.00038448489864427584,0.9934298128197109,2,pituitary,0.9934298128197109,919d6f0fb3ca462983d6df6ec06846e41abd9645
efficientnet_b0,A,1728,104558,patient_disjoint,2,2,pituitary,0.03700540929958547,0.0001857192541247652,0.9628088714462898,2,pituitary,0.9628088714462898,919d6f0fb3ca462983d6df6ec06846e41abd9645
efficientnet_b0,A,1729,104558,patient_disjoint,2,2,pituitary,0.019610313220609254,0.00047148231690047695,0.9799182044624902,2,pituitary,0.9799182044624902,919d6f0fb3ca462983d6df6ec06846e41abd9645
efficientnet_b0,A,1730,104558,patient_disjoint,2,2,pituitary,0.0017276775426438146,4.1431741474068115e-05,0.9982308907158821,2,pituitary,0.9982308907158821,919d6f0fb3ca462983d6df6ec06846e41abd9645
efficientnet_b0,A,1731,104558,patient_disjoint,2,2,pituitary,0.010717985500453856,0.00021073196415356246,0.9890712825353927,2,pituitary,0.9890712825353927,919d6f0fb3ca462983d6df6ec06846e41abd9645
efficientnet_b0,A,1732,104558,patient_disjoint,2,2,pituitary,0.0015992394419001663,0.00041651672813406766,0.9979842438299659,2,pituitary,0.9979842438299659,919d6f0fb3ca462983d6df6ec06846e41abd9645
efficientnet_b0,A,1733,104558,patient_disjoint,2,2,pituitary,0.009555650430679349,0.02540222012262853,0.9650421294466922,2,pituitary,0.9650421294466922,919d6f0fb3ca462983d6df6ec06846e41abd9645
efficientnet_b0,A,1781,97481,patient_disjoint,2,2,pituitary,7.52755315856472e-05,1.100983795236652e-05,0.9999137146304619,2,pituitary,0.9999137146304619,919d6f0fb3ca462983d6df6ec06846e41abd9645
efficientnet_b0,A,1782,97481,patient_disjoint,2,2,pituitary,6.836027329573896e-05,4.548803799685011e-06,0.9999270909229045,2,pituitary,0.9999270909229045,919d6f0fb3ca462983d6df6ec06846e41abd9645
efficientnet_b0,A,1783,97481,patient_disjoint,2,2,pituitary,3.4424164264360944e-05,1.4246015099942036e-05,0.9999513298206356,2,pituitary,0.9999513298206356,919d6f0fb3ca462983d6df6ec06846e41abd9645
efficientnet_b0,A,1784,97481,patient_disjoint,2,2,pituitary,1.9570276705207945e-05,6.9178790949952434e-06,0.9999735118441997,2,pituitary,0.9999735118441997,919d6f0fb3ca462983d6df6ec06846e41abd9645
efficientnet_b0,A,1785,97481,patient_disjoint,2,2,pituitary,3.789589402909055e-05,3.401544192617657e-05,0.9999280886640448,2,pituitary,0.9999280886640448,919d6f0fb3ca462983d6df6ec06846e41abd9645
efficientnet_b0,A,1786,97599,patient_disjoint,2,2,pituitary,0.0007652271632969725,4.104896260101271e-05,0.999193723874102,2,pituitary,0.999193723874102,919d6f0fb3ca462983d6df6ec06846e41abd9645
efficientnet_b0,A,1787,97599,patient_disjoint,2,2,pituitary,0.00010522483482197539,1.8766267614905686e-05,0.9998760088975632,2,pituitary,0.9998760088975632,919d6f0fb3ca462983d6df6ec06846e41abd9645
efficientnet_b0,A,1788,97599,patient_disjoint,2,2,pituitary,2.0475357293983346e-05,1.685151402778303e-06,0.9999778394913034,2,pituitary,0.9999778394913034,919d6f0fb3ca462983d6df6ec06846e41abd9645
efficientnet_b0,A,1870,MR048994,patient_disjoint,2,1,glioma,2.5902957338975614e-05,0.9999485019730874,2.5595069573752373e-05,1,glioma,0.9999485019730874,919d6f0fb3ca462983d6df6ec06846e41abd9645
efficientnet_b0,A,1871,MR048994,patient_disjoint,2,1,glioma,7.2372248032428336e-06,0.9999809036985844,1.1859076612470197e-05,1,glioma,0.9999809036985844,919d6f0fb3ca462983d6df6ec06846e41abd9645
efficientnet_b0,A,1872,MR048994,patient_disjoint,2,1,glioma,1.930964408581047e-05,0.9999744399800602,6.2503758539352776e-06,1,glioma,0.9999744399800602,919d6f0fb3ca462983d6df6ec06846e41abd9645
efficientnet_b0,A,1873,MR048994,patient_disjoint,2,1,glioma,3.3800575573583506e-05,0.9999497077677449,1.649165668150224e-05,1,glioma,0.9999497077677449,919d6f0fb3ca462983d6df6ec06846e41abd9645
efficientnet_b0,A,1874,MR048994,patient_disjoint,2,1,glioma,8.457072209854772e-05,0.9998396663587614,7.576291913995353e-05,1,glioma,0.9998396663587614,919d6f0fb3ca462983d6df6ec06846e41abd9645
efficientnet_b0,A,1875,MR048994,patient_disjoint,2,1,glioma,5.229550827932533e-05,0.9998501112239822,9.759326773837596e-05,1,glioma,0.9998501112239822,919d6f0fb3ca462983d6df6ec06846e41abd9645
efficientnet_b0,A,1876,MR048994,patient_disjoint,2,1,glioma,0.0002482393029616273,0.9990187484808828,0.0007330122161556211,1,glioma,0.9990187484808828,919d6f0fb3ca462983d6df6ec06846e41abd9645
efficientnet_b0,A,1877,MR048994,patient_disjoint,2,1,glioma,0.00012296306526038943,0.9998052858653331,7.175106940663472e-05,1,glioma,0.9998052858653331,919d6f0fb3ca462983d6df6ec06846e41abd9645
efficientnet_b0,A,1878,MR048994,patient_disjoint,2,1,glioma,0.000788090889828221,0.9991622083321974,4.9700777974325717e-05,1,glioma,0.9991622083321974,919d6f0fb3ca462983d6df6ec06846e41abd9645
efficientnet_b0,A,1914,MR049453,patient_disjoint,2,1,glioma,0.00044960058315914855,0.9981786859564836,0.0013717134603573055,1,glioma,0.9981786859564836,919d6f0fb3ca462983d6df6ec06846e41abd9645
efficientnet_b0,A,1915,MR049453,patient_disjoint,2,1,glioma,0.0006316306834460155,0.9984042704423794,0.0009640988741744101,1,glioma,0.9984042704423794,919d6f0fb3ca462983d6df6ec06846e41abd9645
efficientnet_b0,A,1916,MR049453,patient_disjoint,2,1,glioma,0.0006909647765945268,0.9983607895745394,0.0009482456488658997,1,glioma,0.9983607895745394,919d6f0fb3ca462983d6df6ec06846e41abd9645
efficientnet_b0,A,1917,MR049453,patient_disjoint,2,1,glioma,0.00023596905696687037,0.9996606519379627,0.00010337900507059825,1,glioma,0.9996606519379627,919d6f0fb3ca462983d6df6ec06846e41abd9645
efficientnet_b0,A,1918,MR049453,patient_disjoint,2,1,glioma,0.0006139131904259657,0.9989696482878947,0.000416438521679466,1,glioma,0.9989696482878947,919d6f0fb3ca462983d6df6ec06846e41abd9645
efficientnet_b0,A,1919,MR049453,patient_disjoint,2,1,glioma,0.0001579299961006844,0.9996809635954438,0.00016110640845550518,1,glioma,0.9996809635954438,919d6f0fb3ca462983d6df6ec06846e41abd9645
efficientnet_b0,A,1920,MR049453,patient_disjoint,2,1,glioma,0.0001998989024849634,0.9995322901658541,0.00026781093166090185,1,glioma,0.9995322901658541,919d6f0fb3ca462983d6df6ec06846e41abd9645
efficientnet_b0,A,1950,MR050135B,patient_disjoint,2,1,glioma,5.054069185597948e-05,0.9993130134808317,0.0006364458273123371,1,glioma,0.9993130134808317,919d6f0fb3ca462983d6df6ec06846e41abd9645
efficientnet_b0,A,1951,MR050135B,patient_disjoint,2,1,glioma,0.00021740708016147026,0.986290104916866,0.013492488002972508,1,glioma,0.986290104916866,919d6f0fb3ca462983d6df6ec06846e41abd9645
efficientnet_b0,A,1952,MR050135B,patient_disjoint,2,1,glioma,0.00031436905526529305,0.9992944398101005,0.00039119113463407726,1,glioma,0.9992944398101005,919d6f0fb3ca462983d6df6ec06846e41abd9645
efficientnet_b0,A,1953,MR050135B,patient_disjoint,2,1,glioma,0.00041126996864156276,0.9989673600621942,0.0006213699691642625,1,glioma,0.9989673600621942,919d6f0fb3ca462983d6df6ec06846e41abd9645
efficientnet_b0,A,1954,MR050135B,patient_disjoint,2,1,glioma,0.00019037024470358884,0.999634609856833,0.0001750198984633755,1,glioma,0.999634609856833,919d6f0fb3ca462983d6df6ec06846e41abd9645
efficientnet_b0,A,1955,MR050135B,patient_disjoint,2,1,glioma,0.00031679158162023534,0.9993645802574156,0.0003186281609641032,1,glioma,0.9993645802574156,919d6f0fb3ca462983d6df6ec06846e41abd9645
efficientnet_b0,A,1956,MR050135B,patient_disjoint,2,1,glioma,7.12880445268171e-05,0.9994307672538385,0.0004979447016346772,1,glioma,0.9994307672538385,919d6f0fb3ca462983d6df6ec06846e41abd9645
efficientnet_b0,A,1957,MR050135B,patient_disjoint,2,1,glioma,0.0014245701947520873,0.9801913048724072,0.01838412493284065,1,glioma,0.9801913048724072,919d6f0fb3ca462983d6df6ec06846e41abd9645
efficientnet_b0,A,1958,MR050135B,patient_disjoint,2,1,glioma,0.0010930436243796343,0.9776603733581597,0.021246583017460713,1,glioma,0.9776603733581597,919d6f0fb3ca462983d6df6ec06846e41abd9645
efficientnet_b0,A,1959,MR050135B,patient_disjoint,2,1,glioma,0.00033774762526122843,0.9966167500420078,0.003045502332731089,1,glioma,0.9966167500420078,919d6f0fb3ca462983d6df6ec06846e41abd9645
efficientnet_b0,A,1960,MR050135B,patient_disjoint,2,1,glioma,5.268213334281927e-05,0.9997995220378102,0.00014779582884694406,1,glioma,0.9997995220378102,919d6f0fb3ca462983d6df6ec06846e41abd9645
efficientnet_b0,A,1961,MR050135B,patient_disjoint,2,1,glioma,0.00016877322342503907,0.9993663651552509,0.0004648616213241778,1,glioma,0.9993663651552509,919d6f0fb3ca462983d6df6ec06846e41abd9645
efficientnet_b0,A,1962,MR050135B,patient_disjoint,2,1,glioma,0.00011192568439872179,0.9997057192104686,0.00018235510513249015,1,glioma,0.9997057192104686,919d6f0fb3ca462983d6df6ec06846e41abd9645
efficientnet_b0,A,1963,MR050135B,patient_disjoint,2,1,glioma,0.00010721218314668428,0.9997107517647441,0.0001820360521091309,1,glioma,0.9997107517647441,919d6f0fb3ca462983d6df6ec06846e41abd9645
efficientnet_b0,A,1998,MR051461,patient_disjoint,2,1,glioma,0.00010736885088166944,0.9997931303941661,9.950075495211476e-05,1,glioma,0.9997931303941661,919d6f0fb3ca462983d6df6ec06846e41abd9645
efficientnet_b0,A,1999,MR051461,patient_disjoint,2,1,glioma,0.00016842951467772123,0.9996565071895118,0.0001750632958103662,1,glioma,0.9996565071895118,919d6f0fb3ca462983d6df6ec06846e41abd9645
efficientnet_b0,A,2000,MR051461,patient_disjoint,2,1,glioma,0.00011513080540655066,0.9997307809246497,0.00015408826994355875,1,glioma,0.9997307809246497,919d6f0fb3ca462983d6df6ec06846e41abd9645
efficientnet_b0,A,2001,MR051461,patient_disjoint,2,1,glioma,0.00041421563073031683,0.9992727505060948,0.00031303386317492785,1,glioma,0.9992727505060948,919d6f0fb3ca462983d6df6ec06846e41abd9645
efficientnet_b0,A,2002,MR051461,patient_disjoint,2,1,glioma,0.00043580443346561033,0.999275282282844,0.0002889132836905186,1,glioma,0.999275282282844,919d6f0fb3ca462983d6df6ec06846e41abd9645
efficientnet_b0,A,2003,MR051461,patient_disjoint,2,1,glioma,7.500116534853469e-05,0.9998239766930404,0.0001010221416111933,1,glioma,0.9998239766930404,919d6f0fb3ca462983d6df6ec06846e41abd9645
efficientnet_b0,A,2004,MR051461,patient_disjoint,2,1,glioma,0.00021804891569185598,0.9996166995679604,0.00016525151634763896,1,glioma,0.9996166995679604,919d6f0fb3ca462983d6df6ec06846e41abd9645
efficientnet_b0,A,2093,MR034694,patient_disjoint,2,1,glioma,0.0024970451526555052,0.9909630411145943,0.006539913732750083,1,glioma,0.9909630411145943,919d6f0fb3ca462983d6df6ec06846e41abd9645
efficientnet_b0,A,2094,MR034694,patient_disjoint,2,1,glioma,0.0013902496010919307,0.9935221457359535,0.005087604662954642,1,glioma,0.9935221457359535,919d6f0fb3ca462983d6df6ec06846e41abd9645
efficientnet_b0,A,2095,MR034694,patient_disjoint,2,1,glioma,0.00013407599504737102,0.9995971296203707,0.00026879438458196755,1,glioma,0.9995971296203707,919d6f0fb3ca462983d6df6ec06846e41abd9645
efficientnet_b0,A,2096,MR034694,patient_disjoint,2,1,glioma,0.00036379385432494526,0.9990136268318945,0.0006225793137804028,1,glioma,0.9990136268318945,919d6f0fb3ca462983d6df6ec06846e41abd9645
efficientnet_b0,A,2141,MR031409B,patient_disjoint,2,1,glioma,0.002182290510283786,0.9931110021031823,0.004706707386533902,1,glioma,0.9931110021031823,919d6f0fb3ca462983d6df6ec06846e41abd9645
efficientnet_b0,A,2142,MR031409B,patient_disjoint,2,1,glioma,0.0010823916291515425,0.9979151322181419,0.0010024761527067838,1,glioma,0.9979151322181419,919d6f0fb3ca462983d6df6ec06846e41abd9645
efficientnet_b0,A,2143,MR031409B,patient_disjoint,2,1,glioma,0.0006248313801911629,0.9989406857737477,0.00043448284606109513,1,glioma,0.9989406857737477,919d6f0fb3ca462983d6df6ec06846e41abd9645
efficientnet_b0,A,2153,MR032322C,patient_disjoint,2,1,glioma,2.843409895948721e-05,0.9999296989935977,4.186690744273471e-05,1,glioma,0.9999296989935977,919d6f0fb3ca462983d6df6ec06846e41abd9645
efficientnet_b0,A,2154,MR032322C,patient_disjoint,2,1,glioma,0.00047818735740699645,0.9881982500729792,0.01132356256961364,1,glioma,0.9881982500729792,919d6f0fb3ca462983d6df6ec06846e41abd9645
efficientnet_b0,A,2155,MR032322C,patient_disjoint,2,1,glioma,8.982121408404993e-05,0.9998198170422792,9.036174363663703e-05,1,glioma,0.9998198170422792,919d6f0fb3ca462983d6df6ec06846e41abd9645
efficientnet_b0,A,2156,MR032322C,patient_disjoint,2,1,glioma,0.0008798151646218997,0.9984251314972392,0.0006950533381388383,1,glioma,0.9984251314972392,919d6f0fb3ca462983d6df6ec06846e41abd9645
efficientnet_b0,A,2157,MR032322C,patient_disjoint,2,1,glioma,0.003542721108149953,0.993732507724854,0.0027247711669960988,1,glioma,0.993732507724854,919d6f0fb3ca462983d6df6ec06846e41abd9645
efficientnet_b0,A,2158,MR032322C,patient_disjoint,2,1,glioma,0.00027999607111151145,0.9901923127044816,0.009527691224406883,1,glioma,0.9901923127044816,919d6f0fb3ca462983d6df6ec06846e41abd9645
efficientnet_b0,A,2159,MR032322C,patient_disjoint,2,1,glioma,0.001986098819918606,0.9520870618393539,0.04592683934072746,1,glioma,0.9520870618393539,919d6f0fb3ca462983d6df6ec06846e41abd9645
efficientnet_b0,A,2160,MR032322C,patient_disjoint,2,1,glioma,0.0023420202033565102,0.975051596737475,0.022606383059168487,1,glioma,0.975051596737475,919d6f0fb3ca462983d6df6ec06846e41abd9645
efficientnet_b0,A,2161,MR032322C,patient_disjoint,2,1,glioma,0.0008178588351637929,0.9907980251206362,0.008384116044200005,1,glioma,0.9907980251206362,919d6f0fb3ca462983d6df6ec06846e41abd9645
efficientnet_b0,A,2162,MR032322C,patient_disjoint,2,1,glioma,0.00046798691466109544,0.995929132877993,0.003602880207345898,1,glioma,0.995929132877993,919d6f0fb3ca462983d6df6ec06846e41abd9645
efficientnet_b0,A,2163,MR032322C,patient_disjoint,2,1,glioma,0.0005805892007892636,0.9959182130730718,0.003501197726138925,1,glioma,0.9959182130730718,919d6f0fb3ca462983d6df6ec06846e41abd9645
efficientnet_b0,A,2164,MR032322C,patient_disjoint,2,1,glioma,0.0012778368199459667,0.9934841953914203,0.00523796778863378,1,glioma,0.9934841953914203,919d6f0fb3ca462983d6df6ec06846e41abd9645
efficientnet_b0,A,2165,MR032322C,patient_disjoint,2,1,glioma,0.00025563637741282826,0.9987488267208109,0.000995536901776338,1,glioma,0.9987488267208109,919d6f0fb3ca462983d6df6ec06846e41abd9645
efficientnet_b0,A,2166,MR037458B,patient_disjoint,2,1,glioma,0.07348760824097823,0.9202360893391389,0.00627630241988284,1,glioma,0.9202360893391389,919d6f0fb3ca462983d6df6ec06846e41abd9645
efficientnet_b0,A,2167,MR037458B,patient_disjoint,2,1,glioma,0.14729885872595247,0.5844120620866567,0.2682890791873907,1,glioma,0.5844120620866567,919d6f0fb3ca462983d6df6ec06846e41abd9645
efficientnet_b0,A,2168,MR037458B,patient_disjoint,2,1,glioma,0.4455114635110221,0.5422693304184257,0.012219206070552133,1,glioma,0.5422693304184257,919d6f0fb3ca462983d6df6ec06846e41abd9645
efficientnet_b0,A,2169,MR037458B,patient_disjoint,2,1,glioma,0.9770029779149846,0.014934350910522375,0.008062671174492974,0,meningioma,0.9770029779149846,919d6f0fb3ca462983d6df6ec06846e41abd9645
efficientnet_b0,A,2170,MR037458B,patient_disjoint,2,1,glioma,0.2195054186138445,0.7780890562674458,0.00240552511870968,1,glioma,0.7780890562674458,919d6f0fb3ca462983d6df6ec06846e41abd9645
efficientnet_b0,A,2171,MR037458B,patient_disjoint,2,1,glioma,0.2584658419706321,0.7390072183016954,0.0025269397276725344,1,glioma,0.7390072183016954,919d6f0fb3ca462983d6df6ec06846e41abd9645
efficientnet_b0,A,2172,MR037458B,patient_disjoint,2,1,glioma,0.10200598304147665,0.8922902087415852,0.005703808216938267,1,glioma,0.8922902087415852,919d6f0fb3ca462983d6df6ec06846e41abd9645
efficientnet_b0,A,2173,MR037458B,patient_disjoint,2,1,glioma,0.2724200756594316,0.7005939937539863,0.026985930586582205,1,glioma,0.7005939937539863,919d6f0fb3ca462983d6df6ec06846e41abd9645
efficientnet_b0,A,2179,MR039473B,patient_disjoint,2,1,glioma,0.00039789317545305743,0.9848648977476894,0.014737209076857497,1,glioma,0.9848648977476894,919d6f0fb3ca462983d6df6ec06846e41abd9645
efficientnet_b0,A,2180,MR039473B,patient_disjoint,2,1,glioma,1.5034098963038021e-05,0.9994519151685236,0.0005330507325134322,1,glioma,0.9994519151685236,919d6f0fb3ca462983d6df6ec06846e41abd9645
efficientnet_b0,A,2181,MR039473B,patient_disjoint,2,1,glioma,2.0581431433379787e-05,0.9996826842658648,0.00029673430270163453,1,glioma,0.9996826842658648,919d6f0fb3ca462983d6df6ec06846e41abd9645
efficientnet_b0,A,2182,MR039473B,patient_disjoint,2,1,glioma,8.520116172224429e-05,0.9990285084574445,0.0008862903808333613,1,glioma,0.9990285084574445,919d6f0fb3ca462983d6df6ec06846e41abd9645
efficientnet_b0,A,2183,MR039473B,patient_disjoint,2,1,glioma,0.00016657288218683127,0.9972894433597282,0.0025439837580849053,1,glioma,0.9972894433597282,919d6f0fb3ca462983d6df6ec06846e41abd9645
efficientnet_b0,A,2184,MR039473B,patient_disjoint,2,1,glioma,0.0003060697361470636,0.9987172845540714,0.0009766457097816414,1,glioma,0.9987172845540714,919d6f0fb3ca462983d6df6ec06846e41abd9645
efficientnet_b0,A,2185,MR039473B,patient_disjoint,2,1,glioma,9.059628174634164e-05,0.9997441135633341,0.00016529015491952828,1,glioma,0.9997441135633341,919d6f0fb3ca462983d6df6ec06846e41abd9645
efficientnet_b0,A,2242,MR048994,patient_disjoint,2,1,glioma,5.249677625893081e-05,0.9999286600172727,1.8843206468482294e-05,1,glioma,0.9999286600172727,919d6f0fb3ca462983d6df6ec06846e41abd9645
efficientnet_b0,A,2243,MR048994,patient_disjoint,2,1,glioma,0.0002624005316210479,0.9996940513872087,4.354808117038878e-05,1,glioma,0.9996940513872087,919d6f0fb3ca462983d6df6ec06846e41abd9645
efficientnet_b0,A,2270,MR049453,patient_disjoint,2,1,glioma,5.2832845441790366e-05,0.9999041386300456,4.3028524512752095e-05,1,glioma,0.9999041386300456,919d6f0fb3ca462983d6df6ec06846e41abd9645
efficientnet_b0,A,2271,MR049453,patient_disjoint,2,1,glioma,2.6950405767596655e-05,0.9999361714206373,3.687817359497689e-05,1,glioma,0.9999361714206373,919d6f0fb3ca462983d6df6ec06846e41abd9645
efficientnet_b0,A,2272,MR049453,patient_disjoint,2,1,glioma,9.637984196928301e-05,0.9997448019199924,0.0001588182380383399,1,glioma,0.9997448019199924,919d6f0fb3ca462983d6df6ec06846e41abd9645
efficientnet_b0,A,2273,MR049453,patient_disjoint,2,1,glioma,3.8069630275467184e-05,0.9998530239759141,0.00010890639381050235,1,glioma,0.9998530239759141,919d6f0fb3ca462983d6df6ec06846e41abd9645
efficientnet_b0,A,2274,MR049453,patient_disjoint,2,1,glioma,1.9705541679888104e-05,0.9999363866389591,4.3907819360972325e-05,1,glioma,0.9999363866389591,919d6f0fb3ca462983d6df6ec06846e41abd9645
efficientnet_b0,A,2275,MR049453,patient_disjoint,2,1,glioma,6.784518319708786e-05,0.999664772309041,0.00026738250776205856,1,glioma,0.999664772309041,919d6f0fb3ca462983d6df6ec06846e41abd9645
efficientnet_b0,A,2276,MR049453,patient_disjoint,2,1,glioma,3.490184350916835e-05,0.9999025083925205,6.25897639701606e-05,1,glioma,0.9999025083925205,919d6f0fb3ca462983d6df6ec06846e41abd9645
efficientnet_b0,A,2277,MR049453,patient_disjoint,2,1,glioma,2.9736354833638056e-05,0.999877793892014,9.246975315229807e-05,1,glioma,0.999877793892014,919d6f0fb3ca462983d6df6ec06846e41abd9645
efficientnet_b0,A,2278,MR049453,patient_disjoint,2,1,glioma,8.44449979636101e-05,0.99962587250081,0.00028968250122635164,1,glioma,0.99962587250081,919d6f0fb3ca462983d6df6ec06846e41abd9645
efficientnet_b0,A,2300,MR050135B,patient_disjoint,2,1,glioma,0.0012580174498255869,0.997916364640716,0.0008256179094583093,1,glioma,0.997916364640716,919d6f0fb3ca462983d6df6ec06846e41abd9645
efficientnet_b0,A,2301,MR050135B,patient_disjoint,2,1,glioma,0.00014569642863424966,0.9997158172761442,0.0001384862952214122,1,glioma,0.9997158172761442,919d6f0fb3ca462983d6df6ec06846e41abd9645
efficientnet_b0,A,2302,MR050135B,patient_disjoint,2,1,glioma,0.0001811477750672443,0.9995351165374564,0.0002837356874762227,1,glioma,0.9995351165374564,919d6f0fb3ca462983d6df6ec06846e41abd9645
efficientnet_b0,A,2303,MR050135B,patient_disjoint,2,1,glioma,3.459040953356062e-05,0.9998497445914819,0.00011566499898438906,1,glioma,0.9998497445914819,919d6f0fb3ca462983d6df6ec06846e41abd9645
efficientnet_b0,A,2304,MR050135B,patient_disjoint,2,1,glioma,4.1235176116389105e-05,0.9997565520088569,0.0002022128150266288,1,glioma,0.9997565520088569,919d6f0fb3ca462983d6df6ec06846e41abd9645
efficientnet_b0,A,2305,MR050135B,patient_disjoint,2,1,glioma,0.00011088946955408863,0.9993849558343851,0.0005041546960607745,1,glioma,0.9993849558343851,919d6f0fb3ca462983d6df6ec06846e41abd9645
efficientnet_b0,A,2306,MR050135B,patient_disjoint,2,1,glioma,0.00031607818630720346,0.9993207477409317,0.0003631740727611089,1,glioma,0.9993207477409317,919d6f0fb3ca462983d6df6ec06846e41abd9645
efficientnet_b0,A,2307,MR050135B,patient_disjoint,2,1,glioma,0.0003725086892286364,0.9949996811876094,0.004627810123161912,1,glioma,0.9949996811876094,919d6f0fb3ca462983d6df6ec06846e41abd9645
efficientnet_b0,A,2308,MR050135B,patient_disjoint,2,1,glioma,0.00016611454218151534,0.998664737365134,0.001169148092684504,1,glioma,0.998664737365134,919d6f0fb3ca462983d6df6ec06846e41abd9645
efficientnet_b0,A,2309,MR050135B,patient_disjoint,2,1,glioma,6.49524046684449e-05,0.9997117180500779,0.00022332954525375507,1,glioma,0.9997117180500779,919d6f0fb3ca462983d6df6ec06846e41abd9645
efficientnet_b0,A,2310,MR050135B,patient_disjoint,2,1,glioma,0.0006864600154850404,0.9982081324718585,0.0011054075126563623,1,glioma,0.9982081324718585,919d6f0fb3ca462983d6df6ec06846e41abd9645
efficientnet_b0,A,2333,MR051461,patient_disjoint,2,1,glioma,0.00048167919405833667,0.9991818370376145,0.00033648376832722926,1,glioma,0.9991818370376145,919d6f0fb3ca462983d6df6ec06846e41abd9645
efficientnet_b0,A,2334,MR051461,patient_disjoint,2,1,glioma,0.0001327691358152674,0.9997544179408041,0.00011281292338068286,1,glioma,0.9997544179408041,919d6f0fb3ca462983d6df6ec06846e41abd9645
efficientnet_b0,A,2335,MR051461,patient_disjoint,2,1,glioma,0.00023813415657938437,0.9993953560781906,0.0003665097652299769,1,glioma,0.9993953560781906,919d6f0fb3ca462983d6df6ec06846e41abd9645
efficientnet_b0,A,2336,MR051461,patient_disjoint,2,1,glioma,0.0010348162110040908,0.997197409127044,0.0017677746619518494,1,glioma,0.997197409127044,919d6f0fb3ca462983d6df6ec06846e41abd9645
efficientnet_b0,A,2337,MR051461,patient_disjoint,2,1,glioma,0.0019281535407809668,0.9965029275523879,0.0015689189068312731,1,glioma,0.9965029275523879,919d6f0fb3ca462983d6df6ec06846e41abd9645
efficientnet_b0,A,2338,MR051461,patient_disjoint,2,1,glioma,0.0008339964495574514,0.9981441129742228,0.0010218905762197053,1,glioma,0.9981441129742228,919d6f0fb3ca462983d6df6ec06846e41abd9645
efficientnet_b0,A,2339,MR051461,patient_disjoint,2,1,glioma,0.00025726031784929716,0.9995094848985656,0.0002332547835851337,1,glioma,0.9995094848985656,919d6f0fb3ca462983d6df6ec06846e41abd9645
efficientnet_b0,A,2340,MR051461,patient_disjoint,2,1,glioma,0.0002933427004669962,0.9995662677303934,0.00014038956913956028,1,glioma,0.9995662677303934,919d6f0fb3ca462983d6df6ec06846e41abd9645
efficientnet_b0,A,2341,MR051461,patient_disjoint,2,1,glioma,6.16798594715592e-05,0.9998887669564627,4.955318406581538e-05,1,glioma,0.9998887669564627,919d6f0fb3ca462983d6df6ec06846e41abd9645
efficientnet_b0,A,2350,MR026175E,patient_disjoint,2,1,glioma,0.0012861869599620306,0.9959800688449408,0.00273374419509731,1,glioma,0.9959800688449408,919d6f0fb3ca462983d6df6ec06846e41abd9645
efficientnet_b0,A,2351,MR026175E,patient_disjoint,2,1,glioma,0.0005685691760156538,0.9976769110492203,0.0017545197747639925,1,glioma,0.9976769110492203,919d6f0fb3ca462983d6df6ec06846e41abd9645
efficientnet_b0,A,2352,MR026175E,patient_disjoint,2,1,glioma,0.0006947667669155017,0.9983792681783822,0.000925965054702156,1,glioma,0.9983792681783822,919d6f0fb3ca462983d6df6ec06846e41abd9645
efficientnet_b0,A,2353,MR026175E,patient_disjoint,2,1,glioma,0.0009753999800391136,0.9974258043943528,0.001598795625608171,1,glioma,0.9974258043943528,919d6f0fb3ca462983d6df6ec06846e41abd9645
efficientnet_b0,A,2354,MR026175E,patient_disjoint,2,1,glioma,0.0004040046272751524,0.9977350348482475,0.0018609605244773383,1,glioma,0.9977350348482475,919d6f0fb3ca462983d6df6ec06846e41abd9645
efficientnet_b0,A,2355,MR026175E,patient_disjoint,2,1,glioma,0.00022009626262168818,0.9990951924387195,0.0006847112986587244,1,glioma,0.9990951924387195,919d6f0fb3ca462983d6df6ec06846e41abd9645
efficientnet_b0,A,2356,MR026175E,patient_disjoint,2,1,glioma,0.0006103220267898048,0.9975610970640031,0.0018285809092070573,1,glioma,0.9975610970640031,919d6f0fb3ca462983d6df6ec06846e41abd9645
efficientnet_b0,A,2357,MR026175E,patient_disjoint,2,1,glioma,0.000267687833944112,0.9994640579539392,0.0002682542121167045,1,glioma,0.9994640579539392,919d6f0fb3ca462983d6df6ec06846e41abd9645
efficientnet_b0,A,2358,MR026175E,patient_disjoint,2,1,glioma,0.0007043090660317734,0.9987220463997056,0.0005736445342625283,1,glioma,0.9987220463997056,919d6f0fb3ca462983d6df6ec06846e41abd9645
efficientnet_b0,A,2359,MR026175E,patient_disjoint,2,1,glioma,0.0005475209836715122,0.9990454817755666,0.0004069972407617622,1,glioma,0.9990454817755666,919d6f0fb3ca462983d6df6ec06846e41abd9645
efficientnet_b0,A,2360,MR026175E,patient_disjoint,2,1,glioma,0.00017303467300918836,0.9996741109072457,0.00015285441974516144,1,glioma,0.9996741109072457,919d6f0fb3ca462983d6df6ec06846e41abd9645
efficientnet_b0,A,2361,MR026175E,patient_disjoint,2,1,glioma,0.00022060448295479197,0.9996212417228659,0.00015815379417916483,1,glioma,0.9996212417228659,919d6f0fb3ca462983d6df6ec06846e41abd9645
efficientnet_b0,A,2362,MR040240C,patient_disjoint,2,1,glioma,0.0001260030495610646,0.9983583743502435,0.0015156226001952215,1,glioma,0.9983583743502435,919d6f0fb3ca462983d6df6ec06846e41abd9645
efficientnet_b0,A,2363,MR040240C,patient_disjoint,2,1,glioma,0.002178875313042218,0.9881555929138169,0.009665531773140888,1,glioma,0.9881555929138169,919d6f0fb3ca462983d6df6ec06846e41abd9645
efficientnet_b0,A,2364,MR040240C,patient_disjoint,2,1,glioma,0.003393793853792886,0.9847768703996301,0.011829335746577008,1,glioma,0.9847768703996301,919d6f0fb3ca462983d6df6ec06846e41abd9645
efficientnet_b0,A,2365,MR040240C,patient_disjoint,2,1,glioma,1.739248830251191e-05,0.9993931981810159,0.0005894093306814981,1,glioma,0.9993931981810159,919d6f0fb3ca462983d6df6ec06846e41abd9645
efficientnet_b0,A,2366,MR040240C,patient_disjoint,2,1,glioma,1.7333623882030847e-05,0.9998866450225871,9.602135353100016e-05,1,glioma,0.9998866450225871,919d6f0fb3ca462983d6df6ec06846e41abd9645
efficientnet_b0,A,2367,MR040240C,patient_disjoint,2,1,glioma,7.911155199679778e-05,0.9995461068539795,0.00037478159402363527,1,glioma,0.9995461068539795,919d6f0fb3ca462983d6df6ec06846e41abd9645
efficientnet_b0,A,2368,MR040240C,patient_disjoint,2,1,glioma,0.00024769577389070123,0.9990898130956404,0.0006624911304689469,1,glioma,0.9990898130956404,919d6f0fb3ca462983d6df6ec06846e41abd9645
efficientnet_b0,A,2369,MR040240C,patient_disjoint,2,1,glioma,0.00024804024473439,0.9993907002969392,0.0003612594583264133,1,glioma,0.9993907002969392,919d6f0fb3ca462983d6df6ec06846e41abd9645
efficientnet_b0,A,2370,MR040240C,patient_disjoint,2,1,glioma,7.94266913144942e-05,0.9998227610464908,9.781226219482917e-05,1,glioma,0.9998227610464908,919d6f0fb3ca462983d6df6ec06846e41abd9645
efficientnet_b0,A,2371,MR040240C,patient_disjoint,2,1,glioma,0.00015577466838599994,0.9996727722530664,0.00017145307854782676,1,glioma,0.9996727722530664,919d6f0fb3ca462983d6df6ec06846e41abd9645
efficientnet_b0,A,2372,MR040240C,patient_disjoint,2,1,glioma,4.8247306073079886e-05,0.9998906064196077,6.114627431922634e-05,1,glioma,0.9998906064196077,919d6f0fb3ca462983d6df6ec06846e41abd9645
efficientnet_b0,A,2384,MR017260F,patient_disjoint,2,1,glioma,0.00010439761949549177,0.9991319341435464,0.0007636682369580538,1,glioma,0.9991319341435464,919d6f0fb3ca462983d6df6ec06846e41abd9645
efficientnet_b0,A,2385,MR017260F,patient_disjoint,2,1,glioma,0.00012353355777870826,0.999052707504916,0.0008237589373052056,1,glioma,0.999052707504916,919d6f0fb3ca462983d6df6ec06846e41abd9645
efficientnet_b0,A,2386,MR017260F,patient_disjoint,2,1,glioma,0.00035807634775420876,0.9991375880593518,0.0005043355928939416,1,glioma,0.9991375880593518,919d6f0fb3ca462983d6df6ec06846e41abd9645
efficientnet_b0,A,2387,MR017260F,patient_disjoint,2,1,glioma,6.335196919644959e-05,0.9998130820987393,0.00012356593206428788,1,glioma,0.9998130820987393,919d6f0fb3ca462983d6df6ec06846e41abd9645
efficientnet_b0,A,2388,MR017260F,patient_disjoint,2,1,glioma,0.008019466735850921,0.9890114674581731,0.002969065805976089,1,glioma,0.9890114674581731,919d6f0fb3ca462983d6df6ec06846e41abd9645
efficientnet_b0,A,2389,MR017260F,patient_disjoint,2,1,glioma,7.509818887451021e-05,0.9997935502970583,0.000131351514067214,1,glioma,0.9997935502970583,919d6f0fb3ca462983d6df6ec06846e41abd9645
efficientnet_b0,A,2390,MR017260F,patient_disjoint,2,1,glioma,0.0002811790442346485,0.9995308959426998,0.00018792501306538493,1,glioma,0.9995308959426998,919d6f0fb3ca462983d6df6ec06846e41abd9645
efficientnet_b0,A,2391,MR017260F,patient_disjoint,2,1,glioma,0.0006497495840917378,0.9991846323706112,0.0001656180452970913,1,glioma,0.9991846323706112,919d6f0fb3ca462983d6df6ec06846e41abd9645
efficientnet_b0,A,2392,MR017260F,patient_disjoint,2,1,glioma,0.00014022826691583606,0.9997531565060944,0.00010661522698966617,1,glioma,0.9997531565060944,919d6f0fb3ca462983d6df6ec06846e41abd9645
efficientnet_b0,A,2393,MR017260F,patient_disjoint,2,1,glioma,0.0015541255522373047,0.9979792384435618,0.00046663600420080933,1,glioma,0.9979792384435618,919d6f0fb3ca462983d6df6ec06846e41abd9645
efficientnet_b0,A,2435,MR048994,patient_disjoint,2,1,glioma,1.2007932293101032e-05,0.9999852961088257,2.6959588811187548e-06,1,glioma,0.9999852961088257,919d6f0fb3ca462983d6df6ec06846e41abd9645
efficientnet_b0,A,2436,MR048994,patient_disjoint,2,1,glioma,0.003028249114380674,0.994397574175053,0.002574176710566182,1,glioma,0.994397574175053,919d6f0fb3ca462983d6df6ec06846e41abd9645
efficientnet_b0,A,2437,MR048994,patient_disjoint,2,1,glioma,1.5273369793423507e-05,0.9999614091037426,2.331752646399464e-05,1,glioma,0.9999614091037426,919d6f0fb3ca462983d6df6ec06846e41abd9645
efficientnet_b0,A,2438,MR048994,patient_disjoint,2,1,glioma,3.4670755657321084e-05,0.9998979405102493,6.738873409350342e-05,1,glioma,0.9998979405102493,919d6f0fb3ca462983d6df6ec06846e41abd9645
efficientnet_b0,A,2439,MR048994,patient_disjoint,2,1,glioma,0.00031112050023931743,0.9995487726273156,0.0001401068724450802,1,glioma,0.9995487726273156,919d6f0fb3ca462983d6df6ec06846e41abd9645
efficientnet_b0,A,2440,MR048994,patient_disjoint,2,1,glioma,0.00031389451838139423,0.9996063480914299,7.975739018868044e-05,1,glioma,0.9996063480914299,919d6f0fb3ca462983d6df6ec06846e41abd9645
efficientnet_b0,A,2441,MR048994,patient_disjoint,2,1,glioma,0.00030888700008052926,0.9995911807021602,9.993229775926945e-05,1,glioma,0.9995911807021602,919d6f0fb3ca462983d6df6ec06846e41abd9645
efficientnet_b0,A,2499,MR026175E,patient_disjoint,2,1,glioma,0.00018210767094402417,0.9996232454135063,0.00019464691554965313,1,glioma,0.9996232454135063,919d6f0fb3ca462983d6df6ec06846e41abd9645
efficientnet_b0,A,2500,MR026175E,patient_disjoint,2,1,glioma,4.608967693151649e-05,0.9999336164517352,2.0293871333290185e-05,1,glioma,0.9999336164517352,919d6f0fb3ca462983d6df6ec06846e41abd9645
efficientnet_b0,A,2501,MR026175E,patient_disjoint,2,1,glioma,4.971867637941793e-06,0.9999925858758186,2.4422565434499455e-06,1,glioma,0.9999925858758186,919d6f0fb3ca462983d6df6ec06846e41abd9645
efficientnet_b0,A,2502,MR026175E,patient_disjoint,2,1,glioma,0.00022218821696458061,0.9997293561737026,4.8455609332661215e-05,1,glioma,0.9997293561737026,919d6f0fb3ca462983d6df6ec06846e41abd9645
efficientnet_b0,A,2503,MR026175E,patient_disjoint,2,1,glioma,9.495068847541613e-05,0.9998763088340265,2.8740477498079064e-05,1,glioma,0.9998763088340265,919d6f0fb3ca462983d6df6ec06846e41abd9645
efficientnet_b0,A,2504,MR026175E,patient_disjoint,2,1,glioma,3.107525564737686e-05,0.9999448868050727,2.4037939279991642e-05,1,glioma,0.9999448868050727,919d6f0fb3ca462983d6df6ec06846e41abd9645
efficientnet_b0,A,2505,MR026175E,patient_disjoint,2,1,glioma,8.094885384636954e-05,0.9998639221492316,5.512899692200133e-05,1,glioma,0.9998639221492316,919d6f0fb3ca462983d6df6ec06846e41abd9645
efficientnet_b0,A,2506,MR026175E,patient_disjoint,2,1,glioma,5.7332726137965945e-05,0.9999149219116408,2.7745362221317308e-05,1,glioma,0.9999149219116408,919d6f0fb3ca462983d6df6ec06846e41abd9645
efficientnet_b0,A,2507,MR026175E,patient_disjoint,2,1,glioma,0.0003302110502997761,0.9994786944959905,0.00019109445370990282,1,glioma,0.9994786944959905,919d6f0fb3ca462983d6df6ec06846e41abd9645
efficientnet_b0,A,2508,MR026175E,patient_disjoint,2,1,glioma,5.267467245235959e-05,0.9999044004038307,4.292492371685597e-05,1,glioma,0.9999044004038307,919d6f0fb3ca462983d6df6ec06846e41abd9645
efficientnet_b0,A,2509,MR040240C,patient_disjoint,2,1,glioma,0.000184619422991219,0.9984416782628014,0.0013737023142073956,1,glioma,0.9984416782628014,919d6f0fb3ca462983d6df6ec06846e41abd9645
efficientnet_b0,A,2510,MR040240C,patient_disjoint,2,1,glioma,0.00036388497794889816,0.9986627166307159,0.0009733983913352148,1,glioma,0.9986627166307159,919d6f0fb3ca462983d6df6ec06846e41abd9645
efficientnet_b0,A,2511,MR040240C,patient_disjoint,2,1,glioma,0.0002240102049721332,0.9996292243770198,0.00014676541800789244,1,glioma,0.9996292243770198,919d6f0fb3ca462983d6df6ec06846e41abd9645
efficientnet_b0,A,2512,MR040240C,patient_disjoint,2,1,glioma,0.0007247662223395138,0.9990835200065934,0.0001917137710673091,1,glioma,0.9990835200065934,919d6f0fb3ca462983d6df6ec06846e41abd9645
efficientnet_b0,A,2513,MR040240C,patient_disjoint,2,1,glioma,0.006319537517516897,0.9833243014350154,0.010356161047467767,1,glioma,0.9833243014350154,919d6f0fb3ca462983d6df6ec06846e41abd9645
efficientnet_b0,A,2514,MR040240C,patient_disjoint,2,1,glioma,0.0008539523039606195,0.9984288534325053,0.0007171942635341025,1,glioma,0.9984288534325053,919d6f0fb3ca462983d6df6ec06846e41abd9645
efficientnet_b0,A,2515,MR040240C,patient_disjoint,2,1,glioma,0.0009435508186718597,0.9989814329580439,7.501622328433411e-05,1,glioma,0.9989814329580439,919d6f0fb3ca462983d6df6ec06846e41abd9645
efficientnet_b0,A,2516,MR040240C,patient_disjoint,2,1,glioma,0.0007256506325614168,0.9981395176532818,0.001134831714156721,1,glioma,0.9981395176532818,919d6f0fb3ca462983d6df6ec06846e41abd9645
efficientnet_b0,A,2517,MR040240C,patient_disjoint,2,1,glioma,0.0003862321341419582,0.9989507783298052,0.0006629895360527477,1,glioma,0.9989507783298052,919d6f0fb3ca462983d6df6ec06846e41abd9645
efficientnet_b0,A,2518,MR040240C,patient_disjoint,2,1,glioma,0.0010579357132278868,0.9972062575541363,0.0017358067326357603,1,glioma,0.9972062575541363,919d6f0fb3ca462983d6df6ec06846e41abd9645
efficientnet_b0,A,2519,MR040240C,patient_disjoint,2,1,glioma,0.0005944515784709529,0.999003839784736,0.0004017086367931238,1,glioma,0.999003839784736,919d6f0fb3ca462983d6df6ec06846e41abd9645
efficientnet_b0,A,2520,MR040240C,patient_disjoint,2,1,glioma,0.00047645700004598715,0.9991702961275347,0.00035324687241913985,1,glioma,0.9991702961275347,919d6f0fb3ca462983d6df6ec06846e41abd9645
efficientnet_b0,A,2521,MR040240C,patient_disjoint,2,1,glioma,7.456899519642427e-05,0.9999157008589826,9.730145821055583e-06,1,glioma,0.9999157008589826,919d6f0fb3ca462983d6df6ec06846e41abd9645
efficientnet_b0,A,2522,MR040240C,patient_disjoint,2,1,glioma,0.0036998995470831084,0.994621868992588,0.0016782314603288433,1,glioma,0.994621868992588,919d6f0fb3ca462983d6df6ec06846e41abd9645
efficientnet_b0,A,2523,MR040240C,patient_disjoint,2,1,glioma,0.000390440230608491,0.9992844716651094,0.0003250881042821141,1,glioma,0.9992844716651094,919d6f0fb3ca462983d6df6ec06846e41abd9645
efficientnet_b0,A,2524,MR017260F,patient_disjoint,2,1,glioma,0.0013566874067733959,0.9984996981786725,0.00014361441455411778,1,glioma,0.9984996981786725,919d6f0fb3ca462983d6df6ec06846e41abd9645
efficientnet_b0,A,2525,MR017260F,patient_disjoint,2,1,glioma,0.00013111087711675275,0.9997789995524285,8.988957045475892e-05,1,glioma,0.9997789995524285,919d6f0fb3ca462983d6df6ec06846e41abd9645
efficientnet_b0,A,2526,MR017260F,patient_disjoint,2,1,glioma,0.00014674119723288544,0.9997926737688039,6.0585033963269585e-05,1,glioma,0.9997926737688039,919d6f0fb3ca462983d6df6ec06846e41abd9645
efficientnet_b0,A,2527,MR017260F,patient_disjoint,2,1,glioma,2.516762106639967e-06,0.9999897425543633,7.740683529918268e-06,1,glioma,0.9999897425543633,919d6f0fb3ca462983d6df6ec06846e41abd9645
efficientnet_b0,A,2528,MR017260F,patient_disjoint,2,1,glioma,1.4465317148246946e-05,0.9999319864937763,5.354818907527908e-05,1,glioma,0.9999319864937763,919d6f0fb3ca462983d6df6ec06846e41abd9645
efficientnet_b0,A,2529,MR017260F,patient_disjoint,2,1,glioma,2.7417410980143782e-05,0.9999005792524619,7.200333655801448e-05,1,glioma,0.9999005792524619,919d6f0fb3ca462983d6df6ec06846e41abd9645
efficientnet_b0,A,2624,MR034694,patient_disjoint,2,1,glioma,2.9821515036715494e-05,0.999939456198672,3.072228629135168e-05,1,glioma,0.999939456198672,919d6f0fb3ca462983d6df6ec06846e41abd9645
efficientnet_b0,A,2625,MR034694,patient_disjoint,2,1,glioma,2.2418676483396333e-05,0.9999504709776563,2.7110345860514297e-05,1,glioma,0.9999504709776563,919d6f0fb3ca462983d6df6ec06846e41abd9645
efficientnet_b0,A,2626,MR034694,patient_disjoint,2,1,glioma,0.00012155212987099703,0.9996730831409836,0.00020536472914547786,1,glioma,0.9996730831409836,919d6f0fb3ca462983d6df6ec06846e41abd9645
efficientnet_b0,A,2627,MR034694,patient_disjoint,2,1,glioma,0.00037389648888659855,0.999179124414297,0.0004469790968163768,1,glioma,0.999179124414297,919d6f0fb3ca462983d6df6ec06846e41abd9645
efficientnet_b0,A,2628,MR034694,patient_disjoint,2,1,glioma,9.785419492816764e-05,0.9997964778372939,0.000105667967777977,1,glioma,0.9997964778372939,919d6f0fb3ca462983d6df6ec06846e41abd9645
efficientnet_b0,A,2629,MR034694,patient_disjoint,2,1,glioma,2.5594227876587624e-05,0.999945418789285,2.898698283830883e-05,1,glioma,0.999945418789285,919d6f0fb3ca462983d6df6ec06846e41abd9645
efficientnet_b0,A,2630,MR034694,patient_disjoint,2,1,glioma,0.00014493645536088514,0.9995612957913337,0.00029376775330546,1,glioma,0.9995612957913337,919d6f0fb3ca462983d6df6ec06846e41abd9645
efficientnet_b0,A,2646,MR053241C,patient_disjoint,2,1,glioma,0.00035142745612681885,0.9993733272581903,0.00027524528568293144,1,glioma,0.9993733272581903,919d6f0fb3ca462983d6df6ec06846e41abd9645
efficientnet_b0,A,2647,MR053241C,patient_disjoint,2,1,glioma,0.00010694452270910771,0.9997132837383623,0.0001797717389285836,1,glioma,0.9997132837383623,919d6f0fb3ca462983d6df6ec06846e41abd9645
efficientnet_b0,A,2648,MR053241C,patient_disjoint,2,1,glioma,0.0001625776010882754,0.9996241803090883,0.00021324208982348436,1,glioma,0.9996241803090883,919d6f0fb3ca462983d6df6ec06846e41abd9645
efficientnet_b0,A,2649,MR053241C,patient_disjoint,2,1,glioma,0.0008246623857710592,0.9981171759723255,0.0010581616419034815,1,glioma,0.9981171759723255,919d6f0fb3ca462983d6df6ec06846e41abd9645
efficientnet_b0,A,2678,MR031409B,patient_disjoint,2,1,glioma,4.5016763001379604e-05,0.9998804750867882,7.450815021058515e-05,1,glioma,0.9998804750867882,919d6f0fb3ca462983d6df6ec06846e41abd9645
efficientnet_b0,A,2679,MR031409B,patient_disjoint,2,1,glioma,0.0001322783571510497,0.999664108906696,0.00020361273615276083,1,glioma,0.999664108906696,919d6f0fb3ca462983d6df6ec06846e41abd9645
efficientnet_b0,A,2688,MR032322C,patient_disjoint,2,1,glioma,0.0006362184382023115,0.9913459410654962,0.008017840496301384,1,glioma,0.9913459410654962,919d6f0fb3ca462983d6df6ec06846e41abd9645
efficientnet_b0,A,2689,MR032322C,patient_disjoint,2,1,glioma,2.348811077459255e-05,0.9998955211528263,8.099073639909627e-05,1,glioma,0.9998955211528263,919d6f0fb3ca462983d6df6ec06846e41abd9645
efficientnet_b0,A,2690,MR032322C,patient_disjoint,2,1,glioma,2.600666959391609e-05,0.999956595243885,1.739808652101088e-05,1,glioma,0.999956595243885,919d6f0fb3ca462983d6df6ec06846e41abd9645
efficientnet_b0,A,2691,MR032322C,patient_disjoint,2,1,glioma,2.1032048306087145e-05,0.9999662720861845,1.2695865509501347e-05,1,glioma,0.9999662720861845,919d6f0fb3ca462983d6df6ec06846e41abd9645
efficientnet_b0,A,2692,MR032322C,patient_disjoint,2,1,glioma,1.0126243750385777e-05,0.99998633647787,3.5372783795707355e-06,1,glioma,0.99998633647787,919d6f0fb3ca462983d6df6ec06846e41abd9645
efficientnet_b0,A,2693,MR032322C,patient_disjoint,2,1,glioma,0.0006118843953618688,0.9992683990328411,0.00011971657179700723,1,glioma,0.9992683990328411,919d6f0fb3ca462983d6df6ec06846e41abd9645
efficientnet_b0,A,2694,MR032322C,patient_disjoint,2,1,glioma,0.001261863095839735,0.9861525108525054,0.012585626051654872,1,glioma,0.9861525108525054,919d6f0fb3ca462983d6df6ec06846e41abd9645
efficientnet_b0,A,2695,MR032322C,patient_disjoint,2,1,glioma,0.000920766915422801,0.9940415074780623,0.005037725606514894,1,glioma,0.9940415074780623,919d6f0fb3ca462983d6df6ec06846e41abd9645
efficientnet_b0,A,2696,MR032322C,patient_disjoint,2,1,glioma,0.0003133244637569793,0.9988013546951369,0.0008853208411063578,1,glioma,0.9988013546951369,919d6f0fb3ca462983d6df6ec06846e41abd9645
efficientnet_b0,A,2697,MR032322C,patient_disjoint,2,1,glioma,7.027528239008105e-05,0.9996046817344277,0.00032504298318220904,1,glioma,0.9996046817344277,919d6f0fb3ca462983d6df6ec06846e41abd9645
efficientnet_b0,A,2698,MR032322C,patient_disjoint,2,1,glioma,8.792737864772094e-05,0.9990329099064036,0.0008791627149487354,1,glioma,0.9990329099064036,919d6f0fb3ca462983d6df6ec06846e41abd9645
efficientnet_b0,A,2699,MR032322C,patient_disjoint,2,1,glioma,0.0005133515633991033,0.9960626956083027,0.0034239528282983545,1,glioma,0.9960626956083027,919d6f0fb3ca462983d6df6ec06846e41abd9645
efficientnet_b0,A,2700,MR032322C,patient_disjoint,2,1,glioma,0.00023078882274631343,0.9981280333494195,0.001641177827834289,1,glioma,0.9981280333494195,919d6f0fb3ca462983d6df6ec06846e41abd9645
efficientnet_b0,A,2701,MR032322C,patient_disjoint,2,1,glioma,4.763333418679016e-05,0.9998755392656081,7.68274002050098e-05,1,glioma,0.9998755392656081,919d6f0fb3ca462983d6df6ec06846e41abd9645
efficientnet_b0,A,2702,MR037458B,patient_disjoint,2,1,glioma,0.963519789365954,0.032819473250501476,0.003660737383544538,0,meningioma,0.963519789365954,919d6f0fb3ca462983d6df6ec06846e41abd9645
efficientnet_b0,A,2703,MR037458B,patient_disjoint,2,1,glioma,0.19466299255664982,0.8044675911386565,0.0008694163046936333,1,glioma,0.8044675911386565,919d6f0fb3ca462983d6df6ec06846e41abd9645
efficientnet_b0,A,2704,MR037458B,patient_disjoint,2,1,glioma,0.4030204326328582,0.5961376057474249,0.0008419616197168472,1,glioma,0.5961376057474249,919d6f0fb3ca462983d6df6ec06846e41abd9645
efficientnet_b0,A,2705,MR037458B,patient_disjoint,2,1,glioma,0.10107857762365663,0.8983278061222347,0.0005936162541085985,1,glioma,0.8983278061222347,919d6f0fb3ca462983d6df6ec06846e41abd9645
efficientnet_b0,A,2706,MR037458B,patient_disjoint,2,1,glioma,0.46054849029233363,0.538370461600438,0.0010810481072284091,1,glioma,0.538370461600438,919d6f0fb3ca462983d6df6ec06846e41abd9645
efficientnet_b0,A,2707,MR037458B,patient_disjoint,2,1,glioma,0.9357140903549002,0.06359670562894107,0.0006892040161588551,0,meningioma,0.9357140903549002,919d6f0fb3ca462983d6df6ec06846e41abd9645
efficientnet_b0,A,2708,MR037458B,patient_disjoint,2,1,glioma,0.5546786788527157,0.4429879753495839,0.0023333457977003412,0,meningioma,0.5546786788527157,919d6f0fb3ca462983d6df6ec06846e41abd9645
efficientnet_b0,A,2709,MR037458B,patient_disjoint,2,1,glioma,0.6864834173459856,0.31272093541421403,0.0007956472398004008,0,meningioma,0.6864834173459856,919d6f0fb3ca462983d6df6ec06846e41abd9645
efficientnet_b0,A,2714,MR039473B,patient_disjoint,2,1,glioma,0.0003996268359779959,0.995482614327042,0.00411775883698007,1,glioma,0.995482614327042,919d6f0fb3ca462983d6df6ec06846e41abd9645
efficientnet_b0,A,2715,MR039473B,patient_disjoint,2,1,glioma,4.178619088472205e-05,0.9993052482457944,0.0006529655633209101,1,glioma,0.9993052482457944,919d6f0fb3ca462983d6df6ec06846e41abd9645
efficientnet_b0,A,2716,MR039473B,patient_disjoint,2,1,glioma,0.00019300869012547849,0.9977499958068334,0.002056995503041043,1,glioma,0.9977499958068334,919d6f0fb3ca462983d6df6ec06846e41abd9645
efficientnet_b0,A,2717,MR039473B,patient_disjoint,2,1,glioma,0.00012606025917977367,0.9989321663099114,0.0009417734309086475,1,glioma,0.9989321663099114,919d6f0fb3ca462983d6df6ec06846e41abd9645
efficientnet_b0,A,2718,MR039473B,patient_disjoint,2,1,glioma,0.0004853977108117052,0.9915619875291074,0.007952614760080846,1,glioma,0.9915619875291074,919d6f0fb3ca462983d6df6ec06846e41abd9645
efficientnet_b0,A,2719,MR039473B,patient_disjoint,2,1,glioma,0.00024084828499989632,0.9986224802990833,0.0011366714159168642,1,glioma,0.9986224802990833,919d6f0fb3ca462983d6df6ec06846e41abd9645
efficientnet_b0,A,2720,MR039473B,patient_disjoint,2,1,glioma,0.00024112632935889504,0.9983682967047981,0.0013905769658429988,1,glioma,0.9983682967047981,919d6f0fb3ca462983d6df6ec06846e41abd9645
efficientnet_b0,A,2721,MR039473B,patient_disjoint,2,1,glioma,0.00022454972417183756,0.9986772295952602,0.0010982206805680375,1,glioma,0.9986772295952602,919d6f0fb3ca462983d6df6ec06846e41abd9645
efficientnet_b0,A,2722,MR039473B,patient_disjoint,2,1,glioma,0.00014520652101183504,0.9992503765859347,0.0006044168930535675,1,glioma,0.9992503765859347,919d6f0fb3ca462983d6df6ec06846e41abd9645
efficientnet_b0,A,2748,MR031409B,patient_disjoint,2,1,glioma,0.0005160817883127505,0.9994170360238812,6.688218780598169e-05,1,glioma,0.9994170360238812,919d6f0fb3ca462983d6df6ec06846e41abd9645
efficientnet_b0,A,2749,MR031409B,patient_disjoint,2,1,glioma,0.00022994222840863057,0.9995537660210958,0.00021629175049538992,1,glioma,0.9995537660210958,919d6f0fb3ca462983d6df6ec06846e41abd9645
efficientnet_b0,A,2758,MR032322C,patient_disjoint,2,1,glioma,0.00020485527832514585,0.9996476313401023,0.00014751338157260708,1,glioma,0.9996476313401023,919d6f0fb3ca462983d6df6ec06846e41abd9645
efficientnet_b0,A,2759,MR032322C,patient_disjoint,2,1,glioma,0.0002496290656859019,0.999520786658567,0.00022958427574709198,1,glioma,0.999520786658567,919d6f0fb3ca462983d6df6ec06846e41abd9645
efficientnet_b0,A,2760,MR032322C,patient_disjoint,2,1,glioma,9.167475360057012e-05,0.9993825386932871,0.0005257865531122306,1,glioma,0.9993825386932871,919d6f0fb3ca462983d6df6ec06846e41abd9645
efficientnet_b0,A,2761,MR032322C,patient_disjoint,2,1,glioma,0.0008839324559730465,0.9976052662494019,0.0015108012946250062,1,glioma,0.9976052662494019,919d6f0fb3ca462983d6df6ec06846e41abd9645
efficientnet_b0,A,2762,MR032322C,patient_disjoint,2,1,glioma,0.00015991041369150093,0.9991162225138197,0.0007238670724886427,1,glioma,0.9991162225138197,919d6f0fb3ca462983d6df6ec06846e41abd9645
efficientnet_b0,A,2763,MR032322C,patient_disjoint,2,1,glioma,0.00024565174549993397,0.9995125374466722,0.00024181080782779415,1,glioma,0.9995125374466722,919d6f0fb3ca462983d6df6ec06846e41abd9645
efficientnet_b0,A,2764,MR032322C,patient_disjoint,2,1,glioma,0.0004928523314631074,0.9976999370637705,0.0018072106047664987,1,glioma,0.9976999370637705,919d6f0fb3ca462983d6df6ec06846e41abd9645
efficientnet_b0,A,2765,MR032322C,patient_disjoint,2,1,glioma,0.0001320785420237077,0.9994158955993537,0.00045202585862252654,1,glioma,0.9994158955993537,919d6f0fb3ca462983d6df6ec06846e41abd9645
efficientnet_b0,A,2766,MR032322C,patient_disjoint,2,1,glioma,9.175915129754916e-05,0.9992340084360064,0.0006742324126960734,1,glioma,0.9992340084360064,919d6f0fb3ca462983d6df6ec06846e41abd9645
efficientnet_b0,A,2767,MR032322C,patient_disjoint,2,1,glioma,0.00011929338053384562,0.9992195855888167,0.0006611210306492831,1,glioma,0.9992195855888167,919d6f0fb3ca462983d6df6ec06846e41abd9645
efficientnet_b0,A,2768,MR032322C,patient_disjoint,2,1,glioma,0.0015174748985090265,0.9878707638556798,0.010611761245811062,1,glioma,0.9878707638556798,919d6f0fb3ca462983d6df6ec06846e41abd9645
efficientnet_b0,A,2769,MR037458B,patient_disjoint,2,1,glioma,0.0260987108467407,0.9735487174177089,0.0003525717355503705,1,glioma,0.9735487174177089,919d6f0fb3ca462983d6df6ec06846e41abd9645
efficientnet_b0,A,2770,MR037458B,patient_disjoint,2,1,glioma,0.6140851640540069,0.38433699512789443,0.0015778408180987587,0,meningioma,0.6140851640540069,919d6f0fb3ca462983d6df6ec06846e41abd9645
efficientnet_b0,A,2771,MR037458B,patient_disjoint,2,1,glioma,0.0051097350697002185,0.9947347571280998,0.00015550780219992342,1,glioma,0.9947347571280998,919d6f0fb3ca462983d6df6ec06846e41abd9645
efficientnet_b0,A,2772,MR037458B,patient_disjoint,2,1,glioma,0.17658690947169037,0.8230723466652837,0.0003407438630260183,1,glioma,0.8230723466652837,919d6f0fb3ca462983d6df6ec06846e41abd9645
efficientnet_b0,A,2773,MR037458B,patient_disjoint,2,1,glioma,0.9696552720812057,0.028286490389531835,0.0020582375292622812,0,meningioma,0.9696552720812057,919d6f0fb3ca462983d6df6ec06846e41abd9645
efficientnet_b0,A,2780,MR039473B,patient_disjoint,2,1,glioma,0.00034782357993930814,0.9994942550251127,0.00015792139494803044,1,glioma,0.9994942550251127,919d6f0fb3ca462983d6df6ec06846e41abd9645
efficientnet_b0,A,2781,MR039473B,patient_disjoint,2,1,glioma,0.005755648298104599,0.9908380665242925,0.0034062851776028376,1,glioma,0.9908380665242925,919d6f0fb3ca462983d6df6ec06846e41abd9645
efficientnet_b0,A,2782,MR039473B,patient_disjoint,2,1,glioma,0.0003432888979425603,0.999159263297995,0.000497447804062449,1,glioma,0.999159263297995,919d6f0fb3ca462983d6df6ec06846e41abd9645
efficientnet_b0,A,2783,MR039473B,patient_disjoint,2,1,glioma,0.0006437940343870733,0.9987216533576053,0.0006345526080075979,1,glioma,0.9987216533576053,919d6f0fb3ca462983d6df6ec06846e41abd9645
efficientnet_b0,A,2784,MR039473B,patient_disjoint,2,1,glioma,4.910529370730927e-05,0.9997171595845463,0.0002337351217462941,1,glioma,0.9997171595845463,919d6f0fb3ca462983d6df6ec06846e41abd9645
efficientnet_b0,A,2785,MR039473B,patient_disjoint,2,1,glioma,0.001093978869432563,0.996942581347952,0.001963439782615282,1,glioma,0.996942581347952,919d6f0fb3ca462983d6df6ec06846e41abd9645
efficientnet_b0,A,2786,MR039473B,patient_disjoint,2,1,glioma,3.857311781631907e-05,0.9998687319371002,9.269494508363272e-05,1,glioma,0.9998687319371002,919d6f0fb3ca462983d6df6ec06846e41abd9645
efficientnet_b0,A,2846,MR048994,patient_disjoint,2,1,glioma,0.0028113433409338697,0.9958123520516957,0.0013763046073704704,1,glioma,0.9958123520516957,919d6f0fb3ca462983d6df6ec06846e41abd9645
efficientnet_b0,A,2847,MR048994,patient_disjoint,2,1,glioma,0.00424035629575606,0.9952959759948514,0.00046366770939252906,1,glioma,0.9952959759948514,919d6f0fb3ca462983d6df6ec06846e41abd9645
efficientnet_b0,A,2848,MR048994,patient_disjoint,2,1,glioma,0.002289567910320492,0.9972977560673837,0.0004126760222957029,1,glioma,0.9972977560673837,919d6f0fb3ca462983d6df6ec06846e41abd9645
efficientnet_b0,A,2849,MR048994,patient_disjoint,2,1,glioma,0.00029848050930124327,0.999608224156919,9.329533377988975e-05,1,glioma,0.999608224156919,919d6f0fb3ca462983d6df6ec06846e41abd9645
efficientnet_b0,A,2850,MR048994,patient_disjoint,2,1,glioma,0.0012252314538654546,0.9987059631114711,6.880543466344715e-05,1,glioma,0.9987059631114711,919d6f0fb3ca462983d6df6ec06846e41abd9645
efficientnet_b0,A,2851,MR048994,patient_disjoint,2,1,glioma,0.0023777452458534905,0.9974689337839374,0.00015332097020917784,1,glioma,0.9974689337839374,919d6f0fb3ca462983d6df6ec06846e41abd9645
efficientnet_b0,A,2852,MR048994,patient_disjoint,2,1,glioma,0.0006256045056704113,0.9993511418765169,2.325361781270985e-05,1,glioma,0.9993511418765169,919d6f0fb3ca462983d6df6ec06846e41abd9645
efficientnet_b0,A,2853,MR048994,patient_disjoint,2,1,glioma,0.0010194000587607115,0.9989511318553951,2.9468085844170978e-05,1,glioma,0.9989511318553951,919d6f0fb3ca462983d6df6ec06846e41abd9645
efficientnet_b0,A,2876,MR049453,patient_disjoint,2,1,glioma,0.0006156100773353387,0.9980419847261902,0.0013424051964743985,1,glioma,0.9980419847261902,919d6f0fb3ca462983d6df6ec06846e41abd9645
efficientnet_b0,A,2877,MR049453,patient_disjoint,2,1,glioma,0.00017682711298486138,0.9991631412298401,0.0006600316571751378,1,glioma,0.9991631412298401,919d6f0fb3ca462983d6df6ec06846e41abd9645
efficientnet_b0,A,2878,MR049453,patient_disjoint,2,1,glioma,3.573428391643994e-05,0.9997767788903102,0.0001874868257734203,1,glioma,0.9997767788903102,919d6f0fb3ca462983d6df6ec06846e41abd9645
efficientnet_b0,A,2879,MR049453,patient_disjoint,2,1,glioma,9.993046461063275e-05,0.9997167979699597,0.00018327156542961753,1,glioma,0.9997167979699597,919d6f0fb3ca462983d6df6ec06846e41abd9645
efficientnet_b0,A,2880,MR049453,patient_disjoint,2,1,glioma,0.0002605228934225413,0.9988321515330914,0.0009073255734861026,1,glioma,0.9988321515330914,919d6f0fb3ca462983d6df6ec06846e41abd9645
efficientnet_b0,A,2881,MR049453,patient_disjoint,2,1,glioma,0.000121169231809302,0.9994385317966185,0.00044029897157224664,1,glioma,0.9994385317966185,919d6f0fb3ca462983d6df6ec06846e41abd9645
efficientnet_b0,A,2882,MR049453,patient_disjoint,2,1,glioma,0.00021097635618439413,0.9990641107849416,0.0007249128588739477,1,glioma,0.9990641107849416,919d6f0fb3ca462983d6df6ec06846e41abd9645
efficientnet_b0,A,2883,MR049453,patient_disjoint,2,1,glioma,0.0008650397225843398,0.9979821166991301,0.0011528435782854804,1,glioma,0.9979821166991301,919d6f0fb3ca462983d6df6ec06846e41abd9645
efficientnet_b0,A,2884,MR049453,patient_disjoint,2,1,glioma,0.00029376464420264946,0.9995261711150687,0.00018006424072877523,1,glioma,0.9995261711150687,919d6f0fb3ca462983d6df6ec06846e41abd9645
efficientnet_b0,A,2891,MR050135B,patient_disjoint,2,1,glioma,0.00020660774713149142,0.9997180072544141,7.538499845455522e-05,1,glioma,0.9997180072544141,919d6f0fb3ca462983d6df6ec06846e41abd9645
efficientnet_b0,A,2892,MR050135B,patient_disjoint,2,1,glioma,0.000109493221200892,0.9998703709666711,2.013581212808919e-05,1,glioma,0.9998703709666711,919d6f0fb3ca462983d6df6ec06846e41abd9645
efficientnet_b0,A,2893,MR050135B,patient_disjoint,2,1,glioma,0.0011211974105265702,0.9981394846950133,0.0007393178944603029,1,glioma,0.9981394846950133,919d6f0fb3ca462983d6df6ec06846e41abd9645
efficientnet_b0,A,2894,MR050135B,patient_disjoint,2,1,glioma,0.0005584194424080734,0.9993961549832276,4.5425574364244594e-05,1,glioma,0.9993961549832276,919d6f0fb3ca462983d6df6ec06846e41abd9645
efficientnet_b0,A,2895,MR050135B,patient_disjoint,2,1,glioma,0.00044054146443623906,0.9993900086647013,0.000169449870862695,1,glioma,0.9993900086647013,919d6f0fb3ca462983d6df6ec06846e41abd9645
efficientnet_b0,A,2896,MR050135B,patient_disjoint,2,1,glioma,0.000102404292820489,0.9996557087430148,0.00024188696416460527,1,glioma,0.9996557087430148,919d6f0fb3ca462983d6df6ec06846e41abd9645
efficientnet_b0,A,2897,MR050135B,patient_disjoint,2,1,glioma,0.00018560377765215134,0.9995839576065572,0.000230438615790721,1,glioma,0.9995839576065572,919d6f0fb3ca462983d6df6ec06846e41abd9645
efficientnet_b0,A,2898,MR050135B,patient_disjoint,2,1,glioma,0.004422886812369365,0.989876502367732,0.005700610819898663,1,glioma,0.989876502367732,919d6f0fb3ca462983d6df6ec06846e41abd9645
efficientnet_b0,A,2899,MR050135B,patient_disjoint,2,1,glioma,0.0002551716307256789,0.9996373674131677,0.00010746095610664502,1,glioma,0.9996373674131677,919d6f0fb3ca462983d6df6ec06846e41abd9645
efficientnet_b0,A,2918,MR051461,patient_disjoint,2,1,glioma,0.0001682221608853166,0.9997225777002462,0.00010920013886847438,1,glioma,0.9997225777002462,919d6f0fb3ca462983d6df6ec06846e41abd9645
efficientnet_b0,A,2919,MR051461,patient_disjoint,2,1,glioma,0.00019527228950143676,0.9997031183498124,0.00010160936068619824,1,glioma,0.9997031183498124,919d6f0fb3ca462983d6df6ec06846e41abd9645
efficientnet_b0,A,2920,MR051461,patient_disjoint,2,1,glioma,0.013064313585972563,0.9847753029729426,0.0021603834410850145,1,glioma,0.9847753029729426,919d6f0fb3ca462983d6df6ec06846e41abd9645
efficientnet_b0,A,2921,MR051461,patient_disjoint,2,1,glioma,0.012784086185940857,0.9835914351005143,0.003624478713544756,1,glioma,0.9835914351005143,919d6f0fb3ca462983d6df6ec06846e41abd9645
efficientnet_b0,A,2922,MR051461,patient_disjoint,2,1,glioma,0.007732330060264382,0.9890652617382959,0.0032024082014397697,1,glioma,0.9890652617382959,919d6f0fb3ca462983d6df6ec06846e41abd9645
efficientnet_b0,A,2923,MR051461,patient_disjoint,2,1,glioma,0.029677470249030356,0.9639327192769158,0.006389810474053962,1,glioma,0.9639327192769158,919d6f0fb3ca462983d6df6ec06846e41abd9645
efficientnet_b0,A,2924,MR051461,patient_disjoint,2,1,glioma,0.0005862396840174097,0.9992851626440105,0.0001285976719722362,1,glioma,0.9992851626440105,919d6f0fb3ca462983d6df6ec06846e41abd9645
efficientnet_b0,A,3005,MR034694,patient_disjoint,2,1,glioma,0.0007881212421492073,0.9977876874809026,0.0014241912769481287,1,glioma,0.9977876874809026,919d6f0fb3ca462983d6df6ec06846e41abd9645
efficientnet_b0,A,3006,MR034694,patient_disjoint,2,1,glioma,0.0013158039872173228,0.9942516778637439,0.004432518149038929,1,glioma,0.9942516778637439,919d6f0fb3ca462983d6df6ec06846e41abd9645
efficientnet_b0,A,3007,MR034694,patient_disjoint,2,1,glioma,0.00029109278811405406,0.999355156515328,0.0003537506965577731,1,glioma,0.999355156515328,919d6f0fb3ca462983d6df6ec06846e41abd9645
efficientnet_b0,A,3008,MR034694,patient_disjoint,2,1,glioma,0.000968800278996198,0.9931079076018597,0.005923292119144063,1,glioma,0.9931079076018597,919d6f0fb3ca462983d6df6ec06846e41abd9645
efficientnet_b0,A,3042,MR040240C,patient_disjoint,2,1,glioma,0.00020270487045984036,0.9997245717610004,7.272336853972691e-05,1,glioma,0.9997245717610004,919d6f0fb3ca462983d6df6ec06846e41abd9645
efficientnet_b0,A,3043,MR040240C,patient_disjoint,2,1,glioma,1.4561645714859003e-05,0.999978820885772,6.6174685132040835e-06,1,glioma,0.999978820885772,919d6f0fb3ca462983d6df6ec06846e41abd9645
efficientnet_b0,A,3044,MR040240C,patient_disjoint,2,1,glioma,1.3546696705834987e-05,0.9999839522528374,2.501050456723401e-06,1,glioma,0.9999839522528374,919d6f0fb3ca462983d6df6ec06846e41abd9645
efficientnet_b0,A,3045,MR040240C,patient_disjoint,2,1,glioma,8.86938902054729e-05,0.9998911390728286,2.016703696601202e-05,1,glioma,0.9998911390728286,919d6f0fb3ca462983d6df6ec06846e41abd9645
efficientnet_b0,A,3046,MR040240C,patient_disjoint,2,1,glioma,0.0020686712183656704,0.9976889770121351,0.00024235176949929943,1,glioma,0.9976889770121351,919d6f0fb3ca462983d6df6ec06846e41abd9645
efficientnet_b0,A,3049,MR017260F,patient_disjoint,2,1,glioma,0.00041202126982215593,0.9995432112954352,4.4767434742467124e-05,1,glioma,0.9995432112954352,919d6f0fb3ca462983d6df6ec06846e41abd9645
efficientnet_b0,A,3050,MR017260F,patient_disjoint,2,1,glioma,8.138935942253393e-05,0.9999084028437328,1.0207796844496974e-05,1,glioma,0.9999084028437328,919d6f0fb3ca462983d6df6ec06846e41abd9645
efficientnet_b0,A,3051,MR017260F,patient_disjoint,2,1,glioma,3.8538732824965176e-05,0.9999467902630933,1.4671004081695874e-05,1,glioma,0.9999467902630933,919d6f0fb3ca462983d6df6ec06846e41abd9645
efficientnet_b0,A,3052,MR017260F,patient_disjoint,2,1,glioma,0.00010764143051496897,0.9998512172127648,4.114135672021734e-05,1,glioma,0.9998512172127648,919d6f0fb3ca462983d6df6ec06846e41abd9645
efficientnet_b0,A,3053,MR017260F,patient_disjoint,2,1,glioma,7.546736620521794e-05,0.999886848542351,3.7684091443667566e-05,1,glioma,0.999886848542351,919d6f0fb3ca462983d6df6ec06846e41abd9645
efficientnet_b0,A,3054,MR017260F,patient_disjoint,2,1,glioma,0.00015216370369073153,0.9998201996521877,2.763664412159796e-05,1,glioma,0.9998201996521877,919d6f0fb3ca462983d6df6ec06846e41abd9645
efficientnet_b0,A,3055,MR017260F,patient_disjoint,2,1,glioma,0.00021349947555868225,0.9997460982362062,4.0402288235314445e-05,1,glioma,0.9997460982362062,919d6f0fb3ca462983d6df6ec06846e41abd9645
efficientnet_b0,A,3063,95969,patient_disjoint,2,0,meningioma,0.0022221423059357918,0.9972208297250391,0.0005570279690252617,1,glioma,0.9972208297250391,919d6f0fb3ca462983d6df6ec06846e41abd9645
