model,arm,image_id,patient_id,protocol,test_fold,true_class,true_class_name,prob_0,prob_1,prob_2,pred_class,pred_class_name,confidence,experiment_input_commit
mobilenet_v2,A,6,100572,patient_disjoint,3,0,meningioma,0.013414197814009732,0.00026467101384722557,0.986321131172143,2,pituitary,0.986321131172143,919d6f0fb3ca462983d6df6ec06846e41abd9645
mobilenet_v2,A,7,100572,patient_disjoint,3,0,meningioma,0.07003438538418284,0.0003225620574105315,0.9296430525584067,2,pituitary,0.9296430525584067,919d6f0fb3ca462983d6df6ec06846e41abd9645
mobilenet_v2,A,8,100572,patient_disjoint,3,0,meningioma,0.9627206422410121,9.332035087613729e-05,0.03718603740811182,0,meningioma,0.9627206422410121,919d6f0fb3ca462983d6df6ec06846e41abd9645
mobilenet_v2,A,26,102446,patient_disjoint,3,0,meningioma,0.8093475880837677,0.1367787036718155,0.05387370824441676,0,meningioma,0.8093475880837677,919d6f0fb3ca462983d6df6ec06846e41abd9645
mobilenet_v2,A,45,104167,patient_disjoint,3,0,meningioma,0.9995170218506205,0.0004804376724894252,2.5404768900813722e-06,0,meningioma,0.9995170218506205,919d6f0fb3ca462983d6df6ec06846e41abd9645
mobilenet_v2,A,46,104167,patient_disjoint,3,0,meningioma,0.9998478196507685,1.4258172345701114e-05,0.00013792217688585515,0,meningioma,0.9998478196507685,919d6f0fb3ca462983d6df6ec06846e41abd9645
mobilenet_v2,A,47,104167,patient_disjoint,3,0,meningioma,0.9998735111761257,3.7393176615395526e-05,8.90956472589015e-05,0,meningioma,0.9998735111761257,919d6f0fb3ca462983d6df6ec06846e41abd9645
mobilenet_v2,A,48,104167,patient_disjoint,3,0,meningioma,0.9995299156414854,4.691956251980159e-05,0.00042316479599492814,0,meningioma,0.9995299156414854,919d6f0fb3ca462983d6df6ec06846e41abd9645
mobilenet_v2,A,49,104281,patient_disjoint,3,0,meningioma,0.8512643605395787,0.14383082443454062,0.004904815025880622,0,meningioma,0.8512643605395787,919d6f0fb3ca462983d6df6ec06846e41abd9645
mobilenet_v2,A,50,104281,patient_disjoint,3,0,meningioma,0.9728834506689257,0.027020112233055907,9.6437098018609e-05,0,meningioma,0.9728834506689257,919d6f0fb3ca462983d6df6ec06846e41abd9645
mobilenet_v2,A,51,104281,patient_disjoint,3,0,meningioma,0.9991259487464202,0.0008431182078046893,3.093304577508098e-05,0,meningioma,0.9991259487464202,919d6f0fb3ca462983d6df6ec06846e41abd9645
mobilenet_v2,A,52,104281,patient_disjoint,3,0,meningioma,0.9920526767952872,0.006885127942048874,0.0010621952626638847,0,meningioma,0.9920526767952872,919d6f0fb3ca462983d6df6ec06846e41abd9645
mobilenet_v2,A,53,104281,patient_disjoint,3,0,meningioma,0.09380309786963462,0.9053310875188426,0.0008658146115228107,1,glioma,0.9053310875188426,919d6f0fb3ca462983d6df6ec06846e41abd9645
mobilenet_v2,A,54,104281,patient_disjoint,3,0,meningioma,0.9990382674479056,0.0009407227323998351,2.1009819694545748e-05,0,meningioma,0.9990382674479056,919d6f0fb3ca462983d6df6ec06846e41abd9645
mobilenet_v2,A,55,104281,patient_disjoint,3,0,meningioma,0.9975047348086635,0.0014476380186416117,0.0010476271726947441,0,meningioma,0.9975047348086635,919d6f0fb3ca462983d6df6ec06846e41abd9645
mobilenet_v2,A,59,58392,patient_disjoint,3,2,pituitary,1.6622024541261801e-06,4.525480271804604e-07,0.9999978852495188,2,pituitary,0.9999978852495188,919d6f0fb3ca462983d6df6ec06846e41abd9645
mobilenet_v2,A,73,106665,patient_disjoint,3,0,meningioma,0.5693000006751073,0.35945384827782195,0.07124615104707067,0,meningioma,0.5693000006751073,919d6f0fb3ca462983d6df6ec06846e41abd9645
mobilenet_v2,A,74,106665,patient_disjoint,3,0,meningioma,0.9980611129130424,0.001262603796112091,0.0006762832908452472,0,meningioma,0.9980611129130424,919d6f0fb3ca462983d6df6ec06846e41abd9645
mobilenet_v2,A,75,106665,patient_disjoint,3,0,meningioma,0.9996764380433603,0.00022528805376960926,9.82739028702105e-05,0,meningioma,0.9996764380433603,919d6f0fb3ca462983d6df6ec06846e41abd9645
mobilenet_v2,A,76,106665,patient_disjoint,3,0,meningioma,0.9821492713079194,0.01550252468306502,0.002348204009015476,0,meningioma,0.9821492713079194,919d6f0fb3ca462983d6df6ec06846e41abd9645
mobilenet_v2,A,77,106665,patient_disjoint,3,0,meningioma,0.9892880457382596,0.010677578785368983,3.437547637132007e-05,0,meningioma,0.9892880457382596,919d6f0fb3ca462983d6df6ec06846e41abd9645
mobilenet_v2,A,78,106665,patient_disjoint,3,0,meningioma,0.9426087322440094,0.04269793243509951,0.01469333532089102,0,meningioma,0.9426087322440094,919d6f0fb3ca462983d6df6ec06846e41abd9645
mobilenet_v2,A,79,106665,patient_disjoint,3,0,meningioma,0.9987678147179495,0.0005392668055465159,0.0006929184765037547,0,meningioma,0.9987678147179495,919d6f0fb3ca462983d6df6ec06846e41abd9645
mobilenet_v2,A,113,108590,patient_disjoint,3,0,meningioma,0.9982976678208039,7.978158627979808e-05,0.0016225505929163123,0,meningioma,0.9982976678208039,919d6f0fb3ca462983d6df6ec06846e41abd9645
mobilenet_v2,A,114,108590,patient_disjoint,3,0,meningioma,0.9985415998509326,0.0007001491019497436,0.0007582510471176425,0,meningioma,0.9985415998509326,919d6f0fb3ca462983d6df6ec06846e41abd9645
mobilenet_v2,A,119,109411,patient_disjoint,3,0,meningioma,0.9897136204043059,0.008967699136223676,0.0013186804594703925,0,meningioma,0.9897136204043059,919d6f0fb3ca462983d6df6ec06846e41abd9645
mobilenet_v2,A,120,109968,patient_disjoint,3,0,meningioma,0.9840419585884207,0.0099571494177586,0.006000891993820646,0,meningioma,0.9840419585884207,919d6f0fb3ca462983d6df6ec06846e41abd9645
mobilenet_v2,A,121,109968,patient_disjoint,3,0,meningioma,0.9709781041519464,0.02712487226853457,0.0018970235795190346,0,meningioma,0.9709781041519464,919d6f0fb3ca462983d6df6ec06846e41abd9645
mobilenet_v2,A,122,109968,patient_disjoint,3,0,meningioma,0.9982179294977221,0.0005671786854719945,0.0012148918168060465,0,meningioma,0.9982179294977221,919d6f0fb3ca462983d6df6ec06846e41abd9645
mobilenet_v2,A,123,109968,patient_disjoint,3,0,meningioma,0.8584244351854906,0.02695070999404861,0.11462485482046078,0,meningioma,0.8584244351854906,919d6f0fb3ca462983d6df6ec06846e41abd9645
mobilenet_v2,A,128,111366,patient_disjoint,3,0,meningioma,0.5827874696732384,0.03524579412013756,0.38196673620662414,0,meningioma,0.5827874696732384,919d6f0fb3ca462983d6df6ec06846e41abd9645
mobilenet_v2,A,129,111366,patient_disjoint,3,0,meningioma,0.033811702851909174,0.01353721549626636,0.9526510816518244,2,pituitary,0.9526510816518244,919d6f0fb3ca462983d6df6ec06846e41abd9645
mobilenet_v2,A,130,111366,patient_disjoint,3,0,meningioma,0.5355262622271084,0.15286208577472843,0.3116116519981632,0,meningioma,0.5355262622271084,919d6f0fb3ca462983d6df6ec06846e41abd9645
mobilenet_v2,A,131,111366,patient_disjoint,3,0,meningioma,0.9748101102100046,0.018215916089461708,0.006973973700533804,0,meningioma,0.9748101102100046,919d6f0fb3ca462983d6df6ec06846e41abd9645
mobilenet_v2,A,151,112648,patient_disjoint,3,0,meningioma,0.9996705821706031,0.0003191258347992633,1.029199459779542e-05,0,meningioma,0.9996705821706031,919d6f0fb3ca462983d6df6ec06846e41abd9645
mobilenet_v2,A,152,112648,patient_disjoint,3,0,meningioma,0.9982228550170669,0.0013635245359603179,0.0004136204469728994,0,meningioma,0.9982228550170669,919d6f0fb3ca462983d6df6ec06846e41abd9645
mobilenet_v2,A,153,112648,patient_disjoint,3,0,meningioma,0.9976621236774816,0.0022416737759045195,9.620254661390068e-05,0,meningioma,0.9976621236774816,919d6f0fb3ca462983d6df6ec06846e41abd9645
mobilenet_v2,A,187,97943,patient_disjoint,3,0,meningioma,0.9996013744293036,0.00030515815386932427,9.346741682697153e-05,0,meningioma,0.9996013744293036,919d6f0fb3ca462983d6df6ec06846e41abd9645
mobilenet_v2,A,188,97943,patient_disjoint,3,0,meningioma,0.9992441697622607,0.00038727822255141503,0.00036855201518771205,0,meningioma,0.9992441697622607,919d6f0fb3ca462983d6df6ec06846e41abd9645
mobilenet_v2,A,189,97943,patient_disjoint,3,0,meningioma,0.9832138352637639,0.01568758714818449,0.0010985775880516212,0,meningioma,0.9832138352637639,919d6f0fb3ca462983d6df6ec06846e41abd9645
mobilenet_v2,A,190,97943,patient_disjoint,3,0,meningioma,0.9980635364497756,0.0018800674001446473,5.639615007968219e-05,0,meningioma,0.9980635364497756,919d6f0fb3ca462983d6df6ec06846e41abd9645
mobilenet_v2,A,191,97943,patient_disjoint,3,0,meningioma,0.9979868451480293,0.0017195521940544752,0.0002936026579162799,0,meningioma,0.9979868451480293,919d6f0fb3ca462983d6df6ec06846e41abd9645
mobilenet_v2,A,209,100820,patient_disjoint,3,1,glioma,0.18050185389005693,0.8003571423147454,0.019141003795197828,1,glioma,0.8003571423147454,919d6f0fb3ca462983d6df6ec06846e41abd9645
mobilenet_v2,A,210,100820,patient_disjoint,3,1,glioma,0.9997021162675875,0.00023793706935096155,5.994666306157532e-05,0,meningioma,0.9997021162675875,919d6f0fb3ca462983d6df6ec06846e41abd9645
mobilenet_v2,A,218,100572,patient_disjoint,3,0,meningioma,0.6475700155865967,0.045532360193923704,0.3068976242194795,0,meningioma,0.6475700155865967,919d6f0fb3ca462983d6df6ec06846e41abd9645
mobilenet_v2,A,219,100572,patient_disjoint,3,0,meningioma,0.11109028227287725,0.03342166195528501,0.8554880557718378,2,pituitary,0.8554880557718378,919d6f0fb3ca462983d6df6ec06846e41abd9645
mobilenet_v2,A,220,100572,patient_disjoint,3,0,meningioma,0.3793886825056124,0.00142202297823036,0.6191892945161572,2,pituitary,0.6191892945161572,919d6f0fb3ca462983d6df6ec06846e41abd9645
mobilenet_v2,A,239,102446,patient_disjoint,3,0,meningioma,0.9996411741268293,0.00020477055163850387,0.00015405532153224533,0,meningioma,0.9996411741268293,919d6f0fb3ca462983d6df6ec06846e41abd9645
mobilenet_v2,A,269,104167,patient_disjoint,3,0,meningioma,0.9937984442704372,0.0007775861543380959,0.0054239695752247115,0,meningioma,0.9937984442704372,919d6f0fb3ca462983d6df6ec06846e41abd9645
mobilenet_v2,A,270,104167,patient_disjoint,3,0,meningioma,0.9998855319621565,3.4154424780783904e-05,8.031361306273975e-05,0,meningioma,0.9998855319621565,919d6f0fb3ca462983d6df6ec06846e41abd9645
mobilenet_v2,A,271,104167,patient_disjoint,3,0,meningioma,0.9999559756903014,2.329184655051571e-05,2.0732463147922274e-05,0,meningioma,0.9999559756903014,919d6f0fb3ca462983d6df6ec06846e41abd9645
mobilenet_v2,A,272,104167,patient_disjoint,3,0,meningioma,0.9999771540344684,1.5955485025584765e-05,6.890480506175057e-06,0,meningioma,0.9999771540344684,919d6f0fb3ca462983d6df6ec06846e41abd9645
mobilenet_v2,A,273,104167,patient_disjoint,3,0,meningioma,0.9999771149201444,3.606807012096876e-06,1.9278272843467753e-05,0,meningioma,0.9999771149201444,919d6f0fb3ca462983d6df6ec06846e41abd9645
mobilenet_v2,A,274,104167,patient_disjoint,3,0,meningioma,0.9982830008354808,0.0016742314530796955,4.2767711439451566e-05,0,meningioma,0.9982830008354808,919d6f0fb3ca462983d6df6ec06846e41abd9645
mobilenet_v2,A,275,104281,patient_disjoint,3,0,meningioma,0.9995569535848643,0.0004424064947370651,6.39920398610915e-07,0,meningioma,0.9995569535848643,919d6f0fb3ca462983d6df6ec06846e41abd9645
mobilenet_v2,A,276,104281,patient_disjoint,3,0,meningioma,0.7914393202190969,0.20825482617361715,0.00030585360728599675,0,meningioma,0.7914393202190969,919d6f0fb3ca462983d6df6ec06846e41abd9645
mobilenet_v2,A,277,104281,patient_disjoint,3,0,meningioma,0.9996906212938645,0.0002848323767793059,2.4546329356165457e-05,0,meningioma,0.9996906212938645,919d6f0fb3ca462983d6df6ec06846e41abd9645
mobilenet_v2,A,278,104281,patient_disjoint,3,0,meningioma,0.9996957746798836,0.00030161780894182114,2.6075111745680115e-06,0,meningioma,0.9996957746798836,919d6f0fb3ca462983d6df6ec06846e41abd9645
mobilenet_v2,A,279,104281,patient_disjoint,3,0,meningioma,0.9999309833599176,5.187195724942936e-05,1.7144682832889956e-05,0,meningioma,0.9999309833599176,919d6f0fb3ca462983d6df6ec06846e41abd9645
mobilenet_v2,A,280,104281,patient_disjoint,3,0,meningioma,0.9277116221900172,0.07129672184857798,0.0009916559614047459,0,meningioma,0.9277116221900172,919d6f0fb3ca462983d6df6ec06846e41abd9645
mobilenet_v2,A,299,106665,patient_disjoint,3,0,meningioma,0.9993800427298564,4.8888496655137525e-05,0.0005710687734884368,0,meningioma,0.9993800427298564,919d6f0fb3ca462983d6df6ec06846e41abd9645
mobilenet_v2,A,300,106665,patient_disjoint,3,0,meningioma,0.9868380123334579,0.0067063846515507015,0.006455603014991406,0,meningioma,0.9868380123334579,919d6f0fb3ca462983d6df6ec06846e41abd9645
mobilenet_v2,A,301,106665,patient_disjoint,3,0,meningioma,0.994980314221519,0.0019181672353739362,0.0031015185431069506,0,meningioma,0.994980314221519,919d6f0fb3ca462983d6df6ec06846e41abd9645
mobilenet_v2,A,302,106665,patient_disjoint,3,0,meningioma,0.9977652132609817,0.00012348491891005835,0.002111301820108384,0,meningioma,0.9977652132609817,919d6f0fb3ca462983d6df6ec06846e41abd9645
mobilenet_v2,A,303,106665,patient_disjoint,3,0,meningioma,0.9980136371023925,0.0011974489284476116,0.0007889139691600361,0,meningioma,0.9980136371023925,919d6f0fb3ca462983d6df6ec06846e41abd9645
mobilenet_v2,A,334,108590,patient_disjoint,3,0,meningioma,0.9999429096833315,4.855290823261958e-06,5.2235025845180566e-05,0,meningioma,0.9999429096833315,919d6f0fb3ca462983d6df6ec06846e41abd9645
mobilenet_v2,A,335,108590,patient_disjoint,3,0,meningioma,0.9999785983513702,6.470239424422108e-06,1.4931409205464316e-05,0,meningioma,0.9999785983513702,919d6f0fb3ca462983d6df6ec06846e41abd9645
mobilenet_v2,A,340,109411,patient_disjoint,3,0,meningioma,0.9687963863893942,0.030742611809432156,0.00046100180117364284,0,meningioma,0.9687963863893942,919d6f0fb3ca462983d6df6ec06846e41abd9645
mobilenet_v2,A,341,109968,patient_disjoint,3,0,meningioma,0.717602875414341,0.2820348441650594,0.0003622804205995471,0,meningioma,0.717602875414341,919d6f0fb3ca462983d6df6ec06846e41abd9645
mobilenet_v2,A,342,109968,patient_disjoint,3,0,meningioma,0.9985041513049341,0.0014450964523623259,5.0752242703685916e-05,0,meningioma,0.9985041513049341,919d6f0fb3ca462983d6df6ec06846e41abd9645
mobilenet_v2,A,343,109968,patient_disjoint,3,0,meningioma,0.9996797697780168,0.0003180130919360951,2.2171300473551513e-06,0,meningioma,0.9996797697780168,919d6f0fb3ca462983d6df6ec06846e41abd9645
mobilenet_v2,A,344,109968,patient_disjoint,3,0,meningioma,0.998870212349036,0.0010720782892895888,5.7709361674507854e-05,0,meningioma,0.998870212349036,919d6f0fb3ca462983d6df6ec06846e41abd9645
mobilenet_v2,A,353,111366,patient_disjoint,3,0,meningioma,0.9575201162408591,0.031198419846388367,0.011281463912752485,0,meningioma,0.9575201162408591,919d6f0fb3ca462983d6df6ec06846e41abd9645
mobilenet_v2,A,354,111366,patient_disjoint,3,0,meningioma,0.9950815017338241,0.0016335893402759723,0.0032849089258999626,0,meningioma,0.9950815017338241,919d6f0fb3ca462983d6df6ec06846e41abd9645
mobilenet_v2,A,355,111366,patient_disjoint,3,0,meningioma,0.9998757166377811,8.089005887932024e-05,4.339330333949273e-05,0,meningioma,0.9998757166377811,919d6f0fb3ca462983d6df6ec06846e41abd9645
mobilenet_v2,A,356,111366,patient_disjoint,3,0,meningioma,0.9845789042002442,0.015195398261636302,0.00022569753811964562,0,meningioma,0.9845789042002442,919d6f0fb3ca462983d6df6ec06846e41abd9645
mobilenet_v2,A,379,112648,patient_disjoint,3,0,meningioma,0.9822977766563191,0.017510405320150763,0.00019181802353013656,0,meningioma,0.9822977766563191,919d6f0fb3ca462983d6df6ec06846e41abd9645
mobilenet_v2,A,380,112648,patient_disjoint,3,0,meningioma,0.5579352475255872,0.44110058715376355,0.0009641653206492952,0,meningioma,0.5579352475255872,919d6f0fb3ca462983d6df6ec06846e41abd9645
mobilenet_v2,A,381,112648,patient_disjoint,3,0,meningioma,0.9987787922023869,0.0011317460513171002,8.946174629622393e-05,0,meningioma,0.9987787922023869,919d6f0fb3ca462983d6df6ec06846e41abd9645
mobilenet_v2,A,418,97943,patient_disjoint,3,0,meningioma,0.999971415525869,1.8756687139471067e-05,9.827786991527833e-06,0,meningioma,0.999971415525869,919d6f0fb3ca462983d6df6ec06846e41abd9645
mobilenet_v2,A,419,97943,patient_disjoint,3,0,meningioma,0.9999832000326431,7.533298998803436e-06,9.266668358158545e-06,0,meningioma,0.9999832000326431,919d6f0fb3ca462983d6df6ec06846e41abd9645
mobilenet_v2,A,420,97943,patient_disjoint,3,0,meningioma,0.9999773051616202,1.1977305263881197e-05,1.0717533115982176e-05,0,meningioma,0.9999773051616202,919d6f0fb3ca462983d6df6ec06846e41abd9645
mobilenet_v2,A,421,97943,patient_disjoint,3,0,meningioma,0.9998909622025912,0.0001056743004841671,3.3634969247220138e-06,0,meningioma,0.9998909622025912,919d6f0fb3ca462983d6df6ec06846e41abd9645
mobilenet_v2,A,422,97943,patient_disjoint,3,0,meningioma,0.29443318689365605,0.7002320350858133,0.005334778020530697,1,glioma,0.7002320350858133,919d6f0fb3ca462983d6df6ec06846e41abd9645
mobilenet_v2,A,448,100572,patient_disjoint,3,0,meningioma,0.35646667057563375,0.007233530115463565,0.6362997993089027,2,pituitary,0.6362997993089027,919d6f0fb3ca462983d6df6ec06846e41abd9645
mobilenet_v2,A,449,100572,patient_disjoint,3,0,meningioma,0.6869456102468522,0.01139519032501026,0.30165919942813757,0,meningioma,0.6869456102468522,919d6f0fb3ca462983d6df6ec06846e41abd9645
mobilenet_v2,A,450,100639,patient_disjoint,3,0,meningioma,0.8372058069321134,0.16219721935745154,0.0005969737104350466,0,meningioma,0.8372058069321134,919d6f0fb3ca462983d6df6ec06846e41abd9645
mobilenet_v2,A,451,100639,patient_disjoint,3,0,meningioma,0.9869653616153378,0.001110986847076718,0.011923651537585539,0,meningioma,0.9869653616153378,919d6f0fb3ca462983d6df6ec06846e41abd9645
mobilenet_v2,A,471,101801,patient_disjoint,3,0,meningioma,0.9999652169381628,2.049118040266112e-05,1.429188143462996e-05,0,meningioma,0.9999652169381628,919d6f0fb3ca462983d6df6ec06846e41abd9645
mobilenet_v2,A,472,101801,patient_disjoint,3,0,meningioma,0.9897153960901669,0.0004683320587403174,0.009816271851092752,0,meningioma,0.9897153960901669,919d6f0fb3ca462983d6df6ec06846e41abd9645
mobilenet_v2,A,473,101801,patient_disjoint,3,0,meningioma,0.9994462947141158,0.00023011717909703005,0.0003235881067870961,0,meningioma,0.9994462947141158,919d6f0fb3ca462983d6df6ec06846e41abd9645
mobilenet_v2,A,476,102446,patient_disjoint,3,0,meningioma,0.999678954489043,0.000310615671547925,1.0429839409219628e-05,0,meningioma,0.999678954489043,919d6f0fb3ca462983d6df6ec06846e41abd9645
mobilenet_v2,A,477,102446,patient_disjoint,3,0,meningioma,0.9963366640634206,0.00030543503595920947,0.0033579009006201987,0,meningioma,0.9963366640634206,919d6f0fb3ca462983d6df6ec06846e41abd9645
mobilenet_v2,A,490,102960,patient_disjoint,3,0,meningioma,0.004375019056697406,0.995410763145258,0.00021421779804447222,1,glioma,0.995410763145258,919d6f0fb3ca462983d6df6ec06846e41abd9645
mobilenet_v2,A,491,102960,patient_disjoint,3,0,meningioma,0.03302391570946374,0.9635129380846059,0.003463146205930385,1,glioma,0.9635129380846059,919d6f0fb3ca462983d6df6ec06846e41abd9645
mobilenet_v2,A,492,102960,patient_disjoint,3,0,meningioma,0.5116732177228839,0.48098025016464885,0.007346532112467326,0,meningioma,0.5116732177228839,919d6f0fb3ca462983d6df6ec06846e41abd9645
mobilenet_v2,A,493,102960,patient_disjoint,3,0,meningioma,0.987287260996274,0.0019191993276630901,0.010793539676062794,0,meningioma,0.987287260996274,919d6f0fb3ca462983d6df6ec06846e41abd9645
mobilenet_v2,A,494,102960,patient_disjoint,3,0,meningioma,0.2347332169524692,0.02663042409614175,0.7386363589513891,2,pituitary,0.7386363589513891,919d6f0fb3ca462983d6df6ec06846e41abd9645
mobilenet_v2,A,505,104167,patient_disjoint,3,0,meningioma,0.9412000994548054,0.058189208339679555,0.0006106922055149547,0,meningioma,0.9412000994548054,919d6f0fb3ca462983d6df6ec06846e41abd9645
mobilenet_v2,A,506,104167,patient_disjoint,3,0,meningioma,0.9998319208898337,1.4722843018606595e-05,0.00015335626714778176,0,meningioma,0.9998319208898337,919d6f0fb3ca462983d6df6ec06846e41abd9645
mobilenet_v2,A,507,104167,patient_disjoint,3,0,meningioma,0.9999799282660222,7.925706903213548e-06,1.214602707470524e-05,0,meningioma,0.9999799282660222,919d6f0fb3ca462983d6df6ec06846e41abd9645
mobilenet_v2,A,508,104167,patient_disjoint,3,0,meningioma,0.9999787104897983,1.0020611120845864e-05,1.1268899080803086e-05,0,meningioma,0.9999787104897983,919d6f0fb3ca462983d6df6ec06846e41abd9645
mobilenet_v2,A,509,104167,patient_disjoint,3,0,meningioma,0.999930941503867,5.355233357906288e-05,1.5506162553950247e-05,0,meningioma,0.999930941503867,919d6f0fb3ca462983d6df6ec06846e41abd9645
mobilenet_v2,A,510,104281,patient_disjoint,3,0,meningioma,0.9999201972447636,4.670203692614303e-05,3.31007183102357e-05,0,meningioma,0.9999201972447636,919d6f0fb3ca462983d6df6ec06846e41abd9645
mobilenet_v2,A,511,104281,patient_disjoint,3,0,meningioma,0.9994722272943113,5.984212506538636e-05,0.00046793058062329795,0,meningioma,0.9994722272943113,919d6f0fb3ca462983d6df6ec06846e41abd9645
mobilenet_v2,A,512,104281,patient_disjoint,3,0,meningioma,0.9924646875939689,0.00020682104372061523,0.007328491362310523,0,meningioma,0.9924646875939689,919d6f0fb3ca462983d6df6ec06846e41abd9645
mobilenet_v2,A,513,104281,patient_disjoint,3,0,meningioma,0.999970380940503,1.631137111099588e-05,1.3307688385990675e-05,0,meningioma,0.999970380940503,919d6f0fb3ca462983d6df6ec06846e41abd9645
mobilenet_v2,A,533,106665,patient_disjoint,3,0,meningioma,0.9999640783300955,3.5499511293504964e-05,4.2215861093374493e-07,0,meningioma,0.9999640783300955,919d6f0fb3ca462983d6df6ec06846e41abd9645
mobilenet_v2,A,534,106665,patient_disjoint,3,0,meningioma,0.9998790847264243,0.00010780803729893738,1.3107236276866934e-05,0,meningioma,0.9998790847264243,919d6f0fb3ca462983d6df6ec06846e41abd9645
mobilenet_v2,A,535,106665,patient_disjoint,3,0,meningioma,0.999975192897515,1.8066225407333562e-05,6.740877077602822e-06,0,meningioma,0.999975192897515,919d6f0fb3ca462983d6df6ec06846e41abd9645
mobilenet_v2,A,536,106665,patient_disjoint,3,0,meningioma,0.9996630249525326,0.0002407532178268491,9.622182964070317e-05,0,meningioma,0.9996630249525326,919d6f0fb3ca462983d6df6ec06846e41abd9645
mobilenet_v2,A,537,106665,patient_disjoint,3,0,meningioma,0.9994918979001144,9.474163405697154e-05,0.0004133604658286382,0,meningioma,0.9994918979001144,919d6f0fb3ca462983d6df6ec06846e41abd9645
mobilenet_v2,A,538,106665,patient_disjoint,3,0,meningioma,0.998656634181378,0.001107627801620075,0.00023573801700197476,0,meningioma,0.998656634181378,919d6f0fb3ca462983d6df6ec06846e41abd9645
mobilenet_v2,A,539,106665,patient_disjoint,3,0,meningioma,0.997896189232522,0.00025965932638770167,0.0018441514410902538,0,meningioma,0.997896189232522,919d6f0fb3ca462983d6df6ec06846e41abd9645
mobilenet_v2,A,571,108590,patient_disjoint,3,0,meningioma,0.999586152791456,1.3314721400227244e-05,0.000400532487143814,0,meningioma,0.999586152791456,919d6f0fb3ca462983d6df6ec06846e41abd9645
mobilenet_v2,A,572,108590,patient_disjoint,3,0,meningioma,0.9998495992409001,5.797659290370119e-05,9.242416619622522e-05,0,meningioma,0.9998495992409001,919d6f0fb3ca462983d6df6ec06846e41abd9645
mobilenet_v2,A,579,109411,patient_disjoint,3,0,meningioma,0.7549516525269894,0.24260566695395197,0.0024426805190587305,0,meningioma,0.7549516525269894,919d6f0fb3ca462983d6df6ec06846e41abd9645
mobilenet_v2,A,580,109968,patient_disjoint,3,0,meningioma,0.9999666135088681,2.9699295736414854e-05,3.6871953954649228e-06,0,meningioma,0.9999666135088681,919d6f0fb3ca462983d6df6ec06846e41abd9645
mobilenet_v2,A,581,109968,patient_disjoint,3,0,meningioma,0.9999469673046675,4.965713123319638e-05,3.3755640994155893e-06,0,meningioma,0.9999469673046675,919d6f0fb3ca462983d6df6ec06846e41abd9645
mobilenet_v2,A,582,109968,patient_disjoint,3,0,meningioma,0.999793673934095,0.00017832755451137404,2.7998511393573608e-05,0,meningioma,0.999793673934095,919d6f0fb3ca462983d6df6ec06846e41abd9645
mobilenet_v2,A,583,109968,patient_disjoint,3,0,meningioma,0.9999741837294067,2.9243177539567953e-06,2.2891952839376016e-05,0,meningioma,0.9999741837294067,919d6f0fb3ca462983d6df6ec06846e41abd9645
mobilenet_v2,A,589,111366,patient_disjoint,3,0,meningioma,0.1403734344432176,0.8196245229728333,0.04000204258394922,1,glioma,0.8196245229728333,919d6f0fb3ca462983d6df6ec06846e41abd9645
mobilenet_v2,A,590,111366,patient_disjoint,3,0,meningioma,0.9852391921593965,0.013389602078723762,0.0013712057618796905,0,meningioma,0.9852391921593965,919d6f0fb3ca462983d6df6ec06846e41abd9645
mobilenet_v2,A,591,111366,patient_disjoint,3,0,meningioma,0.9973461687896429,0.0023070497090046235,0.0003467815013524717,0,meningioma,0.9973461687896429,919d6f0fb3ca462983d6df6ec06846e41abd9645
mobilenet_v2,A,592,111366,patient_disjoint,3,0,meningioma,0.9763114719072624,0.019287197573719748,0.004401330519017777,0,meningioma,0.9763114719072624,919d6f0fb3ca462983d6df6ec06846e41abd9645
mobilenet_v2,A,615,112648,patient_disjoint,3,0,meningioma,0.09278573300985322,0.9061750988595967,0.0010391681305502057,1,glioma,0.9061750988595967,919d6f0fb3ca462983d6df6ec06846e41abd9645
mobilenet_v2,A,616,112648,patient_disjoint,3,0,meningioma,0.4335367124177692,0.5613374969004896,0.005125790681741162,1,glioma,0.5613374969004896,919d6f0fb3ca462983d6df6ec06846e41abd9645
mobilenet_v2,A,617,112648,patient_disjoint,3,0,meningioma,0.1468408606226928,0.8531250951390152,3.4044238291869026e-05,1,glioma,0.8531250951390152,919d6f0fb3ca462983d6df6ec06846e41abd9645
mobilenet_v2,A,618,112648,patient_disjoint,3,0,meningioma,0.9958314518357126,0.003868016842606904,0.00030053132168033475,0,meningioma,0.9958314518357126,919d6f0fb3ca462983d6df6ec06846e41abd9645
mobilenet_v2,A,619,112650,patient_disjoint,3,0,meningioma,0.9913125577971871,0.008223539224411327,0.00046390297840177055,0,meningioma,0.9913125577971871,919d6f0fb3ca462983d6df6ec06846e41abd9645
mobilenet_v2,A,620,112650,patient_disjoint,3,0,meningioma,0.9998253612926089,0.00016256392065001926,1.207478674111727e-05,0,meningioma,0.9998253612926089,919d6f0fb3ca462983d6df6ec06846e41abd9645
mobilenet_v2,A,659,97374,patient_disjoint,3,0,meningioma,0.8737028934184146,0.12317163992372664,0.0031254666578587127,0,meningioma,0.8737028934184146,919d6f0fb3ca462983d6df6ec06846e41abd9645
mobilenet_v2,A,660,97374,patient_disjoint,3,0,meningioma,0.9997745537413361,0.00019991980133450405,2.5526457329421185e-05,0,meningioma,0.9997745537413361,919d6f0fb3ca462983d6df6ec06846e41abd9645
mobilenet_v2,A,661,97374,patient_disjoint,3,0,meningioma,0.9998462782874525,0.00014436144260382186,9.360269943498076e-06,0,meningioma,0.9998462782874525,919d6f0fb3ca462983d6df6ec06846e41abd9645
mobilenet_v2,A,662,97374,patient_disjoint,3,0,meningioma,0.9999470924324297,5.238285632144886e-05,5.247112490135667e-07,0,meningioma,0.9999470924324297,919d6f0fb3ca462983d6df6ec06846e41abd9645
mobilenet_v2,A,663,97374,patient_disjoint,3,0,meningioma,0.9996545564978759,0.0003443067439369615,1.1367581869346215e-06,0,meningioma,0.9996545564978759,919d6f0fb3ca462983d6df6ec06846e41abd9645
mobilenet_v2,A,673,97793,patient_disjoint,3,0,meningioma,0.9974947183195612,0.002119141162931573,0.0003861405175072187,0,meningioma,0.9974947183195612,919d6f0fb3ca462983d6df6ec06846e41abd9645
mobilenet_v2,A,675,97943,patient_disjoint,3,0,meningioma,0.9997145390795017,0.00027341373607058493,1.2047184427628954e-05,0,meningioma,0.9997145390795017,919d6f0fb3ca462983d6df6ec06846e41abd9645
mobilenet_v2,A,676,97943,patient_disjoint,3,0,meningioma,0.999883112372822,0.0001155074084311276,1.3802187467862244e-06,0,meningioma,0.999883112372822,919d6f0fb3ca462983d6df6ec06846e41abd9645
mobilenet_v2,A,677,97943,patient_disjoint,3,0,meningioma,0.9999994835354443,4.1695257455458895e-07,9.951198111449839e-08,0,meningioma,0.9999994835354443,919d6f0fb3ca462983d6df6ec06846e41abd9645
mobilenet_v2,A,678,97943,patient_disjoint,3,0,meningioma,0.9999578326369906,4.1953894744559825e-05,2.134682649719301e-07,0,meningioma,0.9999578326369906,919d6f0fb3ca462983d6df6ec06846e41abd9645
mobilenet_v2,A,679,97943,patient_disjoint,3,0,meningioma,0.9992304583032224,0.0007154828984244316,5.4058798353068526e-05,0,meningioma,0.9992304583032224,919d6f0fb3ca462983d6df6ec06846e41abd9645
mobilenet_v2,A,712,106062,patient_disjoint,3,2,pituitary,0.0004383063912771133,3.0525729331805783e-06,0.9995586410357898,2,pituitary,0.9995586410357898,919d6f0fb3ca462983d6df6ec06846e41abd9645
mobilenet_v2,A,713,106062,patient_disjoint,3,2,pituitary,0.0011650912449859426,7.902217483645238e-05,0.9987558865801776,2,pituitary,0.9987558865801776,919d6f0fb3ca462983d6df6ec06846e41abd9645
mobilenet_v2,A,714,106062,patient_disjoint,3,2,pituitary,0.0003849100561497343,7.534477516027479e-06,0.9996075554663343,2,pituitary,0.9996075554663343,919d6f0fb3ca462983d6df6ec06846e41abd9645
mobilenet_v2,A,715,100820,patient_disjoint,3,1,glioma,0.09140662620536845,0.9083300773109756,0.0002632964836560033,1,glioma,0.9083300773109756,919d6f0fb3ca462983d6df6ec06846e41abd9645
mobilenet_v2,A,716,100820,patient_disjoint,3,1,glioma,0.9968194265790024,0.0024673683051419297,0.0007132051158556832,0,meningioma,0.9968194265790024,919d6f0fb3ca462983d6df6ec06846e41abd9645
mobilenet_v2,A,717,100820,patient_disjoint,3,1,glioma,0.401318009481797,0.5982875065963278,0.0003944839218752399,1,glioma,0.5982875065963278,919d6f0fb3ca462983d6df6ec06846e41abd9645
mobilenet_v2,A,718,101020,patient_disjoint,3,1,glioma,0.015555723388730363,0.9727522806172539,0.011691995994015755,1,glioma,0.9727522806172539,919d6f0fb3ca462983d6df6ec06846e41abd9645
mobilenet_v2,A,719,101020,patient_disjoint,3,1,glioma,0.020194554211073596,0.9791272051800421,0.0006782406088842428,1,glioma,0.9791272051800421,919d6f0fb3ca462983d6df6ec06846e41abd9645
mobilenet_v2,A,720,101020,patient_disjoint,3,1,glioma,0.010019934485827112,0.9897739612210289,0.00020610429314413622,1,glioma,0.9897739612210289,919d6f0fb3ca462983d6df6ec06846e41abd9645
mobilenet_v2,A,721,101020,patient_disjoint,3,1,glioma,0.0002319473796570121,0.9997505794681844,1.7473152158502676e-05,1,glioma,0.9997505794681844,919d6f0fb3ca462983d6df6ec06846e41abd9645
mobilenet_v2,A,747,100820,patient_disjoint,3,1,glioma,0.9992638469899984,0.0006969522543232634,3.920075567834394e-05,0,meningioma,0.9992638469899984,919d6f0fb3ca462983d6df6ec06846e41abd9645
mobilenet_v2,A,748,100820,patient_disjoint,3,1,glioma,0.1380233424533944,0.861434771836517,0.0005418857100884279,1,glioma,0.861434771836517,919d6f0fb3ca462983d6df6ec06846e41abd9645
mobilenet_v2,A,749,100820,patient_disjoint,3,1,glioma,0.1510587590782823,0.8343500931837485,0.014591147737969145,1,glioma,0.8343500931837485,919d6f0fb3ca462983d6df6ec06846e41abd9645
mobilenet_v2,A,750,100820,patient_disjoint,3,1,glioma,0.9999147213501678,6.475622648535483e-05,2.052242334676649e-05,0,meningioma,0.9999147213501678,919d6f0fb3ca462983d6df6ec06846e41abd9645
mobilenet_v2,A,751,100820,patient_disjoint,3,1,glioma,0.9995913649878881,0.00039098092842061065,1.765408369111876e-05,0,meningioma,0.9995913649878881,919d6f0fb3ca462983d6df6ec06846e41abd9645
mobilenet_v2,A,752,100820,patient_disjoint,3,1,glioma,0.889756571928666,0.1098324354215931,0.0004109926497407527,0,meningioma,0.889756571928666,919d6f0fb3ca462983d6df6ec06846e41abd9645
mobilenet_v2,A,753,101020,patient_disjoint,3,1,glioma,0.5978342372020765,0.4021412503785049,2.451241941861109e-05,0,meningioma,0.5978342372020765,919d6f0fb3ca462983d6df6ec06846e41abd9645
mobilenet_v2,A,754,101020,patient_disjoint,3,1,glioma,0.08240332382499145,0.9174950621646382,0.00010161401037024272,1,glioma,0.9174950621646382,919d6f0fb3ca462983d6df6ec06846e41abd9645
mobilenet_v2,A,755,101020,patient_disjoint,3,1,glioma,0.01938985008099788,0.9803897490792735,0.00022040083972875508,1,glioma,0.9803897490792735,919d6f0fb3ca462983d6df6ec06846e41abd9645
mobilenet_v2,A,756,101020,patient_disjoint,3,1,glioma,0.05657651712070422,0.9427008524808644,0.0007226303984313046,1,glioma,0.9427008524808644,919d6f0fb3ca462983d6df6ec06846e41abd9645
mobilenet_v2,A,757,101020,patient_disjoint,3,1,glioma,0.20771724695526922,0.7880108928570815,0.0042718601876494105,1,glioma,0.7880108928570815,919d6f0fb3ca462983d6df6ec06846e41abd9645
mobilenet_v2,A,758,101020,patient_disjoint,3,1,glioma,0.8682138094245974,0.128030858850174,0.00375533172522861,0,meningioma,0.8682138094245974,919d6f0fb3ca462983d6df6ec06846e41abd9645
mobilenet_v2,A,759,101020,patient_disjoint,3,1,glioma,0.9745989548475963,0.025070277029725734,0.00033076812267806953,0,meningioma,0.9745989548475963,919d6f0fb3ca462983d6df6ec06846e41abd9645
mobilenet_v2,A,760,101020,patient_disjoint,3,1,glioma,0.9866857349394688,0.010538177875179482,0.0027760871853518385,0,meningioma,0.9866857349394688,919d6f0fb3ca462983d6df6ec06846e41abd9645
mobilenet_v2,A,779,112027,patient_disjoint,3,1,glioma,0.47061474672251874,0.5292953291692122,8.992410826905271e-05,1,glioma,0.5292953291692122,919d6f0fb3ca462983d6df6ec06846e41abd9645
mobilenet_v2,A,780,112027,patient_disjoint,3,1,glioma,0.003647283285826766,0.9963031334053812,4.958330879212703e-05,1,glioma,0.9963031334053812,919d6f0fb3ca462983d6df6ec06846e41abd9645
mobilenet_v2,A,807,92897,patient_disjoint,3,1,glioma,0.8577832601306036,0.08468066658282015,0.05753607328657631,0,meningioma,0.8577832601306036,919d6f0fb3ca462983d6df6ec06846e41abd9645
mobilenet_v2,A,808,92897,patient_disjoint,3,1,glioma,0.7216317886844736,0.2729472373543305,0.005420973961195705,0,meningioma,0.7216317886844736,919d6f0fb3ca462983d6df6ec06846e41abd9645
mobilenet_v2,A,818,100416,patient_disjoint,3,1,glioma,0.0011851911030413918,0.9985161249974575,0.0002986838995012376,1,glioma,0.9985161249974575,919d6f0fb3ca462983d6df6ec06846e41abd9645
mobilenet_v2,A,819,100416,patient_disjoint,3,1,glioma,2.7623246842770026e-05,0.9998555406868181,0.00011683606633924649,1,glioma,0.9998555406868181,919d6f0fb3ca462983d6df6ec06846e41abd9645
mobilenet_v2,A,820,100416,patient_disjoint,3,1,glioma,0.00011959089848566434,0.9998274016083776,5.300749313673128e-05,1,glioma,0.9998274016083776,919d6f0fb3ca462983d6df6ec06846e41abd9645
mobilenet_v2,A,821,100416,patient_disjoint,3,1,glioma,3.520850037785449e-05,0.9999302375749323,3.455392468987796e-05,1,glioma,0.9999302375749323,919d6f0fb3ca462983d6df6ec06846e41abd9645
mobilenet_v2,A,822,100820,patient_disjoint,3,1,glioma,0.036113377055962764,0.963847112607607,3.951033643017499e-05,1,glioma,0.963847112607607,919d6f0fb3ca462983d6df6ec06846e41abd9645
mobilenet_v2,A,823,100820,patient_disjoint,3,1,glioma,0.5717047268516824,0.42823708169030705,5.81914580106884e-05,0,meningioma,0.5717047268516824,919d6f0fb3ca462983d6df6ec06846e41abd9645
mobilenet_v2,A,824,100820,patient_disjoint,3,1,glioma,0.015418984156122462,0.984547848556223,3.3167287654668595e-05,1,glioma,0.984547848556223,919d6f0fb3ca462983d6df6ec06846e41abd9645
mobilenet_v2,A,825,100820,patient_disjoint,3,1,glioma,0.5304375654447137,0.46949961234743903,6.282220784735498e-05,0,meningioma,0.5304375654447137,919d6f0fb3ca462983d6df6ec06846e41abd9645
mobilenet_v2,A,826,100820,patient_disjoint,3,1,glioma,0.9993821542709631,0.0006008745105458746,1.697121849103311e-05,0,meningioma,0.9993821542709631,919d6f0fb3ca462983d6df6ec06846e41abd9645
mobilenet_v2,A,827,100820,patient_disjoint,3,1,glioma,0.9999741260340437,1.112109943546643e-05,1.4752866520921999e-05,0,meningioma,0.9999741260340437,919d6f0fb3ca462983d6df6ec06846e41abd9645
mobilenet_v2,A,828,101020,patient_disjoint,3,1,glioma,0.9109699654497297,0.03070104450049166,0.05832899004977869,0,meningioma,0.9109699654497297,919d6f0fb3ca462983d6df6ec06846e41abd9645
mobilenet_v2,A,829,101020,patient_disjoint,3,1,glioma,0.0021063965870685123,0.9978584558641035,3.514754882796048e-05,1,glioma,0.9978584558641035,919d6f0fb3ca462983d6df6ec06846e41abd9645
mobilenet_v2,A,830,101020,patient_disjoint,3,1,glioma,0.0020618719282618544,0.9979318381528111,6.289918927112611e-06,1,glioma,0.9979318381528111,919d6f0fb3ca462983d6df6ec06846e41abd9645
mobilenet_v2,A,831,101020,patient_disjoint,3,1,glioma,0.9647250519234538,0.034975614588512074,0.00029933348803396474,0,meningioma,0.9647250519234538,919d6f0fb3ca462983d6df6ec06846e41abd9645
mobilenet_v2,A,832,101020,patient_disjoint,3,1,glioma,0.6233671737185253,0.3765526197317031,8.020654977167514e-05,0,meningioma,0.6233671737185253,919d6f0fb3ca462983d6df6ec06846e41abd9645
mobilenet_v2,A,833,101020,patient_disjoint,3,1,glioma,0.1264614112131908,0.8732724175182757,0.00026617126853334264,1,glioma,0.8732724175182757,919d6f0fb3ca462983d6df6ec06846e41abd9645
mobilenet_v2,A,881,92897,patient_disjoint,3,1,glioma,0.9390201914419077,0.056285176914929964,0.004694631643162392,0,meningioma,0.9390201914419077,919d6f0fb3ca462983d6df6ec06846e41abd9645
mobilenet_v2,A,882,92897,patient_disjoint,3,1,glioma,0.8618423500675527,0.13725622459690756,0.0009014253355396813,0,meningioma,0.8618423500675527,919d6f0fb3ca462983d6df6ec06846e41abd9645
mobilenet_v2,A,883,93329,patient_disjoint,3,1,glioma,0.2880482233637665,0.7104370242571159,0.0015147523791176208,1,glioma,0.7104370242571159,919d6f0fb3ca462983d6df6ec06846e41abd9645
mobilenet_v2,A,884,93329,patient_disjoint,3,1,glioma,0.5891644942655514,0.4087461185596276,0.0020893871748210104,0,meningioma,0.5891644942655514,919d6f0fb3ca462983d6df6ec06846e41abd9645
mobilenet_v2,A,885,93329,patient_disjoint,3,1,glioma,0.09841526239169412,0.89823255694425,0.0033521806640558205,1,glioma,0.89823255694425,919d6f0fb3ca462983d6df6ec06846e41abd9645
mobilenet_v2,A,886,93329,patient_disjoint,3,1,glioma,0.0744950383098414,0.9218693889866182,0.0036355727035404066,1,glioma,0.9218693889866182,919d6f0fb3ca462983d6df6ec06846e41abd9645
mobilenet_v2,A,887,93329,patient_disjoint,3,1,glioma,0.06680324294656685,0.9321623979181206,0.001034359135312562,1,glioma,0.9321623979181206,919d6f0fb3ca462983d6df6ec06846e41abd9645
mobilenet_v2,A,892,94731,patient_disjoint,3,1,glioma,0.025514608043020515,0.9654957484772567,0.008989643479722767,1,glioma,0.9654957484772567,919d6f0fb3ca462983d6df6ec06846e41abd9645
mobilenet_v2,A,893,94731,patient_disjoint,3,1,glioma,0.025065795755816866,0.9552728388400212,0.019661365404161895,1,glioma,0.9552728388400212,919d6f0fb3ca462983d6df6ec06846e41abd9645
mobilenet_v2,A,894,94731,patient_disjoint,3,1,glioma,0.0971216331890589,0.8994140586790624,0.003464308131878519,1,glioma,0.8994140586790624,919d6f0fb3ca462983d6df6ec06846e41abd9645
mobilenet_v2,A,904,96587,patient_disjoint,3,1,glioma,9.795390025608636e-05,0.999397876952077,0.000504169147666791,1,glioma,0.999397876952077,919d6f0fb3ca462983d6df6ec06846e41abd9645
mobilenet_v2,A,905,96587,patient_disjoint,3,1,glioma,2.80196795549626e-06,0.9999944064848114,2.7915472332219358e-06,1,glioma,0.9999944064848114,919d6f0fb3ca462983d6df6ec06846e41abd9645
mobilenet_v2,A,906,96587,patient_disjoint,3,1,glioma,1.0618502294963526e-06,0.9999983531574657,5.849923049866381e-07,1,glioma,0.9999983531574657,919d6f0fb3ca462983d6df6ec06846e41abd9645
mobilenet_v2,A,907,96587,patient_disjoint,3,1,glioma,0.0069455646914949815,0.9926382226934205,0.00041621261508452997,1,glioma,0.9926382226934205,919d6f0fb3ca462983d6df6ec06846e41abd9645
mobilenet_v2,A,922,106062,patient_disjoint,3,2,pituitary,0.0013745999767864011,4.482971026944543e-05,0.9985805703129441,2,pituitary,0.9985805703129441,919d6f0fb3ca462983d6df6ec06846e41abd9645
mobilenet_v2,A,923,106062,patient_disjoint,3,2,pituitary,0.001020300964467016,0.00014011335483555843,0.9988395856806974,2,pituitary,0.9988395856806974,919d6f0fb3ca462983d6df6ec06846e41abd9645
mobilenet_v2,A,924,106062,patient_disjoint,3,2,pituitary,0.0002245598706866521,6.823586000906053e-05,0.9997072042693043,2,pituitary,0.9997072042693043,919d6f0fb3ca462983d6df6ec06846e41abd9645
mobilenet_v2,A,925,106062,patient_disjoint,3,2,pituitary,2.5468497866481837e-05,3.847472566767035e-06,0.9999706840295667,2,pituitary,0.9999706840295667,919d6f0fb3ca462983d6df6ec06846e41abd9645
mobilenet_v2,A,926,107495,patient_disjoint,3,2,pituitary,1.8246499842911342e-05,2.269091896275332e-07,0.9999815265909674,2,pituitary,0.9999815265909674,919d6f0fb3ca462983d6df6ec06846e41abd9645
mobilenet_v2,A,927,107495,patient_disjoint,3,2,pituitary,1.849667823949627e-05,5.568226351348821e-07,0.9999809464991253,2,pituitary,0.9999809464991253,919d6f0fb3ca462983d6df6ec06846e41abd9645
mobilenet_v2,A,928,107495,patient_disjoint,3,2,pituitary,2.1215454170685658e-05,1.5327016181637206e-06,0.9999772518442113,2,pituitary,0.9999772518442113,919d6f0fb3ca462983d6df6ec06846e41abd9645
mobilenet_v2,A,929,107495,patient_disjoint,3,2,pituitary,2.1730489940934984e-05,2.094959459941901e-06,0.9999761745505992,2,pituitary,0.9999761745505992,919d6f0fb3ca462983d6df6ec06846e41abd9645
mobilenet_v2,A,930,107495,patient_disjoint,3,2,pituitary,0.00015238557747471206,2.756558248203288e-05,0.9998200488400433,2,pituitary,0.9998200488400433,919d6f0fb3ca462983d6df6ec06846e41abd9645
mobilenet_v2,A,931,107495,patient_disjoint,3,2,pituitary,6.952382272324346e-05,2.297446749580606e-05,0.999907501709781,2,pituitary,0.999907501709781,919d6f0fb3ca462983d6df6ec06846e41abd9645
mobilenet_v2,A,932,107495,patient_disjoint,3,2,pituitary,4.1279442957072086e-05,2.3405639883336873e-06,0.9999563799930545,2,pituitary,0.9999563799930545,919d6f0fb3ca462983d6df6ec06846e41abd9645
mobilenet_v2,A,958,109471,patient_disjoint,3,2,pituitary,0.0001194184728270726,6.383836093894341e-06,0.9998741976910791,2,pituitary,0.9998741976910791,919d6f0fb3ca462983d6df6ec06846e41abd9645
mobilenet_v2,A,959,109471,patient_disjoint,3,2,pituitary,5.8085513913212994e-05,1.851104872032544e-06,0.9999400633812149,2,pituitary,0.9999400633812149,919d6f0fb3ca462983d6df6ec06846e41abd9645
mobilenet_v2,A,960,109471,patient_disjoint,3,2,pituitary,0.00012557002879609605,2.3444981003461842e-05,0.9998509849902004,2,pituitary,0.9998509849902004,919d6f0fb3ca462983d6df6ec06846e41abd9645
mobilenet_v2,A,961,109471,patient_disjoint,3,2,pituitary,8.006125707182275e-05,2.31561658238026e-05,0.9998967825771045,2,pituitary,0.9998967825771045,919d6f0fb3ca462983d6df6ec06846e41abd9645
mobilenet_v2,A,966,109898,patient_disjoint,3,2,pituitary,0.0011294125768376918,2.9973902893397918e-05,0.998840613520269,2,pituitary,0.998840613520269,919d6f0fb3ca462983d6df6ec06846e41abd9645
mobilenet_v2,A,967,109898,patient_disjoint,3,2,pituitary,0.0006115417327137165,2.1306636801323704e-05,0.9993671516304851,2,pituitary,0.9993671516304851,919d6f0fb3ca462983d6df6ec06846e41abd9645
mobilenet_v2,A,968,109898,patient_disjoint,3,2,pituitary,0.0034197994463943744,0.00012367003835475198,0.996456530515251,2,pituitary,0.996456530515251,919d6f0fb3ca462983d6df6ec06846e41abd9645
mobilenet_v2,A,969,109898,patient_disjoint,3,2,pituitary,0.0027561768179228674,0.0002614596396537485,0.9969823635424233,2,pituitary,0.9969823635424233,919d6f0fb3ca462983d6df6ec06846e41abd9645
mobilenet_v2,A,970,109898,patient_disjoint,3,2,pituitary,0.004841564788558686,0.0007473983280197586,0.9944110368834216,2,pituitary,0.9944110368834216,919d6f0fb3ca462983d6df6ec06846e41abd9645
mobilenet_v2,A,971,109898,patient_disjoint,3,2,pituitary,0.0016127450195921012,0.00017714179045662457,0.9982101131899512,2,pituitary,0.9982101131899512,919d6f0fb3ca462983d6df6ec06846e41abd9645
mobilenet_v2,A,1010,113274,patient_disjoint,3,2,pituitary,1.7287473392353989e-06,2.919579710683308e-06,0.9999953516729502,2,pituitary,0.9999953516729502,919d6f0fb3ca462983d6df6ec06846e41abd9645
mobilenet_v2,A,1011,113274,patient_disjoint,3,2,pituitary,3.269431929060701e-06,2.1017961495437946e-06,0.9999946287719215,2,pituitary,0.9999946287719215,919d6f0fb3ca462983d6df6ec06846e41abd9645
mobilenet_v2,A,1012,113274,patient_disjoint,3,2,pituitary,4.848387688018508e-06,2.081086598214049e-06,0.9999930705257137,2,pituitary,0.9999930705257137,919d6f0fb3ca462983d6df6ec06846e41abd9645
mobilenet_v2,A,1013,113741,patient_disjoint,3,2,pituitary,1.3805863138996158e-05,6.387180808480665e-07,0.9999855554187801,2,pituitary,0.9999855554187801,919d6f0fb3ca462983d6df6ec06846e41abd9645
mobilenet_v2,A,1014,113741,patient_disjoint,3,2,pituitary,2.502924009661847e-05,6.338084241489566e-07,0.9999743369514793,2,pituitary,0.9999743369514793,919d6f0fb3ca462983d6df6ec06846e41abd9645
mobilenet_v2,A,1035,106062,patient_disjoint,3,2,pituitary,0.00441754481657476,0.0008518521620577005,0.9947306030213675,2,pituitary,0.9947306030213675,919d6f0fb3ca462983d6df6ec06846e41abd9645
mobilenet_v2,A,1036,106062,patient_disjoint,3,2,pituitary,0.05738173529152544,0.0012525435048667008,0.9413657212036078,2,pituitary,0.9413657212036078,919d6f0fb3ca462983d6df6ec06846e41abd9645
mobilenet_v2,A,1037,106062,patient_disjoint,3,2,pituitary,0.015549253213220949,0.0007542749083099007,0.9836964718784692,2,pituitary,0.9836964718784692,919d6f0fb3ca462983d6df6ec06846e41abd9645
mobilenet_v2,A,1038,106062,patient_disjoint,3,2,pituitary,3.4232205418345386e-05,4.2826102298913304e-05,0.9999229416922828,2,pituitary,0.9999229416922828,919d6f0fb3ca462983d6df6ec06846e41abd9645
mobilenet_v2,A,1039,106062,patient_disjoint,3,2,pituitary,0.001518662296977186,0.0001089023808182173,0.9983724353222047,2,pituitary,0.9983724353222047,919d6f0fb3ca462983d6df6ec06846e41abd9645
mobilenet_v2,A,1040,106062,patient_disjoint,3,2,pituitary,0.002549730491750937,0.0006407634070740813,0.9968095061011749,2,pituitary,0.9968095061011749,919d6f0fb3ca462983d6df6ec06846e41abd9645
mobilenet_v2,A,1041,106062,patient_disjoint,3,2,pituitary,0.003690089432842974,0.0027416192686794756,0.9935682912984777,2,pituitary,0.9935682912984777,919d6f0fb3ca462983d6df6ec06846e41abd9645
mobilenet_v2,A,1042,107495,patient_disjoint,3,2,pituitary,7.1096151402223385e-06,4.075087965252537e-07,0.9999924828760632,2,pituitary,0.9999924828760632,919d6f0fb3ca462983d6df6ec06846e41abd9645
mobilenet_v2,A,1043,107495,patient_disjoint,3,2,pituitary,2.307372614266287e-05,3.6263492104971477e-06,0.9999732999246469,2,pituitary,0.9999732999246469,919d6f0fb3ca462983d6df6ec06846e41abd9645
mobilenet_v2,A,1044,107495,patient_disjoint,3,2,pituitary,8.779128693839968e-06,1.2253761292569786e-06,0.9999899954951769,2,pituitary,0.9999899954951769,919d6f0fb3ca462983d6df6ec06846e41abd9645
mobilenet_v2,A,1045,107495,patient_disjoint,3,2,pituitary,2.9798732471534355e-06,1.9936860465154606e-07,0.9999968207581481,2,pituitary,0.9999968207581481,919d6f0fb3ca462983d6df6ec06846e41abd9645
mobilenet_v2,A,1046,107495,patient_disjoint,3,2,pituitary,7.13253900643472e-06,1.7828048725494976e-06,0.999991084656121,2,pituitary,0.999991084656121,919d6f0fb3ca462983d6df6ec06846e41abd9645
mobilenet_v2,A,1077,109471,patient_disjoint,3,2,pituitary,5.718857265082082e-06,1.1894362159617276e-05,0.9999823867805753,2,pituitary,0.9999823867805753,919d6f0fb3ca462983d6df6ec06846e41abd9645
mobilenet_v2,A,1078,109471,patient_disjoint,3,2,pituitary,2.6004571935007904e-06,9.85504400917364e-06,0.9999875444987973,2,pituitary,0.9999875444987973,919d6f0fb3ca462983d6df6ec06846e41abd9645
mobilenet_v2,A,1079,109471,patient_disjoint,3,2,pituitary,8.772805481244104e-06,1.0543593064176831e-05,0.9999806836014546,2,pituitary,0.9999806836014546,919d6f0fb3ca462983d6df6ec06846e41abd9645
mobilenet_v2,A,1080,109471,patient_disjoint,3,2,pituitary,8.013773282576568e-06,2.1135232855469624e-05,0.999970850993862,2,pituitary,0.999970850993862,919d6f0fb3ca462983d6df6ec06846e41abd9645
mobilenet_v2,A,1081,109471,patient_disjoint,3,2,pituitary,1.1475361732395998e-05,4.026390280480985e-05,0.9999482607354627,2,pituitary,0.9999482607354627,919d6f0fb3ca462983d6df6ec06846e41abd9645
mobilenet_v2,A,1082,109471,patient_disjoint,3,2,pituitary,3.306902037106638e-06,1.0022095071375935e-06,0.9999956908884557,2,pituitary,0.9999956908884557,919d6f0fb3ca462983d6df6ec06846e41abd9645
mobilenet_v2,A,1088,109898,patient_disjoint,3,2,pituitary,0.0035861136387632985,0.0006839311805615849,0.9957299551806751,2,pituitary,0.9957299551806751,919d6f0fb3ca462983d6df6ec06846e41abd9645
mobilenet_v2,A,1089,109898,patient_disjoint,3,2,pituitary,0.00047604524855507065,4.779861366270863e-05,0.9994761561377822,2,pituitary,0.9994761561377822,919d6f0fb3ca462983d6df6ec06846e41abd9645
mobilenet_v2,A,1090,109898,patient_disjoint,3,2,pituitary,0.04699737606643937,0.00010086802938662383,0.9529017559041741,2,pituitary,0.9529017559041741,919d6f0fb3ca462983d6df6ec06846e41abd9645
mobilenet_v2,A,1091,109898,patient_disjoint,3,2,pituitary,0.005012404225977461,0.0001578069797185713,0.994829788794304,2,pituitary,0.994829788794304,919d6f0fb3ca462983d6df6ec06846e41abd9645
mobilenet_v2,A,1092,109898,patient_disjoint,3,2,pituitary,0.02033626228351308,0.0007616623543098795,0.978902075362177,2,pituitary,0.978902075362177,919d6f0fb3ca462983d6df6ec06846e41abd9645
mobilenet_v2,A,1093,109898,patient_disjoint,3,2,pituitary,0.018618524650053137,0.0005427813946490488,0.9808386939552979,2,pituitary,0.9808386939552979,919d6f0fb3ca462983d6df6ec06846e41abd9645
mobilenet_v2,A,1148,113274,patient_disjoint,3,2,pituitary,1.3953414628542108e-06,2.962326419408543e-06,0.9999956423321178,2,pituitary,0.9999956423321178,919d6f0fb3ca462983d6df6ec06846e41abd9645
mobilenet_v2,A,1149,113274,patient_disjoint,3,2,pituitary,5.867746759843896e-07,4.423052371900168e-06,0.999994990172952,2,pituitary,0.999994990172952,919d6f0fb3ca462983d6df6ec06846e41abd9645
mobilenet_v2,A,1150,113274,patient_disjoint,3,2,pituitary,4.036758206033799e-06,0.00011694407141953956,0.9998790191703744,2,pituitary,0.9998790191703744,919d6f0fb3ca462983d6df6ec06846e41abd9645
mobilenet_v2,A,1151,113741,patient_disjoint,3,2,pituitary,2.879155813684277e-05,2.0770424406127967e-05,0.9999504380174571,2,pituitary,0.9999504380174571,919d6f0fb3ca462983d6df6ec06846e41abd9645
mobilenet_v2,A,1152,113741,patient_disjoint,3,2,pituitary,8.864083688000608e-05,1.8700200719394194e-05,0.9998926589624005,2,pituitary,0.9998926589624005,919d6f0fb3ca462983d6df6ec06846e41abd9645
mobilenet_v2,A,1153,113741,patient_disjoint,3,2,pituitary,9.200493661404338e-05,1.3900699545925362e-05,0.99989409436384,2,pituitary,0.99989409436384,919d6f0fb3ca462983d6df6ec06846e41abd9645
mobilenet_v2,A,1169,106062,patient_disjoint,3,2,pituitary,0.0001714644461088118,0.00010450004051832937,0.999724035513373,2,pituitary,0.999724035513373,919d6f0fb3ca462983d6df6ec06846e41abd9645
mobilenet_v2,A,1170,106062,patient_disjoint,3,2,pituitary,8.288256458593491e-05,2.654954798900454e-05,0.999890567887425,2,pituitary,0.999890567887425,919d6f0fb3ca462983d6df6ec06846e41abd9645
mobilenet_v2,A,1171,106062,patient_disjoint,3,2,pituitary,0.0011118888670970323,0.00023466491904544038,0.9986534462138575,2,pituitary,0.9986534462138575,919d6f0fb3ca462983d6df6ec06846e41abd9645
mobilenet_v2,A,1172,106062,patient_disjoint,3,2,pituitary,0.010011173836332633,0.000484442196765865,0.9895043839669017,2,pituitary,0.9895043839669017,919d6f0fb3ca462983d6df6ec06846e41abd9645
mobilenet_v2,A,1173,106062,patient_disjoint,3,2,pituitary,0.0034310835512088396,2.277915370702523e-05,0.9965461372950842,2,pituitary,0.9965461372950842,919d6f0fb3ca462983d6df6ec06846e41abd9645
mobilenet_v2,A,1174,106062,patient_disjoint,3,2,pituitary,0.0002627709814720098,0.00014227038060902312,0.999594958637919,2,pituitary,0.999594958637919,919d6f0fb3ca462983d6df6ec06846e41abd9645
mobilenet_v2,A,1175,106062,patient_disjoint,3,2,pituitary,0.041643083329670004,0.002940868999172745,0.9554160476711573,2,pituitary,0.9554160476711573,919d6f0fb3ca462983d6df6ec06846e41abd9645
mobilenet_v2,A,1176,107495,patient_disjoint,3,2,pituitary,3.462377177913798e-05,9.049819754322317e-05,0.9998748780306778,2,pituitary,0.9998748780306778,919d6f0fb3ca462983d6df6ec06846e41abd9645
mobilenet_v2,A,1177,107495,patient_disjoint,3,2,pituitary,2.595094833055822e-05,3.2772770663154214e-05,0.9999412762810064,2,pituitary,0.9999412762810064,919d6f0fb3ca462983d6df6ec06846e41abd9645
mobilenet_v2,A,1178,107495,patient_disjoint,3,2,pituitary,5.872230965061044e-05,0.00014204550149957335,0.9997992321888499,2,pituitary,0.9997992321888499,919d6f0fb3ca462983d6df6ec06846e41abd9645
mobilenet_v2,A,1179,107495,patient_disjoint,3,2,pituitary,1.3193907789175476e-05,4.013289229657503e-05,0.9999466731999141,2,pituitary,0.9999466731999141,919d6f0fb3ca462983d6df6ec06846e41abd9645
mobilenet_v2,A,1180,107495,patient_disjoint,3,2,pituitary,0.0001655137857244397,6.370341344311501e-05,0.9997707828008324,2,pituitary,0.9997707828008324,919d6f0fb3ca462983d6df6ec06846e41abd9645
mobilenet_v2,A,1181,107495,patient_disjoint,3,2,pituitary,0.0003539048053776901,0.00045680037143599263,0.9991892948231862,2,pituitary,0.9991892948231862,919d6f0fb3ca462983d6df6ec06846e41abd9645
mobilenet_v2,A,1208,109471,patient_disjoint,3,2,pituitary,2.8926333961205756e-07,3.112912348574333e-07,0.9999993994454256,2,pituitary,0.9999993994454256,919d6f0fb3ca462983d6df6ec06846e41abd9645
mobilenet_v2,A,1209,109471,patient_disjoint,3,2,pituitary,6.082301109518079e-07,2.138038989177026e-06,0.9999972537308999,2,pituitary,0.9999972537308999,919d6f0fb3ca462983d6df6ec06846e41abd9645
mobilenet_v2,A,1210,109471,patient_disjoint,3,2,pituitary,2.325864366176264e-07,1.602826664963516e-06,0.9999981645868984,2,pituitary,0.9999981645868984,919d6f0fb3ca462983d6df6ec06846e41abd9645
mobilenet_v2,A,1211,109471,patient_disjoint,3,2,pituitary,2.042172449428191e-07,4.115587871283308e-07,0.999999384223968,2,pituitary,0.999999384223968,919d6f0fb3ca462983d6df6ec06846e41abd9645
mobilenet_v2,A,1212,109471,patient_disjoint,3,2,pituitary,1.1485836793809407e-07,3.1547113234725623e-07,0.9999995696704997,2,pituitary,0.9999995696704997,919d6f0fb3ca462983d6df6ec06846e41abd9645
mobilenet_v2,A,1213,109471,patient_disjoint,3,2,pituitary,2.5435835305955554e-07,2.7277752744142065e-07,0.9999994728641196,2,pituitary,0.9999994728641196,919d6f0fb3ca462983d6df6ec06846e41abd9645
mobilenet_v2,A,1219,109898,patient_disjoint,3,2,pituitary,0.00012836153849176232,0.0013366138609183478,0.9985350246005898,2,pituitary,0.9985350246005898,919d6f0fb3ca462983d6df6ec06846e41abd9645
mobilenet_v2,A,1220,109898,patient_disjoint,3,2,pituitary,7.091774261197015e-05,0.00047397870895984115,0.9994551035484281,2,pituitary,0.9994551035484281,919d6f0fb3ca462983d6df6ec06846e41abd9645
mobilenet_v2,A,1221,109898,patient_disjoint,3,2,pituitary,0.00022856437037323575,0.00912816848384199,0.9906432671457847,2,pituitary,0.9906432671457847,919d6f0fb3ca462983d6df6ec06846e41abd9645
mobilenet_v2,A,1266,113274,patient_disjoint,3,2,pituitary,0.0030626123644308697,0.059574406475441204,0.937362981160128,2,pituitary,0.937362981160128,919d6f0fb3ca462983d6df6ec06846e41abd9645
mobilenet_v2,A,1267,113274,patient_disjoint,3,2,pituitary,0.001665896441109927,0.0020504266604040155,0.996283676898486,2,pituitary,0.996283676898486,919d6f0fb3ca462983d6df6ec06846e41abd9645
mobilenet_v2,A,1268,113274,patient_disjoint,3,2,pituitary,0.06503572858815843,0.03467014372672124,0.9002941276851204,2,pituitary,0.9002941276851204,919d6f0fb3ca462983d6df6ec06846e41abd9645
mobilenet_v2,A,1269,113274,patient_disjoint,3,2,pituitary,0.03371829152711423,0.006948735068918187,0.9593329734039675,2,pituitary,0.9593329734039675,919d6f0fb3ca462983d6df6ec06846e41abd9645
mobilenet_v2,A,1270,113741,patient_disjoint,3,2,pituitary,9.25787059741555e-07,9.653230748686241e-08,0.9999989776806328,2,pituitary,0.9999989776806328,919d6f0fb3ca462983d6df6ec06846e41abd9645
mobilenet_v2,A,1271,113741,patient_disjoint,3,2,pituitary,7.5850429836283875e-06,6.479963875533219e-07,0.9999917669606287,2,pituitary,0.9999917669606287,919d6f0fb3ca462983d6df6ec06846e41abd9645
mobilenet_v2,A,1272,113741,patient_disjoint,3,2,pituitary,7.317687997790901e-07,1.4542818456003383e-06,0.9999978139493546,2,pituitary,0.9999978139493546,919d6f0fb3ca462983d6df6ec06846e41abd9645
mobilenet_v2,A,1289,101305,patient_disjoint,3,2,pituitary,7.828948161965534e-05,5.054811512235804e-05,0.9998711624032581,2,pituitary,0.9998711624032581,919d6f0fb3ca462983d6df6ec06846e41abd9645
mobilenet_v2,A,1290,101305,patient_disjoint,3,2,pituitary,4.012874122879259e-05,1.6977291818038054e-05,0.9999428939669532,2,pituitary,0.9999428939669532,919d6f0fb3ca462983d6df6ec06846e41abd9645
mobilenet_v2,A,1291,101305,patient_disjoint,3,2,pituitary,0.00023771740523500086,3.656505879287104e-05,0.9997257175359721,2,pituitary,0.9997257175359721,919d6f0fb3ca462983d6df6ec06846e41abd9645
mobilenet_v2,A,1292,101305,patient_disjoint,3,2,pituitary,0.0019324800960868976,0.00020836927893112074,0.9978591506249821,2,pituitary,0.9978591506249821,919d6f0fb3ca462983d6df6ec06846e41abd9645
mobilenet_v2,A,1317,103582,patient_disjoint,3,2,pituitary,5.094505061254646e-05,1.1461338375732174e-05,0.9999375936110118,2,pituitary,0.9999375936110118,919d6f0fb3ca462983d6df6ec06846e41abd9645
mobilenet_v2,A,1318,103582,patient_disjoint,3,2,pituitary,0.0015703616750953264,5.4976386932836205e-05,0.9983746619379719,2,pituitary,0.9983746619379719,919d6f0fb3ca462983d6df6ec06846e41abd9645
mobilenet_v2,A,1319,103582,patient_disjoint,3,2,pituitary,0.0016904528365144665,4.311352739307202e-05,0.9982664336360925,2,pituitary,0.9982664336360925,919d6f0fb3ca462983d6df6ec06846e41abd9645
mobilenet_v2,A,1320,103582,patient_disjoint,3,2,pituitary,0.00019507189709745722,1.683285082267328e-05,0.99978809525208,2,pituitary,0.99978809525208,919d6f0fb3ca462983d6df6ec06846e41abd9645
mobilenet_v2,A,1321,103582,patient_disjoint,3,2,pituitary,0.0010269072492222603,6.208530438690031e-05,0.9989110074463908,2,pituitary,0.9989110074463908,919d6f0fb3ca462983d6df6ec06846e41abd9645
mobilenet_v2,A,1322,103582,patient_disjoint,3,2,pituitary,0.0002584729844465638,9.201996142347138e-05,0.99964950705413,2,pituitary,0.99964950705413,919d6f0fb3ca462983d6df6ec06846e41abd9645
mobilenet_v2,A,1360,104684,patient_disjoint,3,2,pituitary,0.0002444386068552837,1.039556221162712e-06,0.9997545218369236,2,pituitary,0.9997545218369236,919d6f0fb3ca462983d6df6ec06846e41abd9645
mobilenet_v2,A,1361,104684,patient_disjoint,3,2,pituitary,9.250755069940925e-05,2.2605689599663695e-06,0.9999052318803405,2,pituitary,0.9999052318803405,919d6f0fb3ca462983d6df6ec06846e41abd9645
mobilenet_v2,A,1362,104684,patient_disjoint,3,2,pituitary,0.00022879175015850525,1.314307843675464e-06,0.9997698939419978,2,pituitary,0.9997698939419978,919d6f0fb3ca462983d6df6ec06846e41abd9645
mobilenet_v2,A,1363,104684,patient_disjoint,3,2,pituitary,0.0005304781712743866,1.6826696060298643e-06,0.9994678391591195,2,pituitary,0.9994678391591195,919d6f0fb3ca462983d6df6ec06846e41abd9645
mobilenet_v2,A,1364,104684,patient_disjoint,3,2,pituitary,9.89325350060741e-05,1.6443854766902763e-06,0.9998994230795172,2,pituitary,0.9998994230795172,919d6f0fb3ca462983d6df6ec06846e41abd9645
mobilenet_v2,A,1365,104684,patient_disjoint,3,2,pituitary,8.556991106618486e-05,9.076987882036088e-06,0.9999053531010518,2,pituitary,0.9999053531010518,919d6f0fb3ca462983d6df6ec06846e41abd9645
mobilenet_v2,A,1366,104684,patient_disjoint,3,2,pituitary,0.00015178080170407293,2.129075900247175e-05,0.9998269284392935,2,pituitary,0.9998269284392935,919d6f0fb3ca462983d6df6ec06846e41abd9645
mobilenet_v2,A,1367,104684,patient_disjoint,3,2,pituitary,9.589504996256482e-05,1.3572136205417145e-05,0.999890532813832,2,pituitary,0.999890532813832,919d6f0fb3ca462983d6df6ec06846e41abd9645
mobilenet_v2,A,1368,104684,patient_disjoint,3,2,pituitary,0.0008811110092520132,4.7957271962339125e-05,0.9990709317187857,2,pituitary,0.9990709317187857,919d6f0fb3ca462983d6df6ec06846e41abd9645
mobilenet_v2,A,1395,97461,patient_disjoint,3,2,pituitary,0.03712305086403667,2.1633035878398083e-05,0.962855316100085,2,pituitary,0.962855316100085,919d6f0fb3ca462983d6df6ec06846e41abd9645
mobilenet_v2,A,1396,97461,patient_disjoint,3,2,pituitary,0.00018418763399114454,1.2327557617508184e-05,0.9998034848083913,2,pituitary,0.9998034848083913,919d6f0fb3ca462983d6df6ec06846e41abd9645
mobilenet_v2,A,1397,97461,patient_disjoint,3,2,pituitary,2.6547601914407143e-05,1.935685177039143e-06,0.9999715167129086,2,pituitary,0.9999715167129086,919d6f0fb3ca462983d6df6ec06846e41abd9645
mobilenet_v2,A,1398,97461,patient_disjoint,3,2,pituitary,1.9987493416629942e-05,3.1337042788349735e-06,0.9999768788023045,2,pituitary,0.9999768788023045,919d6f0fb3ca462983d6df6ec06846e41abd9645
mobilenet_v2,A,1399,97461,patient_disjoint,3,2,pituitary,5.617769835779431e-05,7.834497847796198e-05,0.9998654773231642,2,pituitary,0.9998654773231642,919d6f0fb3ca462983d6df6ec06846e41abd9645
mobilenet_v2,A,1400,97461,patient_disjoint,3,2,pituitary,2.2264314759209516e-05,8.600037714384173e-05,0.9998917353080968,2,pituitary,0.9998917353080968,919d6f0fb3ca462983d6df6ec06846e41abd9645
mobilenet_v2,A,1401,97461,patient_disjoint,3,2,pituitary,8.602458732158586e-06,1.1758954754580144e-05,0.9999796385865133,2,pituitary,0.9999796385865133,919d6f0fb3ca462983d6df6ec06846e41abd9645
mobilenet_v2,A,1402,97461,patient_disjoint,3,2,pituitary,4.177822489256795e-06,2.1700804664508465e-05,0.9999741213728464,2,pituitary,0.9999741213728464,919d6f0fb3ca462983d6df6ec06846e41abd9645
mobilenet_v2,A,1403,97461,patient_disjoint,3,2,pituitary,4.645834309978855e-07,2.4777570807653263e-05,0.9999747578457613,2,pituitary,0.9999747578457613,919d6f0fb3ca462983d6df6ec06846e41abd9645
mobilenet_v2,A,1414,98472,patient_disjoint,3,2,pituitary,0.00016914448505461264,3.013385841070177e-06,0.9998278421291044,2,pituitary,0.9998278421291044,919d6f0fb3ca462983d6df6ec06846e41abd9645
mobilenet_v2,A,1415,98472,patient_disjoint,3,2,pituitary,5.969357195609028e-05,3.5282762074796573e-06,0.9999367781518365,2,pituitary,0.9999367781518365,919d6f0fb3ca462983d6df6ec06846e41abd9645
mobilenet_v2,A,1416,98472,patient_disjoint,3,2,pituitary,0.00013000918303292188,2.7503913658688146e-05,0.9998424869033085,2,pituitary,0.9998424869033085,919d6f0fb3ca462983d6df6ec06846e41abd9645
mobilenet_v2,A,1417,98472,patient_disjoint,3,2,pituitary,3.9878995843058427e-05,4.652133621932108e-06,0.9999554688705351,2,pituitary,0.9999554688705351,919d6f0fb3ca462983d6df6ec06846e41abd9645
mobilenet_v2,A,1418,98472,patient_disjoint,3,2,pituitary,0.06104537253350415,0.00010626541127078442,0.938848362055225,2,pituitary,0.938848362055225,919d6f0fb3ca462983d6df6ec06846e41abd9645
mobilenet_v2,A,1419,98472,patient_disjoint,3,2,pituitary,0.001489832497317677,3.9254480916305355e-05,0.998470913021766,2,pituitary,0.998470913021766,919d6f0fb3ca462983d6df6ec06846e41abd9645
mobilenet_v2,A,1420,98472,patient_disjoint,3,2,pituitary,0.0006561345355296043,1.4658608531743517e-05,0.9993292068559387,2,pituitary,0.9993292068559387,919d6f0fb3ca462983d6df6ec06846e41abd9645
mobilenet_v2,A,1421,98652,patient_disjoint,3,2,pituitary,0.0006112028925297876,9.518628864795608e-06,0.9993792784786054,2,pituitary,0.9993792784786054,919d6f0fb3ca462983d6df6ec06846e41abd9645
mobilenet_v2,A,1422,98652,patient_disjoint,3,2,pituitary,0.00019084105511628027,8.834382760970057e-06,0.9998003245621228,2,pituitary,0.9998003245621228,919d6f0fb3ca462983d6df6ec06846e41abd9645
mobilenet_v2,A,1423,98652,patient_disjoint,3,2,pituitary,0.00022626084533202575,1.722151403328555e-05,0.9997565176406347,2,pituitary,0.9997565176406347,919d6f0fb3ca462983d6df6ec06846e41abd9645
mobilenet_v2,A,1472,101305,patient_disjoint,3,2,pituitary,7.466635459143988e-05,4.595680175380979e-05,0.9998793768436548,2,pituitary,0.9998793768436548,919d6f0fb3ca462983d6df6ec06846e41abd9645
mobilenet_v2,A,1473,101305,patient_disjoint,3,2,pituitary,7.295095703486325e-05,0.00012510037885761488,0.9998019486641074,2,pituitary,0.9998019486641074,919d6f0fb3ca462983d6df6ec06846e41abd9645
mobilenet_v2,A,1474,101305,patient_disjoint,3,2,pituitary,1.6239265619158855e-05,2.2749308852190495e-05,0.9999610114255286,2,pituitary,0.9999610114255286,919d6f0fb3ca462983d6df6ec06846e41abd9645
mobilenet_v2,A,1475,101305,patient_disjoint,3,2,pituitary,1.9794790480445427e-05,1.0530980948312927e-05,0.9999696742285713,2,pituitary,0.9999696742285713,919d6f0fb3ca462983d6df6ec06846e41abd9645
mobilenet_v2,A,1476,101305,patient_disjoint,3,2,pituitary,0.0013747231393759158,0.002320943016621458,0.9963043338440026,2,pituitary,0.9963043338440026,919d6f0fb3ca462983d6df6ec06846e41abd9645
mobilenet_v2,A,1477,101305,patient_disjoint,3,2,pituitary,0.0015238273280418846,0.00127730116317124,0.9971988715087868,2,pituitary,0.9971988715087868,919d6f0fb3ca462983d6df6ec06846e41abd9645
mobilenet_v2,A,1478,101305,patient_disjoint,3,2,pituitary,0.0003233293945479668,0.0005057336675641474,0.9991709369378879,2,pituitary,0.9991709369378879,919d6f0fb3ca462983d6df6ec06846e41abd9645
mobilenet_v2,A,1479,101305,patient_disjoint,3,2,pituitary,0.0003227835665961444,0.00039087629825866366,0.9992863401351453,2,pituitary,0.9992863401351453,919d6f0fb3ca462983d6df6ec06846e41abd9645
mobilenet_v2,A,1506,103582,patient_disjoint,3,2,pituitary,4.1461227790760296e-05,6.887739234806787e-06,0.9999516510329746,2,pituitary,0.9999516510329746,919d6f0fb3ca462983d6df6ec06846e41abd9645
mobilenet_v2,A,1507,103582,patient_disjoint,3,2,pituitary,0.0004742477387554077,1.929452489677946e-05,0.9995064577363477,2,pituitary,0.9995064577363477,919d6f0fb3ca462983d6df6ec06846e41abd9645
mobilenet_v2,A,1508,103582,patient_disjoint,3,2,pituitary,0.00012746110603447842,2.440128789155935e-05,0.9998481376060738,2,pituitary,0.9998481376060738,919d6f0fb3ca462983d6df6ec06846e41abd9645
mobilenet_v2,A,1509,103582,patient_disjoint,3,2,pituitary,0.0010063190492724395,2.9781370377071598e-05,0.9989638995803505,2,pituitary,0.9989638995803505,919d6f0fb3ca462983d6df6ec06846e41abd9645
mobilenet_v2,A,1510,103582,patient_disjoint,3,2,pituitary,0.000151880503132034,4.923967712996148e-06,0.9998431955291549,2,pituitary,0.9998431955291549,919d6f0fb3ca462983d6df6ec06846e41abd9645
mobilenet_v2,A,1545,104684,patient_disjoint,3,2,pituitary,0.004760781924713067,7.106870162502451e-05,0.9951681493736619,2,pituitary,0.9951681493736619,919d6f0fb3ca462983d6df6ec06846e41abd9645
mobilenet_v2,A,1546,104684,patient_disjoint,3,2,pituitary,0.0002790359493853414,1.8153743405733704e-05,0.999702810307209,2,pituitary,0.999702810307209,919d6f0fb3ca462983d6df6ec06846e41abd9645
mobilenet_v2,A,1547,104684,patient_disjoint,3,2,pituitary,0.0023676863289816587,4.9437150886468306e-05,0.9975828765201318,2,pituitary,0.9975828765201318,919d6f0fb3ca462983d6df6ec06846e41abd9645
mobilenet_v2,A,1548,104684,patient_disjoint,3,2,pituitary,0.0014137635358603038,6.036669621050609e-05,0.9985258697679292,2,pituitary,0.9985258697679292,919d6f0fb3ca462983d6df6ec06846e41abd9645
mobilenet_v2,A,1549,104684,patient_disjoint,3,2,pituitary,0.0014486759401542014,5.588616337913543e-05,0.9984954378964668,2,pituitary,0.9984954378964668,919d6f0fb3ca462983d6df6ec06846e41abd9645
mobilenet_v2,A,1550,104684,patient_disjoint,3,2,pituitary,0.0008046835918448009,2.5997794997911007e-05,0.9991693186131573,2,pituitary,0.9991693186131573,919d6f0fb3ca462983d6df6ec06846e41abd9645
mobilenet_v2,A,1551,104684,patient_disjoint,3,2,pituitary,0.000164597718645911,6.609897664020254e-06,0.9998287923836902,2,pituitary,0.9998287923836902,919d6f0fb3ca462983d6df6ec06846e41abd9645
mobilenet_v2,A,1581,97461,patient_disjoint,3,2,pituitary,7.273594103561751e-06,6.364226798284453e-06,0.9999863621790982,2,pituitary,0.9999863621790982,919d6f0fb3ca462983d6df6ec06846e41abd9645
mobilenet_v2,A,1582,97461,patient_disjoint,3,2,pituitary,1.5749974108308742e-06,2.09303463389586e-06,0.9999963319679551,2,pituitary,0.9999963319679551,919d6f0fb3ca462983d6df6ec06846e41abd9645
mobilenet_v2,A,1583,97461,patient_disjoint,3,2,pituitary,1.6396704355181052e-06,8.782996029829008e-06,0.9999895773335346,2,pituitary,0.9999895773335346,919d6f0fb3ca462983d6df6ec06846e41abd9645
mobilenet_v2,A,1584,97461,patient_disjoint,3,2,pituitary,3.289641153291059e-06,1.0554505182672622e-06,0.9999956549083285,2,pituitary,0.9999956549083285,919d6f0fb3ca462983d6df6ec06846e41abd9645
mobilenet_v2,A,1585,97461,patient_disjoint,3,2,pituitary,1.1860454365420327e-06,1.1286708468571116e-06,0.9999976852837167,2,pituitary,0.9999976852837167,919d6f0fb3ca462983d6df6ec06846e41abd9645
mobilenet_v2,A,1586,97461,patient_disjoint,3,2,pituitary,1.774488624312528e-06,1.6432416850254706e-06,0.9999965822696906,2,pituitary,0.9999965822696906,919d6f0fb3ca462983d6df6ec06846e41abd9645
mobilenet_v2,A,1587,97461,patient_disjoint,3,2,pituitary,3.827086225593843e-06,8.123000767365733e-06,0.999988049913007,2,pituitary,0.999988049913007,919d6f0fb3ca462983d6df6ec06846e41abd9645
mobilenet_v2,A,1588,97461,patient_disjoint,3,2,pituitary,1.350003010184596e-06,1.97604302674752e-06,0.9999966739539631,2,pituitary,0.9999966739539631,919d6f0fb3ca462983d6df6ec06846e41abd9645
mobilenet_v2,A,1600,98472,patient_disjoint,3,2,pituitary,0.0005083068963749173,5.797037388318282e-05,0.999433722729742,2,pituitary,0.999433722729742,919d6f0fb3ca462983d6df6ec06846e41abd9645
mobilenet_v2,A,1601,98472,patient_disjoint,3,2,pituitary,0.019193835226602923,6.319223784550856e-05,0.9807429725355515,2,pituitary,0.9807429725355515,919d6f0fb3ca462983d6df6ec06846e41abd9645
mobilenet_v2,A,1602,98472,patient_disjoint,3,2,pituitary,0.132983717078855,0.00024743785854199627,0.866768845062603,2,pituitary,0.866768845062603,919d6f0fb3ca462983d6df6ec06846e41abd9645
mobilenet_v2,A,1603,98472,patient_disjoint,3,2,pituitary,0.0016006394987332264,4.05786380141128e-05,0.9983587818632526,2,pituitary,0.9983587818632526,919d6f0fb3ca462983d6df6ec06846e41abd9645
mobilenet_v2,A,1604,98472,patient_disjoint,3,2,pituitary,0.0002917540161741938,2.6681888094223054e-05,0.9996815640957316,2,pituitary,0.9996815640957316,919d6f0fb3ca462983d6df6ec06846e41abd9645
mobilenet_v2,A,1605,98652,patient_disjoint,3,2,pituitary,4.619730566874175e-05,6.565819935222279e-06,0.999947236874396,2,pituitary,0.999947236874396,919d6f0fb3ca462983d6df6ec06846e41abd9645
mobilenet_v2,A,1606,98652,patient_disjoint,3,2,pituitary,3.712716868519724e-05,3.0885460667278293e-06,0.999959784285248,2,pituitary,0.999959784285248,919d6f0fb3ca462983d6df6ec06846e41abd9645
mobilenet_v2,A,1607,98652,patient_disjoint,3,2,pituitary,0.00020578171091937219,2.5873233618413793e-05,0.9997683450554622,2,pituitary,0.9997683450554622,919d6f0fb3ca462983d6df6ec06846e41abd9645
mobilenet_v2,A,1608,98652,patient_disjoint,3,2,pituitary,0.0004333354411365872,2.4711638663170012e-05,0.9995419529202002,2,pituitary,0.9995419529202002,919d6f0fb3ca462983d6df6ec06846e41abd9645
mobilenet_v2,A,1655,101305,patient_disjoint,3,2,pituitary,1.2133877803677137e-05,6.155445587671422e-06,0.9999817106766086,2,pituitary,0.9999817106766086,919d6f0fb3ca462983d6df6ec06846e41abd9645
mobilenet_v2,A,1656,101305,patient_disjoint,3,2,pituitary,7.779651323008893e-06,1.0943784646249088e-06,0.9999911259702124,2,pituitary,0.9999911259702124,919d6f0fb3ca462983d6df6ec06846e41abd9645
mobilenet_v2,A,1657,101305,patient_disjoint,3,2,pituitary,8.10022499983169e-06,6.893143925875706e-06,0.9999850066310744,2,pituitary,0.9999850066310744,919d6f0fb3ca462983d6df6ec06846e41abd9645
mobilenet_v2,A,1658,101305,patient_disjoint,3,2,pituitary,1.7905066142841277e-05,4.005337690424858e-05,0.9999420415569528,2,pituitary,0.9999420415569528,919d6f0fb3ca462983d6df6ec06846e41abd9645
mobilenet_v2,A,1692,103582,patient_disjoint,3,2,pituitary,6.920241082244071e-07,5.669785237522417e-08,0.9999992512780395,2,pituitary,0.9999992512780395,919d6f0fb3ca462983d6df6ec06846e41abd9645
mobilenet_v2,A,1693,103582,patient_disjoint,3,2,pituitary,4.4367527532409066e-07,6.268350904667967e-08,0.9999994936412157,2,pituitary,0.9999994936412157,919d6f0fb3ca462983d6df6ec06846e41abd9645
mobilenet_v2,A,1694,103582,patient_disjoint,3,2,pituitary,1.4268799295411867e-06,3.032093666519299e-07,0.9999982699107037,2,pituitary,0.9999982699107037,919d6f0fb3ca462983d6df6ec06846e41abd9645
mobilenet_v2,A,1695,103582,patient_disjoint,3,2,pituitary,1.0442452391954516e-06,7.357093699415114e-07,0.9999982200453909,2,pituitary,0.9999982200453909,919d6f0fb3ca462983d6df6ec06846e41abd9645
mobilenet_v2,A,1696,103582,patient_disjoint,3,2,pituitary,9.492300467151605e-06,4.6521989317304556e-07,0.9999900424796396,2,pituitary,0.9999900424796396,919d6f0fb3ca462983d6df6ec06846e41abd9645
mobilenet_v2,A,1697,103582,patient_disjoint,3,2,pituitary,5.966084762794596e-07,9.043358939999414e-08,0.9999993129579343,2,pituitary,0.9999993129579343,919d6f0fb3ca462983d6df6ec06846e41abd9645
mobilenet_v2,A,1698,103582,patient_disjoint,3,2,pituitary,9.065009198207051e-07,1.3920235298967698e-06,0.9999977014755502,2,pituitary,0.9999977014755502,919d6f0fb3ca462983d6df6ec06846e41abd9645
mobilenet_v2,A,1699,103582,patient_disjoint,3,2,pituitary,0.0002283436807493616,1.2785614856915364e-05,0.9997588707043937,2,pituitary,0.9997588707043937,919d6f0fb3ca462983d6df6ec06846e41abd9645
mobilenet_v2,A,1734,104684,patient_disjoint,3,2,pituitary,8.779906650455662e-06,4.405309295514146e-06,0.999986814784054,2,pituitary,0.999986814784054,919d6f0fb3ca462983d6df6ec06846e41abd9645
mobilenet_v2,A,1735,104684,patient_disjoint,3,2,pituitary,1.0341092335098456e-06,5.180575699208343e-07,0.9999984478331965,2,pituitary,0.9999984478331965,919d6f0fb3ca462983d6df6ec06846e41abd9645
mobilenet_v2,A,1736,104684,patient_disjoint,3,2,pituitary,1.3998711673300351e-05,4.472139999550409e-06,0.9999815291483272,2,pituitary,0.9999815291483272,919d6f0fb3ca462983d6df6ec06846e41abd9645
mobilenet_v2,A,1737,104684,patient_disjoint,3,2,pituitary,3.0040910465304847e-05,2.4701212632566857e-05,0.9999452578769021,2,pituitary,0.9999452578769021,919d6f0fb3ca462983d6df6ec06846e41abd9645
mobilenet_v2,A,1738,104684,patient_disjoint,3,2,pituitary,9.786196236290014e-06,2.2934129011245096e-06,0.9999879203908625,2,pituitary,0.9999879203908625,919d6f0fb3ca462983d6df6ec06846e41abd9645
mobilenet_v2,A,1739,104684,patient_disjoint,3,2,pituitary,1.8256042226204163e-06,4.2156189843422316e-07,0.9999977528338788,2,pituitary,0.9999977528338788,919d6f0fb3ca462983d6df6ec06846e41abd9645
mobilenet_v2,A,1740,104684,patient_disjoint,3,2,pituitary,8.53795629783944e-06,3.949779701892586e-06,0.9999875122640003,2,pituitary,0.9999875122640003,919d6f0fb3ca462983d6df6ec06846e41abd9645
mobilenet_v2,A,1773,97461,patient_disjoint,3,2,pituitary,0.00013463988308408818,0.00013305963775668306,0.9997323004791593,2,pituitary,0.9997323004791593,919d6f0fb3ca462983d6df6ec06846e41abd9645
mobilenet_v2,A,1774,97461,patient_disjoint,3,2,pituitary,4.104878039966405e-06,2.9556587045226787e-06,0.9999929394632555,2,pituitary,0.9999929394632555,919d6f0fb3ca462983d6df6ec06846e41abd9645
mobilenet_v2,A,1775,97461,patient_disjoint,3,2,pituitary,1.4598745031819524e-06,1.0051708043902078e-05,0.9999884884174529,2,pituitary,0.9999884884174529,919d6f0fb3ca462983d6df6ec06846e41abd9645
mobilenet_v2,A,1776,97461,patient_disjoint,3,2,pituitary,1.8917033719931915e-05,7.3453358461756336e-06,0.999973737630434,2,pituitary,0.999973737630434,919d6f0fb3ca462983d6df6ec06846e41abd9645
mobilenet_v2,A,1777,97461,patient_disjoint,3,2,pituitary,1.0355338780588465e-06,4.397704268655224e-07,0.9999985246956951,2,pituitary,0.9999985246956951,919d6f0fb3ca462983d6df6ec06846e41abd9645
mobilenet_v2,A,1778,97461,patient_disjoint,3,2,pituitary,2.9757619884559058e-05,6.5394598747449805e-06,0.9999637029202408,2,pituitary,0.9999637029202408,919d6f0fb3ca462983d6df6ec06846e41abd9645
mobilenet_v2,A,1779,97461,patient_disjoint,3,2,pituitary,1.8686030893680233e-05,1.841772075818071e-05,0.9999628962483481,2,pituitary,0.9999628962483481,919d6f0fb3ca462983d6df6ec06846e41abd9645
mobilenet_v2,A,1780,97461,patient_disjoint,3,2,pituitary,1.2681946461851986e-05,1.268402687729376e-05,0.999974634026661,2,pituitary,0.999974634026661,919d6f0fb3ca462983d6df6ec06846e41abd9645
mobilenet_v2,A,1795,98472,patient_disjoint,3,2,pituitary,5.847334083835368e-05,6.335053573657809e-06,0.9999351916055881,2,pituitary,0.9999351916055881,919d6f0fb3ca462983d6df6ec06846e41abd9645
mobilenet_v2,A,1796,98472,patient_disjoint,3,2,pituitary,2.7496116828297896e-05,6.089622358217714e-07,0.999971894920936,2,pituitary,0.999971894920936,919d6f0fb3ca462983d6df6ec06846e41abd9645
mobilenet_v2,A,1797,98472,patient_disjoint,3,2,pituitary,0.004993258700018698,0.0002955054380488512,0.9947112358619323,2,pituitary,0.9947112358619323,919d6f0fb3ca462983d6df6ec06846e41abd9645
mobilenet_v2,A,1798,98472,patient_disjoint,3,2,pituitary,4.757694636804091e-06,1.9267763134405235e-06,0.9999933155290497,2,pituitary,0.9999933155290497,919d6f0fb3ca462983d6df6ec06846e41abd9645
mobilenet_v2,A,1799,98472,patient_disjoint,3,2,pituitary,3.591859861235044e-05,1.4640412845595227e-05,0.9999494409885421,2,pituitary,0.9999494409885421,919d6f0fb3ca462983d6df6ec06846e41abd9645
mobilenet_v2,A,1800,98472,patient_disjoint,3,2,pituitary,0.0004634883564586891,5.431460347038373e-05,0.9994821970400709,2,pituitary,0.9994821970400709,919d6f0fb3ca462983d6df6ec06846e41abd9645
mobilenet_v2,A,1801,98652,patient_disjoint,3,2,pituitary,4.925214686168508e-05,7.922983217708943e-06,0.9999428248699206,2,pituitary,0.9999428248699206,919d6f0fb3ca462983d6df6ec06846e41abd9645
mobilenet_v2,A,1802,98652,patient_disjoint,3,2,pituitary,5.853060837810231e-05,7.951220716614706e-05,0.9998619571844557,2,pituitary,0.9998619571844557,919d6f0fb3ca462983d6df6ec06846e41abd9645
mobilenet_v2,A,1803,98652,patient_disjoint,3,2,pituitary,0.000870740357051006,0.00012375022028730047,0.9990055094226616,2,pituitary,0.9990055094226616,919d6f0fb3ca462983d6df6ec06846e41abd9645
mobilenet_v2,A,1804,98652,patient_disjoint,3,2,pituitary,0.000884540136018012,0.0001696212722355683,0.9989458385917465,2,pituitary,0.9989458385917465,919d6f0fb3ca462983d6df6ec06846e41abd9645
mobilenet_v2,A,1805,98652,patient_disjoint,3,2,pituitary,0.0027203964459792365,0.0017644256344735883,0.9955151779195472,2,pituitary,0.9955151779195472,919d6f0fb3ca462983d6df6ec06846e41abd9645
mobilenet_v2,A,1899,MR049358,patient_disjoint,3,1,glioma,0.00010555347987507705,0.9996430128072129,0.00025143371291209206,1,glioma,0.9996430128072129,919d6f0fb3ca462983d6df6ec06846e41abd9645
mobilenet_v2,A,1900,MR049358,patient_disjoint,3,1,glioma,0.0006326323436717849,0.9967137742875471,0.0026535933687810466,1,glioma,0.9967137742875471,919d6f0fb3ca462983d6df6ec06846e41abd9645
mobilenet_v2,A,1901,MR049358,patient_disjoint,3,1,glioma,0.0010473156724805108,0.9980318163824975,0.0009208679450220616,1,glioma,0.9980318163824975,919d6f0fb3ca462983d6df6ec06846e41abd9645
mobilenet_v2,A,1902,MR049358,patient_disjoint,3,1,glioma,1.7400877719695413e-05,0.999972531512615,1.0067609665336008e-05,1,glioma,0.999972531512615,919d6f0fb3ca462983d6df6ec06846e41abd9645
mobilenet_v2,A,1903,MR049358,patient_disjoint,3,1,glioma,1.2017300311326388e-05,0.9999750254662806,1.2957233408280388e-05,1,glioma,0.9999750254662806,919d6f0fb3ca462983d6df6ec06846e41abd9645
mobilenet_v2,A,1904,MR049358,patient_disjoint,3,1,glioma,2.5394566499609566e-05,0.9998223638893244,0.00015224154417608753,1,glioma,0.9998223638893244,919d6f0fb3ca462983d6df6ec06846e41abd9645
mobilenet_v2,A,1905,MR049358,patient_disjoint,3,1,glioma,8.276405379605341e-05,0.9992598431183086,0.0006573928278954278,1,glioma,0.9992598431183086,919d6f0fb3ca462983d6df6ec06846e41abd9645
mobilenet_v2,A,1906,MR049358,patient_disjoint,3,1,glioma,7.635176861334158e-05,0.9997968086824908,0.00012683954889569193,1,glioma,0.9997968086824908,919d6f0fb3ca462983d6df6ec06846e41abd9645
mobilenet_v2,A,1907,MR049358,patient_disjoint,3,1,glioma,2.1558098961040828e-05,0.9999180799987853,6.036190225358787e-05,1,glioma,0.9999180799987853,919d6f0fb3ca462983d6df6ec06846e41abd9645
mobilenet_v2,A,1908,MR049358,patient_disjoint,3,1,glioma,0.0003053147000584053,0.9992344538060526,0.0004602314938891634,1,glioma,0.9992344538060526,919d6f0fb3ca462983d6df6ec06846e41abd9645
mobilenet_v2,A,1909,MR049104B,patient_disjoint,3,1,glioma,4.837508991880428e-05,0.9997609301847127,0.00019069472536852654,1,glioma,0.9997609301847127,919d6f0fb3ca462983d6df6ec06846e41abd9645
mobilenet_v2,A,1910,MR049104B,patient_disjoint,3,1,glioma,4.964251742489061e-05,0.9996388652803294,0.0003114922022458205,1,glioma,0.9996388652803294,919d6f0fb3ca462983d6df6ec06846e41abd9645
mobilenet_v2,A,1911,MR049104B,patient_disjoint,3,1,glioma,3.442117471685119e-05,0.9993794912047703,0.000586087620512859,1,glioma,0.9993794912047703,919d6f0fb3ca462983d6df6ec06846e41abd9645
mobilenet_v2,A,1912,MR049104B,patient_disjoint,3,1,glioma,8.433054728891163e-05,0.9994827627004265,0.00043290675228458894,1,glioma,0.9994827627004265,919d6f0fb3ca462983d6df6ec06846e41abd9645
mobilenet_v2,A,1913,MR049104B,patient_disjoint,3,1,glioma,4.124996434801032e-05,0.9997689324660778,0.00018981756957415122,1,glioma,0.9997689324660778,919d6f0fb3ca462983d6df6ec06846e41abd9645
mobilenet_v2,A,2045,MR051651B,patient_disjoint,3,1,glioma,9.44038170392099e-06,0.9999800312697193,1.0528348576499902e-05,1,glioma,0.9999800312697193,919d6f0fb3ca462983d6df6ec06846e41abd9645
mobilenet_v2,A,2046,MR051651B,patient_disjoint,3,1,glioma,1.2813865062747957e-05,0.9999813386148358,5.847520101280219e-06,1,glioma,0.9999813386148358,919d6f0fb3ca462983d6df6ec06846e41abd9645
mobilenet_v2,A,2047,MR051651B,patient_disjoint,3,1,glioma,0.00014951916710592727,0.999835934619207,1.454621368697334e-05,1,glioma,0.999835934619207,919d6f0fb3ca462983d6df6ec06846e41abd9645
mobilenet_v2,A,2048,MR051651B,patient_disjoint,3,1,glioma,6.597366025434245e-06,0.9999910248603995,2.3777735750059503e-06,1,glioma,0.9999910248603995,919d6f0fb3ca462983d6df6ec06846e41abd9645
mobilenet_v2,A,2049,MR051651B,patient_disjoint,3,1,glioma,2.840797750314609e-05,0.9999475941024251,2.399792007175968e-05,1,glioma,0.9999475941024251,919d6f0fb3ca462983d6df6ec06846e41abd9645
mobilenet_v2,A,2050,MR051651B,patient_disjoint,3,1,glioma,0.00014580444031420464,0.9997630797093682,9.111585031774811e-05,1,glioma,0.9997630797093682,919d6f0fb3ca462983d6df6ec06846e41abd9645
mobilenet_v2,A,2051,MR051644B,patient_disjoint,3,1,glioma,2.1901904104311276e-05,0.9999634537354909,1.4644360404805181e-05,1,glioma,0.9999634537354909,919d6f0fb3ca462983d6df6ec06846e41abd9645
mobilenet_v2,A,2052,MR051644B,patient_disjoint,3,1,glioma,5.995067339536751e-05,0.999863629494796,7.641983180847971e-05,1,glioma,0.999863629494796,919d6f0fb3ca462983d6df6ec06846e41abd9645
mobilenet_v2,A,2053,MR051644B,patient_disjoint,3,1,glioma,3.3809818745678054e-05,0.9999379843948655,2.8205786389021215e-05,1,glioma,0.9999379843948655,919d6f0fb3ca462983d6df6ec06846e41abd9645
mobilenet_v2,A,2054,MR051644B,patient_disjoint,3,1,glioma,0.0001133310607136846,0.9998568876564335,2.978128285273657e-05,1,glioma,0.9998568876564335,919d6f0fb3ca462983d6df6ec06846e41abd9645
mobilenet_v2,A,2055,MR051644B,patient_disjoint,3,1,glioma,4.634553175763817e-05,0.9999467756606121,6.878807630163301e-06,1,glioma,0.9999467756606121,919d6f0fb3ca462983d6df6ec06846e41abd9645
mobilenet_v2,A,2056,MR051644B,patient_disjoint,3,1,glioma,6.001914988243256e-05,0.999918235216304,2.1745633813506473e-05,1,glioma,0.999918235216304,919d6f0fb3ca462983d6df6ec06846e41abd9645
mobilenet_v2,A,2057,MR051644B,patient_disjoint,3,1,glioma,0.00012976177457254336,0.9998271360825741,4.310214285325593e-05,1,glioma,0.9998271360825741,919d6f0fb3ca462983d6df6ec06846e41abd9645
mobilenet_v2,A,2077,MR049942B,patient_disjoint,3,1,glioma,0.00039098695893694814,0.9972942552796323,0.002314757761430825,1,glioma,0.9972942552796323,919d6f0fb3ca462983d6df6ec06846e41abd9645
mobilenet_v2,A,2078,MR049942B,patient_disjoint,3,1,glioma,6.686094182219267e-06,0.9999651216207233,2.8192285094657318e-05,1,glioma,0.9999651216207233,919d6f0fb3ca462983d6df6ec06846e41abd9645
mobilenet_v2,A,2079,MR049942B,patient_disjoint,3,1,glioma,1.7471969427146017e-05,0.999962761677877,1.976635269583342e-05,1,glioma,0.999962761677877,919d6f0fb3ca462983d6df6ec06846e41abd9645
mobilenet_v2,A,2112,MR034997,patient_disjoint,3,1,glioma,0.00022108004714230608,0.9997547298013011,2.419015155672284e-05,1,glioma,0.9997547298013011,919d6f0fb3ca462983d6df6ec06846e41abd9645
mobilenet_v2,A,2113,MR034997,patient_disjoint,3,1,glioma,0.0002756917016417518,0.999485359229284,0.00023894906907419007,1,glioma,0.999485359229284,919d6f0fb3ca462983d6df6ec06846e41abd9645
mobilenet_v2,A,2114,MR034997,patient_disjoint,3,1,glioma,7.674666499775985e-05,0.9998271561186971,9.609721630513252e-05,1,glioma,0.9998271561186971,919d6f0fb3ca462983d6df6ec06846e41abd9645
mobilenet_v2,A,2115,MR034997,patient_disjoint,3,1,glioma,2.0345016386596874e-06,0.9999954628944984,2.502603862793586e-06,1,glioma,0.9999954628944984,919d6f0fb3ca462983d6df6ec06846e41abd9645
mobilenet_v2,A,2116,MR034997,patient_disjoint,3,1,glioma,5.823967597732176e-06,0.9999913920121957,2.784020206527382e-06,1,glioma,0.9999913920121957,919d6f0fb3ca462983d6df6ec06846e41abd9645
mobilenet_v2,A,2117,MR034997,patient_disjoint,3,1,glioma,8.486205429041295e-05,0.9998985137044434,1.6624241266214152e-05,1,glioma,0.9998985137044434,919d6f0fb3ca462983d6df6ec06846e41abd9645
mobilenet_v2,A,2118,MR034997,patient_disjoint,3,1,glioma,0.0001224664863691136,0.9998632745633695,1.4258950261328489e-05,1,glioma,0.9998632745633695,919d6f0fb3ca462983d6df6ec06846e41abd9645
mobilenet_v2,A,2134,MR049019G,patient_disjoint,3,1,glioma,5.7588925440888186e-05,0.9998751294313925,6.728164316649983e-05,1,glioma,0.9998751294313925,919d6f0fb3ca462983d6df6ec06846e41abd9645
mobilenet_v2,A,2135,MR049019G,patient_disjoint,3,1,glioma,5.150506489686162e-05,0.9999355398937053,1.2955041397678876e-05,1,glioma,0.9999355398937053,919d6f0fb3ca462983d6df6ec06846e41abd9645
mobilenet_v2,A,2136,MR049019G,patient_disjoint,3,1,glioma,1.0659463675937004e-05,0.9999846364230128,4.704113311375705e-06,1,glioma,0.9999846364230128,919d6f0fb3ca462983d6df6ec06846e41abd9645
mobilenet_v2,A,2137,MR049019G,patient_disjoint,3,1,glioma,1.2099377918262086e-05,0.9999851622397308,2.7383823508675803e-06,1,glioma,0.9999851622397308,919d6f0fb3ca462983d6df6ec06846e41abd9645
mobilenet_v2,A,2138,MR049019G,patient_disjoint,3,1,glioma,8.262874768779218e-05,0.9999048216877735,1.2549564538623432e-05,1,glioma,0.9999048216877735,919d6f0fb3ca462983d6df6ec06846e41abd9645
mobilenet_v2,A,2139,MR049019G,patient_disjoint,3,1,glioma,1.6147664957994425e-05,0.999981575395836,2.2769392060159177e-06,1,glioma,0.999981575395836,919d6f0fb3ca462983d6df6ec06846e41abd9645
mobilenet_v2,A,2140,MR049019G,patient_disjoint,3,1,glioma,0.00010613986782083167,0.9998728879046079,2.097222757115249e-05,1,glioma,0.9998728879046079,919d6f0fb3ca462983d6df6ec06846e41abd9645
mobilenet_v2,A,2146,MR038469,patient_disjoint,3,1,glioma,0.03350136481894995,0.9642825103816572,0.002216124799392742,1,glioma,0.9642825103816572,919d6f0fb3ca462983d6df6ec06846e41abd9645
mobilenet_v2,A,2147,MR038469,patient_disjoint,3,1,glioma,0.00024003440449927682,0.9997196072192884,4.03583762123552e-05,1,glioma,0.9997196072192884,919d6f0fb3ca462983d6df6ec06846e41abd9645
mobilenet_v2,A,2148,MR038469,patient_disjoint,3,1,glioma,4.598284779324116e-05,0.9998403890534883,0.00011362809871853822,1,glioma,0.9998403890534883,919d6f0fb3ca462983d6df6ec06846e41abd9645
mobilenet_v2,A,2149,MR038469,patient_disjoint,3,1,glioma,3.8831346512270945e-05,0.9998842993186862,7.686933480157166e-05,1,glioma,0.9998842993186862,919d6f0fb3ca462983d6df6ec06846e41abd9645
mobilenet_v2,A,2150,MR038469,patient_disjoint,3,1,glioma,1.3338820402089723e-05,0.9999681633530495,1.8497826548230598e-05,1,glioma,0.9999681633530495,919d6f0fb3ca462983d6df6ec06846e41abd9645
mobilenet_v2,A,2151,MR038469,patient_disjoint,3,1,glioma,1.9306422249001353e-05,0.9999382298461571,4.2463731593979126e-05,1,glioma,0.9999382298461571,919d6f0fb3ca462983d6df6ec06846e41abd9645
mobilenet_v2,A,2152,MR038469,patient_disjoint,3,1,glioma,8.611605932255961e-05,0.9991444428613862,0.0007694410792913632,1,glioma,0.9991444428613862,919d6f0fb3ca462983d6df6ec06846e41abd9645
mobilenet_v2,A,2206,MR040240B,patient_disjoint,3,1,glioma,0.01874438710649363,0.9604464615398944,0.020809151353611985,1,glioma,0.9604464615398944,919d6f0fb3ca462983d6df6ec06846e41abd9645
mobilenet_v2,A,2207,MR040240B,patient_disjoint,3,1,glioma,0.00041765528276746885,0.9990532885067066,0.0005290562105258725,1,glioma,0.9990532885067066,919d6f0fb3ca462983d6df6ec06846e41abd9645
mobilenet_v2,A,2208,MR040240B,patient_disjoint,3,1,glioma,1.3762537940870622e-06,0.9999965184755538,2.105270652222307e-06,1,glioma,0.9999965184755538,919d6f0fb3ca462983d6df6ec06846e41abd9645
mobilenet_v2,A,2209,MR040240B,patient_disjoint,3,1,glioma,1.6802400031789286e-05,0.9999572536297407,2.5943970227375094e-05,1,glioma,0.9999572536297407,919d6f0fb3ca462983d6df6ec06846e41abd9645
mobilenet_v2,A,2210,MR040240B,patient_disjoint,3,1,glioma,2.788066332182803e-05,0.9999168149880293,5.530434864881785e-05,1,glioma,0.9999168149880293,919d6f0fb3ca462983d6df6ec06846e41abd9645
mobilenet_v2,A,2211,MR040240B,patient_disjoint,3,1,glioma,0.00023600605831469387,0.99932599611791,0.00043799782377524287,1,glioma,0.99932599611791,919d6f0fb3ca462983d6df6ec06846e41abd9645
mobilenet_v2,A,2212,MR040240B,patient_disjoint,3,1,glioma,0.00014485345715204166,0.9997310931414617,0.00012405340138641784,1,glioma,0.9997310931414617,919d6f0fb3ca462983d6df6ec06846e41abd9645
mobilenet_v2,A,2213,MR040240B,patient_disjoint,3,1,glioma,1.0110260854007934e-05,0.9999638380686768,2.6051670469203755e-05,1,glioma,0.9999638380686768,919d6f0fb3ca462983d6df6ec06846e41abd9645
mobilenet_v2,A,2214,MR040240B,patient_disjoint,3,1,glioma,3.147828878936644e-05,0.9999350257157897,3.3495995420841366e-05,1,glioma,0.9999350257157897,919d6f0fb3ca462983d6df6ec06846e41abd9645
mobilenet_v2,A,2215,MR040240B,patient_disjoint,3,1,glioma,5.521913222485667e-05,0.9998853868745283,5.939399324686916e-05,1,glioma,0.9998853868745283,919d6f0fb3ca462983d6df6ec06846e41abd9645
mobilenet_v2,A,2224,MR036496B,patient_disjoint,3,1,glioma,2.1195807436786035e-05,0.9999658159574746,1.2988235088481344e-05,1,glioma,0.9999658159574746,919d6f0fb3ca462983d6df6ec06846e41abd9645
mobilenet_v2,A,2225,MR036496B,patient_disjoint,3,1,glioma,2.1196403856976603e-05,0.9999689201021017,9.883494041352414e-06,1,glioma,0.9999689201021017,919d6f0fb3ca462983d6df6ec06846e41abd9645
mobilenet_v2,A,2226,MR036496B,patient_disjoint,3,1,glioma,1.3329764681324943e-05,0.9999842613203597,2.408914958997696e-06,1,glioma,0.9999842613203597,919d6f0fb3ca462983d6df6ec06846e41abd9645
mobilenet_v2,A,2227,MR036496B,patient_disjoint,3,1,glioma,2.1794507638361216e-05,0.999974551322359,3.6541700026243886e-06,1,glioma,0.999974551322359,919d6f0fb3ca462983d6df6ec06846e41abd9645
mobilenet_v2,A,2228,MR036496B,patient_disjoint,3,1,glioma,1.3202925852024167e-05,0.9999835877005044,3.2093736435928785e-06,1,glioma,0.9999835877005044,919d6f0fb3ca462983d6df6ec06846e41abd9645
mobilenet_v2,A,2229,MR036496B,patient_disjoint,3,1,glioma,1.1065566412195617e-05,0.9999870829874324,1.8514461554512297e-06,1,glioma,0.9999870829874324,919d6f0fb3ca462983d6df6ec06846e41abd9645
mobilenet_v2,A,2261,MR049358,patient_disjoint,3,1,glioma,1.258531954365883e-05,0.9999763463489153,1.1068331541089096e-05,1,glioma,0.9999763463489153,919d6f0fb3ca462983d6df6ec06846e41abd9645
mobilenet_v2,A,2262,MR049358,patient_disjoint,3,1,glioma,1.1300850734290359e-05,0.9999500138828088,3.868526645683689e-05,1,glioma,0.9999500138828088,919d6f0fb3ca462983d6df6ec06846e41abd9645
mobilenet_v2,A,2263,MR049358,patient_disjoint,3,1,glioma,5.324999609937962e-05,0.9997765526665865,0.00017019733731405968,1,glioma,0.9997765526665865,919d6f0fb3ca462983d6df6ec06846e41abd9645
mobilenet_v2,A,2264,MR049358,patient_disjoint,3,1,glioma,2.0286347332524004e-05,0.99983269696712,0.00014701668554730003,1,glioma,0.99983269696712,919d6f0fb3ca462983d6df6ec06846e41abd9645
mobilenet_v2,A,2265,MR049358,patient_disjoint,3,1,glioma,3.2692520143842804e-05,0.9997755591375593,0.00019174834229670486,1,glioma,0.9997755591375593,919d6f0fb3ca462983d6df6ec06846e41abd9645
mobilenet_v2,A,2266,MR049358,patient_disjoint,3,1,glioma,1.7707357699757348e-05,0.9998988277943424,8.346484795791276e-05,1,glioma,0.9998988277943424,919d6f0fb3ca462983d6df6ec06846e41abd9645
mobilenet_v2,A,2267,MR049358,patient_disjoint,3,1,glioma,2.3400719172877893e-05,0.9995931069386829,0.00038349234214419593,1,glioma,0.9995931069386829,919d6f0fb3ca462983d6df6ec06846e41abd9645
mobilenet_v2,A,2268,MR049358,patient_disjoint,3,1,glioma,1.9463159174508677e-05,0.9999388233394435,4.1713501381898366e-05,1,glioma,0.9999388233394435,919d6f0fb3ca462983d6df6ec06846e41abd9645
mobilenet_v2,A,2269,MR049358,patient_disjoint,3,1,glioma,1.488270045369489e-05,0.9999094878968178,7.562940272853699e-05,1,glioma,0.9999094878968178,919d6f0fb3ca462983d6df6ec06846e41abd9645
mobilenet_v2,A,2453,MR040240B,patient_disjoint,3,1,glioma,0.00010906260656045221,0.9992741340785769,0.0006168033148627512,1,glioma,0.9992741340785769,919d6f0fb3ca462983d6df6ec06846e41abd9645
mobilenet_v2,A,2454,MR040240B,patient_disjoint,3,1,glioma,1.4084192018931704e-05,0.9999054309138369,8.048489414428034e-05,1,glioma,0.9999054309138369,919d6f0fb3ca462983d6df6ec06846e41abd9645
mobilenet_v2,A,2455,MR040240B,patient_disjoint,3,1,glioma,4.479999141300011e-05,0.9957116807280765,0.0042435192805105795,1,glioma,0.9957116807280765,919d6f0fb3ca462983d6df6ec06846e41abd9645
mobilenet_v2,A,2456,MR040240B,patient_disjoint,3,1,glioma,8.895334706185137e-05,0.9986436263418603,0.0012674203110778226,1,glioma,0.9986436263418603,919d6f0fb3ca462983d6df6ec06846e41abd9645
mobilenet_v2,A,2457,MR040240B,patient_disjoint,3,1,glioma,0.00025878452927692504,0.9987376886018267,0.0010035268688963872,1,glioma,0.9987376886018267,919d6f0fb3ca462983d6df6ec06846e41abd9645
mobilenet_v2,A,2458,MR040240B,patient_disjoint,3,1,glioma,0.0011209106595325361,0.9984536972535738,0.0004253920868937126,1,glioma,0.9984536972535738,919d6f0fb3ca462983d6df6ec06846e41abd9645
mobilenet_v2,A,2459,MR040240B,patient_disjoint,3,1,glioma,0.00014287648620245325,0.9996995340675175,0.00015758944628007198,1,glioma,0.9996995340675175,919d6f0fb3ca462983d6df6ec06846e41abd9645
mobilenet_v2,A,2460,MR040240B,patient_disjoint,3,1,glioma,0.00017735970147101166,0.9989963795629201,0.0008262607356089601,1,glioma,0.9989963795629201,919d6f0fb3ca462983d6df6ec06846e41abd9645
mobilenet_v2,A,2461,MR040240B,patient_disjoint,3,1,glioma,0.00035382833079840125,0.9986504705218807,0.000995701147320789,1,glioma,0.9986504705218807,919d6f0fb3ca462983d6df6ec06846e41abd9645
mobilenet_v2,A,2462,MR040240B,patient_disjoint,3,1,glioma,9.640558347869821e-05,0.9998020288955201,0.00010156552100127667,1,glioma,0.9998020288955201,919d6f0fb3ca462983d6df6ec06846e41abd9645
mobilenet_v2,A,2470,MR036496B,patient_disjoint,3,1,glioma,5.893708152136827e-06,0.9999907720551505,3.334236697555676e-06,1,glioma,0.9999907720551505,919d6f0fb3ca462983d6df6ec06846e41abd9645
mobilenet_v2,A,2471,MR036496B,patient_disjoint,3,1,glioma,0.00013894192577495,0.9998500014214834,1.1056652741780946e-05,1,glioma,0.9998500014214834,919d6f0fb3ca462983d6df6ec06846e41abd9645
mobilenet_v2,A,2472,MR036496B,patient_disjoint,3,1,glioma,4.4431743826720366e-05,0.9999348983284133,2.0669927759941105e-05,1,glioma,0.9999348983284133,919d6f0fb3ca462983d6df6ec06846e41abd9645
mobilenet_v2,A,2473,MR036496B,patient_disjoint,3,1,glioma,0.00038314015128423484,0.999508571749815,0.00010828809890075695,1,glioma,0.999508571749815,919d6f0fb3ca462983d6df6ec06846e41abd9645
mobilenet_v2,A,2474,MR036496B,patient_disjoint,3,1,glioma,6.602466818012324e-05,0.9999289106934014,5.064638418617894e-06,1,glioma,0.9999289106934014,919d6f0fb3ca462983d6df6ec06846e41abd9645
mobilenet_v2,A,2475,MR036496B,patient_disjoint,3,1,glioma,5.168353009874989e-05,0.999807800844811,0.00014051562509008654,1,glioma,0.999807800844811,919d6f0fb3ca462983d6df6ec06846e41abd9645
mobilenet_v2,A,2579,MR051651B,patient_disjoint,3,1,glioma,9.27908620957169e-06,0.9999881681828913,2.552730899219617e-06,1,glioma,0.9999881681828913,919d6f0fb3ca462983d6df6ec06846e41abd9645
mobilenet_v2,A,2580,MR051651B,patient_disjoint,3,1,glioma,7.045044649439113e-05,0.9999272991026321,2.2504508735236433e-06,1,glioma,0.9999272991026321,919d6f0fb3ca462983d6df6ec06846e41abd9645
mobilenet_v2,A,2581,MR051651B,patient_disjoint,3,1,glioma,0.00011382793054678056,0.999706624992861,0.0001795470765923634,1,glioma,0.999706624992861,919d6f0fb3ca462983d6df6ec06846e41abd9645
mobilenet_v2,A,2582,MR051651B,patient_disjoint,3,1,glioma,0.0028328160458348114,0.9961398963397649,0.0010272876144003203,1,glioma,0.9961398963397649,919d6f0fb3ca462983d6df6ec06846e41abd9645
mobilenet_v2,A,2583,MR051651B,patient_disjoint,3,1,glioma,0.0009548218131556866,0.9988565949389249,0.00018858324791945253,1,glioma,0.9988565949389249,919d6f0fb3ca462983d6df6ec06846e41abd9645
mobilenet_v2,A,2584,MR051651B,patient_disjoint,3,1,glioma,3.1065898629965594e-05,0.9998921696172549,7.676448411499043e-05,1,glioma,0.9998921696172549,919d6f0fb3ca462983d6df6ec06846e41abd9645
mobilenet_v2,A,2585,MR051651B,patient_disjoint,3,1,glioma,5.3860033948920046e-05,0.999791870058552,0.0001542699074992156,1,glioma,0.999791870058552,919d6f0fb3ca462983d6df6ec06846e41abd9645
mobilenet_v2,A,2608,MR049942B,patient_disjoint,3,1,glioma,0.000182231790695907,0.9987655710499558,0.0010521971593485445,1,glioma,0.9987655710499558,919d6f0fb3ca462983d6df6ec06846e41abd9645
mobilenet_v2,A,2609,MR049942B,patient_disjoint,3,1,glioma,4.382375471344863e-05,0.9994561213134245,0.0005000549318619253,1,glioma,0.9994561213134245,919d6f0fb3ca462983d6df6ec06846e41abd9645
mobilenet_v2,A,2610,MR049942B,patient_disjoint,3,1,glioma,0.0001488437795349957,0.9746659056866852,0.025185250533779898,1,glioma,0.9746659056866852,919d6f0fb3ca462983d6df6ec06846e41abd9645
mobilenet_v2,A,2611,MR049942B,patient_disjoint,3,1,glioma,5.5124483341436735e-05,0.9997188950557787,0.00022598046087972718,1,glioma,0.9997188950557787,919d6f0fb3ca462983d6df6ec06846e41abd9645
mobilenet_v2,A,2650,MR034997,patient_disjoint,3,1,glioma,2.7021024028729176e-05,0.9999011215943315,7.185738163977421e-05,1,glioma,0.9999011215943315,919d6f0fb3ca462983d6df6ec06846e41abd9645
mobilenet_v2,A,2651,MR034997,patient_disjoint,3,1,glioma,1.6618461564852233e-06,0.9999923642406247,5.973913218681182e-06,1,glioma,0.9999923642406247,919d6f0fb3ca462983d6df6ec06846e41abd9645
mobilenet_v2,A,2652,MR034997,patient_disjoint,3,1,glioma,4.482001776457793e-07,0.9999898869690864,9.664830735898572e-06,1,glioma,0.9999898869690864,919d6f0fb3ca462983d6df6ec06846e41abd9645
mobilenet_v2,A,2653,MR034997,patient_disjoint,3,1,glioma,1.059056376866395e-05,0.9999205402930045,6.88691432270773e-05,1,glioma,0.9999205402930045,919d6f0fb3ca462983d6df6ec06846e41abd9645
mobilenet_v2,A,2654,MR034997,patient_disjoint,3,1,glioma,8.254646892127065e-06,0.9999104274979543,8.131785515365936e-05,1,glioma,0.9999104274979543,919d6f0fb3ca462983d6df6ec06846e41abd9645
mobilenet_v2,A,2655,MR034997,patient_disjoint,3,1,glioma,7.270904856462968e-06,0.9999632276016532,2.95014934901178e-05,1,glioma,0.9999632276016532,919d6f0fb3ca462983d6df6ec06846e41abd9645
mobilenet_v2,A,2656,MR034997,patient_disjoint,3,1,glioma,1.73693946019243e-05,0.9999719217530175,1.0708852380624432e-05,1,glioma,0.9999719217530175,919d6f0fb3ca462983d6df6ec06846e41abd9645
mobilenet_v2,A,2675,MR049019G,patient_disjoint,3,1,glioma,1.3871529022139166e-05,0.9999687222156298,1.7406255348040586e-05,1,glioma,0.9999687222156298,919d6f0fb3ca462983d6df6ec06846e41abd9645
mobilenet_v2,A,2676,MR049019G,patient_disjoint,3,1,glioma,1.4130946383080447e-05,0.9999579974441154,2.7871609501673665e-05,1,glioma,0.9999579974441154,919d6f0fb3ca462983d6df6ec06846e41abd9645
mobilenet_v2,A,2677,MR049019G,patient_disjoint,3,1,glioma,1.2451751469139151e-05,0.9999753751183503,1.2173130180580349e-05,1,glioma,0.9999753751183503,919d6f0fb3ca462983d6df6ec06846e41abd9645
mobilenet_v2,A,2682,MR038469,patient_disjoint,3,1,glioma,0.00023566764216143148,0.9933890051710929,0.0063753271867457014,1,glioma,0.9933890051710929,919d6f0fb3ca462983d6df6ec06846e41abd9645
mobilenet_v2,A,2683,MR038469,patient_disjoint,3,1,glioma,0.0015096019580912823,0.994399500749786,0.004090897292122592,1,glioma,0.994399500749786,919d6f0fb3ca462983d6df6ec06846e41abd9645
mobilenet_v2,A,2684,MR038469,patient_disjoint,3,1,glioma,0.0026280677420388817,0.9875706740610838,0.0098012581968774,1,glioma,0.9875706740610838,919d6f0fb3ca462983d6df6ec06846e41abd9645
mobilenet_v2,A,2685,MR038469,patient_disjoint,3,1,glioma,0.004463969633144742,0.9902509376865363,0.00528509268031895,1,glioma,0.9902509376865363,919d6f0fb3ca462983d6df6ec06846e41abd9645
mobilenet_v2,A,2686,MR038469,patient_disjoint,3,1,glioma,8.940939986285592e-05,0.9996738576338894,0.00023673296624763908,1,glioma,0.9996738576338894,919d6f0fb3ca462983d6df6ec06846e41abd9645
mobilenet_v2,A,2687,MR038469,patient_disjoint,3,1,glioma,0.00013833027733250092,0.9993743324032304,0.00048733731943698057,1,glioma,0.9993743324032304,919d6f0fb3ca462983d6df6ec06846e41abd9645
mobilenet_v2,A,2743,MR049019G,patient_disjoint,3,1,glioma,9.650505605359818e-06,0.9999750161669209,1.533332747375597e-05,1,glioma,0.9999750161669209,919d6f0fb3ca462983d6df6ec06846e41abd9645
mobilenet_v2,A,2744,MR049019G,patient_disjoint,3,1,glioma,4.4979263366300045e-05,0.999903748463926,5.1272272707639524e-05,1,glioma,0.999903748463926,919d6f0fb3ca462983d6df6ec06846e41abd9645
mobilenet_v2,A,2745,MR049019G,patient_disjoint,3,1,glioma,2.368096226602761e-05,0.9999651693015196,1.1149736214421049e-05,1,glioma,0.9999651693015196,919d6f0fb3ca462983d6df6ec06846e41abd9645
mobilenet_v2,A,2746,MR049019G,patient_disjoint,3,1,glioma,3.5862158787522664e-05,0.9999323230683748,3.181477283777579e-05,1,glioma,0.9999323230683748,919d6f0fb3ca462983d6df6ec06846e41abd9645
mobilenet_v2,A,2747,MR049019G,patient_disjoint,3,1,glioma,0.0002870875208330205,0.9989099632451448,0.0008029492340221134,1,glioma,0.9989099632451448,919d6f0fb3ca462983d6df6ec06846e41abd9645
mobilenet_v2,A,2753,MR038469,patient_disjoint,3,1,glioma,0.0025689314801752602,0.9813438887932805,0.016087179726544304,1,glioma,0.9813438887932805,919d6f0fb3ca462983d6df6ec06846e41abd9645
mobilenet_v2,A,2754,MR038469,patient_disjoint,3,1,glioma,0.00048304011046223393,0.9908564287770198,0.008660531112517812,1,glioma,0.9908564287770198,919d6f0fb3ca462983d6df6ec06846e41abd9645
mobilenet_v2,A,2755,MR038469,patient_disjoint,3,1,glioma,0.0003680035772243276,0.9989818695530768,0.0006501268696988753,1,glioma,0.9989818695530768,919d6f0fb3ca462983d6df6ec06846e41abd9645
mobilenet_v2,A,2756,MR038469,patient_disjoint,3,1,glioma,0.0023083148118565582,0.9932117890512394,0.004479896136904107,1,glioma,0.9932117890512394,919d6f0fb3ca462983d6df6ec06846e41abd9645
mobilenet_v2,A,2757,MR038469,patient_disjoint,3,1,glioma,0.020560431604512684,0.9759941595999574,0.0034454087955298287,1,glioma,0.9759941595999574,919d6f0fb3ca462983d6df6ec06846e41abd9645
mobilenet_v2,A,2795,MR040240B,patient_disjoint,3,1,glioma,6.177509764311378e-05,0.9997067269557401,0.00023149794661654985,1,glioma,0.9997067269557401,919d6f0fb3ca462983d6df6ec06846e41abd9645
mobilenet_v2,A,2796,MR040240B,patient_disjoint,3,1,glioma,0.0003413738040300133,0.9995344965488826,0.00012412964708755653,1,glioma,0.9995344965488826,919d6f0fb3ca462983d6df6ec06846e41abd9645
mobilenet_v2,A,2797,MR040240B,patient_disjoint,3,1,glioma,0.0010629385456153524,0.9985319035983267,0.00040515785605802586,1,glioma,0.9985319035983267,919d6f0fb3ca462983d6df6ec06846e41abd9645
mobilenet_v2,A,2798,MR040240B,patient_disjoint,3,1,glioma,0.00010866217468009909,0.9997793291774505,0.00011200864786935147,1,glioma,0.9997793291774505,919d6f0fb3ca462983d6df6ec06846e41abd9645
mobilenet_v2,A,2799,MR040240B,patient_disjoint,3,1,glioma,9.272698522094432e-06,0.9999761670934586,1.4560208019330585e-05,1,glioma,0.9999761670934586,919d6f0fb3ca462983d6df6ec06846e41abd9645
mobilenet_v2,A,2805,MR036496B,patient_disjoint,3,1,glioma,2.2361636818860138e-05,0.9999656971972798,1.1941165901313383e-05,1,glioma,0.9999656971972798,919d6f0fb3ca462983d6df6ec06846e41abd9645
mobilenet_v2,A,2806,MR036496B,patient_disjoint,3,1,glioma,3.4054046062379486e-05,0.9999424924814526,2.3453472484930308e-05,1,glioma,0.9999424924814526,919d6f0fb3ca462983d6df6ec06846e41abd9645
mobilenet_v2,A,2807,MR036496B,patient_disjoint,3,1,glioma,1.1027415001750497e-05,0.9999768461062516,1.212647874663158e-05,1,glioma,0.9999768461062516,919d6f0fb3ca462983d6df6ec06846e41abd9645
mobilenet_v2,A,2808,MR036496B,patient_disjoint,3,1,glioma,0.00017688570833434875,0.9997981108905256,2.5003401139891233e-05,1,glioma,0.9997981108905256,919d6f0fb3ca462983d6df6ec06846e41abd9645
mobilenet_v2,A,2866,MR049358,patient_disjoint,3,1,glioma,0.00024823157889664364,0.9997208038056612,3.096461544238112e-05,1,glioma,0.9997208038056612,919d6f0fb3ca462983d6df6ec06846e41abd9645
mobilenet_v2,A,2867,MR049358,patient_disjoint,3,1,glioma,1.2580907139720584e-05,0.999922996250517,6.442284234344433e-05,1,glioma,0.999922996250517,919d6f0fb3ca462983d6df6ec06846e41abd9645
mobilenet_v2,A,2868,MR049358,patient_disjoint,3,1,glioma,2.2277921711662787e-05,0.9998718506513338,0.00010587142695460916,1,glioma,0.9998718506513338,919d6f0fb3ca462983d6df6ec06846e41abd9645
mobilenet_v2,A,2869,MR049358,patient_disjoint,3,1,glioma,3.72932465880968e-05,0.9994759777658868,0.0004867289875251134,1,glioma,0.9994759777658868,919d6f0fb3ca462983d6df6ec06846e41abd9645
mobilenet_v2,A,2870,MR049358,patient_disjoint,3,1,glioma,6.881598757774307e-06,0.9999585827863,3.4535614942366506e-05,1,glioma,0.9999585827863,919d6f0fb3ca462983d6df6ec06846e41abd9645
mobilenet_v2,A,2871,MR049358,patient_disjoint,3,1,glioma,5.093054097731319e-06,0.9995405839697717,0.000454322976130417,1,glioma,0.9995405839697717,919d6f0fb3ca462983d6df6ec06846e41abd9645
mobilenet_v2,A,2872,MR049358,patient_disjoint,3,1,glioma,2.7540063726611783e-06,0.9983640319118711,0.001633214081756249,1,glioma,0.9983640319118711,919d6f0fb3ca462983d6df6ec06846e41abd9645
mobilenet_v2,A,2873,MR049104B,patient_disjoint,3,1,glioma,0.00028891288296198386,0.9994864338197779,0.0002246532972601436,1,glioma,0.9994864338197779,919d6f0fb3ca462983d6df6ec06846e41abd9645
mobilenet_v2,A,2874,MR049104B,patient_disjoint,3,1,glioma,7.713712703890421e-05,0.9992092710323056,0.0007135918406553326,1,glioma,0.9992092710323056,919d6f0fb3ca462983d6df6ec06846e41abd9645
mobilenet_v2,A,2875,MR049104B,patient_disjoint,3,1,glioma,3.3981085884751255e-05,0.9998862637420844,7.9755172030744e-05,1,glioma,0.9998862637420844,919d6f0fb3ca462983d6df6ec06846e41abd9645
mobilenet_v2,A,2955,MR051651B,patient_disjoint,3,1,glioma,0.39669360080054406,0.5964094566775258,0.006896942521930138,1,glioma,0.5964094566775258,919d6f0fb3ca462983d6df6ec06846e41abd9645
mobilenet_v2,A,2956,MR051651B,patient_disjoint,3,1,glioma,0.07334393467807312,0.9255998424284274,0.0010562228934995037,1,glioma,0.9255998424284274,919d6f0fb3ca462983d6df6ec06846e41abd9645
mobilenet_v2,A,2957,MR051651B,patient_disjoint,3,1,glioma,0.0026909519085650136,0.9972536108721088,5.543721932620724e-05,1,glioma,0.9972536108721088,919d6f0fb3ca462983d6df6ec06846e41abd9645
mobilenet_v2,A,2958,MR051651B,patient_disjoint,3,1,glioma,0.001155507349981347,0.9987983904718639,4.6102178154636856e-05,1,glioma,0.9987983904718639,919d6f0fb3ca462983d6df6ec06846e41abd9645
mobilenet_v2,A,2959,MR051651B,patient_disjoint,3,1,glioma,0.0015397758473725037,0.9984498911637759,1.0332988851549174e-05,1,glioma,0.9984498911637759,919d6f0fb3ca462983d6df6ec06846e41abd9645
mobilenet_v2,A,2960,MR051651B,patient_disjoint,3,1,glioma,0.0014055533397736549,0.9985534328232374,4.1013836988869375e-05,1,glioma,0.9985534328232374,919d6f0fb3ca462983d6df6ec06846e41abd9645
mobilenet_v2,A,2961,MR051644B,patient_disjoint,3,1,glioma,1.503289688919565e-05,0.9999030065229251,8.196058018585611e-05,1,glioma,0.9999030065229251,919d6f0fb3ca462983d6df6ec06846e41abd9645
mobilenet_v2,A,2962,MR051644B,patient_disjoint,3,1,glioma,1.6534603483668556e-05,0.9995660452833627,0.00041742011315387814,1,glioma,0.9995660452833627,919d6f0fb3ca462983d6df6ec06846e41abd9645
mobilenet_v2,A,2963,MR051644B,patient_disjoint,3,1,glioma,2.4693176148620564e-05,0.9997071597777001,0.00026814704615124514,1,glioma,0.9997071597777001,919d6f0fb3ca462983d6df6ec06846e41abd9645
mobilenet_v2,A,2964,MR051644B,patient_disjoint,3,1,glioma,8.655446699824506e-05,0.9993399375261098,0.0005735080068917097,1,glioma,0.9993399375261098,919d6f0fb3ca462983d6df6ec06846e41abd9645
mobilenet_v2,A,2965,MR051644B,patient_disjoint,3,1,glioma,0.0001720693300366517,0.9995151229230419,0.0003128077469214677,1,glioma,0.9995151229230419,919d6f0fb3ca462983d6df6ec06846e41abd9645
mobilenet_v2,A,2966,MR051644B,patient_disjoint,3,1,glioma,0.0008173236961076177,0.9987148302400296,0.0004678460638627569,1,glioma,0.9987148302400296,919d6f0fb3ca462983d6df6ec06846e41abd9645
mobilenet_v2,A,2967,MR051644B,patient_disjoint,3,1,glioma,5.014541578022694e-05,0.9998872820962588,6.257248796091772e-05,1,glioma,0.9998872820962588,919d6f0fb3ca462983d6df6ec06846e41abd9645
mobilenet_v2,A,2968,MR051644B,patient_disjoint,3,1,glioma,1.640103894569073e-05,0.9999401107338903,4.348822716391285e-05,1,glioma,0.9999401107338903,919d6f0fb3ca462983d6df6ec06846e41abd9645
mobilenet_v2,A,2969,MR051644B,patient_disjoint,3,1,glioma,2.1573127231094395e-05,0.9999454614275145,3.296544525446167e-05,1,glioma,0.9999454614275145,919d6f0fb3ca462983d6df6ec06846e41abd9645
mobilenet_v2,A,2993,MR049942B,patient_disjoint,3,1,glioma,1.5445149580530127e-06,0.9999409580522215,5.749743282057381e-05,1,glioma,0.9999409580522215,919d6f0fb3ca462983d6df6ec06846e41abd9645
mobilenet_v2,A,2994,MR049942B,patient_disjoint,3,1,glioma,6.956112686490698e-06,0.999844579597211,0.00014846429010256643,1,glioma,0.999844579597211,919d6f0fb3ca462983d6df6ec06846e41abd9645
mobilenet_v2,A,2995,MR049942B,patient_disjoint,3,1,glioma,1.0531569569456547e-05,0.9998372290147274,0.0001522394157031341,1,glioma,0.9998372290147274,919d6f0fb3ca462983d6df6ec06846e41abd9645
mobilenet_v2,A,3022,MR034997,patient_disjoint,3,1,glioma,2.9196945218744732e-05,0.9999633569909926,7.446063788618192e-06,1,glioma,0.9999633569909926,919d6f0fb3ca462983d6df6ec06846e41abd9645
mobilenet_v2,A,3023,MR034997,patient_disjoint,3,1,glioma,2.8738236862990534e-05,0.9999561712488595,1.5090514277572728e-05,1,glioma,0.9999561712488595,919d6f0fb3ca462983d6df6ec06846e41abd9645
mobilenet_v2,A,3024,MR034997,patient_disjoint,3,1,glioma,1.115420188518917e-05,0.9999521899002289,3.665589788594257e-05,1,glioma,0.9999521899002289,919d6f0fb3ca462983d6df6ec06846e41abd9645
mobilenet_v2,A,3025,MR034997,patient_disjoint,3,1,glioma,1.0096067894478142e-05,0.9999633199006832,2.6584031422336848e-05,1,glioma,0.9999633199006832,919d6f0fb3ca462983d6df6ec06846e41abd9645
mobilenet_v2,A,3026,MR034997,patient_disjoint,3,1,glioma,9.084174980700609e-06,0.9999028995172815,8.801630773775803e-05,1,glioma,0.9999028995172815,919d6f0fb3ca462983d6df6ec06846e41abd9645
mobilenet_v2,A,3027,MR034997,patient_disjoint,3,1,glioma,9.47833071933328e-06,0.9999880701690371,2.4515002434283872e-06,1,glioma,0.9999880701690371,919d6f0fb3ca462983d6df6ec06846e41abd9645
mobilenet_v2,A,3028,MR034997,patient_disjoint,3,1,glioma,5.1248190021318734e-06,0.9998090141803573,0.0001858610006406703,1,glioma,0.9998090141803573,919d6f0fb3ca462983d6df6ec06846e41abd9645
