model,arm,image_id,patient_id,protocol,test_fold,true_class,true_class_name,prob_0,prob_1,prob_2,pred_class,pred_class_name,confidence,experiment_input_commit
mobilenet_v2,B,2,100360,image_level_seed11,2,0,meningioma,0.9315798321260238,0.06479319623605405,0.003626971637922203,0,meningioma,0.9315798321260238,919d6f0fb3ca462983d6df6ec06846e41abd9645
mobilenet_v2,B,3,100360,image_level_seed11,2,0,meningioma,0.9076517519646764,0.08934644171244321,0.003001806322880495,0,meningioma,0.9076517519646764,919d6f0fb3ca462983d6df6ec06846e41abd9645
mobilenet_v2,B,5,100360,image_level_seed11,2,0,meningioma,0.04815398089130502,0.9513785527881476,0.00046746632054718855,1,glioma,0.9513785527881476,919d6f0fb3ca462983d6df6ec06846e41abd9645
mobilenet_v2,B,7,100572,image_level_seed11,2,0,meningioma,0.9926354211179529,0.00020880653621135407,0.007155772345835572,0,meningioma,0.9926354211179529,919d6f0fb3ca462983d6df6ec06846e41abd9645
mobilenet_v2,B,16,101127,image_level_seed11,2,0,meningioma,0.2684127540246607,0.019421650086228526,0.7121655958891107,2,pituitary,0.7121655958891107,919d6f0fb3ca462983d6df6ec06846e41abd9645
mobilenet_v2,B,18,101127,image_level_seed11,2,0,meningioma,0.9999252768234461,2.8312452305957373e-05,4.64107242478663e-05,0,meningioma,0.9999252768234461,919d6f0fb3ca462983d6df6ec06846e41abd9645
mobilenet_v2,B,20,101797,image_level_seed11,2,0,meningioma,0.9929591919893961,0.006839929194804159,0.00020087881579977277,0,meningioma,0.9929591919893961,919d6f0fb3ca462983d6df6ec06846e41abd9645
mobilenet_v2,B,23,101797,image_level_seed11,2,0,meningioma,0.99971430455878,0.0002522397905274842,3.3455650692579066e-05,0,meningioma,0.99971430455878,919d6f0fb3ca462983d6df6ec06846e41abd9645
mobilenet_v2,B,24,102420,image_level_seed11,2,0,meningioma,0.9986550883855753,0.0012434495199115509,0.00010146209451329575,0,meningioma,0.9986550883855753,919d6f0fb3ca462983d6df6ec06846e41abd9645
mobilenet_v2,B,27,102675,image_level_seed11,2,0,meningioma,0.9990082134157916,0.00036379387791756477,0.0006279927062907554,0,meningioma,0.9990082134157916,919d6f0fb3ca462983d6df6ec06846e41abd9645
mobilenet_v2,B,29,102714,image_level_seed11,2,0,meningioma,0.7487043167189827,0.00037915563483867875,0.25091652764617844,0,meningioma,0.7487043167189827,919d6f0fb3ca462983d6df6ec06846e41abd9645
mobilenet_v2,B,33,102929,image_level_seed11,2,0,meningioma,0.275267645652009,0.7047435454482068,0.019988808899784164,1,glioma,0.7047435454482068,919d6f0fb3ca462983d6df6ec06846e41abd9645
mobilenet_v2,B,40,103673,image_level_seed11,2,0,meningioma,0.9979726813016139,8.047391582067366e-05,0.001946844782565626,0,meningioma,0.9979726813016139,919d6f0fb3ca462983d6df6ec06846e41abd9645
mobilenet_v2,B,43,103925,image_level_seed11,2,0,meningioma,0.9842970927867061,0.00067906241881779,0.015023844794476115,0,meningioma,0.9842970927867061,919d6f0fb3ca462983d6df6ec06846e41abd9645
mobilenet_v2,B,45,104167,image_level_seed11,2,0,meningioma,0.999989202520923,1.0527481272739529e-05,2.699978041487032e-07,0,meningioma,0.999989202520923,919d6f0fb3ca462983d6df6ec06846e41abd9645
mobilenet_v2,B,46,104167,image_level_seed11,2,0,meningioma,0.9999283053482586,4.133617162781368e-06,6.75610345784158e-05,0,meningioma,0.9999283053482586,919d6f0fb3ca462983d6df6ec06846e41abd9645
mobilenet_v2,B,50,104281,image_level_seed11,2,0,meningioma,0.9995676049484846,0.00042827918424982443,4.115867265524022e-06,0,meningioma,0.9995676049484846,919d6f0fb3ca462983d6df6ec06846e41abd9645
mobilenet_v2,B,57,105374,image_level_seed11,2,0,meningioma,0.9929184608117424,0.004427301161217877,0.002654238027039759,0,meningioma,0.9929184608117424,919d6f0fb3ca462983d6df6ec06846e41abd9645
mobilenet_v2,B,60,105937,image_level_seed11,2,0,meningioma,0.9938936375302382,0.0010939663313593155,0.005012396138402626,0,meningioma,0.9938936375302382,919d6f0fb3ca462983d6df6ec06846e41abd9645
mobilenet_v2,B,63,106284,image_level_seed11,2,0,meningioma,0.9943040225474777,0.0002987701839280627,0.005397207268594317,0,meningioma,0.9943040225474777,919d6f0fb3ca462983d6df6ec06846e41abd9645
mobilenet_v2,B,68,106442,image_level_seed11,2,0,meningioma,0.9999537244154516,4.4392438342676174e-05,1.8831462057069212e-06,0,meningioma,0.9999537244154516,919d6f0fb3ca462983d6df6ec06846e41abd9645
mobilenet_v2,B,72,106534,image_level_seed11,2,0,meningioma,0.9348754833297079,0.034027641412053014,0.031096875258239048,0,meningioma,0.9348754833297079,919d6f0fb3ca462983d6df6ec06846e41abd9645
mobilenet_v2,B,76,106665,image_level_seed11,2,0,meningioma,0.5047762084834563,0.48965967638826213,0.0055641151282815,0,meningioma,0.5047762084834563,919d6f0fb3ca462983d6df6ec06846e41abd9645
mobilenet_v2,B,84,106720,image_level_seed11,2,0,meningioma,0.9937585787483508,0.00012556157470198582,0.006115859676947226,0,meningioma,0.9937585787483508,919d6f0fb3ca462983d6df6ec06846e41abd9645
mobilenet_v2,B,86,106720,image_level_seed11,2,0,meningioma,0.9987286250749016,0.0005579958993084598,0.0007133790257900638,0,meningioma,0.9987286250749016,919d6f0fb3ca462983d6df6ec06846e41abd9645
mobilenet_v2,B,90,106914,image_level_seed11,2,0,meningioma,0.7694516175877835,0.2303677976852255,0.00018058472699103241,0,meningioma,0.7694516175877835,919d6f0fb3ca462983d6df6ec06846e41abd9645
mobilenet_v2,B,92,107190,image_level_seed11,2,0,meningioma,0.8949794683205845,0.09186291060949728,0.01315762106991825,0,meningioma,0.8949794683205845,919d6f0fb3ca462983d6df6ec06846e41abd9645
mobilenet_v2,B,95,107248,image_level_seed11,2,0,meningioma,0.9661302311410607,2.9844178446269243e-05,0.03383992468049306,0,meningioma,0.9661302311410607,919d6f0fb3ca462983d6df6ec06846e41abd9645
mobilenet_v2,B,97,107248,image_level_seed11,2,0,meningioma,0.9962896586217791,0.0028666345140268066,0.0008437068641940031,0,meningioma,0.9962896586217791,919d6f0fb3ca462983d6df6ec06846e41abd9645
mobilenet_v2,B,103,107494,image_level_seed11,2,0,meningioma,0.9994002755750806,0.00019300264605651393,0.00040672177886294004,0,meningioma,0.9994002755750806,919d6f0fb3ca462983d6df6ec06846e41abd9645
mobilenet_v2,B,107,108514,image_level_seed11,2,0,meningioma,0.9999650801311156,3.149402369704974e-05,3.425845187478626e-06,0,meningioma,0.9999650801311156,919d6f0fb3ca462983d6df6ec06846e41abd9645
mobilenet_v2,B,123,109968,image_level_seed11,2,0,meningioma,0.911645601618815,0.05703943464816645,0.03131496373301856,0,meningioma,0.911645601618815,919d6f0fb3ca462983d6df6ec06846e41abd9645
mobilenet_v2,B,125,111077,image_level_seed11,2,0,meningioma,0.9614773272526118,0.0016251816951349605,0.03689749105225312,0,meningioma,0.9614773272526118,919d6f0fb3ca462983d6df6ec06846e41abd9645
mobilenet_v2,B,129,111366,image_level_seed11,2,0,meningioma,0.0726102391891868,0.013948164278160941,0.9134415965326521,2,pituitary,0.9134415965326521,919d6f0fb3ca462983d6df6ec06846e41abd9645
mobilenet_v2,B,138,112002,image_level_seed11,2,0,meningioma,0.2842864764053629,0.7127996560534967,0.0029138675411403635,1,glioma,0.7127996560534967,919d6f0fb3ca462983d6df6ec06846e41abd9645
mobilenet_v2,B,139,112062,image_level_seed11,2,0,meningioma,0.9995252324300112,0.0004701597136449419,4.60785634377333e-06,0,meningioma,0.9995252324300112,919d6f0fb3ca462983d6df6ec06846e41abd9645
mobilenet_v2,B,140,112062,image_level_seed11,2,0,meningioma,0.9999902770019612,7.380619637815001e-06,2.3423784009608964e-06,0,meningioma,0.9999902770019612,919d6f0fb3ca462983d6df6ec06846e41abd9645
mobilenet_v2,B,151,112648,image_level_seed11,2,0,meningioma,0.9998351702041363,0.00015154181236718038,1.3287983496479813e-05,0,meningioma,0.9998351702041363,919d6f0fb3ca462983d6df6ec06846e41abd9645
mobilenet_v2,B,153,112648,image_level_seed11,2,0,meningioma,0.9976106481041197,0.002162551678064675,0.00022680021781539846,0,meningioma,0.9976106481041197,919d6f0fb3ca462983d6df6ec06846e41abd9645
mobilenet_v2,B,162,113554,image_level_seed11,2,0,meningioma,0.9997069981922089,5.7456315696455014e-05,0.00023554549209479613,0,meningioma,0.9997069981922089,919d6f0fb3ca462983d6df6ec06846e41abd9645
mobilenet_v2,B,163,113805,image_level_seed11,2,0,meningioma,0.6756879238373015,0.2924528258079918,0.03185925035470667,0,meningioma,0.6756879238373015,919d6f0fb3ca462983d6df6ec06846e41abd9645
mobilenet_v2,B,172,114359,image_level_seed11,2,0,meningioma,0.995348720264808,0.004567342913542252,8.393682164966658e-05,0,meningioma,0.995348720264808,919d6f0fb3ca462983d6df6ec06846e41abd9645
mobilenet_v2,B,176,97607,image_level_seed11,2,0,meningioma,0.9998793901444278,4.671107717982714e-05,7.389877839215378e-05,0,meningioma,0.9998793901444278,919d6f0fb3ca462983d6df6ec06846e41abd9645
mobilenet_v2,B,178,97607,image_level_seed11,2,0,meningioma,0.9983395189576658,0.0005943139663414701,0.0010661670759927256,0,meningioma,0.9983395189576658,919d6f0fb3ca462983d6df6ec06846e41abd9645
mobilenet_v2,B,187,97943,image_level_seed11,2,0,meningioma,0.999278071015019,0.0005645244977742267,0.00015740448720682657,0,meningioma,0.999278071015019,919d6f0fb3ca462983d6df6ec06846e41abd9645
mobilenet_v2,B,189,97943,image_level_seed11,2,0,meningioma,0.9655039812282072,0.03400964698915675,0.0004863717826361216,0,meningioma,0.9655039812282072,919d6f0fb3ca462983d6df6ec06846e41abd9645
mobilenet_v2,B,196,98241,image_level_seed11,2,0,meningioma,0.9999412259004917,7.885446253028186e-06,5.08886532552758e-05,0,meningioma,0.9999412259004917,919d6f0fb3ca462983d6df6ec06846e41abd9645
mobilenet_v2,B,197,98241,image_level_seed11,2,0,meningioma,0.9999810451410516,1.3122700694244684e-05,5.832158254081275e-06,0,meningioma,0.9999810451410516,919d6f0fb3ca462983d6df6ec06846e41abd9645
mobilenet_v2,B,206,99308,image_level_seed11,2,0,meningioma,0.8888891732829637,0.10474253198754839,0.00636829472948793,0,meningioma,0.8888891732829637,919d6f0fb3ca462983d6df6ec06846e41abd9645
mobilenet_v2,B,213,100360,image_level_seed11,2,0,meningioma,0.9997243223924266,0.00012027654975652939,0.00015540105781691778,0,meningioma,0.9997243223924266,919d6f0fb3ca462983d6df6ec06846e41abd9645
mobilenet_v2,B,214,100360,image_level_seed11,2,0,meningioma,0.9987272039326236,0.00013746970607330823,0.001135326361303038,0,meningioma,0.9987272039326236,919d6f0fb3ca462983d6df6ec06846e41abd9645
mobilenet_v2,B,222,101016,image_level_seed11,2,0,meningioma,0.9999985778061979,7.676410095176097e-07,6.54552792440264e-07,0,meningioma,0.9999985778061979,919d6f0fb3ca462983d6df6ec06846e41abd9645
mobilenet_v2,B,224,101016,image_level_seed11,2,0,meningioma,0.9999840329356904,1.4427905801818708e-05,1.5391585079482904e-06,0,meningioma,0.9999840329356904,919d6f0fb3ca462983d6df6ec06846e41abd9645
mobilenet_v2,B,226,101016,image_level_seed11,2,0,meningioma,0.999945370529468,5.4001690642188045e-05,6.277798897376116e-07,0,meningioma,0.999945370529468,919d6f0fb3ca462983d6df6ec06846e41abd9645
mobilenet_v2,B,227,101127,image_level_seed11,2,0,meningioma,0.9205671088481484,0.006353746687892816,0.07307914446395876,0,meningioma,0.9205671088481484,919d6f0fb3ca462983d6df6ec06846e41abd9645
mobilenet_v2,B,229,101127,image_level_seed11,2,0,meningioma,0.9932542739285756,0.00024596355845893093,0.006499762512965372,0,meningioma,0.9932542739285756,919d6f0fb3ca462983d6df6ec06846e41abd9645
mobilenet_v2,B,232,101797,image_level_seed11,2,0,meningioma,0.9999960181223139,8.809107277224946e-07,3.1009669586035667e-06,0,meningioma,0.9999960181223139,919d6f0fb3ca462983d6df6ec06846e41abd9645
mobilenet_v2,B,243,102714,image_level_seed11,2,0,meningioma,0.9999968254589624,2.6776283010696838e-06,4.969127364668926e-07,0,meningioma,0.9999968254589624,919d6f0fb3ca462983d6df6ec06846e41abd9645
mobilenet_v2,B,247,102929,image_level_seed11,2,0,meningioma,0.9946130226541456,0.00048497826923101265,0.004901999076623309,0,meningioma,0.9946130226541456,919d6f0fb3ca462983d6df6ec06846e41abd9645
mobilenet_v2,B,250,102929,image_level_seed11,2,0,meningioma,0.9747973055271523,0.020147759970182283,0.005054934502665429,0,meningioma,0.9747973055271523,919d6f0fb3ca462983d6df6ec06846e41abd9645
mobilenet_v2,B,254,103673,image_level_seed11,2,0,meningioma,0.04583765696911139,0.0037381220587015263,0.950424220972187,2,pituitary,0.950424220972187,919d6f0fb3ca462983d6df6ec06846e41abd9645
mobilenet_v2,B,260,103673,image_level_seed11,2,0,meningioma,0.18486709198050652,0.00230110762513157,0.812831800394362,2,pituitary,0.812831800394362,919d6f0fb3ca462983d6df6ec06846e41abd9645
mobilenet_v2,B,267,103925,image_level_seed11,2,0,meningioma,0.9423744623021818,0.05453328667746391,0.003092251020354301,0,meningioma,0.9423744623021818,919d6f0fb3ca462983d6df6ec06846e41abd9645
mobilenet_v2,B,278,104281,image_level_seed11,2,0,meningioma,0.9995611907650094,0.0004367096357363405,2.0995992543540714e-06,0,meningioma,0.9995611907650094,919d6f0fb3ca462983d6df6ec06846e41abd9645
mobilenet_v2,B,280,104281,image_level_seed11,2,0,meningioma,0.9964459670874197,0.0035003491333887946,5.3683779191415804e-05,0,meningioma,0.9964459670874197,919d6f0fb3ca462983d6df6ec06846e41abd9645
mobilenet_v2,B,283,105555,image_level_seed11,2,0,meningioma,0.9934848652050207,0.005937587968813123,0.0005775468261661908,0,meningioma,0.9934848652050207,919d6f0fb3ca462983d6df6ec06846e41abd9645
mobilenet_v2,B,285,105555,image_level_seed11,2,0,meningioma,0.640752547382063,0.35488653320869656,0.004360919409240391,0,meningioma,0.640752547382063,919d6f0fb3ca462983d6df6ec06846e41abd9645
mobilenet_v2,B,298,106534,image_level_seed11,2,0,meningioma,0.9991971595252832,0.0005974700313700863,0.00020537044334669073,0,meningioma,0.9991971595252832,919d6f0fb3ca462983d6df6ec06846e41abd9645
mobilenet_v2,B,300,106665,image_level_seed11,2,0,meningioma,0.9941135694168248,0.005504267219777095,0.0003821633633979089,0,meningioma,0.9941135694168248,919d6f0fb3ca462983d6df6ec06846e41abd9645
mobilenet_v2,B,306,106720,image_level_seed11,2,0,meningioma,0.9908597008254882,0.000832813377040266,0.008307485797471493,0,meningioma,0.9908597008254882,919d6f0fb3ca462983d6df6ec06846e41abd9645
mobilenet_v2,B,311,106914,image_level_seed11,2,0,meningioma,0.9939361132753753,0.006030947232889244,3.2939491735420135e-05,0,meningioma,0.9939361132753753,919d6f0fb3ca462983d6df6ec06846e41abd9645
mobilenet_v2,B,313,106914,image_level_seed11,2,0,meningioma,0.9974239703512134,0.0024316613838305068,0.00014436826495608075,0,meningioma,0.9974239703512134,919d6f0fb3ca462983d6df6ec06846e41abd9645
mobilenet_v2,B,317,107248,image_level_seed11,2,0,meningioma,0.9705584001168855,0.01649113379971055,0.012950466083403814,0,meningioma,0.9705584001168855,919d6f0fb3ca462983d6df6ec06846e41abd9645
mobilenet_v2,B,326,108514,image_level_seed11,2,0,meningioma,0.9993414688280454,0.0006574143953524555,1.1167766022461222e-06,0,meningioma,0.9993414688280454,919d6f0fb3ca462983d6df6ec06846e41abd9645
mobilenet_v2,B,330,108514,image_level_seed11,2,0,meningioma,0.9999468716833209,1.5768515150912507e-05,3.735980152819906e-05,0,meningioma,0.9999468716833209,919d6f0fb3ca462983d6df6ec06846e41abd9645
mobilenet_v2,B,333,108550,image_level_seed11,2,0,meningioma,0.9921299509979314,0.007767044952403415,0.00010300404966521243,0,meningioma,0.9921299509979314,919d6f0fb3ca462983d6df6ec06846e41abd9645
mobilenet_v2,B,335,108590,image_level_seed11,2,0,meningioma,0.9999809838817033,6.9927050942355675e-06,1.202341320245452e-05,0,meningioma,0.9999809838817033,919d6f0fb3ca462983d6df6ec06846e41abd9645
mobilenet_v2,B,336,108945,image_level_seed11,2,0,meningioma,0.9998550006909236,7.98994341827445e-05,6.509987489370328e-05,0,meningioma,0.9998550006909236,919d6f0fb3ca462983d6df6ec06846e41abd9645
mobilenet_v2,B,340,109411,image_level_seed11,2,0,meningioma,0.6071384885369729,0.3910168996224632,0.0018446118405637606,0,meningioma,0.6071384885369729,919d6f0fb3ca462983d6df6ec06846e41abd9645
mobilenet_v2,B,346,110116,image_level_seed11,2,0,meningioma,0.6026859465780513,0.0008766466161064784,0.39643740680584233,0,meningioma,0.6026859465780513,919d6f0fb3ca462983d6df6ec06846e41abd9645
mobilenet_v2,B,350,111077,image_level_seed11,2,0,meningioma,0.9959838704401621,0.0004412850425277,0.003574844517310009,0,meningioma,0.9959838704401621,919d6f0fb3ca462983d6df6ec06846e41abd9645
mobilenet_v2,B,355,111366,image_level_seed11,2,0,meningioma,0.9999173356612057,2.243822648863073e-05,6.022611230558446e-05,0,meningioma,0.9999173356612057,919d6f0fb3ca462983d6df6ec06846e41abd9645
mobilenet_v2,B,358,111532,image_level_seed11,2,0,meningioma,0.9999565559086743,4.1465247016089844e-05,1.978844309630992e-06,0,meningioma,0.9999565559086743,919d6f0fb3ca462983d6df6ec06846e41abd9645
mobilenet_v2,B,360,111532,image_level_seed11,2,0,meningioma,0.9999590859883519,3.8474968633266544e-05,2.4390430148149535e-06,0,meningioma,0.9999590859883519,919d6f0fb3ca462983d6df6ec06846e41abd9645
mobilenet_v2,B,365,112002,image_level_seed11,2,0,meningioma,0.9559232349162469,0.03357494868720239,0.010501816396550815,0,meningioma,0.9559232349162469,919d6f0fb3ca462983d6df6ec06846e41abd9645
mobilenet_v2,B,367,112062,image_level_seed11,2,0,meningioma,0.9999437712589133,3.5529484083839655e-05,2.0699257002660384e-05,0,meningioma,0.9999437712589133,919d6f0fb3ca462983d6df6ec06846e41abd9645
mobilenet_v2,B,380,112648,image_level_seed11,2,0,meningioma,0.9985178913714162,0.0014380382188309815,4.407040975270837e-05,0,meningioma,0.9985178913714162,919d6f0fb3ca462983d6df6ec06846e41abd9645
mobilenet_v2,B,381,112648,image_level_seed11,2,0,meningioma,0.9999829242098688,1.3190001609029466e-05,3.88578852234871e-06,0,meningioma,0.9999829242098688,919d6f0fb3ca462983d6df6ec06846e41abd9645
mobilenet_v2,B,384,113435,image_level_seed11,2,0,meningioma,0.9977737654111258,0.002210949030088276,1.5285558785881617e-05,0,meningioma,0.9977737654111258,919d6f0fb3ca462983d6df6ec06846e41abd9645
mobilenet_v2,B,386,113435,image_level_seed11,2,0,meningioma,0.9841957332209201,0.015781559243087072,2.2707535992808695e-05,0,meningioma,0.9841957332209201,919d6f0fb3ca462983d6df6ec06846e41abd9645
mobilenet_v2,B,393,113805,image_level_seed11,2,0,meningioma,0.7908790767859478,0.19228162263162657,0.016839300582425616,0,meningioma,0.7908790767859478,919d6f0fb3ca462983d6df6ec06846e41abd9645
mobilenet_v2,B,394,113805,image_level_seed11,2,0,meningioma,0.997862085479025,0.0011749902787272137,0.0009629242422479401,0,meningioma,0.997862085479025,919d6f0fb3ca462983d6df6ec06846e41abd9645
mobilenet_v2,B,395,114018,image_level_seed11,2,0,meningioma,0.9657829533627423,0.03275936947950565,0.001457677157752085,0,meningioma,0.9657829533627423,919d6f0fb3ca462983d6df6ec06846e41abd9645
mobilenet_v2,B,401,114359,image_level_seed11,2,0,meningioma,0.9999965932497513,3.0887157239237446e-06,3.1803452451158217e-07,0,meningioma,0.9999965932497513,919d6f0fb3ca462983d6df6ec06846e41abd9645
mobilenet_v2,B,402,114359,image_level_seed11,2,0,meningioma,0.9999690668144477,1.254749265740683e-05,1.838569289484765e-05,0,meningioma,0.9999690668144477,919d6f0fb3ca462983d6df6ec06846e41abd9645
mobilenet_v2,B,407,97607,image_level_seed11,2,0,meningioma,0.9999607394397445,2.330694421566672e-06,3.6929865833883985e-05,0,meningioma,0.9999607394397445,919d6f0fb3ca462983d6df6ec06846e41abd9645
mobilenet_v2,B,420,97943,image_level_seed11,2,0,meningioma,0.9999925957833702,1.501410508661962e-06,5.902806121142151e-06,0,meningioma,0.9999925957833702,919d6f0fb3ca462983d6df6ec06846e41abd9645
mobilenet_v2,B,423,98241,image_level_seed11,2,0,meningioma,0.9997530780363295,0.0001484233290014909,9.849863466913905e-05,0,meningioma,0.9997530780363295,919d6f0fb3ca462983d6df6ec06846e41abd9645
mobilenet_v2,B,424,98241,image_level_seed11,2,0,meningioma,0.9996048253773989,0.00020988602035839908,0.00018528860224264747,0,meningioma,0.9996048253773989,919d6f0fb3ca462983d6df6ec06846e41abd9645
mobilenet_v2,B,425,98241,image_level_seed11,2,0,meningioma,0.9989065512470704,0.0010132254233720273,8.02233295576405e-05,0,meningioma,0.9989065512470704,919d6f0fb3ca462983d6df6ec06846e41abd9645
mobilenet_v2,B,431,99017,image_level_seed11,2,0,meningioma,0.9840416156639986,0.0010392979917683081,0.01491908634423302,0,meningioma,0.9840416156639986,919d6f0fb3ca462983d6df6ec06846e41abd9645
mobilenet_v2,B,436,99089,image_level_seed11,2,0,meningioma,0.8300498493067323,0.006526142358560257,0.1634240083347074,0,meningioma,0.8300498493067323,919d6f0fb3ca462983d6df6ec06846e41abd9645
mobilenet_v2,B,437,99288,image_level_seed11,2,0,meningioma,0.7657964701304646,0.1904767650193945,0.0437267648501409,0,meningioma,0.7657964701304646,919d6f0fb3ca462983d6df6ec06846e41abd9645
mobilenet_v2,B,438,99308,image_level_seed11,2,0,meningioma,0.9936183675237937,0.005783936988285241,0.0005976954879209239,0,meningioma,0.9936183675237937,919d6f0fb3ca462983d6df6ec06846e41abd9645
mobilenet_v2,B,454,100920,image_level_seed11,2,0,meningioma,0.9593944996139099,0.015798465788854334,0.024807034597235798,0,meningioma,0.9593944996139099,919d6f0fb3ca462983d6df6ec06846e41abd9645
mobilenet_v2,B,459,101082,image_level_seed11,2,0,meningioma,0.9991751856193772,0.0005405761414293833,0.0002842382391933843,0,meningioma,0.9991751856193772,919d6f0fb3ca462983d6df6ec06846e41abd9645
mobilenet_v2,B,463,101127,image_level_seed11,2,0,meningioma,0.999294551285408,7.293337252164605e-05,0.0006325153420702878,0,meningioma,0.999294551285408,919d6f0fb3ca462983d6df6ec06846e41abd9645
mobilenet_v2,B,466,101797,image_level_seed11,2,0,meningioma,0.9990916885550297,0.00012268742568201501,0.000785624019288162,0,meningioma,0.9990916885550297,919d6f0fb3ca462983d6df6ec06846e41abd9645
mobilenet_v2,B,472,101801,image_level_seed11,2,0,meningioma,0.5126128758704425,0.021903608825329313,0.4654835153042282,0,meningioma,0.5126128758704425,919d6f0fb3ca462983d6df6ec06846e41abd9645
mobilenet_v2,B,476,102446,image_level_seed11,2,0,meningioma,0.999772288607547,0.0002263399780373191,1.3714144156802329e-06,0,meningioma,0.999772288607547,919d6f0fb3ca462983d6df6ec06846e41abd9645
mobilenet_v2,B,480,102714,image_level_seed11,2,0,meningioma,0.8274506838997773,0.17039197372651488,0.002157342373707861,0,meningioma,0.8274506838997773,919d6f0fb3ca462983d6df6ec06846e41abd9645
mobilenet_v2,B,481,102714,image_level_seed11,2,0,meningioma,0.9997568633591737,0.00021433514833240914,2.8801492493867595e-05,0,meningioma,0.9997568633591737,919d6f0fb3ca462983d6df6ec06846e41abd9645
mobilenet_v2,B,488,102818,image_level_seed11,2,0,meningioma,0.08282124403194548,0.7928214167427005,0.124357339225354,1,glioma,0.7928214167427005,919d6f0fb3ca462983d6df6ec06846e41abd9645
mobilenet_v2,B,494,102960,image_level_seed11,2,0,meningioma,0.22975529156826294,0.032547889337766145,0.737696819093971,2,pituitary,0.737696819093971,919d6f0fb3ca462983d6df6ec06846e41abd9645
mobilenet_v2,B,500,103673,image_level_seed11,2,0,meningioma,0.20380506045285465,0.01571314751830133,0.780481792028844,2,pituitary,0.780481792028844,919d6f0fb3ca462983d6df6ec06846e41abd9645
mobilenet_v2,B,506,104167,image_level_seed11,2,0,meningioma,0.9999260487097188,3.975278342469263e-06,6.99760119388622e-05,0,meningioma,0.9999260487097188,919d6f0fb3ca462983d6df6ec06846e41abd9645
mobilenet_v2,B,509,104167,image_level_seed11,2,0,meningioma,0.9998244376894193,0.0001596589080611206,1.590340251973674e-05,0,meningioma,0.9998244376894193,919d6f0fb3ca462983d6df6ec06846e41abd9645
mobilenet_v2,B,517,105374,image_level_seed11,2,0,meningioma,0.9994202806800256,0.0005446118064666319,3.510751350769038e-05,0,meningioma,0.9994202806800256,919d6f0fb3ca462983d6df6ec06846e41abd9645
mobilenet_v2,B,520,105937,image_level_seed11,2,0,meningioma,0.9994027088220596,3.781102019857613e-05,0.0005594801577418366,0,meningioma,0.9994027088220596,919d6f0fb3ca462983d6df6ec06846e41abd9645
mobilenet_v2,B,526,106284,image_level_seed11,2,0,meningioma,0.9998656523471374,9.75463751239296e-05,3.680127773849499e-05,0,meningioma,0.9998656523471374,919d6f0fb3ca462983d6df6ec06846e41abd9645
mobilenet_v2,B,530,106534,image_level_seed11,2,0,meningioma,0.9478333302364929,0.006271571208442339,0.04589509855506473,0,meningioma,0.9478333302364929,919d6f0fb3ca462983d6df6ec06846e41abd9645
mobilenet_v2,B,533,106665,image_level_seed11,2,0,meningioma,0.9999705951307937,2.878408063026956e-05,6.207885760862125e-07,0,meningioma,0.9999705951307937,919d6f0fb3ca462983d6df6ec06846e41abd9645
mobilenet_v2,B,538,106665,image_level_seed11,2,0,meningioma,0.9614703622283419,0.03737217653903164,0.0011574612326265485,0,meningioma,0.9614703622283419,919d6f0fb3ca462983d6df6ec06846e41abd9645
mobilenet_v2,B,540,106720,image_level_seed11,2,0,meningioma,0.9997302591986656,0.00023545877649991997,3.4282024834391184e-05,0,meningioma,0.9997302591986656,919d6f0fb3ca462983d6df6ec06846e41abd9645
mobilenet_v2,B,541,106720,image_level_seed11,2,0,meningioma,0.9990603497647034,0.0007312268504327409,0.0002084233848638285,0,meningioma,0.9990603497647034,919d6f0fb3ca462983d6df6ec06846e41abd9645
mobilenet_v2,B,552,107248,image_level_seed11,2,0,meningioma,0.9925501821314736,0.0014434781923962367,0.006006339676130111,0,meningioma,0.9925501821314736,919d6f0fb3ca462983d6df6ec06846e41abd9645
mobilenet_v2,B,553,107248,image_level_seed11,2,0,meningioma,0.9843392979182924,0.0008253943256959546,0.014835307756011565,0,meningioma,0.9843392979182924,919d6f0fb3ca462983d6df6ec06846e41abd9645
mobilenet_v2,B,554,107248,image_level_seed11,2,0,meningioma,0.853758680388921,0.07636163869642187,0.069879680914657,0,meningioma,0.853758680388921,919d6f0fb3ca462983d6df6ec06846e41abd9645
mobilenet_v2,B,558,107494,image_level_seed11,2,0,meningioma,0.9915031098337166,0.0056152426223003565,0.0028816475439831187,0,meningioma,0.9915031098337166,919d6f0fb3ca462983d6df6ec06846e41abd9645
mobilenet_v2,B,559,107494,image_level_seed11,2,0,meningioma,0.5734028737191166,0.06457967391146695,0.3620174523694165,0,meningioma,0.5734028737191166,919d6f0fb3ca462983d6df6ec06846e41abd9645
mobilenet_v2,B,561,107946,image_level_seed11,2,0,meningioma,0.8448004423949023,0.15493442916587427,0.00026512843922337317,0,meningioma,0.8448004423949023,919d6f0fb3ca462983d6df6ec06846e41abd9645
mobilenet_v2,B,563,107946,image_level_seed11,2,0,meningioma,0.7667074906652827,0.2328237013002539,0.00046880803446340487,0,meningioma,0.7667074906652827,919d6f0fb3ca462983d6df6ec06846e41abd9645
mobilenet_v2,B,571,108590,image_level_seed11,2,0,meningioma,0.9995794112246655,6.834236970447175e-05,0.00035224640563006216,0,meningioma,0.9995794112246655,919d6f0fb3ca462983d6df6ec06846e41abd9645
mobilenet_v2,B,576,108945,image_level_seed11,2,0,meningioma,0.983759249848027,0.01316285326180297,0.0030778968901700177,0,meningioma,0.983759249848027,919d6f0fb3ca462983d6df6ec06846e41abd9645
mobilenet_v2,B,577,109350,image_level_seed11,2,0,meningioma,0.9931642844629631,0.0004230825408999492,0.006412632996136884,0,meningioma,0.9931642844629631,919d6f0fb3ca462983d6df6ec06846e41abd9645
mobilenet_v2,B,580,109968,image_level_seed11,2,0,meningioma,0.9999717705716521,2.213834578683939e-05,6.091082561098837e-06,0,meningioma,0.9999717705716521,919d6f0fb3ca462983d6df6ec06846e41abd9645
mobilenet_v2,B,588,111077,image_level_seed11,2,0,meningioma,0.9999903474842693,6.0024048865299644e-06,3.6501108439756613e-06,0,meningioma,0.9999903474842693,919d6f0fb3ca462983d6df6ec06846e41abd9645
mobilenet_v2,B,594,111532,image_level_seed11,2,0,meningioma,0.9998975351812551,9.726286208775323e-05,5.20195665711937e-06,0,meningioma,0.9998975351812551,919d6f0fb3ca462983d6df6ec06846e41abd9645
mobilenet_v2,B,599,112002,image_level_seed11,2,0,meningioma,0.597161186324465,0.38273512967576057,0.020103683999774358,0,meningioma,0.597161186324465,919d6f0fb3ca462983d6df6ec06846e41abd9645
mobilenet_v2,B,604,112062,image_level_seed11,2,0,meningioma,0.9999175599709001,7.906521124802584e-05,3.3748178519051825e-06,0,meningioma,0.9999175599709001,919d6f0fb3ca462983d6df6ec06846e41abd9645
mobilenet_v2,B,606,112252,image_level_seed11,2,0,meningioma,0.9999691637780256,1.8538088012223914e-05,1.2298133962221868e-05,0,meningioma,0.9999691637780256,919d6f0fb3ca462983d6df6ec06846e41abd9645
mobilenet_v2,B,610,112552,image_level_seed11,2,0,meningioma,0.9999047827809442,8.48120396003709e-05,1.0405179455334849e-05,0,meningioma,0.9999047827809442,919d6f0fb3ca462983d6df6ec06846e41abd9645
mobilenet_v2,B,625,113435,image_level_seed11,2,0,meningioma,0.9990576670148151,0.0009349289979807895,7.403987204164231e-06,0,meningioma,0.9990576670148151,919d6f0fb3ca462983d6df6ec06846e41abd9645
mobilenet_v2,B,630,113435,image_level_seed11,2,0,meningioma,0.1507886730547037,0.8472756614721133,0.001935665473182838,1,glioma,0.8472756614721133,919d6f0fb3ca462983d6df6ec06846e41abd9645
mobilenet_v2,B,631,113554,image_level_seed11,2,0,meningioma,0.9974337540784675,0.0014066431326627679,0.001159602788869809,0,meningioma,0.9974337540784675,919d6f0fb3ca462983d6df6ec06846e41abd9645
mobilenet_v2,B,634,113554,image_level_seed11,2,0,meningioma,0.9950630774404653,0.003924686244915087,0.0010122363146196107,0,meningioma,0.9950630774404653,919d6f0fb3ca462983d6df6ec06846e41abd9645
mobilenet_v2,B,639,113805,image_level_seed11,2,0,meningioma,0.9331139239126923,0.06359453836850287,0.0032915377188048735,0,meningioma,0.9331139239126923,919d6f0fb3ca462983d6df6ec06846e41abd9645
mobilenet_v2,B,642,114018,image_level_seed11,2,0,meningioma,0.6497897743184322,0.23792332649043318,0.1122868991911347,0,meningioma,0.6497897743184322,919d6f0fb3ca462983d6df6ec06846e41abd9645
mobilenet_v2,B,644,114018,image_level_seed11,2,0,meningioma,0.9354966504793533,6.257556419534665e-05,0.06444077395645123,0,meningioma,0.9354966504793533,919d6f0fb3ca462983d6df6ec06846e41abd9645
mobilenet_v2,B,645,114018,image_level_seed11,2,0,meningioma,0.9971808194773342,8.508982516817984e-05,0.002734090697497715,0,meningioma,0.9971808194773342,919d6f0fb3ca462983d6df6ec06846e41abd9645
mobilenet_v2,B,651,114359,image_level_seed11,2,0,meningioma,0.999788182173546,0.00018014476792445466,3.1673058529586634e-05,0,meningioma,0.999788182173546,919d6f0fb3ca462983d6df6ec06846e41abd9645
mobilenet_v2,B,652,114359,image_level_seed11,2,0,meningioma,0.9999084201014005,9.06477314217835e-05,9.321671778699541e-07,0,meningioma,0.9999084201014005,919d6f0fb3ca462983d6df6ec06846e41abd9645
mobilenet_v2,B,654,114359,image_level_seed11,2,0,meningioma,0.9992361652606818,0.0006952301281443815,6.860461117392192e-05,0,meningioma,0.9992361652606818,919d6f0fb3ca462983d6df6ec06846e41abd9645
mobilenet_v2,B,663,97374,image_level_seed11,2,0,meningioma,0.9986597836323767,0.0013273684446634638,1.2847922959765261e-05,0,meningioma,0.9986597836323767,919d6f0fb3ca462983d6df6ec06846e41abd9645
mobilenet_v2,B,666,97607,image_level_seed11,2,0,meningioma,0.9999608626099258,2.6491577905127724e-05,1.2645812169205536e-05,0,meningioma,0.9999608626099258,919d6f0fb3ca462983d6df6ec06846e41abd9645
mobilenet_v2,B,678,97943,image_level_seed11,2,0,meningioma,0.9999471171611508,4.712337807560831e-05,5.759460773448129e-06,0,meningioma,0.9999471171611508,919d6f0fb3ca462983d6df6ec06846e41abd9645
mobilenet_v2,B,679,97943,image_level_seed11,2,0,meningioma,0.9996020315756734,0.0002519565722245989,0.00014601185210205735,0,meningioma,0.9996020315756734,919d6f0fb3ca462983d6df6ec06846e41abd9645
mobilenet_v2,B,680,98241,image_level_seed11,2,0,meningioma,0.999981791326336,1.1634484493742843e-05,6.574189170212004e-06,0,meningioma,0.999981791326336,919d6f0fb3ca462983d6df6ec06846e41abd9645
mobilenet_v2,B,683,98241,image_level_seed11,2,0,meningioma,0.9964050053801404,0.0034052221828151453,0.00018977243704433646,0,meningioma,0.9964050053801404,919d6f0fb3ca462983d6df6ec06846e41abd9645
mobilenet_v2,B,685,98241,image_level_seed11,2,0,meningioma,0.9664344290549518,0.006426408266373313,0.02713916267867486,0,meningioma,0.9664344290549518,919d6f0fb3ca462983d6df6ec06846e41abd9645
mobilenet_v2,B,687,99017,image_level_seed11,2,0,meningioma,0.9986229319752429,0.0012254629138871481,0.00015160511086992042,0,meningioma,0.9986229319752429,919d6f0fb3ca462983d6df6ec06846e41abd9645
mobilenet_v2,B,689,99089,image_level_seed11,2,0,meningioma,0.9989442452035869,4.7447330349976515e-05,0.0010083074660630408,0,meningioma,0.9989442452035869,919d6f0fb3ca462983d6df6ec06846e41abd9645
mobilenet_v2,B,694,99162,image_level_seed11,2,0,meningioma,0.9999741119025459,4.86676785339137e-06,2.102132960079133e-05,0,meningioma,0.9999741119025459,919d6f0fb3ca462983d6df6ec06846e41abd9645
mobilenet_v2,B,699,99308,image_level_seed11,2,0,meningioma,0.999014229219889,0.0003851156929368112,0.0006006550871740887,0,meningioma,0.999014229219889,919d6f0fb3ca462983d6df6ec06846e41abd9645
mobilenet_v2,B,702,99308,image_level_seed11,2,0,meningioma,0.9833848311486524,0.0165490525722582,6.611627908931813e-05,0,meningioma,0.9833848311486524,919d6f0fb3ca462983d6df6ec06846e41abd9645
mobilenet_v2,B,706,99815,image_level_seed11,2,0,meningioma,0.9971253709428958,0.00014677878550741866,0.002727850271596859,0,meningioma,0.9971253709428958,919d6f0fb3ca462983d6df6ec06846e41abd9645
mobilenet_v2,B,709,105936,image_level_seed11,2,2,pituitary,1.3272434374567187e-05,8.659900820765243e-07,0.9999858615755433,2,pituitary,0.9999858615755433,919d6f0fb3ca462983d6df6ec06846e41abd9645
mobilenet_v2,B,711,105936,image_level_seed11,2,2,pituitary,2.282410604917563e-06,2.4842264663923677e-07,0.9999974691667484,2,pituitary,0.9999974691667484,919d6f0fb3ca462983d6df6ec06846e41abd9645
mobilenet_v2,B,716,100820,image_level_seed11,2,1,glioma,0.23787630349560224,0.7613705034666911,0.0007531930377066268,1,glioma,0.7613705034666911,919d6f0fb3ca462983d6df6ec06846e41abd9645
mobilenet_v2,B,728,103148,image_level_seed11,2,1,glioma,0.0009818892320529364,0.9989394929056817,7.861786226525998e-05,1,glioma,0.9989394929056817,919d6f0fb3ca462983d6df6ec06846e41abd9645
mobilenet_v2,B,733,106494,image_level_seed11,2,1,glioma,0.0005729509799787152,0.9993029480395902,0.00012410098043097345,1,glioma,0.9993029480395902,919d6f0fb3ca462983d6df6ec06846e41abd9645
mobilenet_v2,B,743,112105,image_level_seed11,2,1,glioma,0.00041054613768135164,0.9990920663146307,0.0004973875476879161,1,glioma,0.9990920663146307,919d6f0fb3ca462983d6df6ec06846e41abd9645
mobilenet_v2,B,749,100820,image_level_seed11,2,1,glioma,7.971822435725226e-05,0.999491918353004,0.0004283634226387408,1,glioma,0.999491918353004,919d6f0fb3ca462983d6df6ec06846e41abd9645
mobilenet_v2,B,751,100820,image_level_seed11,2,1,glioma,0.6193154010306066,0.3805076214049112,0.00017697756448236242,0,meningioma,0.6193154010306066,919d6f0fb3ca462983d6df6ec06846e41abd9645
mobilenet_v2,B,753,101020,image_level_seed11,2,1,glioma,0.07484172403027843,0.9251458274624554,1.2448507266159504e-05,1,glioma,0.9251458274624554,919d6f0fb3ca462983d6df6ec06846e41abd9645
mobilenet_v2,B,755,101020,image_level_seed11,2,1,glioma,0.00045715521365000887,0.9995401116097686,2.733176581338212e-06,1,glioma,0.9995401116097686,919d6f0fb3ca462983d6df6ec06846e41abd9645
mobilenet_v2,B,757,101020,image_level_seed11,2,1,glioma,0.004148659614821945,0.9957665584619604,8.478192321757185e-05,1,glioma,0.9957665584619604,919d6f0fb3ca462983d6df6ec06846e41abd9645
mobilenet_v2,B,758,101020,image_level_seed11,2,1,glioma,0.18328121914081466,0.812993956735113,0.0037248241240722423,1,glioma,0.812993956735113,919d6f0fb3ca462983d6df6ec06846e41abd9645
mobilenet_v2,B,764,103148,image_level_seed11,2,1,glioma,0.005697605310892866,0.9940889411360352,0.0002134535530719116,1,glioma,0.9940889411360352,919d6f0fb3ca462983d6df6ec06846e41abd9645
mobilenet_v2,B,765,103148,image_level_seed11,2,1,glioma,0.1518206155419034,0.8461939033853718,0.0019854810727248,1,glioma,0.8461939033853718,919d6f0fb3ca462983d6df6ec06846e41abd9645
mobilenet_v2,B,770,106494,image_level_seed11,2,1,glioma,0.0010851730428080816,0.9988799529830672,3.487397412472089e-05,1,glioma,0.9988799529830672,919d6f0fb3ca462983d6df6ec06846e41abd9645
mobilenet_v2,B,772,106494,image_level_seed11,2,1,glioma,0.0953049174238511,0.9046424370608064,5.264551534265573e-05,1,glioma,0.9046424370608064,919d6f0fb3ca462983d6df6ec06846e41abd9645
mobilenet_v2,B,775,107747,image_level_seed11,2,1,glioma,0.0021502432131233675,0.9975245118174031,0.0003252449694735915,1,glioma,0.9975245118174031,919d6f0fb3ca462983d6df6ec06846e41abd9645
mobilenet_v2,B,778,107747,image_level_seed11,2,1,glioma,0.002299805958180742,0.9975887083669913,0.00011148567482801463,1,glioma,0.9975887083669913,919d6f0fb3ca462983d6df6ec06846e41abd9645
mobilenet_v2,B,779,112027,image_level_seed11,2,1,glioma,0.06500961600155888,0.9349210906756409,6.92933228002741e-05,1,glioma,0.9349210906756409,919d6f0fb3ca462983d6df6ec06846e41abd9645
mobilenet_v2,B,783,112105,image_level_seed11,2,1,glioma,0.006649362895583099,0.9933313052066922,1.933189772461705e-05,1,glioma,0.9933313052066922,919d6f0fb3ca462983d6df6ec06846e41abd9645
mobilenet_v2,B,791,112105,image_level_seed11,2,1,glioma,0.0005089792194665038,0.9994861515164147,4.869264118769097e-06,1,glioma,0.9994861515164147,919d6f0fb3ca462983d6df6ec06846e41abd9645
mobilenet_v2,B,793,88670,image_level_seed11,2,1,glioma,0.00032204529689361014,0.99962323532434,5.4719378766202175e-05,1,glioma,0.99962323532434,919d6f0fb3ca462983d6df6ec06846e41abd9645
mobilenet_v2,B,794,88670,image_level_seed11,2,1,glioma,0.00029743177652067824,0.9996974952377283,5.072985751038755e-06,1,glioma,0.9996974952377283,919d6f0fb3ca462983d6df6ec06846e41abd9645
mobilenet_v2,B,803,90284,image_level_seed11,2,1,glioma,2.3811358807237112e-05,0.9999616186474914,1.4569993701273726e-05,1,glioma,0.9999616186474914,919d6f0fb3ca462983d6df6ec06846e41abd9645
mobilenet_v2,B,807,92897,image_level_seed11,2,1,glioma,0.05115761481251453,0.9277813400086073,0.021061045178878204,1,glioma,0.9277813400086073,919d6f0fb3ca462983d6df6ec06846e41abd9645
mobilenet_v2,B,812,97609,image_level_seed11,2,1,glioma,0.0012084086377135914,0.9987490290505122,4.2562311774303494e-05,1,glioma,0.9987490290505122,919d6f0fb3ca462983d6df6ec06846e41abd9645
mobilenet_v2,B,813,97609,image_level_seed11,2,1,glioma,0.0006898321021327964,0.9992353965498104,7.47713480566929e-05,1,glioma,0.9992353965498104,919d6f0fb3ca462983d6df6ec06846e41abd9645
mobilenet_v2,B,817,97609,image_level_seed11,2,1,glioma,0.0010806868986013227,0.9989133321869141,5.980914484595559e-06,1,glioma,0.9989133321869141,919d6f0fb3ca462983d6df6ec06846e41abd9645
mobilenet_v2,B,820,100416,image_level_seed11,2,1,glioma,0.0022393594380406556,0.9976115795383318,0.0001490610236275735,1,glioma,0.9976115795383318,919d6f0fb3ca462983d6df6ec06846e41abd9645
mobilenet_v2,B,822,100820,image_level_seed11,2,1,glioma,0.0006848993135440198,0.999296507447151,1.8593239304854825e-05,1,glioma,0.999296507447151,919d6f0fb3ca462983d6df6ec06846e41abd9645
mobilenet_v2,B,826,100820,image_level_seed11,2,1,glioma,0.7030944023655953,0.29593853165348283,0.0009670659809218361,0,meningioma,0.7030944023655953,919d6f0fb3ca462983d6df6ec06846e41abd9645
mobilenet_v2,B,828,101020,image_level_seed11,2,1,glioma,0.9599086003768004,0.0378655083620893,0.002225891261110409,0,meningioma,0.9599086003768004,919d6f0fb3ca462983d6df6ec06846e41abd9645
mobilenet_v2,B,829,101020,image_level_seed11,2,1,glioma,0.0003175795071376283,0.9996714297752941,1.0990717568209502e-05,1,glioma,0.9996714297752941,919d6f0fb3ca462983d6df6ec06846e41abd9645
mobilenet_v2,B,831,101020,image_level_seed11,2,1,glioma,0.04903982511725421,0.9505881887680445,0.0003719861147013013,1,glioma,0.9505881887680445,919d6f0fb3ca462983d6df6ec06846e41abd9645
mobilenet_v2,B,835,101384,image_level_seed11,2,1,glioma,0.001557621011865987,0.9983797713938364,6.260759429759445e-05,1,glioma,0.9983797713938364,919d6f0fb3ca462983d6df6ec06846e41abd9645
mobilenet_v2,B,842,103148,image_level_seed11,2,1,glioma,0.08226465073713042,0.9175367644137832,0.00019858484908646248,1,glioma,0.9175367644137832,919d6f0fb3ca462983d6df6ec06846e41abd9645
mobilenet_v2,B,843,103148,image_level_seed11,2,1,glioma,0.41601129106812756,0.5769794203053553,0.007009288626517166,1,glioma,0.5769794203053553,919d6f0fb3ca462983d6df6ec06846e41abd9645
mobilenet_v2,B,844,105653,image_level_seed11,2,1,glioma,0.4752279654427538,0.5178740142504441,0.006898020306802163,1,glioma,0.5178740142504441,919d6f0fb3ca462983d6df6ec06846e41abd9645
mobilenet_v2,B,847,106494,image_level_seed11,2,1,glioma,0.007909643308073496,0.9907285644627952,0.0013617922291311966,1,glioma,0.9907285644627952,919d6f0fb3ca462983d6df6ec06846e41abd9645
mobilenet_v2,B,854,107747,image_level_seed11,2,1,glioma,3.3063196708928767e-05,0.9999351722281793,3.1764575111622695e-05,1,glioma,0.9999351722281793,919d6f0fb3ca462983d6df6ec06846e41abd9645
mobilenet_v2,B,861,112105,image_level_seed11,2,1,glioma,0.008861669157686882,0.9907361079868586,0.0004022228554544694,1,glioma,0.9907361079868586,919d6f0fb3ca462983d6df6ec06846e41abd9645
mobilenet_v2,B,863,112105,image_level_seed11,2,1,glioma,6.864003854971016e-05,0.9999173669295716,1.399303187868274e-05,1,glioma,0.9999173669295716,919d6f0fb3ca462983d6df6ec06846e41abd9645
mobilenet_v2,B,870,90284,image_level_seed11,2,1,glioma,0.0008943499559147923,0.9990782833818848,2.7366662200395208e-05,1,glioma,0.9990782833818848,919d6f0fb3ca462983d6df6ec06846e41abd9645
mobilenet_v2,B,875,90284,image_level_seed11,2,1,glioma,0.0011203387992597025,0.9966175533319063,0.0022621078688339724,1,glioma,0.9966175533319063,919d6f0fb3ca462983d6df6ec06846e41abd9645
mobilenet_v2,B,876,90284,image_level_seed11,2,1,glioma,9.614922175604818e-07,0.99999177126021,7.267247572544233e-06,1,glioma,0.99999177126021,919d6f0fb3ca462983d6df6ec06846e41abd9645
mobilenet_v2,B,878,90284,image_level_seed11,2,1,glioma,1.1476419981574245e-05,0.9998206685404194,0.0001678550395988316,1,glioma,0.9998206685404194,919d6f0fb3ca462983d6df6ec06846e41abd9645
mobilenet_v2,B,879,90284,image_level_seed11,2,1,glioma,2.1312191199409406e-06,0.9999938488919178,4.019888962385293e-06,1,glioma,0.9999938488919178,919d6f0fb3ca462983d6df6ec06846e41abd9645
mobilenet_v2,B,883,93329,image_level_seed11,2,1,glioma,0.004037643960651206,0.9955388833149584,0.00042347272439039466,1,glioma,0.9955388833149584,919d6f0fb3ca462983d6df6ec06846e41abd9645
mobilenet_v2,B,886,93329,image_level_seed11,2,1,glioma,0.0017304588864372555,0.9974593352646267,0.0008102058489361689,1,glioma,0.9974593352646267,919d6f0fb3ca462983d6df6ec06846e41abd9645
mobilenet_v2,B,891,93825,image_level_seed11,2,1,glioma,0.0012155381168250613,0.9986327670577136,0.00015169482546123947,1,glioma,0.9986327670577136,919d6f0fb3ca462983d6df6ec06846e41abd9645
mobilenet_v2,B,902,95142,image_level_seed11,2,1,glioma,1.300620531916332e-05,0.9999470136729076,3.998012177321259e-05,1,glioma,0.9999470136729076,919d6f0fb3ca462983d6df6ec06846e41abd9645
mobilenet_v2,B,908,97609,image_level_seed11,2,1,glioma,7.517351322328594e-06,0.9999921223838727,3.6026480503986045e-07,1,glioma,0.9999921223838727,919d6f0fb3ca462983d6df6ec06846e41abd9645
mobilenet_v2,B,913,98889,image_level_seed11,2,1,glioma,0.00039815983282466636,0.9993232273341064,0.00027861283306891894,1,glioma,0.9993232273341064,919d6f0fb3ca462983d6df6ec06846e41abd9645
mobilenet_v2,B,920,105936,image_level_seed11,2,2,pituitary,8.62750022959924e-07,4.743127916587606e-06,0.9999943941220605,2,pituitary,0.9999943941220605,919d6f0fb3ca462983d6df6ec06846e41abd9645
mobilenet_v2,B,930,107495,image_level_seed11,2,2,pituitary,0.00014030007911621588,0.0004493907520300659,0.9994103091688536,2,pituitary,0.9994103091688536,919d6f0fb3ca462983d6df6ec06846e41abd9645
mobilenet_v2,B,931,107495,image_level_seed11,2,2,pituitary,7.550366051432953e-06,1.028661013499468e-05,0.9999821630238136,2,pituitary,0.9999821630238136,919d6f0fb3ca462983d6df6ec06846e41abd9645
mobilenet_v2,B,937,107429,image_level_seed11,2,2,pituitary,4.769187497198413e-05,2.3944450832009104e-05,0.9999283636741959,2,pituitary,0.9999283636741959,919d6f0fb3ca462983d6df6ec06846e41abd9645
mobilenet_v2,B,939,107505,image_level_seed11,2,2,pituitary,0.00037626395981226466,0.0035409564103050083,0.9960827796298828,2,pituitary,0.9960827796298828,919d6f0fb3ca462983d6df6ec06846e41abd9645
mobilenet_v2,B,949,107743,image_level_seed11,2,2,pituitary,0.00012957713871915367,7.481282210614831e-05,0.9997956100391748,2,pituitary,0.9997956100391748,919d6f0fb3ca462983d6df6ec06846e41abd9645
mobilenet_v2,B,954,108858,image_level_seed11,2,2,pituitary,0.00918085049487656,0.019424256270757435,0.971394893234366,2,pituitary,0.971394893234366,919d6f0fb3ca462983d6df6ec06846e41abd9645
mobilenet_v2,B,956,108931,image_level_seed11,2,2,pituitary,2.4036202605867472e-05,4.348299139211431e-05,0.999932480806002,2,pituitary,0.999932480806002,919d6f0fb3ca462983d6df6ec06846e41abd9645
mobilenet_v2,B,959,109471,image_level_seed11,2,2,pituitary,0.0001018353291044721,3.07932039450055e-06,0.999895085350501,2,pituitary,0.999895085350501,919d6f0fb3ca462983d6df6ec06846e41abd9645
mobilenet_v2,B,960,109471,image_level_seed11,2,2,pituitary,3.6091549042044085e-05,1.1753269744692854e-05,0.9999521551812133,2,pituitary,0.9999521551812133,919d6f0fb3ca462983d6df6ec06846e41abd9645
mobilenet_v2,B,970,109898,image_level_seed11,2,2,pituitary,0.000960006340481284,0.0016966734827732564,0.9973433201767454,2,pituitary,0.9973433201767454,919d6f0fb3ca462983d6df6ec06846e41abd9645
mobilenet_v2,B,980,111075,image_level_seed11,2,2,pituitary,0.003834005351377029,0.0009914317383396835,0.9951745629102833,2,pituitary,0.9951745629102833,919d6f0fb3ca462983d6df6ec06846e41abd9645
mobilenet_v2,B,986,111125,image_level_seed11,2,2,pituitary,0.00013518996348299632,3.63993686143282e-05,0.9998284106679027,2,pituitary,0.9998284106679027,919d6f0fb3ca462983d6df6ec06846e41abd9645
mobilenet_v2,B,988,111125,image_level_seed11,2,2,pituitary,0.00011205054150483041,1.530368096562681e-05,0.9998726457775297,2,pituitary,0.9998726457775297,919d6f0fb3ca462983d6df6ec06846e41abd9645
mobilenet_v2,B,994,112074,image_level_seed11,2,2,pituitary,0.08255448586366823,0.01944901157496348,0.8979965025613684,2,pituitary,0.8979965025613684,919d6f0fb3ca462983d6df6ec06846e41abd9645
mobilenet_v2,B,1004,112746,image_level_seed11,2,2,pituitary,0.0006331376432154932,0.0007128697345713222,0.9986539926222132,2,pituitary,0.9986539926222132,919d6f0fb3ca462983d6df6ec06846e41abd9645
mobilenet_v2,B,1005,112746,image_level_seed11,2,2,pituitary,0.0001392631182068434,0.00039546034503094976,0.9994652765367621,2,pituitary,0.9994652765367621,919d6f0fb3ca462983d6df6ec06846e41abd9645
mobilenet_v2,B,1025,101017,image_level_seed11,2,2,pituitary,3.8038501448417264e-06,8.167967707248762e-07,0.9999953793530845,2,pituitary,0.9999953793530845,919d6f0fb3ca462983d6df6ec06846e41abd9645
mobilenet_v2,B,1031,101029,image_level_seed11,2,2,pituitary,5.640304544201087e-05,0.0009871345813335917,0.9989564623732243,2,pituitary,0.9989564623732243,919d6f0fb3ca462983d6df6ec06846e41abd9645
mobilenet_v2,B,1038,106062,image_level_seed11,2,2,pituitary,3.7898622217756615e-06,4.330877562716431e-05,0.9999529013621511,2,pituitary,0.9999529013621511,919d6f0fb3ca462983d6df6ec06846e41abd9645
mobilenet_v2,B,1042,107495,image_level_seed11,2,2,pituitary,7.353430688834588e-06,6.573587248282214e-06,0.9999860729820628,2,pituitary,0.9999860729820628,919d6f0fb3ca462983d6df6ec06846e41abd9645
mobilenet_v2,B,1058,107505,image_level_seed11,2,2,pituitary,0.0005928524357655643,0.000757982417091861,0.9986491651471426,2,pituitary,0.9986491651471426,919d6f0fb3ca462983d6df6ec06846e41abd9645
mobilenet_v2,B,1059,107743,image_level_seed11,2,2,pituitary,3.65930799167004e-05,5.48520748617579e-05,0.9999085548452215,2,pituitary,0.9999085548452215,919d6f0fb3ca462983d6df6ec06846e41abd9645
mobilenet_v2,B,1072,108931,image_level_seed11,2,2,pituitary,9.683723211151188e-06,0.0001048795342430785,0.9998854367425457,2,pituitary,0.9998854367425457,919d6f0fb3ca462983d6df6ec06846e41abd9645
mobilenet_v2,B,1073,108931,image_level_seed11,2,2,pituitary,3.0859261902726916e-06,0.00013424136446054869,0.9998626727093491,2,pituitary,0.9998626727093491,919d6f0fb3ca462983d6df6ec06846e41abd9645
mobilenet_v2,B,1080,109471,image_level_seed11,2,2,pituitary,6.24451543109856e-06,0.00017629100588747838,0.9998174644786815,2,pituitary,0.9998174644786815,919d6f0fb3ca462983d6df6ec06846e41abd9645
mobilenet_v2,B,1083,109769,image_level_seed11,2,2,pituitary,5.706021809112811e-06,2.6763768635695383e-05,0.9999675302095552,2,pituitary,0.9999675302095552,919d6f0fb3ca462983d6df6ec06846e41abd9645
mobilenet_v2,B,1084,109769,image_level_seed11,2,2,pituitary,2.032517228689348e-05,3.3602757919580484e-05,0.9999460720697936,2,pituitary,0.9999460720697936,919d6f0fb3ca462983d6df6ec06846e41abd9645
mobilenet_v2,B,1086,109769,image_level_seed11,2,2,pituitary,3.48059605827729e-05,8.692068248816177e-06,0.9999565019711685,2,pituitary,0.9999565019711685,919d6f0fb3ca462983d6df6ec06846e41abd9645
mobilenet_v2,B,1093,109898,image_level_seed11,2,2,pituitary,0.0015563055527222055,0.0004674766561038822,0.9979762177911738,2,pituitary,0.9979762177911738,919d6f0fb3ca462983d6df6ec06846e41abd9645
mobilenet_v2,B,1108,110993,image_level_seed11,2,2,pituitary,6.226006359761697e-08,4.168327198226271e-07,0.9999995209072164,2,pituitary,0.9999995209072164,919d6f0fb3ca462983d6df6ec06846e41abd9645
mobilenet_v2,B,1121,111125,image_level_seed11,2,2,pituitary,6.915511285929721e-07,4.559628086846274e-07,0.9999988524860627,2,pituitary,0.9999988524860627,919d6f0fb3ca462983d6df6ec06846e41abd9645
mobilenet_v2,B,1122,111125,image_level_seed11,2,2,pituitary,1.3200798506613367e-05,1.057116839722743e-05,0.999976228033096,2,pituitary,0.999976228033096,919d6f0fb3ca462983d6df6ec06846e41abd9645
mobilenet_v2,B,1126,111785,image_level_seed11,2,2,pituitary,8.354442407038753e-05,0.00023073427628587516,0.9996857212996437,2,pituitary,0.9996857212996437,919d6f0fb3ca462983d6df6ec06846e41abd9645
mobilenet_v2,B,1129,112074,image_level_seed11,2,2,pituitary,0.0008015392212591494,0.018215701118930405,0.9809827596598105,2,pituitary,0.9809827596598105,919d6f0fb3ca462983d6df6ec06846e41abd9645
mobilenet_v2,B,1135,112649,image_level_seed11,2,2,pituitary,5.028904589648003e-05,7.280941965251907e-05,0.9998769015344511,2,pituitary,0.9998769015344511,919d6f0fb3ca462983d6df6ec06846e41abd9645
mobilenet_v2,B,1140,112746,image_level_seed11,2,2,pituitary,1.7827533319269796e-05,1.6214817518541792e-05,0.9999659576491621,2,pituitary,0.9999659576491621,919d6f0fb3ca462983d6df6ec06846e41abd9645
mobilenet_v2,B,1145,112847,image_level_seed11,2,2,pituitary,1.2650169041757465e-05,7.4576215768849545e-06,0.9999798922093813,2,pituitary,0.9999798922093813,919d6f0fb3ca462983d6df6ec06846e41abd9645
mobilenet_v2,B,1147,112847,image_level_seed11,2,2,pituitary,9.247470621252285e-06,2.0508780977456744e-05,0.9999702437484013,2,pituitary,0.9999702437484013,919d6f0fb3ca462983d6df6ec06846e41abd9645
mobilenet_v2,B,1153,113741,image_level_seed11,2,2,pituitary,0.00045711352045900807,0.00015958028482705649,0.9993833061947138,2,pituitary,0.9993833061947138,919d6f0fb3ca462983d6df6ec06846e41abd9645
mobilenet_v2,B,1176,107495,image_level_seed11,2,2,pituitary,1.7869255774433718e-05,0.00020006105906241348,0.999782069685163,2,pituitary,0.999782069685163,919d6f0fb3ca462983d6df6ec06846e41abd9645
mobilenet_v2,B,1178,107495,image_level_seed11,2,2,pituitary,2.455372316736167e-05,0.00020158860544883519,0.9997738576713838,2,pituitary,0.9997738576713838,919d6f0fb3ca462983d6df6ec06846e41abd9645
mobilenet_v2,B,1187,107429,image_level_seed11,2,2,pituitary,0.00019874918460998807,1.08803153594593e-05,0.9997903705000306,2,pituitary,0.9997903705000306,919d6f0fb3ca462983d6df6ec06846e41abd9645
mobilenet_v2,B,1188,107429,image_level_seed11,2,2,pituitary,6.202099414754484e-05,0.00040205332109492325,0.9995359256847576,2,pituitary,0.9995359256847576,919d6f0fb3ca462983d6df6ec06846e41abd9645
mobilenet_v2,B,1193,107505,image_level_seed11,2,2,pituitary,7.655318802485632e-06,1.5710488314334305e-05,0.9999766341928833,2,pituitary,0.9999766341928833,919d6f0fb3ca462983d6df6ec06846e41abd9645
mobilenet_v2,B,1196,107743,image_level_seed11,2,2,pituitary,2.1340415578114143e-05,2.943314379717803e-05,0.9999492264406246,2,pituitary,0.9999492264406246,919d6f0fb3ca462983d6df6ec06846e41abd9645
mobilenet_v2,B,1205,108931,image_level_seed11,2,2,pituitary,2.981561063583404e-06,1.9031539566537373e-05,0.9999779868993699,2,pituitary,0.9999779868993699,919d6f0fb3ca462983d6df6ec06846e41abd9645
mobilenet_v2,B,1212,109471,image_level_seed11,2,2,pituitary,1.4241788962353118e-06,2.9746580056124833e-06,0.9999956011630982,2,pituitary,0.9999956011630982,919d6f0fb3ca462983d6df6ec06846e41abd9645
mobilenet_v2,B,1215,109769,image_level_seed11,2,2,pituitary,9.788838159030711e-06,5.829055490260698e-06,0.9999843821063508,2,pituitary,0.9999843821063508,919d6f0fb3ca462983d6df6ec06846e41abd9645
mobilenet_v2,B,1225,110518,image_level_seed11,2,2,pituitary,4.396313458136085e-05,6.377538835027282e-06,0.9999496593265835,2,pituitary,0.9999496593265835,919d6f0fb3ca462983d6df6ec06846e41abd9645
mobilenet_v2,B,1231,110993,image_level_seed11,2,2,pituitary,4.130362714472509e-07,5.678810368217743e-07,0.9999990190826918,2,pituitary,0.9999990190826918,919d6f0fb3ca462983d6df6ec06846e41abd9645
mobilenet_v2,B,1237,111075,image_level_seed11,2,2,pituitary,0.00047765638545378285,0.0009066962382180455,0.9986156473763282,2,pituitary,0.9986156473763282,919d6f0fb3ca462983d6df6ec06846e41abd9645
mobilenet_v2,B,1242,111785,image_level_seed11,2,2,pituitary,7.441519352273935e-05,0.0007374166377395232,0.9991881681687378,2,pituitary,0.9991881681687378,919d6f0fb3ca462983d6df6ec06846e41abd9645
mobilenet_v2,B,1243,111785,image_level_seed11,2,2,pituitary,0.0018148396121695231,0.002647808911710356,0.99553735147612,2,pituitary,0.99553735147612,919d6f0fb3ca462983d6df6ec06846e41abd9645
mobilenet_v2,B,1244,111785,image_level_seed11,2,2,pituitary,0.0002683503673441569,0.0010040745699940986,0.9987275750626617,2,pituitary,0.9987275750626617,919d6f0fb3ca462983d6df6ec06846e41abd9645
mobilenet_v2,B,1249,112074,image_level_seed11,2,2,pituitary,0.00700886283549244,0.00010959366774445347,0.9928815434967632,2,pituitary,0.9928815434967632,919d6f0fb3ca462983d6df6ec06846e41abd9645
mobilenet_v2,B,1254,112649,image_level_seed11,2,2,pituitary,8.45841773018604e-05,4.183671917672024e-05,0.9998735791035215,2,pituitary,0.9998735791035215,919d6f0fb3ca462983d6df6ec06846e41abd9645
mobilenet_v2,B,1275,114040,image_level_seed11,2,2,pituitary,0.00012429598722484198,0.0001784726966607971,0.9996972313161144,2,pituitary,0.9996972313161144,919d6f0fb3ca462983d6df6ec06846e41abd9645
mobilenet_v2,B,1276,114361,image_level_seed11,2,2,pituitary,7.92574155375983e-06,8.601073234589146e-07,0.9999912141511227,2,pituitary,0.9999912141511227,919d6f0fb3ca462983d6df6ec06846e41abd9645
mobilenet_v2,B,1299,102648,image_level_seed11,2,2,pituitary,0.002014087730060472,0.0007129288506713668,0.9972729834192682,2,pituitary,0.9972729834192682,919d6f0fb3ca462983d6df6ec06846e41abd9645
mobilenet_v2,B,1301,103046,image_level_seed11,2,2,pituitary,2.3045894616547675e-05,5.1377464886679296e-06,0.9999718163588948,2,pituitary,0.9999718163588948,919d6f0fb3ca462983d6df6ec06846e41abd9645
mobilenet_v2,B,1307,103257,image_level_seed11,2,2,pituitary,0.0006256405411603533,0.0003131213538182062,0.9990612381050215,2,pituitary,0.9990612381050215,919d6f0fb3ca462983d6df6ec06846e41abd9645
mobilenet_v2,B,1309,103257,image_level_seed11,2,2,pituitary,0.00017164168661849786,1.9618931774237497e-05,0.9998087393816072,2,pituitary,0.9998087393816072,919d6f0fb3ca462983d6df6ec06846e41abd9645
mobilenet_v2,B,1315,103478,image_level_seed11,2,2,pituitary,0.0026534256144641988,0.0010354301398799034,0.996311144245656,2,pituitary,0.996311144245656,919d6f0fb3ca462983d6df6ec06846e41abd9645
mobilenet_v2,B,1320,103582,image_level_seed11,2,2,pituitary,0.0001284538721216956,6.943193617978211e-05,0.9998021141916985,2,pituitary,0.9998021141916985,919d6f0fb3ca462983d6df6ec06846e41abd9645
mobilenet_v2,B,1334,103731,image_level_seed11,2,2,pituitary,0.000238030133617401,0.0019148112030113946,0.9978471586633711,2,pituitary,0.9978471586633711,919d6f0fb3ca462983d6df6ec06846e41abd9645
mobilenet_v2,B,1340,103837,image_level_seed11,2,2,pituitary,0.00026207189922151025,9.187715678226535e-07,0.9997370093292106,2,pituitary,0.9997370093292106,919d6f0fb3ca462983d6df6ec06846e41abd9645
mobilenet_v2,B,1343,103837,image_level_seed11,2,2,pituitary,0.0001282981780514665,9.00139796001462e-06,0.9998627004239885,2,pituitary,0.9998627004239885,919d6f0fb3ca462983d6df6ec06846e41abd9645
mobilenet_v2,B,1344,103837,image_level_seed11,2,2,pituitary,7.749406021373543e-05,1.0125598649379772e-05,0.9999123803411368,2,pituitary,0.9999123803411368,919d6f0fb3ca462983d6df6ec06846e41abd9645
mobilenet_v2,B,1348,104019,image_level_seed11,2,2,pituitary,3.4229085830122686e-05,1.380244072673932e-05,0.9999519684734431,2,pituitary,0.9999519684734431,919d6f0fb3ca462983d6df6ec06846e41abd9645
mobilenet_v2,B,1351,104019,image_level_seed11,2,2,pituitary,2.298460993474354e-06,1.7398797671599504e-05,0.999980302741335,2,pituitary,0.999980302741335,919d6f0fb3ca462983d6df6ec06846e41abd9645
mobilenet_v2,B,1355,104558,image_level_seed11,2,2,pituitary,2.5057297407709107e-05,1.1548059175337938e-05,0.999963394643417,2,pituitary,0.999963394643417,919d6f0fb3ca462983d6df6ec06846e41abd9645
mobilenet_v2,B,1356,104558,image_level_seed11,2,2,pituitary,3.27658696948863e-05,1.947443794225349e-06,0.9999652866865109,2,pituitary,0.9999652866865109,919d6f0fb3ca462983d6df6ec06846e41abd9645
mobilenet_v2,B,1361,104684,image_level_seed11,2,2,pituitary,9.219290313537237e-06,3.857462269476623e-06,0.999986923247417,2,pituitary,0.999986923247417,919d6f0fb3ca462983d6df6ec06846e41abd9645
mobilenet_v2,B,1362,104684,image_level_seed11,2,2,pituitary,1.3851770714235157e-05,1.8183939562242837e-06,0.9999843298353296,2,pituitary,0.9999843298353296,919d6f0fb3ca462983d6df6ec06846e41abd9645
mobilenet_v2,B,1364,104684,image_level_seed11,2,2,pituitary,1.0570398890617211e-05,1.3587907166846383e-06,0.9999880708103928,2,pituitary,0.9999880708103928,919d6f0fb3ca462983d6df6ec06846e41abd9645
mobilenet_v2,B,1367,104684,image_level_seed11,2,2,pituitary,1.7001383880928885e-05,1.0109079708316593e-05,0.9999728895364108,2,pituitary,0.9999728895364108,919d6f0fb3ca462983d6df6ec06846e41abd9645
mobilenet_v2,B,1376,105187,image_level_seed11,2,2,pituitary,0.0001247940986502064,2.114866659008749e-05,0.9998540572347596,2,pituitary,0.9998540572347596,919d6f0fb3ca462983d6df6ec06846e41abd9645
mobilenet_v2,B,1377,105187,image_level_seed11,2,2,pituitary,8.113388718145159e-05,8.035026684064253e-05,0.9998385158459779,2,pituitary,0.9998385158459779,919d6f0fb3ca462983d6df6ec06846e41abd9645
mobilenet_v2,B,1392,97416,image_level_seed11,2,2,pituitary,0.0001644208230144367,1.0625919519828173e-05,0.9998249532574657,2,pituitary,0.9998249532574657,919d6f0fb3ca462983d6df6ec06846e41abd9645
mobilenet_v2,B,1401,97461,image_level_seed11,2,2,pituitary,8.9661250171762e-06,2.9187915723506836e-05,0.9999618459592594,2,pituitary,0.9999618459592594,919d6f0fb3ca462983d6df6ec06846e41abd9645
mobilenet_v2,B,1406,97481,image_level_seed11,2,2,pituitary,0.00017962498969365206,2.6107330565436124e-05,0.9997942676797408,2,pituitary,0.9997942676797408,919d6f0fb3ca462983d6df6ec06846e41abd9645
mobilenet_v2,B,1410,97890,image_level_seed11,2,2,pituitary,1.6409999794964525e-05,2.369904116061464e-05,0.9999598909590445,2,pituitary,0.9999598909590445,919d6f0fb3ca462983d6df6ec06846e41abd9645
mobilenet_v2,B,1411,97890,image_level_seed11,2,2,pituitary,3.3135369830491075e-05,0.000246065222491874,0.9997207994076776,2,pituitary,0.9997207994076776,919d6f0fb3ca462983d6df6ec06846e41abd9645
mobilenet_v2,B,1413,97890,image_level_seed11,2,2,pituitary,7.608102965251553e-06,0.00010763436544517123,0.9998847575315897,2,pituitary,0.9998847575315897,919d6f0fb3ca462983d6df6ec06846e41abd9645
mobilenet_v2,B,1419,98472,image_level_seed11,2,2,pituitary,0.00016967020516609014,2.319008847931582e-05,0.9998071397063546,2,pituitary,0.9998071397063546,919d6f0fb3ca462983d6df6ec06846e41abd9645
mobilenet_v2,B,1425,98871,image_level_seed11,2,2,pituitary,8.887218879297637e-05,7.977197683078722e-05,0.9998313558343763,2,pituitary,0.9998313558343763,919d6f0fb3ca462983d6df6ec06846e41abd9645
mobilenet_v2,B,1428,98871,image_level_seed11,2,2,pituitary,5.7780580233719815e-05,9.306595420469374e-06,0.9999329128243459,2,pituitary,0.9999329128243459,919d6f0fb3ca462983d6df6ec06846e41abd9645
mobilenet_v2,B,1430,98874,image_level_seed11,2,2,pituitary,0.00020002448047481635,0.0001189549626424841,0.9996810205568826,2,pituitary,0.9996810205568826,919d6f0fb3ca462983d6df6ec06846e41abd9645
mobilenet_v2,B,1434,98874,image_level_seed11,2,2,pituitary,5.790622758588395e-05,0.0007470353526796503,0.9991950584197345,2,pituitary,0.9991950584197345,919d6f0fb3ca462983d6df6ec06846e41abd9645
mobilenet_v2,B,1449,99223,image_level_seed11,2,2,pituitary,0.0007279627193021751,0.0002130954468465483,0.9990589418338514,2,pituitary,0.9990589418338514,919d6f0fb3ca462983d6df6ec06846e41abd9645
mobilenet_v2,B,1458,101017,image_level_seed11,2,2,pituitary,1.713306923537617e-06,3.487978622716109e-05,0.9999634069068493,2,pituitary,0.9999634069068493,919d6f0fb3ca462983d6df6ec06846e41abd9645
mobilenet_v2,B,1466,101029,image_level_seed11,2,2,pituitary,1.5560400471162118e-06,2.7749070572974267e-06,0.9999956690528957,2,pituitary,0.9999956690528957,919d6f0fb3ca462983d6df6ec06846e41abd9645
mobilenet_v2,B,1470,101145,image_level_seed11,2,2,pituitary,5.764447579336959e-05,1.719154823929197e-05,0.9999251639759673,2,pituitary,0.9999251639759673,919d6f0fb3ca462983d6df6ec06846e41abd9645
mobilenet_v2,B,1473,101305,image_level_seed11,2,2,pituitary,0.00015147738285649473,0.0010830144260856177,0.9987655081910579,2,pituitary,0.9987655081910579,919d6f0fb3ca462983d6df6ec06846e41abd9645
mobilenet_v2,B,1480,101724,image_level_seed11,2,2,pituitary,2.3943938047754305e-05,2.7147785942835098e-05,0.9999489082760094,2,pituitary,0.9999489082760094,919d6f0fb3ca462983d6df6ec06846e41abd9645
mobilenet_v2,B,1481,101724,image_level_seed11,2,2,pituitary,2.5365882967349252e-05,5.458005733897603e-05,0.9999200540596938,2,pituitary,0.9999200540596938,919d6f0fb3ca462983d6df6ec06846e41abd9645
mobilenet_v2,B,1482,101724,image_level_seed11,2,2,pituitary,2.2759976266121492e-05,0.0001870827293791791,0.9997901572943548,2,pituitary,0.9997901572943548,919d6f0fb3ca462983d6df6ec06846e41abd9645
mobilenet_v2,B,1487,102669,image_level_seed11,2,2,pituitary,4.079862781956008e-05,0.0009200839564882875,0.9990391174156921,2,pituitary,0.9990391174156921,919d6f0fb3ca462983d6df6ec06846e41abd9645
mobilenet_v2,B,1490,103046,image_level_seed11,2,2,pituitary,1.8722300429733182e-05,1.8085319797935234e-05,0.9999631923797724,2,pituitary,0.9999631923797724,919d6f0fb3ca462983d6df6ec06846e41abd9645
mobilenet_v2,B,1496,103257,image_level_seed11,2,2,pituitary,1.1386714267160786e-06,7.177043203340347e-07,0.9999981436242529,2,pituitary,0.9999981436242529,919d6f0fb3ca462983d6df6ec06846e41abd9645
mobilenet_v2,B,1505,103478,image_level_seed11,2,2,pituitary,3.5375145663845466e-05,0.00010227728904271542,0.9998623475652935,2,pituitary,0.9998623475652935,919d6f0fb3ca462983d6df6ec06846e41abd9645
mobilenet_v2,B,1507,103582,image_level_seed11,2,2,pituitary,3.779208390134205e-05,6.329299731028173e-06,0.9999558786163677,2,pituitary,0.9999558786163677,919d6f0fb3ca462983d6df6ec06846e41abd9645
mobilenet_v2,B,1516,103671,image_level_seed11,2,2,pituitary,4.1064857772431275e-05,0.0005941921268549175,0.9993647430153726,2,pituitary,0.9993647430153726,919d6f0fb3ca462983d6df6ec06846e41abd9645
mobilenet_v2,B,1523,103731,image_level_seed11,2,2,pituitary,8.070358920904565e-05,0.00018206700322405856,0.999737229407567,2,pituitary,0.999737229407567,919d6f0fb3ca462983d6df6ec06846e41abd9645
mobilenet_v2,B,1535,104019,image_level_seed11,2,2,pituitary,1.9563211806900256e-06,3.6202594953832888e-06,0.9999944234193239,2,pituitary,0.9999944234193239,919d6f0fb3ca462983d6df6ec06846e41abd9645
mobilenet_v2,B,1537,104019,image_level_seed11,2,2,pituitary,1.7002159586679364e-06,3.697335581588466e-05,0.9999613264282255,2,pituitary,0.9999613264282255,919d6f0fb3ca462983d6df6ec06846e41abd9645
mobilenet_v2,B,1540,104558,image_level_seed11,2,2,pituitary,1.5300765227590243e-05,6.25046946110456e-06,0.9999784487653113,2,pituitary,0.9999784487653113,919d6f0fb3ca462983d6df6ec06846e41abd9645
mobilenet_v2,B,1544,104558,image_level_seed11,2,2,pituitary,6.094861480706635e-05,0.0004351229000729468,0.99950392848512,2,pituitary,0.99950392848512,919d6f0fb3ca462983d6df6ec06846e41abd9645
mobilenet_v2,B,1554,104912,image_level_seed11,2,2,pituitary,0.0025418435345618945,0.0011957416808449004,0.9962624147845932,2,pituitary,0.9962624147845932,919d6f0fb3ca462983d6df6ec06846e41abd9645
mobilenet_v2,B,1557,105187,image_level_seed11,2,2,pituitary,3.6556635760679183e-07,1.8854102386361704e-05,0.9999807803312559,2,pituitary,0.9999807803312559,919d6f0fb3ca462983d6df6ec06846e41abd9645
mobilenet_v2,B,1568,105638,image_level_seed11,2,2,pituitary,1.8661023637767822e-05,5.776483408238249e-05,0.99992357414228,2,pituitary,0.99992357414228,919d6f0fb3ca462983d6df6ec06846e41abd9645
mobilenet_v2,B,1570,105638,image_level_seed11,2,2,pituitary,3.1437272018357455e-05,0.0001085874407238639,0.9998599752872578,2,pituitary,0.9998599752872578,919d6f0fb3ca462983d6df6ec06846e41abd9645
mobilenet_v2,B,1571,105638,image_level_seed11,2,2,pituitary,7.40634761708297e-05,0.00014894870110550987,0.9997769878227236,2,pituitary,0.9997769878227236,919d6f0fb3ca462983d6df6ec06846e41abd9645
mobilenet_v2,B,1572,105638,image_level_seed11,2,2,pituitary,6.219201905267657e-05,7.582100824522902e-05,0.999861986972702,2,pituitary,0.999861986972702,919d6f0fb3ca462983d6df6ec06846e41abd9645
mobilenet_v2,B,1573,97416,image_level_seed11,2,2,pituitary,0.0002928649550946373,0.13671513910118022,0.8629919959437251,2,pituitary,0.8629919959437251,919d6f0fb3ca462983d6df6ec06846e41abd9645
mobilenet_v2,B,1574,97416,image_level_seed11,2,2,pituitary,3.2186425883013744e-05,0.0030479401240615187,0.9969198734500554,2,pituitary,0.9969198734500554,919d6f0fb3ca462983d6df6ec06846e41abd9645
mobilenet_v2,B,1577,97416,image_level_seed11,2,2,pituitary,1.0950863607801184e-06,5.790606521623203e-07,0.9999983258529871,2,pituitary,0.9999983258529871,919d6f0fb3ca462983d6df6ec06846e41abd9645
mobilenet_v2,B,1584,97461,image_level_seed11,2,2,pituitary,7.58734858126806e-07,9.890043954180504e-06,0.9999893512211877,2,pituitary,0.9999893512211877,919d6f0fb3ca462983d6df6ec06846e41abd9645
mobilenet_v2,B,1591,97481,image_level_seed11,2,2,pituitary,6.459302101714481e-06,1.8773697431246857e-05,0.999974767000467,2,pituitary,0.999974767000467,919d6f0fb3ca462983d6df6ec06846e41abd9645
mobilenet_v2,B,1592,97481,image_level_seed11,2,2,pituitary,1.876165081577489e-05,6.470063288777746e-05,0.9999165377162964,2,pituitary,0.9999165377162964,919d6f0fb3ca462983d6df6ec06846e41abd9645
mobilenet_v2,B,1596,97890,image_level_seed11,2,2,pituitary,3.3865601192997486e-06,2.7977571469425516e-05,0.9999686358684113,2,pituitary,0.9999686358684113,919d6f0fb3ca462983d6df6ec06846e41abd9645
mobilenet_v2,B,1597,97890,image_level_seed11,2,2,pituitary,8.361152216155148e-06,5.700918714930402e-06,0.9999859379290689,2,pituitary,0.9999859379290689,919d6f0fb3ca462983d6df6ec06846e41abd9645
mobilenet_v2,B,1599,97890,image_level_seed11,2,2,pituitary,2.5685351484226712e-06,1.895178441008097e-05,0.9999784796804415,2,pituitary,0.9999784796804415,919d6f0fb3ca462983d6df6ec06846e41abd9645
mobilenet_v2,B,1600,98472,image_level_seed11,2,2,pituitary,6.94377430946126e-05,9.417576634474066e-05,0.9998363864905606,2,pituitary,0.9998363864905606,919d6f0fb3ca462983d6df6ec06846e41abd9645
mobilenet_v2,B,1601,98472,image_level_seed11,2,2,pituitary,0.0018413794002867133,3.957858114762283e-05,0.9981190420185656,2,pituitary,0.9981190420185656,919d6f0fb3ca462983d6df6ec06846e41abd9645
mobilenet_v2,B,1602,98472,image_level_seed11,2,2,pituitary,0.0014808986773687718,9.68614737069595e-05,0.9984222398489242,2,pituitary,0.9984222398489242,919d6f0fb3ca462983d6df6ec06846e41abd9645
mobilenet_v2,B,1606,98652,image_level_seed11,2,2,pituitary,4.665498319158482e-05,1.1696399667773655e-05,0.9999416486171405,2,pituitary,0.9999416486171405,919d6f0fb3ca462983d6df6ec06846e41abd9645
mobilenet_v2,B,1609,98871,image_level_seed11,2,2,pituitary,1.8958323753842325e-06,4.939333892172699e-05,0.999948710828703,2,pituitary,0.999948710828703,919d6f0fb3ca462983d6df6ec06846e41abd9645
mobilenet_v2,B,1610,98871,image_level_seed11,2,2,pituitary,2.334990288055062e-06,5.049688934831996e-06,0.9999926153207772,2,pituitary,0.9999926153207772,919d6f0fb3ca462983d6df6ec06846e41abd9645
mobilenet_v2,B,1622,98992,image_level_seed11,2,2,pituitary,1.212498592306272e-05,7.063923049578128e-06,0.9999808110910274,2,pituitary,0.9999808110910274,919d6f0fb3ca462983d6df6ec06846e41abd9645
mobilenet_v2,B,1635,99223,image_level_seed11,2,2,pituitary,5.606064845327742e-05,7.517784501266572e-05,0.9998687615065341,2,pituitary,0.9998687615065341,919d6f0fb3ca462983d6df6ec06846e41abd9645
mobilenet_v2,B,1636,99223,image_level_seed11,2,2,pituitary,6.994826104642641e-05,4.884002133452212e-06,0.9999251677368202,2,pituitary,0.9999251677368202,919d6f0fb3ca462983d6df6ec06846e41abd9645
mobilenet_v2,B,1652,101145,image_level_seed11,2,2,pituitary,0.0022425974582864733,8.953328741143533e-06,0.9977484492129725,2,pituitary,0.9977484492129725,919d6f0fb3ca462983d6df6ec06846e41abd9645
mobilenet_v2,B,1655,101305,image_level_seed11,2,2,pituitary,1.69695953105055e-05,2.0558992797919204e-05,0.9999624714118915,2,pituitary,0.9999624714118915,919d6f0fb3ca462983d6df6ec06846e41abd9645
mobilenet_v2,B,1660,101724,image_level_seed11,2,2,pituitary,2.370265178138911e-05,1.3315111529012155e-05,0.9999629822366897,2,pituitary,0.9999629822366897,919d6f0fb3ca462983d6df6ec06846e41abd9645
mobilenet_v2,B,1666,102648,image_level_seed11,2,2,pituitary,0.0001539426364053212,0.005305044971626375,0.9945410123919682,2,pituitary,0.9945410123919682,919d6f0fb3ca462983d6df6ec06846e41abd9645
mobilenet_v2,B,1684,103478,image_level_seed11,2,2,pituitary,9.842603711120001e-05,0.000309021854321328,0.9995925521085675,2,pituitary,0.9995925521085675,919d6f0fb3ca462983d6df6ec06846e41abd9645
mobilenet_v2,B,1686,103478,image_level_seed11,2,2,pituitary,6.138034723773197e-06,1.1799814941664244e-05,0.9999820621503347,2,pituitary,0.9999820621503347,919d6f0fb3ca462983d6df6ec06846e41abd9645
mobilenet_v2,B,1688,103478,image_level_seed11,2,2,pituitary,1.659819515240645e-06,1.2374638038371353e-06,0.9999971027166809,2,pituitary,0.9999971027166809,919d6f0fb3ca462983d6df6ec06846e41abd9645
mobilenet_v2,B,1694,103582,image_level_seed11,2,2,pituitary,1.9486574181091287e-06,5.724514648921597e-07,0.999997478891117,2,pituitary,0.999997478891117,919d6f0fb3ca462983d6df6ec06846e41abd9645
mobilenet_v2,B,1695,103582,image_level_seed11,2,2,pituitary,1.9156243670779735e-06,4.922863199323254e-06,0.9999931615124336,2,pituitary,0.9999931615124336,919d6f0fb3ca462983d6df6ec06846e41abd9645
mobilenet_v2,B,1698,103582,image_level_seed11,2,2,pituitary,9.167268381191054e-07,1.0062421932921327e-05,0.9999890208512289,2,pituitary,0.9999890208512289,919d6f0fb3ca462983d6df6ec06846e41abd9645
mobilenet_v2,B,1705,103671,image_level_seed11,2,2,pituitary,6.88158953511499e-07,1.5069684449172956e-06,0.9999978048726015,2,pituitary,0.9999978048726015,919d6f0fb3ca462983d6df6ec06846e41abd9645
mobilenet_v2,B,1708,103671,image_level_seed11,2,2,pituitary,3.9623161107247494e-05,8.794094635687688e-05,0.9998724358925359,2,pituitary,0.9998724358925359,919d6f0fb3ca462983d6df6ec06846e41abd9645
mobilenet_v2,B,1712,103731,image_level_seed11,2,2,pituitary,3.1229435715905056e-05,0.0001810735379568608,0.9997876970263272,2,pituitary,0.9997876970263272,919d6f0fb3ca462983d6df6ec06846e41abd9645
mobilenet_v2,B,1720,103837,image_level_seed11,2,2,pituitary,4.683325782413077e-05,1.8800964308874576e-06,0.9999512866457451,2,pituitary,0.9999512866457451,919d6f0fb3ca462983d6df6ec06846e41abd9645
mobilenet_v2,B,1724,104019,image_level_seed11,2,2,pituitary,4.921290851785021e-07,1.0572961276939042e-05,0.999988934909638,2,pituitary,0.999988934909638,919d6f0fb3ca462983d6df6ec06846e41abd9645
mobilenet_v2,B,1730,104558,image_level_seed11,2,2,pituitary,5.616815060161206e-07,1.316108426561867e-07,0.9999993067076512,2,pituitary,0.9999993067076512,919d6f0fb3ca462983d6df6ec06846e41abd9645
mobilenet_v2,B,1732,104558,image_level_seed11,2,2,pituitary,2.5132225930426045e-06,2.2268414024707463e-05,0.9999752183633823,2,pituitary,0.9999752183633823,919d6f0fb3ca462983d6df6ec06846e41abd9645
mobilenet_v2,B,1737,104684,image_level_seed11,2,2,pituitary,8.20302377160515e-07,2.609545991346658e-06,0.9999965701516316,2,pituitary,0.9999965701516316,919d6f0fb3ca462983d6df6ec06846e41abd9645
mobilenet_v2,B,1739,104684,image_level_seed11,2,2,pituitary,1.70929127375275e-06,2.018638889965635e-06,0.9999962720698363,2,pituitary,0.9999962720698363,919d6f0fb3ca462983d6df6ec06846e41abd9645
mobilenet_v2,B,1742,104912,image_level_seed11,2,2,pituitary,7.098449192104258e-05,0.00019414271935870508,0.9997348727887202,2,pituitary,0.9997348727887202,919d6f0fb3ca462983d6df6ec06846e41abd9645
mobilenet_v2,B,1748,105187,image_level_seed11,2,2,pituitary,1.2388705433364186e-05,1.596869021291501e-05,0.9999716426043537,2,pituitary,0.9999716426043537,919d6f0fb3ca462983d6df6ec06846e41abd9645
mobilenet_v2,B,1749,105187,image_level_seed11,2,2,pituitary,2.0000467547672854e-05,0.0001390804264111488,0.9998409191060411,2,pituitary,0.9998409191060411,919d6f0fb3ca462983d6df6ec06846e41abd9645
mobilenet_v2,B,1752,105187,image_level_seed11,2,2,pituitary,1.0704965482685742e-06,1.425546006576891e-05,0.999984674043386,2,pituitary,0.999984674043386,919d6f0fb3ca462983d6df6ec06846e41abd9645
mobilenet_v2,B,1753,105187,image_level_seed11,2,2,pituitary,3.960426981950156e-06,1.967946377087095e-05,0.9999763601092471,2,pituitary,0.9999763601092471,919d6f0fb3ca462983d6df6ec06846e41abd9645
mobilenet_v2,B,1756,105475,image_level_seed11,2,2,pituitary,0.00011520150442831267,0.00014357059147264493,0.999741227904099,2,pituitary,0.999741227904099,919d6f0fb3ca462983d6df6ec06846e41abd9645
mobilenet_v2,B,1765,105638,image_level_seed11,2,2,pituitary,5.037659863564977e-06,2.1740401370889004e-05,0.9999732219387656,2,pituitary,0.9999732219387656,919d6f0fb3ca462983d6df6ec06846e41abd9645
mobilenet_v2,B,1766,97416,image_level_seed11,2,2,pituitary,4.9158065378376947e-05,0.0010906530568369685,0.9988601888777847,2,pituitary,0.9988601888777847,919d6f0fb3ca462983d6df6ec06846e41abd9645
mobilenet_v2,B,1777,97461,image_level_seed11,2,2,pituitary,2.185289623480832e-06,1.0421656265475743e-05,0.999987393054111,2,pituitary,0.999987393054111,919d6f0fb3ca462983d6df6ec06846e41abd9645
mobilenet_v2,B,1784,97481,image_level_seed11,2,2,pituitary,1.2881306302089672e-06,1.0822137446497372e-05,0.9999878897319233,2,pituitary,0.9999878897319233,919d6f0fb3ca462983d6df6ec06846e41abd9645
mobilenet_v2,B,1790,97890,image_level_seed11,2,2,pituitary,3.05636796183497e-06,2.757714082617686e-06,0.9999941859179556,2,pituitary,0.9999941859179556,919d6f0fb3ca462983d6df6ec06846e41abd9645
mobilenet_v2,B,1791,97890,image_level_seed11,2,2,pituitary,1.4966400559298208e-06,1.1004838283815865e-06,0.9999974028761156,2,pituitary,0.9999974028761156,919d6f0fb3ca462983d6df6ec06846e41abd9645
mobilenet_v2,B,1792,97890,image_level_seed11,2,2,pituitary,1.1377728238059282e-05,3.9460657561944475e-05,0.9999491616142,2,pituitary,0.9999491616142,919d6f0fb3ca462983d6df6ec06846e41abd9645
mobilenet_v2,B,1803,98652,image_level_seed11,2,2,pituitary,0.0004684385701565559,0.00013989687460405848,0.9993916645552393,2,pituitary,0.9993916645552393,919d6f0fb3ca462983d6df6ec06846e41abd9645
mobilenet_v2,B,1804,98652,image_level_seed11,2,2,pituitary,0.00042337222324491825,0.0002872623029358812,0.9992893654738193,2,pituitary,0.9992893654738193,919d6f0fb3ca462983d6df6ec06846e41abd9645
mobilenet_v2,B,1826,98992,image_level_seed11,2,2,pituitary,2.463470211469983e-05,5.295127844328857e-05,0.9999224140194419,2,pituitary,0.9999224140194419,919d6f0fb3ca462983d6df6ec06846e41abd9645
mobilenet_v2,B,1828,98992,image_level_seed11,2,2,pituitary,2.494825174628923e-06,1.8509756406060632e-06,0.9999956541991849,2,pituitary,0.9999956541991849,919d6f0fb3ca462983d6df6ec06846e41abd9645
mobilenet_v2,B,1829,98992,image_level_seed11,2,2,pituitary,4.330328675458651e-05,0.00029594754235098955,0.9996607491708943,2,pituitary,0.9996607491708943,919d6f0fb3ca462983d6df6ec06846e41abd9645
mobilenet_v2,B,1830,98995,image_level_seed11,2,2,pituitary,6.456534056261042e-05,0.00011942134619167715,0.9998160133132458,2,pituitary,0.9998160133132458,919d6f0fb3ca462983d6df6ec06846e41abd9645
mobilenet_v2,B,1832,98995,image_level_seed11,2,2,pituitary,2.005593424219239e-05,1.1760325642063608e-05,0.9999681837401156,2,pituitary,0.9999681837401156,919d6f0fb3ca462983d6df6ec06846e41abd9645
mobilenet_v2,B,1847,MR048294,image_level_seed11,2,1,glioma,6.847496998284774e-05,0.999854004043279,7.752098673823188e-05,1,glioma,0.999854004043279,919d6f0fb3ca462983d6df6ec06846e41abd9645
mobilenet_v2,B,1852,MR048297,image_level_seed11,2,1,glioma,2.0417024691934882e-05,0.9999746735344793,4.909440828593665e-06,1,glioma,0.9999746735344793,919d6f0fb3ca462983d6df6ec06846e41abd9645
mobilenet_v2,B,1854,MR048621B,image_level_seed11,2,1,glioma,3.1636914105700755e-06,0.9999433662375112,5.347007107812243e-05,1,glioma,0.9999433662375112,919d6f0fb3ca462983d6df6ec06846e41abd9645
mobilenet_v2,B,1868,MR048944,image_level_seed11,2,1,glioma,9.5388420395281e-06,0.9999859380011437,4.5231568168443955e-06,1,glioma,0.9999859380011437,919d6f0fb3ca462983d6df6ec06846e41abd9645
mobilenet_v2,B,1875,MR048994,image_level_seed11,2,1,glioma,7.728414565919292e-05,0.9997679520501289,0.0001547638042119752,1,glioma,0.9997679520501289,919d6f0fb3ca462983d6df6ec06846e41abd9645
mobilenet_v2,B,1878,MR048994,image_level_seed11,2,1,glioma,0.0011118048028842362,0.9987268730037524,0.0001613221933634626,1,glioma,0.9987268730037524,919d6f0fb3ca462983d6df6ec06846e41abd9645
mobilenet_v2,B,1879,MR049104,image_level_seed11,2,1,glioma,2.243203150299965e-05,0.9996426977845874,0.0003348701839096188,1,glioma,0.9996426977845874,919d6f0fb3ca462983d6df6ec06846e41abd9645
mobilenet_v2,B,1880,MR049104,image_level_seed11,2,1,glioma,1.043696494064075e-05,0.9996075773799589,0.0003819856551005309,1,glioma,0.9996075773799589,919d6f0fb3ca462983d6df6ec06846e41abd9645
mobilenet_v2,B,1882,MR049142,image_level_seed11,2,1,glioma,0.002322669788258675,0.9911671899836394,0.006510140228101988,1,glioma,0.9911671899836394,919d6f0fb3ca462983d6df6ec06846e41abd9645
mobilenet_v2,B,1890,MR048994B,image_level_seed11,2,1,glioma,1.1845856988397816e-05,0.9999849308332001,3.22330981145854e-06,1,glioma,0.9999849308332001,919d6f0fb3ca462983d6df6ec06846e41abd9645
mobilenet_v2,B,1891,MR048994B,image_level_seed11,2,1,glioma,6.901540948639614e-06,0.9999912690437397,1.8294153115463354e-06,1,glioma,0.9999912690437397,919d6f0fb3ca462983d6df6ec06846e41abd9645
mobilenet_v2,B,1892,MR048994B,image_level_seed11,2,1,glioma,4.829493435842407e-06,0.9999944513348951,7.191716690382274e-07,1,glioma,0.9999944513348951,919d6f0fb3ca462983d6df6ec06846e41abd9645
mobilenet_v2,B,1893,MR048944B,image_level_seed11,2,1,glioma,2.717912574638632e-05,0.9998400038665488,0.00013281700770475724,1,glioma,0.9998400038665488,919d6f0fb3ca462983d6df6ec06846e41abd9645
mobilenet_v2,B,1898,MR048944B,image_level_seed11,2,1,glioma,3.5254587002318753e-06,0.9999943060473248,2.1684939749215554e-06,1,glioma,0.9999943060473248,919d6f0fb3ca462983d6df6ec06846e41abd9645
mobilenet_v2,B,1903,MR049358,image_level_seed11,2,1,glioma,1.0936787040965438e-05,0.9999627817229104,2.628149004858781e-05,1,glioma,0.9999627817229104,919d6f0fb3ca462983d6df6ec06846e41abd9645
mobilenet_v2,B,1912,MR049104B,image_level_seed11,2,1,glioma,1.9701465380600562e-05,0.9994935965342243,0.00048670200039499506,1,glioma,0.9994935965342243,919d6f0fb3ca462983d6df6ec06846e41abd9645
mobilenet_v2,B,1915,MR049453,image_level_seed11,2,1,glioma,5.991730718983329e-05,0.9997401446044706,0.0001999380883395446,1,glioma,0.9997401446044706,919d6f0fb3ca462983d6df6ec06846e41abd9645
mobilenet_v2,B,1917,MR049453,image_level_seed11,2,1,glioma,1.500747680754794e-05,0.999980149803483,4.842719709598029e-06,1,glioma,0.999980149803483,919d6f0fb3ca462983d6df6ec06846e41abd9645
mobilenet_v2,B,1919,MR049453,image_level_seed11,2,1,glioma,1.8526463761807875e-05,0.9999701531388189,1.1320397419239328e-05,1,glioma,0.9999701531388189,919d6f0fb3ca462983d6df6ec06846e41abd9645
mobilenet_v2,B,1925,MR024780G,image_level_seed11,2,1,glioma,1.1850416384556512e-05,0.9999015011655717,8.664841804377961e-05,1,glioma,0.9999015011655717,919d6f0fb3ca462983d6df6ec06846e41abd9645
mobilenet_v2,B,1926,MR024780G,image_level_seed11,2,1,glioma,2.017040999275055e-05,0.9999487023840686,3.112720593848027e-05,1,glioma,0.9999487023840686,919d6f0fb3ca462983d6df6ec06846e41abd9645
mobilenet_v2,B,1927,MR024780G,image_level_seed11,2,1,glioma,1.407209316101621e-05,0.9999739445807053,1.1983326133886253e-05,1,glioma,0.9999739445807053,919d6f0fb3ca462983d6df6ec06846e41abd9645
mobilenet_v2,B,1928,MR024780G,image_level_seed11,2,1,glioma,2.820467974795215e-05,0.999945478689445,2.631663080704403e-05,1,glioma,0.999945478689445,919d6f0fb3ca462983d6df6ec06846e41abd9645
mobilenet_v2,B,1931,MR024780G,image_level_seed11,2,1,glioma,2.0184186157540655e-05,0.9999333693912781,4.6446422564537684e-05,1,glioma,0.9999333693912781,919d6f0fb3ca462983d6df6ec06846e41abd9645
mobilenet_v2,B,1935,MR024780G,image_level_seed11,2,1,glioma,1.3870113297856288e-05,0.9999300785908138,5.605129588834721e-05,1,glioma,0.9999300785908138,919d6f0fb3ca462983d6df6ec06846e41abd9645
mobilenet_v2,B,1937,MR049453B,image_level_seed11,2,1,glioma,5.175590824636678e-05,0.9997364435295363,0.00021180056221739075,1,glioma,0.9997364435295363,919d6f0fb3ca462983d6df6ec06846e41abd9645
mobilenet_v2,B,1938,MR049453B,image_level_seed11,2,1,glioma,6.480612503159935e-05,0.9997225235051428,0.00021267036982560963,1,glioma,0.9997225235051428,919d6f0fb3ca462983d6df6ec06846e41abd9645
mobilenet_v2,B,1941,MR049453B,image_level_seed11,2,1,glioma,1.376144165688379e-05,0.999970709239978,1.5529318365218137e-05,1,glioma,0.999970709239978,919d6f0fb3ca462983d6df6ec06846e41abd9645
mobilenet_v2,B,1945,MR048294B,image_level_seed11,2,1,glioma,3.669820136013908e-05,0.99974020393861,0.00022309786002989038,1,glioma,0.99974020393861,919d6f0fb3ca462983d6df6ec06846e41abd9645
mobilenet_v2,B,1946,MR048294B,image_level_seed11,2,1,glioma,7.878043583554014e-06,0.9999308881933057,6.123376311070692e-05,1,glioma,0.9999308881933057,919d6f0fb3ca462983d6df6ec06846e41abd9645
mobilenet_v2,B,1949,MR048621B,image_level_seed11,2,1,glioma,0.00038992565749152016,0.9984563202076251,0.001153754134883228,1,glioma,0.9984563202076251,919d6f0fb3ca462983d6df6ec06846e41abd9645
mobilenet_v2,B,1950,MR050135B,image_level_seed11,2,1,glioma,0.0003027836142414115,0.9985016512477056,0.0011955651380529733,1,glioma,0.9985016512477056,919d6f0fb3ca462983d6df6ec06846e41abd9645
mobilenet_v2,B,1957,MR050135B,image_level_seed11,2,1,glioma,8.438708767298478e-06,0.9996989940266658,0.00029256726456667513,1,glioma,0.9996989940266658,919d6f0fb3ca462983d6df6ec06846e41abd9645
mobilenet_v2,B,1967,MR050687,image_level_seed11,2,1,glioma,0.0008091722168529754,0.9991219939816118,6.883380153507893e-05,1,glioma,0.9991219939816118,919d6f0fb3ca462983d6df6ec06846e41abd9645
mobilenet_v2,B,1968,MR050687,image_level_seed11,2,1,glioma,4.642936806410474e-05,0.9999425778034483,1.099282848767504e-05,1,glioma,0.9999425778034483,919d6f0fb3ca462983d6df6ec06846e41abd9645
mobilenet_v2,B,1980,MR050791B,image_level_seed11,2,1,glioma,7.432815355028808e-07,0.9999959619617538,3.2947567109340983e-06,1,glioma,0.9999959619617538,919d6f0fb3ca462983d6df6ec06846e41abd9645
mobilenet_v2,B,1983,MR050791B,image_level_seed11,2,1,glioma,1.989006386245188e-06,0.9999961660583496,1.8449352641272143e-06,1,glioma,0.9999961660583496,919d6f0fb3ca462983d6df6ec06846e41abd9645
mobilenet_v2,B,1990,MR026175C,image_level_seed11,2,1,glioma,4.551156970620175e-06,0.9999793549151633,1.609392786582029e-05,1,glioma,0.9999793549151633,919d6f0fb3ca462983d6df6ec06846e41abd9645
mobilenet_v2,B,1993,MR026175C,image_level_seed11,2,1,glioma,8.077448859511521e-06,0.9997546961019538,0.00023722644918681136,1,glioma,0.9997546961019538,919d6f0fb3ca462983d6df6ec06846e41abd9645
mobilenet_v2,B,1997,MR026175C,image_level_seed11,2,1,glioma,1.636285616784709e-05,0.9999315233985464,5.2113745285534446e-05,1,glioma,0.9999315233985464,919d6f0fb3ca462983d6df6ec06846e41abd9645
mobilenet_v2,B,2003,MR051461,image_level_seed11,2,1,glioma,1.962849806388028e-05,0.9999774418835969,2.9296183391447e-06,1,glioma,0.9999774418835969,919d6f0fb3ca462983d6df6ec06846e41abd9645
mobilenet_v2,B,2004,MR051461,image_level_seed11,2,1,glioma,2.5336957780911306e-05,0.9999685524592221,6.110582997008064e-06,1,glioma,0.9999685524592221,919d6f0fb3ca462983d6df6ec06846e41abd9645
mobilenet_v2,B,2007,MR051586,image_level_seed11,2,1,glioma,4.009709273783395e-05,0.9999478424953384,1.2060411923754805e-05,1,glioma,0.9999478424953384,919d6f0fb3ca462983d6df6ec06846e41abd9645
mobilenet_v2,B,2011,MR051586,image_level_seed11,2,1,glioma,3.6634274797083345e-05,0.9999550688635681,8.296861634894538e-06,1,glioma,0.9999550688635681,919d6f0fb3ca462983d6df6ec06846e41abd9645
mobilenet_v2,B,2012,MR051461B,image_level_seed11,2,1,glioma,0.0002974306618026724,0.9996597848949388,4.278444325861322e-05,1,glioma,0.9996597848949388,919d6f0fb3ca462983d6df6ec06846e41abd9645
mobilenet_v2,B,2013,MR051461B,image_level_seed11,2,1,glioma,3.699225640363239e-05,0.9999528769052506,1.0130838345873556e-05,1,glioma,0.9999528769052506,919d6f0fb3ca462983d6df6ec06846e41abd9645
mobilenet_v2,B,2017,MR051644,image_level_seed11,2,1,glioma,0.010008882440516632,0.9890180163760421,0.0009731011834412287,1,glioma,0.9890180163760421,919d6f0fb3ca462983d6df6ec06846e41abd9645
mobilenet_v2,B,2019,MR051644,image_level_seed11,2,1,glioma,4.775238164871851e-05,0.9994330738351676,0.0005191737831837472,1,glioma,0.9994330738351676,919d6f0fb3ca462983d6df6ec06846e41abd9645
mobilenet_v2,B,2022,MR051644,image_level_seed11,2,1,glioma,6.896407582063604e-05,0.999907345551275,2.369037290449891e-05,1,glioma,0.999907345551275,919d6f0fb3ca462983d6df6ec06846e41abd9645
mobilenet_v2,B,2023,MR051644,image_level_seed11,2,1,glioma,9.23493448499858e-06,0.9999736348675413,1.7130197973558174e-05,1,glioma,0.9999736348675413,919d6f0fb3ca462983d6df6ec06846e41abd9645
mobilenet_v2,B,2030,MR051644,image_level_seed11,2,1,glioma,7.560365194559907e-06,0.9999862040074613,6.235627344173852e-06,1,glioma,0.9999862040074613,919d6f0fb3ca462983d6df6ec06846e41abd9645
mobilenet_v2,B,2035,MR051651,image_level_seed11,2,1,glioma,4.550769622008714e-05,0.9999309280300482,2.3564273731607022e-05,1,glioma,0.9999309280300482,919d6f0fb3ca462983d6df6ec06846e41abd9645
mobilenet_v2,B,2037,MR051651,image_level_seed11,2,1,glioma,0.002429452990172862,0.9969238916473901,0.0006466553624371225,1,glioma,0.9969238916473901,919d6f0fb3ca462983d6df6ec06846e41abd9645
mobilenet_v2,B,2042,MR051796,image_level_seed11,2,1,glioma,2.143923379179483e-05,0.9999709632752095,7.59749099872488e-06,1,glioma,0.9999709632752095,919d6f0fb3ca462983d6df6ec06846e41abd9645
mobilenet_v2,B,2045,MR051651B,image_level_seed11,2,1,glioma,2.024802112619878e-05,0.9999782067330648,1.545245809045528e-06,1,glioma,0.9999782067330648,919d6f0fb3ca462983d6df6ec06846e41abd9645
mobilenet_v2,B,2048,MR051651B,image_level_seed11,2,1,glioma,9.321321691311436e-06,0.999987890534872,2.7881434366009437e-06,1,glioma,0.999987890534872,919d6f0fb3ca462983d6df6ec06846e41abd9645
mobilenet_v2,B,2053,MR051644B,image_level_seed11,2,1,glioma,1.0036274391842374e-05,0.9999651258872452,2.4837838362893904e-05,1,glioma,0.9999651258872452,919d6f0fb3ca462983d6df6ec06846e41abd9645
mobilenet_v2,B,2065,MR051644C,image_level_seed11,2,1,glioma,1.4840024527536664e-05,0.9999761501482329,9.009827239486855e-06,1,glioma,0.9999761501482329,919d6f0fb3ca462983d6df6ec06846e41abd9645
mobilenet_v2,B,2072,MR051644C,image_level_seed11,2,1,glioma,2.49509930480273e-06,0.9999896562899216,7.848610773579834e-06,1,glioma,0.9999896562899216,919d6f0fb3ca462983d6df6ec06846e41abd9645
mobilenet_v2,B,2075,MR051644C,image_level_seed11,2,1,glioma,1.89752906489293e-05,0.999928663733019,5.236097633206168e-05,1,glioma,0.999928663733019,919d6f0fb3ca462983d6df6ec06846e41abd9645
mobilenet_v2,B,2084,MR047953C,image_level_seed11,2,1,glioma,1.8062919726028797e-05,0.999589628521967,0.0003923085583069729,1,glioma,0.999589628521967,919d6f0fb3ca462983d6df6ec06846e41abd9645
mobilenet_v2,B,2086,MR047953C,image_level_seed11,2,1,glioma,1.4470291809034836e-05,0.9999229711718197,6.255853637127543e-05,1,glioma,0.9999229711718197,919d6f0fb3ca462983d6df6ec06846e41abd9645
mobilenet_v2,B,2088,MR053110B,image_level_seed11,2,1,glioma,3.8935109430152974e-05,0.9998937952082746,6.726968229538185e-05,1,glioma,0.9998937952082746,919d6f0fb3ca462983d6df6ec06846e41abd9645
mobilenet_v2,B,2094,MR034694,image_level_seed11,2,1,glioma,1.1734221469623271e-05,0.9998775046006806,0.00011076117784962586,1,glioma,0.9998775046006806,919d6f0fb3ca462983d6df6ec06846e41abd9645
mobilenet_v2,B,2096,MR034694,image_level_seed11,2,1,glioma,2.424512714050022e-05,0.9999042741233991,7.14807494603039e-05,1,glioma,0.9999042741233991,919d6f0fb3ca462983d6df6ec06846e41abd9645
mobilenet_v2,B,2098,MR054683,image_level_seed11,2,1,glioma,8.229959252652671e-06,0.9998510831329057,0.00014068690784169497,1,glioma,0.9998510831329057,919d6f0fb3ca462983d6df6ec06846e41abd9645
mobilenet_v2,B,2101,MR054875,image_level_seed11,2,1,glioma,9.356574901183283e-06,0.9998109835235154,0.00017965990158339993,1,glioma,0.9998109835235154,919d6f0fb3ca462983d6df6ec06846e41abd9645
mobilenet_v2,B,2105,MR050687C,image_level_seed11,2,1,glioma,0.00039538708901697676,0.9992605971552024,0.00034401575578044336,1,glioma,0.9992605971552024,919d6f0fb3ca462983d6df6ec06846e41abd9645
mobilenet_v2,B,2107,MR050687C,image_level_seed11,2,1,glioma,9.572791594225154e-06,0.9997683802954104,0.00022204691299518273,1,glioma,0.9997683802954104,919d6f0fb3ca462983d6df6ec06846e41abd9645
mobilenet_v2,B,2117,MR034997,image_level_seed11,2,1,glioma,4.148159248297861e-05,0.9999515625423279,6.955865189209326e-06,1,glioma,0.9999515625423279,919d6f0fb3ca462983d6df6ec06846e41abd9645
mobilenet_v2,B,2118,MR034997,image_level_seed11,2,1,glioma,8.986083956872823e-05,0.9998939424873728,1.619667305844846e-05,1,glioma,0.9998939424873728,919d6f0fb3ca462983d6df6ec06846e41abd9645
mobilenet_v2,B,2121,MR029209E,image_level_seed11,2,1,glioma,1.6107330869677156e-05,0.9999048671707174,7.902549841292856e-05,1,glioma,0.9999048671707174,919d6f0fb3ca462983d6df6ec06846e41abd9645
mobilenet_v2,B,2129,MR053110E,image_level_seed11,2,1,glioma,0.0001692724153858483,0.9962184504082221,0.0036122771763920525,1,glioma,0.9962184504082221,919d6f0fb3ca462983d6df6ec06846e41abd9645
mobilenet_v2,B,2130,MR053110E,image_level_seed11,2,1,glioma,9.476366896219764e-06,0.9998278410920696,0.0001626825410341598,1,glioma,0.9998278410920696,919d6f0fb3ca462983d6df6ec06846e41abd9645
mobilenet_v2,B,2132,MR053110E,image_level_seed11,2,1,glioma,9.143595909034283e-06,0.99995349317512,3.7363228971026677e-05,1,glioma,0.99995349317512,919d6f0fb3ca462983d6df6ec06846e41abd9645
mobilenet_v2,B,2134,MR049019G,image_level_seed11,2,1,glioma,1.9646974164783605e-05,0.9999348139702572,4.553905557807128e-05,1,glioma,0.9999348139702572,919d6f0fb3ca462983d6df6ec06846e41abd9645
mobilenet_v2,B,2137,MR049019G,image_level_seed11,2,1,glioma,7.216205893546354e-06,0.9999873059729415,5.477821164899429e-06,1,glioma,0.9999873059729415,919d6f0fb3ca462983d6df6ec06846e41abd9645
mobilenet_v2,B,2138,MR049019G,image_level_seed11,2,1,glioma,1.8461900402470585e-05,0.9999643433977122,1.7194701885268874e-05,1,glioma,0.9999643433977122,919d6f0fb3ca462983d6df6ec06846e41abd9645
mobilenet_v2,B,2140,MR049019G,image_level_seed11,2,1,glioma,1.084125882173095e-05,0.9999834256227428,5.733118435475731e-06,1,glioma,0.9999834256227428,919d6f0fb3ca462983d6df6ec06846e41abd9645
mobilenet_v2,B,2142,MR031409B,image_level_seed11,2,1,glioma,9.235789691034743e-05,0.9998549754465494,5.2666656540181806e-05,1,glioma,0.9998549754465494,919d6f0fb3ca462983d6df6ec06846e41abd9645
mobilenet_v2,B,2146,MR038469,image_level_seed11,2,1,glioma,0.006625223998724044,0.9913170399067838,0.0020577360944920523,1,glioma,0.9913170399067838,919d6f0fb3ca462983d6df6ec06846e41abd9645
mobilenet_v2,B,2149,MR038469,image_level_seed11,2,1,glioma,6.896006900970694e-05,0.999702656387151,0.00022838354383937455,1,glioma,0.999702656387151,919d6f0fb3ca462983d6df6ec06846e41abd9645
mobilenet_v2,B,2155,MR032322C,image_level_seed11,2,1,glioma,1.1535025372417336e-05,0.9999825615662574,5.90340837025377e-06,1,glioma,0.9999825615662574,919d6f0fb3ca462983d6df6ec06846e41abd9645
mobilenet_v2,B,2156,MR032322C,image_level_seed11,2,1,glioma,5.399098122282716e-05,0.9998874678734071,5.854114537003823e-05,1,glioma,0.9998874678734071,919d6f0fb3ca462983d6df6ec06846e41abd9645
mobilenet_v2,B,2160,MR032322C,image_level_seed11,2,1,glioma,1.532055709193275e-05,0.9997850939567698,0.0001995854861382134,1,glioma,0.9997850939567698,919d6f0fb3ca462983d6df6ec06846e41abd9645
mobilenet_v2,B,2166,MR037458B,image_level_seed11,2,1,glioma,0.0004346523532795728,0.9993139683492784,0.0002513792974418908,1,glioma,0.9993139683492784,919d6f0fb3ca462983d6df6ec06846e41abd9645
mobilenet_v2,B,2178,MR039473,image_level_seed11,2,1,glioma,3.355014952354528e-05,0.9999084671760983,5.798267437836011e-05,1,glioma,0.9999084671760983,919d6f0fb3ca462983d6df6ec06846e41abd9645
mobilenet_v2,B,2182,MR039473B,image_level_seed11,2,1,glioma,9.765835915192384e-06,0.999922978154476,6.725600960893639e-05,1,glioma,0.999922978154476,919d6f0fb3ca462983d6df6ec06846e41abd9645
mobilenet_v2,B,2184,MR039473B,image_level_seed11,2,1,glioma,6.799276155763132e-06,0.9999457581333175,4.744259052667883e-05,1,glioma,0.9999457581333175,919d6f0fb3ca462983d6df6ec06846e41abd9645
mobilenet_v2,B,2191,MR037458C,image_level_seed11,2,1,glioma,1.701488505937958e-05,0.9999815841315605,1.4009833800244361e-06,1,glioma,0.9999815841315605,919d6f0fb3ca462983d6df6ec06846e41abd9645
mobilenet_v2,B,2197,MR040240,image_level_seed11,2,1,glioma,9.934310650185704e-05,0.9976542215217756,0.0022464353717224802,1,glioma,0.9976542215217756,919d6f0fb3ca462983d6df6ec06846e41abd9645
mobilenet_v2,B,2204,MR040240,image_level_seed11,2,1,glioma,0.00011773247456148015,0.9996647047466286,0.00021756277880996194,1,glioma,0.9996647047466286,919d6f0fb3ca462983d6df6ec06846e41abd9645
mobilenet_v2,B,2216,MR029209G,image_level_seed11,2,1,glioma,2.809585458356146e-05,0.9998497305412772,0.00012217360413922668,1,glioma,0.9998497305412772,919d6f0fb3ca462983d6df6ec06846e41abd9645
mobilenet_v2,B,2223,MR029209G,image_level_seed11,2,1,glioma,1.4712640124698882e-05,0.9999800483596984,5.239000176832245e-06,1,glioma,0.9999800483596984,919d6f0fb3ca462983d6df6ec06846e41abd9645
mobilenet_v2,B,2226,MR036496B,image_level_seed11,2,1,glioma,6.898018187839759e-06,0.9999918771069456,1.2248748667143232e-06,1,glioma,0.9999918771069456,919d6f0fb3ca462983d6df6ec06846e41abd9645
mobilenet_v2,B,2227,MR036496B,image_level_seed11,2,1,glioma,3.506565022306133e-05,0.9999583667345613,6.567615215530228e-06,1,glioma,0.9999583667345613,919d6f0fb3ca462983d6df6ec06846e41abd9645
mobilenet_v2,B,2228,MR036496B,image_level_seed11,2,1,glioma,2.7313308137888087e-05,0.9999678278847172,4.858807144858451e-06,1,glioma,0.9999678278847172,919d6f0fb3ca462983d6df6ec06846e41abd9645
mobilenet_v2,B,2232,MR033420,image_level_seed11,2,1,glioma,0.00025488685937814337,0.9997056628728477,3.945026777408592e-05,1,glioma,0.9997056628728477,919d6f0fb3ca462983d6df6ec06846e41abd9645
mobilenet_v2,B,2234,MR033420,image_level_seed11,2,1,glioma,6.597818517127744e-06,0.9999752093180251,1.819286345782048e-05,1,glioma,0.9999752093180251,919d6f0fb3ca462983d6df6ec06846e41abd9645
mobilenet_v2,B,2236,MR033420,image_level_seed11,2,1,glioma,1.359568811991519e-05,0.9999723346970515,1.406961482876844e-05,1,glioma,0.9999723346970515,919d6f0fb3ca462983d6df6ec06846e41abd9645
mobilenet_v2,B,2237,MR024780B,image_level_seed11,2,1,glioma,3.638331061202948e-05,0.9998677976377608,9.581905162728079e-05,1,glioma,0.9998677976377608,919d6f0fb3ca462983d6df6ec06846e41abd9645
mobilenet_v2,B,2238,MR024780B,image_level_seed11,2,1,glioma,7.225591836171283e-06,0.9999848941394024,7.880268761397781e-06,1,glioma,0.9999848941394024,919d6f0fb3ca462983d6df6ec06846e41abd9645
mobilenet_v2,B,2241,MR033389B,image_level_seed11,2,1,glioma,3.135600821149919e-07,0.999999240252578,4.4618733986903683e-07,1,glioma,0.999999240252578,919d6f0fb3ca462983d6df6ec06846e41abd9645
mobilenet_v2,B,2251,MR048994B,image_level_seed11,2,1,glioma,1.7390015343704224e-05,0.9999760880446675,6.521939988817334e-06,1,glioma,0.9999760880446675,919d6f0fb3ca462983d6df6ec06846e41abd9645
mobilenet_v2,B,2256,MR048944B,image_level_seed11,2,1,glioma,2.6166657762754753e-06,0.9999808335025047,1.6549831719218224e-05,1,glioma,0.9999808335025047,919d6f0fb3ca462983d6df6ec06846e41abd9645
mobilenet_v2,B,2259,MR048944B,image_level_seed11,2,1,glioma,1.1065380874853324e-05,0.9999686472354022,2.0287383722740496e-05,1,glioma,0.9999686472354022,919d6f0fb3ca462983d6df6ec06846e41abd9645
mobilenet_v2,B,2281,MR024780G,image_level_seed11,2,1,glioma,9.229435847671253e-05,0.9997876338482682,0.00012007179325523431,1,glioma,0.9997876338482682,919d6f0fb3ca462983d6df6ec06846e41abd9645
mobilenet_v2,B,2287,MR049453B,image_level_seed11,2,1,glioma,0.00011543260782576436,0.9998534239268585,3.1143465315860804e-05,1,glioma,0.9998534239268585,919d6f0fb3ca462983d6df6ec06846e41abd9645
mobilenet_v2,B,2290,MR049453B,image_level_seed11,2,1,glioma,3.713996804069697e-05,0.9998729381570449,8.992187491426161e-05,1,glioma,0.9998729381570449,919d6f0fb3ca462983d6df6ec06846e41abd9645
mobilenet_v2,B,2294,MR049453B,image_level_seed11,2,1,glioma,4.145474681355347e-05,0.999881638011644,7.690724154245882e-05,1,glioma,0.999881638011644,919d6f0fb3ca462983d6df6ec06846e41abd9645
mobilenet_v2,B,2296,MR049453B,image_level_seed11,2,1,glioma,4.946707845491023e-05,0.9994393723005194,0.0005111606210258223,1,glioma,0.9994393723005194,919d6f0fb3ca462983d6df6ec06846e41abd9645
mobilenet_v2,B,2304,MR050135B,image_level_seed11,2,1,glioma,1.733449420542138e-05,0.9999139629779378,6.870252785687126e-05,1,glioma,0.9999139629779378,919d6f0fb3ca462983d6df6ec06846e41abd9645
mobilenet_v2,B,2307,MR050135B,image_level_seed11,2,1,glioma,2.3114717812191945e-05,0.9999250910901037,5.179419208407247e-05,1,glioma,0.9999250910901037,919d6f0fb3ca462983d6df6ec06846e41abd9645
mobilenet_v2,B,2319,MR050791B,image_level_seed11,2,1,glioma,0.00018442571753516304,0.9997746698325235,4.0904449941212875e-05,1,glioma,0.9997746698325235,919d6f0fb3ca462983d6df6ec06846e41abd9645
mobilenet_v2,B,2321,MR049019C,image_level_seed11,2,1,glioma,0.00011209434537418264,0.9990382437075492,0.0008496619470766627,1,glioma,0.9990382437075492,919d6f0fb3ca462983d6df6ec06846e41abd9645
mobilenet_v2,B,2323,MR049019C,image_level_seed11,2,1,glioma,0.00010472649440122501,0.9865908998391496,0.013304373666449008,1,glioma,0.9865908998391496,919d6f0fb3ca462983d6df6ec06846e41abd9645
mobilenet_v2,B,2324,MR049019C,image_level_seed11,2,1,glioma,0.0001268347483056399,0.992505858344643,0.007367306907051348,1,glioma,0.992505858344643,919d6f0fb3ca462983d6df6ec06846e41abd9645
mobilenet_v2,B,2325,MR049019C,image_level_seed11,2,1,glioma,2.564745575518392e-05,0.9997684813945344,0.000205871149710344,1,glioma,0.9997684813945344,919d6f0fb3ca462983d6df6ec06846e41abd9645
mobilenet_v2,B,2332,MR026175C,image_level_seed11,2,1,glioma,4.973500739816458e-06,0.9999528832321168,4.2143267143164773e-05,1,glioma,0.9999528832321168,919d6f0fb3ca462983d6df6ec06846e41abd9645
mobilenet_v2,B,2343,MR051586,image_level_seed11,2,1,glioma,0.0004042374335814074,0.9994133120474833,0.00018245051893528815,1,glioma,0.9994133120474833,919d6f0fb3ca462983d6df6ec06846e41abd9645
mobilenet_v2,B,2344,MR033389B,image_level_seed11,2,1,glioma,2.5496497245566883e-06,0.9999954090260779,2.0413241975442537e-06,1,glioma,0.9999954090260779,919d6f0fb3ca462983d6df6ec06846e41abd9645
mobilenet_v2,B,2345,MR033389B,image_level_seed11,2,1,glioma,6.401152996254809e-06,0.9999915243601322,2.0744868716268333e-06,1,glioma,0.9999915243601322,919d6f0fb3ca462983d6df6ec06846e41abd9645
mobilenet_v2,B,2347,MR033389B,image_level_seed11,2,1,glioma,0.0002763793659975836,0.9997034060918185,2.021454218373571e-05,1,glioma,0.9997034060918185,919d6f0fb3ca462983d6df6ec06846e41abd9645
mobilenet_v2,B,2348,MR033389B,image_level_seed11,2,1,glioma,9.447968932396714e-05,0.999883113911245,2.2406399430881574e-05,1,glioma,0.999883113911245,919d6f0fb3ca462983d6df6ec06846e41abd9645
mobilenet_v2,B,2349,MR024780E,image_level_seed11,2,1,glioma,3.8941846690724116e-05,0.9999192349424736,4.1823210835735456e-05,1,glioma,0.9999192349424736,919d6f0fb3ca462983d6df6ec06846e41abd9645
mobilenet_v2,B,2357,MR026175E,image_level_seed11,2,1,glioma,1.0631262661379108e-05,0.9999232969781403,6.607175919833988e-05,1,glioma,0.9999232969781403,919d6f0fb3ca462983d6df6ec06846e41abd9645
mobilenet_v2,B,2359,MR026175E,image_level_seed11,2,1,glioma,3.884314047758814e-05,0.9998987726984803,6.238416104225598e-05,1,glioma,0.9998987726984803,919d6f0fb3ca462983d6df6ec06846e41abd9645
mobilenet_v2,B,2360,MR026175E,image_level_seed11,2,1,glioma,2.9392103866685885e-05,0.9999241025005535,4.650539557977024e-05,1,glioma,0.9999241025005535,919d6f0fb3ca462983d6df6ec06846e41abd9645
mobilenet_v2,B,2366,MR040240C,image_level_seed11,2,1,glioma,3.246669755101801e-05,0.9971787196145706,0.00278881368787835,1,glioma,0.9971787196145706,919d6f0fb3ca462983d6df6ec06846e41abd9645
mobilenet_v2,B,2367,MR040240C,image_level_seed11,2,1,glioma,1.3744463507106995e-05,0.9991399734860137,0.0008462820504792326,1,glioma,0.9991399734860137,919d6f0fb3ca462983d6df6ec06846e41abd9645
mobilenet_v2,B,2369,MR040240C,image_level_seed11,2,1,glioma,2.586026670638116e-05,0.9998106339737318,0.000163505759561861,1,glioma,0.9998106339737318,919d6f0fb3ca462983d6df6ec06846e41abd9645
mobilenet_v2,B,2372,MR040240C,image_level_seed11,2,1,glioma,1.9012086571994223e-05,0.9999619227959257,1.9065117502462876e-05,1,glioma,0.9999619227959257,919d6f0fb3ca462983d6df6ec06846e41abd9645
mobilenet_v2,B,2375,MR040240D,image_level_seed11,2,1,glioma,2.673710247377256e-05,0.9999682238045375,5.039092988790241e-06,1,glioma,0.9999682238045375,919d6f0fb3ca462983d6df6ec06846e41abd9645
mobilenet_v2,B,2379,MR040240D,image_level_seed11,2,1,glioma,1.386178829448343e-05,0.999976752606518,9.38560518764493e-06,1,glioma,0.999976752606518,919d6f0fb3ca462983d6df6ec06846e41abd9645
mobilenet_v2,B,2382,MR040240D,image_level_seed11,2,1,glioma,3.610695354237055e-05,0.9999568803985528,7.012647904925278e-06,1,glioma,0.9999568803985528,919d6f0fb3ca462983d6df6ec06846e41abd9645
mobilenet_v2,B,2385,MR017260F,image_level_seed11,2,1,glioma,3.597370380044143e-05,0.9998716850427019,9.234125349760862e-05,1,glioma,0.9998716850427019,919d6f0fb3ca462983d6df6ec06846e41abd9645
mobilenet_v2,B,2394,MR029209I,image_level_seed11,2,1,glioma,1.544068071605485e-05,0.9999448011161538,3.975820313016785e-05,1,glioma,0.9999448011161538,919d6f0fb3ca462983d6df6ec06846e41abd9645
mobilenet_v2,B,2405,MR048294,image_level_seed11,2,1,glioma,0.00011094823259800518,0.999722900593101,0.00016615117430111276,1,glioma,0.999722900593101,919d6f0fb3ca462983d6df6ec06846e41abd9645
mobilenet_v2,B,2410,MR048297,image_level_seed11,2,1,glioma,0.0005558407718493715,0.9991773655269122,0.0002667937012385292,1,glioma,0.9991773655269122,919d6f0fb3ca462983d6df6ec06846e41abd9645
mobilenet_v2,B,2422,MR048621B,image_level_seed11,2,1,glioma,2.7107958609040627e-05,0.999964452814326,8.439227064770788e-06,1,glioma,0.999964452814326,919d6f0fb3ca462983d6df6ec06846e41abd9645
mobilenet_v2,B,2430,MR048944,image_level_seed11,2,1,glioma,5.2534566355625316e-05,0.9999132133555652,3.42520780792939e-05,1,glioma,0.9999132133555652,919d6f0fb3ca462983d6df6ec06846e41abd9645
mobilenet_v2,B,2433,MR048944,image_level_seed11,2,1,glioma,6.032231389991232e-06,0.9999889817619161,4.986006693849052e-06,1,glioma,0.9999889817619161,919d6f0fb3ca462983d6df6ec06846e41abd9645
mobilenet_v2,B,2434,MR048944,image_level_seed11,2,1,glioma,6.498256047981571e-06,0.9999896713835555,3.830360396427825e-06,1,glioma,0.9999896713835555,919d6f0fb3ca462983d6df6ec06846e41abd9645
mobilenet_v2,B,2440,MR048994,image_level_seed11,2,1,glioma,8.260075389300246e-05,0.9999114421818546,5.957064252546929e-06,1,glioma,0.9999114421818546,919d6f0fb3ca462983d6df6ec06846e41abd9645
mobilenet_v2,B,2442,MR037458C,image_level_seed11,2,1,glioma,0.0001460773727480618,0.9997976451980031,5.6277429248848654e-05,1,glioma,0.9997976451980031,919d6f0fb3ca462983d6df6ec06846e41abd9645
mobilenet_v2,B,2443,MR040240,image_level_seed11,2,1,glioma,0.00025897351287765117,0.999426531983926,0.0003144945031965035,1,glioma,0.999426531983926,919d6f0fb3ca462983d6df6ec06846e41abd9645
mobilenet_v2,B,2445,MR040240,image_level_seed11,2,1,glioma,0.00038130208552299844,0.9976529617707462,0.0019657361437307114,1,glioma,0.9976529617707462,919d6f0fb3ca462983d6df6ec06846e41abd9645
mobilenet_v2,B,2447,MR040240,image_level_seed11,2,1,glioma,0.00037784764286555246,0.999469508490552,0.00015264386658228683,1,glioma,0.999469508490552,919d6f0fb3ca462983d6df6ec06846e41abd9645
mobilenet_v2,B,2448,MR040240,image_level_seed11,2,1,glioma,0.0006677446843640983,0.9985393951262086,0.0007928601894274713,1,glioma,0.9985393951262086,919d6f0fb3ca462983d6df6ec06846e41abd9645
mobilenet_v2,B,2451,MR040240,image_level_seed11,2,1,glioma,0.00022940951006643662,0.9996482799682151,0.00012231052171843819,1,glioma,0.9996482799682151,919d6f0fb3ca462983d6df6ec06846e41abd9645
mobilenet_v2,B,2455,MR040240B,image_level_seed11,2,1,glioma,0.0007154074994145251,0.9916708092686356,0.007613783231949848,1,glioma,0.9916708092686356,919d6f0fb3ca462983d6df6ec06846e41abd9645
mobilenet_v2,B,2457,MR040240B,image_level_seed11,2,1,glioma,4.7250847419148616e-05,0.9997145383738709,0.0002382107787099433,1,glioma,0.9997145383738709,919d6f0fb3ca462983d6df6ec06846e41abd9645
mobilenet_v2,B,2469,MR029209G,image_level_seed11,2,1,glioma,0.0010558385238799892,0.9977278343888423,0.0012163270872776312,1,glioma,0.9977278343888423,919d6f0fb3ca462983d6df6ec06846e41abd9645
mobilenet_v2,B,2476,MR033420,image_level_seed11,2,1,glioma,0.01776250335370551,0.981001518194939,0.0012359784513553413,1,glioma,0.981001518194939,919d6f0fb3ca462983d6df6ec06846e41abd9645
mobilenet_v2,B,2478,MR033420,image_level_seed11,2,1,glioma,1.783219800073051e-05,0.9999457695763448,3.639822565452357e-05,1,glioma,0.9999457695763448,919d6f0fb3ca462983d6df6ec06846e41abd9645
mobilenet_v2,B,2490,MR033389B,image_level_seed11,2,1,glioma,0.0002484010306029252,0.9997424235937283,9.175375668851676e-06,1,glioma,0.9997424235937283,919d6f0fb3ca462983d6df6ec06846e41abd9645
mobilenet_v2,B,2492,MR033389B,image_level_seed11,2,1,glioma,5.7713819590854305e-05,0.9998838101562447,5.8476024164377144e-05,1,glioma,0.9998838101562447,919d6f0fb3ca462983d6df6ec06846e41abd9645
mobilenet_v2,B,2493,MR033389B,image_level_seed11,2,1,glioma,1.8505559566868322e-05,0.999872341720289,0.00010915272014404783,1,glioma,0.999872341720289,919d6f0fb3ca462983d6df6ec06846e41abd9645
mobilenet_v2,B,2497,MR024780E,image_level_seed11,2,1,glioma,5.372486862403974e-06,0.9999909328149433,3.6946981942576776e-06,1,glioma,0.9999909328149433,919d6f0fb3ca462983d6df6ec06846e41abd9645
mobilenet_v2,B,2498,MR024780E,image_level_seed11,2,1,glioma,2.8261921053429102e-05,0.9999682943819146,3.443697031886501e-06,1,glioma,0.9999682943819146,919d6f0fb3ca462983d6df6ec06846e41abd9645
mobilenet_v2,B,2506,MR026175E,image_level_seed11,2,1,glioma,1.0565779354934742e-05,0.9999803415975019,9.092623143276602e-06,1,glioma,0.9999803415975019,919d6f0fb3ca462983d6df6ec06846e41abd9645
mobilenet_v2,B,2512,MR040240C,image_level_seed11,2,1,glioma,0.0002814309604776788,0.999655803405052,6.276563447042257e-05,1,glioma,0.999655803405052,919d6f0fb3ca462983d6df6ec06846e41abd9645
mobilenet_v2,B,2518,MR040240C,image_level_seed11,2,1,glioma,6.470157379490191e-05,0.9998564618864337,7.883653977123831e-05,1,glioma,0.9998564618864337,919d6f0fb3ca462983d6df6ec06846e41abd9645
mobilenet_v2,B,2520,MR040240C,image_level_seed11,2,1,glioma,6.153631340048472e-05,0.999898617293967,3.984639263242395e-05,1,glioma,0.999898617293967,919d6f0fb3ca462983d6df6ec06846e41abd9645
mobilenet_v2,B,2522,MR040240C,image_level_seed11,2,1,glioma,0.0006109369359506257,0.998060846764576,0.0013282162994732952,1,glioma,0.998060846764576,919d6f0fb3ca462983d6df6ec06846e41abd9645
mobilenet_v2,B,2524,MR017260F,image_level_seed11,2,1,glioma,0.002518422117785805,0.9971810214559813,0.00030055642623293095,1,glioma,0.9971810214559813,919d6f0fb3ca462983d6df6ec06846e41abd9645
mobilenet_v2,B,2529,MR017260F,image_level_seed11,2,1,glioma,6.176892820662524e-05,0.9997105636204129,0.00022766745138043276,1,glioma,0.9997105636204129,919d6f0fb3ca462983d6df6ec06846e41abd9645
mobilenet_v2,B,2530,MR029209I,image_level_seed11,2,1,glioma,4.582516332965163e-06,0.9999811153466122,1.4302137054858366e-05,1,glioma,0.9999811153466122,919d6f0fb3ca462983d6df6ec06846e41abd9645
mobilenet_v2,B,2532,MR029209I,image_level_seed11,2,1,glioma,0.0003892819410286014,0.9992943783955737,0.0003163396633977564,1,glioma,0.9992943783955737,919d6f0fb3ca462983d6df6ec06846e41abd9645
mobilenet_v2,B,2535,MR029209I,image_level_seed11,2,1,glioma,0.00010025749847099531,0.9994613009677047,0.00043844153382429556,1,glioma,0.9994613009677047,919d6f0fb3ca462983d6df6ec06846e41abd9645
mobilenet_v2,B,2544,MR048294,image_level_seed11,2,1,glioma,0.0005100034221163592,0.9993712002207213,0.00011879635716232147,1,glioma,0.9993712002207213,919d6f0fb3ca462983d6df6ec06846e41abd9645
mobilenet_v2,B,2550,MR051461B,image_level_seed11,2,1,glioma,0.0005505274713569471,0.999370618479545,7.885404909802517e-05,1,glioma,0.999370618479545,919d6f0fb3ca462983d6df6ec06846e41abd9645
mobilenet_v2,B,2554,MR051644,image_level_seed11,2,1,glioma,1.6793399164033627e-05,0.9999521406758647,3.1065924971367696e-05,1,glioma,0.9999521406758647,919d6f0fb3ca462983d6df6ec06846e41abd9645
mobilenet_v2,B,2576,MR051796,image_level_seed11,2,1,glioma,5.623273264382062e-06,0.9998771721671437,0.00011720455959190718,1,glioma,0.9998771721671437,919d6f0fb3ca462983d6df6ec06846e41abd9645
mobilenet_v2,B,2577,MR051796,image_level_seed11,2,1,glioma,1.6828680098738037e-05,0.9997667940627115,0.00021637725718963346,1,glioma,0.9997667940627115,919d6f0fb3ca462983d6df6ec06846e41abd9645
mobilenet_v2,B,2592,MR052550,image_level_seed11,2,1,glioma,0.00010483424754976071,0.9995342336719288,0.00036093208052147724,1,glioma,0.9995342336719288,919d6f0fb3ca462983d6df6ec06846e41abd9645
mobilenet_v2,B,2595,MR051644C,image_level_seed11,2,1,glioma,0.00028730709234396065,0.998530334109637,0.0011823587980189206,1,glioma,0.998530334109637,919d6f0fb3ca462983d6df6ec06846e41abd9645
mobilenet_v2,B,2602,MR051644C,image_level_seed11,2,1,glioma,1.662250508898943e-05,0.9999676358707577,1.5741624153279354e-05,1,glioma,0.9999676358707577,919d6f0fb3ca462983d6df6ec06846e41abd9645
mobilenet_v2,B,2604,MR051644C,image_level_seed11,2,1,glioma,4.8725926935001215e-06,0.9999686268238719,2.6500583434494842e-05,1,glioma,0.9999686268238719,919d6f0fb3ca462983d6df6ec06846e41abd9645
mobilenet_v2,B,2609,MR049942B,image_level_seed11,2,1,glioma,7.38312988476646e-05,0.9997028269251373,0.00022334177601507146,1,glioma,0.9997028269251373,919d6f0fb3ca462983d6df6ec06846e41abd9645
mobilenet_v2,B,2610,MR049942B,image_level_seed11,2,1,glioma,7.031392658634357e-05,0.9960219064712832,0.00390777960213041,1,glioma,0.9960219064712832,919d6f0fb3ca462983d6df6ec06846e41abd9645
mobilenet_v2,B,2614,MR047953C,image_level_seed11,2,1,glioma,0.00011255792385531385,0.9952760561321433,0.004611385944001372,1,glioma,0.9952760561321433,919d6f0fb3ca462983d6df6ec06846e41abd9645
mobilenet_v2,B,2623,MR053110B,image_level_seed11,2,1,glioma,1.7226976294117948e-05,0.9999765781914468,6.194832259031072e-06,1,glioma,0.9999765781914468,919d6f0fb3ca462983d6df6ec06846e41abd9645
mobilenet_v2,B,2624,MR034694,image_level_seed11,2,1,glioma,1.7261956081148634e-05,0.9999300886364497,5.264940746900858e-05,1,glioma,0.9999300886364497,919d6f0fb3ca462983d6df6ec06846e41abd9645
mobilenet_v2,B,2625,MR034694,image_level_seed11,2,1,glioma,2.8655825044269987e-05,0.9998715007299102,9.984344504555014e-05,1,glioma,0.9998715007299102,919d6f0fb3ca462983d6df6ec06846e41abd9645
mobilenet_v2,B,2632,MR054683,image_level_seed11,2,1,glioma,9.932717547322957e-05,0.9995802010388503,0.00032047178567651594,1,glioma,0.9995802010388503,919d6f0fb3ca462983d6df6ec06846e41abd9645
mobilenet_v2,B,2633,MR054683,image_level_seed11,2,1,glioma,0.00015137976683560008,0.993012913960311,0.006835706272853467,1,glioma,0.993012913960311,919d6f0fb3ca462983d6df6ec06846e41abd9645
mobilenet_v2,B,2635,MR050687C,image_level_seed11,2,1,glioma,8.281247085831534e-06,0.9999533894699111,3.832928300303935e-05,1,glioma,0.9999533894699111,919d6f0fb3ca462983d6df6ec06846e41abd9645
mobilenet_v2,B,2636,MR050687C,image_level_seed11,2,1,glioma,1.5131832102263149e-05,0.9998003384886177,0.00018452967928006114,1,glioma,0.9998003384886177,919d6f0fb3ca462983d6df6ec06846e41abd9645
mobilenet_v2,B,2637,MR050687C,image_level_seed11,2,1,glioma,6.203410830641438e-06,0.9999561303224195,3.7666266749849065e-05,1,glioma,0.9999561303224195,919d6f0fb3ca462983d6df6ec06846e41abd9645
mobilenet_v2,B,2639,MR050687C,image_level_seed11,2,1,glioma,7.833592438507066e-05,0.999759937011635,0.00016172706398002553,1,glioma,0.999759937011635,919d6f0fb3ca462983d6df6ec06846e41abd9645
mobilenet_v2,B,2644,MR049242C,image_level_seed11,2,1,glioma,0.0001582622667337492,0.9992551771687607,0.0005865605645056186,1,glioma,0.9992551771687607,919d6f0fb3ca462983d6df6ec06846e41abd9645
mobilenet_v2,B,2649,MR053241C,image_level_seed11,2,1,glioma,6.735431526667711e-05,0.9995604812896902,0.0003721643950429746,1,glioma,0.9995604812896902,919d6f0fb3ca462983d6df6ec06846e41abd9645
mobilenet_v2,B,2659,MR029209E,image_level_seed11,2,1,glioma,5.332960600980564e-05,0.9998478010893379,9.886930465220774e-05,1,glioma,0.9998478010893379,919d6f0fb3ca462983d6df6ec06846e41abd9645
mobilenet_v2,B,2660,MR029209E,image_level_seed11,2,1,glioma,7.853527542899155e-05,0.9998176702484338,0.00010379447613702334,1,glioma,0.9998176702484338,919d6f0fb3ca462983d6df6ec06846e41abd9645
mobilenet_v2,B,2661,MR029209E,image_level_seed11,2,1,glioma,2.9570861655483424e-05,0.9999128470883913,5.758204995319928e-05,1,glioma,0.9999128470883913,919d6f0fb3ca462983d6df6ec06846e41abd9645
mobilenet_v2,B,2666,MR053110E,image_level_seed11,2,1,glioma,5.949000111403834e-05,0.9999171984115018,2.3311587384178353e-05,1,glioma,0.9999171984115018,919d6f0fb3ca462983d6df6ec06846e41abd9645
mobilenet_v2,B,2667,MR053110E,image_level_seed11,2,1,glioma,9.019824866229573e-05,0.9991843215818816,0.0007254801694560314,1,glioma,0.9991843215818816,919d6f0fb3ca462983d6df6ec06846e41abd9645
mobilenet_v2,B,2668,MR053110E,image_level_seed11,2,1,glioma,0.00029217486916310545,0.997394638781238,0.0023131863495988777,1,glioma,0.997394638781238,919d6f0fb3ca462983d6df6ec06846e41abd9645
mobilenet_v2,B,2669,MR053110E,image_level_seed11,2,1,glioma,0.0001455055282997261,0.9993211299767064,0.0005333644949938606,1,glioma,0.9993211299767064,919d6f0fb3ca462983d6df6ec06846e41abd9645
mobilenet_v2,B,2677,MR049019G,image_level_seed11,2,1,glioma,1.6051365961256327e-05,0.9999581543974041,2.5794236634625087e-05,1,glioma,0.9999581543974041,919d6f0fb3ca462983d6df6ec06846e41abd9645
mobilenet_v2,B,2679,MR031409B,image_level_seed11,2,1,glioma,8.321204533036136e-06,0.9999627033828463,2.897541262069647e-05,1,glioma,0.9999627033828463,919d6f0fb3ca462983d6df6ec06846e41abd9645
mobilenet_v2,B,2681,MR024780D,image_level_seed11,2,1,glioma,0.00023642976961414728,0.9996006149594838,0.00016295527090186932,1,glioma,0.9996006149594838,919d6f0fb3ca462983d6df6ec06846e41abd9645
mobilenet_v2,B,2685,MR038469,image_level_seed11,2,1,glioma,0.00023191322721944428,0.9994799297970696,0.0002881569757110295,1,glioma,0.9994799297970696,919d6f0fb3ca462983d6df6ec06846e41abd9645
mobilenet_v2,B,2686,MR038469,image_level_seed11,2,1,glioma,0.00022910324976223287,0.9994220993845997,0.0003487973656380374,1,glioma,0.9994220993845997,919d6f0fb3ca462983d6df6ec06846e41abd9645
mobilenet_v2,B,2690,MR032322C,image_level_seed11,2,1,glioma,5.5194795711336136e-05,0.9999178213008004,2.6983903488173486e-05,1,glioma,0.9999178213008004,919d6f0fb3ca462983d6df6ec06846e41abd9645
mobilenet_v2,B,2693,MR032322C,image_level_seed11,2,1,glioma,0.009869178459592119,0.9899610733691011,0.0001697481713067192,1,glioma,0.9899610733691011,919d6f0fb3ca462983d6df6ec06846e41abd9645
mobilenet_v2,B,2695,MR032322C,image_level_seed11,2,1,glioma,5.211114989636475e-06,0.9998736511482031,0.0001211377368071899,1,glioma,0.9998736511482031,919d6f0fb3ca462983d6df6ec06846e41abd9645
mobilenet_v2,B,2696,MR032322C,image_level_seed11,2,1,glioma,5.851383399943805e-05,0.9998459319722868,9.555419371366554e-05,1,glioma,0.9998459319722868,919d6f0fb3ca462983d6df6ec06846e41abd9645
mobilenet_v2,B,2706,MR037458B,image_level_seed11,2,1,glioma,0.010111794979910348,0.9895947182085271,0.00029348681156236974,1,glioma,0.9895947182085271,919d6f0fb3ca462983d6df6ec06846e41abd9645
mobilenet_v2,B,2708,MR037458B,image_level_seed11,2,1,glioma,0.0043719799066152315,0.9950114554399236,0.000616564653461139,1,glioma,0.9950114554399236,919d6f0fb3ca462983d6df6ec06846e41abd9645
mobilenet_v2,B,2710,MR039473,image_level_seed11,2,1,glioma,2.0967319336308008e-05,0.9999633058148749,1.572686578878357e-05,1,glioma,0.9999633058148749,919d6f0fb3ca462983d6df6ec06846e41abd9645
mobilenet_v2,B,2714,MR039473B,image_level_seed11,2,1,glioma,2.959582103227669e-05,0.9999468722723621,2.353190660567831e-05,1,glioma,0.9999468722723621,919d6f0fb3ca462983d6df6ec06846e41abd9645
mobilenet_v2,B,2727,MR037458C,image_level_seed11,2,1,glioma,0.00015327765790335994,0.9997621930253662,8.452931673037975e-05,1,glioma,0.9997621930253662,919d6f0fb3ca462983d6df6ec06846e41abd9645
mobilenet_v2,B,2730,MR037458C,image_level_seed11,2,1,glioma,0.0023279013089510065,0.9964980410178439,0.0011740576732051074,1,glioma,0.9964980410178439,919d6f0fb3ca462983d6df6ec06846e41abd9645
mobilenet_v2,B,2732,MR029209E,image_level_seed11,2,1,glioma,9.664425331280479e-05,0.9998875941048558,1.5761641831561254e-05,1,glioma,0.9998875941048558,919d6f0fb3ca462983d6df6ec06846e41abd9645
mobilenet_v2,B,2734,MR029209E,image_level_seed11,2,1,glioma,3.0272013483576066e-05,0.9999612462007718,8.481785744566738e-06,1,glioma,0.9999612462007718,919d6f0fb3ca462983d6df6ec06846e41abd9645
mobilenet_v2,B,2735,MR029209E,image_level_seed11,2,1,glioma,3.921222849290152e-05,0.9999576990580937,3.0887134132319486e-06,1,glioma,0.9999576990580937,919d6f0fb3ca462983d6df6ec06846e41abd9645
mobilenet_v2,B,2739,MR053110E,image_level_seed11,2,1,glioma,0.0002603424504954348,0.9997160284290566,2.362912044794493e-05,1,glioma,0.9997160284290566,919d6f0fb3ca462983d6df6ec06846e41abd9645
mobilenet_v2,B,2749,MR031409B,image_level_seed11,2,1,glioma,7.995660136199951e-05,0.9997031391994531,0.00021690419918484727,1,glioma,0.9997031391994531,919d6f0fb3ca462983d6df6ec06846e41abd9645
mobilenet_v2,B,2751,MR024780D,image_level_seed11,2,1,glioma,7.881061705982122e-05,0.9999042875015872,1.690188135288081e-05,1,glioma,0.9999042875015872,919d6f0fb3ca462983d6df6ec06846e41abd9645
mobilenet_v2,B,2752,MR024780D,image_level_seed11,2,1,glioma,0.00016166913713650089,0.9997857827495307,5.2548113332793405e-05,1,glioma,0.9997857827495307,919d6f0fb3ca462983d6df6ec06846e41abd9645
mobilenet_v2,B,2753,MR038469,image_level_seed11,2,1,glioma,0.0017106409806180427,0.9754890248392087,0.022800334180173267,1,glioma,0.9754890248392087,919d6f0fb3ca462983d6df6ec06846e41abd9645
mobilenet_v2,B,2769,MR037458B,image_level_seed11,2,1,glioma,0.01533918187704857,0.9844718690327399,0.00018894909021160245,1,glioma,0.9844718690327399,919d6f0fb3ca462983d6df6ec06846e41abd9645
mobilenet_v2,B,2771,MR037458B,image_level_seed11,2,1,glioma,6.0053807504935446e-05,0.9999278359269567,1.2110265538317845e-05,1,glioma,0.9999278359269567,919d6f0fb3ca462983d6df6ec06846e41abd9645
mobilenet_v2,B,2780,MR039473B,image_level_seed11,2,1,glioma,9.90105400647969e-05,0.9998195087869046,8.148067303050576e-05,1,glioma,0.9998195087869046,919d6f0fb3ca462983d6df6ec06846e41abd9645
mobilenet_v2,B,2792,MR040240,image_level_seed11,2,1,glioma,0.009197567325483064,0.9830185022967148,0.007783930377802084,1,glioma,0.9830185022967148,919d6f0fb3ca462983d6df6ec06846e41abd9645
mobilenet_v2,B,2793,MR040240,image_level_seed11,2,1,glioma,0.0009925894100942822,0.9985408458213376,0.0004665647685680444,1,glioma,0.9985408458213376,919d6f0fb3ca462983d6df6ec06846e41abd9645
mobilenet_v2,B,2794,MR040240,image_level_seed11,2,1,glioma,0.003865510713834644,0.9907582079313684,0.00537628135479681,1,glioma,0.9907582079313684,919d6f0fb3ca462983d6df6ec06846e41abd9645
mobilenet_v2,B,2795,MR040240B,image_level_seed11,2,1,glioma,2.1325558339626554e-05,0.9999406201254291,3.80543162313664e-05,1,glioma,0.9999406201254291,919d6f0fb3ca462983d6df6ec06846e41abd9645
mobilenet_v2,B,2798,MR040240B,image_level_seed11,2,1,glioma,4.776978729954544e-05,0.9999139351149052,3.829509779524849e-05,1,glioma,0.9999139351149052,919d6f0fb3ca462983d6df6ec06846e41abd9645
mobilenet_v2,B,2803,MR029209G,image_level_seed11,2,1,glioma,3.5837794571654006e-05,0.9999481731428349,1.5989062593342516e-05,1,glioma,0.9999481731428349,919d6f0fb3ca462983d6df6ec06846e41abd9645
mobilenet_v2,B,2806,MR036496B,image_level_seed11,2,1,glioma,4.670387538403813e-05,0.9999311895319051,2.2106592710971183e-05,1,glioma,0.9999311895319051,919d6f0fb3ca462983d6df6ec06846e41abd9645
mobilenet_v2,B,2808,MR036496B,image_level_seed11,2,1,glioma,0.00023215643902972926,0.9997565903192861,1.12532416841916e-05,1,glioma,0.9997565903192861,919d6f0fb3ca462983d6df6ec06846e41abd9645
mobilenet_v2,B,2816,MR033420,image_level_seed11,2,1,glioma,1.3588258726264203e-05,0.9999605064101623,2.5905331111564037e-05,1,glioma,0.9999605064101623,919d6f0fb3ca462983d6df6ec06846e41abd9645
mobilenet_v2,B,2817,MR024780B,image_level_seed11,2,1,glioma,2.2007705028142876e-05,0.9999607186447399,1.7273650231865488e-05,1,glioma,0.9999607186447399,919d6f0fb3ca462983d6df6ec06846e41abd9645
mobilenet_v2,B,2821,MR033389B,image_level_seed11,2,1,glioma,0.0015342333611078856,0.998129277150541,0.00033648948835121936,1,glioma,0.998129277150541,919d6f0fb3ca462983d6df6ec06846e41abd9645
mobilenet_v2,B,2824,MR048297,image_level_seed11,2,1,glioma,0.00012951349472332314,0.9998555358216134,1.4950683663401213e-05,1,glioma,0.9998555358216134,919d6f0fb3ca462983d6df6ec06846e41abd9645
mobilenet_v2,B,2826,MR048297,image_level_seed11,2,1,glioma,0.007172862092084761,0.9927542833584576,7.285454945744705e-05,1,glioma,0.9927542833584576,919d6f0fb3ca462983d6df6ec06846e41abd9645
mobilenet_v2,B,2834,MR048294B,image_level_seed11,2,1,glioma,2.5748241738164335e-05,0.9999408142473607,3.3437510901068635e-05,1,glioma,0.9999408142473607,919d6f0fb3ca462983d6df6ec06846e41abd9645
mobilenet_v2,B,2835,MR048294B,image_level_seed11,2,1,glioma,1.7438996747139698e-05,0.9999163043848511,6.625661840177557e-05,1,glioma,0.9999163043848511,919d6f0fb3ca462983d6df6ec06846e41abd9645
mobilenet_v2,B,2839,MR048621B,image_level_seed11,2,1,glioma,3.3249056962223546e-05,0.9999496400793503,1.7110863687530278e-05,1,glioma,0.9999496400793503,919d6f0fb3ca462983d6df6ec06846e41abd9645
mobilenet_v2,B,2843,MR048944,image_level_seed11,2,1,glioma,0.00014119748855231462,0.9998027894488127,5.6013062634992144e-05,1,glioma,0.9998027894488127,919d6f0fb3ca462983d6df6ec06846e41abd9645
mobilenet_v2,B,2847,MR048994,image_level_seed11,2,1,glioma,0.0014455806330847273,0.9978366273424117,0.0007177920245034951,1,glioma,0.9978366273424117,919d6f0fb3ca462983d6df6ec06846e41abd9645
mobilenet_v2,B,2854,MR049104,image_level_seed11,2,1,glioma,4.6563495016572974e-05,0.988179610644177,0.0117738258608064,1,glioma,0.988179610644177,919d6f0fb3ca462983d6df6ec06846e41abd9645
mobilenet_v2,B,2855,MR049104,image_level_seed11,2,1,glioma,3.4172763893961376e-05,0.9996518200064678,0.00031400722963829177,1,glioma,0.9996518200064678,919d6f0fb3ca462983d6df6ec06846e41abd9645
mobilenet_v2,B,2860,MR049142,image_level_seed11,2,1,glioma,0.0005176424237695217,0.9993704462445034,0.00011191133172709659,1,glioma,0.9993704462445034,919d6f0fb3ca462983d6df6ec06846e41abd9645
mobilenet_v2,B,2862,MR048994B,image_level_seed11,2,1,glioma,4.503775723388091e-05,0.9998474871294506,0.00010747511331571007,1,glioma,0.9998474871294506,919d6f0fb3ca462983d6df6ec06846e41abd9645
mobilenet_v2,B,2876,MR049453,image_level_seed11,2,1,glioma,1.718659254809411e-05,0.9998438159159756,0.00013899749147637264,1,glioma,0.9998438159159756,919d6f0fb3ca462983d6df6ec06846e41abd9645
mobilenet_v2,B,2881,MR049453,image_level_seed11,2,1,glioma,2.366543074508347e-05,0.999908238340969,6.809622828591934e-05,1,glioma,0.999908238340969,919d6f0fb3ca462983d6df6ec06846e41abd9645
mobilenet_v2,B,2887,MR024780G,image_level_seed11,2,1,glioma,0.00033353839051929673,0.9995478004722322,0.00011866113724853428,1,glioma,0.9995478004722322,919d6f0fb3ca462983d6df6ec06846e41abd9645
mobilenet_v2,B,2892,MR050135B,image_level_seed11,2,1,glioma,1.0979543081875948e-05,0.9999754542791583,1.3566177759623365e-05,1,glioma,0.9999754542791583,919d6f0fb3ca462983d6df6ec06846e41abd9645
mobilenet_v2,B,2893,MR050135B,image_level_seed11,2,1,glioma,4.447836180106981e-06,0.9999943837332012,1.1684306187041256e-06,1,glioma,0.9999943837332012,919d6f0fb3ca462983d6df6ec06846e41abd9645
mobilenet_v2,B,2901,MR050687,image_level_seed11,2,1,glioma,2.0481829177427348e-05,0.9999760592109248,3.4589598978354146e-06,1,glioma,0.9999760592109248,919d6f0fb3ca462983d6df6ec06846e41abd9645
mobilenet_v2,B,2905,MR050687,image_level_seed11,2,1,glioma,0.0001874686653277051,0.9997409554790835,7.157585558900228e-05,1,glioma,0.9997409554790835,919d6f0fb3ca462983d6df6ec06846e41abd9645
mobilenet_v2,B,2912,MR050791B,image_level_seed11,2,1,glioma,0.06410982511596583,0.9356758881822113,0.00021428670182276456,1,glioma,0.9356758881822113,919d6f0fb3ca462983d6df6ec06846e41abd9645
mobilenet_v2,B,2915,MR049019C,image_level_seed11,2,1,glioma,0.0001275813954122316,0.9989904341947343,0.0008819844098534255,1,glioma,0.9989904341947343,919d6f0fb3ca462983d6df6ec06846e41abd9645
mobilenet_v2,B,2917,MR049019C,image_level_seed11,2,1,glioma,0.0002080243412407949,0.9890320472708117,0.010759928387947478,1,glioma,0.9890320472708117,919d6f0fb3ca462983d6df6ec06846e41abd9645
mobilenet_v2,B,2921,MR051461,image_level_seed11,2,1,glioma,0.00028299330664046806,0.999672015279959,4.4991413400432827e-05,1,glioma,0.999672015279959,919d6f0fb3ca462983d6df6ec06846e41abd9645
mobilenet_v2,B,2930,MR051586,image_level_seed11,2,1,glioma,0.0007306445012944675,0.999263032206776,6.323291929713177e-06,1,glioma,0.999263032206776,919d6f0fb3ca462983d6df6ec06846e41abd9645
mobilenet_v2,B,2934,MR051644,image_level_seed11,2,1,glioma,0.0076595788391544415,0.9921940440051156,0.0001463771557300497,1,glioma,0.9921940440051156,919d6f0fb3ca462983d6df6ec06846e41abd9645
mobilenet_v2,B,2935,MR051644,image_level_seed11,2,1,glioma,9.564371858977101e-05,0.9998384969634693,6.5859317940986e-05,1,glioma,0.9998384969634693,919d6f0fb3ca462983d6df6ec06846e41abd9645
mobilenet_v2,B,2936,MR051644,image_level_seed11,2,1,glioma,0.000989683795458587,0.9986829783369872,0.00032733786755432154,1,glioma,0.9986829783369872,919d6f0fb3ca462983d6df6ec06846e41abd9645
mobilenet_v2,B,2943,MR051644,image_level_seed11,2,1,glioma,9.99549750482355e-05,0.9998819010462711,1.8143978680768343e-05,1,glioma,0.9998819010462711,919d6f0fb3ca462983d6df6ec06846e41abd9645
mobilenet_v2,B,2944,MR051651,image_level_seed11,2,1,glioma,0.0004956315661631517,0.9993589337740484,0.00014543465978843846,1,glioma,0.9993589337740484,919d6f0fb3ca462983d6df6ec06846e41abd9645
mobilenet_v2,B,2947,MR051651,image_level_seed11,2,1,glioma,0.0004254460247117877,0.9995197262370641,5.4827738224041815e-05,1,glioma,0.9995197262370641,919d6f0fb3ca462983d6df6ec06846e41abd9645
mobilenet_v2,B,2949,MR051796,image_level_seed11,2,1,glioma,1.3624764808037999e-05,0.9998807059489108,0.00010566928628116405,1,glioma,0.9998807059489108,919d6f0fb3ca462983d6df6ec06846e41abd9645
mobilenet_v2,B,2958,MR051651B,image_level_seed11,2,1,glioma,0.00016527880641857941,0.9998203950313105,1.4326162270874799e-05,1,glioma,0.9998203950313105,919d6f0fb3ca462983d6df6ec06846e41abd9645
mobilenet_v2,B,2960,MR051651B,image_level_seed11,2,1,glioma,0.0003251617061764332,0.9996552562232993,1.9582070524212866e-05,1,glioma,0.9996552562232993,919d6f0fb3ca462983d6df6ec06846e41abd9645
mobilenet_v2,B,2962,MR051644B,image_level_seed11,2,1,glioma,7.993100819582549e-06,0.9994665764678782,0.0005254304313023168,1,glioma,0.9994665764678782,919d6f0fb3ca462983d6df6ec06846e41abd9645
mobilenet_v2,B,2963,MR051644B,image_level_seed11,2,1,glioma,1.4769221183024948e-05,0.9997274296812368,0.0002578010975801231,1,glioma,0.9997274296812368,919d6f0fb3ca462983d6df6ec06846e41abd9645
mobilenet_v2,B,2966,MR051644B,image_level_seed11,2,1,glioma,4.6677068466874674e-05,0.9994871157817186,0.0004662071498145269,1,glioma,0.9994871157817186,919d6f0fb3ca462983d6df6ec06846e41abd9645
mobilenet_v2,B,2967,MR051644B,image_level_seed11,2,1,glioma,5.491330259754966e-06,0.999877407987176,0.0001171006825644239,1,glioma,0.999877407987176,919d6f0fb3ca462983d6df6ec06846e41abd9645
mobilenet_v2,B,2972,MR051796B,image_level_seed11,2,1,glioma,0.00023866952598454585,0.9995700225305406,0.00019130794347481473,1,glioma,0.9995700225305406,919d6f0fb3ca462983d6df6ec06846e41abd9645
mobilenet_v2,B,2973,MR051796B,image_level_seed11,2,1,glioma,0.0004455977035371681,0.9994875254373272,6.687685913569174e-05,1,glioma,0.9994875254373272,919d6f0fb3ca462983d6df6ec06846e41abd9645
mobilenet_v2,B,2975,MR052550,image_level_seed11,2,1,glioma,4.561885719059808e-05,0.9999053885851263,4.899255768292758e-05,1,glioma,0.9999053885851263,919d6f0fb3ca462983d6df6ec06846e41abd9645
mobilenet_v2,B,2978,MR052550,image_level_seed11,2,1,glioma,2.6248867438428856e-05,0.9999404841902515,3.326694231009535e-05,1,glioma,0.9999404841902515,919d6f0fb3ca462983d6df6ec06846e41abd9645
mobilenet_v2,B,2979,MR052550,image_level_seed11,2,1,glioma,5.9391034385970255e-05,0.999701138143719,0.00023947082189514215,1,glioma,0.999701138143719,919d6f0fb3ca462983d6df6ec06846e41abd9645
mobilenet_v2,B,2980,MR052550,image_level_seed11,2,1,glioma,0.0007279794589497695,0.9979608624777931,0.0013111580632569394,1,glioma,0.9979608624777931,919d6f0fb3ca462983d6df6ec06846e41abd9645
mobilenet_v2,B,2982,MR052550,image_level_seed11,2,1,glioma,0.0004218776111517295,0.9990989838579045,0.0004791385309437361,1,glioma,0.9990989838579045,919d6f0fb3ca462983d6df6ec06846e41abd9645
mobilenet_v2,B,2994,MR049942B,image_level_seed11,2,1,glioma,9.232730915815346e-06,0.9998151194582078,0.00017564781087641836,1,glioma,0.9998151194582078,919d6f0fb3ca462983d6df6ec06846e41abd9645
mobilenet_v2,B,3012,MR054875,image_level_seed11,2,1,glioma,0.00266841556926211,0.9959578997960972,0.001373684634640575,1,glioma,0.9959578997960972,919d6f0fb3ca462983d6df6ec06846e41abd9645
mobilenet_v2,B,3017,MR050687C,image_level_seed11,2,1,glioma,0.00013837042138124144,0.9998078452929148,5.378428570402742e-05,1,glioma,0.9998078452929148,919d6f0fb3ca462983d6df6ec06846e41abd9645
mobilenet_v2,B,3021,MR056144,image_level_seed11,2,1,glioma,0.0001472529399437121,0.999290722180283,0.0005620248797730789,1,glioma,0.999290722180283,919d6f0fb3ca462983d6df6ec06846e41abd9645
mobilenet_v2,B,3030,53669,image_level_seed11,2,0,meningioma,0.9995296559206271,9.508252407480145e-05,0.00037526155529816026,0,meningioma,0.9995296559206271,919d6f0fb3ca462983d6df6ec06846e41abd9645
mobilenet_v2,B,3038,MR033389B,image_level_seed11,2,1,glioma,0.0004016685916431301,0.9987020769237777,0.0008962544845793992,1,glioma,0.9987020769237777,919d6f0fb3ca462983d6df6ec06846e41abd9645
mobilenet_v2,B,3049,MR017260F,image_level_seed11,2,1,glioma,0.0009041772477791978,0.9989788307095749,0.00011699204264584139,1,glioma,0.9989788307095749,919d6f0fb3ca462983d6df6ec06846e41abd9645
mobilenet_v2,B,3056,MR029209I,image_level_seed11,2,1,glioma,8.65883191376992e-05,0.9998857296739092,2.76820069529825e-05,1,glioma,0.9998857296739092,919d6f0fb3ca462983d6df6ec06846e41abd9645
