model,arm,image_id,patient_id,protocol,test_fold,true_class,true_class_name,prob_0,prob_1,prob_2,pred_class,pred_class_name,confidence,experiment_input_commit
mobilenet_v2,B,9,101016,image_level_seed11,1,0,meningioma,0.03825613626993777,0.961554561021704,0.00018930270835804952,1,glioma,0.961554561021704,919d6f0fb3ca462983d6df6ec06846e41abd9645
mobilenet_v2,B,12,101016,image_level_seed11,1,0,meningioma,0.9994252863053813,0.0002312051674834607,0.0003435085271351751,0,meningioma,0.9994252863053813,919d6f0fb3ca462983d6df6ec06846e41abd9645
mobilenet_v2,B,13,101016,image_level_seed11,1,0,meningioma,0.9981137890865804,0.0008411826132582321,0.001045028300161185,0,meningioma,0.9981137890865804,919d6f0fb3ca462983d6df6ec06846e41abd9645
mobilenet_v2,B,14,101016,image_level_seed11,1,0,meningioma,0.9999578491233684,2.4620050267057974e-05,1.7530826364512155e-05,0,meningioma,0.9999578491233684,919d6f0fb3ca462983d6df6ec06846e41abd9645
mobilenet_v2,B,19,101127,image_level_seed11,1,0,meningioma,0.3824642738715767,0.6040215840349654,0.01351414209345788,1,glioma,0.6040215840349654,919d6f0fb3ca462983d6df6ec06846e41abd9645
mobilenet_v2,B,32,102929,image_level_seed11,1,0,meningioma,0.9978430219601472,0.0018808444546795336,0.00027613358517315946,0,meningioma,0.9978430219601472,919d6f0fb3ca462983d6df6ec06846e41abd9645
mobilenet_v2,B,36,103673,image_level_seed11,1,0,meningioma,0.0010216643642729276,0.0002480533972954821,0.9987302822384316,2,pituitary,0.9987302822384316,919d6f0fb3ca462983d6df6ec06846e41abd9645
mobilenet_v2,B,37,103673,image_level_seed11,1,0,meningioma,0.9403685514523076,0.0011978951262513824,0.05843355342144093,0,meningioma,0.9403685514523076,919d6f0fb3ca462983d6df6ec06846e41abd9645
mobilenet_v2,B,39,103673,image_level_seed11,1,0,meningioma,0.9998330401435331,5.8169928261107105e-05,0.00010878992820592704,0,meningioma,0.9998330401435331,919d6f0fb3ca462983d6df6ec06846e41abd9645
mobilenet_v2,B,47,104167,image_level_seed11,1,0,meningioma,0.999975924843821,5.654002787376089e-06,1.842115339158941e-05,0,meningioma,0.999975924843821,919d6f0fb3ca462983d6df6ec06846e41abd9645
mobilenet_v2,B,71,106534,image_level_seed11,1,0,meningioma,0.9657079488674136,0.029024499783082264,0.005267551349504219,0,meningioma,0.9657079488674136,919d6f0fb3ca462983d6df6ec06846e41abd9645
mobilenet_v2,B,78,106665,image_level_seed11,1,0,meningioma,0.9916215865755923,0.0031431748216995143,0.005235238602708256,0,meningioma,0.9916215865755923,919d6f0fb3ca462983d6df6ec06846e41abd9645
mobilenet_v2,B,79,106665,image_level_seed11,1,0,meningioma,0.9968978819873425,0.0008738178205713024,0.002228300192086111,0,meningioma,0.9968978819873425,919d6f0fb3ca462983d6df6ec06846e41abd9645
mobilenet_v2,B,102,107494,image_level_seed11,1,0,meningioma,0.9985818554402494,0.0003580640055131316,0.0010600805542373228,0,meningioma,0.9985818554402494,919d6f0fb3ca462983d6df6ec06846e41abd9645
mobilenet_v2,B,104,108514,image_level_seed11,1,0,meningioma,0.04848060618521743,0.9507995307293543,0.0007198630854282098,1,glioma,0.9507995307293543,919d6f0fb3ca462983d6df6ec06846e41abd9645
mobilenet_v2,B,108,108514,image_level_seed11,1,0,meningioma,0.9982304767422494,0.0015559187662472192,0.00021360449150336917,0,meningioma,0.9982304767422494,919d6f0fb3ca462983d6df6ec06846e41abd9645
mobilenet_v2,B,113,108590,image_level_seed11,1,0,meningioma,0.9955285357177666,0.0005825766921456225,0.0038888875900878746,0,meningioma,0.9955285357177666,919d6f0fb3ca462983d6df6ec06846e41abd9645
mobilenet_v2,B,127,111077,image_level_seed11,1,0,meningioma,0.8512712010345115,0.14566578098471664,0.00306301798077186,0,meningioma,0.8512712010345115,919d6f0fb3ca462983d6df6ec06846e41abd9645
mobilenet_v2,B,128,111366,image_level_seed11,1,0,meningioma,0.978900035799172,0.020151813204651123,0.0009481509961768059,0,meningioma,0.978900035799172,919d6f0fb3ca462983d6df6ec06846e41abd9645
mobilenet_v2,B,131,111366,image_level_seed11,1,0,meningioma,0.9981155305303352,0.0018368789244957741,4.75905451690537e-05,0,meningioma,0.9981155305303352,919d6f0fb3ca462983d6df6ec06846e41abd9645
mobilenet_v2,B,134,111532,image_level_seed11,1,0,meningioma,0.9999469463699218,4.206221069224993e-05,1.0991419386180618e-05,0,meningioma,0.9999469463699218,919d6f0fb3ca462983d6df6ec06846e41abd9645
mobilenet_v2,B,135,112002,image_level_seed11,1,0,meningioma,0.5758256034593539,0.42174911728791814,0.002425279252727978,0,meningioma,0.5758256034593539,919d6f0fb3ca462983d6df6ec06846e41abd9645
mobilenet_v2,B,136,112002,image_level_seed11,1,0,meningioma,0.7547619157637723,0.24476299424359851,0.0004750899926291534,0,meningioma,0.7547619157637723,919d6f0fb3ca462983d6df6ec06846e41abd9645
mobilenet_v2,B,143,112252,image_level_seed11,1,0,meningioma,0.9994928990883855,0.0002718137949204138,0.00023528711669408572,0,meningioma,0.9994928990883855,919d6f0fb3ca462983d6df6ec06846e41abd9645
mobilenet_v2,B,152,112648,image_level_seed11,1,0,meningioma,0.9995279686070124,0.0002355089811767596,0.00023652241181098337,0,meningioma,0.9995279686070124,919d6f0fb3ca462983d6df6ec06846e41abd9645
mobilenet_v2,B,154,113435,image_level_seed11,1,0,meningioma,0.7905934892687076,0.20938245924081833,2.4051490474061645e-05,0,meningioma,0.7905934892687076,919d6f0fb3ca462983d6df6ec06846e41abd9645
mobilenet_v2,B,157,113435,image_level_seed11,1,0,meningioma,0.7118177935579824,0.2853707333905303,0.002811473051487362,0,meningioma,0.7118177935579824,919d6f0fb3ca462983d6df6ec06846e41abd9645
mobilenet_v2,B,158,113435,image_level_seed11,1,0,meningioma,0.9851759535077453,0.013543610819972313,0.0012804356722823358,0,meningioma,0.9851759535077453,919d6f0fb3ca462983d6df6ec06846e41abd9645
mobilenet_v2,B,159,113435,image_level_seed11,1,0,meningioma,0.9998532306247889,0.0001288333778402578,1.7935997370809104e-05,0,meningioma,0.9998532306247889,919d6f0fb3ca462983d6df6ec06846e41abd9645
mobilenet_v2,B,174,114359,image_level_seed11,1,0,meningioma,0.9940189802967678,0.0034356003020644156,0.0025454194011677836,0,meningioma,0.9940189802967678,919d6f0fb3ca462983d6df6ec06846e41abd9645
mobilenet_v2,B,181,97737,image_level_seed11,1,0,meningioma,0.9989156103079,0.0003667178038683657,0.0007176718882315334,0,meningioma,0.9989156103079,919d6f0fb3ca462983d6df6ec06846e41abd9645
mobilenet_v2,B,184,97875,image_level_seed11,1,0,meningioma,0.9420888929669445,0.04740857316527391,0.01050253386778172,0,meningioma,0.9420888929669445,919d6f0fb3ca462983d6df6ec06846e41abd9645
mobilenet_v2,B,195,98241,image_level_seed11,1,0,meningioma,0.9811753815176105,5.622040699948352e-05,0.018768398075389957,0,meningioma,0.9811753815176105,919d6f0fb3ca462983d6df6ec06846e41abd9645
mobilenet_v2,B,199,99017,image_level_seed11,1,0,meningioma,0.940847899658446,0.022483192979100116,0.03666890736245401,0,meningioma,0.940847899658446,919d6f0fb3ca462983d6df6ec06846e41abd9645
mobilenet_v2,B,204,99308,image_level_seed11,1,0,meningioma,0.9951471443756085,0.004418593414009157,0.0004342622103822582,0,meningioma,0.9951471443756085,919d6f0fb3ca462983d6df6ec06846e41abd9645
mobilenet_v2,B,207,99308,image_level_seed11,1,0,meningioma,0.9913271978586281,0.000519194765139534,0.008153607376232405,0,meningioma,0.9913271978586281,919d6f0fb3ca462983d6df6ec06846e41abd9645
mobilenet_v2,B,212,100360,image_level_seed11,1,0,meningioma,0.9634926873530649,0.03279937870269927,0.0037079339442358046,0,meningioma,0.9634926873530649,919d6f0fb3ca462983d6df6ec06846e41abd9645
mobilenet_v2,B,228,101127,image_level_seed11,1,0,meningioma,0.9984696496702155,0.00011896285973863677,0.0014113874700458174,0,meningioma,0.9984696496702155,919d6f0fb3ca462983d6df6ec06846e41abd9645
mobilenet_v2,B,235,101797,image_level_seed11,1,0,meningioma,0.9999722306037157,1.6677847865806792e-05,1.1091548418402424e-05,0,meningioma,0.9999722306037157,919d6f0fb3ca462983d6df6ec06846e41abd9645
mobilenet_v2,B,236,102420,image_level_seed11,1,0,meningioma,0.9959519512944157,0.0034787663389871937,0.0005692823665970303,0,meningioma,0.9959519512944157,919d6f0fb3ca462983d6df6ec06846e41abd9645
mobilenet_v2,B,241,102675,image_level_seed11,1,0,meningioma,0.8675281530926178,0.005114537978333328,0.12735730892904887,0,meningioma,0.8675281530926178,919d6f0fb3ca462983d6df6ec06846e41abd9645
mobilenet_v2,B,249,102929,image_level_seed11,1,0,meningioma,0.9901337459321771,0.003911296714922352,0.005954957352900566,0,meningioma,0.9901337459321771,919d6f0fb3ca462983d6df6ec06846e41abd9645
mobilenet_v2,B,256,103673,image_level_seed11,1,0,meningioma,0.9788178803100523,0.0005444752283480813,0.02063764446159941,0,meningioma,0.9788178803100523,919d6f0fb3ca462983d6df6ec06846e41abd9645
mobilenet_v2,B,262,103925,image_level_seed11,1,0,meningioma,0.9965590945833603,0.002910926899630546,0.0005299785170090086,0,meningioma,0.9965590945833603,919d6f0fb3ca462983d6df6ec06846e41abd9645
mobilenet_v2,B,263,103925,image_level_seed11,1,0,meningioma,0.9875705935848652,0.01185820110603309,0.0005712053091018865,0,meningioma,0.9875705935848652,919d6f0fb3ca462983d6df6ec06846e41abd9645
mobilenet_v2,B,266,103925,image_level_seed11,1,0,meningioma,0.7210707272595152,0.2741740896002158,0.004755183140269032,0,meningioma,0.7210707272595152,919d6f0fb3ca462983d6df6ec06846e41abd9645
mobilenet_v2,B,268,103925,image_level_seed11,1,0,meningioma,0.06650996104631864,0.9280794180666526,0.005410620887028598,1,glioma,0.9280794180666526,919d6f0fb3ca462983d6df6ec06846e41abd9645
mobilenet_v2,B,270,104167,image_level_seed11,1,0,meningioma,0.9998298843761714,7.352352503006633e-05,9.659209879858657e-05,0,meningioma,0.9998298843761714,919d6f0fb3ca462983d6df6ec06846e41abd9645
mobilenet_v2,B,272,104167,image_level_seed11,1,0,meningioma,0.9999940778329278,3.6116009919807872e-06,2.310566080067826e-06,0,meningioma,0.9999940778329278,919d6f0fb3ca462983d6df6ec06846e41abd9645
mobilenet_v2,B,284,105555,image_level_seed11,1,0,meningioma,0.9561282750212827,0.03504306291352395,0.008828662065193378,0,meningioma,0.9561282750212827,919d6f0fb3ca462983d6df6ec06846e41abd9645
mobilenet_v2,B,291,106284,image_level_seed11,1,0,meningioma,0.9775364672449391,0.006775468156784627,0.015688064598276246,0,meningioma,0.9775364672449391,919d6f0fb3ca462983d6df6ec06846e41abd9645
mobilenet_v2,B,299,106665,image_level_seed11,1,0,meningioma,0.9996528276296067,7.218205327172263e-05,0.0002749903171215672,0,meningioma,0.9996528276296067,919d6f0fb3ca462983d6df6ec06846e41abd9645
mobilenet_v2,B,315,107190,image_level_seed11,1,0,meningioma,0.9859007061147353,0.012033915535854055,0.0020653783494106867,0,meningioma,0.9859007061147353,919d6f0fb3ca462983d6df6ec06846e41abd9645
mobilenet_v2,B,318,107248,image_level_seed11,1,0,meningioma,0.9982893989615099,0.001690612744214239,1.9988294275841063e-05,0,meningioma,0.9982893989615099,919d6f0fb3ca462983d6df6ec06846e41abd9645
mobilenet_v2,B,320,107494,image_level_seed11,1,0,meningioma,0.876974836233857,0.09151210105815838,0.03151306270798457,0,meningioma,0.876974836233857,919d6f0fb3ca462983d6df6ec06846e41abd9645
mobilenet_v2,B,321,107494,image_level_seed11,1,0,meningioma,0.9957215452479942,0.001616403113464155,0.002662051638541751,0,meningioma,0.9957215452479942,919d6f0fb3ca462983d6df6ec06846e41abd9645
mobilenet_v2,B,327,108514,image_level_seed11,1,0,meningioma,0.9997017298845224,0.00029687239100635045,1.3977244711465887e-06,0,meningioma,0.9997017298845224,919d6f0fb3ca462983d6df6ec06846e41abd9645
mobilenet_v2,B,341,109968,image_level_seed11,1,0,meningioma,0.8629148135545428,0.13674034949957609,0.00034483694588112354,0,meningioma,0.8629148135545428,919d6f0fb3ca462983d6df6ec06846e41abd9645
mobilenet_v2,B,352,111077,image_level_seed11,1,0,meningioma,0.9990208998293308,0.0005232066528369372,0.00045589351783211635,0,meningioma,0.9990208998293308,919d6f0fb3ca462983d6df6ec06846e41abd9645
mobilenet_v2,B,353,111366,image_level_seed11,1,0,meningioma,0.8953807230419585,0.0922776995081008,0.012341577449940683,0,meningioma,0.8953807230419585,919d6f0fb3ca462983d6df6ec06846e41abd9645
mobilenet_v2,B,361,111532,image_level_seed11,1,0,meningioma,0.9999426773161731,5.609928994588415e-05,1.2233938809207426e-06,0,meningioma,0.9999426773161731,919d6f0fb3ca462983d6df6ec06846e41abd9645
mobilenet_v2,B,366,112062,image_level_seed11,1,0,meningioma,0.5944918459272678,0.4005069896822237,0.005001164390508623,0,meningioma,0.5944918459272678,919d6f0fb3ca462983d6df6ec06846e41abd9645
mobilenet_v2,B,369,112062,image_level_seed11,1,0,meningioma,0.987335310080508,0.011580116267833401,0.0010845736516584405,0,meningioma,0.987335310080508,919d6f0fb3ca462983d6df6ec06846e41abd9645
mobilenet_v2,B,390,113554,image_level_seed11,1,0,meningioma,0.9764546228922344,0.02185504024577719,0.00169033686198836,0,meningioma,0.9764546228922344,919d6f0fb3ca462983d6df6ec06846e41abd9645
mobilenet_v2,B,405,97607,image_level_seed11,1,0,meningioma,0.9998440188935703,1.8715026395231103e-05,0.00013726608003448418,0,meningioma,0.9998440188935703,919d6f0fb3ca462983d6df6ec06846e41abd9645
mobilenet_v2,B,417,97875,image_level_seed11,1,0,meningioma,0.9992829472547936,0.00024802615571121854,0.0004690265894950995,0,meningioma,0.9992829472547936,919d6f0fb3ca462983d6df6ec06846e41abd9645
mobilenet_v2,B,418,97943,image_level_seed11,1,0,meningioma,0.9999781253883567,8.353069143758957e-06,1.3521542499473686e-05,0,meningioma,0.9999781253883567,919d6f0fb3ca462983d6df6ec06846e41abd9645
mobilenet_v2,B,432,99089,image_level_seed11,1,0,meningioma,0.8236699352262346,0.12912844803200846,0.04720161674175708,0,meningioma,0.8236699352262346,919d6f0fb3ca462983d6df6ec06846e41abd9645
mobilenet_v2,B,441,99308,image_level_seed11,1,0,meningioma,0.9961110857547159,0.00219050503182168,0.0016984092134622998,0,meningioma,0.9961110857547159,919d6f0fb3ca462983d6df6ec06846e41abd9645
mobilenet_v2,B,451,100639,image_level_seed11,1,0,meningioma,0.999063752943771,0.0005265896876745125,0.00040965736855462715,0,meningioma,0.999063752943771,919d6f0fb3ca462983d6df6ec06846e41abd9645
mobilenet_v2,B,455,101016,image_level_seed11,1,0,meningioma,0.9998904279371046,9.871459868805295e-05,1.0857464207230199e-05,0,meningioma,0.9998904279371046,919d6f0fb3ca462983d6df6ec06846e41abd9645
mobilenet_v2,B,456,101016,image_level_seed11,1,0,meningioma,0.9999039375084208,3.446157080550102e-05,6.160092077369093e-05,0,meningioma,0.9999039375084208,919d6f0fb3ca462983d6df6ec06846e41abd9645
mobilenet_v2,B,458,101016,image_level_seed11,1,0,meningioma,0.9997605033032703,0.00023648771497975223,3.0089817500381817e-06,0,meningioma,0.9997605033032703,919d6f0fb3ca462983d6df6ec06846e41abd9645
mobilenet_v2,B,460,101082,image_level_seed11,1,0,meningioma,0.999815687471781,0.00012602164662860435,5.829088159040229e-05,0,meningioma,0.999815687471781,919d6f0fb3ca462983d6df6ec06846e41abd9645
mobilenet_v2,B,470,101797,image_level_seed11,1,0,meningioma,0.9237579405445328,0.07609641797153517,0.0001456414839319378,0,meningioma,0.9237579405445328,919d6f0fb3ca462983d6df6ec06846e41abd9645
mobilenet_v2,B,477,102446,image_level_seed11,1,0,meningioma,0.9915341100695476,0.008200243155932525,0.0002656467745198927,0,meningioma,0.9915341100695476,919d6f0fb3ca462983d6df6ec06846e41abd9645
mobilenet_v2,B,495,102985,image_level_seed11,1,0,meningioma,0.044617659954644805,0.9532047375053917,0.0021776025399636934,1,glioma,0.9532047375053917,919d6f0fb3ca462983d6df6ec06846e41abd9645
mobilenet_v2,B,523,106284,image_level_seed11,1,0,meningioma,0.9925383987456082,0.0012463465600088773,0.0062152546943828905,0,meningioma,0.9925383987456082,919d6f0fb3ca462983d6df6ec06846e41abd9645
mobilenet_v2,B,524,106284,image_level_seed11,1,0,meningioma,0.99281497465918,0.0008522584378983429,0.006332766902921663,0,meningioma,0.99281497465918,919d6f0fb3ca462983d6df6ec06846e41abd9645
mobilenet_v2,B,525,106284,image_level_seed11,1,0,meningioma,0.9828976467032551,0.008733605696956586,0.008368747599788357,0,meningioma,0.9828976467032551,919d6f0fb3ca462983d6df6ec06846e41abd9645
mobilenet_v2,B,532,106592,image_level_seed11,1,0,meningioma,0.9992003341508989,0.0007460558978882744,5.360995121288695e-05,0,meningioma,0.9992003341508989,919d6f0fb3ca462983d6df6ec06846e41abd9645
mobilenet_v2,B,534,106665,image_level_seed11,1,0,meningioma,0.9996472634544561,0.0003433650680497113,9.37147749430731e-06,0,meningioma,0.9996472634544561,919d6f0fb3ca462983d6df6ec06846e41abd9645
mobilenet_v2,B,536,106665,image_level_seed11,1,0,meningioma,0.9987136411735061,0.0012022482094144857,8.411061707958778e-05,0,meningioma,0.9987136411735061,919d6f0fb3ca462983d6df6ec06846e41abd9645
mobilenet_v2,B,539,106665,image_level_seed11,1,0,meningioma,0.9997605599819774,0.0001980108215721326,4.14291964504609e-05,0,meningioma,0.9997605599819774,919d6f0fb3ca462983d6df6ec06846e41abd9645
mobilenet_v2,B,542,106720,image_level_seed11,1,0,meningioma,0.9998769747955969,0.00011997360686897143,3.051597534059949e-06,0,meningioma,0.9998769747955969,919d6f0fb3ca462983d6df6ec06846e41abd9645
mobilenet_v2,B,550,107190,image_level_seed11,1,0,meningioma,0.9673682095828269,0.025330203472851295,0.007301586944321833,0,meningioma,0.9673682095828269,919d6f0fb3ca462983d6df6ec06846e41abd9645
mobilenet_v2,B,557,107494,image_level_seed11,1,0,meningioma,0.9969854301802389,0.0029690956958700167,4.547412389107748e-05,0,meningioma,0.9969854301802389,919d6f0fb3ca462983d6df6ec06846e41abd9645
mobilenet_v2,B,560,107946,image_level_seed11,1,0,meningioma,0.00030375146330529013,0.9996947479025741,1.5006341205801275e-06,1,glioma,0.9996947479025741,919d6f0fb3ca462983d6df6ec06846e41abd9645
mobilenet_v2,B,562,107946,image_level_seed11,1,0,meningioma,0.025504693710574986,0.9744274923642032,6.781392522178609e-05,1,glioma,0.9744274923642032,919d6f0fb3ca462983d6df6ec06846e41abd9645
mobilenet_v2,B,564,108514,image_level_seed11,1,0,meningioma,0.5593967866740531,0.44031420363538865,0.00028900969055819874,0,meningioma,0.5593967866740531,919d6f0fb3ca462983d6df6ec06846e41abd9645
mobilenet_v2,B,586,111077,image_level_seed11,1,0,meningioma,0.9862239091847298,0.011141452535322081,0.0026346382799480126,0,meningioma,0.9862239091847298,919d6f0fb3ca462983d6df6ec06846e41abd9645
mobilenet_v2,B,591,111366,image_level_seed11,1,0,meningioma,0.9995940421748017,0.00029731340561476834,0.00010864441958344687,0,meningioma,0.9995940421748017,919d6f0fb3ca462983d6df6ec06846e41abd9645
mobilenet_v2,B,592,111366,image_level_seed11,1,0,meningioma,0.9983630973030815,0.0013273661509653157,0.00030953654595327826,0,meningioma,0.9983630973030815,919d6f0fb3ca462983d6df6ec06846e41abd9645
mobilenet_v2,B,601,112002,image_level_seed11,1,0,meningioma,0.9975238819232227,0.0018560059309704635,0.0006201121458066342,0,meningioma,0.9975238819232227,919d6f0fb3ca462983d6df6ec06846e41abd9645
mobilenet_v2,B,603,112062,image_level_seed11,1,0,meningioma,0.9093695373831199,0.0906040635680144,2.6399048865607757e-05,0,meningioma,0.9093695373831199,919d6f0fb3ca462983d6df6ec06846e41abd9645
mobilenet_v2,B,619,112650,image_level_seed11,1,0,meningioma,0.7157160804634393,0.28413912947562514,0.00014479006093557505,0,meningioma,0.7157160804634393,919d6f0fb3ca462983d6df6ec06846e41abd9645
mobilenet_v2,B,628,113435,image_level_seed11,1,0,meningioma,0.9961002246267973,0.001483556177565899,0.002416219195636639,0,meningioma,0.9961002246267973,919d6f0fb3ca462983d6df6ec06846e41abd9645
mobilenet_v2,B,632,113554,image_level_seed11,1,0,meningioma,0.998997738576949,0.0003835307530018032,0.0006187306700492205,0,meningioma,0.998997738576949,919d6f0fb3ca462983d6df6ec06846e41abd9645
mobilenet_v2,B,635,113614,image_level_seed11,1,0,meningioma,0.980572504035277,0.019146221423200604,0.0002812745415223735,0,meningioma,0.980572504035277,919d6f0fb3ca462983d6df6ec06846e41abd9645
mobilenet_v2,B,646,114018,image_level_seed11,1,0,meningioma,0.996888027937579,0.00031279382377422484,0.0027991782386469002,0,meningioma,0.996888027937579,919d6f0fb3ca462983d6df6ec06846e41abd9645
mobilenet_v2,B,650,114359,image_level_seed11,1,0,meningioma,0.999738595330348,0.00020722669591313872,5.417797373900925e-05,0,meningioma,0.999738595330348,919d6f0fb3ca462983d6df6ec06846e41abd9645
mobilenet_v2,B,656,114417,image_level_seed11,1,0,meningioma,0.9992575291872192,0.0006909666188921068,5.150419388876629e-05,0,meningioma,0.9992575291872192,919d6f0fb3ca462983d6df6ec06846e41abd9645
mobilenet_v2,B,659,97374,image_level_seed11,1,0,meningioma,0.9532014640495717,0.04595544531089344,0.0008430906395346715,0,meningioma,0.9532014640495717,919d6f0fb3ca462983d6df6ec06846e41abd9645
mobilenet_v2,B,665,97607,image_level_seed11,1,0,meningioma,0.9943545218206932,0.005467295609514363,0.00017818256979267716,0,meningioma,0.9943545218206932,919d6f0fb3ca462983d6df6ec06846e41abd9645
mobilenet_v2,B,691,99089,image_level_seed11,1,0,meningioma,0.9979299778001391,0.0018856289776927285,0.0001843932221680938,0,meningioma,0.9979299778001391,919d6f0fb3ca462983d6df6ec06846e41abd9645
mobilenet_v2,B,692,99089,image_level_seed11,1,0,meningioma,0.9836908853279157,0.016224054504203052,8.506016788104393e-05,0,meningioma,0.9836908853279157,919d6f0fb3ca462983d6df6ec06846e41abd9645
mobilenet_v2,B,697,99308,image_level_seed11,1,0,meningioma,0.9992211710153474,0.0004310238252252622,0.0003478051594275522,0,meningioma,0.9992211710153474,919d6f0fb3ca462983d6df6ec06846e41abd9645
mobilenet_v2,B,700,99308,image_level_seed11,1,0,meningioma,0.9975376284380431,0.002458558093052816,3.81346890416421e-06,0,meningioma,0.9975376284380431,919d6f0fb3ca462983d6df6ec06846e41abd9645
mobilenet_v2,B,701,99308,image_level_seed11,1,0,meningioma,0.9992134878124721,0.0007629278959405783,2.3584291587514052e-05,0,meningioma,0.9992134878124721,919d6f0fb3ca462983d6df6ec06846e41abd9645
mobilenet_v2,B,707,99815,image_level_seed11,1,0,meningioma,0.9885908610790839,0.009206960418951868,0.0022021785019642574,0,meningioma,0.9885908610790839,919d6f0fb3ca462983d6df6ec06846e41abd9645
mobilenet_v2,B,710,105936,image_level_seed11,1,2,pituitary,3.466174258211419e-06,2.1910435941653576e-07,0.9999963147213824,2,pituitary,0.9999963147213824,919d6f0fb3ca462983d6df6ec06846e41abd9645
mobilenet_v2,B,715,100820,image_level_seed11,1,1,glioma,5.561696273773766e-05,0.9999382761492346,6.106888027675564e-06,1,glioma,0.9999382761492346,919d6f0fb3ca462983d6df6ec06846e41abd9645
mobilenet_v2,B,718,101020,image_level_seed11,1,1,glioma,0.015726679259451502,0.9831304081375553,0.0011429126029931964,1,glioma,0.9831304081375553,919d6f0fb3ca462983d6df6ec06846e41abd9645
mobilenet_v2,B,722,102075,image_level_seed11,1,1,glioma,0.006870423411672321,0.9611054192609215,0.032024157327406044,1,glioma,0.9611054192609215,919d6f0fb3ca462983d6df6ec06846e41abd9645
mobilenet_v2,B,724,102075,image_level_seed11,1,1,glioma,0.20532492459613955,0.7694156019488299,0.025259473455030653,1,glioma,0.7694156019488299,919d6f0fb3ca462983d6df6ec06846e41abd9645
mobilenet_v2,B,725,103148,image_level_seed11,1,1,glioma,0.00010518474030785152,0.9998946062914413,2.0896825076942557e-07,1,glioma,0.9998946062914413,919d6f0fb3ca462983d6df6ec06846e41abd9645
mobilenet_v2,B,726,103148,image_level_seed11,1,1,glioma,4.656937777895765e-05,0.999925190650977,2.8239971244243866e-05,1,glioma,0.999925190650977,919d6f0fb3ca462983d6df6ec06846e41abd9645
mobilenet_v2,B,734,106494,image_level_seed11,1,1,glioma,0.07134510957359974,0.9261627101188453,0.00249218030755488,1,glioma,0.9261627101188453,919d6f0fb3ca462983d6df6ec06846e41abd9645
mobilenet_v2,B,745,112105,image_level_seed11,1,1,glioma,2.4794611037414206e-05,0.9999396042832405,3.5601105722045986e-05,1,glioma,0.9999396042832405,919d6f0fb3ca462983d6df6ec06846e41abd9645
mobilenet_v2,B,761,102075,image_level_seed11,1,1,glioma,0.3766653907770904,0.6131175024395047,0.010217106783404952,1,glioma,0.6131175024395047,919d6f0fb3ca462983d6df6ec06846e41abd9645
mobilenet_v2,B,767,103148,image_level_seed11,1,1,glioma,0.25213503915949365,0.7477045105964707,0.00016045024403565052,1,glioma,0.7477045105964707,919d6f0fb3ca462983d6df6ec06846e41abd9645
mobilenet_v2,B,769,106494,image_level_seed11,1,1,glioma,0.06542156398695961,0.9336270159987768,0.0009514200142636486,1,glioma,0.9336270159987768,919d6f0fb3ca462983d6df6ec06846e41abd9645
mobilenet_v2,B,773,107747,image_level_seed11,1,1,glioma,0.002413155318370376,0.9971434780444869,0.00044336663714290413,1,glioma,0.9971434780444869,919d6f0fb3ca462983d6df6ec06846e41abd9645
mobilenet_v2,B,777,107747,image_level_seed11,1,1,glioma,0.002919432273325103,0.9969991941031777,8.1373623497124e-05,1,glioma,0.9969991941031777,919d6f0fb3ca462983d6df6ec06846e41abd9645
mobilenet_v2,B,780,112027,image_level_seed11,1,1,glioma,0.0009407549626450041,0.9990410540825623,1.8190954792630047e-05,1,glioma,0.9990410540825623,919d6f0fb3ca462983d6df6ec06846e41abd9645
mobilenet_v2,B,788,112105,image_level_seed11,1,1,glioma,0.05317666283878707,0.9463689037955314,0.000454433365681526,1,glioma,0.9463689037955314,919d6f0fb3ca462983d6df6ec06846e41abd9645
mobilenet_v2,B,789,112105,image_level_seed11,1,1,glioma,0.0008693367179939187,0.9991049073822617,2.5755899744576725e-05,1,glioma,0.9991049073822617,919d6f0fb3ca462983d6df6ec06846e41abd9645
mobilenet_v2,B,792,88670,image_level_seed11,1,1,glioma,0.00035989631760118267,0.9992900810626208,0.0003500226197780599,1,glioma,0.9992900810626208,919d6f0fb3ca462983d6df6ec06846e41abd9645
mobilenet_v2,B,799,90284,image_level_seed11,1,1,glioma,3.5438543892568416e-05,0.9997446330740761,0.00021992838203133068,1,glioma,0.9997446330740761,919d6f0fb3ca462983d6df6ec06846e41abd9645
mobilenet_v2,B,809,93825,image_level_seed11,1,1,glioma,6.705734983172397e-05,0.9998909365505091,4.20060996591612e-05,1,glioma,0.9998909365505091,919d6f0fb3ca462983d6df6ec06846e41abd9645
mobilenet_v2,B,810,93825,image_level_seed11,1,1,glioma,0.00017143923487411116,0.999752696928801,7.586383632491378e-05,1,glioma,0.999752696928801,919d6f0fb3ca462983d6df6ec06846e41abd9645
mobilenet_v2,B,811,93825,image_level_seed11,1,1,glioma,0.002997005345739659,0.9966142161216711,0.0003887785325892336,1,glioma,0.9966142161216711,919d6f0fb3ca462983d6df6ec06846e41abd9645
mobilenet_v2,B,814,97609,image_level_seed11,1,1,glioma,0.00023891747650726076,0.9997510741726661,1.0008350826564263e-05,1,glioma,0.9997510741726661,919d6f0fb3ca462983d6df6ec06846e41abd9645
mobilenet_v2,B,821,100416,image_level_seed11,1,1,glioma,2.892315109660146e-05,0.9999493787437063,2.1698105197166216e-05,1,glioma,0.9999493787437063,919d6f0fb3ca462983d6df6ec06846e41abd9645
mobilenet_v2,B,823,100820,image_level_seed11,1,1,glioma,0.024982169599440142,0.975003654549575,1.4175850984872339e-05,1,glioma,0.975003654549575,919d6f0fb3ca462983d6df6ec06846e41abd9645
mobilenet_v2,B,827,100820,image_level_seed11,1,1,glioma,0.8218718440037557,0.1772268687656134,0.0009012872306307254,0,meningioma,0.8218718440037557,919d6f0fb3ca462983d6df6ec06846e41abd9645
mobilenet_v2,B,832,101020,image_level_seed11,1,1,glioma,0.0008465896265319055,0.9991456590096867,7.751363781280457e-06,1,glioma,0.9991456590096867,919d6f0fb3ca462983d6df6ec06846e41abd9645
mobilenet_v2,B,834,101384,image_level_seed11,1,1,glioma,0.008182091728577513,0.9917920610990432,2.5847172379150726e-05,1,glioma,0.9917920610990432,919d6f0fb3ca462983d6df6ec06846e41abd9645
mobilenet_v2,B,839,102075,image_level_seed11,1,1,glioma,0.04402521093584879,0.9541482878968989,0.0018265011672523874,1,glioma,0.9541482878968989,919d6f0fb3ca462983d6df6ec06846e41abd9645
mobilenet_v2,B,848,106494,image_level_seed11,1,1,glioma,0.00012755440180078431,0.9998590836743344,1.3361923864860417e-05,1,glioma,0.9998590836743344,919d6f0fb3ca462983d6df6ec06846e41abd9645
mobilenet_v2,B,849,106494,image_level_seed11,1,1,glioma,1.563989026884851e-05,0.9999829825496362,1.3775600949638329e-06,1,glioma,0.9999829825496362,919d6f0fb3ca462983d6df6ec06846e41abd9645
mobilenet_v2,B,851,106494,image_level_seed11,1,1,glioma,0.0001480378243322418,0.9997771115586974,7.485061697029156e-05,1,glioma,0.9997771115586974,919d6f0fb3ca462983d6df6ec06846e41abd9645
mobilenet_v2,B,858,108479,image_level_seed11,1,1,glioma,0.0035873265314241135,0.996109121445489,0.00030355202308695857,1,glioma,0.996109121445489,919d6f0fb3ca462983d6df6ec06846e41abd9645
mobilenet_v2,B,866,88670,image_level_seed11,1,1,glioma,0.00035944010081358533,0.9996195829944735,2.0976904712990888e-05,1,glioma,0.9996195829944735,919d6f0fb3ca462983d6df6ec06846e41abd9645
mobilenet_v2,B,880,90284,image_level_seed11,1,1,glioma,2.724773063256651e-05,0.999919583274144,5.316899522352813e-05,1,glioma,0.999919583274144,919d6f0fb3ca462983d6df6ec06846e41abd9645
mobilenet_v2,B,890,93825,image_level_seed11,1,1,glioma,0.00013504387571949803,0.9998193853129211,4.557081135931185e-05,1,glioma,0.9998193853129211,919d6f0fb3ca462983d6df6ec06846e41abd9645
mobilenet_v2,B,892,94731,image_level_seed11,1,1,glioma,0.0070211175050828144,0.9914796381265022,0.0014992443684149492,1,glioma,0.9914796381265022,919d6f0fb3ca462983d6df6ec06846e41abd9645
mobilenet_v2,B,897,95142,image_level_seed11,1,1,glioma,0.002623710151099504,0.9970214941363199,0.00035479571258049627,1,glioma,0.9970214941363199,919d6f0fb3ca462983d6df6ec06846e41abd9645
mobilenet_v2,B,898,95142,image_level_seed11,1,1,glioma,0.00019051609161429203,0.9995502726784079,0.000259211229977634,1,glioma,0.9995502726784079,919d6f0fb3ca462983d6df6ec06846e41abd9645
mobilenet_v2,B,905,96587,image_level_seed11,1,1,glioma,1.1458770752077966e-05,0.9999870079944114,1.5332348364289914e-06,1,glioma,0.9999870079944114,919d6f0fb3ca462983d6df6ec06846e41abd9645
mobilenet_v2,B,909,97609,image_level_seed11,1,1,glioma,2.846655194372938e-07,0.9999997121432123,3.191268260591708e-09,1,glioma,0.9999997121432123,919d6f0fb3ca462983d6df6ec06846e41abd9645
mobilenet_v2,B,911,97609,image_level_seed11,1,1,glioma,5.272198240905751e-05,0.9999470596925263,2.1832506453418446e-07,1,glioma,0.9999470596925263,919d6f0fb3ca462983d6df6ec06846e41abd9645
mobilenet_v2,B,915,98889,image_level_seed11,1,1,glioma,6.28548853075985e-05,0.9998517202568967,8.54248577956335e-05,1,glioma,0.9998517202568967,919d6f0fb3ca462983d6df6ec06846e41abd9645
mobilenet_v2,B,916,98889,image_level_seed11,1,1,glioma,1.588023816719905e-05,0.999972305728159,1.181403367365509e-05,1,glioma,0.999972305728159,919d6f0fb3ca462983d6df6ec06846e41abd9645
mobilenet_v2,B,924,106062,image_level_seed11,1,2,pituitary,0.00017463386883213828,0.0008167312695118577,0.9990086348616559,2,pituitary,0.9990086348616559,919d6f0fb3ca462983d6df6ec06846e41abd9645
mobilenet_v2,B,932,107495,image_level_seed11,1,2,pituitary,0.0004707033668875001,6.551189924116028e-05,0.9994637847338713,2,pituitary,0.9994637847338713,919d6f0fb3ca462983d6df6ec06846e41abd9645
mobilenet_v2,B,938,107429,image_level_seed11,1,2,pituitary,0.0003122803861321234,0.0014117470117958008,0.9982759726020721,2,pituitary,0.9982759726020721,919d6f0fb3ca462983d6df6ec06846e41abd9645
mobilenet_v2,B,941,107505,image_level_seed11,1,2,pituitary,0.0003802188063302034,0.001967289465450899,0.9976524917282188,2,pituitary,0.9976524917282188,919d6f0fb3ca462983d6df6ec06846e41abd9645
mobilenet_v2,B,946,107743,image_level_seed11,1,2,pituitary,0.0001729860664803309,5.447788113054468e-06,0.9998215661454067,2,pituitary,0.9998215661454067,919d6f0fb3ca462983d6df6ec06846e41abd9645
mobilenet_v2,B,948,107743,image_level_seed11,1,2,pituitary,0.0003126046489255033,0.00012559678767974154,0.9995617985633948,2,pituitary,0.9995617985633948,919d6f0fb3ca462983d6df6ec06846e41abd9645
mobilenet_v2,B,950,108858,image_level_seed11,1,2,pituitary,0.0010404460897772483,5.8135045160226394e-05,0.9989014188650626,2,pituitary,0.9989014188650626,919d6f0fb3ca462983d6df6ec06846e41abd9645
mobilenet_v2,B,952,108858,image_level_seed11,1,2,pituitary,0.001182150406712393,0.0014489249092250504,0.9973689246840626,2,pituitary,0.9973689246840626,919d6f0fb3ca462983d6df6ec06846e41abd9645
mobilenet_v2,B,958,109471,image_level_seed11,1,2,pituitary,0.004638511026158706,0.00012109837976505882,0.9952403905940763,2,pituitary,0.9952403905940763,919d6f0fb3ca462983d6df6ec06846e41abd9645
mobilenet_v2,B,961,109471,image_level_seed11,1,2,pituitary,0.006940470307848616,6.844714617528117e-05,0.9929910825459761,2,pituitary,0.9929910825459761,919d6f0fb3ca462983d6df6ec06846e41abd9645
mobilenet_v2,B,965,109769,image_level_seed11,1,2,pituitary,1.8859760179582466e-05,3.601408940697375e-05,0.9999451261504134,2,pituitary,0.9999451261504134,919d6f0fb3ca462983d6df6ec06846e41abd9645
mobilenet_v2,B,974,110537,image_level_seed11,1,2,pituitary,8.834965287668548e-05,5.9497052863133165e-05,0.9998521532942602,2,pituitary,0.9998521532942602,919d6f0fb3ca462983d6df6ec06846e41abd9645
mobilenet_v2,B,978,110993,image_level_seed11,1,2,pituitary,0.0002711208215097202,0.0010505753262935904,0.9986783038521966,2,pituitary,0.9986783038521966,919d6f0fb3ca462983d6df6ec06846e41abd9645
mobilenet_v2,B,982,111075,image_level_seed11,1,2,pituitary,2.6299687041595046e-05,3.269998281982621e-06,0.9999704303146764,2,pituitary,0.9999704303146764,919d6f0fb3ca462983d6df6ec06846e41abd9645
mobilenet_v2,B,985,111075,image_level_seed11,1,2,pituitary,0.00016003918823433036,6.004250452183769e-05,0.9997799183072439,2,pituitary,0.9997799183072439,919d6f0fb3ca462983d6df6ec06846e41abd9645
mobilenet_v2,B,991,111785,image_level_seed11,1,2,pituitary,3.223164461435408e-05,3.7259945428858516e-05,0.9999305084099568,2,pituitary,0.9999305084099568,919d6f0fb3ca462983d6df6ec06846e41abd9645
mobilenet_v2,B,995,112074,image_level_seed11,1,2,pituitary,0.45851218119059506,0.09687045591481047,0.4446173628945945,0,meningioma,0.45851218119059506,919d6f0fb3ca462983d6df6ec06846e41abd9645
mobilenet_v2,B,996,112074,image_level_seed11,1,2,pituitary,0.1277705850244759,0.07115786066609395,0.8010715543094301,2,pituitary,0.8010715543094301,919d6f0fb3ca462983d6df6ec06846e41abd9645
mobilenet_v2,B,997,112074,image_level_seed11,1,2,pituitary,0.10829246573842645,0.4687647325406736,0.42294280172089993,1,glioma,0.4687647325406736,919d6f0fb3ca462983d6df6ec06846e41abd9645
mobilenet_v2,B,999,112649,image_level_seed11,1,2,pituitary,0.0022980002160952915,0.001228402299363292,0.9964735974845415,2,pituitary,0.9964735974845415,919d6f0fb3ca462983d6df6ec06846e41abd9645
mobilenet_v2,B,1002,112649,image_level_seed11,1,2,pituitary,0.0010322363354588152,0.0008438332084053854,0.9981239304561357,2,pituitary,0.9981239304561357,919d6f0fb3ca462983d6df6ec06846e41abd9645
mobilenet_v2,B,1008,112847,image_level_seed11,1,2,pituitary,0.00013123242621554144,0.00025956152385785776,0.9996092060499266,2,pituitary,0.9996092060499266,919d6f0fb3ca462983d6df6ec06846e41abd9645
mobilenet_v2,B,1015,114040,image_level_seed11,1,2,pituitary,0.012412688538660913,0.003964124036849262,0.9836231874244898,2,pituitary,0.9836231874244898,919d6f0fb3ca462983d6df6ec06846e41abd9645
mobilenet_v2,B,1021,114094,image_level_seed11,1,2,pituitary,0.01605452626229215,0.0031421827529601884,0.9808032909847477,2,pituitary,0.9808032909847477,919d6f0fb3ca462983d6df6ec06846e41abd9645
mobilenet_v2,B,1032,101029,image_level_seed11,1,2,pituitary,3.314075843965572e-05,0.0009417961173976434,0.9990250631241627,2,pituitary,0.9990250631241627,919d6f0fb3ca462983d6df6ec06846e41abd9645
mobilenet_v2,B,1034,105936,image_level_seed11,1,2,pituitary,8.664351588219282e-05,0.00015233186647644869,0.9997610246176413,2,pituitary,0.9997610246176413,919d6f0fb3ca462983d6df6ec06846e41abd9645
mobilenet_v2,B,1044,107495,image_level_seed11,1,2,pituitary,2.1277288794309023e-05,8.158357226512076e-06,0.9999705643539792,2,pituitary,0.9999705643539792,919d6f0fb3ca462983d6df6ec06846e41abd9645
mobilenet_v2,B,1047,107429,image_level_seed11,1,2,pituitary,0.0023953835158804547,0.0021758811768101773,0.9954287353073092,2,pituitary,0.9954287353073092,919d6f0fb3ca462983d6df6ec06846e41abd9645
mobilenet_v2,B,1048,107429,image_level_seed11,1,2,pituitary,0.0008564518779910468,2.2206483296849678e-05,0.999121341638712,2,pituitary,0.999121341638712,919d6f0fb3ca462983d6df6ec06846e41abd9645
mobilenet_v2,B,1055,107505,image_level_seed11,1,2,pituitary,0.0001337314164805132,8.712471948758919e-05,0.9997791438640318,2,pituitary,0.9997791438640318,919d6f0fb3ca462983d6df6ec06846e41abd9645
mobilenet_v2,B,1056,107505,image_level_seed11,1,2,pituitary,0.0013811863679442106,0.00016251357380603988,0.9984563000582497,2,pituitary,0.9984563000582497,919d6f0fb3ca462983d6df6ec06846e41abd9645
mobilenet_v2,B,1057,107505,image_level_seed11,1,2,pituitary,0.0017339541204769381,0.0003732644387728718,0.9978927814407501,2,pituitary,0.9978927814407501,919d6f0fb3ca462983d6df6ec06846e41abd9645
mobilenet_v2,B,1063,107743,image_level_seed11,1,2,pituitary,0.0006348399089125202,1.2165446357677138e-05,0.9993529946447298,2,pituitary,0.9993529946447298,919d6f0fb3ca462983d6df6ec06846e41abd9645
mobilenet_v2,B,1065,108858,image_level_seed11,1,2,pituitary,0.0005529039307517003,0.004437241039885908,0.9950098550293623,2,pituitary,0.9950098550293623,919d6f0fb3ca462983d6df6ec06846e41abd9645
mobilenet_v2,B,1066,108858,image_level_seed11,1,2,pituitary,0.0002226862102946284,0.0004589793497572498,0.9993183344399481,2,pituitary,0.9993183344399481,919d6f0fb3ca462983d6df6ec06846e41abd9645
mobilenet_v2,B,1077,109471,image_level_seed11,1,2,pituitary,5.188167089686433e-05,0.0001770041162833993,0.9997711142128198,2,pituitary,0.9997711142128198,919d6f0fb3ca462983d6df6ec06846e41abd9645
mobilenet_v2,B,1079,109471,image_level_seed11,1,2,pituitary,0.00011025997092612463,0.0003248997878987059,0.9995648402411752,2,pituitary,0.9995648402411752,919d6f0fb3ca462983d6df6ec06846e41abd9645
mobilenet_v2,B,1081,109471,image_level_seed11,1,2,pituitary,0.0001984493822066599,0.0021931239335387424,0.9976084266842546,2,pituitary,0.9976084266842546,919d6f0fb3ca462983d6df6ec06846e41abd9645
mobilenet_v2,B,1095,110518,image_level_seed11,1,2,pituitary,0.0011701526585991427,5.00247126580375e-05,0.9987798226287428,2,pituitary,0.9987798226287428,919d6f0fb3ca462983d6df6ec06846e41abd9645
mobilenet_v2,B,1101,110537,image_level_seed11,1,2,pituitary,0.001584091544912957,0.00044951835715011557,0.9979663900979369,2,pituitary,0.9979663900979369,919d6f0fb3ca462983d6df6ec06846e41abd9645
mobilenet_v2,B,1104,110537,image_level_seed11,1,2,pituitary,0.0005882977599877305,9.576373653384293e-06,0.999402125866359,2,pituitary,0.999402125866359,919d6f0fb3ca462983d6df6ec06846e41abd9645
mobilenet_v2,B,1106,110537,image_level_seed11,1,2,pituitary,0.30149341848252653,0.001027223454529282,0.6974793580629441,2,pituitary,0.6974793580629441,919d6f0fb3ca462983d6df6ec06846e41abd9645
mobilenet_v2,B,1111,110993,image_level_seed11,1,2,pituitary,4.763567819657628e-05,1.1887173250256648e-05,0.9999404771485533,2,pituitary,0.9999404771485533,919d6f0fb3ca462983d6df6ec06846e41abd9645
mobilenet_v2,B,1118,111125,image_level_seed11,1,2,pituitary,3.276099309779276e-06,4.295586334113553e-06,0.999992428314356,2,pituitary,0.999992428314356,919d6f0fb3ca462983d6df6ec06846e41abd9645
mobilenet_v2,B,1119,111125,image_level_seed11,1,2,pituitary,4.852997132262999e-06,7.392809152395717e-06,0.9999877541937154,2,pituitary,0.9999877541937154,919d6f0fb3ca462983d6df6ec06846e41abd9645
mobilenet_v2,B,1120,111125,image_level_seed11,1,2,pituitary,6.171371543411186e-06,2.6078353287469247e-06,0.9999912207931277,2,pituitary,0.9999912207931277,919d6f0fb3ca462983d6df6ec06846e41abd9645
mobilenet_v2,B,1128,111785,image_level_seed11,1,2,pituitary,0.0004742796889103005,0.0008850964910578961,0.9986406238200318,2,pituitary,0.9986406238200318,919d6f0fb3ca462983d6df6ec06846e41abd9645
mobilenet_v2,B,1134,112649,image_level_seed11,1,2,pituitary,0.00029646051169622886,0.0002728209870369678,0.9994307185012669,2,pituitary,0.9994307185012669,919d6f0fb3ca462983d6df6ec06846e41abd9645
mobilenet_v2,B,1138,112649,image_level_seed11,1,2,pituitary,0.0007872904770404708,0.0014313457283492996,0.9977813637946101,2,pituitary,0.9977813637946101,919d6f0fb3ca462983d6df6ec06846e41abd9645
mobilenet_v2,B,1144,112847,image_level_seed11,1,2,pituitary,6.797360528109958e-05,7.963790504019096e-06,0.999924062604215,2,pituitary,0.999924062604215,919d6f0fb3ca462983d6df6ec06846e41abd9645
mobilenet_v2,B,1157,114361,image_level_seed11,1,2,pituitary,0.00018247437355001383,0.00012792669131044115,0.9996895989351394,2,pituitary,0.9996895989351394,919d6f0fb3ca462983d6df6ec06846e41abd9645
mobilenet_v2,B,1159,114361,image_level_seed11,1,2,pituitary,3.46847933817595e-05,0.00012294909821612644,0.999842366108402,2,pituitary,0.999842366108402,919d6f0fb3ca462983d6df6ec06846e41abd9645
mobilenet_v2,B,1160,114361,image_level_seed11,1,2,pituitary,6.838161157465616e-05,0.00026768194433563175,0.9996639364440897,2,pituitary,0.9996639364440897,919d6f0fb3ca462983d6df6ec06846e41abd9645
mobilenet_v2,B,1164,114094,image_level_seed11,1,2,pituitary,0.0014543580278458092,0.0013350229377334345,0.9972106190344207,2,pituitary,0.9972106190344207,919d6f0fb3ca462983d6df6ec06846e41abd9645
mobilenet_v2,B,1165,114094,image_level_seed11,1,2,pituitary,0.002004585633882593,0.001339078430265684,0.9966563359358518,2,pituitary,0.9966563359358518,919d6f0fb3ca462983d6df6ec06846e41abd9645
mobilenet_v2,B,1166,105936,image_level_seed11,1,2,pituitary,3.081728159000447e-05,4.640269745191779e-05,0.9999227800209581,2,pituitary,0.9999227800209581,919d6f0fb3ca462983d6df6ec06846e41abd9645
mobilenet_v2,B,1172,106062,image_level_seed11,1,2,pituitary,0.0012532094040791867,0.00028972552973564864,0.9984570650661853,2,pituitary,0.9984570650661853,919d6f0fb3ca462983d6df6ec06846e41abd9645
mobilenet_v2,B,1174,106062,image_level_seed11,1,2,pituitary,8.537755247693966e-05,1.3151134453021464e-05,0.99990147131307,2,pituitary,0.99990147131307,919d6f0fb3ca462983d6df6ec06846e41abd9645
mobilenet_v2,B,1180,107495,image_level_seed11,1,2,pituitary,0.0003241041845049623,0.0006224586687411742,0.9990534371467539,2,pituitary,0.9990534371467539,919d6f0fb3ca462983d6df6ec06846e41abd9645
mobilenet_v2,B,1189,107505,image_level_seed11,1,2,pituitary,2.8421323288062995e-05,0.00017989487401152813,0.9997916838027004,2,pituitary,0.9997916838027004,919d6f0fb3ca462983d6df6ec06846e41abd9645
mobilenet_v2,B,1191,107505,image_level_seed11,1,2,pituitary,0.00019547674451888985,0.004041791728124365,0.9957627315273567,2,pituitary,0.9957627315273567,919d6f0fb3ca462983d6df6ec06846e41abd9645
mobilenet_v2,B,1195,107743,image_level_seed11,1,2,pituitary,6.90902694258753e-05,6.101199638556425e-05,0.9998698977341886,2,pituitary,0.9998698977341886,919d6f0fb3ca462983d6df6ec06846e41abd9645
mobilenet_v2,B,1198,108858,image_level_seed11,1,2,pituitary,0.00023341514903150394,0.0021096909515592134,0.9976568938994091,2,pituitary,0.9976568938994091,919d6f0fb3ca462983d6df6ec06846e41abd9645
mobilenet_v2,B,1201,108858,image_level_seed11,1,2,pituitary,0.000283627829574507,7.08428465203839e-05,0.9996455293239052,2,pituitary,0.9996455293239052,919d6f0fb3ca462983d6df6ec06846e41abd9645
mobilenet_v2,B,1202,108858,image_level_seed11,1,2,pituitary,0.0005556316299601904,0.001486065929858379,0.9979583024401816,2,pituitary,0.9979583024401816,919d6f0fb3ca462983d6df6ec06846e41abd9645
mobilenet_v2,B,1211,109471,image_level_seed11,1,2,pituitary,5.008964178481797e-05,0.00010474893954607662,0.9998451614186691,2,pituitary,0.9998451614186691,919d6f0fb3ca462983d6df6ec06846e41abd9645
mobilenet_v2,B,1213,109471,image_level_seed11,1,2,pituitary,3.962155813297118e-05,7.45178783212342e-05,0.9998858605635457,2,pituitary,0.9998858605635457,919d6f0fb3ca462983d6df6ec06846e41abd9645
mobilenet_v2,B,1214,109769,image_level_seed11,1,2,pituitary,8.873712151833126e-05,2.6108384191002554e-05,0.9998851544942907,2,pituitary,0.9998851544942907,919d6f0fb3ca462983d6df6ec06846e41abd9645
mobilenet_v2,B,1221,109898,image_level_seed11,1,2,pituitary,3.906589164853441e-05,0.032170319207232005,0.9677906149011195,2,pituitary,0.9677906149011195,919d6f0fb3ca462983d6df6ec06846e41abd9645
mobilenet_v2,B,1228,110537,image_level_seed11,1,2,pituitary,0.000146428130104474,4.15453665206936e-06,0.9998494173332434,2,pituitary,0.9998494173332434,919d6f0fb3ca462983d6df6ec06846e41abd9645
mobilenet_v2,B,1232,110993,image_level_seed11,1,2,pituitary,1.8390512044822058e-06,9.692896113272753e-06,0.9999884680526822,2,pituitary,0.9999884680526822,919d6f0fb3ca462983d6df6ec06846e41abd9645
mobilenet_v2,B,1234,111075,image_level_seed11,1,2,pituitary,0.0002522248869918854,0.0005224048467423754,0.9992253702662658,2,pituitary,0.9992253702662658,919d6f0fb3ca462983d6df6ec06846e41abd9645
mobilenet_v2,B,1246,112074,image_level_seed11,1,2,pituitary,0.06532503556209371,0.023375019239422413,0.911299945198484,2,pituitary,0.911299945198484,919d6f0fb3ca462983d6df6ec06846e41abd9645
mobilenet_v2,B,1253,112649,image_level_seed11,1,2,pituitary,0.0027294997553698208,0.0018936778037550717,0.995376822440875,2,pituitary,0.995376822440875,919d6f0fb3ca462983d6df6ec06846e41abd9645
mobilenet_v2,B,1255,112649,image_level_seed11,1,2,pituitary,0.00019728804712772777,9.148205243745675e-05,0.9997112299004347,2,pituitary,0.9997112299004347,919d6f0fb3ca462983d6df6ec06846e41abd9645
mobilenet_v2,B,1256,112746,image_level_seed11,1,2,pituitary,5.1465880663400524e-05,1.327414564134269e-05,0.9999352599736951,2,pituitary,0.9999352599736951,919d6f0fb3ca462983d6df6ec06846e41abd9645
mobilenet_v2,B,1261,112847,image_level_seed11,1,2,pituitary,0.00010323801796153317,1.277416093772735e-05,0.9998839878211008,2,pituitary,0.9998839878211008,919d6f0fb3ca462983d6df6ec06846e41abd9645
mobilenet_v2,B,1262,112847,image_level_seed11,1,2,pituitary,0.0017998729531799218,0.000509803258601987,0.9976903237882182,2,pituitary,0.9976903237882182,919d6f0fb3ca462983d6df6ec06846e41abd9645
mobilenet_v2,B,1263,112847,image_level_seed11,1,2,pituitary,0.0008815789891605715,0.0033669299044369197,0.9957514911064025,2,pituitary,0.9957514911064025,919d6f0fb3ca462983d6df6ec06846e41abd9645
mobilenet_v2,B,1265,112847,image_level_seed11,1,2,pituitary,7.579176620038793e-05,0.00033607408800848294,0.9995881341457911,2,pituitary,0.9995881341457911,919d6f0fb3ca462983d6df6ec06846e41abd9645
mobilenet_v2,B,1271,113741,image_level_seed11,1,2,pituitary,2.068283297634509e-05,2.96307311406257e-06,0.9999763540939095,2,pituitary,0.9999763540939095,919d6f0fb3ca462983d6df6ec06846e41abd9645
mobilenet_v2,B,1272,113741,image_level_seed11,1,2,pituitary,3.868383954526691e-06,1.3831285445900217e-05,0.9999823003305996,2,pituitary,0.9999823003305996,919d6f0fb3ca462983d6df6ec06846e41abd9645
mobilenet_v2,B,1278,114361,image_level_seed11,1,2,pituitary,7.09627301021183e-05,3.136667232996693e-05,0.9998976705975678,2,pituitary,0.9998976705975678,919d6f0fb3ca462983d6df6ec06846e41abd9645
mobilenet_v2,B,1279,114094,image_level_seed11,1,2,pituitary,3.0961894830263703e-05,0.009057896742703688,0.9909111413624662,2,pituitary,0.9909111413624662,919d6f0fb3ca462983d6df6ec06846e41abd9645
mobilenet_v2,B,1281,114094,image_level_seed11,1,2,pituitary,0.00011974844105451086,0.0004347261572878198,0.9994455254016577,2,pituitary,0.9994455254016577,919d6f0fb3ca462983d6df6ec06846e41abd9645
mobilenet_v2,B,1288,101145,image_level_seed11,1,2,pituitary,7.444804866332214e-05,1.1346873134446438e-06,0.9999244172640233,2,pituitary,0.9999244172640233,919d6f0fb3ca462983d6df6ec06846e41abd9645
mobilenet_v2,B,1291,101305,image_level_seed11,1,2,pituitary,0.00026362999406050815,0.00020097954019519018,0.9995353904657444,2,pituitary,0.9995353904657444,919d6f0fb3ca462983d6df6ec06846e41abd9645
mobilenet_v2,B,1300,102648,image_level_seed11,1,2,pituitary,0.003977199608167947,0.01952354299227127,0.9764992573995608,2,pituitary,0.9764992573995608,919d6f0fb3ca462983d6df6ec06846e41abd9645
mobilenet_v2,B,1303,103046,image_level_seed11,1,2,pituitary,3.0045796082282124e-05,5.090316597627891e-05,0.9999190510379415,2,pituitary,0.9999190510379415,919d6f0fb3ca462983d6df6ec06846e41abd9645
mobilenet_v2,B,1306,103257,image_level_seed11,1,2,pituitary,0.00011057725920070605,2.5367909612810573e-05,0.9998640548311865,2,pituitary,0.9998640548311865,919d6f0fb3ca462983d6df6ec06846e41abd9645
mobilenet_v2,B,1308,103257,image_level_seed11,1,2,pituitary,0.00019954251617018942,2.03964814177658e-05,0.999780061002412,2,pituitary,0.999780061002412,919d6f0fb3ca462983d6df6ec06846e41abd9645
mobilenet_v2,B,1311,103478,image_level_seed11,1,2,pituitary,0.016469285422766797,0.00041778259206649035,0.9831129319851668,2,pituitary,0.9831129319851668,919d6f0fb3ca462983d6df6ec06846e41abd9645
mobilenet_v2,B,1322,103582,image_level_seed11,1,2,pituitary,0.0010689314245896535,0.0005937202586603473,0.99833734831675,2,pituitary,0.99833734831675,919d6f0fb3ca462983d6df6ec06846e41abd9645
mobilenet_v2,B,1328,103671,image_level_seed11,1,2,pituitary,0.0003181807950666139,0.0006710263458505255,0.9990107928590829,2,pituitary,0.9990107928590829,919d6f0fb3ca462983d6df6ec06846e41abd9645
mobilenet_v2,B,1330,103731,image_level_seed11,1,2,pituitary,8.451477620769252e-05,2.2793852032816913e-05,0.9998926913717595,2,pituitary,0.9998926913717595,919d6f0fb3ca462983d6df6ec06846e41abd9645
mobilenet_v2,B,1331,103731,image_level_seed11,1,2,pituitary,0.0016263816435370874,0.0003623296502281735,0.9980112887062348,2,pituitary,0.9980112887062348,919d6f0fb3ca462983d6df6ec06846e41abd9645
mobilenet_v2,B,1333,103731,image_level_seed11,1,2,pituitary,0.0003758871710236257,0.000638673532470929,0.9989854392965054,2,pituitary,0.9989854392965054,919d6f0fb3ca462983d6df6ec06846e41abd9645
mobilenet_v2,B,1335,103731,image_level_seed11,1,2,pituitary,0.0003562655549871921,0.0013596359483466318,0.9982840984966663,2,pituitary,0.9982840984966663,919d6f0fb3ca462983d6df6ec06846e41abd9645
mobilenet_v2,B,1337,103731,image_level_seed11,1,2,pituitary,0.007785668680066152,0.02352068586835178,0.9686936454515821,2,pituitary,0.9686936454515821,919d6f0fb3ca462983d6df6ec06846e41abd9645
mobilenet_v2,B,1338,103731,image_level_seed11,1,2,pituitary,0.009368264218391023,0.005880364442572123,0.9847513713390369,2,pituitary,0.9847513713390369,919d6f0fb3ca462983d6df6ec06846e41abd9645
mobilenet_v2,B,1353,104558,image_level_seed11,1,2,pituitary,0.00037973563352560824,0.00011966168351520765,0.9995006026829591,2,pituitary,0.9995006026829591,919d6f0fb3ca462983d6df6ec06846e41abd9645
mobilenet_v2,B,1365,104684,image_level_seed11,1,2,pituitary,6.994993083996222e-05,2.201734598710436e-05,0.9999080327231729,2,pituitary,0.9999080327231729,919d6f0fb3ca462983d6df6ec06846e41abd9645
mobilenet_v2,B,1366,104684,image_level_seed11,1,2,pituitary,0.00017004221162875496,0.0001877447194997557,0.9996422130688715,2,pituitary,0.9996422130688715,919d6f0fb3ca462983d6df6ec06846e41abd9645
mobilenet_v2,B,1395,97461,image_level_seed11,1,2,pituitary,0.0360344833913218,3.3304294952826674e-05,0.9639322123137253,2,pituitary,0.9639322123137253,919d6f0fb3ca462983d6df6ec06846e41abd9645
mobilenet_v2,B,1397,97461,image_level_seed11,1,2,pituitary,6.716781231307267e-05,3.0804536102969226e-05,0.9999020276515839,2,pituitary,0.9999020276515839,919d6f0fb3ca462983d6df6ec06846e41abd9645
mobilenet_v2,B,1402,97461,image_level_seed11,1,2,pituitary,0.00011075554584978338,3.087708726568301e-05,0.9998583673668845,2,pituitary,0.9998583673668845,919d6f0fb3ca462983d6df6ec06846e41abd9645
mobilenet_v2,B,1403,97461,image_level_seed11,1,2,pituitary,5.248247186446167e-06,3.8410878707402156e-05,0.9999563408741061,2,pituitary,0.9999563408741061,919d6f0fb3ca462983d6df6ec06846e41abd9645
mobilenet_v2,B,1407,97481,image_level_seed11,1,2,pituitary,3.158255850768675e-05,8.956013090270667e-05,0.9998788573105896,2,pituitary,0.9998788573105896,919d6f0fb3ca462983d6df6ec06846e41abd9645
mobilenet_v2,B,1414,98472,image_level_seed11,1,2,pituitary,0.0005789168985615279,5.669626730104439e-05,0.9993643868341374,2,pituitary,0.9993643868341374,919d6f0fb3ca462983d6df6ec06846e41abd9645
mobilenet_v2,B,1416,98472,image_level_seed11,1,2,pituitary,7.710570812887025e-05,0.0004512356180341097,0.999471658673837,2,pituitary,0.999471658673837,919d6f0fb3ca462983d6df6ec06846e41abd9645
mobilenet_v2,B,1423,98652,image_level_seed11,1,2,pituitary,0.00019916283744798817,0.00011237544595522889,0.9996884617165968,2,pituitary,0.9996884617165968,919d6f0fb3ca462983d6df6ec06846e41abd9645
mobilenet_v2,B,1426,98871,image_level_seed11,1,2,pituitary,3.051504093942074e-05,9.443781311395723e-06,0.9999600411777493,2,pituitary,0.9999600411777493,919d6f0fb3ca462983d6df6ec06846e41abd9645
mobilenet_v2,B,1429,98871,image_level_seed11,1,2,pituitary,0.00018507736397755037,0.0003376984426885823,0.999477224193334,2,pituitary,0.999477224193334,919d6f0fb3ca462983d6df6ec06846e41abd9645
mobilenet_v2,B,1431,98874,image_level_seed11,1,2,pituitary,2.6041252223888443e-05,8.13400616074798e-06,0.9999658247416152,2,pituitary,0.9999658247416152,919d6f0fb3ca462983d6df6ec06846e41abd9645
mobilenet_v2,B,1435,98992,image_level_seed11,1,2,pituitary,0.12298736740194188,0.0018632604350505956,0.8751493721630075,2,pituitary,0.8751493721630075,919d6f0fb3ca462983d6df6ec06846e41abd9645
mobilenet_v2,B,1436,98992,image_level_seed11,1,2,pituitary,0.0144930239149961,0.00903488064351935,0.9764720954414846,2,pituitary,0.9764720954414846,919d6f0fb3ca462983d6df6ec06846e41abd9645
mobilenet_v2,B,1448,99223,image_level_seed11,1,2,pituitary,0.007124937063780488,0.007646963882571315,0.9852280990536482,2,pituitary,0.9852280990536482,919d6f0fb3ca462983d6df6ec06846e41abd9645
mobilenet_v2,B,1457,101017,image_level_seed11,1,2,pituitary,1.112463936864439e-05,5.650223472377141e-05,0.9999323731259075,2,pituitary,0.9999323731259075,919d6f0fb3ca462983d6df6ec06846e41abd9645
mobilenet_v2,B,1460,101017,image_level_seed11,1,2,pituitary,9.057397826779259e-06,4.7265012992682226e-07,0.9999904699520432,2,pituitary,0.9999904699520432,919d6f0fb3ca462983d6df6ec06846e41abd9645
mobilenet_v2,B,1463,101029,image_level_seed11,1,2,pituitary,6.171211728366526e-07,6.480778460299494e-07,0.9999987348009811,2,pituitary,0.9999987348009811,919d6f0fb3ca462983d6df6ec06846e41abd9645
mobilenet_v2,B,1468,101145,image_level_seed11,1,2,pituitary,9.564086539517449e-05,5.6594912709128965e-05,0.9998477642218956,2,pituitary,0.9998477642218956,919d6f0fb3ca462983d6df6ec06846e41abd9645
mobilenet_v2,B,1474,101305,image_level_seed11,1,2,pituitary,8.636296718875145e-05,5.036092648965591e-05,0.9998632761063216,2,pituitary,0.9998632761063216,919d6f0fb3ca462983d6df6ec06846e41abd9645
mobilenet_v2,B,1488,102669,image_level_seed11,1,2,pituitary,0.0004264762372355048,0.0020711047311153105,0.9975024190316493,2,pituitary,0.9975024190316493,919d6f0fb3ca462983d6df6ec06846e41abd9645
mobilenet_v2,B,1489,103046,image_level_seed11,1,2,pituitary,0.00011421881155065853,5.285977932636897e-06,0.9998804952105167,2,pituitary,0.9998804952105167,919d6f0fb3ca462983d6df6ec06846e41abd9645
mobilenet_v2,B,1491,103046,image_level_seed11,1,2,pituitary,4.612896386701074e-05,5.304126151340218e-06,0.9999485669099816,2,pituitary,0.9999485669099816,919d6f0fb3ca462983d6df6ec06846e41abd9645
mobilenet_v2,B,1494,103257,image_level_seed11,1,2,pituitary,1.2416219466696098e-05,2.4024691956194242e-06,0.9999851813113376,2,pituitary,0.9999851813113376,919d6f0fb3ca462983d6df6ec06846e41abd9645
mobilenet_v2,B,1497,103257,image_level_seed11,1,2,pituitary,3.399349827781248e-05,1.8360852353308741e-06,0.9999641704164868,2,pituitary,0.9999641704164868,919d6f0fb3ca462983d6df6ec06846e41abd9645
mobilenet_v2,B,1499,103478,image_level_seed11,1,2,pituitary,0.0005897687727114542,0.00011732920954844513,0.9992929020177402,2,pituitary,0.9992929020177402,919d6f0fb3ca462983d6df6ec06846e41abd9645
mobilenet_v2,B,1508,103582,image_level_seed11,1,2,pituitary,0.0010249751553431871,0.00020878013517378055,0.998766244709483,2,pituitary,0.998766244709483,919d6f0fb3ca462983d6df6ec06846e41abd9645
mobilenet_v2,B,1518,103671,image_level_seed11,1,2,pituitary,0.0006140391751773598,0.0003813839651963487,0.9990045768596263,2,pituitary,0.9990045768596263,919d6f0fb3ca462983d6df6ec06846e41abd9645
mobilenet_v2,B,1521,103731,image_level_seed11,1,2,pituitary,0.00019345149054158432,0.00028500828521614986,0.9995215402242423,2,pituitary,0.9995215402242423,919d6f0fb3ca462983d6df6ec06846e41abd9645
mobilenet_v2,B,1525,103731,image_level_seed11,1,2,pituitary,0.00019926422699973384,0.0001747928217297724,0.9996259429512705,2,pituitary,0.9996259429512705,919d6f0fb3ca462983d6df6ec06846e41abd9645
mobilenet_v2,B,1533,104019,image_level_seed11,1,2,pituitary,2.7266794084783883e-05,0.00010477310822329742,0.9998679600976919,2,pituitary,0.9998679600976919,919d6f0fb3ca462983d6df6ec06846e41abd9645
mobilenet_v2,B,1547,104684,image_level_seed11,1,2,pituitary,0.00030336139426134307,1.086867722211051e-05,0.9996857699285165,2,pituitary,0.9996857699285165,919d6f0fb3ca462983d6df6ec06846e41abd9645
mobilenet_v2,B,1563,105475,image_level_seed11,1,2,pituitary,1.2731248750430893e-05,3.54868638297262e-05,0.9999517818874198,2,pituitary,0.9999517818874198,919d6f0fb3ca462983d6df6ec06846e41abd9645
mobilenet_v2,B,1564,105475,image_level_seed11,1,2,pituitary,0.0006143392882026219,0.01023255506944775,0.9891531056423496,2,pituitary,0.9891531056423496,919d6f0fb3ca462983d6df6ec06846e41abd9645
mobilenet_v2,B,1576,97416,image_level_seed11,1,2,pituitary,2.3271436527404872e-05,3.579675052879565e-06,0.9999731488884197,2,pituitary,0.9999731488884197,919d6f0fb3ca462983d6df6ec06846e41abd9645
mobilenet_v2,B,1594,97599,image_level_seed11,1,2,pituitary,1.6798346453199809e-06,2.695528419936711e-08,0.9999982932100705,2,pituitary,0.9999982932100705,919d6f0fb3ca462983d6df6ec06846e41abd9645
mobilenet_v2,B,1595,97599,image_level_seed11,1,2,pituitary,1.0343409139042145e-06,1.4093736726215659e-07,0.9999988247217187,2,pituitary,0.9999988247217187,919d6f0fb3ca462983d6df6ec06846e41abd9645
mobilenet_v2,B,1607,98652,image_level_seed11,1,2,pituitary,0.0014999375391010583,5.0684960326370845e-05,0.9984493775005726,2,pituitary,0.9984493775005726,919d6f0fb3ca462983d6df6ec06846e41abd9645
mobilenet_v2,B,1613,98871,image_level_seed11,1,2,pituitary,4.896144190008672e-06,6.8851506520658e-06,0.9999882187051579,2,pituitary,0.9999882187051579,919d6f0fb3ca462983d6df6ec06846e41abd9645
mobilenet_v2,B,1615,98871,image_level_seed11,1,2,pituitary,5.666460938262568e-05,0.00017516138748872997,0.9997681740031287,2,pituitary,0.9997681740031287,919d6f0fb3ca462983d6df6ec06846e41abd9645
mobilenet_v2,B,1617,98874,image_level_seed11,1,2,pituitary,0.00010268566838167506,1.3049164300892402e-05,0.9998842651673175,2,pituitary,0.9998842651673175,919d6f0fb3ca462983d6df6ec06846e41abd9645
mobilenet_v2,B,1628,98995,image_level_seed11,1,2,pituitary,0.0001493248701707397,9.172268690377998e-05,0.9997589524429255,2,pituitary,0.9997589524429255,919d6f0fb3ca462983d6df6ec06846e41abd9645
mobilenet_v2,B,1634,99223,image_level_seed11,1,2,pituitary,0.00035209982072075213,0.0005532999804662378,0.9990946001988129,2,pituitary,0.9990946001988129,919d6f0fb3ca462983d6df6ec06846e41abd9645
mobilenet_v2,B,1646,101029,image_level_seed11,1,2,pituitary,8.827400540670076e-07,1.9095281790778113e-06,0.9999972077317668,2,pituitary,0.9999972077317668,919d6f0fb3ca462983d6df6ec06846e41abd9645
mobilenet_v2,B,1649,101029,image_level_seed11,1,2,pituitary,1.6407425819966368e-06,6.475936875185958e-06,0.9999918833205427,2,pituitary,0.9999918833205427,919d6f0fb3ca462983d6df6ec06846e41abd9645
mobilenet_v2,B,1653,101145,image_level_seed11,1,2,pituitary,0.00485168038764136,0.0036843631525220453,0.9914639564598365,2,pituitary,0.9914639564598365,919d6f0fb3ca462983d6df6ec06846e41abd9645
mobilenet_v2,B,1659,101724,image_level_seed11,1,2,pituitary,0.00039186938445274783,0.007707269515267268,0.9919008611002799,2,pituitary,0.9919008611002799,919d6f0fb3ca462983d6df6ec06846e41abd9645
mobilenet_v2,B,1661,101724,image_level_seed11,1,2,pituitary,0.00027832835142556134,0.00018109254140779158,0.9995405791071666,2,pituitary,0.9995405791071666,919d6f0fb3ca462983d6df6ec06846e41abd9645
mobilenet_v2,B,1668,102648,image_level_seed11,1,2,pituitary,0.0031194777723935487,0.057528644939031724,0.9393518772885746,2,pituitary,0.9393518772885746,919d6f0fb3ca462983d6df6ec06846e41abd9645
mobilenet_v2,B,1669,102648,image_level_seed11,1,2,pituitary,0.007740446319249653,0.7514014399273771,0.24085811375337324,1,glioma,0.7514014399273771,919d6f0fb3ca462983d6df6ec06846e41abd9645
mobilenet_v2,B,1672,102669,image_level_seed11,1,2,pituitary,0.0006058385310846908,0.0009163926890150049,0.9984777687799004,2,pituitary,0.9984777687799004,919d6f0fb3ca462983d6df6ec06846e41abd9645
mobilenet_v2,B,1674,103046,image_level_seed11,1,2,pituitary,4.707098506844742e-05,8.804219713782156e-05,0.9998648868177937,2,pituitary,0.9998648868177937,919d6f0fb3ca462983d6df6ec06846e41abd9645
mobilenet_v2,B,1675,103046,image_level_seed11,1,2,pituitary,0.00021087725455301717,0.0009245158521212815,0.9988646068933256,2,pituitary,0.9988646068933256,919d6f0fb3ca462983d6df6ec06846e41abd9645
mobilenet_v2,B,1676,103046,image_level_seed11,1,2,pituitary,6.429111938482772e-05,0.0001523374142963672,0.9997833714663188,2,pituitary,0.9997833714663188,919d6f0fb3ca462983d6df6ec06846e41abd9645
mobilenet_v2,B,1699,103582,image_level_seed11,1,2,pituitary,0.0006316681788850056,0.0008355175799716087,0.9985328142411435,2,pituitary,0.9985328142411435,919d6f0fb3ca462983d6df6ec06846e41abd9645
mobilenet_v2,B,1713,103731,image_level_seed11,1,2,pituitary,1.4421657946967163e-05,0.0001943312233183509,0.9997912471187347,2,pituitary,0.9997912471187347,919d6f0fb3ca462983d6df6ec06846e41abd9645
mobilenet_v2,B,1727,104558,image_level_seed11,1,2,pituitary,0.0001343977428601876,0.0001642749171621372,0.9997013273399776,2,pituitary,0.9997013273399776,919d6f0fb3ca462983d6df6ec06846e41abd9645
mobilenet_v2,B,1740,104684,image_level_seed11,1,2,pituitary,6.584074841704497e-05,0.0001275527248725361,0.9998066065267104,2,pituitary,0.9998066065267104,919d6f0fb3ca462983d6df6ec06846e41abd9645
mobilenet_v2,B,1743,104912,image_level_seed11,1,2,pituitary,0.0007307245891916384,0.012218565251159344,0.9870507101596491,2,pituitary,0.9870507101596491,919d6f0fb3ca462983d6df6ec06846e41abd9645
mobilenet_v2,B,1747,104912,image_level_seed11,1,2,pituitary,0.0013648842143950816,0.049640789518508234,0.9489943262670968,2,pituitary,0.9489943262670968,919d6f0fb3ca462983d6df6ec06846e41abd9645
mobilenet_v2,B,1750,105187,image_level_seed11,1,2,pituitary,1.5697513493871005e-05,1.967967851666157e-05,0.9999646228079895,2,pituitary,0.9999646228079895,919d6f0fb3ca462983d6df6ec06846e41abd9645
mobilenet_v2,B,1751,105187,image_level_seed11,1,2,pituitary,2.8528726774140234e-05,0.0015003605820111388,0.9984711106912149,2,pituitary,0.9984711106912149,919d6f0fb3ca462983d6df6ec06846e41abd9645
mobilenet_v2,B,1759,105538,image_level_seed11,1,2,pituitary,0.09360568161829436,0.6681322785107673,0.23826203987093844,1,glioma,0.6681322785107673,919d6f0fb3ca462983d6df6ec06846e41abd9645
mobilenet_v2,B,1767,97416,image_level_seed11,1,2,pituitary,0.0015874108688566666,0.00021321130453393186,0.9981993778266095,2,pituitary,0.9981993778266095,919d6f0fb3ca462983d6df6ec06846e41abd9645
mobilenet_v2,B,1768,97416,image_level_seed11,1,2,pituitary,3.7789768157017365e-05,8.95831292329451e-06,0.9999532519189197,2,pituitary,0.9999532519189197,919d6f0fb3ca462983d6df6ec06846e41abd9645
mobilenet_v2,B,1771,97416,image_level_seed11,1,2,pituitary,0.00023071636389619614,0.00011040550740768721,0.9996588781286961,2,pituitary,0.9996588781286961,919d6f0fb3ca462983d6df6ec06846e41abd9645
mobilenet_v2,B,1772,97416,image_level_seed11,1,2,pituitary,0.0008792753135135992,0.019800594561921098,0.9793201301245653,2,pituitary,0.9793201301245653,919d6f0fb3ca462983d6df6ec06846e41abd9645
mobilenet_v2,B,1776,97461,image_level_seed11,1,2,pituitary,0.00011833440441178181,1.946567250150169e-05,0.9998621999230867,2,pituitary,0.9998621999230867,919d6f0fb3ca462983d6df6ec06846e41abd9645
mobilenet_v2,B,1779,97461,image_level_seed11,1,2,pituitary,0.00013750309811853508,0.00027230243085263524,0.9995901944710288,2,pituitary,0.9995901944710288,919d6f0fb3ca462983d6df6ec06846e41abd9645
mobilenet_v2,B,1785,97481,image_level_seed11,1,2,pituitary,2.1577997418043222e-05,0.00017247349451912335,0.9998059485080629,2,pituitary,0.9998059485080629,919d6f0fb3ca462983d6df6ec06846e41abd9645
mobilenet_v2,B,1806,98871,image_level_seed11,1,2,pituitary,0.0014872111614234523,0.09458524491381538,0.9039275439247612,2,pituitary,0.9039275439247612,919d6f0fb3ca462983d6df6ec06846e41abd9645
mobilenet_v2,B,1807,98871,image_level_seed11,1,2,pituitary,0.00025225817610893163,0.003419724049792,0.9963280177740992,2,pituitary,0.9963280177740992,919d6f0fb3ca462983d6df6ec06846e41abd9645
mobilenet_v2,B,1809,98871,image_level_seed11,1,2,pituitary,0.00017840363560119005,0.000520257388579514,0.9993013389758193,2,pituitary,0.9993013389758193,919d6f0fb3ca462983d6df6ec06846e41abd9645
mobilenet_v2,B,1814,98874,image_level_seed11,1,2,pituitary,0.00017624420278178777,3.3986362200433155e-05,0.9997897694350178,2,pituitary,0.9997897694350178,919d6f0fb3ca462983d6df6ec06846e41abd9645
mobilenet_v2,B,1817,98874,image_level_seed11,1,2,pituitary,0.0007650424840296723,0.00016828880238583188,0.9990666687135844,2,pituitary,0.9990666687135844,919d6f0fb3ca462983d6df6ec06846e41abd9645
mobilenet_v2,B,1818,98874,image_level_seed11,1,2,pituitary,0.005924860838217237,0.0015497249872534233,0.9925254141745292,2,pituitary,0.9925254141745292,919d6f0fb3ca462983d6df6ec06846e41abd9645
mobilenet_v2,B,1819,98992,image_level_seed11,1,2,pituitary,0.04077928650929073,0.18952515267858533,0.769695560812124,2,pituitary,0.769695560812124,919d6f0fb3ca462983d6df6ec06846e41abd9645
mobilenet_v2,B,1825,98992,image_level_seed11,1,2,pituitary,0.00030833768547220244,8.045523938701894e-06,0.999683616790589,2,pituitary,0.999683616790589,919d6f0fb3ca462983d6df6ec06846e41abd9645
mobilenet_v2,B,1833,98995,image_level_seed11,1,2,pituitary,4.128580198553114e-05,7.908064969216859e-05,0.9998796335483223,2,pituitary,0.9998796335483223,919d6f0fb3ca462983d6df6ec06846e41abd9645
mobilenet_v2,B,1835,99223,image_level_seed11,1,2,pituitary,3.990794300458737e-06,1.1277375671091282e-07,0.9999958964319428,2,pituitary,0.9999958964319428,919d6f0fb3ca462983d6df6ec06846e41abd9645
mobilenet_v2,B,1836,99223,image_level_seed11,1,2,pituitary,1.546820587007242e-05,8.050046081937483e-07,0.9999837267895217,2,pituitary,0.9999837267895217,919d6f0fb3ca462983d6df6ec06846e41abd9645
mobilenet_v2,B,1839,99223,image_level_seed11,1,2,pituitary,0.00042541779936574133,9.52276835084161e-06,0.9995650594322835,2,pituitary,0.9995650594322835,919d6f0fb3ca462983d6df6ec06846e41abd9645
mobilenet_v2,B,1851,MR048297,image_level_seed11,1,1,glioma,6.53474101928668e-05,0.9999277455449982,6.907044808977097e-06,1,glioma,0.9999277455449982,919d6f0fb3ca462983d6df6ec06846e41abd9645
mobilenet_v2,B,1855,MR048621B,image_level_seed11,1,1,glioma,3.878906427221144e-06,0.999991723895059,4.39719851384316e-06,1,glioma,0.999991723895059,919d6f0fb3ca462983d6df6ec06846e41abd9645
mobilenet_v2,B,1859,MR048621B,image_level_seed11,1,1,glioma,2.2132698791609122e-05,0.9999107367827627,6.7130518445733e-05,1,glioma,0.9999107367827627,919d6f0fb3ca462983d6df6ec06846e41abd9645
mobilenet_v2,B,1860,MR048621B,image_level_seed11,1,1,glioma,5.1664836503576346e-05,0.9998990238773365,4.931128615978526e-05,1,glioma,0.9998990238773365,919d6f0fb3ca462983d6df6ec06846e41abd9645
mobilenet_v2,B,1862,MR048944,image_level_seed11,1,1,glioma,0.00019123071270184193,0.9997059727274603,0.0001027965598377583,1,glioma,0.9997059727274603,919d6f0fb3ca462983d6df6ec06846e41abd9645
mobilenet_v2,B,1867,MR048944,image_level_seed11,1,1,glioma,8.685495287002754e-07,0.9999963627178243,2.768732647156871e-06,1,glioma,0.9999963627178243,919d6f0fb3ca462983d6df6ec06846e41abd9645
mobilenet_v2,B,1872,MR048994,image_level_seed11,1,1,glioma,3.3699735428179106e-05,0.9999618835937276,4.416670844109836e-06,1,glioma,0.9999618835937276,919d6f0fb3ca462983d6df6ec06846e41abd9645
mobilenet_v2,B,1877,MR048994,image_level_seed11,1,1,glioma,6.856163393748193e-05,0.9998659421882733,6.549617778926462e-05,1,glioma,0.9998659421882733,919d6f0fb3ca462983d6df6ec06846e41abd9645
mobilenet_v2,B,1885,MR048994B,image_level_seed11,1,1,glioma,1.4310161798626435e-05,0.999981284536464,4.405301737602243e-06,1,glioma,0.999981284536464,919d6f0fb3ca462983d6df6ec06846e41abd9645
mobilenet_v2,B,1897,MR048944B,image_level_seed11,1,1,glioma,4.074362670821995e-06,0.9999927896334753,3.1360038540532664e-06,1,glioma,0.9999927896334753,919d6f0fb3ca462983d6df6ec06846e41abd9645
mobilenet_v2,B,1900,MR049358,image_level_seed11,1,1,glioma,6.646394545085625e-05,0.9998164499647615,0.00011708608978767932,1,glioma,0.9998164499647615,919d6f0fb3ca462983d6df6ec06846e41abd9645
mobilenet_v2,B,1907,MR049358,image_level_seed11,1,1,glioma,2.0362682738982793e-05,0.9999600250002,1.961231706098316e-05,1,glioma,0.9999600250002,919d6f0fb3ca462983d6df6ec06846e41abd9645
mobilenet_v2,B,1908,MR049358,image_level_seed11,1,1,glioma,7.15976173262517e-05,0.9998079434918176,0.00012045889085602997,1,glioma,0.9998079434918176,919d6f0fb3ca462983d6df6ec06846e41abd9645
mobilenet_v2,B,1909,MR049104B,image_level_seed11,1,1,glioma,3.1594371672469156e-06,0.9999910692307243,5.771332108298122e-06,1,glioma,0.9999910692307243,919d6f0fb3ca462983d6df6ec06846e41abd9645
mobilenet_v2,B,1921,MR024780G,image_level_seed11,1,1,glioma,0.0003540643631003668,0.9937022630544516,0.005943672582448061,1,glioma,0.9937022630544516,919d6f0fb3ca462983d6df6ec06846e41abd9645
mobilenet_v2,B,1923,MR024780G,image_level_seed11,1,1,glioma,7.391193331912281e-06,0.9999897009599359,2.9078467322037246e-06,1,glioma,0.9999897009599359,919d6f0fb3ca462983d6df6ec06846e41abd9645
mobilenet_v2,B,1932,MR024780G,image_level_seed11,1,1,glioma,1.3878167438086145e-05,0.9999302823125296,5.58395200323603e-05,1,glioma,0.9999302823125296,919d6f0fb3ca462983d6df6ec06846e41abd9645
mobilenet_v2,B,1936,MR024780G,image_level_seed11,1,1,glioma,2.758064806956491e-05,0.9999417977124494,3.062163948125408e-05,1,glioma,0.9999417977124494,919d6f0fb3ca462983d6df6ec06846e41abd9645
mobilenet_v2,B,1942,MR049453B,image_level_seed11,1,1,glioma,1.1026689215349054e-05,0.9999842217513055,4.7515594793174786e-06,1,glioma,0.9999842217513055,919d6f0fb3ca462983d6df6ec06846e41abd9645
mobilenet_v2,B,1944,MR049453B,image_level_seed11,1,1,glioma,3.7003618678248665e-05,0.9999557602908736,7.236090448046732e-06,1,glioma,0.9999557602908736,919d6f0fb3ca462983d6df6ec06846e41abd9645
mobilenet_v2,B,1953,MR050135B,image_level_seed11,1,1,glioma,7.391199060935565e-06,0.9999919065656188,7.022353203028389e-07,1,glioma,0.9999919065656188,919d6f0fb3ca462983d6df6ec06846e41abd9645
mobilenet_v2,B,1958,MR050135B,image_level_seed11,1,1,glioma,1.9896616149964336e-05,0.999846772222867,0.0001333311609828634,1,glioma,0.999846772222867,919d6f0fb3ca462983d6df6ec06846e41abd9645
mobilenet_v2,B,1964,MR050687,image_level_seed11,1,1,glioma,3.846970946651797e-06,0.9999959859121911,1.6711686221056236e-07,1,glioma,0.9999959859121911,919d6f0fb3ca462983d6df6ec06846e41abd9645
mobilenet_v2,B,1975,MR050791B,image_level_seed11,1,1,glioma,0.0005508699102790418,0.9984764701848985,0.0009726599048226064,1,glioma,0.9984764701848985,919d6f0fb3ca462983d6df6ec06846e41abd9645
mobilenet_v2,B,1976,MR050791B,image_level_seed11,1,1,glioma,8.5199173994074e-05,0.9996330064713406,0.00028179435466519866,1,glioma,0.9996330064713406,919d6f0fb3ca462983d6df6ec06846e41abd9645
mobilenet_v2,B,1984,MR049019C,image_level_seed11,1,1,glioma,0.00010577566512119556,0.9998252446272579,6.89797076209448e-05,1,glioma,0.9998252446272579,919d6f0fb3ca462983d6df6ec06846e41abd9645
mobilenet_v2,B,1985,MR049019C,image_level_seed11,1,1,glioma,0.00011283175553031037,0.9998288146498994,5.835359457024529e-05,1,glioma,0.9998288146498994,919d6f0fb3ca462983d6df6ec06846e41abd9645
mobilenet_v2,B,1988,MR026175C,image_level_seed11,1,1,glioma,1.1904400840311712e-06,0.9999968292983404,1.980261575610007e-06,1,glioma,0.9999968292983404,919d6f0fb3ca462983d6df6ec06846e41abd9645
mobilenet_v2,B,2002,MR051461,image_level_seed11,1,1,glioma,7.510506666884793e-06,0.9999907602625624,1.7292307706304177e-06,1,glioma,0.9999907602625624,919d6f0fb3ca462983d6df6ec06846e41abd9645
mobilenet_v2,B,2005,MR051586,image_level_seed11,1,1,glioma,6.009629949632308e-05,0.999935630395133,4.273305370509459e-06,1,glioma,0.999935630395133,919d6f0fb3ca462983d6df6ec06846e41abd9645
mobilenet_v2,B,2006,MR051586,image_level_seed11,1,1,glioma,5.6413638939794116e-05,0.9999383687298571,5.217631203146241e-06,1,glioma,0.9999383687298571,919d6f0fb3ca462983d6df6ec06846e41abd9645
mobilenet_v2,B,2010,MR051586,image_level_seed11,1,1,glioma,9.992860943439326e-06,0.9999890957183477,9.114207089720731e-07,1,glioma,0.9999890957183477,919d6f0fb3ca462983d6df6ec06846e41abd9645
mobilenet_v2,B,2028,MR051644,image_level_seed11,1,1,glioma,7.846971975370814e-06,0.999874778140628,0.00011737488739671937,1,glioma,0.999874778140628,919d6f0fb3ca462983d6df6ec06846e41abd9645
mobilenet_v2,B,2034,MR051651,image_level_seed11,1,1,glioma,3.288255221379704e-05,0.9999602327688735,6.8846789127412725e-06,1,glioma,0.9999602327688735,919d6f0fb3ca462983d6df6ec06846e41abd9645
mobilenet_v2,B,2050,MR051651B,image_level_seed11,1,1,glioma,4.5454955974857545e-05,0.9999164512529201,3.8093791105018736e-05,1,glioma,0.9999164512529201,919d6f0fb3ca462983d6df6ec06846e41abd9645
mobilenet_v2,B,2054,MR051644B,image_level_seed11,1,1,glioma,4.806837391113855e-05,0.99992657974347,2.535188261895992e-05,1,glioma,0.99992657974347,919d6f0fb3ca462983d6df6ec06846e41abd9645
mobilenet_v2,B,2056,MR051644B,image_level_seed11,1,1,glioma,2.8212255045863942e-05,0.9999357917353446,3.5996009609502524e-05,1,glioma,0.9999357917353446,919d6f0fb3ca462983d6df6ec06846e41abd9645
mobilenet_v2,B,2057,MR051644B,image_level_seed11,1,1,glioma,5.510842700446775e-05,0.9999139165676797,3.097500531600782e-05,1,glioma,0.9999139165676797,919d6f0fb3ca462983d6df6ec06846e41abd9645
mobilenet_v2,B,2058,MR051796B,image_level_seed11,1,1,glioma,7.950742198630837e-06,0.9999901468456361,1.9024121651356055e-06,1,glioma,0.9999901468456361,919d6f0fb3ca462983d6df6ec06846e41abd9645
mobilenet_v2,B,2060,MR051796B,image_level_seed11,1,1,glioma,9.702190995120676e-07,0.9999968799709249,2.1498099756976134e-06,1,glioma,0.9999968799709249,919d6f0fb3ca462983d6df6ec06846e41abd9645
mobilenet_v2,B,2068,MR051644C,image_level_seed11,1,1,glioma,1.7503711861048476e-05,0.9999670874605676,1.5408827571461492e-05,1,glioma,0.9999670874605676,919d6f0fb3ca462983d6df6ec06846e41abd9645
mobilenet_v2,B,2070,MR051644C,image_level_seed11,1,1,glioma,1.7835756615737067e-06,0.9999922766834188,5.93974091961827e-06,1,glioma,0.9999922766834188,919d6f0fb3ca462983d6df6ec06846e41abd9645
mobilenet_v2,B,2082,MR052585B,image_level_seed11,1,1,glioma,0.0001226203376422151,0.9996818510613523,0.00019552860100534056,1,glioma,0.9996818510613523,919d6f0fb3ca462983d6df6ec06846e41abd9645
mobilenet_v2,B,2093,MR034694,image_level_seed11,1,1,glioma,7.096657102368653e-05,0.9993800158942421,0.0005490175347343674,1,glioma,0.9993800158942421,919d6f0fb3ca462983d6df6ec06846e41abd9645
mobilenet_v2,B,2100,MR054875,image_level_seed11,1,1,glioma,2.1793415598168385e-07,0.9999984172440792,1.3648217648326234e-06,1,glioma,0.9999984172440792,919d6f0fb3ca462983d6df6ec06846e41abd9645
mobilenet_v2,B,2106,MR050687C,image_level_seed11,1,1,glioma,8.309614364795664e-07,0.9999984741335427,6.949050206819784e-07,1,glioma,0.9999984741335427,919d6f0fb3ca462983d6df6ec06846e41abd9645
mobilenet_v2,B,2108,MR050687C,image_level_seed11,1,1,glioma,6.480235025786832e-05,0.9998726220809863,6.257556875589736e-05,1,glioma,0.9998726220809863,919d6f0fb3ca462983d6df6ec06846e41abd9645
mobilenet_v2,B,2113,MR034997,image_level_seed11,1,1,glioma,4.3190664743171876e-05,0.9999459271246667,1.0882210590235817e-05,1,glioma,0.9999459271246667,919d6f0fb3ca462983d6df6ec06846e41abd9645
mobilenet_v2,B,2131,MR053110E,image_level_seed11,1,1,glioma,2.3641042128135772e-06,0.9999896370997028,7.998796084208756e-06,1,glioma,0.9999896370997028,919d6f0fb3ca462983d6df6ec06846e41abd9645
mobilenet_v2,B,2148,MR038469,image_level_seed11,1,1,glioma,1.3890052165191546e-06,0.9999980949836853,5.160110983415526e-07,1,glioma,0.9999980949836853,919d6f0fb3ca462983d6df6ec06846e41abd9645
mobilenet_v2,B,2158,MR032322C,image_level_seed11,1,1,glioma,2.6659473038376034e-05,0.9992647770497273,0.0007085634772343636,1,glioma,0.9992647770497273,919d6f0fb3ca462983d6df6ec06846e41abd9645
mobilenet_v2,B,2159,MR032322C,image_level_seed11,1,1,glioma,5.0509211165144805e-05,0.9994871085164205,0.00046238227241428075,1,glioma,0.9994871085164205,919d6f0fb3ca462983d6df6ec06846e41abd9645
mobilenet_v2,B,2161,MR032322C,image_level_seed11,1,1,glioma,7.685144462831899e-05,0.999625851490436,0.0002972970649356453,1,glioma,0.999625851490436,919d6f0fb3ca462983d6df6ec06846e41abd9645
mobilenet_v2,B,2162,MR032322C,image_level_seed11,1,1,glioma,4.826399019962324e-05,0.9997993438510696,0.0001523921587307392,1,glioma,0.9997993438510696,919d6f0fb3ca462983d6df6ec06846e41abd9645
mobilenet_v2,B,2167,MR037458B,image_level_seed11,1,1,glioma,0.00013387633853400628,0.9998036534425693,6.24702188968606e-05,1,glioma,0.9998036534425693,919d6f0fb3ca462983d6df6ec06846e41abd9645
mobilenet_v2,B,2186,MR037458C,image_level_seed11,1,1,glioma,5.597524482703747e-05,0.9999127360736895,3.1288681483605694e-05,1,glioma,0.9999127360736895,919d6f0fb3ca462983d6df6ec06846e41abd9645
mobilenet_v2,B,2193,MR037458C,image_level_seed11,1,1,glioma,1.009191679793042e-05,0.9999886194318894,1.288651312727079e-06,1,glioma,0.9999886194318894,919d6f0fb3ca462983d6df6ec06846e41abd9645
mobilenet_v2,B,2199,MR040240,image_level_seed11,1,1,glioma,2.2015548436523157e-05,0.9999413021656389,3.66822859245065e-05,1,glioma,0.9999413021656389,919d6f0fb3ca462983d6df6ec06846e41abd9645
mobilenet_v2,B,2208,MR040240B,image_level_seed11,1,1,glioma,1.3882604378178875e-07,0.9999996597121098,2.0146184630405108e-07,1,glioma,0.9999996597121098,919d6f0fb3ca462983d6df6ec06846e41abd9645
mobilenet_v2,B,2211,MR040240B,image_level_seed11,1,1,glioma,0.00016521891197275663,0.9997762427562469,5.853833178050373e-05,1,glioma,0.9997762427562469,919d6f0fb3ca462983d6df6ec06846e41abd9645
mobilenet_v2,B,2213,MR040240B,image_level_seed11,1,1,glioma,6.580212082232749e-06,0.9999891422538654,4.2775340525955256e-06,1,glioma,0.9999891422538654,919d6f0fb3ca462983d6df6ec06846e41abd9645
mobilenet_v2,B,2215,MR040240B,image_level_seed11,1,1,glioma,1.0647866546118171e-05,0.9999866051089824,2.747024471392449e-06,1,glioma,0.9999866051089824,919d6f0fb3ca462983d6df6ec06846e41abd9645
mobilenet_v2,B,2224,MR036496B,image_level_seed11,1,1,glioma,5.251641223979292e-05,0.9999421419695169,5.341618243309739e-06,1,glioma,0.9999421419695169,919d6f0fb3ca462983d6df6ec06846e41abd9645
mobilenet_v2,B,2230,MR033420,image_level_seed11,1,1,glioma,1.547658033636446e-06,0.9999935758203373,4.876521628929428e-06,1,glioma,0.9999935758203373,919d6f0fb3ca462983d6df6ec06846e41abd9645
mobilenet_v2,B,2240,MR024780B,image_level_seed11,1,1,glioma,4.549414486321477e-05,0.9998967959230104,5.7709932126415726e-05,1,glioma,0.9998967959230104,919d6f0fb3ca462983d6df6ec06846e41abd9645
mobilenet_v2,B,2242,MR048994,image_level_seed11,1,1,glioma,7.801397856374248e-05,0.9999198151936938,2.1708277425694286e-06,1,glioma,0.9999198151936938,919d6f0fb3ca462983d6df6ec06846e41abd9645
mobilenet_v2,B,2248,MR049142,image_level_seed11,1,1,glioma,0.000578935469803909,0.9992370526837276,0.00018401184646838766,1,glioma,0.9992370526837276,919d6f0fb3ca462983d6df6ec06846e41abd9645
mobilenet_v2,B,2249,MR049142,image_level_seed11,1,1,glioma,6.340275918120384e-05,0.9997247144132487,0.00021188282756997296,1,glioma,0.9997247144132487,919d6f0fb3ca462983d6df6ec06846e41abd9645
mobilenet_v2,B,2261,MR049358,image_level_seed11,1,1,glioma,3.947137983229509e-05,0.9999459487706117,1.4579849556084368e-05,1,glioma,0.9999459487706117,919d6f0fb3ca462983d6df6ec06846e41abd9645
mobilenet_v2,B,2266,MR049358,image_level_seed11,1,1,glioma,7.49556994191499e-05,0.9996556086573076,0.0002694356432731654,1,glioma,0.9996556086573076,919d6f0fb3ca462983d6df6ec06846e41abd9645
mobilenet_v2,B,2273,MR049453,image_level_seed11,1,1,glioma,2.637022799990475e-06,0.9999928474479919,4.515529208273247e-06,1,glioma,0.9999928474479919,919d6f0fb3ca462983d6df6ec06846e41abd9645
mobilenet_v2,B,2275,MR049453,image_level_seed11,1,1,glioma,1.3995023458663648e-06,0.9999667292229939,3.187127466019359e-05,1,glioma,0.9999667292229939,919d6f0fb3ca462983d6df6ec06846e41abd9645
mobilenet_v2,B,2289,MR049453B,image_level_seed11,1,1,glioma,0.00015726266002800076,0.9997680438334631,7.469350650886715e-05,1,glioma,0.9997680438334631,919d6f0fb3ca462983d6df6ec06846e41abd9645
mobilenet_v2,B,2299,MR049453B,image_level_seed11,1,1,glioma,6.058136277903009e-06,0.9999898173861009,4.124477621166755e-06,1,glioma,0.9999898173861009,919d6f0fb3ca462983d6df6ec06846e41abd9645
mobilenet_v2,B,2301,MR050135B,image_level_seed11,1,1,glioma,4.80451117482993e-06,0.99999258453432,2.6109545051115323e-06,1,glioma,0.99999258453432,919d6f0fb3ca462983d6df6ec06846e41abd9645
mobilenet_v2,B,2302,MR050135B,image_level_seed11,1,1,glioma,7.213663300977902e-06,0.9999896659109256,3.1204257732260236e-06,1,glioma,0.9999896659109256,919d6f0fb3ca462983d6df6ec06846e41abd9645
mobilenet_v2,B,2306,MR050135B,image_level_seed11,1,1,glioma,1.8190251327597128e-05,0.9999591735365054,2.2636212166873752e-05,1,glioma,0.9999591735365054,919d6f0fb3ca462983d6df6ec06846e41abd9645
mobilenet_v2,B,2313,MR050687,image_level_seed11,1,1,glioma,1.1226723271660054e-05,0.9999853003311151,3.472945613175037e-06,1,glioma,0.9999853003311151,919d6f0fb3ca462983d6df6ec06846e41abd9645
mobilenet_v2,B,2320,MR050791B,image_level_seed11,1,1,glioma,3.3495514415063584e-06,0.9999895984026286,7.052045929883827e-06,1,glioma,0.9999895984026286,919d6f0fb3ca462983d6df6ec06846e41abd9645
mobilenet_v2,B,2322,MR049019C,image_level_seed11,1,1,glioma,0.00038474804531352206,0.9959561239429255,0.0036591280117609314,1,glioma,0.9959561239429255,919d6f0fb3ca462983d6df6ec06846e41abd9645
mobilenet_v2,B,2329,MR026175C,image_level_seed11,1,1,glioma,2.592394108320282e-06,0.999992494904426,4.912701465465252e-06,1,glioma,0.999992494904426,919d6f0fb3ca462983d6df6ec06846e41abd9645
mobilenet_v2,B,2335,MR051461,image_level_seed11,1,1,glioma,8.820160792811932e-05,0.9999078963612857,3.902030786232804e-06,1,glioma,0.9999078963612857,919d6f0fb3ca462983d6df6ec06846e41abd9645
mobilenet_v2,B,2341,MR051461,image_level_seed11,1,1,glioma,1.8255208660281704e-05,0.9999663657658668,1.5379025472802798e-05,1,glioma,0.9999663657658668,919d6f0fb3ca462983d6df6ec06846e41abd9645
mobilenet_v2,B,2358,MR026175E,image_level_seed11,1,1,glioma,1.781577395187683e-05,0.9999601040745448,2.2080151503349778e-05,1,glioma,0.9999601040745448,919d6f0fb3ca462983d6df6ec06846e41abd9645
mobilenet_v2,B,2386,MR017260F,image_level_seed11,1,1,glioma,4.475515071614833e-06,0.9999946893693099,8.351156185021492e-07,1,glioma,0.9999946893693099,919d6f0fb3ca462983d6df6ec06846e41abd9645
mobilenet_v2,B,2387,MR017260F,image_level_seed11,1,1,glioma,5.15441487537052e-06,0.9999929282175666,1.9173675580260525e-06,1,glioma,0.9999929282175666,919d6f0fb3ca462983d6df6ec06846e41abd9645
mobilenet_v2,B,2391,MR017260F,image_level_seed11,1,1,glioma,5.7352500285021596e-05,0.9999407580899374,1.8894097775995537e-06,1,glioma,0.9999407580899374,919d6f0fb3ca462983d6df6ec06846e41abd9645
mobilenet_v2,B,2392,MR017260F,image_level_seed11,1,1,glioma,1.125439432013415e-05,0.999988205398396,5.402072840915267e-07,1,glioma,0.999988205398396,919d6f0fb3ca462983d6df6ec06846e41abd9645
mobilenet_v2,B,2393,MR017260F,image_level_seed11,1,1,glioma,9.427004171661325e-05,0.9999023339755078,3.3959827755883894e-06,1,glioma,0.9999023339755078,919d6f0fb3ca462983d6df6ec06846e41abd9645
mobilenet_v2,B,2396,MR029209I,image_level_seed11,1,1,glioma,7.5622237527302084e-06,0.9999904848786553,1.9528975918371004e-06,1,glioma,0.9999904848786553,919d6f0fb3ca462983d6df6ec06846e41abd9645
mobilenet_v2,B,2397,MR029209I,image_level_seed11,1,1,glioma,2.6186823529617773e-05,0.9999703506372126,3.46253925776366e-06,1,glioma,0.9999703506372126,919d6f0fb3ca462983d6df6ec06846e41abd9645
mobilenet_v2,B,2398,MR029209I,image_level_seed11,1,1,glioma,9.120562355212748e-06,0.999989692269491,1.1871681540759932e-06,1,glioma,0.999989692269491,919d6f0fb3ca462983d6df6ec06846e41abd9645
mobilenet_v2,B,2400,MR029209I,image_level_seed11,1,1,glioma,1.1384530056783672e-05,0.999986278415917,2.3370540260578366e-06,1,glioma,0.999986278415917,919d6f0fb3ca462983d6df6ec06846e41abd9645
mobilenet_v2,B,2402,MR029209I,image_level_seed11,1,1,glioma,2.9970168397261196e-05,0.9999687085223654,1.3213092373595368e-06,1,glioma,0.9999687085223654,919d6f0fb3ca462983d6df6ec06846e41abd9645
mobilenet_v2,B,2403,MR048294,image_level_seed11,1,1,glioma,8.471419778435408e-06,0.9999600113178099,3.1517262411768845e-05,1,glioma,0.9999600113178099,919d6f0fb3ca462983d6df6ec06846e41abd9645
mobilenet_v2,B,2406,MR048294,image_level_seed11,1,1,glioma,0.0004003659880736147,0.9989847164608744,0.0006149175510519434,1,glioma,0.9989847164608744,919d6f0fb3ca462983d6df6ec06846e41abd9645
mobilenet_v2,B,2416,MR048294B,image_level_seed11,1,1,glioma,6.636895353163756e-05,0.9996772746931635,0.0002563563533047978,1,glioma,0.9996772746931635,919d6f0fb3ca462983d6df6ec06846e41abd9645
mobilenet_v2,B,2419,MR048294B,image_level_seed11,1,1,glioma,0.0007938116210371992,0.9988349184395178,0.0003712699394449461,1,glioma,0.9988349184395178,919d6f0fb3ca462983d6df6ec06846e41abd9645
mobilenet_v2,B,2420,MR048621B,image_level_seed11,1,1,glioma,0.00033428751454558713,0.9982578955173949,0.001407816968059444,1,glioma,0.9982578955173949,919d6f0fb3ca462983d6df6ec06846e41abd9645
mobilenet_v2,B,2423,MR048621B,image_level_seed11,1,1,glioma,4.4665597793686914e-05,0.9998866577749893,6.867662721687369e-05,1,glioma,0.9998866577749893,919d6f0fb3ca462983d6df6ec06846e41abd9645
mobilenet_v2,B,2432,MR048944,image_level_seed11,1,1,glioma,3.204314064370567e-06,0.9999958565725426,9.391133929372616e-07,1,glioma,0.9999958565725426,919d6f0fb3ca462983d6df6ec06846e41abd9645
mobilenet_v2,B,2441,MR048994,image_level_seed11,1,1,glioma,0.00039505290084512404,0.9995640211670453,4.0925932109646316e-05,1,glioma,0.9995640211670453,919d6f0fb3ca462983d6df6ec06846e41abd9645
mobilenet_v2,B,2452,MR040240,image_level_seed11,1,1,glioma,8.917827380053865e-06,0.9999896353071359,1.4468654840830474e-06,1,glioma,0.9999896353071359,919d6f0fb3ca462983d6df6ec06846e41abd9645
mobilenet_v2,B,2458,MR040240B,image_level_seed11,1,1,glioma,0.0004754228518713107,0.9993233371491255,0.0002012399990031767,1,glioma,0.9993233371491255,919d6f0fb3ca462983d6df6ec06846e41abd9645
mobilenet_v2,B,2479,MR033420,image_level_seed11,1,1,glioma,0.00011596730654731883,0.9998616952921836,2.233740126921261e-05,1,glioma,0.9998616952921836,919d6f0fb3ca462983d6df6ec06846e41abd9645
mobilenet_v2,B,2481,MR033420,image_level_seed11,1,1,glioma,1.96344445508759e-06,0.9999730582455343,2.4978310010634843e-05,1,glioma,0.9999730582455343,919d6f0fb3ca462983d6df6ec06846e41abd9645
mobilenet_v2,B,2482,MR033420,image_level_seed11,1,1,glioma,5.4068298012022216e-05,0.999920862145094,2.5069556893911794e-05,1,glioma,0.999920862145094,919d6f0fb3ca462983d6df6ec06846e41abd9645
mobilenet_v2,B,2484,MR033420,image_level_seed11,1,1,glioma,5.0844382999812e-07,0.9999988910680953,6.00488074512978e-07,1,glioma,0.9999988910680953,919d6f0fb3ca462983d6df6ec06846e41abd9645
mobilenet_v2,B,2485,MR033420,image_level_seed11,1,1,glioma,5.16585744344794e-06,0.9999866925414151,8.14160114139994e-06,1,glioma,0.9999866925414151,919d6f0fb3ca462983d6df6ec06846e41abd9645
mobilenet_v2,B,2489,MR033389B,image_level_seed11,1,1,glioma,0.0002357232673465588,0.999747377358583,1.6899374070268158e-05,1,glioma,0.999747377358583,919d6f0fb3ca462983d6df6ec06846e41abd9645
mobilenet_v2,B,2491,MR033389B,image_level_seed11,1,1,glioma,0.00021889079549415968,0.9997760077166102,5.101487895653809e-06,1,glioma,0.9997760077166102,919d6f0fb3ca462983d6df6ec06846e41abd9645
mobilenet_v2,B,2505,MR026175E,image_level_seed11,1,1,glioma,1.459798576146661e-06,0.9999951286917471,3.411509676778332e-06,1,glioma,0.9999951286917471,919d6f0fb3ca462983d6df6ec06846e41abd9645
mobilenet_v2,B,2513,MR040240C,image_level_seed11,1,1,glioma,6.678872517721342e-05,0.9999286791067047,4.532168118236593e-06,1,glioma,0.9999286791067047,919d6f0fb3ca462983d6df6ec06846e41abd9645
mobilenet_v2,B,2521,MR040240C,image_level_seed11,1,1,glioma,0.00013105315661523863,0.9998638816890697,5.065154315099088e-06,1,glioma,0.9998638816890697,919d6f0fb3ca462983d6df6ec06846e41abd9645
mobilenet_v2,B,2540,MR048294,image_level_seed11,1,1,glioma,7.135389144564588e-05,0.9999151663463965,1.3479762157843941e-05,1,glioma,0.9999151663463965,919d6f0fb3ca462983d6df6ec06846e41abd9645
mobilenet_v2,B,2553,MR051461B,image_level_seed11,1,1,glioma,0.0077774956670843874,0.9920249854508675,0.00019751888204825097,1,glioma,0.9920249854508675,919d6f0fb3ca462983d6df6ec06846e41abd9645
mobilenet_v2,B,2556,MR051644,image_level_seed11,1,1,glioma,5.214264199931521e-06,0.9999916508060134,3.134929786605085e-06,1,glioma,0.9999916508060134,919d6f0fb3ca462983d6df6ec06846e41abd9645
mobilenet_v2,B,2568,MR051651,image_level_seed11,1,1,glioma,6.0664266949357195e-06,0.9999924119710553,1.5216022498026353e-06,1,glioma,0.9999924119710553,919d6f0fb3ca462983d6df6ec06846e41abd9645
mobilenet_v2,B,2573,MR051796,image_level_seed11,1,1,glioma,0.00015007963680480372,0.9997634396990818,8.648066411347011e-05,1,glioma,0.9997634396990818,919d6f0fb3ca462983d6df6ec06846e41abd9645
mobilenet_v2,B,2582,MR051651B,image_level_seed11,1,1,glioma,0.0002112800343368202,0.9993452009850714,0.0004435189805917405,1,glioma,0.9993452009850714,919d6f0fb3ca462983d6df6ec06846e41abd9645
mobilenet_v2,B,2584,MR051651B,image_level_seed11,1,1,glioma,1.2681016121333634e-05,0.9999532479149685,3.407106891028407e-05,1,glioma,0.9999532479149685,919d6f0fb3ca462983d6df6ec06846e41abd9645
mobilenet_v2,B,2588,MR051796B,image_level_seed11,1,1,glioma,1.1052083244360903e-05,0.9999458879362737,4.305998048190726e-05,1,glioma,0.9999458879362737,919d6f0fb3ca462983d6df6ec06846e41abd9645
mobilenet_v2,B,2589,MR052550,image_level_seed11,1,1,glioma,1.4743680916550557e-05,0.999947824593484,3.743172559943662e-05,1,glioma,0.999947824593484,919d6f0fb3ca462983d6df6ec06846e41abd9645
mobilenet_v2,B,2591,MR052550,image_level_seed11,1,1,glioma,8.068161446845094e-06,0.9999674871606037,2.4444677949467688e-05,1,glioma,0.9999674871606037,919d6f0fb3ca462983d6df6ec06846e41abd9645
mobilenet_v2,B,2593,MR052550,image_level_seed11,1,1,glioma,3.084499874368175e-05,0.9999022000824028,6.695491885355722e-05,1,glioma,0.9999022000824028,919d6f0fb3ca462983d6df6ec06846e41abd9645
mobilenet_v2,B,2596,MR051644C,image_level_seed11,1,1,glioma,0.00013371890839079958,0.9998279343708728,3.834672073633123e-05,1,glioma,0.9998279343708728,919d6f0fb3ca462983d6df6ec06846e41abd9645
mobilenet_v2,B,2599,MR051644C,image_level_seed11,1,1,glioma,7.4539182207158525e-06,0.9999576357725609,3.4910309218338234e-05,1,glioma,0.9999576357725609,919d6f0fb3ca462983d6df6ec06846e41abd9645
mobilenet_v2,B,2603,MR051644C,image_level_seed11,1,1,glioma,9.174134865852742e-05,0.9989798820038249,0.00092837664751663,1,glioma,0.9989798820038249,919d6f0fb3ca462983d6df6ec06846e41abd9645
mobilenet_v2,B,2608,MR049942B,image_level_seed11,1,1,glioma,0.0001630549056268497,0.9994477930803323,0.0003891520140408691,1,glioma,0.9994477930803323,919d6f0fb3ca462983d6df6ec06846e41abd9645
mobilenet_v2,B,2618,MR053110B,image_level_seed11,1,1,glioma,0.0001487830456785484,0.9997061121286547,0.00014510482566688782,1,glioma,0.9997061121286547,919d6f0fb3ca462983d6df6ec06846e41abd9645
mobilenet_v2,B,2629,MR034694,image_level_seed11,1,1,glioma,4.5501025702399576e-05,0.9999371631934174,1.7335780880322714e-05,1,glioma,0.9999371631934174,919d6f0fb3ca462983d6df6ec06846e41abd9645
mobilenet_v2,B,2640,MR050687C,image_level_seed11,1,1,glioma,0.0009580927115222594,0.9989526248500524,8.928243842527283e-05,1,glioma,0.9989526248500524,919d6f0fb3ca462983d6df6ec06846e41abd9645
mobilenet_v2,B,2656,MR034997,image_level_seed11,1,1,glioma,7.799937647210289e-05,0.9999114395563466,1.0561067181311557e-05,1,glioma,0.9999114395563466,919d6f0fb3ca462983d6df6ec06846e41abd9645
mobilenet_v2,B,2675,MR049019G,image_level_seed11,1,1,glioma,5.566246380565941e-06,0.999984325864552,1.0107889067372864e-05,1,glioma,0.999984325864552,919d6f0fb3ca462983d6df6ec06846e41abd9645
mobilenet_v2,B,2687,MR038469,image_level_seed11,1,1,glioma,8.055228964248266e-05,0.9998936798457249,2.5767864632622917e-05,1,glioma,0.9998936798457249,919d6f0fb3ca462983d6df6ec06846e41abd9645
mobilenet_v2,B,2688,MR032322C,image_level_seed11,1,1,glioma,2.8874556491697394e-05,0.9993099635316981,0.0006611619118101751,1,glioma,0.9993099635316981,919d6f0fb3ca462983d6df6ec06846e41abd9645
mobilenet_v2,B,2691,MR032322C,image_level_seed11,1,1,glioma,3.0606743074493326e-05,0.9999680498668331,1.3433900923888482e-06,1,glioma,0.9999680498668331,919d6f0fb3ca462983d6df6ec06846e41abd9645
mobilenet_v2,B,2694,MR032322C,image_level_seed11,1,1,glioma,4.805541985366775e-05,0.9975702661588327,0.0023816784213137234,1,glioma,0.9975702661588327,919d6f0fb3ca462983d6df6ec06846e41abd9645
mobilenet_v2,B,2703,MR037458B,image_level_seed11,1,1,glioma,0.003278959615408061,0.9965882736263826,0.00013276675820939206,1,glioma,0.9965882736263826,919d6f0fb3ca462983d6df6ec06846e41abd9645
mobilenet_v2,B,2707,MR037458B,image_level_seed11,1,1,glioma,0.003636479333409019,0.9962736149298727,8.990573671814164e-05,1,glioma,0.9962736149298727,919d6f0fb3ca462983d6df6ec06846e41abd9645
mobilenet_v2,B,2711,MR039473,image_level_seed11,1,1,glioma,0.0015875075939298738,0.9982854294304153,0.00012706297565468402,1,glioma,0.9982854294304153,919d6f0fb3ca462983d6df6ec06846e41abd9645
mobilenet_v2,B,2712,MR039473,image_level_seed11,1,1,glioma,3.9643761095896355e-05,0.9999585077786828,1.8484602215122753e-06,1,glioma,0.9999585077786828,919d6f0fb3ca462983d6df6ec06846e41abd9645
mobilenet_v2,B,2742,MR053110E,image_level_seed11,1,1,glioma,3.986969520451153e-05,0.9999594465042617,6.838005337829439e-07,1,glioma,0.9999594465042617,919d6f0fb3ca462983d6df6ec06846e41abd9645
mobilenet_v2,B,2744,MR049019G,image_level_seed11,1,1,glioma,3.939555715367939e-05,0.9999455170680542,1.5087374791993168e-05,1,glioma,0.9999455170680542,919d6f0fb3ca462983d6df6ec06846e41abd9645
mobilenet_v2,B,2750,MR024780D,image_level_seed11,1,1,glioma,7.132231082557282e-05,0.9999142666586184,1.4411030556141484e-05,1,glioma,0.9999142666586184,919d6f0fb3ca462983d6df6ec06846e41abd9645
mobilenet_v2,B,2755,MR038469,image_level_seed11,1,1,glioma,9.685329072565276e-05,0.9998564377734487,4.670893582559641e-05,1,glioma,0.9998564377734487,919d6f0fb3ca462983d6df6ec06846e41abd9645
mobilenet_v2,B,2768,MR032322C,image_level_seed11,1,1,glioma,3.760452352006816e-05,0.9998271549082398,0.0001352405682399881,1,glioma,0.9998271549082398,919d6f0fb3ca462983d6df6ec06846e41abd9645
mobilenet_v2,B,2781,MR039473B,image_level_seed11,1,1,glioma,0.0003659271871178767,0.9995127668437815,0.00012130596910041505,1,glioma,0.9995127668437815,919d6f0fb3ca462983d6df6ec06846e41abd9645
mobilenet_v2,B,2782,MR039473B,image_level_seed11,1,1,glioma,3.6502227367138663e-05,0.9999365714408657,2.692633176725883e-05,1,glioma,0.9999365714408657,919d6f0fb3ca462983d6df6ec06846e41abd9645
mobilenet_v2,B,2783,MR039473B,image_level_seed11,1,1,glioma,0.000227257153653717,0.9987524501316086,0.00102029271473756,1,glioma,0.9987524501316086,919d6f0fb3ca462983d6df6ec06846e41abd9645
mobilenet_v2,B,2786,MR039473B,image_level_seed11,1,1,glioma,6.14064628760837e-05,0.9999122203040502,2.637323307348982e-05,1,glioma,0.9999122203040502,919d6f0fb3ca462983d6df6ec06846e41abd9645
mobilenet_v2,B,2804,MR029209G,image_level_seed11,1,1,glioma,2.0784104054389403e-06,0.9999973202029862,6.013866084611325e-07,1,glioma,0.9999973202029862,919d6f0fb3ca462983d6df6ec06846e41abd9645
mobilenet_v2,B,2811,MR033420,image_level_seed11,1,1,glioma,9.289684201964439e-07,0.9999976744418523,1.3965897274439844e-06,1,glioma,0.9999976744418523,919d6f0fb3ca462983d6df6ec06846e41abd9645
mobilenet_v2,B,2813,MR033420,image_level_seed11,1,1,glioma,0.0001638335599113591,0.9998126423815702,2.3524058518593922e-05,1,glioma,0.9998126423815702,919d6f0fb3ca462983d6df6ec06846e41abd9645
mobilenet_v2,B,2825,MR048297,image_level_seed11,1,1,glioma,0.00010449959591114164,0.9998883109796372,7.189424451734906e-06,1,glioma,0.9998883109796372,919d6f0fb3ca462983d6df6ec06846e41abd9645
mobilenet_v2,B,2828,MR048297,image_level_seed11,1,1,glioma,0.00016717031156304827,0.9998254976638306,7.332024606399778e-06,1,glioma,0.9998254976638306,919d6f0fb3ca462983d6df6ec06846e41abd9645
mobilenet_v2,B,2833,MR048294B,image_level_seed11,1,1,glioma,0.0003096760283769914,0.9995266857088468,0.00016363826277617934,1,glioma,0.9995266857088468,919d6f0fb3ca462983d6df6ec06846e41abd9645
mobilenet_v2,B,2848,MR048994,image_level_seed11,1,1,glioma,0.0003943172788690559,0.9995919210337275,1.3761687403354626e-05,1,glioma,0.9995919210337275,919d6f0fb3ca462983d6df6ec06846e41abd9645
mobilenet_v2,B,2850,MR048994,image_level_seed11,1,1,glioma,0.0019418987759668982,0.9980222825038383,3.581872019481001e-05,1,glioma,0.9980222825038383,919d6f0fb3ca462983d6df6ec06846e41abd9645
mobilenet_v2,B,2864,MR048994B,image_level_seed11,1,1,glioma,7.78724692134844e-06,0.9999913825745758,8.301785029953497e-07,1,glioma,0.9999913825745758,919d6f0fb3ca462983d6df6ec06846e41abd9645
mobilenet_v2,B,2872,MR049358,image_level_seed11,1,1,glioma,1.1220726106982122e-05,0.9998736950530812,0.00011508422081200637,1,glioma,0.9998736950530812,919d6f0fb3ca462983d6df6ec06846e41abd9645
mobilenet_v2,B,2874,MR049104B,image_level_seed11,1,1,glioma,0.00010259162693928659,0.9996032460998496,0.0002941622732111412,1,glioma,0.9996032460998496,919d6f0fb3ca462983d6df6ec06846e41abd9645
mobilenet_v2,B,2877,MR049453,image_level_seed11,1,1,glioma,2.223532075768485e-05,0.9999282939641942,4.9470715048052784e-05,1,glioma,0.9999282939641942,919d6f0fb3ca462983d6df6ec06846e41abd9645
mobilenet_v2,B,2878,MR049453,image_level_seed11,1,1,glioma,4.436589186478523e-06,0.9999845292915004,1.1034119313165748e-05,1,glioma,0.9999845292915004,919d6f0fb3ca462983d6df6ec06846e41abd9645
mobilenet_v2,B,2879,MR049453,image_level_seed11,1,1,glioma,1.2572001556758966e-05,0.9999458705286998,4.155746974331948e-05,1,glioma,0.9999458705286998,919d6f0fb3ca462983d6df6ec06846e41abd9645
mobilenet_v2,B,2880,MR049453,image_level_seed11,1,1,glioma,6.769797770893844e-06,0.999986761214928,6.468987301194474e-06,1,glioma,0.999986761214928,919d6f0fb3ca462983d6df6ec06846e41abd9645
mobilenet_v2,B,2882,MR049453,image_level_seed11,1,1,glioma,1.4338763678540452e-06,0.9999967743318574,1.7917917747447376e-06,1,glioma,0.9999967743318574,919d6f0fb3ca462983d6df6ec06846e41abd9645
mobilenet_v2,B,2884,MR049453,image_level_seed11,1,1,glioma,8.402857043887146e-05,0.9999126876294792,3.2838000820301598e-06,1,glioma,0.9999126876294792,919d6f0fb3ca462983d6df6ec06846e41abd9645
mobilenet_v2,B,2888,MR024780G,image_level_seed11,1,1,glioma,3.419043335069373e-05,0.9999586423925861,7.167174063081824e-06,1,glioma,0.9999586423925861,919d6f0fb3ca462983d6df6ec06846e41abd9645
mobilenet_v2,B,2895,MR050135B,image_level_seed11,1,1,glioma,1.87558661335011e-05,0.9999779493485239,3.294785342601939e-06,1,glioma,0.9999779493485239,919d6f0fb3ca462983d6df6ec06846e41abd9645
mobilenet_v2,B,2897,MR050135B,image_level_seed11,1,1,glioma,0.00011278994170426091,0.9998265174470062,6.0692611289343865e-05,1,glioma,0.9998265174470062,919d6f0fb3ca462983d6df6ec06846e41abd9645
mobilenet_v2,B,2898,MR050135B,image_level_seed11,1,1,glioma,4.325904477877177e-05,0.9998685023549336,8.823860028768327e-05,1,glioma,0.9998685023549336,919d6f0fb3ca462983d6df6ec06846e41abd9645
mobilenet_v2,B,2902,MR050687,image_level_seed11,1,1,glioma,1.2900562300119337e-05,0.9999862595204738,8.399172262725617e-07,1,glioma,0.9999862595204738,919d6f0fb3ca462983d6df6ec06846e41abd9645
mobilenet_v2,B,2906,MR050791B,image_level_seed11,1,1,glioma,8.425501329973082e-05,0.999879965972944,3.577901375609308e-05,1,glioma,0.999879965972944,919d6f0fb3ca462983d6df6ec06846e41abd9645
mobilenet_v2,B,2911,MR050791B,image_level_seed11,1,1,glioma,0.00337455858103472,0.9965650119483486,6.04294706166771e-05,1,glioma,0.9965650119483486,919d6f0fb3ca462983d6df6ec06846e41abd9645
mobilenet_v2,B,2919,MR051461,image_level_seed11,1,1,glioma,7.706100967328098e-06,0.9999917427056764,5.511933563005309e-07,1,glioma,0.9999917427056764,919d6f0fb3ca462983d6df6ec06846e41abd9645
mobilenet_v2,B,2922,MR051461,image_level_seed11,1,1,glioma,0.00035058685759356117,0.9996349565484496,1.445659395692824e-05,1,glioma,0.9996349565484496,919d6f0fb3ca462983d6df6ec06846e41abd9645
mobilenet_v2,B,2932,MR051586,image_level_seed11,1,1,glioma,2.416161214087519e-05,0.9999744410192405,1.397368618626921e-06,1,glioma,0.9999744410192405,919d6f0fb3ca462983d6df6ec06846e41abd9645
mobilenet_v2,B,2937,MR051644,image_level_seed11,1,1,glioma,0.000150548012239702,0.9998463678359624,3.084151798074588e-06,1,glioma,0.9998463678359624,919d6f0fb3ca462983d6df6ec06846e41abd9645
mobilenet_v2,B,2939,MR051644,image_level_seed11,1,1,glioma,0.00019989995029766927,0.9997875461159068,1.2553933795595552e-05,1,glioma,0.9997875461159068,919d6f0fb3ca462983d6df6ec06846e41abd9645
mobilenet_v2,B,2952,MR051796,image_level_seed11,1,1,glioma,2.790994603615999e-05,0.9999616143649233,1.0475689040381354e-05,1,glioma,0.9999616143649233,919d6f0fb3ca462983d6df6ec06846e41abd9645
mobilenet_v2,B,2959,MR051651B,image_level_seed11,1,1,glioma,8.038359205165746e-05,0.9999180720910904,1.5443168580080647e-06,1,glioma,0.9999180720910904,919d6f0fb3ca462983d6df6ec06846e41abd9645
mobilenet_v2,B,2968,MR051644B,image_level_seed11,1,1,glioma,9.456411599340465e-07,0.999991970886207,7.083472633138407e-06,1,glioma,0.999991970886207,919d6f0fb3ca462983d6df6ec06846e41abd9645
mobilenet_v2,B,2977,MR052550,image_level_seed11,1,1,glioma,1.3291579359742422e-05,0.9999831831558069,3.525264833413315e-06,1,glioma,0.9999831831558069,919d6f0fb3ca462983d6df6ec06846e41abd9645
mobilenet_v2,B,2981,MR052550,image_level_seed11,1,1,glioma,3.583132835026381e-05,0.9998967150793797,6.74535922700692e-05,1,glioma,0.9998967150793797,919d6f0fb3ca462983d6df6ec06846e41abd9645
mobilenet_v2,B,2988,MR051644C,image_level_seed11,1,1,glioma,4.109489793528363e-06,0.9999813946415721,1.4495868634237812e-05,1,glioma,0.9999813946415721,919d6f0fb3ca462983d6df6ec06846e41abd9645
mobilenet_v2,B,2992,MR051644C,image_level_seed11,1,1,glioma,3.711545593319516e-05,0.9999601625395955,2.7220044712411716e-06,1,glioma,0.9999601625395955,919d6f0fb3ca462983d6df6ec06846e41abd9645
mobilenet_v2,B,2995,MR049942B,image_level_seed11,1,1,glioma,4.369832685410574e-06,0.9999767787923274,1.885137498732756e-05,1,glioma,0.9999767787923274,919d6f0fb3ca462983d6df6ec06846e41abd9645
mobilenet_v2,B,2996,MR052585B,image_level_seed11,1,1,glioma,0.00018837851993721584,0.9995312867439864,0.00028033473607651146,1,glioma,0.9995312867439864,919d6f0fb3ca462983d6df6ec06846e41abd9645
mobilenet_v2,B,2999,MR053110B,image_level_seed11,1,1,glioma,1.372647460954049e-05,0.9999847629873901,1.5105380003643834e-06,1,glioma,0.9999847629873901,919d6f0fb3ca462983d6df6ec06846e41abd9645
mobilenet_v2,B,3004,MR053110B,image_level_seed11,1,1,glioma,5.198331013272655e-06,0.9999944822895829,3.19379403829893e-07,1,glioma,0.9999944822895829,919d6f0fb3ca462983d6df6ec06846e41abd9645
mobilenet_v2,B,3011,MR054875,image_level_seed11,1,1,glioma,0.0001955320373185539,0.9988465020430353,0.0009579659196461982,1,glioma,0.9988465020430353,919d6f0fb3ca462983d6df6ec06846e41abd9645
mobilenet_v2,B,3018,MR050687C,image_level_seed11,1,1,glioma,5.22209229477767e-05,0.9999449194283202,2.8596487320888367e-06,1,glioma,0.9999449194283202,919d6f0fb3ca462983d6df6ec06846e41abd9645
mobilenet_v2,B,3022,MR034997,image_level_seed11,1,1,glioma,2.2633852707861777e-05,0.9999755735432002,1.792604091832471e-06,1,glioma,0.9999755735432002,919d6f0fb3ca462983d6df6ec06846e41abd9645
mobilenet_v2,B,3033,MR033389B,image_level_seed11,1,1,glioma,3.994651949714165e-05,0.9999330221673525,2.7031313150436096e-05,1,glioma,0.9999330221673525,919d6f0fb3ca462983d6df6ec06846e41abd9645
mobilenet_v2,B,3034,MR033389B,image_level_seed11,1,1,glioma,1.6500788736409347e-05,0.9999475387889083,3.596042235528133e-05,1,glioma,0.9999475387889083,919d6f0fb3ca462983d6df6ec06846e41abd9645
mobilenet_v2,B,3047,MR040240D,image_level_seed11,1,1,glioma,4.354791468167851e-05,0.999942668385919,1.378369939932682e-05,1,glioma,0.999942668385919,919d6f0fb3ca462983d6df6ec06846e41abd9645
mobilenet_v2,B,3053,MR017260F,image_level_seed11,1,1,glioma,3.2144049069144956e-06,0.9999967406513263,4.4943766869145034e-08,1,glioma,0.9999967406513263,919d6f0fb3ca462983d6df6ec06846e41abd9645
mobilenet_v2,B,3055,MR017260F,image_level_seed11,1,1,glioma,5.305117545411462e-05,0.9999435007584441,3.4480661018204868e-06,1,glioma,0.9999435007584441,919d6f0fb3ca462983d6df6ec06846e41abd9645
mobilenet_v2,B,3057,MR029209I,image_level_seed11,1,1,glioma,5.276151094195072e-06,0.9999919175610347,2.8062878710126596e-06,1,glioma,0.9999919175610347,919d6f0fb3ca462983d6df6ec06846e41abd9645
mobilenet_v2,B,3058,MR029209I,image_level_seed11,1,1,glioma,3.5590475014457612e-06,0.9999933664179089,3.074534589474204e-06,1,glioma,0.9999933664179089,919d6f0fb3ca462983d6df6ec06846e41abd9645
mobilenet_v2,B,3059,MR029209I,image_level_seed11,1,1,glioma,6.537644810972196e-06,0.999991760778428,1.7015767611319525e-06,1,glioma,0.999991760778428,919d6f0fb3ca462983d6df6ec06846e41abd9645
mobilenet_v2,B,3063,95969,image_level_seed11,1,0,meningioma,6.109347953004166e-05,0.9999316103988997,7.296121570313772e-06,1,glioma,0.9999316103988997,919d6f0fb3ca462983d6df6ec06846e41abd9645
mobilenet_v2,B,3064,88510,image_level_seed11,1,0,meningioma,0.8630017289204097,0.10730461030253953,0.029693660777050896,0,meningioma,0.8630017289204097,919d6f0fb3ca462983d6df6ec06846e41abd9645
