model,arm,image_id,patient_id,protocol,test_fold,true_class,true_class_name,prob_0,prob_1,prob_2,pred_class,pred_class_name,confidence,experiment_input_commit
mobilenet_v2,B,4,100360,image_level_seed11,4,0,meningioma,0.9983648486065261,0.0015644537876913825,7.069760578271088e-05,0,meningioma,0.9983648486065261,919d6f0fb3ca462983d6df6ec06846e41abd9645
mobilenet_v2,B,6,100572,image_level_seed11,4,0,meningioma,0.5269601292420328,0.0033394552141971564,0.4697004155437699,0,meningioma,0.5269601292420328,919d6f0fb3ca462983d6df6ec06846e41abd9645
mobilenet_v2,B,17,101127,image_level_seed11,4,0,meningioma,0.9988705502630422,0.0007566254916694524,0.0003728242452884266,0,meningioma,0.9988705502630422,919d6f0fb3ca462983d6df6ec06846e41abd9645
mobilenet_v2,B,21,101797,image_level_seed11,4,0,meningioma,0.9996234762516166,0.0003434305408354589,3.309320754802836e-05,0,meningioma,0.9996234762516166,919d6f0fb3ca462983d6df6ec06846e41abd9645
mobilenet_v2,B,22,101797,image_level_seed11,4,0,meningioma,0.9970535537349815,0.0028950071512762296,5.1439113742297644e-05,0,meningioma,0.9970535537349815,919d6f0fb3ca462983d6df6ec06846e41abd9645
mobilenet_v2,B,28,102714,image_level_seed11,4,0,meningioma,0.980779442230356,0.009302712351571549,0.009917845418072481,0,meningioma,0.980779442230356,919d6f0fb3ca462983d6df6ec06846e41abd9645
mobilenet_v2,B,38,103673,image_level_seed11,4,0,meningioma,0.9602471356543814,0.000455584000185517,0.03929728034543321,0,meningioma,0.9602471356543814,919d6f0fb3ca462983d6df6ec06846e41abd9645
mobilenet_v2,B,48,104167,image_level_seed11,4,0,meningioma,0.9993449296976888,4.469563646162749e-06,0.0006506007386649616,0,meningioma,0.9993449296976888,919d6f0fb3ca462983d6df6ec06846e41abd9645
mobilenet_v2,B,51,104281,image_level_seed11,4,0,meningioma,0.9996790826990187,0.0002909008372015846,3.0016463779773857e-05,0,meningioma,0.9996790826990187,919d6f0fb3ca462983d6df6ec06846e41abd9645
mobilenet_v2,B,52,104281,image_level_seed11,4,0,meningioma,0.9937528470342423,0.00265342001169195,0.003593732954065903,0,meningioma,0.9937528470342423,919d6f0fb3ca462983d6df6ec06846e41abd9645
mobilenet_v2,B,58,105555,image_level_seed11,4,0,meningioma,0.8324703385007142,0.16657511039968198,0.0009545510996038174,0,meningioma,0.8324703385007142,919d6f0fb3ca462983d6df6ec06846e41abd9645
mobilenet_v2,B,62,106284,image_level_seed11,4,0,meningioma,0.8930314975461123,0.031003077341476108,0.0759654251124116,0,meningioma,0.8930314975461123,919d6f0fb3ca462983d6df6ec06846e41abd9645
mobilenet_v2,B,73,106665,image_level_seed11,4,0,meningioma,0.1443481417855959,0.8531697834888982,0.0024820747255059356,1,glioma,0.8531697834888982,919d6f0fb3ca462983d6df6ec06846e41abd9645
mobilenet_v2,B,80,106720,image_level_seed11,4,0,meningioma,0.9515222359325126,0.038540543392060735,0.00993722067542662,0,meningioma,0.9515222359325126,919d6f0fb3ca462983d6df6ec06846e41abd9645
mobilenet_v2,B,82,106720,image_level_seed11,4,0,meningioma,0.9972105032761251,0.0022206652202324518,0.0005688315036424806,0,meningioma,0.9972105032761251,919d6f0fb3ca462983d6df6ec06846e41abd9645
mobilenet_v2,B,87,106914,image_level_seed11,4,0,meningioma,0.9921001212430757,0.003212134182883924,0.004687744574040401,0,meningioma,0.9921001212430757,919d6f0fb3ca462983d6df6ec06846e41abd9645
mobilenet_v2,B,91,107190,image_level_seed11,4,0,meningioma,0.6826364752211176,0.3170250363683634,0.0003384884105189928,0,meningioma,0.6826364752211176,919d6f0fb3ca462983d6df6ec06846e41abd9645
mobilenet_v2,B,94,107248,image_level_seed11,4,0,meningioma,0.7575311804584233,0.05148485103506406,0.19098396850651267,0,meningioma,0.7575311804584233,919d6f0fb3ca462983d6df6ec06846e41abd9645
mobilenet_v2,B,96,107248,image_level_seed11,4,0,meningioma,0.9386318542897905,0.001488220554101207,0.05987992515610828,0,meningioma,0.9386318542897905,919d6f0fb3ca462983d6df6ec06846e41abd9645
mobilenet_v2,B,114,108590,image_level_seed11,4,0,meningioma,0.9998259875368392,4.465369893651389e-05,0.00012935876422423328,0,meningioma,0.9998259875368392,919d6f0fb3ca462983d6df6ec06846e41abd9645
mobilenet_v2,B,116,108945,image_level_seed11,4,0,meningioma,0.9958574308543877,0.004107515922087427,3.505322352489618e-05,0,meningioma,0.9958574308543877,919d6f0fb3ca462983d6df6ec06846e41abd9645
mobilenet_v2,B,120,109968,image_level_seed11,4,0,meningioma,0.9237728749468412,0.06677527820222962,0.009451846850929113,0,meningioma,0.9237728749468412,919d6f0fb3ca462983d6df6ec06846e41abd9645
mobilenet_v2,B,121,109968,image_level_seed11,4,0,meningioma,0.7241644895866196,0.2732742378248731,0.002561272588507365,0,meningioma,0.7241644895866196,919d6f0fb3ca462983d6df6ec06846e41abd9645
mobilenet_v2,B,132,111532,image_level_seed11,4,0,meningioma,0.9999287398159244,3.910137196726075e-05,3.215881210829227e-05,0,meningioma,0.9999287398159244,919d6f0fb3ca462983d6df6ec06846e41abd9645
mobilenet_v2,B,133,111532,image_level_seed11,4,0,meningioma,0.9999338716990215,2.189664071102712e-05,4.423166026744204e-05,0,meningioma,0.9999338716990215,919d6f0fb3ca462983d6df6ec06846e41abd9645
mobilenet_v2,B,145,112552,image_level_seed11,4,0,meningioma,0.9511089976769103,0.013063096116384827,0.035827906206704944,0,meningioma,0.9511089976769103,919d6f0fb3ca462983d6df6ec06846e41abd9645
mobilenet_v2,B,148,112552,image_level_seed11,4,0,meningioma,0.9935307559497674,0.0024483725170668384,0.004020871533165874,0,meningioma,0.9935307559497674,919d6f0fb3ca462983d6df6ec06846e41abd9645
mobilenet_v2,B,156,113435,image_level_seed11,4,0,meningioma,0.994038471820413,0.004647046927150746,0.0013144812524361644,0,meningioma,0.994038471820413,919d6f0fb3ca462983d6df6ec06846e41abd9645
mobilenet_v2,B,165,114018,image_level_seed11,4,0,meningioma,0.9626010375927649,0.00026106614830860125,0.037137896258926335,0,meningioma,0.9626010375927649,919d6f0fb3ca462983d6df6ec06846e41abd9645
mobilenet_v2,B,166,114018,image_level_seed11,4,0,meningioma,0.6138877952209375,0.00039018566836388125,0.3857220191106986,0,meningioma,0.6138877952209375,919d6f0fb3ca462983d6df6ec06846e41abd9645
mobilenet_v2,B,169,114359,image_level_seed11,4,0,meningioma,0.9802086265707136,0.019780484451860755,1.08889774255892e-05,0,meningioma,0.9802086265707136,919d6f0fb3ca462983d6df6ec06846e41abd9645
mobilenet_v2,B,173,114359,image_level_seed11,4,0,meningioma,0.9999633132727945,7.345059634394075e-06,2.9341667571105612e-05,0,meningioma,0.9999633132727945,919d6f0fb3ca462983d6df6ec06846e41abd9645
mobilenet_v2,B,185,97875,image_level_seed11,4,0,meningioma,0.995216059225135,0.0036574212736020344,0.0011265195012629171,0,meningioma,0.995216059225135,919d6f0fb3ca462983d6df6ec06846e41abd9645
mobilenet_v2,B,186,97875,image_level_seed11,4,0,meningioma,0.977092141908529,0.01366664123944151,0.009241216852029487,0,meningioma,0.977092141908529,919d6f0fb3ca462983d6df6ec06846e41abd9645
mobilenet_v2,B,190,97943,image_level_seed11,4,0,meningioma,0.9986145903811755,0.0013614085977353817,2.4001021089061794e-05,0,meningioma,0.9986145903811755,919d6f0fb3ca462983d6df6ec06846e41abd9645
mobilenet_v2,B,198,99017,image_level_seed11,4,0,meningioma,0.9980419618281513,0.0001883170319719322,0.0017697211398766354,0,meningioma,0.9980419618281513,919d6f0fb3ca462983d6df6ec06846e41abd9645
mobilenet_v2,B,200,99089,image_level_seed11,4,0,meningioma,0.9991708432364503,0.00047914511792856274,0.00035001164562113745,0,meningioma,0.9991708432364503,919d6f0fb3ca462983d6df6ec06846e41abd9645
mobilenet_v2,B,202,99089,image_level_seed11,4,0,meningioma,0.9983367687482644,0.0013921020684433951,0.00027112918329213575,0,meningioma,0.9983367687482644,919d6f0fb3ca462983d6df6ec06846e41abd9645
mobilenet_v2,B,209,100820,image_level_seed11,4,1,glioma,0.015569200766858238,0.9828408667450603,0.0015899324880812406,1,glioma,0.9828408667450603,919d6f0fb3ca462983d6df6ec06846e41abd9645
mobilenet_v2,B,217,100360,image_level_seed11,4,0,meningioma,0.8811008266309918,0.09734189916721585,0.021557274201792518,0,meningioma,0.8811008266309918,919d6f0fb3ca462983d6df6ec06846e41abd9645
mobilenet_v2,B,218,100572,image_level_seed11,4,0,meningioma,0.9579401551662752,0.0012447199549294604,0.040815124878795274,0,meningioma,0.9579401551662752,919d6f0fb3ca462983d6df6ec06846e41abd9645
mobilenet_v2,B,219,100572,image_level_seed11,4,0,meningioma,0.8915960974269947,0.005890367674986344,0.10251353489801891,0,meningioma,0.8915960974269947,919d6f0fb3ca462983d6df6ec06846e41abd9645
mobilenet_v2,B,221,101016,image_level_seed11,4,0,meningioma,0.9999469908270769,3.138338262278092e-05,2.1625790300366894e-05,0,meningioma,0.9999469908270769,919d6f0fb3ca462983d6df6ec06846e41abd9645
mobilenet_v2,B,223,101016,image_level_seed11,4,0,meningioma,0.9999108178487887,5.8750150510359884e-05,3.043200070078963e-05,0,meningioma,0.9999108178487887,919d6f0fb3ca462983d6df6ec06846e41abd9645
mobilenet_v2,B,233,101797,image_level_seed11,4,0,meningioma,0.9992918093583071,0.00023319269824663424,0.00047499794344644684,0,meningioma,0.9992918093583071,919d6f0fb3ca462983d6df6ec06846e41abd9645
mobilenet_v2,B,234,101797,image_level_seed11,4,0,meningioma,0.9993435375423525,8.172434970614438e-05,0.0005747381079413977,0,meningioma,0.9993435375423525,919d6f0fb3ca462983d6df6ec06846e41abd9645
mobilenet_v2,B,237,102420,image_level_seed11,4,0,meningioma,0.9999692847553302,2.172543444433467e-05,8.989810225613465e-06,0,meningioma,0.9999692847553302,919d6f0fb3ca462983d6df6ec06846e41abd9645
mobilenet_v2,B,239,102446,image_level_seed11,4,0,meningioma,0.9978582427778283,0.0016000841853193602,0.0005416730368524068,0,meningioma,0.9978582427778283,919d6f0fb3ca462983d6df6ec06846e41abd9645
mobilenet_v2,B,240,102675,image_level_seed11,4,0,meningioma,0.9634262144707998,0.032627399543528814,0.003946385985671434,0,meningioma,0.9634262144707998,919d6f0fb3ca462983d6df6ec06846e41abd9645
mobilenet_v2,B,259,103673,image_level_seed11,4,0,meningioma,0.9837685141636561,0.00011005079160091121,0.016121435044742977,0,meningioma,0.9837685141636561,919d6f0fb3ca462983d6df6ec06846e41abd9645
mobilenet_v2,B,264,103925,image_level_seed11,4,0,meningioma,0.9964000021039033,0.003317568679140219,0.0002824292169565349,0,meningioma,0.9964000021039033,919d6f0fb3ca462983d6df6ec06846e41abd9645
mobilenet_v2,B,271,104167,image_level_seed11,4,0,meningioma,0.9999270908863731,6.224887914057791e-06,6.668422571281525e-05,0,meningioma,0.9999270908863731,919d6f0fb3ca462983d6df6ec06846e41abd9645
mobilenet_v2,B,274,104167,image_level_seed11,4,0,meningioma,0.9985300877063724,0.0013672048666022443,0.00010270742702535955,0,meningioma,0.9985300877063724,919d6f0fb3ca462983d6df6ec06846e41abd9645
mobilenet_v2,B,276,104281,image_level_seed11,4,0,meningioma,0.9952146408917791,0.004766017995734755,1.9341112486088542e-05,0,meningioma,0.9952146408917791,919d6f0fb3ca462983d6df6ec06846e41abd9645
mobilenet_v2,B,293,106284,image_level_seed11,4,0,meningioma,0.9017027045188793,2.3043773049670745e-05,0.09827425170807103,0,meningioma,0.9017027045188793,919d6f0fb3ca462983d6df6ec06846e41abd9645
mobilenet_v2,B,295,106442,image_level_seed11,4,0,meningioma,0.9999776840509811,7.944267037045803e-06,1.4371681982040625e-05,0,meningioma,0.9999776840509811,919d6f0fb3ca462983d6df6ec06846e41abd9645
mobilenet_v2,B,296,106442,image_level_seed11,4,0,meningioma,0.9998462829563964,0.00012703976688705146,2.667727671646574e-05,0,meningioma,0.9998462829563964,919d6f0fb3ca462983d6df6ec06846e41abd9645
mobilenet_v2,B,301,106665,image_level_seed11,4,0,meningioma,0.9969845119566503,0.0011691796634153131,0.001846308379934384,0,meningioma,0.9969845119566503,919d6f0fb3ca462983d6df6ec06846e41abd9645
mobilenet_v2,B,302,106665,image_level_seed11,4,0,meningioma,0.9996742732088587,1.705471053013322e-05,0.0003086720806112918,0,meningioma,0.9996742732088587,919d6f0fb3ca462983d6df6ec06846e41abd9645
mobilenet_v2,B,304,106720,image_level_seed11,4,0,meningioma,0.991683098446053,0.0017854784708842568,0.006531423083062754,0,meningioma,0.991683098446053,919d6f0fb3ca462983d6df6ec06846e41abd9645
mobilenet_v2,B,307,106720,image_level_seed11,4,0,meningioma,0.9991225732341412,0.0003790261630285908,0.0004984006028302296,0,meningioma,0.9991225732341412,919d6f0fb3ca462983d6df6ec06846e41abd9645
mobilenet_v2,B,308,106720,image_level_seed11,4,0,meningioma,0.9917522586486164,0.0002625517513936723,0.007985189599989905,0,meningioma,0.9917522586486164,919d6f0fb3ca462983d6df6ec06846e41abd9645
mobilenet_v2,B,310,106720,image_level_seed11,4,0,meningioma,0.07789028742020636,0.916799688111104,0.005310024468689725,1,glioma,0.916799688111104,919d6f0fb3ca462983d6df6ec06846e41abd9645
mobilenet_v2,B,316,107248,image_level_seed11,4,0,meningioma,0.9907395454264066,0.006148161188660394,0.003112293384932928,0,meningioma,0.9907395454264066,919d6f0fb3ca462983d6df6ec06846e41abd9645
mobilenet_v2,B,322,107494,image_level_seed11,4,0,meningioma,0.9997206771125167,0.00022226878285719283,5.705410462597963e-05,0,meningioma,0.9997206771125167,919d6f0fb3ca462983d6df6ec06846e41abd9645
mobilenet_v2,B,323,107494,image_level_seed11,4,0,meningioma,0.9734410055494149,0.025544280032279064,0.00101471441830616,0,meningioma,0.9734410055494149,919d6f0fb3ca462983d6df6ec06846e41abd9645
mobilenet_v2,B,325,107494,image_level_seed11,4,0,meningioma,0.9999183156265922,5.020393880575012e-05,3.1480434602076444e-05,0,meningioma,0.9999183156265922,919d6f0fb3ca462983d6df6ec06846e41abd9645
mobilenet_v2,B,331,108514,image_level_seed11,4,0,meningioma,0.9994318596797723,0.00034322270348540926,0.00022491761674220566,0,meningioma,0.9994318596797723,919d6f0fb3ca462983d6df6ec06846e41abd9645
mobilenet_v2,B,334,108590,image_level_seed11,4,0,meningioma,0.9999368810841164,9.570196587654373e-06,5.35487192960851e-05,0,meningioma,0.9999368810841164,919d6f0fb3ca462983d6df6ec06846e41abd9645
mobilenet_v2,B,338,108945,image_level_seed11,4,0,meningioma,0.9997205016049512,0.00015953189399528275,0.00011996650105358181,0,meningioma,0.9997205016049512,919d6f0fb3ca462983d6df6ec06846e41abd9645
mobilenet_v2,B,344,109968,image_level_seed11,4,0,meningioma,0.9998926949816773,4.7502684428139184e-05,5.9802333894646525e-05,0,meningioma,0.9998926949816773,919d6f0fb3ca462983d6df6ec06846e41abd9645
mobilenet_v2,B,349,111077,image_level_seed11,4,0,meningioma,0.9964770456285884,0.0027164364818543815,0.0008065178895571688,0,meningioma,0.9964770456285884,919d6f0fb3ca462983d6df6ec06846e41abd9645
mobilenet_v2,B,356,111366,image_level_seed11,4,0,meningioma,0.9976208769386457,0.002059153370375772,0.00031996969097867556,0,meningioma,0.9976208769386457,919d6f0fb3ca462983d6df6ec06846e41abd9645
mobilenet_v2,B,364,112002,image_level_seed11,4,0,meningioma,0.5381159644815493,0.45443162900195183,0.007452406516498838,0,meningioma,0.5381159644815493,919d6f0fb3ca462983d6df6ec06846e41abd9645
mobilenet_v2,B,375,112552,image_level_seed11,4,0,meningioma,0.9999122504812529,9.524904145645088e-06,7.822461460136324e-05,0,meningioma,0.9999122504812529,919d6f0fb3ca462983d6df6ec06846e41abd9645
mobilenet_v2,B,377,112552,image_level_seed11,4,0,meningioma,0.9983613589555742,0.0012238064563390018,0.0004148345880869043,0,meningioma,0.9983613589555742,919d6f0fb3ca462983d6df6ec06846e41abd9645
mobilenet_v2,B,378,112552,image_level_seed11,4,0,meningioma,0.9999434686380643,4.5779323202032124e-05,1.0752038733721401e-05,0,meningioma,0.9999434686380643,919d6f0fb3ca462983d6df6ec06846e41abd9645
mobilenet_v2,B,391,113554,image_level_seed11,4,0,meningioma,0.9996776228151055,3.215719076640822e-05,0.00029021999412794515,0,meningioma,0.9996776228151055,919d6f0fb3ca462983d6df6ec06846e41abd9645
mobilenet_v2,B,397,114018,image_level_seed11,4,0,meningioma,0.9894718571256881,5.352942441554861e-05,0.010474613449896475,0,meningioma,0.9894718571256881,919d6f0fb3ca462983d6df6ec06846e41abd9645
mobilenet_v2,B,403,114359,image_level_seed11,4,0,meningioma,0.9999104828631493,8.116598279685887e-05,8.351154053943024e-06,0,meningioma,0.9999104828631493,919d6f0fb3ca462983d6df6ec06846e41abd9645
mobilenet_v2,B,410,97737,image_level_seed11,4,0,meningioma,0.9832540880942084,9.242649209750028e-06,0.016736669256581602,0,meningioma,0.9832540880942084,919d6f0fb3ca462983d6df6ec06846e41abd9645
mobilenet_v2,B,414,97875,image_level_seed11,4,0,meningioma,0.9972033856896375,0.0004802824272720831,0.002316331883090326,0,meningioma,0.9972033856896375,919d6f0fb3ca462983d6df6ec06846e41abd9645
mobilenet_v2,B,415,97875,image_level_seed11,4,0,meningioma,0.8097821319198694,0.006108642650069379,0.18410922543006122,0,meningioma,0.8097821319198694,919d6f0fb3ca462983d6df6ec06846e41abd9645
mobilenet_v2,B,427,98241,image_level_seed11,4,0,meningioma,0.9999212900460598,5.268332412421197e-05,2.602662981592519e-05,0,meningioma,0.9999212900460598,919d6f0fb3ca462983d6df6ec06846e41abd9645
mobilenet_v2,B,429,98241,image_level_seed11,4,0,meningioma,0.9985729818965339,0.00013132985663125417,0.001295688246834817,0,meningioma,0.9985729818965339,919d6f0fb3ca462983d6df6ec06846e41abd9645
mobilenet_v2,B,442,100360,image_level_seed11,4,0,meningioma,0.9907035026224523,0.00919565680659088,0.00010084057095667085,0,meningioma,0.9907035026224523,919d6f0fb3ca462983d6df6ec06846e41abd9645
mobilenet_v2,B,444,100360,image_level_seed11,4,0,meningioma,0.9905240859329227,0.008028800707113771,0.0014471133599633945,0,meningioma,0.9905240859329227,919d6f0fb3ca462983d6df6ec06846e41abd9645
mobilenet_v2,B,450,100639,image_level_seed11,4,0,meningioma,0.9813746380375402,0.01851678585429957,0.00010857610816025923,0,meningioma,0.9813746380375402,919d6f0fb3ca462983d6df6ec06846e41abd9645
mobilenet_v2,B,452,100920,image_level_seed11,4,0,meningioma,0.9979806677322008,0.001777083090479992,0.00024224917731914737,0,meningioma,0.9979806677322008,919d6f0fb3ca462983d6df6ec06846e41abd9645
mobilenet_v2,B,467,101797,image_level_seed11,4,0,meningioma,0.9999266582573826,4.180950240502789e-06,6.916079237689039e-05,0,meningioma,0.9999266582573826,919d6f0fb3ca462983d6df6ec06846e41abd9645
mobilenet_v2,B,469,101797,image_level_seed11,4,0,meningioma,0.9979085137482324,0.0019353230951261063,0.0001561631566414924,0,meningioma,0.9979085137482324,919d6f0fb3ca462983d6df6ec06846e41abd9645
mobilenet_v2,B,471,101801,image_level_seed11,4,0,meningioma,0.9999489149310296,4.352112744104638e-05,7.5639415294498184e-06,0,meningioma,0.9999489149310296,919d6f0fb3ca462983d6df6ec06846e41abd9645
mobilenet_v2,B,483,102714,image_level_seed11,4,0,meningioma,0.9996723206137753,0.00023061909894460907,9.706028728004107e-05,0,meningioma,0.9996723206137753,919d6f0fb3ca462983d6df6ec06846e41abd9645
mobilenet_v2,B,485,102818,image_level_seed11,4,0,meningioma,0.9947902331251472,0.002782076090642495,0.002427690784210237,0,meningioma,0.9947902331251472,919d6f0fb3ca462983d6df6ec06846e41abd9645
mobilenet_v2,B,487,102818,image_level_seed11,4,0,meningioma,0.9974215642388098,0.00017534280041485412,0.002403092960775125,0,meningioma,0.9974215642388098,919d6f0fb3ca462983d6df6ec06846e41abd9645
mobilenet_v2,B,490,102960,image_level_seed11,4,0,meningioma,0.23832460605442532,0.7588126155791939,0.0028627783663808027,1,glioma,0.7588126155791939,919d6f0fb3ca462983d6df6ec06846e41abd9645
mobilenet_v2,B,492,102960,image_level_seed11,4,0,meningioma,0.7671981365198144,0.13417565403250634,0.09862620944767922,0,meningioma,0.7671981365198144,919d6f0fb3ca462983d6df6ec06846e41abd9645
mobilenet_v2,B,496,103673,image_level_seed11,4,0,meningioma,0.9966954675480384,0.00014369525417116756,0.0031608371977903667,0,meningioma,0.9966954675480384,919d6f0fb3ca462983d6df6ec06846e41abd9645
mobilenet_v2,B,499,103673,image_level_seed11,4,0,meningioma,0.9879680363804212,0.00010445652020603346,0.011927507099372747,0,meningioma,0.9879680363804212,919d6f0fb3ca462983d6df6ec06846e41abd9645
mobilenet_v2,B,503,103925,image_level_seed11,4,0,meningioma,0.9895567164974928,0.00870531904156732,0.0017379644609397359,0,meningioma,0.9895567164974928,919d6f0fb3ca462983d6df6ec06846e41abd9645
mobilenet_v2,B,504,103925,image_level_seed11,4,0,meningioma,0.9994531259567613,0.0002390851366516418,0.00030778890658708717,0,meningioma,0.9994531259567613,919d6f0fb3ca462983d6df6ec06846e41abd9645
mobilenet_v2,B,515,104695,image_level_seed11,4,0,meningioma,0.9903421683183811,0.009570144144412417,8.768753720637917e-05,0,meningioma,0.9903421683183811,919d6f0fb3ca462983d6df6ec06846e41abd9645
mobilenet_v2,B,516,104695,image_level_seed11,4,0,meningioma,0.9999427710255734,3.8763999144056487e-05,1.8464975282812173e-05,0,meningioma,0.9999427710255734,919d6f0fb3ca462983d6df6ec06846e41abd9645
mobilenet_v2,B,519,105555,image_level_seed11,4,0,meningioma,0.9569982794646212,0.030670410240091185,0.01233131029528743,0,meningioma,0.9569982794646212,919d6f0fb3ca462983d6df6ec06846e41abd9645
mobilenet_v2,B,521,105937,image_level_seed11,4,0,meningioma,0.9999394274214108,7.885296709133596e-06,5.268728187994255e-05,0,meningioma,0.9999394274214108,919d6f0fb3ca462983d6df6ec06846e41abd9645
mobilenet_v2,B,527,106442,image_level_seed11,4,0,meningioma,0.9998761583094733,0.0001158179245260861,8.023766000658056e-06,0,meningioma,0.9998761583094733,919d6f0fb3ca462983d6df6ec06846e41abd9645
mobilenet_v2,B,535,106665,image_level_seed11,4,0,meningioma,0.9999627491865722,8.541533881228538e-06,2.8709279546654694e-05,0,meningioma,0.9999627491865722,919d6f0fb3ca462983d6df6ec06846e41abd9645
mobilenet_v2,B,547,106914,image_level_seed11,4,0,meningioma,0.9999817888942345,1.3375851819698279e-05,4.835253945899997e-06,0,meningioma,0.9999817888942345,919d6f0fb3ca462983d6df6ec06846e41abd9645
mobilenet_v2,B,570,108550,image_level_seed11,4,0,meningioma,0.9938289568358727,0.004588741234532357,0.0015823019295949313,0,meningioma,0.9938289568358727,919d6f0fb3ca462983d6df6ec06846e41abd9645
mobilenet_v2,B,575,108945,image_level_seed11,4,0,meningioma,0.9999806979532193,5.463437725888808e-06,1.3838609054864922e-05,0,meningioma,0.9999806979532193,919d6f0fb3ca462983d6df6ec06846e41abd9645
mobilenet_v2,B,578,109350,image_level_seed11,4,0,meningioma,0.9983113481035055,4.30237070934857e-05,0.0016456281894008623,0,meningioma,0.9983113481035055,919d6f0fb3ca462983d6df6ec06846e41abd9645
mobilenet_v2,B,579,109411,image_level_seed11,4,0,meningioma,0.65997890034141,0.33944371946648594,0.000577380192104104,0,meningioma,0.65997890034141,919d6f0fb3ca462983d6df6ec06846e41abd9645
mobilenet_v2,B,584,110808,image_level_seed11,4,0,meningioma,0.9728745740264789,0.02462731896285475,0.0024981070106662438,0,meningioma,0.9728745740264789,919d6f0fb3ca462983d6df6ec06846e41abd9645
mobilenet_v2,B,589,111366,image_level_seed11,4,0,meningioma,0.28394250129148857,0.7131527167724716,0.0029047819360398437,1,glioma,0.7131527167724716,919d6f0fb3ca462983d6df6ec06846e41abd9645
mobilenet_v2,B,596,111696,image_level_seed11,4,0,meningioma,0.999297659085145,0.00015159889239114638,0.000550742022463891,0,meningioma,0.999297659085145,919d6f0fb3ca462983d6df6ec06846e41abd9645
mobilenet_v2,B,597,111710,image_level_seed11,4,0,meningioma,0.6812726847506614,0.31841153225855895,0.00031578299077951737,0,meningioma,0.6812726847506614,919d6f0fb3ca462983d6df6ec06846e41abd9645
mobilenet_v2,B,598,111710,image_level_seed11,4,0,meningioma,0.9075216583413738,0.09226964489786886,0.00020869676075741236,0,meningioma,0.9075216583413738,919d6f0fb3ca462983d6df6ec06846e41abd9645
mobilenet_v2,B,612,112552,image_level_seed11,4,0,meningioma,0.9999817491510856,1.0407930612756585e-05,7.842918301533738e-06,0,meningioma,0.9999817491510856,919d6f0fb3ca462983d6df6ec06846e41abd9645
mobilenet_v2,B,614,112552,image_level_seed11,4,0,meningioma,0.9958913096809937,0.004105818702712576,2.8716162938286315e-06,0,meningioma,0.9958913096809937,919d6f0fb3ca462983d6df6ec06846e41abd9645
mobilenet_v2,B,615,112648,image_level_seed11,4,0,meningioma,0.9685495041803314,0.03000883088304764,0.0014416649366210098,0,meningioma,0.9685495041803314,919d6f0fb3ca462983d6df6ec06846e41abd9645
mobilenet_v2,B,647,114018,image_level_seed11,4,0,meningioma,0.9945961416791851,0.00018555778336549794,0.005218300537449437,0,meningioma,0.9945961416791851,919d6f0fb3ca462983d6df6ec06846e41abd9645
mobilenet_v2,B,655,114417,image_level_seed11,4,0,meningioma,0.9666944904275226,0.03324545775514881,6.00518173285914e-05,0,meningioma,0.9666944904275226,919d6f0fb3ca462983d6df6ec06846e41abd9645
mobilenet_v2,B,672,97737,image_level_seed11,4,0,meningioma,0.9999179864274592,1.7151475673445578e-05,6.486209686737773e-05,0,meningioma,0.9999179864274592,919d6f0fb3ca462983d6df6ec06846e41abd9645
mobilenet_v2,B,688,99089,image_level_seed11,4,0,meningioma,0.9494018044598729,0.00041821887966930743,0.05017997666045781,0,meningioma,0.9494018044598729,919d6f0fb3ca462983d6df6ec06846e41abd9645
mobilenet_v2,B,695,99162,image_level_seed11,4,0,meningioma,0.9976446855757863,0.00017007105423700502,0.002185243369976594,0,meningioma,0.9976446855757863,919d6f0fb3ca462983d6df6ec06846e41abd9645
mobilenet_v2,B,714,106062,image_level_seed11,4,2,pituitary,1.1991104698154791e-05,1.9755377480198016e-06,0.9999860333575538,2,pituitary,0.9999860333575538,919d6f0fb3ca462983d6df6ec06846e41abd9645
mobilenet_v2,B,717,100820,image_level_seed11,4,1,glioma,0.05139031339240777,0.9483799324205836,0.00022975418700853413,1,glioma,0.9483799324205836,919d6f0fb3ca462983d6df6ec06846e41abd9645
mobilenet_v2,B,727,103148,image_level_seed11,4,1,glioma,0.00018301605435175103,0.9997941129433848,2.28710022632906e-05,1,glioma,0.9997941129433848,919d6f0fb3ca462983d6df6ec06846e41abd9645
mobilenet_v2,B,731,106494,image_level_seed11,4,1,glioma,0.0001368789557975957,0.9998552980680498,7.822976152473913e-06,1,glioma,0.9998552980680498,919d6f0fb3ca462983d6df6ec06846e41abd9645
mobilenet_v2,B,738,107747,image_level_seed11,4,1,glioma,0.0009156519617218987,0.9990748338517177,9.5141865604231e-06,1,glioma,0.9990748338517177,919d6f0fb3ca462983d6df6ec06846e41abd9645
mobilenet_v2,B,762,102075,image_level_seed11,4,1,glioma,0.0175519334306383,0.981076898407528,0.001371168161833718,1,glioma,0.981076898407528,919d6f0fb3ca462983d6df6ec06846e41abd9645
mobilenet_v2,B,763,102075,image_level_seed11,4,1,glioma,0.1053792763306661,0.8885196238740283,0.0061010997953055805,1,glioma,0.8885196238740283,919d6f0fb3ca462983d6df6ec06846e41abd9645
mobilenet_v2,B,768,106494,image_level_seed11,4,1,glioma,0.003199376124110166,0.9953121949957284,0.0014884288801613682,1,glioma,0.9953121949957284,919d6f0fb3ca462983d6df6ec06846e41abd9645
mobilenet_v2,B,771,106494,image_level_seed11,4,1,glioma,0.0013672832433877671,0.9986161975659803,1.6519190631836863e-05,1,glioma,0.9986161975659803,919d6f0fb3ca462983d6df6ec06846e41abd9645
mobilenet_v2,B,781,112105,image_level_seed11,4,1,glioma,0.18430644804534796,0.7841690505849083,0.03152450136974371,1,glioma,0.7841690505849083,919d6f0fb3ca462983d6df6ec06846e41abd9645
mobilenet_v2,B,782,112105,image_level_seed11,4,1,glioma,0.0018345542540320443,0.997258499589668,0.0009069461563000418,1,glioma,0.997258499589668,919d6f0fb3ca462983d6df6ec06846e41abd9645
mobilenet_v2,B,798,88670,image_level_seed11,4,1,glioma,0.027548903320374626,0.9721583388655248,0.0002927578141004484,1,glioma,0.9721583388655248,919d6f0fb3ca462983d6df6ec06846e41abd9645
mobilenet_v2,B,800,90284,image_level_seed11,4,1,glioma,0.0003554149511564642,0.9993752281228894,0.0002693569259542116,1,glioma,0.9993752281228894,919d6f0fb3ca462983d6df6ec06846e41abd9645
mobilenet_v2,B,801,90284,image_level_seed11,4,1,glioma,0.0010163170636070266,0.9986461676911009,0.0003375152452919466,1,glioma,0.9986461676911009,919d6f0fb3ca462983d6df6ec06846e41abd9645
mobilenet_v2,B,805,90284,image_level_seed11,4,1,glioma,0.00013189526550194376,0.9998527103628736,1.53943716244835e-05,1,glioma,0.9998527103628736,919d6f0fb3ca462983d6df6ec06846e41abd9645
mobilenet_v2,B,806,90284,image_level_seed11,4,1,glioma,0.0007348249620247409,0.9981142346000142,0.0011509404379610787,1,glioma,0.9981142346000142,919d6f0fb3ca462983d6df6ec06846e41abd9645
mobilenet_v2,B,808,92897,image_level_seed11,4,1,glioma,0.6659648523745604,0.33112014091968134,0.0029150067057581736,0,meningioma,0.6659648523745604,919d6f0fb3ca462983d6df6ec06846e41abd9645
mobilenet_v2,B,815,97609,image_level_seed11,4,1,glioma,0.002134947408565583,0.9978356625714061,2.9390020028347428e-05,1,glioma,0.9978356625714061,919d6f0fb3ca462983d6df6ec06846e41abd9645
mobilenet_v2,B,819,100416,image_level_seed11,4,1,glioma,0.00011932824793082112,0.9997783359089294,0.00010233584313979655,1,glioma,0.9997783359089294,919d6f0fb3ca462983d6df6ec06846e41abd9645
mobilenet_v2,B,838,102075,image_level_seed11,4,1,glioma,0.041121251154989436,0.9580456311916491,0.0008331176533615137,1,glioma,0.9580456311916491,919d6f0fb3ca462983d6df6ec06846e41abd9645
mobilenet_v2,B,841,103148,image_level_seed11,4,1,glioma,0.006568759704252124,0.9934175514968936,1.3688798854331201e-05,1,glioma,0.9934175514968936,919d6f0fb3ca462983d6df6ec06846e41abd9645
mobilenet_v2,B,856,107747,image_level_seed11,4,1,glioma,0.040479480897774145,0.9571354768091744,0.002385042293051517,1,glioma,0.9571354768091744,919d6f0fb3ca462983d6df6ec06846e41abd9645
mobilenet_v2,B,859,112105,image_level_seed11,4,1,glioma,0.005796831035325094,0.9939780173564912,0.0002251516081837087,1,glioma,0.9939780173564912,919d6f0fb3ca462983d6df6ec06846e41abd9645
mobilenet_v2,B,864,112105,image_level_seed11,4,1,glioma,0.0010035370222486754,0.9989425946782267,5.3868299524607265e-05,1,glioma,0.9989425946782267,919d6f0fb3ca462983d6df6ec06846e41abd9645
mobilenet_v2,B,867,88670,image_level_seed11,4,1,glioma,0.005575387434244706,0.9942578977327144,0.00016671483304096798,1,glioma,0.9942578977327144,919d6f0fb3ca462983d6df6ec06846e41abd9645
mobilenet_v2,B,868,88670,image_level_seed11,4,1,glioma,0.0004772180950623165,0.999494247520445,2.853438449256214e-05,1,glioma,0.999494247520445,919d6f0fb3ca462983d6df6ec06846e41abd9645
mobilenet_v2,B,872,90284,image_level_seed11,4,1,glioma,0.06594390391799698,0.9340024127908813,5.36832911216941e-05,1,glioma,0.9340024127908813,919d6f0fb3ca462983d6df6ec06846e41abd9645
mobilenet_v2,B,874,90284,image_level_seed11,4,1,glioma,0.01021243752894715,0.945020735764124,0.0447668267069287,1,glioma,0.945020735764124,919d6f0fb3ca462983d6df6ec06846e41abd9645
mobilenet_v2,B,877,90284,image_level_seed11,4,1,glioma,0.00012902749578533088,0.999844161215736,2.6811288478499702e-05,1,glioma,0.999844161215736,919d6f0fb3ca462983d6df6ec06846e41abd9645
mobilenet_v2,B,881,92897,image_level_seed11,4,1,glioma,0.18634249463293132,0.7843570086761528,0.029300496690915973,1,glioma,0.7843570086761528,919d6f0fb3ca462983d6df6ec06846e41abd9645
mobilenet_v2,B,894,94731,image_level_seed11,4,1,glioma,0.008480154166195911,0.990962793851976,0.0005570519818281507,1,glioma,0.990962793851976,919d6f0fb3ca462983d6df6ec06846e41abd9645
mobilenet_v2,B,903,95142,image_level_seed11,4,1,glioma,0.03468570187295892,0.9622254977656165,0.003088800361424661,1,glioma,0.9622254977656165,919d6f0fb3ca462983d6df6ec06846e41abd9645
mobilenet_v2,B,904,96587,image_level_seed11,4,1,glioma,0.0013989356102493994,0.9985471081565781,5.3956233172618336e-05,1,glioma,0.9985471081565781,919d6f0fb3ca462983d6df6ec06846e41abd9645
mobilenet_v2,B,907,96587,image_level_seed11,4,1,glioma,0.001932961376928262,0.9979933289368735,7.370968619840233e-05,1,glioma,0.9979933289368735,919d6f0fb3ca462983d6df6ec06846e41abd9645
mobilenet_v2,B,912,98889,image_level_seed11,4,1,glioma,0.0001346239113527738,0.9998625504899057,2.8255987415398155e-06,1,glioma,0.9998625504899057,919d6f0fb3ca462983d6df6ec06846e41abd9645
mobilenet_v2,B,914,98889,image_level_seed11,4,1,glioma,0.00020915879478519974,0.999594360791081,0.00019648041413361324,1,glioma,0.999594360791081,919d6f0fb3ca462983d6df6ec06846e41abd9645
mobilenet_v2,B,919,105936,image_level_seed11,4,2,pituitary,1.2379500645402884e-06,5.992413019345218e-06,0.9999927696369161,2,pituitary,0.9999927696369161,919d6f0fb3ca462983d6df6ec06846e41abd9645
mobilenet_v2,B,921,105936,image_level_seed11,4,2,pituitary,8.471039531174171e-07,2.458145558192496e-06,0.9999966947504887,2,pituitary,0.9999966947504887,919d6f0fb3ca462983d6df6ec06846e41abd9645
mobilenet_v2,B,928,107495,image_level_seed11,4,2,pituitary,0.0004608734339980379,6.945296500859983e-05,0.9994696736009934,2,pituitary,0.9994696736009934,919d6f0fb3ca462983d6df6ec06846e41abd9645
mobilenet_v2,B,929,107495,image_level_seed11,4,2,pituitary,0.0003296365292338457,0.0001182378723558122,0.9995521255984104,2,pituitary,0.9995521255984104,919d6f0fb3ca462983d6df6ec06846e41abd9645
mobilenet_v2,B,933,107429,image_level_seed11,4,2,pituitary,0.0010022778387848291,0.00010492402864822565,0.9988927981325668,2,pituitary,0.9988927981325668,919d6f0fb3ca462983d6df6ec06846e41abd9645
mobilenet_v2,B,935,107429,image_level_seed11,4,2,pituitary,0.0003805740184928321,6.87724364035047e-05,0.9995506535451038,2,pituitary,0.9995506535451038,919d6f0fb3ca462983d6df6ec06846e41abd9645
mobilenet_v2,B,947,107743,image_level_seed11,4,2,pituitary,0.0001621507360411049,1.5617215601013015e-05,0.9998222320483577,2,pituitary,0.9998222320483577,919d6f0fb3ca462983d6df6ec06846e41abd9645
mobilenet_v2,B,957,108931,image_level_seed11,4,2,pituitary,4.45980864146505e-06,4.815967665246293e-05,0.9999473805147061,2,pituitary,0.9999473805147061,919d6f0fb3ca462983d6df6ec06846e41abd9645
mobilenet_v2,B,968,109898,image_level_seed11,4,2,pituitary,0.0003481153399699362,0.00017007464470061644,0.9994818100153294,2,pituitary,0.9994818100153294,919d6f0fb3ca462983d6df6ec06846e41abd9645
mobilenet_v2,B,971,109898,image_level_seed11,4,2,pituitary,0.0005236222755688764,0.0006899362321618935,0.9987864414922691,2,pituitary,0.9987864414922691,919d6f0fb3ca462983d6df6ec06846e41abd9645
mobilenet_v2,B,973,110518,image_level_seed11,4,2,pituitary,0.23067366741450515,0.013383476140632813,0.755942856444862,2,pituitary,0.755942856444862,919d6f0fb3ca462983d6df6ec06846e41abd9645
mobilenet_v2,B,975,110537,image_level_seed11,4,2,pituitary,2.53060285656152e-05,0.000157325435292768,0.9998173685361416,2,pituitary,0.9998173685361416,919d6f0fb3ca462983d6df6ec06846e41abd9645
mobilenet_v2,B,989,111125,image_level_seed11,4,2,pituitary,4.997767172056447e-05,2.0092459268209123e-05,0.9999299298690111,2,pituitary,0.9999299298690111,919d6f0fb3ca462983d6df6ec06846e41abd9645
mobilenet_v2,B,1000,112649,image_level_seed11,4,2,pituitary,0.0003834006133459238,0.0004622341796950727,0.999154365206959,2,pituitary,0.999154365206959,919d6f0fb3ca462983d6df6ec06846e41abd9645
mobilenet_v2,B,1006,112847,image_level_seed11,4,2,pituitary,0.0006660605447727855,0.0008192907313492118,0.998514648723878,2,pituitary,0.998514648723878,919d6f0fb3ca462983d6df6ec06846e41abd9645
mobilenet_v2,B,1012,113274,image_level_seed11,4,2,pituitary,7.923065364630804e-06,3.5995562087957144e-06,0.9999884773784266,2,pituitary,0.9999884773784266,919d6f0fb3ca462983d6df6ec06846e41abd9645
mobilenet_v2,B,1022,114094,image_level_seed11,4,2,pituitary,0.009297126296811075,0.0013094983953236162,0.9893933753078652,2,pituitary,0.9893933753078652,919d6f0fb3ca462983d6df6ec06846e41abd9645
mobilenet_v2,B,1027,101017,image_level_seed11,4,2,pituitary,3.5427232246820868e-06,3.1531907497266128e-06,0.9999933040860257,2,pituitary,0.9999933040860257,919d6f0fb3ca462983d6df6ec06846e41abd9645
mobilenet_v2,B,1029,101017,image_level_seed11,4,2,pituitary,2.12889927355183e-06,1.6415651456260812e-06,0.9999962295355809,2,pituitary,0.9999962295355809,919d6f0fb3ca462983d6df6ec06846e41abd9645
mobilenet_v2,B,1033,101029,image_level_seed11,4,2,pituitary,0.0002413428413732763,0.002261297707923421,0.9974973594507034,2,pituitary,0.9974973594507034,919d6f0fb3ca462983d6df6ec06846e41abd9645
mobilenet_v2,B,1035,106062,image_level_seed11,4,2,pituitary,0.00015388386953212483,0.00018576667348426925,0.9996603494569837,2,pituitary,0.9996603494569837,919d6f0fb3ca462983d6df6ec06846e41abd9645
mobilenet_v2,B,1040,106062,image_level_seed11,4,2,pituitary,0.0003017968224669054,0.00037486355197102674,0.9993233396255621,2,pituitary,0.9993233396255621,919d6f0fb3ca462983d6df6ec06846e41abd9645
mobilenet_v2,B,1043,107495,image_level_seed11,4,2,pituitary,4.7314995008350223e-05,1.6620307982812335e-05,0.9999360646970087,2,pituitary,0.9999360646970087,919d6f0fb3ca462983d6df6ec06846e41abd9645
mobilenet_v2,B,1052,107429,image_level_seed11,4,2,pituitary,5.345353094580919e-06,3.8980121580914566e-07,0.9999942648456897,2,pituitary,0.9999942648456897,919d6f0fb3ca462983d6df6ec06846e41abd9645
mobilenet_v2,B,1054,107505,image_level_seed11,4,2,pituitary,3.098221714911691e-05,2.0190630057729295e-05,0.9999488271527932,2,pituitary,0.9999488271527932,919d6f0fb3ca462983d6df6ec06846e41abd9645
mobilenet_v2,B,1061,107743,image_level_seed11,4,2,pituitary,0.00018398342412778932,4.624508860051118e-06,0.9998113920670122,2,pituitary,0.9998113920670122,919d6f0fb3ca462983d6df6ec06846e41abd9645
mobilenet_v2,B,1062,107743,image_level_seed11,4,2,pituitary,0.00014943241282633582,4.461954025708238e-06,0.9998461056331479,2,pituitary,0.9998461056331479,919d6f0fb3ca462983d6df6ec06846e41abd9645
mobilenet_v2,B,1064,107743,image_level_seed11,4,2,pituitary,0.005157303748663609,0.00029897597401976544,0.9945437202773165,2,pituitary,0.9945437202773165,919d6f0fb3ca462983d6df6ec06846e41abd9645
mobilenet_v2,B,1068,108858,image_level_seed11,4,2,pituitary,0.0011440062598813857,0.0003893229152335128,0.9984666708248852,2,pituitary,0.9984666708248852,919d6f0fb3ca462983d6df6ec06846e41abd9645
mobilenet_v2,B,1069,108858,image_level_seed11,4,2,pituitary,0.0006190721320175341,0.0003159982522340884,0.9990649296157484,2,pituitary,0.9990649296157484,919d6f0fb3ca462983d6df6ec06846e41abd9645
mobilenet_v2,B,1088,109898,image_level_seed11,4,2,pituitary,0.00040047055033489484,6.46477867468552e-05,0.9995348816629183,2,pituitary,0.9995348816629183,919d6f0fb3ca462983d6df6ec06846e41abd9645
mobilenet_v2,B,1091,109898,image_level_seed11,4,2,pituitary,0.00026054486641552513,6.789942070748031e-06,0.9997326651915137,2,pituitary,0.9997326651915137,919d6f0fb3ca462983d6df6ec06846e41abd9645
mobilenet_v2,B,1100,110537,image_level_seed11,4,2,pituitary,5.010991415163036e-06,2.898197020480363e-06,0.9999920908115643,2,pituitary,0.9999920908115643,919d6f0fb3ca462983d6df6ec06846e41abd9645
mobilenet_v2,B,1105,110537,image_level_seed11,4,2,pituitary,0.0010431640486621573,1.889870629029279e-06,0.9989549460807088,2,pituitary,0.9989549460807088,919d6f0fb3ca462983d6df6ec06846e41abd9645
mobilenet_v2,B,1110,110993,image_level_seed11,4,2,pituitary,1.8823341022104873e-06,9.051328409193104e-08,0.9999980271526138,2,pituitary,0.9999980271526138,919d6f0fb3ca462983d6df6ec06846e41abd9645
mobilenet_v2,B,1114,111075,image_level_seed11,4,2,pituitary,0.00012965442781071572,3.134230147150115e-05,0.9998390032707177,2,pituitary,0.9998390032707177,919d6f0fb3ca462983d6df6ec06846e41abd9645
mobilenet_v2,B,1124,111785,image_level_seed11,4,2,pituitary,1.908436749821153e-05,3.238172481535565e-05,0.9999485339076865,2,pituitary,0.9999485339076865,919d6f0fb3ca462983d6df6ec06846e41abd9645
mobilenet_v2,B,1125,111785,image_level_seed11,4,2,pituitary,9.898632512848742e-05,1.2116927424373423e-05,0.9998888967474471,2,pituitary,0.9998888967474471,919d6f0fb3ca462983d6df6ec06846e41abd9645
mobilenet_v2,B,1127,111785,image_level_seed11,4,2,pituitary,9.071744997224873e-05,4.313808023341696e-05,0.9998661444697944,2,pituitary,0.9998661444697944,919d6f0fb3ca462983d6df6ec06846e41abd9645
mobilenet_v2,B,1130,112074,image_level_seed11,4,2,pituitary,0.0036910476834605965,0.0012055159420223734,0.9951034363745171,2,pituitary,0.9951034363745171,919d6f0fb3ca462983d6df6ec06846e41abd9645
mobilenet_v2,B,1133,112074,image_level_seed11,4,2,pituitary,0.01511648346147362,0.006379648250051645,0.9785038682884747,2,pituitary,0.9785038682884747,919d6f0fb3ca462983d6df6ec06846e41abd9645
mobilenet_v2,B,1137,112649,image_level_seed11,4,2,pituitary,4.419170326019461e-05,2.06656458114982e-05,0.9999351426509283,2,pituitary,0.9999351426509283,919d6f0fb3ca462983d6df6ec06846e41abd9645
mobilenet_v2,B,1141,112746,image_level_seed11,4,2,pituitary,4.917385143302918e-06,3.8117073314399043e-06,0.9999912709075252,2,pituitary,0.9999912709075252,919d6f0fb3ca462983d6df6ec06846e41abd9645
mobilenet_v2,B,1146,112847,image_level_seed11,4,2,pituitary,4.728555423563541e-05,1.6323331747953736e-05,0.9999363911140166,2,pituitary,0.9999363911140166,919d6f0fb3ca462983d6df6ec06846e41abd9645
mobilenet_v2,B,1150,113274,image_level_seed11,4,2,pituitary,1.0427515214255606e-05,0.00032033436676732146,0.9996692381180184,2,pituitary,0.9996692381180184,919d6f0fb3ca462983d6df6ec06846e41abd9645
mobilenet_v2,B,1151,113741,image_level_seed11,4,2,pituitary,4.588187083436503e-05,2.521305498529054e-05,0.9999289050741804,2,pituitary,0.9999289050741804,919d6f0fb3ca462983d6df6ec06846e41abd9645
mobilenet_v2,B,1152,113741,image_level_seed11,4,2,pituitary,0.00041739919141350754,3.1504982414873676e-05,0.9995510958261715,2,pituitary,0.9995510958261715,919d6f0fb3ca462983d6df6ec06846e41abd9645
mobilenet_v2,B,1167,105936,image_level_seed11,4,2,pituitary,4.579242258251456e-05,8.249766998384642e-05,0.9998717099074336,2,pituitary,0.9998717099074336,919d6f0fb3ca462983d6df6ec06846e41abd9645
mobilenet_v2,B,1173,106062,image_level_seed11,4,2,pituitary,0.0012978493151054994,7.540466596477204e-05,0.9986267460189298,2,pituitary,0.9986267460189298,919d6f0fb3ca462983d6df6ec06846e41abd9645
mobilenet_v2,B,1181,107495,image_level_seed11,4,2,pituitary,0.0007315005680875908,0.001022979510145999,0.9982455199217664,2,pituitary,0.9982455199217664,919d6f0fb3ca462983d6df6ec06846e41abd9645
mobilenet_v2,B,1182,107429,image_level_seed11,4,2,pituitary,0.0011558671085722821,0.0003079719110667535,0.9985361609803609,2,pituitary,0.9985361609803609,919d6f0fb3ca462983d6df6ec06846e41abd9645
mobilenet_v2,B,1184,107429,image_level_seed11,4,2,pituitary,8.658340650878097e-06,1.3910267374770386e-06,0.9999899506326115,2,pituitary,0.9999899506326115,919d6f0fb3ca462983d6df6ec06846e41abd9645
mobilenet_v2,B,1186,107429,image_level_seed11,4,2,pituitary,8.703397463475068e-05,3.6322433084291786e-06,0.9999093337820568,2,pituitary,0.9999093337820568,919d6f0fb3ca462983d6df6ec06846e41abd9645
mobilenet_v2,B,1190,107505,image_level_seed11,4,2,pituitary,0.00035100402815940425,0.0006900950137136684,0.9989589009581269,2,pituitary,0.9989589009581269,919d6f0fb3ca462983d6df6ec06846e41abd9645
mobilenet_v2,B,1197,107743,image_level_seed11,4,2,pituitary,5.4965773692056744e-05,0.0001432597106301449,0.9998017745156779,2,pituitary,0.9998017745156779,919d6f0fb3ca462983d6df6ec06846e41abd9645
mobilenet_v2,B,1199,108858,image_level_seed11,4,2,pituitary,2.9168659344328046e-05,2.323058890637341e-06,0.9999685082817651,2,pituitary,0.9999685082817651,919d6f0fb3ca462983d6df6ec06846e41abd9645
mobilenet_v2,B,1203,108931,image_level_seed11,4,2,pituitary,6.459235946886796e-06,5.047197772701315e-05,0.9999430687863262,2,pituitary,0.9999430687863262,919d6f0fb3ca462983d6df6ec06846e41abd9645
mobilenet_v2,B,1216,109769,image_level_seed11,4,2,pituitary,0.0001724079551012168,1.8097985060254357e-05,0.9998094940598384,2,pituitary,0.9998094940598384,919d6f0fb3ca462983d6df6ec06846e41abd9645
mobilenet_v2,B,1227,110537,image_level_seed11,4,2,pituitary,7.414925234142611e-05,3.091341199444514e-05,0.999894937335664,2,pituitary,0.999894937335664,919d6f0fb3ca462983d6df6ec06846e41abd9645
mobilenet_v2,B,1235,111075,image_level_seed11,4,2,pituitary,5.530023589714265e-05,1.546992605478734e-05,0.999929229838048,2,pituitary,0.999929229838048,919d6f0fb3ca462983d6df6ec06846e41abd9645
mobilenet_v2,B,1238,111125,image_level_seed11,4,2,pituitary,5.277919226453141e-05,1.3423618649466308e-05,0.999933797189086,2,pituitary,0.999933797189086,919d6f0fb3ca462983d6df6ec06846e41abd9645
mobilenet_v2,B,1239,111125,image_level_seed11,4,2,pituitary,4.9913626570040584e-05,2.166885518443989e-05,0.9999284175182456,2,pituitary,0.9999284175182456,919d6f0fb3ca462983d6df6ec06846e41abd9645
mobilenet_v2,B,1240,111125,image_level_seed11,4,2,pituitary,0.0003225407619053654,6.09082087126607e-06,0.9996713684172234,2,pituitary,0.9996713684172234,919d6f0fb3ca462983d6df6ec06846e41abd9645
mobilenet_v2,B,1245,111785,image_level_seed11,4,2,pituitary,0.00035242130034158147,0.00014132681121775676,0.9995062518884407,2,pituitary,0.9995062518884407,919d6f0fb3ca462983d6df6ec06846e41abd9645
mobilenet_v2,B,1252,112649,image_level_seed11,4,2,pituitary,9.925127442752197e-05,7.82223881673709e-05,0.999822526337405,2,pituitary,0.999822526337405,919d6f0fb3ca462983d6df6ec06846e41abd9645
mobilenet_v2,B,1260,112746,image_level_seed11,4,2,pituitary,3.8867219658615896e-06,3.048969261456459e-05,0.9999656235854195,2,pituitary,0.9999656235854195,919d6f0fb3ca462983d6df6ec06846e41abd9645
mobilenet_v2,B,1264,112847,image_level_seed11,4,2,pituitary,0.00014856793222538852,1.4123192025242192e-05,0.9998373088757494,2,pituitary,0.9998373088757494,919d6f0fb3ca462983d6df6ec06846e41abd9645
mobilenet_v2,B,1268,113274,image_level_seed11,4,2,pituitary,0.003505000343212512,0.020657857932651142,0.9758371417241364,2,pituitary,0.9758371417241364,919d6f0fb3ca462983d6df6ec06846e41abd9645
mobilenet_v2,B,1282,114094,image_level_seed11,4,2,pituitary,0.0005109121181375863,0.0010541948197229365,0.9984348930621395,2,pituitary,0.9984348930621395,919d6f0fb3ca462983d6df6ec06846e41abd9645
mobilenet_v2,B,1289,101305,image_level_seed11,4,2,pituitary,0.0006385092247450953,0.0001852971766778552,0.999176193598577,2,pituitary,0.999176193598577,919d6f0fb3ca462983d6df6ec06846e41abd9645
mobilenet_v2,B,1296,102648,image_level_seed11,4,2,pituitary,0.00030437318588354384,0.007440625901018491,0.9922550009130979,2,pituitary,0.9922550009130979,919d6f0fb3ca462983d6df6ec06846e41abd9645
mobilenet_v2,B,1297,102648,image_level_seed11,4,2,pituitary,0.0008814487017006248,0.050767549236635526,0.9483510020616638,2,pituitary,0.9483510020616638,919d6f0fb3ca462983d6df6ec06846e41abd9645
mobilenet_v2,B,1298,102648,image_level_seed11,4,2,pituitary,0.003080553108391794,0.18389782228322926,0.813021624608379,2,pituitary,0.813021624608379,919d6f0fb3ca462983d6df6ec06846e41abd9645
mobilenet_v2,B,1304,103257,image_level_seed11,4,2,pituitary,0.00039879058943029965,1.4369901428612519e-05,0.9995868395091412,2,pituitary,0.9995868395091412,919d6f0fb3ca462983d6df6ec06846e41abd9645
mobilenet_v2,B,1314,103478,image_level_seed11,4,2,pituitary,0.0010231860143041238,0.002541166849756373,0.9964356471359394,2,pituitary,0.9964356471359394,919d6f0fb3ca462983d6df6ec06846e41abd9645
mobilenet_v2,B,1317,103582,image_level_seed11,4,2,pituitary,0.00022074532577514642,0.0003253152209397104,0.9994539394532851,2,pituitary,0.9994539394532851,919d6f0fb3ca462983d6df6ec06846e41abd9645
mobilenet_v2,B,1323,103670,image_level_seed11,4,2,pituitary,1.675945961227025e-05,4.0466522077169116e-05,0.9999427740183106,2,pituitary,0.9999427740183106,919d6f0fb3ca462983d6df6ec06846e41abd9645
mobilenet_v2,B,1324,103670,image_level_seed11,4,2,pituitary,0.0007503398519906829,6.341036749482597e-05,0.9991862497805145,2,pituitary,0.9991862497805145,919d6f0fb3ca462983d6df6ec06846e41abd9645
mobilenet_v2,B,1325,103670,image_level_seed11,4,2,pituitary,3.644457657642277e-05,2.236500230433204e-05,0.9999411904211193,2,pituitary,0.9999411904211193,919d6f0fb3ca462983d6df6ec06846e41abd9645
mobilenet_v2,B,1336,103731,image_level_seed11,4,2,pituitary,0.0007574093862244795,0.006266820105376708,0.9929757705083988,2,pituitary,0.9929757705083988,919d6f0fb3ca462983d6df6ec06846e41abd9645
mobilenet_v2,B,1347,103837,image_level_seed11,4,2,pituitary,0.00015892393560251083,2.1214593046352143e-06,0.999838954605093,2,pituitary,0.999838954605093,919d6f0fb3ca462983d6df6ec06846e41abd9645
mobilenet_v2,B,1354,104558,image_level_seed11,4,2,pituitary,0.00012620116579595763,1.119415408125322e-06,0.999872679418796,2,pituitary,0.999872679418796,919d6f0fb3ca462983d6df6ec06846e41abd9645
mobilenet_v2,B,1363,104684,image_level_seed11,4,2,pituitary,0.0001838044320165071,7.783719184394443e-06,0.9998084118487991,2,pituitary,0.9998084118487991,919d6f0fb3ca462983d6df6ec06846e41abd9645
mobilenet_v2,B,1368,104684,image_level_seed11,4,2,pituitary,0.00010685068361460426,2.0618760620943815e-05,0.9998725305557645,2,pituitary,0.9998725305557645,919d6f0fb3ca462983d6df6ec06846e41abd9645
mobilenet_v2,B,1374,105187,image_level_seed11,4,2,pituitary,5.179603201025644e-05,7.007792229108228e-05,0.9998781260456986,2,pituitary,0.9998781260456986,919d6f0fb3ca462983d6df6ec06846e41abd9645
mobilenet_v2,B,1375,105187,image_level_seed11,4,2,pituitary,2.9751443408361837e-05,2.0291764499001816e-05,0.9999499567920926,2,pituitary,0.9999499567920926,919d6f0fb3ca462983d6df6ec06846e41abd9645
mobilenet_v2,B,1379,105475,image_level_seed11,4,2,pituitary,0.0014823176622438558,0.0003354738806704477,0.9981822084570857,2,pituitary,0.9981822084570857,919d6f0fb3ca462983d6df6ec06846e41abd9645
mobilenet_v2,B,1380,105538,image_level_seed11,4,2,pituitary,0.6058469208108948,0.08183977171066785,0.31231330747843733,0,meningioma,0.6058469208108948,919d6f0fb3ca462983d6df6ec06846e41abd9645
mobilenet_v2,B,1381,105538,image_level_seed11,4,2,pituitary,0.415830417099041,0.057308332669324884,0.526861250231634,2,pituitary,0.526861250231634,919d6f0fb3ca462983d6df6ec06846e41abd9645
mobilenet_v2,B,1385,105638,image_level_seed11,4,2,pituitary,0.00015182720751813378,7.674176545443328e-05,0.9997714310270275,2,pituitary,0.9997714310270275,919d6f0fb3ca462983d6df6ec06846e41abd9645
mobilenet_v2,B,1386,97416,image_level_seed11,4,2,pituitary,0.003922619901313802,0.0025626110581367535,0.9935147690405494,2,pituitary,0.9935147690405494,919d6f0fb3ca462983d6df6ec06846e41abd9645
mobilenet_v2,B,1389,97416,image_level_seed11,4,2,pituitary,0.00042535479116638763,0.0002887946485539409,0.9992858505602796,2,pituitary,0.9992858505602796,919d6f0fb3ca462983d6df6ec06846e41abd9645
mobilenet_v2,B,1390,97416,image_level_seed11,4,2,pituitary,0.006533431170149584,3.310942285266223e-05,0.9934334594069978,2,pituitary,0.9934334594069978,919d6f0fb3ca462983d6df6ec06846e41abd9645
mobilenet_v2,B,1393,97416,image_level_seed11,4,2,pituitary,0.00010862070289012487,0.0001244677883703832,0.9997669115087395,2,pituitary,0.9997669115087395,919d6f0fb3ca462983d6df6ec06846e41abd9645
mobilenet_v2,B,1396,97461,image_level_seed11,4,2,pituitary,0.002917130447475772,0.00020152231896874414,0.9968813472335555,2,pituitary,0.9968813472335555,919d6f0fb3ca462983d6df6ec06846e41abd9645
mobilenet_v2,B,1400,97461,image_level_seed11,4,2,pituitary,0.0008152845020496521,0.0019414566918061489,0.9972432588061441,2,pituitary,0.9972432588061441,919d6f0fb3ca462983d6df6ec06846e41abd9645
mobilenet_v2,B,1418,98472,image_level_seed11,4,2,pituitary,0.0025856108668104267,7.054637700193576e-05,0.9973438427561876,2,pituitary,0.9973438427561876,919d6f0fb3ca462983d6df6ec06846e41abd9645
mobilenet_v2,B,1432,98874,image_level_seed11,4,2,pituitary,5.140305512813035e-05,1.624715728789928e-05,0.999932349787584,2,pituitary,0.999932349787584,919d6f0fb3ca462983d6df6ec06846e41abd9645
mobilenet_v2,B,1433,98874,image_level_seed11,4,2,pituitary,9.677004503450795e-05,1.402974427440316e-05,0.999889200210691,2,pituitary,0.999889200210691,919d6f0fb3ca462983d6df6ec06846e41abd9645
mobilenet_v2,B,1439,98992,image_level_seed11,4,2,pituitary,0.0020054235392828134,0.8875621204585433,0.11043245600217375,1,glioma,0.8875621204585433,919d6f0fb3ca462983d6df6ec06846e41abd9645
mobilenet_v2,B,1440,98992,image_level_seed11,4,2,pituitary,0.00291672831108995,0.5533891488151473,0.44369412287376264,1,glioma,0.5533891488151473,919d6f0fb3ca462983d6df6ec06846e41abd9645
mobilenet_v2,B,1441,98992,image_level_seed11,4,2,pituitary,0.07811080364203925,0.44711295409585666,0.4747762422621042,2,pituitary,0.4747762422621042,919d6f0fb3ca462983d6df6ec06846e41abd9645
mobilenet_v2,B,1444,98995,image_level_seed11,4,2,pituitary,0.00031239921612463743,9.797392850870623e-06,0.9996778033910245,2,pituitary,0.9996778033910245,919d6f0fb3ca462983d6df6ec06846e41abd9645
mobilenet_v2,B,1446,98995,image_level_seed11,4,2,pituitary,0.04098016670775532,2.6387084660857297e-05,0.9589934462075839,2,pituitary,0.9589934462075839,919d6f0fb3ca462983d6df6ec06846e41abd9645
mobilenet_v2,B,1447,99223,image_level_seed11,4,2,pituitary,0.01607265846240683,0.0029361568957295913,0.9809911846418635,2,pituitary,0.9809911846418635,919d6f0fb3ca462983d6df6ec06846e41abd9645
mobilenet_v2,B,1450,99223,image_level_seed11,4,2,pituitary,0.0009198342751430301,0.0025785528473438505,0.9965016128775132,2,pituitary,0.9965016128775132,919d6f0fb3ca462983d6df6ec06846e41abd9645
mobilenet_v2,B,1454,99223,image_level_seed11,4,2,pituitary,0.00012698136838545156,0.00025353259545379293,0.9996194860361608,2,pituitary,0.9996194860361608,919d6f0fb3ca462983d6df6ec06846e41abd9645
mobilenet_v2,B,1461,101017,image_level_seed11,4,2,pituitary,4.2377384297962794e-05,5.930845376462187e-06,0.9999516917703255,2,pituitary,0.9999516917703255,919d6f0fb3ca462983d6df6ec06846e41abd9645
mobilenet_v2,B,1469,101145,image_level_seed11,4,2,pituitary,2.216146414532454e-06,3.0624569253560685e-07,0.9999974776078928,2,pituitary,0.9999974776078928,919d6f0fb3ca462983d6df6ec06846e41abd9645
mobilenet_v2,B,1479,101305,image_level_seed11,4,2,pituitary,0.00011003944734728676,0.00025389653864736,0.9996360640140053,2,pituitary,0.9996360640140053,919d6f0fb3ca462983d6df6ec06846e41abd9645
mobilenet_v2,B,1484,102648,image_level_seed11,4,2,pituitary,3.6656562631171785e-05,0.00016203913308241436,0.9998013043042865,2,pituitary,0.9998013043042865,919d6f0fb3ca462983d6df6ec06846e41abd9645
mobilenet_v2,B,1493,103257,image_level_seed11,4,2,pituitary,1.3317540686099386e-06,1.0109695369793803e-07,0.9999985671489777,2,pituitary,0.9999985671489777,919d6f0fb3ca462983d6df6ec06846e41abd9645
mobilenet_v2,B,1498,103478,image_level_seed11,4,2,pituitary,1.2469585062883781e-05,1.5528757157252458e-05,0.99997200165778,2,pituitary,0.99997200165778,919d6f0fb3ca462983d6df6ec06846e41abd9645
mobilenet_v2,B,1501,103478,image_level_seed11,4,2,pituitary,1.1043579790872121e-05,9.770344106049134e-06,0.999979186076103,2,pituitary,0.999979186076103,919d6f0fb3ca462983d6df6ec06846e41abd9645
mobilenet_v2,B,1522,103731,image_level_seed11,4,2,pituitary,7.681837100233284e-06,1.5657278130172724e-05,0.9999766608847697,2,pituitary,0.9999766608847697,919d6f0fb3ca462983d6df6ec06846e41abd9645
mobilenet_v2,B,1528,103837,image_level_seed11,4,2,pituitary,0.00022378523839583988,1.717002316837202e-05,0.9997590447384357,2,pituitary,0.9997590447384357,919d6f0fb3ca462983d6df6ec06846e41abd9645
mobilenet_v2,B,1539,104558,image_level_seed11,4,2,pituitary,4.022650869402771e-05,4.638717363979482e-06,0.999955134773942,2,pituitary,0.999955134773942,919d6f0fb3ca462983d6df6ec06846e41abd9645
mobilenet_v2,B,1541,104558,image_level_seed11,4,2,pituitary,0.0002473035212931656,8.660945003704702e-06,0.9997440355337032,2,pituitary,0.9997440355337032,919d6f0fb3ca462983d6df6ec06846e41abd9645
mobilenet_v2,B,1542,104558,image_level_seed11,4,2,pituitary,2.468138465265014e-05,6.261286851383696e-06,0.9999690573284961,2,pituitary,0.9999690573284961,919d6f0fb3ca462983d6df6ec06846e41abd9645
mobilenet_v2,B,1543,104558,image_level_seed11,4,2,pituitary,0.0008911009227050112,1.4773800099190796e-05,0.9990941252771958,2,pituitary,0.9990941252771958,919d6f0fb3ca462983d6df6ec06846e41abd9645
mobilenet_v2,B,1545,104684,image_level_seed11,4,2,pituitary,0.00018910066248546353,8.38753640248726e-06,0.9998025118011121,2,pituitary,0.9998025118011121,919d6f0fb3ca462983d6df6ec06846e41abd9645
mobilenet_v2,B,1548,104684,image_level_seed11,4,2,pituitary,0.0001679274149698261,3.275133737600683e-06,0.9998287974512925,2,pituitary,0.9998287974512925,919d6f0fb3ca462983d6df6ec06846e41abd9645
mobilenet_v2,B,1552,104912,image_level_seed11,4,2,pituitary,0.0001770429030536551,0.0016295214253886922,0.9981934356715576,2,pituitary,0.9981934356715576,919d6f0fb3ca462983d6df6ec06846e41abd9645
mobilenet_v2,B,1560,105187,image_level_seed11,4,2,pituitary,1.1350147044453905e-07,9.823262839571859e-08,0.9999997882659011,2,pituitary,0.9999997882659011,919d6f0fb3ca462983d6df6ec06846e41abd9645
mobilenet_v2,B,1561,105187,image_level_seed11,4,2,pituitary,2.2305297957323303e-08,6.104224682846801e-09,0.9999999715904774,2,pituitary,0.9999999715904774,919d6f0fb3ca462983d6df6ec06846e41abd9645
mobilenet_v2,B,1566,105538,image_level_seed11,4,2,pituitary,0.4270002899992776,0.0014704622212169313,0.5715292477795055,2,pituitary,0.5715292477795055,919d6f0fb3ca462983d6df6ec06846e41abd9645
mobilenet_v2,B,1569,105638,image_level_seed11,4,2,pituitary,1.346603418654296e-05,2.361820887899111e-05,0.9999629157569345,2,pituitary,0.9999629157569345,919d6f0fb3ca462983d6df6ec06846e41abd9645
mobilenet_v2,B,1579,97416,image_level_seed11,4,2,pituitary,1.5954664815557636e-06,1.8159302719722071e-06,0.9999965886032466,2,pituitary,0.9999965886032466,919d6f0fb3ca462983d6df6ec06846e41abd9645
mobilenet_v2,B,1580,97416,image_level_seed11,4,2,pituitary,9.672376111261926e-05,0.00019489536322236183,0.999708380875665,2,pituitary,0.999708380875665,919d6f0fb3ca462983d6df6ec06846e41abd9645
mobilenet_v2,B,1582,97461,image_level_seed11,4,2,pituitary,1.1757178739171113e-06,1.16170178513942e-06,0.999997662580341,2,pituitary,0.999997662580341,919d6f0fb3ca462983d6df6ec06846e41abd9645
mobilenet_v2,B,1587,97461,image_level_seed11,4,2,pituitary,1.2791802083133616e-05,3.972354614541501e-05,0.9999474846517714,2,pituitary,0.9999474846517714,919d6f0fb3ca462983d6df6ec06846e41abd9645
mobilenet_v2,B,1593,97481,image_level_seed11,4,2,pituitary,0.00014525098785711429,5.679269577827405e-06,0.9998490697425649,2,pituitary,0.9998490697425649,919d6f0fb3ca462983d6df6ec06846e41abd9645
mobilenet_v2,B,1611,98871,image_level_seed11,4,2,pituitary,4.119541586348813e-06,2.8698882730416566e-06,0.9999930105701407,2,pituitary,0.9999930105701407,919d6f0fb3ca462983d6df6ec06846e41abd9645
mobilenet_v2,B,1614,98871,image_level_seed11,4,2,pituitary,7.232529435593752e-06,1.140225016900368e-05,0.9999813652203954,2,pituitary,0.9999813652203954,919d6f0fb3ca462983d6df6ec06846e41abd9645
mobilenet_v2,B,1620,98874,image_level_seed11,4,2,pituitary,9.801711906657734e-06,6.889892096314986e-06,0.999983308395997,2,pituitary,0.999983308395997,919d6f0fb3ca462983d6df6ec06846e41abd9645
mobilenet_v2,B,1631,98995,image_level_seed11,4,2,pituitary,1.1158223307495896e-05,1.9896733932741476e-07,0.9999886428093532,2,pituitary,0.9999886428093532,919d6f0fb3ca462983d6df6ec06846e41abd9645
mobilenet_v2,B,1632,98995,image_level_seed11,4,2,pituitary,1.0802300195763136e-05,6.690071093637498e-07,0.999988528692695,2,pituitary,0.999988528692695,919d6f0fb3ca462983d6df6ec06846e41abd9645
mobilenet_v2,B,1633,98995,image_level_seed11,4,2,pituitary,4.712495638429512e-05,6.373976757482934e-07,0.9999522376459399,2,pituitary,0.9999522376459399,919d6f0fb3ca462983d6df6ec06846e41abd9645
mobilenet_v2,B,1641,101017,image_level_seed11,4,2,pituitary,3.0730027894092735e-06,3.6116722910513256e-06,0.9999933153249194,2,pituitary,0.9999933153249194,919d6f0fb3ca462983d6df6ec06846e41abd9645
mobilenet_v2,B,1648,101029,image_level_seed11,4,2,pituitary,4.20083549720406e-07,6.040258884244088e-08,0.9999995195138615,2,pituitary,0.9999995195138615,919d6f0fb3ca462983d6df6ec06846e41abd9645
mobilenet_v2,B,1651,101145,image_level_seed11,4,2,pituitary,0.0012540290174754567,4.720126224617901e-05,0.9986987697202784,2,pituitary,0.9986987697202784,919d6f0fb3ca462983d6df6ec06846e41abd9645
mobilenet_v2,B,1658,101305,image_level_seed11,4,2,pituitary,2.3984779041312396e-05,5.7122329580756925e-05,0.9999188928913779,2,pituitary,0.9999188928913779,919d6f0fb3ca462983d6df6ec06846e41abd9645
mobilenet_v2,B,1662,101724,image_level_seed11,4,2,pituitary,0.0015866993728304586,0.005408246292798444,0.993005054334371,2,pituitary,0.993005054334371,919d6f0fb3ca462983d6df6ec06846e41abd9645
mobilenet_v2,B,1664,101724,image_level_seed11,4,2,pituitary,0.0001833213882275803,0.0010351909206969259,0.9987814876910754,2,pituitary,0.9987814876910754,919d6f0fb3ca462983d6df6ec06846e41abd9645
mobilenet_v2,B,1679,103257,image_level_seed11,4,2,pituitary,0.0002569327489127973,3.770161524678227e-07,0.9997426902349347,2,pituitary,0.9997426902349347,919d6f0fb3ca462983d6df6ec06846e41abd9645
mobilenet_v2,B,1681,103257,image_level_seed11,4,2,pituitary,0.00020591204458946853,1.6766405473356864e-05,0.9997773215499373,2,pituitary,0.9997773215499373,919d6f0fb3ca462983d6df6ec06846e41abd9645
mobilenet_v2,B,1685,103478,image_level_seed11,4,2,pituitary,2.0629794940451413e-06,4.73802486235124e-06,0.9999931989956435,2,pituitary,0.9999931989956435,919d6f0fb3ca462983d6df6ec06846e41abd9645
mobilenet_v2,B,1692,103582,image_level_seed11,4,2,pituitary,5.100048942965863e-06,5.817936312172612e-07,0.9999943181574258,2,pituitary,0.9999943181574258,919d6f0fb3ca462983d6df6ec06846e41abd9645
mobilenet_v2,B,1703,103670,image_level_seed11,4,2,pituitary,0.00031905444734347095,2.345044091012127e-06,0.9996786005085655,2,pituitary,0.9996786005085655,919d6f0fb3ca462983d6df6ec06846e41abd9645
mobilenet_v2,B,1709,103731,image_level_seed11,4,2,pituitary,2.868126246840656e-06,1.5081031683719193e-05,0.9999820508420694,2,pituitary,0.9999820508420694,919d6f0fb3ca462983d6df6ec06846e41abd9645
mobilenet_v2,B,1716,103837,image_level_seed11,4,2,pituitary,0.0015682821577025826,2.104179098631866e-06,0.9984296136631987,2,pituitary,0.9984296136631987,919d6f0fb3ca462983d6df6ec06846e41abd9645
mobilenet_v2,B,1717,103837,image_level_seed11,4,2,pituitary,0.0015407541723077905,8.843622281221979e-07,0.9984583614654641,2,pituitary,0.9984583614654641,919d6f0fb3ca462983d6df6ec06846e41abd9645
mobilenet_v2,B,1723,104019,image_level_seed11,4,2,pituitary,2.835064629939502e-05,5.087981174073707e-07,0.9999711405555831,2,pituitary,0.9999711405555831,919d6f0fb3ca462983d6df6ec06846e41abd9645
mobilenet_v2,B,1726,104558,image_level_seed11,4,2,pituitary,0.0003001485928692157,0.0005300573073203811,0.9991697940998105,2,pituitary,0.9991697940998105,919d6f0fb3ca462983d6df6ec06846e41abd9645
mobilenet_v2,B,1728,104558,image_level_seed11,4,2,pituitary,7.908838100393813e-06,3.676129436999705e-07,0.9999917235489558,2,pituitary,0.9999917235489558,919d6f0fb3ca462983d6df6ec06846e41abd9645
mobilenet_v2,B,1729,104558,image_level_seed11,4,2,pituitary,1.7717979492580846e-06,3.804661206212873e-07,0.9999978477359301,2,pituitary,0.9999978477359301,919d6f0fb3ca462983d6df6ec06846e41abd9645
mobilenet_v2,B,1731,104558,image_level_seed11,4,2,pituitary,8.869185503541867e-06,1.5568447203933959e-06,0.9999895739697762,2,pituitary,0.9999895739697762,919d6f0fb3ca462983d6df6ec06846e41abd9645
mobilenet_v2,B,1733,104558,image_level_seed11,4,2,pituitary,0.002198804688061628,0.00200239342961219,0.9957988018823263,2,pituitary,0.9957988018823263,919d6f0fb3ca462983d6df6ec06846e41abd9645
mobilenet_v2,B,1734,104684,image_level_seed11,4,2,pituitary,4.010405142724467e-06,5.238896366637038e-06,0.9999907506984905,2,pituitary,0.9999907506984905,919d6f0fb3ca462983d6df6ec06846e41abd9645
mobilenet_v2,B,1738,104684,image_level_seed11,4,2,pituitary,5.28642151062592e-06,3.1333020954514595e-06,0.9999915802763938,2,pituitary,0.9999915802763938,919d6f0fb3ca462983d6df6ec06846e41abd9645
mobilenet_v2,B,1741,104912,image_level_seed11,4,2,pituitary,0.00035094867168259525,0.0012348240191233188,0.998414227309194,2,pituitary,0.998414227309194,919d6f0fb3ca462983d6df6ec06846e41abd9645
mobilenet_v2,B,1744,104912,image_level_seed11,4,2,pituitary,0.00026562338990306105,0.0015070935537255517,0.9982272830563714,2,pituitary,0.9982272830563714,919d6f0fb3ca462983d6df6ec06846e41abd9645
mobilenet_v2,B,1754,105475,image_level_seed11,4,2,pituitary,0.0004964010988199529,0.0006496242348361143,0.998853974666344,2,pituitary,0.998853974666344,919d6f0fb3ca462983d6df6ec06846e41abd9645
mobilenet_v2,B,1760,105538,image_level_seed11,4,2,pituitary,0.9655464823808394,0.012049006287111986,0.02240451133204851,0,meningioma,0.9655464823808394,919d6f0fb3ca462983d6df6ec06846e41abd9645
mobilenet_v2,B,1761,105638,image_level_seed11,4,2,pituitary,1.355726438816847e-05,2.927093120969295e-05,0.9999571718044022,2,pituitary,0.9999571718044022,919d6f0fb3ca462983d6df6ec06846e41abd9645
mobilenet_v2,B,1764,105638,image_level_seed11,4,2,pituitary,3.609942097530481e-05,1.0143173208027413e-05,0.9999537574058167,2,pituitary,0.9999537574058167,919d6f0fb3ca462983d6df6ec06846e41abd9645
mobilenet_v2,B,1774,97461,image_level_seed11,4,2,pituitary,5.7871842114881864e-06,2.978749918971222e-06,0.9999912340658696,2,pituitary,0.9999912340658696,919d6f0fb3ca462983d6df6ec06846e41abd9645
mobilenet_v2,B,1778,97461,image_level_seed11,4,2,pituitary,5.839636581846695e-05,7.85923822952848e-06,0.9999337443959521,2,pituitary,0.9999337443959521,919d6f0fb3ca462983d6df6ec06846e41abd9645
mobilenet_v2,B,1780,97461,image_level_seed11,4,2,pituitary,5.5984956556616026e-05,0.00013958902084723718,0.9998044260225961,2,pituitary,0.9998044260225961,919d6f0fb3ca462983d6df6ec06846e41abd9645
mobilenet_v2,B,1782,97481,image_level_seed11,4,2,pituitary,8.556760226419267e-06,1.464531403889243e-06,0.9999899787083698,2,pituitary,0.9999899787083698,919d6f0fb3ca462983d6df6ec06846e41abd9645
mobilenet_v2,B,1783,97481,image_level_seed11,4,2,pituitary,2.5520424158716834e-06,1.0247839597386247e-06,0.9999964231736245,2,pituitary,0.9999964231736245,919d6f0fb3ca462983d6df6ec06846e41abd9645
mobilenet_v2,B,1786,97599,image_level_seed11,4,2,pituitary,0.004885988032657509,1.7789709129360798e-06,0.9951122329964296,2,pituitary,0.9951122329964296,919d6f0fb3ca462983d6df6ec06846e41abd9645
mobilenet_v2,B,1793,97890,image_level_seed11,4,2,pituitary,3.7024067592955365e-05,6.449581886821474e-06,0.9999565263505201,2,pituitary,0.9999565263505201,919d6f0fb3ca462983d6df6ec06846e41abd9645
mobilenet_v2,B,1799,98472,image_level_seed11,4,2,pituitary,0.00014537698643031892,3.945325339225331e-05,0.9998151697601774,2,pituitary,0.9998151697601774,919d6f0fb3ca462983d6df6ec06846e41abd9645
mobilenet_v2,B,1810,98871,image_level_seed11,4,2,pituitary,0.00043566424149743814,0.007393059025733056,0.9921712767327695,2,pituitary,0.9921712767327695,919d6f0fb3ca462983d6df6ec06846e41abd9645
mobilenet_v2,B,1816,98874,image_level_seed11,4,2,pituitary,0.004864098845666815,0.0019303729782845734,0.9932055281760487,2,pituitary,0.9932055281760487,919d6f0fb3ca462983d6df6ec06846e41abd9645
mobilenet_v2,B,1821,98992,image_level_seed11,4,2,pituitary,0.0031061988993915,0.02065630860951621,0.9762374924910923,2,pituitary,0.9762374924910923,919d6f0fb3ca462983d6df6ec06846e41abd9645
mobilenet_v2,B,1824,98992,image_level_seed11,4,2,pituitary,1.624159808672937e-05,4.887861287869897e-05,0.9999348797890346,2,pituitary,0.9999348797890346,919d6f0fb3ca462983d6df6ec06846e41abd9645
mobilenet_v2,B,1845,MR048294,image_level_seed11,4,1,glioma,0.00039687890715447885,0.9993565107625076,0.0002466103303377669,1,glioma,0.9993565107625076,919d6f0fb3ca462983d6df6ec06846e41abd9645
mobilenet_v2,B,1850,MR048297,image_level_seed11,4,1,glioma,0.004247663305765238,0.9955986783094747,0.0001536583847601357,1,glioma,0.9955986783094747,919d6f0fb3ca462983d6df6ec06846e41abd9645
mobilenet_v2,B,1853,MR048294B,image_level_seed11,4,1,glioma,6.51904189087849e-05,0.9997671803567122,0.00016762922437900082,1,glioma,0.9997671803567122,919d6f0fb3ca462983d6df6ec06846e41abd9645
mobilenet_v2,B,1856,MR048621B,image_level_seed11,4,1,glioma,7.301442713071237e-05,0.9997920841428728,0.0001349014299966433,1,glioma,0.9997920841428728,919d6f0fb3ca462983d6df6ec06846e41abd9645
mobilenet_v2,B,1857,MR048621B,image_level_seed11,4,1,glioma,0.0001561778320930256,0.9992699014089368,0.0005739207589701694,1,glioma,0.9992699014089368,919d6f0fb3ca462983d6df6ec06846e41abd9645
mobilenet_v2,B,1858,MR048621B,image_level_seed11,4,1,glioma,0.0003104063849845725,0.9926097007196827,0.007079892895332926,1,glioma,0.9926097007196827,919d6f0fb3ca462983d6df6ec06846e41abd9645
mobilenet_v2,B,1861,MR048621B,image_level_seed11,4,1,glioma,0.0018508306603367804,0.9877449024674452,0.01040426687221798,1,glioma,0.9877449024674452,919d6f0fb3ca462983d6df6ec06846e41abd9645
mobilenet_v2,B,1863,MR048944,image_level_seed11,4,1,glioma,2.2521643121448813e-05,0.9998653386228845,0.00011213973399405093,1,glioma,0.9998653386228845,919d6f0fb3ca462983d6df6ec06846e41abd9645
mobilenet_v2,B,1869,MR048944,image_level_seed11,4,1,glioma,0.022942067862533912,0.9749791429457931,0.002078789191673042,1,glioma,0.9749791429457931,919d6f0fb3ca462983d6df6ec06846e41abd9645
mobilenet_v2,B,1881,MR049142,image_level_seed11,4,1,glioma,0.0012502197128816909,0.9982016686983365,0.0005481115887818383,1,glioma,0.9982016686983365,919d6f0fb3ca462983d6df6ec06846e41abd9645
mobilenet_v2,B,1884,MR049142,image_level_seed11,4,1,glioma,0.0002520839291145753,0.9997220504619828,2.5865608902708572e-05,1,glioma,0.9997220504619828,919d6f0fb3ca462983d6df6ec06846e41abd9645
mobilenet_v2,B,1886,MR048994B,image_level_seed11,4,1,glioma,0.00017801615555851827,0.9997630259798874,5.895786455399992e-05,1,glioma,0.9997630259798874,919d6f0fb3ca462983d6df6ec06846e41abd9645
mobilenet_v2,B,1887,MR048994B,image_level_seed11,4,1,glioma,0.00015428862769859513,0.9997527629567157,9.294841558573857e-05,1,glioma,0.9997527629567157,919d6f0fb3ca462983d6df6ec06846e41abd9645
mobilenet_v2,B,1894,MR048944B,image_level_seed11,4,1,glioma,0.00026276989715026704,0.9995717683193607,0.0001654617834891211,1,glioma,0.9995717683193607,919d6f0fb3ca462983d6df6ec06846e41abd9645
mobilenet_v2,B,1901,MR049358,image_level_seed11,4,1,glioma,0.0025593476487902733,0.9965694892312097,0.0008711631199999898,1,glioma,0.9965694892312097,919d6f0fb3ca462983d6df6ec06846e41abd9645
mobilenet_v2,B,1906,MR049358,image_level_seed11,4,1,glioma,4.774604247516244e-05,0.9998933444323902,5.890952513482033e-05,1,glioma,0.9998933444323902,919d6f0fb3ca462983d6df6ec06846e41abd9645
mobilenet_v2,B,1910,MR049104B,image_level_seed11,4,1,glioma,4.755716228572425e-05,0.9988389406271323,0.001113502210581902,1,glioma,0.9988389406271323,919d6f0fb3ca462983d6df6ec06846e41abd9645
mobilenet_v2,B,1911,MR049104B,image_level_seed11,4,1,glioma,4.7865587622728413e-05,0.9992557152869461,0.0006964191254311693,1,glioma,0.9992557152869461,919d6f0fb3ca462983d6df6ec06846e41abd9645
mobilenet_v2,B,1913,MR049104B,image_level_seed11,4,1,glioma,0.00014798450174768923,0.9984969458989205,0.0013550695993317793,1,glioma,0.9984969458989205,919d6f0fb3ca462983d6df6ec06846e41abd9645
mobilenet_v2,B,1918,MR049453,image_level_seed11,4,1,glioma,0.0001399238953682011,0.999818751998323,4.132410630870025e-05,1,glioma,0.999818751998323,919d6f0fb3ca462983d6df6ec06846e41abd9645
mobilenet_v2,B,1924,MR024780G,image_level_seed11,4,1,glioma,0.0005892766864426629,0.9987381554727933,0.0006725678407640712,1,glioma,0.9987381554727933,919d6f0fb3ca462983d6df6ec06846e41abd9645
mobilenet_v2,B,1929,MR024780G,image_level_seed11,4,1,glioma,2.6234417985333845e-05,0.9992747202936161,0.0006990452883984623,1,glioma,0.9992747202936161,919d6f0fb3ca462983d6df6ec06846e41abd9645
mobilenet_v2,B,1930,MR024780G,image_level_seed11,4,1,glioma,0.00023332950338805149,0.9933257892042826,0.0064408812923293255,1,glioma,0.9933257892042826,919d6f0fb3ca462983d6df6ec06846e41abd9645
mobilenet_v2,B,1939,MR049453B,image_level_seed11,4,1,glioma,0.0003355455870963721,0.9993488797446783,0.0003155746682250372,1,glioma,0.9993488797446783,919d6f0fb3ca462983d6df6ec06846e41abd9645
mobilenet_v2,B,1951,MR050135B,image_level_seed11,4,1,glioma,6.971052499594533e-05,0.9990111675552266,0.0009191219197776469,1,glioma,0.9990111675552266,919d6f0fb3ca462983d6df6ec06846e41abd9645
mobilenet_v2,B,1955,MR050135B,image_level_seed11,4,1,glioma,3.6730331524697786e-05,0.9999613299551398,1.9397133355095945e-06,1,glioma,0.9999613299551398,919d6f0fb3ca462983d6df6ec06846e41abd9645
mobilenet_v2,B,1956,MR050135B,image_level_seed11,4,1,glioma,2.808651736966341e-05,0.9996127722188334,0.0003591412637970933,1,glioma,0.9996127722188334,919d6f0fb3ca462983d6df6ec06846e41abd9645
mobilenet_v2,B,1959,MR050135B,image_level_seed11,4,1,glioma,8.615617433143903e-05,0.9990394806649386,0.0008743631607300743,1,glioma,0.9990394806649386,919d6f0fb3ca462983d6df6ec06846e41abd9645
mobilenet_v2,B,1960,MR050135B,image_level_seed11,4,1,glioma,5.860087721318476e-05,0.9996627927354708,0.00027860638731601274,1,glioma,0.9996627927354708,919d6f0fb3ca462983d6df6ec06846e41abd9645
mobilenet_v2,B,1962,MR050135B,image_level_seed11,4,1,glioma,8.959875385990598e-05,0.9998713267867002,3.907445944006579e-05,1,glioma,0.9998713267867002,919d6f0fb3ca462983d6df6ec06846e41abd9645
mobilenet_v2,B,1963,MR050135B,image_level_seed11,4,1,glioma,2.5782973866434904e-05,0.9999675009150593,6.716111074279372e-06,1,glioma,0.9999675009150593,919d6f0fb3ca462983d6df6ec06846e41abd9645
mobilenet_v2,B,1970,MR050687,image_level_seed11,4,1,glioma,0.0008698509091606444,0.9988891391157771,0.00024100997506213852,1,glioma,0.9988891391157771,919d6f0fb3ca462983d6df6ec06846e41abd9645
mobilenet_v2,B,1974,MR050791B,image_level_seed11,4,1,glioma,0.024199696619454085,0.9654063107107123,0.010393992669833726,1,glioma,0.9654063107107123,919d6f0fb3ca462983d6df6ec06846e41abd9645
mobilenet_v2,B,1977,MR050791B,image_level_seed11,4,1,glioma,0.0002442410430747466,0.9994994249886762,0.0002563339682489831,1,glioma,0.9994994249886762,919d6f0fb3ca462983d6df6ec06846e41abd9645
mobilenet_v2,B,1978,MR050791B,image_level_seed11,4,1,glioma,7.25473112256245e-05,0.9998546310198769,7.282166889744561e-05,1,glioma,0.9998546310198769,919d6f0fb3ca462983d6df6ec06846e41abd9645
mobilenet_v2,B,1981,MR050791B,image_level_seed11,4,1,glioma,5.576724631773789e-05,0.9998639489783423,8.028377534010868e-05,1,glioma,0.9998639489783423,919d6f0fb3ca462983d6df6ec06846e41abd9645
mobilenet_v2,B,1982,MR050791B,image_level_seed11,4,1,glioma,6.36911588223073e-05,0.9998508916506758,8.541719050193774e-05,1,glioma,0.9998508916506758,919d6f0fb3ca462983d6df6ec06846e41abd9645
mobilenet_v2,B,1987,MR026175C,image_level_seed11,4,1,glioma,1.9687376802890298e-05,0.9994181942053741,0.0005621184178229899,1,glioma,0.9994181942053741,919d6f0fb3ca462983d6df6ec06846e41abd9645
mobilenet_v2,B,1989,MR026175C,image_level_seed11,4,1,glioma,9.052606409038038e-05,0.9997893781128168,0.00012009582309287579,1,glioma,0.9997893781128168,919d6f0fb3ca462983d6df6ec06846e41abd9645
mobilenet_v2,B,1992,MR026175C,image_level_seed11,4,1,glioma,0.00015826198651166786,0.9979601226922081,0.0018816153212802816,1,glioma,0.9979601226922081,919d6f0fb3ca462983d6df6ec06846e41abd9645
mobilenet_v2,B,1994,MR026175C,image_level_seed11,4,1,glioma,0.0001100416018585049,0.9994678448302323,0.00042211356790919504,1,glioma,0.9994678448302323,919d6f0fb3ca462983d6df6ec06846e41abd9645
mobilenet_v2,B,1996,MR026175C,image_level_seed11,4,1,glioma,0.00029912481444344655,0.9994309589753654,0.0002699162101913019,1,glioma,0.9994309589753654,919d6f0fb3ca462983d6df6ec06846e41abd9645
mobilenet_v2,B,1998,MR051461,image_level_seed11,4,1,glioma,0.00017241304880630953,0.999803276530508,2.431042068552368e-05,1,glioma,0.999803276530508,919d6f0fb3ca462983d6df6ec06846e41abd9645
mobilenet_v2,B,2014,MR051461B,image_level_seed11,4,1,glioma,0.000982047907195594,0.9989976672081083,2.028488469612876e-05,1,glioma,0.9989976672081083,919d6f0fb3ca462983d6df6ec06846e41abd9645
mobilenet_v2,B,2015,MR051461B,image_level_seed11,4,1,glioma,0.00017661175952353743,0.9998086244599194,1.476378055706693e-05,1,glioma,0.9998086244599194,919d6f0fb3ca462983d6df6ec06846e41abd9645
mobilenet_v2,B,2016,MR051461B,image_level_seed11,4,1,glioma,8.937864015369725e-05,0.9998942938656283,1.6327494217860705e-05,1,glioma,0.9998942938656283,919d6f0fb3ca462983d6df6ec06846e41abd9645
mobilenet_v2,B,2018,MR051644,image_level_seed11,4,1,glioma,0.0026024051489212155,0.9963411568968797,0.0010564379541989455,1,glioma,0.9963411568968797,919d6f0fb3ca462983d6df6ec06846e41abd9645
mobilenet_v2,B,2024,MR051644,image_level_seed11,4,1,glioma,0.002963831951045759,0.9944122215361393,0.002623946512814938,1,glioma,0.9944122215361393,919d6f0fb3ca462983d6df6ec06846e41abd9645
mobilenet_v2,B,2038,MR051796,image_level_seed11,4,1,glioma,0.00015736965687018404,0.9996800224160648,0.00016260792706497714,1,glioma,0.9996800224160648,919d6f0fb3ca462983d6df6ec06846e41abd9645
mobilenet_v2,B,2040,MR051796,image_level_seed11,4,1,glioma,1.6683251884626563e-05,0.999976244033545,7.072714570542362e-06,1,glioma,0.999976244033545,919d6f0fb3ca462983d6df6ec06846e41abd9645
mobilenet_v2,B,2041,MR051796,image_level_seed11,4,1,glioma,1.5233046694439324e-05,0.9999797689693654,4.997983940283169e-06,1,glioma,0.9999797689693654,919d6f0fb3ca462983d6df6ec06846e41abd9645
mobilenet_v2,B,2046,MR051651B,image_level_seed11,4,1,glioma,1.724920173113779e-05,0.9999648499251053,1.7900873163561913e-05,1,glioma,0.9999648499251053,919d6f0fb3ca462983d6df6ec06846e41abd9645
mobilenet_v2,B,2055,MR051644B,image_level_seed11,4,1,glioma,0.000317559367832949,0.9996248376735358,5.7602958631276196e-05,1,glioma,0.9996248376735358,919d6f0fb3ca462983d6df6ec06846e41abd9645
mobilenet_v2,B,2061,MR052550,image_level_seed11,4,1,glioma,6.0189374184074956e-05,0.9998226196138073,0.00011719101200846598,1,glioma,0.9998226196138073,919d6f0fb3ca462983d6df6ec06846e41abd9645
mobilenet_v2,B,2063,MR052550,image_level_seed11,4,1,glioma,1.3747409938975893e-05,0.9999547685908516,3.1483999209456383e-05,1,glioma,0.9999547685908516,919d6f0fb3ca462983d6df6ec06846e41abd9645
mobilenet_v2,B,2067,MR051644C,image_level_seed11,4,1,glioma,4.914528555443731e-05,0.9999051155381637,4.573917628183673e-05,1,glioma,0.9999051155381637,919d6f0fb3ca462983d6df6ec06846e41abd9645
mobilenet_v2,B,2069,MR051644C,image_level_seed11,4,1,glioma,2.1493965695742457e-05,0.9998288639254547,0.00014964210884944737,1,glioma,0.9998288639254547,919d6f0fb3ca462983d6df6ec06846e41abd9645
mobilenet_v2,B,2073,MR051644C,image_level_seed11,4,1,glioma,2.4058748587984443e-05,0.9998176768946851,0.0001582643567268456,1,glioma,0.9998176768946851,919d6f0fb3ca462983d6df6ec06846e41abd9645
mobilenet_v2,B,2077,MR049942B,image_level_seed11,4,1,glioma,0.00018354072705255048,0.9988603982619678,0.0009560610109796724,1,glioma,0.9988603982619678,919d6f0fb3ca462983d6df6ec06846e41abd9645
mobilenet_v2,B,2081,MR052585B,image_level_seed11,4,1,glioma,0.00021423782954882098,0.9995683725822849,0.00021738958816631507,1,glioma,0.9995683725822849,919d6f0fb3ca462983d6df6ec06846e41abd9645
mobilenet_v2,B,2087,MR053110B,image_level_seed11,4,1,glioma,0.0001549979124796754,0.999660896958518,0.00018410512900236687,1,glioma,0.999660896958518,919d6f0fb3ca462983d6df6ec06846e41abd9645
mobilenet_v2,B,2091,MR053110B,image_level_seed11,4,1,glioma,0.00014573737254495363,0.999604877408071,0.0002493852193841325,1,glioma,0.999604877408071,919d6f0fb3ca462983d6df6ec06846e41abd9645
mobilenet_v2,B,2103,MR054875,image_level_seed11,4,1,glioma,8.819199768242403e-05,0.9991267311774552,0.0007850768248623346,1,glioma,0.9991267311774552,919d6f0fb3ca462983d6df6ec06846e41abd9645
mobilenet_v2,B,2109,MR056144,image_level_seed11,4,1,glioma,0.00016178389152346676,0.99973527472495,0.00010294138352636484,1,glioma,0.99973527472495,919d6f0fb3ca462983d6df6ec06846e41abd9645
mobilenet_v2,B,2110,MR056144,image_level_seed11,4,1,glioma,0.0004848052471462349,0.9994173946601879,9.780009266578561e-05,1,glioma,0.9994173946601879,919d6f0fb3ca462983d6df6ec06846e41abd9645
mobilenet_v2,B,2112,MR034997,image_level_seed11,4,1,glioma,0.00017713912610318352,0.9997863658699743,3.649500392256102e-05,1,glioma,0.9997863658699743,919d6f0fb3ca462983d6df6ec06846e41abd9645
mobilenet_v2,B,2119,MR029209E,image_level_seed11,4,1,glioma,0.0007436978947612009,0.9975990314967863,0.0016572706084525984,1,glioma,0.9975990314967863,919d6f0fb3ca462983d6df6ec06846e41abd9645
mobilenet_v2,B,2120,MR029209E,image_level_seed11,4,1,glioma,0.0002864791249651843,0.9991002700247335,0.0006132508503014249,1,glioma,0.9991002700247335,919d6f0fb3ca462983d6df6ec06846e41abd9645
mobilenet_v2,B,2122,MR029209E,image_level_seed11,4,1,glioma,0.00014789644702960643,0.9997209762458356,0.0001311273071349414,1,glioma,0.9997209762458356,919d6f0fb3ca462983d6df6ec06846e41abd9645
mobilenet_v2,B,2127,MR029209E,image_level_seed11,4,1,glioma,4.667549008969479e-05,0.9999397829419917,1.3541567918681115e-05,1,glioma,0.9999397829419917,919d6f0fb3ca462983d6df6ec06846e41abd9645
mobilenet_v2,B,2145,MR024780D,image_level_seed11,4,1,glioma,0.00020763094325933462,0.9994099717350565,0.00038239732168423966,1,glioma,0.9994099717350565,919d6f0fb3ca462983d6df6ec06846e41abd9645
mobilenet_v2,B,2147,MR038469,image_level_seed11,4,1,glioma,5.3202478344349296e-05,0.9999394963413799,7.301180275627654e-06,1,glioma,0.9999394963413799,919d6f0fb3ca462983d6df6ec06846e41abd9645
mobilenet_v2,B,2153,MR032322C,image_level_seed11,4,1,glioma,0.000594984370719593,0.9986943874420963,0.0007106281871842894,1,glioma,0.9986943874420963,919d6f0fb3ca462983d6df6ec06846e41abd9645
mobilenet_v2,B,2163,MR032322C,image_level_seed11,4,1,glioma,0.00013437424650904238,0.9972766231946834,0.0025890025588075566,1,glioma,0.9972766231946834,919d6f0fb3ca462983d6df6ec06846e41abd9645
mobilenet_v2,B,2169,MR037458B,image_level_seed11,4,1,glioma,0.0031914207903514674,0.9958045414357896,0.0010040377738590215,1,glioma,0.9958045414357896,919d6f0fb3ca462983d6df6ec06846e41abd9645
mobilenet_v2,B,2170,MR037458B,image_level_seed11,4,1,glioma,0.004246410293528246,0.9955215471297252,0.00023204257674677535,1,glioma,0.9955215471297252,919d6f0fb3ca462983d6df6ec06846e41abd9645
mobilenet_v2,B,2172,MR037458B,image_level_seed11,4,1,glioma,0.042307962788734145,0.9572991974804116,0.0003928397308543384,1,glioma,0.9572991974804116,919d6f0fb3ca462983d6df6ec06846e41abd9645
mobilenet_v2,B,2173,MR037458B,image_level_seed11,4,1,glioma,0.007777086291002906,0.9920075951807585,0.00021531852823870786,1,glioma,0.9920075951807585,919d6f0fb3ca462983d6df6ec06846e41abd9645
mobilenet_v2,B,2177,MR039473,image_level_seed11,4,1,glioma,0.00022014914283798796,0.9996681393207643,0.00011171153639776282,1,glioma,0.9996681393207643,919d6f0fb3ca462983d6df6ec06846e41abd9645
mobilenet_v2,B,2179,MR039473B,image_level_seed11,4,1,glioma,0.00037912337835152907,0.9766382099873586,0.022982666634289887,1,glioma,0.9766382099873586,919d6f0fb3ca462983d6df6ec06846e41abd9645
mobilenet_v2,B,2180,MR039473B,image_level_seed11,4,1,glioma,5.991949686850149e-06,0.9997042516493106,0.0002897564010025573,1,glioma,0.9997042516493106,919d6f0fb3ca462983d6df6ec06846e41abd9645
mobilenet_v2,B,2181,MR039473B,image_level_seed11,4,1,glioma,3.03055145859823e-05,0.9994242875979776,0.0005454068874364109,1,glioma,0.9994242875979776,919d6f0fb3ca462983d6df6ec06846e41abd9645
mobilenet_v2,B,2185,MR039473B,image_level_seed11,4,1,glioma,9.242686570206884e-05,0.9997453133291272,0.0001622598051706439,1,glioma,0.9997453133291272,919d6f0fb3ca462983d6df6ec06846e41abd9645
mobilenet_v2,B,2187,MR037458C,image_level_seed11,4,1,glioma,0.0028794718125457076,0.9952185782021977,0.0019019499852565667,1,glioma,0.9952185782021977,919d6f0fb3ca462983d6df6ec06846e41abd9645
mobilenet_v2,B,2188,MR037458C,image_level_seed11,4,1,glioma,0.0004569028675748945,0.9995351400258228,7.957106602221555e-06,1,glioma,0.9995351400258228,919d6f0fb3ca462983d6df6ec06846e41abd9645
mobilenet_v2,B,2189,MR037458C,image_level_seed11,4,1,glioma,3.295211035106469e-05,0.9999411730768144,2.5874812834596292e-05,1,glioma,0.9999411730768144,919d6f0fb3ca462983d6df6ec06846e41abd9645
mobilenet_v2,B,2194,MR037458C,image_level_seed11,4,1,glioma,0.15690233051831268,0.8416012809241424,0.0014963885575448976,1,glioma,0.8416012809241424,919d6f0fb3ca462983d6df6ec06846e41abd9645
mobilenet_v2,B,2196,MR040240,image_level_seed11,4,1,glioma,8.259097847520856e-06,0.9998420061412558,0.0001497347608965329,1,glioma,0.9998420061412558,919d6f0fb3ca462983d6df6ec06846e41abd9645
mobilenet_v2,B,2200,MR040240,image_level_seed11,4,1,glioma,4.6482179737639946e-05,0.9999433294928981,1.0188327364391444e-05,1,glioma,0.9999433294928981,919d6f0fb3ca462983d6df6ec06846e41abd9645
mobilenet_v2,B,2201,MR040240,image_level_seed11,4,1,glioma,5.4574688869807886e-05,0.9997196826336526,0.00022574267747757057,1,glioma,0.9997196826336526,919d6f0fb3ca462983d6df6ec06846e41abd9645
mobilenet_v2,B,2202,MR040240,image_level_seed11,4,1,glioma,1.2927613162516825e-05,0.9999451865998249,4.188578701251241e-05,1,glioma,0.9999451865998249,919d6f0fb3ca462983d6df6ec06846e41abd9645
mobilenet_v2,B,2205,MR040240,image_level_seed11,4,1,glioma,0.0005023703545101374,0.9979782069900083,0.0015194226554815316,1,glioma,0.9979782069900083,919d6f0fb3ca462983d6df6ec06846e41abd9645
mobilenet_v2,B,2207,MR040240B,image_level_seed11,4,1,glioma,0.00010173459938431048,0.9994306070294078,0.00046765837120795416,1,glioma,0.9994306070294078,919d6f0fb3ca462983d6df6ec06846e41abd9645
mobilenet_v2,B,2209,MR040240B,image_level_seed11,4,1,glioma,2.0175300281511966e-05,0.9999693915266589,1.0433173059694252e-05,1,glioma,0.9999693915266589,919d6f0fb3ca462983d6df6ec06846e41abd9645
mobilenet_v2,B,2212,MR040240B,image_level_seed11,4,1,glioma,0.0002277142279921976,0.9996387453335066,0.00013354043850131908,1,glioma,0.9996387453335066,919d6f0fb3ca462983d6df6ec06846e41abd9645
mobilenet_v2,B,2217,MR029209G,image_level_seed11,4,1,glioma,0.00032986736623837276,0.9992824283693161,0.0003877042644453998,1,glioma,0.9992824283693161,919d6f0fb3ca462983d6df6ec06846e41abd9645
mobilenet_v2,B,2218,MR029209G,image_level_seed11,4,1,glioma,0.0002545759607413472,0.9996164932298103,0.00012893080944833505,1,glioma,0.9996164932298103,919d6f0fb3ca462983d6df6ec06846e41abd9645
mobilenet_v2,B,2219,MR029209G,image_level_seed11,4,1,glioma,0.0010143488438518172,0.998707205954842,0.00027844520130621795,1,glioma,0.998707205954842,919d6f0fb3ca462983d6df6ec06846e41abd9645
mobilenet_v2,B,2225,MR036496B,image_level_seed11,4,1,glioma,2.2225519710408902e-05,0.9999742579754195,3.516504870238751e-06,1,glioma,0.9999742579754195,919d6f0fb3ca462983d6df6ec06846e41abd9645
mobilenet_v2,B,2231,MR033420,image_level_seed11,4,1,glioma,0.00010487485763211164,0.9995874850334046,0.0003076401089632975,1,glioma,0.9995874850334046,919d6f0fb3ca462983d6df6ec06846e41abd9645
mobilenet_v2,B,2235,MR033420,image_level_seed11,4,1,glioma,0.00015828941157991483,0.9996043416144743,0.00023736897394574592,1,glioma,0.9996043416144743,919d6f0fb3ca462983d6df6ec06846e41abd9645
mobilenet_v2,B,2239,MR024780B,image_level_seed11,4,1,glioma,0.0001638213013472707,0.9996308169728065,0.00020536172584610185,1,glioma,0.9996308169728065,919d6f0fb3ca462983d6df6ec06846e41abd9645
mobilenet_v2,B,2250,MR048994B,image_level_seed11,4,1,glioma,5.498742504167989e-05,0.9998861225032429,5.8890071715448284e-05,1,glioma,0.9998861225032429,919d6f0fb3ca462983d6df6ec06846e41abd9645
mobilenet_v2,B,2252,MR048994B,image_level_seed11,4,1,glioma,7.834735878192431e-05,0.9998529456243714,6.870701684677104e-05,1,glioma,0.9998529456243714,919d6f0fb3ca462983d6df6ec06846e41abd9645
mobilenet_v2,B,2253,MR048994B,image_level_seed11,4,1,glioma,9.226693988874049e-05,0.9995318455759247,0.0003758874841865837,1,glioma,0.9995318455759247,919d6f0fb3ca462983d6df6ec06846e41abd9645
mobilenet_v2,B,2260,MR048944B,image_level_seed11,4,1,glioma,2.6724061733836464e-05,0.9999209655131442,5.231042512208735e-05,1,glioma,0.9999209655131442,919d6f0fb3ca462983d6df6ec06846e41abd9645
mobilenet_v2,B,2262,MR049358,image_level_seed11,4,1,glioma,6.56599353023917e-05,0.9998913938442598,4.294622043763579e-05,1,glioma,0.9998913938442598,919d6f0fb3ca462983d6df6ec06846e41abd9645
mobilenet_v2,B,2263,MR049358,image_level_seed11,4,1,glioma,0.0003240650403413597,0.9990485294608069,0.0006274054988516703,1,glioma,0.9990485294608069,919d6f0fb3ca462983d6df6ec06846e41abd9645
mobilenet_v2,B,2267,MR049358,image_level_seed11,4,1,glioma,0.00019094511347451812,0.9994314827680894,0.0003775721184361079,1,glioma,0.9994314827680894,919d6f0fb3ca462983d6df6ec06846e41abd9645
mobilenet_v2,B,2268,MR049358,image_level_seed11,4,1,glioma,3.539039298923432e-05,0.9998984472427523,6.616236425837765e-05,1,glioma,0.9998984472427523,919d6f0fb3ca462983d6df6ec06846e41abd9645
mobilenet_v2,B,2270,MR049453,image_level_seed11,4,1,glioma,0.00024422040875539804,0.9996518613492396,0.00010391824200511903,1,glioma,0.9996518613492396,919d6f0fb3ca462983d6df6ec06846e41abd9645
mobilenet_v2,B,2271,MR049453,image_level_seed11,4,1,glioma,0.00012466937293900335,0.9998418754773655,3.345514969541855e-05,1,glioma,0.9998418754773655,919d6f0fb3ca462983d6df6ec06846e41abd9645
mobilenet_v2,B,2272,MR049453,image_level_seed11,4,1,glioma,0.00025319515361031414,0.9994931395456389,0.0002536653007508533,1,glioma,0.9994931395456389,919d6f0fb3ca462983d6df6ec06846e41abd9645
mobilenet_v2,B,2274,MR049453,image_level_seed11,4,1,glioma,1.3990987177298793e-05,0.9999495683796374,3.644063318523358e-05,1,glioma,0.9999495683796374,919d6f0fb3ca462983d6df6ec06846e41abd9645
mobilenet_v2,B,2282,MR024780G,image_level_seed11,4,1,glioma,6.031719273404935e-05,0.9999064379769393,3.32448303264469e-05,1,glioma,0.9999064379769393,919d6f0fb3ca462983d6df6ec06846e41abd9645
mobilenet_v2,B,2284,MR024780G,image_level_seed11,4,1,glioma,0.00014158501492212688,0.9998239551603182,3.445982475960924e-05,1,glioma,0.9998239551603182,919d6f0fb3ca462983d6df6ec06846e41abd9645
mobilenet_v2,B,2286,MR049453B,image_level_seed11,4,1,glioma,4.5283469185860506e-05,0.999953482103008,1.2344278061972482e-06,1,glioma,0.999953482103008,919d6f0fb3ca462983d6df6ec06846e41abd9645
mobilenet_v2,B,2288,MR049453B,image_level_seed11,4,1,glioma,0.000882567861633806,0.9982507384690882,0.0008666936692779188,1,glioma,0.9982507384690882,919d6f0fb3ca462983d6df6ec06846e41abd9645
mobilenet_v2,B,2293,MR049453B,image_level_seed11,4,1,glioma,0.0010220725227402915,0.9988707338958441,0.00010719358141562818,1,glioma,0.9988707338958441,919d6f0fb3ca462983d6df6ec06846e41abd9645
mobilenet_v2,B,2300,MR050135B,image_level_seed11,4,1,glioma,0.003200231063611279,0.9962705580567467,0.0005292108796419919,1,glioma,0.9962705580567467,919d6f0fb3ca462983d6df6ec06846e41abd9645
mobilenet_v2,B,2305,MR050135B,image_level_seed11,4,1,glioma,0.00010190389751182703,0.9996927537710802,0.00020534233140774222,1,glioma,0.9996927537710802,919d6f0fb3ca462983d6df6ec06846e41abd9645
mobilenet_v2,B,2309,MR050135B,image_level_seed11,4,1,glioma,0.00030545136589734317,0.9992387530887219,0.00045579554538082855,1,glioma,0.9992387530887219,919d6f0fb3ca462983d6df6ec06846e41abd9645
mobilenet_v2,B,2310,MR050135B,image_level_seed11,4,1,glioma,8.69517484847095e-05,0.9998322200078988,8.082824361645434e-05,1,glioma,0.9998322200078988,919d6f0fb3ca462983d6df6ec06846e41abd9645
mobilenet_v2,B,2316,MR050687,image_level_seed11,4,1,glioma,1.5883358350776008e-05,0.9999835171095276,5.995321216764475e-07,1,glioma,0.9999835171095276,919d6f0fb3ca462983d6df6ec06846e41abd9645
mobilenet_v2,B,2326,MR026175C,image_level_seed11,4,1,glioma,1.3549347008854756e-05,0.9999850255537367,1.425099254438917e-06,1,glioma,0.9999850255537367,919d6f0fb3ca462983d6df6ec06846e41abd9645
mobilenet_v2,B,2327,MR026175C,image_level_seed11,4,1,glioma,7.907299127076459e-06,0.999991903538567,1.891623059445613e-07,1,glioma,0.999991903538567,919d6f0fb3ca462983d6df6ec06846e41abd9645
mobilenet_v2,B,2331,MR026175C,image_level_seed11,4,1,glioma,2.77931015244829e-05,0.9999064858772309,6.572102124464723e-05,1,glioma,0.9999064858772309,919d6f0fb3ca462983d6df6ec06846e41abd9645
mobilenet_v2,B,2334,MR051461,image_level_seed11,4,1,glioma,5.955844931523321e-05,0.9999389220084761,1.5195422086589038e-06,1,glioma,0.9999389220084761,919d6f0fb3ca462983d6df6ec06846e41abd9645
mobilenet_v2,B,2336,MR051461,image_level_seed11,4,1,glioma,0.00018849290640551305,0.9996883613830361,0.0001231457105583638,1,glioma,0.9996883613830361,919d6f0fb3ca462983d6df6ec06846e41abd9645
mobilenet_v2,B,2338,MR051461,image_level_seed11,4,1,glioma,5.616621582129972e-05,0.9998582328911545,8.560089302428528e-05,1,glioma,0.9998582328911545,919d6f0fb3ca462983d6df6ec06846e41abd9645
mobilenet_v2,B,2339,MR051461,image_level_seed11,4,1,glioma,2.8682165226346278e-05,0.9999581815043521,1.3136330421398873e-05,1,glioma,0.9999581815043521,919d6f0fb3ca462983d6df6ec06846e41abd9645
mobilenet_v2,B,2342,MR051586,image_level_seed11,4,1,glioma,0.0007366155033420176,0.9991862154139189,7.716908273919087e-05,1,glioma,0.9991862154139189,919d6f0fb3ca462983d6df6ec06846e41abd9645
mobilenet_v2,B,2346,MR033389B,image_level_seed11,4,1,glioma,9.080256921532681e-06,0.9999895793909148,1.3403521638493935e-06,1,glioma,0.9999895793909148,919d6f0fb3ca462983d6df6ec06846e41abd9645
mobilenet_v2,B,2352,MR026175E,image_level_seed11,4,1,glioma,0.0001781202263836141,0.999713289261789,0.00010859051182714694,1,glioma,0.999713289261789,919d6f0fb3ca462983d6df6ec06846e41abd9645
mobilenet_v2,B,2353,MR026175E,image_level_seed11,4,1,glioma,0.00011285274762462952,0.9998465187045495,4.062854782586663e-05,1,glioma,0.9998465187045495,919d6f0fb3ca462983d6df6ec06846e41abd9645
mobilenet_v2,B,2355,MR026175E,image_level_seed11,4,1,glioma,7.339026236072704e-05,0.999674200615604,0.00025240912203536986,1,glioma,0.999674200615604,919d6f0fb3ca462983d6df6ec06846e41abd9645
mobilenet_v2,B,2364,MR040240C,image_level_seed11,4,1,glioma,0.00021428771944825107,0.9996867320233217,9.89802572300162e-05,1,glioma,0.9996867320233217,919d6f0fb3ca462983d6df6ec06846e41abd9645
mobilenet_v2,B,2365,MR040240C,image_level_seed11,4,1,glioma,4.344780565301105e-05,0.9980315194023901,0.0019250327919569006,1,glioma,0.9980315194023901,919d6f0fb3ca462983d6df6ec06846e41abd9645
mobilenet_v2,B,2368,MR040240C,image_level_seed11,4,1,glioma,5.641144484424711e-05,0.9996928113602244,0.00025077719493158405,1,glioma,0.9996928113602244,919d6f0fb3ca462983d6df6ec06846e41abd9645
mobilenet_v2,B,2371,MR040240C,image_level_seed11,4,1,glioma,2.955445888645648e-05,0.9997611900831676,0.00020925545794608694,1,glioma,0.9997611900831676,919d6f0fb3ca462983d6df6ec06846e41abd9645
mobilenet_v2,B,2373,MR040240D,image_level_seed11,4,1,glioma,2.3064311911217718e-05,0.9999357142972162,4.122139087266429e-05,1,glioma,0.9999357142972162,919d6f0fb3ca462983d6df6ec06846e41abd9645
mobilenet_v2,B,2374,MR040240D,image_level_seed11,4,1,glioma,4.305566128104271e-06,0.9999922342583104,3.4601755616447476e-06,1,glioma,0.9999922342583104,919d6f0fb3ca462983d6df6ec06846e41abd9645
mobilenet_v2,B,2376,MR040240D,image_level_seed11,4,1,glioma,1.3540680451347709e-05,0.9999812925711236,5.166748425099967e-06,1,glioma,0.9999812925711236,919d6f0fb3ca462983d6df6ec06846e41abd9645
mobilenet_v2,B,2383,MR040240D,image_level_seed11,4,1,glioma,8.035705317259633e-05,0.9998821959599482,3.744698687925087e-05,1,glioma,0.9998821959599482,919d6f0fb3ca462983d6df6ec06846e41abd9645
mobilenet_v2,B,2399,MR029209I,image_level_seed11,4,1,glioma,0.00026138771290050276,0.9997001098388407,3.850244825872548e-05,1,glioma,0.9997001098388407,919d6f0fb3ca462983d6df6ec06846e41abd9645
mobilenet_v2,B,2401,MR029209I,image_level_seed11,4,1,glioma,2.416113495536049e-05,0.9999716188812255,4.219983819174796e-06,1,glioma,0.9999716188812255,919d6f0fb3ca462983d6df6ec06846e41abd9645
mobilenet_v2,B,2404,MR048294,image_level_seed11,4,1,glioma,0.00035593674637343577,0.9992006551531173,0.0004434081005093167,1,glioma,0.9992006551531173,919d6f0fb3ca462983d6df6ec06846e41abd9645
mobilenet_v2,B,2414,MR048297,image_level_seed11,4,1,glioma,0.00010191639737773147,0.9998246760103802,7.34075922421054e-05,1,glioma,0.9998246760103802,919d6f0fb3ca462983d6df6ec06846e41abd9645
mobilenet_v2,B,2415,MR048294B,image_level_seed11,4,1,glioma,0.00035643550699839026,0.9988212787478977,0.0008222857451038445,1,glioma,0.9988212787478977,919d6f0fb3ca462983d6df6ec06846e41abd9645
mobilenet_v2,B,2417,MR048294B,image_level_seed11,4,1,glioma,0.0004669778930812785,0.9961024714509833,0.0034305506559354597,1,glioma,0.9961024714509833,919d6f0fb3ca462983d6df6ec06846e41abd9645
mobilenet_v2,B,2425,MR048621B,image_level_seed11,4,1,glioma,0.00015005803024896222,0.9997856348074802,6.430716227086078e-05,1,glioma,0.9997856348074802,919d6f0fb3ca462983d6df6ec06846e41abd9645
mobilenet_v2,B,2437,MR048994,image_level_seed11,4,1,glioma,1.5291158329124994e-05,0.999977183587024,7.5252546467760946e-06,1,glioma,0.999977183587024,919d6f0fb3ca462983d6df6ec06846e41abd9645
mobilenet_v2,B,2439,MR048994,image_level_seed11,4,1,glioma,0.0006559122088507091,0.9993201645216228,2.3923269526741652e-05,1,glioma,0.9993201645216228,919d6f0fb3ca462983d6df6ec06846e41abd9645
mobilenet_v2,B,2449,MR040240,image_level_seed11,4,1,glioma,0.00013070302244576297,0.9996755980931329,0.0001936988844213084,1,glioma,0.9996755980931329,919d6f0fb3ca462983d6df6ec06846e41abd9645
mobilenet_v2,B,2453,MR040240B,image_level_seed11,4,1,glioma,0.0006550557903263453,0.9937021923306274,0.005642751879046169,1,glioma,0.9937021923306274,919d6f0fb3ca462983d6df6ec06846e41abd9645
mobilenet_v2,B,2456,MR040240B,image_level_seed11,4,1,glioma,0.00031505499161834657,0.9933248186629164,0.0063601263454652465,1,glioma,0.9933248186629164,919d6f0fb3ca462983d6df6ec06846e41abd9645
mobilenet_v2,B,2460,MR040240B,image_level_seed11,4,1,glioma,0.0001659323199663185,0.9977778414844413,0.0020562261955922928,1,glioma,0.9977778414844413,919d6f0fb3ca462983d6df6ec06846e41abd9645
mobilenet_v2,B,2463,MR029209G,image_level_seed11,4,1,glioma,0.0003877161904095257,0.9993917939486309,0.00022048986095962823,1,glioma,0.9993917939486309,919d6f0fb3ca462983d6df6ec06846e41abd9645
mobilenet_v2,B,2465,MR029209G,image_level_seed11,4,1,glioma,1.9129533494518337e-05,0.9999770756065809,3.7948599245565317e-06,1,glioma,0.9999770756065809,919d6f0fb3ca462983d6df6ec06846e41abd9645
mobilenet_v2,B,2468,MR029209G,image_level_seed11,4,1,glioma,7.975857504482262e-05,0.9998910220035806,2.9219421374659733e-05,1,glioma,0.9998910220035806,919d6f0fb3ca462983d6df6ec06846e41abd9645
mobilenet_v2,B,2471,MR036496B,image_level_seed11,4,1,glioma,0.00043461669185022796,0.9995074169248723,5.796638327748163e-05,1,glioma,0.9995074169248723,919d6f0fb3ca462983d6df6ec06846e41abd9645
mobilenet_v2,B,2474,MR036496B,image_level_seed11,4,1,glioma,8.710890559301341e-05,0.999899437274896,1.3453819510763722e-05,1,glioma,0.999899437274896,919d6f0fb3ca462983d6df6ec06846e41abd9645
mobilenet_v2,B,2477,MR033420,image_level_seed11,4,1,glioma,0.008736557249374728,0.991037726662468,0.00022571608815710053,1,glioma,0.991037726662468,919d6f0fb3ca462983d6df6ec06846e41abd9645
mobilenet_v2,B,2480,MR033420,image_level_seed11,4,1,glioma,0.00011350863326267465,0.9998775543217223,8.937045015075517e-06,1,glioma,0.9998775543217223,919d6f0fb3ca462983d6df6ec06846e41abd9645
mobilenet_v2,B,2483,MR033420,image_level_seed11,4,1,glioma,0.00017963522304223622,0.9997656507140169,5.4714062940870043e-05,1,glioma,0.9997656507140169,919d6f0fb3ca462983d6df6ec06846e41abd9645
mobilenet_v2,B,2486,MR033420,image_level_seed11,4,1,glioma,5.2139257539059906e-05,0.9997779604254381,0.0001699003170228725,1,glioma,0.9997779604254381,919d6f0fb3ca462983d6df6ec06846e41abd9645
mobilenet_v2,B,2487,MR033389B,image_level_seed11,4,1,glioma,9.10521781827594e-06,0.999975509707925,1.538507425677244e-05,1,glioma,0.999975509707925,919d6f0fb3ca462983d6df6ec06846e41abd9645
mobilenet_v2,B,2500,MR026175E,image_level_seed11,4,1,glioma,4.0132783054943324e-05,0.9999558716794429,3.995537502012185e-06,1,glioma,0.9999558716794429,919d6f0fb3ca462983d6df6ec06846e41abd9645
mobilenet_v2,B,2501,MR026175E,image_level_seed11,4,1,glioma,2.384230255989312e-05,0.9999749974519057,1.1602455344851999e-06,1,glioma,0.9999749974519057,919d6f0fb3ca462983d6df6ec06846e41abd9645
mobilenet_v2,B,2502,MR026175E,image_level_seed11,4,1,glioma,0.00012927445022539516,0.9998658754018774,4.8501478970602104e-06,1,glioma,0.9998658754018774,919d6f0fb3ca462983d6df6ec06846e41abd9645
mobilenet_v2,B,2517,MR040240C,image_level_seed11,4,1,glioma,2.4288987429254788e-05,0.9997642952501262,0.00021141576244458103,1,glioma,0.9997642952501262,919d6f0fb3ca462983d6df6ec06846e41abd9645
mobilenet_v2,B,2531,MR029209I,image_level_seed11,4,1,glioma,0.0006136509084442166,0.9988640683898601,0.0005222807016956798,1,glioma,0.9988640683898601,919d6f0fb3ca462983d6df6ec06846e41abd9645
mobilenet_v2,B,2534,MR029209I,image_level_seed11,4,1,glioma,0.0006868929629887124,0.9937219908627977,0.005591116174213804,1,glioma,0.9937219908627977,919d6f0fb3ca462983d6df6ec06846e41abd9645
mobilenet_v2,B,2537,MR029209I,image_level_seed11,4,1,glioma,1.4106538067042765e-05,0.9999677566535442,1.8136808388625107e-05,1,glioma,0.9999677566535442,919d6f0fb3ca462983d6df6ec06846e41abd9645
mobilenet_v2,B,2538,MR029209I,image_level_seed11,4,1,glioma,0.00019165373308177225,0.999289414287043,0.0005189319798750675,1,glioma,0.999289414287043,919d6f0fb3ca462983d6df6ec06846e41abd9645
mobilenet_v2,B,2541,MR048294,image_level_seed11,4,1,glioma,0.00019700647040185346,0.9997966723369383,6.321192659975701e-06,1,glioma,0.9997966723369383,919d6f0fb3ca462983d6df6ec06846e41abd9645
mobilenet_v2,B,2543,MR048294,image_level_seed11,4,1,glioma,0.0017446200532821147,0.9981439474776128,0.00011143246910509564,1,glioma,0.9981439474776128,919d6f0fb3ca462983d6df6ec06846e41abd9645
mobilenet_v2,B,2546,MR051586,image_level_seed11,4,1,glioma,0.0037606159232940507,0.9957243421891201,0.000515041887585856,1,glioma,0.9957243421891201,919d6f0fb3ca462983d6df6ec06846e41abd9645
mobilenet_v2,B,2549,MR051586,image_level_seed11,4,1,glioma,0.00010339978867082035,0.9998933322576805,3.267953648593667e-06,1,glioma,0.9998933322576805,919d6f0fb3ca462983d6df6ec06846e41abd9645
mobilenet_v2,B,2552,MR051461B,image_level_seed11,4,1,glioma,0.0035042912310360745,0.9961606190047773,0.00033508976418675153,1,glioma,0.9961606190047773,919d6f0fb3ca462983d6df6ec06846e41abd9645
mobilenet_v2,B,2562,MR051644,image_level_seed11,4,1,glioma,0.00017047105270926585,0.9984168795996687,0.0014126493476220804,1,glioma,0.9984168795996687,919d6f0fb3ca462983d6df6ec06846e41abd9645
mobilenet_v2,B,2563,MR051644,image_level_seed11,4,1,glioma,6.850546286371073e-05,0.9995854692416958,0.00034602529544064246,1,glioma,0.9995854692416958,919d6f0fb3ca462983d6df6ec06846e41abd9645
mobilenet_v2,B,2565,MR051644,image_level_seed11,4,1,glioma,4.070037105301282e-05,0.9992302892785555,0.0007290103503914374,1,glioma,0.9992302892785555,919d6f0fb3ca462983d6df6ec06846e41abd9645
mobilenet_v2,B,2566,MR051651,image_level_seed11,4,1,glioma,1.817450856521941e-05,0.9999807416065265,1.083884908261347e-06,1,glioma,0.9999807416065265,919d6f0fb3ca462983d6df6ec06846e41abd9645
mobilenet_v2,B,2567,MR051651,image_level_seed11,4,1,glioma,5.943208510663123e-05,0.9999395319758977,1.0359389957243417e-06,1,glioma,0.9999395319758977,919d6f0fb3ca462983d6df6ec06846e41abd9645
mobilenet_v2,B,2571,MR051651,image_level_seed11,4,1,glioma,4.603765948199306e-05,0.9998062166428183,0.00014774569769972665,1,glioma,0.9998062166428183,919d6f0fb3ca462983d6df6ec06846e41abd9645
mobilenet_v2,B,2578,MR051796,image_level_seed11,4,1,glioma,0.0009147129819126013,0.993780580962404,0.005304706055683557,1,glioma,0.993780580962404,919d6f0fb3ca462983d6df6ec06846e41abd9645
mobilenet_v2,B,2583,MR051651B,image_level_seed11,4,1,glioma,0.0007012776663084553,0.9981641669468784,0.0011345553868130941,1,glioma,0.9981641669468784,919d6f0fb3ca462983d6df6ec06846e41abd9645
mobilenet_v2,B,2587,MR051796B,image_level_seed11,4,1,glioma,0.000392890196627839,0.995150279088802,0.004456830714570236,1,glioma,0.995150279088802,919d6f0fb3ca462983d6df6ec06846e41abd9645
mobilenet_v2,B,2594,MR052550,image_level_seed11,4,1,glioma,0.00017363145947717112,0.999142756864959,0.0006836116755637628,1,glioma,0.999142756864959,919d6f0fb3ca462983d6df6ec06846e41abd9645
mobilenet_v2,B,2597,MR051644C,image_level_seed11,4,1,glioma,6.432562913721248e-06,0.9999454551019418,4.8112335144491406e-05,1,glioma,0.9999454551019418,919d6f0fb3ca462983d6df6ec06846e41abd9645
mobilenet_v2,B,2598,MR051644C,image_level_seed11,4,1,glioma,2.663414912089446e-05,0.9999508967955707,2.2469055308559827e-05,1,glioma,0.9999508967955707,919d6f0fb3ca462983d6df6ec06846e41abd9645
mobilenet_v2,B,2601,MR051644C,image_level_seed11,4,1,glioma,0.0002318872800325299,0.9980849035038989,0.0016832092160685877,1,glioma,0.9980849035038989,919d6f0fb3ca462983d6df6ec06846e41abd9645
mobilenet_v2,B,2605,MR051644C,image_level_seed11,4,1,glioma,3.30310021779021e-06,0.999989299999453,7.396900329169945e-06,1,glioma,0.999989299999453,919d6f0fb3ca462983d6df6ec06846e41abd9645
mobilenet_v2,B,2607,MR051644C,image_level_seed11,4,1,glioma,2.987338877509514e-05,0.9999078783918589,6.224821936598292e-05,1,glioma,0.9999078783918589,919d6f0fb3ca462983d6df6ec06846e41abd9645
mobilenet_v2,B,2612,MR047953C,image_level_seed11,4,1,glioma,0.00011793533387149276,0.9996827684907561,0.00019929617537255557,1,glioma,0.9996827684907561,919d6f0fb3ca462983d6df6ec06846e41abd9645
mobilenet_v2,B,2615,MR047953C,image_level_seed11,4,1,glioma,0.00013233858965274337,0.9965767843511528,0.0032908770591943528,1,glioma,0.9965767843511528,919d6f0fb3ca462983d6df6ec06846e41abd9645
mobilenet_v2,B,2619,MR053110B,image_level_seed11,4,1,glioma,0.00018419484426888675,0.999733689279465,8.211587626611241e-05,1,glioma,0.999733689279465,919d6f0fb3ca462983d6df6ec06846e41abd9645
mobilenet_v2,B,2620,MR053110B,image_level_seed11,4,1,glioma,0.00032500526181665604,0.9991717928921691,0.0005032018460144356,1,glioma,0.9991717928921691,919d6f0fb3ca462983d6df6ec06846e41abd9645
mobilenet_v2,B,2626,MR034694,image_level_seed11,4,1,glioma,0.00020830232119386808,0.9994377239553676,0.0003539737234385953,1,glioma,0.9994377239553676,919d6f0fb3ca462983d6df6ec06846e41abd9645
mobilenet_v2,B,2627,MR034694,image_level_seed11,4,1,glioma,0.00024296465254452362,0.9981652016444215,0.0015918337030340296,1,glioma,0.9981652016444215,919d6f0fb3ca462983d6df6ec06846e41abd9645
mobilenet_v2,B,2628,MR034694,image_level_seed11,4,1,glioma,5.7313202504936856e-05,0.9992579837658228,0.0006847030316722911,1,glioma,0.9992579837658228,919d6f0fb3ca462983d6df6ec06846e41abd9645
mobilenet_v2,B,2642,MR049242C,image_level_seed11,4,1,glioma,0.0006611440562066055,0.9986437236903689,0.0006951322534244228,1,glioma,0.9986437236903689,919d6f0fb3ca462983d6df6ec06846e41abd9645
mobilenet_v2,B,2643,MR049242C,image_level_seed11,4,1,glioma,0.0006733638025783778,0.9986993157109946,0.0006273204864269616,1,glioma,0.9986993157109946,919d6f0fb3ca462983d6df6ec06846e41abd9645
mobilenet_v2,B,2646,MR053241C,image_level_seed11,4,1,glioma,0.0001322440804369033,0.9998354907493385,3.226517022463239e-05,1,glioma,0.9998354907493385,919d6f0fb3ca462983d6df6ec06846e41abd9645
mobilenet_v2,B,2647,MR053241C,image_level_seed11,4,1,glioma,0.00013247502444456598,0.9997857470925131,8.177788304238325e-05,1,glioma,0.9997857470925131,919d6f0fb3ca462983d6df6ec06846e41abd9645
mobilenet_v2,B,2655,MR034997,image_level_seed11,4,1,glioma,0.0003742467535226131,0.9995878475880582,3.790565841920442e-05,1,glioma,0.9995878475880582,919d6f0fb3ca462983d6df6ec06846e41abd9645
mobilenet_v2,B,2664,MR053110E,image_level_seed11,4,1,glioma,0.00022437745472633162,0.998332037321015,0.0014435852242585807,1,glioma,0.998332037321015,919d6f0fb3ca462983d6df6ec06846e41abd9645
mobilenet_v2,B,2665,MR053110E,image_level_seed11,4,1,glioma,0.00020800500841826585,0.9987788785398634,0.0010131164517181745,1,glioma,0.9987788785398634,919d6f0fb3ca462983d6df6ec06846e41abd9645
mobilenet_v2,B,2671,MR053110E,image_level_seed11,4,1,glioma,1.8216360606577056e-05,0.999894079344723,8.77042946703887e-05,1,glioma,0.999894079344723,919d6f0fb3ca462983d6df6ec06846e41abd9645
mobilenet_v2,B,2672,MR053110E,image_level_seed11,4,1,glioma,5.6176498577969606e-05,0.9997757102002061,0.00016811330121593642,1,glioma,0.9997757102002061,919d6f0fb3ca462983d6df6ec06846e41abd9645
mobilenet_v2,B,2674,MR053110E,image_level_seed11,4,1,glioma,0.00013701160988793858,0.9997205904434195,0.00014239794669260533,1,glioma,0.9997205904434195,919d6f0fb3ca462983d6df6ec06846e41abd9645
mobilenet_v2,B,2680,MR024780D,image_level_seed11,4,1,glioma,6.647618053145267e-05,0.999877008896653,5.6514922815597003e-05,1,glioma,0.999877008896653,919d6f0fb3ca462983d6df6ec06846e41abd9645
mobilenet_v2,B,2682,MR038469,image_level_seed11,4,1,glioma,0.00022310342927319994,0.9897120942422102,0.010064802328516639,1,glioma,0.9897120942422102,919d6f0fb3ca462983d6df6ec06846e41abd9645
mobilenet_v2,B,2701,MR032322C,image_level_seed11,4,1,glioma,1.4186910086476059e-05,0.9999318128910565,5.4000198857061485e-05,1,glioma,0.9999318128910565,919d6f0fb3ca462983d6df6ec06846e41abd9645
mobilenet_v2,B,2704,MR037458B,image_level_seed11,4,1,glioma,0.003475556638151796,0.9964554367160334,6.900664581495204e-05,1,glioma,0.9964554367160334,919d6f0fb3ca462983d6df6ec06846e41abd9645
mobilenet_v2,B,2713,MR039473,image_level_seed11,4,1,glioma,0.0001689866456835908,0.9997392181186092,9.179523570738007e-05,1,glioma,0.9997392181186092,919d6f0fb3ca462983d6df6ec06846e41abd9645
mobilenet_v2,B,2718,MR039473B,image_level_seed11,4,1,glioma,2.0106471184808286e-05,0.9999146651952123,6.522833360304431e-05,1,glioma,0.9999146651952123,919d6f0fb3ca462983d6df6ec06846e41abd9645
mobilenet_v2,B,2719,MR039473B,image_level_seed11,4,1,glioma,2.1802690814138355e-05,0.9998707371712852,0.00010746013790059832,1,glioma,0.9998707371712852,919d6f0fb3ca462983d6df6ec06846e41abd9645
mobilenet_v2,B,2724,MR037458C,image_level_seed11,4,1,glioma,0.0005417820543413656,0.9994334989360819,2.47190095766359e-05,1,glioma,0.9994334989360819,919d6f0fb3ca462983d6df6ec06846e41abd9645
mobilenet_v2,B,2726,MR037458C,image_level_seed11,4,1,glioma,0.004577470976951055,0.9946731639770331,0.000749365046015825,1,glioma,0.9946731639770331,919d6f0fb3ca462983d6df6ec06846e41abd9645
mobilenet_v2,B,2736,MR029209E,image_level_seed11,4,1,glioma,5.6807221293858794e-05,0.9999247542761498,1.8438502556491778e-05,1,glioma,0.9999247542761498,919d6f0fb3ca462983d6df6ec06846e41abd9645
mobilenet_v2,B,2738,MR053110E,image_level_seed11,4,1,glioma,9.475073879900021e-05,0.999892808012624,1.244124857695884e-05,1,glioma,0.999892808012624,919d6f0fb3ca462983d6df6ec06846e41abd9645
mobilenet_v2,B,2743,MR049019G,image_level_seed11,4,1,glioma,0.0005860817433428067,0.9987942174303591,0.0006197008262981876,1,glioma,0.9987942174303591,919d6f0fb3ca462983d6df6ec06846e41abd9645
mobilenet_v2,B,2745,MR049019G,image_level_seed11,4,1,glioma,0.00016070341571817838,0.9990322136915615,0.0008070828927203092,1,glioma,0.9990322136915615,919d6f0fb3ca462983d6df6ec06846e41abd9645
mobilenet_v2,B,2747,MR049019G,image_level_seed11,4,1,glioma,0.0016037021815209457,0.9899507890707698,0.008445508747709171,1,glioma,0.9899507890707698,919d6f0fb3ca462983d6df6ec06846e41abd9645
mobilenet_v2,B,2758,MR032322C,image_level_seed11,4,1,glioma,0.0035746554688893756,0.9940203875761227,0.002404956954988056,1,glioma,0.9940203875761227,919d6f0fb3ca462983d6df6ec06846e41abd9645
mobilenet_v2,B,2759,MR032322C,image_level_seed11,4,1,glioma,0.002824081643636406,0.9954781500040261,0.0016977683523375147,1,glioma,0.9954781500040261,919d6f0fb3ca462983d6df6ec06846e41abd9645
mobilenet_v2,B,2761,MR032322C,image_level_seed11,4,1,glioma,0.00328833863911053,0.9911944634339727,0.005517197926916849,1,glioma,0.9911944634339727,919d6f0fb3ca462983d6df6ec06846e41abd9645
mobilenet_v2,B,2762,MR032322C,image_level_seed11,4,1,glioma,0.0027158597929208745,0.9900051228492699,0.0072790173578092,1,glioma,0.9900051228492699,919d6f0fb3ca462983d6df6ec06846e41abd9645
mobilenet_v2,B,2764,MR032322C,image_level_seed11,4,1,glioma,0.000556552653303407,0.9986496826442655,0.0007937647024311049,1,glioma,0.9986496826442655,919d6f0fb3ca462983d6df6ec06846e41abd9645
mobilenet_v2,B,2766,MR032322C,image_level_seed11,4,1,glioma,0.0002468717374529827,0.9982576670376961,0.001495461224850907,1,glioma,0.9982576670376961,919d6f0fb3ca462983d6df6ec06846e41abd9645
mobilenet_v2,B,2774,MR039473,image_level_seed11,4,1,glioma,0.0004276971536127709,0.9984159115020026,0.0011563913443845763,1,glioma,0.9984159115020026,919d6f0fb3ca462983d6df6ec06846e41abd9645
mobilenet_v2,B,2776,MR039473,image_level_seed11,4,1,glioma,0.00024182608649949498,0.9993021400945896,0.00045603381891099745,1,glioma,0.9993021400945896,919d6f0fb3ca462983d6df6ec06846e41abd9645
mobilenet_v2,B,2778,MR039473,image_level_seed11,4,1,glioma,9.820595685827447e-05,0.9995808866072174,0.00032090743592425806,1,glioma,0.9995808866072174,919d6f0fb3ca462983d6df6ec06846e41abd9645
mobilenet_v2,B,2791,MR040240,image_level_seed11,4,1,glioma,0.0010761316872957797,0.9985372760080212,0.0003865923046831301,1,glioma,0.9985372760080212,919d6f0fb3ca462983d6df6ec06846e41abd9645
mobilenet_v2,B,2805,MR036496B,image_level_seed11,4,1,glioma,0.0003030508796338067,0.9996258511708889,7.109794947730177e-05,1,glioma,0.9996258511708889,919d6f0fb3ca462983d6df6ec06846e41abd9645
mobilenet_v2,B,2807,MR036496B,image_level_seed11,4,1,glioma,1.7338826013800808e-05,0.999971419958553,1.1241215433157246e-05,1,glioma,0.999971419958553,919d6f0fb3ca462983d6df6ec06846e41abd9645
mobilenet_v2,B,2822,MR048294,image_level_seed11,4,1,glioma,0.0004037432066484739,0.9993901615761409,0.00020609521721073407,1,glioma,0.9993901615761409,919d6f0fb3ca462983d6df6ec06846e41abd9645
mobilenet_v2,B,2830,MR048297,image_level_seed11,4,1,glioma,0.0002048556479184501,0.9997221296896209,7.30146624606004e-05,1,glioma,0.9997221296896209,919d6f0fb3ca462983d6df6ec06846e41abd9645
mobilenet_v2,B,2840,MR048944,image_level_seed11,4,1,glioma,0.00014344357761099155,0.9998234038065086,3.31526158804934e-05,1,glioma,0.9998234038065086,919d6f0fb3ca462983d6df6ec06846e41abd9645
mobilenet_v2,B,2845,MR048944,image_level_seed11,4,1,glioma,0.00011112225957500624,0.99965873535316,0.0002301423872649657,1,glioma,0.99965873535316,919d6f0fb3ca462983d6df6ec06846e41abd9645
mobilenet_v2,B,2849,MR048994,image_level_seed11,4,1,glioma,0.0011644462446994215,0.9987490690652269,8.648469007377469e-05,1,glioma,0.9987490690652269,919d6f0fb3ca462983d6df6ec06846e41abd9645
mobilenet_v2,B,2851,MR048994,image_level_seed11,4,1,glioma,0.0019084696968570758,0.9980107738109951,8.075649214768735e-05,1,glioma,0.9980107738109951,919d6f0fb3ca462983d6df6ec06846e41abd9645
mobilenet_v2,B,2852,MR048994,image_level_seed11,4,1,glioma,0.0017532772693770837,0.9977704320576517,0.0004762906729712786,1,glioma,0.9977704320576517,919d6f0fb3ca462983d6df6ec06846e41abd9645
mobilenet_v2,B,2853,MR048994,image_level_seed11,4,1,glioma,5.565698448742829e-05,0.9999356821738518,8.660841660796176e-06,1,glioma,0.9999356821738518,919d6f0fb3ca462983d6df6ec06846e41abd9645
mobilenet_v2,B,2857,MR049104,image_level_seed11,4,1,glioma,5.916096920499415e-05,0.9996958523487259,0.00024498668206900906,1,glioma,0.9996958523487259,919d6f0fb3ca462983d6df6ec06846e41abd9645
mobilenet_v2,B,2858,MR049142,image_level_seed11,4,1,glioma,0.10431502958695292,0.4405759932306303,0.4551089771824168,2,pituitary,0.4551089771824168,919d6f0fb3ca462983d6df6ec06846e41abd9645
mobilenet_v2,B,2859,MR049142,image_level_seed11,4,1,glioma,0.00010563948518392628,0.9998497027968896,4.465771792665651e-05,1,glioma,0.9998497027968896,919d6f0fb3ca462983d6df6ec06846e41abd9645
mobilenet_v2,B,2861,MR048994B,image_level_seed11,4,1,glioma,0.00026625188502903764,0.9996797515650169,5.3996549954093044e-05,1,glioma,0.9996797515650169,919d6f0fb3ca462983d6df6ec06846e41abd9645
mobilenet_v2,B,2868,MR049358,image_level_seed11,4,1,glioma,8.336117358021325e-05,0.9997960568051876,0.00012058202123206929,1,glioma,0.9997960568051876,919d6f0fb3ca462983d6df6ec06846e41abd9645
mobilenet_v2,B,2883,MR049453,image_level_seed11,4,1,glioma,0.00019348417093924137,0.9993419933716218,0.00046452245743910573,1,glioma,0.9993419933716218,919d6f0fb3ca462983d6df6ec06846e41abd9645
mobilenet_v2,B,2885,MR024780G,image_level_seed11,4,1,glioma,6.66688481217858e-05,0.9995771002466975,0.0003562309051805989,1,glioma,0.9995771002466975,919d6f0fb3ca462983d6df6ec06846e41abd9645
mobilenet_v2,B,2890,MR024780G,image_level_seed11,4,1,glioma,0.002514176526467096,0.997474673687581,1.1149785951828079e-05,1,glioma,0.997474673687581,919d6f0fb3ca462983d6df6ec06846e41abd9645
mobilenet_v2,B,2891,MR050135B,image_level_seed11,4,1,glioma,0.00032511916956747217,0.9996092056282733,6.567520215931674e-05,1,glioma,0.9996092056282733,919d6f0fb3ca462983d6df6ec06846e41abd9645
mobilenet_v2,B,2899,MR050135B,image_level_seed11,4,1,glioma,0.0008369504372472277,0.9985941885207122,0.0005688610420405092,1,glioma,0.9985941885207122,919d6f0fb3ca462983d6df6ec06846e41abd9645
mobilenet_v2,B,2903,MR050687,image_level_seed11,4,1,glioma,6.668511538487126e-05,0.9999292265375808,4.088347034207189e-06,1,glioma,0.9999292265375808,919d6f0fb3ca462983d6df6ec06846e41abd9645
mobilenet_v2,B,2913,MR050791B,image_level_seed11,4,1,glioma,0.001984181347118692,0.997991706402522,2.4112250359216488e-05,1,glioma,0.997991706402522,919d6f0fb3ca462983d6df6ec06846e41abd9645
mobilenet_v2,B,2923,MR051461,image_level_seed11,4,1,glioma,0.00034093552724159115,0.9996436792263316,1.5385246426813867e-05,1,glioma,0.9996436792263316,919d6f0fb3ca462983d6df6ec06846e41abd9645
mobilenet_v2,B,2929,MR051586,image_level_seed11,4,1,glioma,0.006569601689707194,0.9927092620583559,0.0007211362519371366,1,glioma,0.9927092620583559,919d6f0fb3ca462983d6df6ec06846e41abd9645
mobilenet_v2,B,2938,MR051644,image_level_seed11,4,1,glioma,0.00017908268551641553,0.9996767252601139,0.00014419205436976424,1,glioma,0.9996767252601139,919d6f0fb3ca462983d6df6ec06846e41abd9645
mobilenet_v2,B,2940,MR051644,image_level_seed11,4,1,glioma,0.0002962806062556641,0.999550328623658,0.00015339077008640867,1,glioma,0.999550328623658,919d6f0fb3ca462983d6df6ec06846e41abd9645
mobilenet_v2,B,2945,MR051651,image_level_seed11,4,1,glioma,0.0019339099317394592,0.9980390739917839,2.7016076476561683e-05,1,glioma,0.9980390739917839,919d6f0fb3ca462983d6df6ec06846e41abd9645
mobilenet_v2,B,2950,MR051796,image_level_seed11,4,1,glioma,0.0003730945919255498,0.9987958504177049,0.00083105499036953,1,glioma,0.9987958504177049,919d6f0fb3ca462983d6df6ec06846e41abd9645
mobilenet_v2,B,2954,MR051796,image_level_seed11,4,1,glioma,0.000556982959772927,0.998775317908223,0.0006676991320040553,1,glioma,0.998775317908223,919d6f0fb3ca462983d6df6ec06846e41abd9645
mobilenet_v2,B,2955,MR051651B,image_level_seed11,4,1,glioma,0.3053275232902189,0.6881911289417716,0.006481347768009587,1,glioma,0.6881911289417716,919d6f0fb3ca462983d6df6ec06846e41abd9645
mobilenet_v2,B,2965,MR051644B,image_level_seed11,4,1,glioma,0.0007565926424892749,0.9881594951634407,0.011083912194070043,1,glioma,0.9881594951634407,919d6f0fb3ca462983d6df6ec06846e41abd9645
mobilenet_v2,B,2970,MR051796B,image_level_seed11,4,1,glioma,0.0011930620434143632,0.9980961701712644,0.0007107677853214022,1,glioma,0.9980961701712644,919d6f0fb3ca462983d6df6ec06846e41abd9645
mobilenet_v2,B,2983,MR051644C,image_level_seed11,4,1,glioma,0.0002226394854470831,0.9996600146711216,0.00011734584343129515,1,glioma,0.9996600146711216,919d6f0fb3ca462983d6df6ec06846e41abd9645
mobilenet_v2,B,2987,MR051644C,image_level_seed11,4,1,glioma,0.0012874274001174306,0.9808748669754669,0.01783770562441574,1,glioma,0.9808748669754669,919d6f0fb3ca462983d6df6ec06846e41abd9645
mobilenet_v2,B,2990,MR051644C,image_level_seed11,4,1,glioma,0.0029072918754933954,0.9966735246190008,0.00041918350550582747,1,glioma,0.9966735246190008,919d6f0fb3ca462983d6df6ec06846e41abd9645
mobilenet_v2,B,2993,MR049942B,image_level_seed11,4,1,glioma,1.800116748399998e-05,0.9998108720802967,0.00017112675221916737,1,glioma,0.9998108720802967,919d6f0fb3ca462983d6df6ec06846e41abd9645
mobilenet_v2,B,3001,MR053110B,image_level_seed11,4,1,glioma,0.00022761736877732546,0.999746609795789,2.577283543387148e-05,1,glioma,0.999746609795789,919d6f0fb3ca462983d6df6ec06846e41abd9645
mobilenet_v2,B,3002,MR053110B,image_level_seed11,4,1,glioma,0.00027846793654858956,0.9996399513470831,8.158071636849777e-05,1,glioma,0.9996399513470831,919d6f0fb3ca462983d6df6ec06846e41abd9645
mobilenet_v2,B,3006,MR034694,image_level_seed11,4,1,glioma,0.0004032887478618906,0.9871974573201012,0.012399253932036964,1,glioma,0.9871974573201012,919d6f0fb3ca462983d6df6ec06846e41abd9645
mobilenet_v2,B,3007,MR034694,image_level_seed11,4,1,glioma,4.1219906487684916e-05,0.9993796646650412,0.0005791154284711303,1,glioma,0.9993796646650412,919d6f0fb3ca462983d6df6ec06846e41abd9645
mobilenet_v2,B,3008,MR034694,image_level_seed11,4,1,glioma,0.0009835310919379134,0.9569897895929192,0.042026679315142854,1,glioma,0.9569897895929192,919d6f0fb3ca462983d6df6ec06846e41abd9645
mobilenet_v2,B,3009,MR054875,image_level_seed11,4,1,glioma,0.00017966702979579276,0.9914348785878213,0.008385454382382865,1,glioma,0.9914348785878213,919d6f0fb3ca462983d6df6ec06846e41abd9645
mobilenet_v2,B,3010,MR054875,image_level_seed11,4,1,glioma,0.0006608628684422435,0.8683541364466285,0.1309850006849292,1,glioma,0.8683541364466285,919d6f0fb3ca462983d6df6ec06846e41abd9645
mobilenet_v2,B,3013,MR054875,image_level_seed11,4,1,glioma,0.002057909669505733,0.9944229719085406,0.0035191184219537366,1,glioma,0.9944229719085406,919d6f0fb3ca462983d6df6ec06846e41abd9645
mobilenet_v2,B,3027,MR034997,image_level_seed11,4,1,glioma,2.549470209586321e-05,0.9999619224670906,1.2582830813589376e-05,1,glioma,0.9999619224670906,919d6f0fb3ca462983d6df6ec06846e41abd9645
mobilenet_v2,B,3032,MR033389B,image_level_seed11,4,1,glioma,0.0005168551911903165,0.998714096657292,0.0007690481515175965,1,glioma,0.998714096657292,919d6f0fb3ca462983d6df6ec06846e41abd9645
mobilenet_v2,B,3036,MR033389B,image_level_seed11,4,1,glioma,4.693022297856267e-05,0.9900984055257087,0.009854664251312636,1,glioma,0.9900984055257087,919d6f0fb3ca462983d6df6ec06846e41abd9645
mobilenet_v2,B,3037,MR033389B,image_level_seed11,4,1,glioma,0.00028189000520262633,0.9910939261107785,0.00862418388401895,1,glioma,0.9910939261107785,919d6f0fb3ca462983d6df6ec06846e41abd9645
mobilenet_v2,B,3040,MR024780E,image_level_seed11,4,1,glioma,0.000106259716812182,0.9997969336868175,9.680659637038986e-05,1,glioma,0.9997969336868175,919d6f0fb3ca462983d6df6ec06846e41abd9645
mobilenet_v2,B,3041,MR024780E,image_level_seed11,4,1,glioma,0.00015347358439167654,0.9998379775501403,8.548865468238171e-06,1,glioma,0.9998379775501403,919d6f0fb3ca462983d6df6ec06846e41abd9645
mobilenet_v2,B,3050,MR017260F,image_level_seed11,4,1,glioma,0.0013025494999098258,0.998645271866138,5.2178633951984164e-05,1,glioma,0.998645271866138,919d6f0fb3ca462983d6df6ec06846e41abd9645
mobilenet_v2,B,3052,MR017260F,image_level_seed11,4,1,glioma,0.0007255403658813672,0.9992536486907068,2.0810943411926683e-05,1,glioma,0.9992536486907068,919d6f0fb3ca462983d6df6ec06846e41abd9645
mobilenet_v2,B,3061,MR029209I,image_level_seed11,4,1,glioma,0.0001018594280600303,0.9995362361282341,0.00036190444370608064,1,glioma,0.9995362361282341,919d6f0fb3ca462983d6df6ec06846e41abd9645
