model,arm,image_id,patient_id,protocol,test_fold,true_class,true_class_name,prob_0,prob_1,prob_2,pred_class,pred_class_name,confidence,experiment_input_commit
mobilenet_v2,A,32,102929,patient_disjoint,2,0,meningioma,0.7552286956804574,0.20219899491553472,0.04257230940400798,0,meningioma,0.7552286956804574,919d6f0fb3ca462983d6df6ec06846e41abd9645
mobilenet_v2,A,33,102929,patient_disjoint,2,0,meningioma,0.07094885355949773,0.9257236774970322,0.0033274689434700353,1,glioma,0.9257236774970322,919d6f0fb3ca462983d6df6ec06846e41abd9645
mobilenet_v2,A,62,106284,patient_disjoint,2,0,meningioma,0.24248625360009346,0.009815428904366277,0.7476983174955403,2,pituitary,0.7476983174955403,919d6f0fb3ca462983d6df6ec06846e41abd9645
mobilenet_v2,A,63,106284,patient_disjoint,2,0,meningioma,0.24040995578739402,0.0021121856320672925,0.7574778585805387,2,pituitary,0.7574778585805387,919d6f0fb3ca462983d6df6ec06846e41abd9645
mobilenet_v2,A,64,106284,patient_disjoint,2,0,meningioma,0.028207206319121356,0.0005573958601971579,0.9712353978206816,2,pituitary,0.9712353978206816,919d6f0fb3ca462983d6df6ec06846e41abd9645
mobilenet_v2,A,65,106284,patient_disjoint,2,0,meningioma,0.2942200901986444,0.0012485798831085619,0.7045313299182471,2,pituitary,0.7045313299182471,919d6f0fb3ca462983d6df6ec06846e41abd9645
mobilenet_v2,A,66,106284,patient_disjoint,2,0,meningioma,0.9483487737529542,0.014616299774209635,0.037034926472836245,0,meningioma,0.9483487737529542,919d6f0fb3ca462983d6df6ec06846e41abd9645
mobilenet_v2,A,87,106914,patient_disjoint,2,0,meningioma,0.9745376910093209,0.010174722066441858,0.015287586924237307,0,meningioma,0.9745376910093209,919d6f0fb3ca462983d6df6ec06846e41abd9645
mobilenet_v2,A,88,106914,patient_disjoint,2,0,meningioma,0.9987529946333585,0.0012005938032029408,4.6411563438614484e-05,0,meningioma,0.9987529946333585,919d6f0fb3ca462983d6df6ec06846e41abd9645
mobilenet_v2,A,89,106914,patient_disjoint,2,0,meningioma,0.9997300125998497,0.0001226268005981657,0.00014736059955215738,0,meningioma,0.9997300125998497,919d6f0fb3ca462983d6df6ec06846e41abd9645
mobilenet_v2,A,90,106914,patient_disjoint,2,0,meningioma,0.976100092352477,0.023440216536620782,0.0004596911109021798,0,meningioma,0.976100092352477,919d6f0fb3ca462983d6df6ec06846e41abd9645
mobilenet_v2,A,125,111077,patient_disjoint,2,0,meningioma,0.8731476996102814,0.009983062994628382,0.11686923739509034,0,meningioma,0.8731476996102814,919d6f0fb3ca462983d6df6ec06846e41abd9645
mobilenet_v2,A,126,111077,patient_disjoint,2,0,meningioma,0.8362222417312631,0.16142510711404903,0.0023526511546879277,0,meningioma,0.8362222417312631,919d6f0fb3ca462983d6df6ec06846e41abd9645
mobilenet_v2,A,127,111077,patient_disjoint,2,0,meningioma,0.7236908877310515,0.24424938502107335,0.03205972724787501,0,meningioma,0.7236908877310515,919d6f0fb3ca462983d6df6ec06846e41abd9645
mobilenet_v2,A,135,112002,patient_disjoint,2,0,meningioma,0.08937783079638034,0.8832491487453225,0.027373020458297093,1,glioma,0.8832491487453225,919d6f0fb3ca462983d6df6ec06846e41abd9645
mobilenet_v2,A,136,112002,patient_disjoint,2,0,meningioma,0.05143412175027613,0.9475968431693338,0.0009690350803900551,1,glioma,0.9475968431693338,919d6f0fb3ca462983d6df6ec06846e41abd9645
mobilenet_v2,A,137,112002,patient_disjoint,2,0,meningioma,0.0037185559215241397,0.9955964349380194,0.0006850091404565369,1,glioma,0.9955964349380194,919d6f0fb3ca462983d6df6ec06846e41abd9645
mobilenet_v2,A,138,112002,patient_disjoint,2,0,meningioma,0.03248141079658699,0.961011277543296,0.006507311660117155,1,glioma,0.961011277543296,919d6f0fb3ca462983d6df6ec06846e41abd9645
mobilenet_v2,A,144,112552,patient_disjoint,2,0,meningioma,0.04259603585232394,0.9562687203238641,0.001135243823812116,1,glioma,0.9562687203238641,919d6f0fb3ca462983d6df6ec06846e41abd9645
mobilenet_v2,A,145,112552,patient_disjoint,2,0,meningioma,0.8526698104213254,0.1420410520200667,0.005289137558608014,0,meningioma,0.8526698104213254,919d6f0fb3ca462983d6df6ec06846e41abd9645
mobilenet_v2,A,146,112552,patient_disjoint,2,0,meningioma,0.634897403681122,0.35948287619304187,0.005619720125836137,0,meningioma,0.634897403681122,919d6f0fb3ca462983d6df6ec06846e41abd9645
mobilenet_v2,A,147,112552,patient_disjoint,2,0,meningioma,0.9930165131481711,0.0066426615571688365,0.0003408252946601328,0,meningioma,0.9930165131481711,919d6f0fb3ca462983d6df6ec06846e41abd9645
mobilenet_v2,A,148,112552,patient_disjoint,2,0,meningioma,0.9801015018166919,0.017784103656506612,0.002114394526801459,0,meningioma,0.9801015018166919,919d6f0fb3ca462983d6df6ec06846e41abd9645
mobilenet_v2,A,149,112552,patient_disjoint,2,0,meningioma,0.8843647283177851,0.115292326224097,0.00034294545811782334,0,meningioma,0.8843647283177851,919d6f0fb3ca462983d6df6ec06846e41abd9645
mobilenet_v2,A,150,112552,patient_disjoint,2,0,meningioma,0.27874246308028167,0.718868182199024,0.0023893547206942666,1,glioma,0.718868182199024,919d6f0fb3ca462983d6df6ec06846e41abd9645
mobilenet_v2,A,163,113805,patient_disjoint,2,0,meningioma,0.8451887221500669,0.09626096113111822,0.058550316718814964,0,meningioma,0.8451887221500669,919d6f0fb3ca462983d6df6ec06846e41abd9645
mobilenet_v2,A,164,114018,patient_disjoint,2,0,meningioma,0.9743547019176176,0.003026868888329082,0.022618429194053134,0,meningioma,0.9743547019176176,919d6f0fb3ca462983d6df6ec06846e41abd9645
mobilenet_v2,A,165,114018,patient_disjoint,2,0,meningioma,0.7844422969428669,0.000516208442968889,0.215041494614164,0,meningioma,0.7844422969428669,919d6f0fb3ca462983d6df6ec06846e41abd9645
mobilenet_v2,A,166,114018,patient_disjoint,2,0,meningioma,0.9446995399281674,1.771455869573204e-05,0.05528274551313679,0,meningioma,0.9446995399281674,919d6f0fb3ca462983d6df6ec06846e41abd9645
mobilenet_v2,A,167,114018,patient_disjoint,2,0,meningioma,0.999006257252769,4.4685497817730916e-05,0.0009490572494132711,0,meningioma,0.999006257252769,919d6f0fb3ca462983d6df6ec06846e41abd9645
mobilenet_v2,A,168,114018,patient_disjoint,2,0,meningioma,0.9998562650934959,5.014945560321131e-05,9.358545090102712e-05,0,meningioma,0.9998562650934959,919d6f0fb3ca462983d6df6ec06846e41abd9645
mobilenet_v2,A,169,114359,patient_disjoint,2,0,meningioma,0.2415268426205857,0.7584638547004797,9.302678934545855e-06,1,glioma,0.7584638547004797,919d6f0fb3ca462983d6df6ec06846e41abd9645
mobilenet_v2,A,170,114359,patient_disjoint,2,0,meningioma,0.03685245455236694,0.963145992031643,1.5534159900064506e-06,1,glioma,0.963145992031643,919d6f0fb3ca462983d6df6ec06846e41abd9645
mobilenet_v2,A,171,114359,patient_disjoint,2,0,meningioma,0.9922683139246691,0.007717366154338686,1.431992099221134e-05,0,meningioma,0.9922683139246691,919d6f0fb3ca462983d6df6ec06846e41abd9645
mobilenet_v2,A,172,114359,patient_disjoint,2,0,meningioma,0.9235638270063039,0.07610299118935146,0.0003331818043445221,0,meningioma,0.9235638270063039,919d6f0fb3ca462983d6df6ec06846e41abd9645
mobilenet_v2,A,173,114359,patient_disjoint,2,0,meningioma,0.999558736313301,0.00035757731846964533,8.36863682292356e-05,0,meningioma,0.999558736313301,919d6f0fb3ca462983d6df6ec06846e41abd9645
mobilenet_v2,A,174,114359,patient_disjoint,2,0,meningioma,0.9960703402221648,0.003226146389886169,0.0007035133879490209,0,meningioma,0.9960703402221648,919d6f0fb3ca462983d6df6ec06846e41abd9645
mobilenet_v2,A,192,98241,patient_disjoint,2,0,meningioma,0.9977379095544904,0.0018194562137796811,0.0004426342317299532,0,meningioma,0.9977379095544904,919d6f0fb3ca462983d6df6ec06846e41abd9645
mobilenet_v2,A,193,98241,patient_disjoint,2,0,meningioma,0.9830907590020778,0.004943667617768167,0.011965573380154158,0,meningioma,0.9830907590020778,919d6f0fb3ca462983d6df6ec06846e41abd9645
mobilenet_v2,A,194,98241,patient_disjoint,2,0,meningioma,0.9998288543920214,2.4710399847622378e-05,0.0001464352081310276,0,meningioma,0.9998288543920214,919d6f0fb3ca462983d6df6ec06846e41abd9645
mobilenet_v2,A,195,98241,patient_disjoint,2,0,meningioma,0.9955615212400233,4.852027314607249e-05,0.004389958486830536,0,meningioma,0.9955615212400233,919d6f0fb3ca462983d6df6ec06846e41abd9645
mobilenet_v2,A,196,98241,patient_disjoint,2,0,meningioma,0.9997610002501398,5.588998472621167e-05,0.00018310976513396144,0,meningioma,0.9997610002501398,919d6f0fb3ca462983d6df6ec06846e41abd9645
mobilenet_v2,A,197,98241,patient_disjoint,2,0,meningioma,0.9989413363736442,0.0008722866016718481,0.00018637702468390357,0,meningioma,0.9989413363736442,919d6f0fb3ca462983d6df6ec06846e41abd9645
mobilenet_v2,A,203,99288,patient_disjoint,2,0,meningioma,0.9975539145671051,0.001061625219010434,0.0013844602138845346,0,meningioma,0.9975539145671051,919d6f0fb3ca462983d6df6ec06846e41abd9645
mobilenet_v2,A,204,99308,patient_disjoint,2,0,meningioma,0.9970650427025257,0.002532493622194801,0.00040246367527940584,0,meningioma,0.9970650427025257,919d6f0fb3ca462983d6df6ec06846e41abd9645
mobilenet_v2,A,205,99308,patient_disjoint,2,0,meningioma,0.31005457451407353,0.6887450762679996,0.0012003492179268975,1,glioma,0.6887450762679996,919d6f0fb3ca462983d6df6ec06846e41abd9645
mobilenet_v2,A,206,99308,patient_disjoint,2,0,meningioma,0.8346253469492985,0.1590794581043589,0.006295194946342636,0,meningioma,0.8346253469492985,919d6f0fb3ca462983d6df6ec06846e41abd9645
mobilenet_v2,A,207,99308,patient_disjoint,2,0,meningioma,0.9966651450214521,0.0015015933276021395,0.0018332616509458448,0,meningioma,0.9966651450214521,919d6f0fb3ca462983d6df6ec06846e41abd9645
mobilenet_v2,A,208,99308,patient_disjoint,2,0,meningioma,0.9847996011653762,0.013762752132610448,0.0014376467020134156,0,meningioma,0.9847996011653762,919d6f0fb3ca462983d6df6ec06846e41abd9645
mobilenet_v2,A,246,102929,patient_disjoint,2,0,meningioma,0.018026758654299736,0.012149567482333576,0.9698236738633667,2,pituitary,0.9698236738633667,919d6f0fb3ca462983d6df6ec06846e41abd9645
mobilenet_v2,A,247,102929,patient_disjoint,2,0,meningioma,0.6398263953911248,0.014017378379583759,0.3461562262292915,0,meningioma,0.6398263953911248,919d6f0fb3ca462983d6df6ec06846e41abd9645
mobilenet_v2,A,248,102929,patient_disjoint,2,0,meningioma,0.1626509076295225,0.2903702765151511,0.5469788158553264,2,pituitary,0.5469788158553264,919d6f0fb3ca462983d6df6ec06846e41abd9645
mobilenet_v2,A,249,102929,patient_disjoint,2,0,meningioma,0.03702678940838416,0.07540567344085221,0.8875675371507636,2,pituitary,0.8875675371507636,919d6f0fb3ca462983d6df6ec06846e41abd9645
mobilenet_v2,A,250,102929,patient_disjoint,2,0,meningioma,0.27810577307608575,0.25413811940450437,0.4677561075194098,2,pituitary,0.4677561075194098,919d6f0fb3ca462983d6df6ec06846e41abd9645
mobilenet_v2,A,251,102929,patient_disjoint,2,0,meningioma,0.06464011829611613,0.6381732392584429,0.2971866424454409,1,glioma,0.6381732392584429,919d6f0fb3ca462983d6df6ec06846e41abd9645
mobilenet_v2,A,290,106284,patient_disjoint,2,0,meningioma,0.05507346003950371,0.004276281010436514,0.9406502589500598,2,pituitary,0.9406502589500598,919d6f0fb3ca462983d6df6ec06846e41abd9645
mobilenet_v2,A,291,106284,patient_disjoint,2,0,meningioma,0.1681417377901917,0.011557270244850251,0.820300991964958,2,pituitary,0.820300991964958,919d6f0fb3ca462983d6df6ec06846e41abd9645
mobilenet_v2,A,292,106284,patient_disjoint,2,0,meningioma,0.8770042953484501,0.04568798628761087,0.07730771836393899,0,meningioma,0.8770042953484501,919d6f0fb3ca462983d6df6ec06846e41abd9645
mobilenet_v2,A,293,106284,patient_disjoint,2,0,meningioma,0.5573182728627941,0.02998262508641044,0.41269910205079546,0,meningioma,0.5573182728627941,919d6f0fb3ca462983d6df6ec06846e41abd9645
mobilenet_v2,A,311,106914,patient_disjoint,2,0,meningioma,0.9975065595276129,0.0024791971170706143,1.4243355316598505e-05,0,meningioma,0.9975065595276129,919d6f0fb3ca462983d6df6ec06846e41abd9645
mobilenet_v2,A,312,106914,patient_disjoint,2,0,meningioma,0.9999164975935835,6.764338709328747e-05,1.5859019323296346e-05,0,meningioma,0.9999164975935835,919d6f0fb3ca462983d6df6ec06846e41abd9645
mobilenet_v2,A,313,106914,patient_disjoint,2,0,meningioma,0.9997771685269273,0.00015302891423534404,6.980255883724874e-05,0,meningioma,0.9997771685269273,919d6f0fb3ca462983d6df6ec06846e41abd9645
mobilenet_v2,A,314,106914,patient_disjoint,2,0,meningioma,0.9999619820638068,6.683637873279541e-06,3.133429831991819e-05,0,meningioma,0.9999619820638068,919d6f0fb3ca462983d6df6ec06846e41abd9645
mobilenet_v2,A,349,111077,patient_disjoint,2,0,meningioma,0.966734760206575,0.018643871200020843,0.014621368593404025,0,meningioma,0.966734760206575,919d6f0fb3ca462983d6df6ec06846e41abd9645
mobilenet_v2,A,350,111077,patient_disjoint,2,0,meningioma,0.9817047583228166,0.0035819994311687203,0.01471324224601468,0,meningioma,0.9817047583228166,919d6f0fb3ca462983d6df6ec06846e41abd9645
mobilenet_v2,A,351,111077,patient_disjoint,2,0,meningioma,0.9912914181754032,0.005803510937456093,0.002905070887140776,0,meningioma,0.9912914181754032,919d6f0fb3ca462983d6df6ec06846e41abd9645
mobilenet_v2,A,352,111077,patient_disjoint,2,0,meningioma,0.9580231259509402,0.0015925473338675466,0.040384326715192244,0,meningioma,0.9580231259509402,919d6f0fb3ca462983d6df6ec06846e41abd9645
mobilenet_v2,A,362,112002,patient_disjoint,2,0,meningioma,0.5048862078883419,0.4810739234869566,0.014039868624701468,0,meningioma,0.5048862078883419,919d6f0fb3ca462983d6df6ec06846e41abd9645
mobilenet_v2,A,363,112002,patient_disjoint,2,0,meningioma,0.004662974466503632,0.9947205951139201,0.0006164304195762851,1,glioma,0.9947205951139201,919d6f0fb3ca462983d6df6ec06846e41abd9645
mobilenet_v2,A,364,112002,patient_disjoint,2,0,meningioma,9.373631555094369e-05,0.9998171693404092,8.909434403971173e-05,1,glioma,0.9998171693404092,919d6f0fb3ca462983d6df6ec06846e41abd9645
mobilenet_v2,A,365,112002,patient_disjoint,2,0,meningioma,0.034890780250759694,0.9051487351775274,0.05996048457171301,1,glioma,0.9051487351775274,919d6f0fb3ca462983d6df6ec06846e41abd9645
mobilenet_v2,A,372,112552,patient_disjoint,2,0,meningioma,0.9740231471781219,0.025496880689701757,0.0004799721321763675,0,meningioma,0.9740231471781219,919d6f0fb3ca462983d6df6ec06846e41abd9645
mobilenet_v2,A,373,112552,patient_disjoint,2,0,meningioma,0.3569248940357036,0.64205252261434,0.0010225833499562986,1,glioma,0.64205252261434,919d6f0fb3ca462983d6df6ec06846e41abd9645
mobilenet_v2,A,374,112552,patient_disjoint,2,0,meningioma,0.9976529729311402,0.002196365726592244,0.00015066134226748984,0,meningioma,0.9976529729311402,919d6f0fb3ca462983d6df6ec06846e41abd9645
mobilenet_v2,A,375,112552,patient_disjoint,2,0,meningioma,0.9982929703116664,0.0012354476004499504,0.0004715820878836416,0,meningioma,0.9982929703116664,919d6f0fb3ca462983d6df6ec06846e41abd9645
mobilenet_v2,A,376,112552,patient_disjoint,2,0,meningioma,0.9789265185025493,0.020627719006755776,0.00044576249069503554,0,meningioma,0.9789265185025493,919d6f0fb3ca462983d6df6ec06846e41abd9645
mobilenet_v2,A,377,112552,patient_disjoint,2,0,meningioma,0.9991135639908983,0.0007389274256573044,0.00014750858344445244,0,meningioma,0.9991135639908983,919d6f0fb3ca462983d6df6ec06846e41abd9645
mobilenet_v2,A,378,112552,patient_disjoint,2,0,meningioma,0.9991770096628902,0.0008103430268072807,1.2647310302560175e-05,0,meningioma,0.9991770096628902,919d6f0fb3ca462983d6df6ec06846e41abd9645
mobilenet_v2,A,393,113805,patient_disjoint,2,0,meningioma,0.9847705155201142,0.01405468351211879,0.0011748009677670765,0,meningioma,0.9847705155201142,919d6f0fb3ca462983d6df6ec06846e41abd9645
mobilenet_v2,A,394,113805,patient_disjoint,2,0,meningioma,0.9987745128561445,0.000868433663772592,0.00035705348008288894,0,meningioma,0.9987745128561445,919d6f0fb3ca462983d6df6ec06846e41abd9645
mobilenet_v2,A,395,114018,patient_disjoint,2,0,meningioma,0.8903772146228626,0.0681741763137252,0.041448609063412106,0,meningioma,0.8903772146228626,919d6f0fb3ca462983d6df6ec06846e41abd9645
mobilenet_v2,A,396,114018,patient_disjoint,2,0,meningioma,0.5105169242854878,0.010826537684827574,0.47865653802968455,0,meningioma,0.5105169242854878,919d6f0fb3ca462983d6df6ec06846e41abd9645
mobilenet_v2,A,397,114018,patient_disjoint,2,0,meningioma,0.9919850885788846,0.0009229749505963868,0.007091936470519237,0,meningioma,0.9919850885788846,919d6f0fb3ca462983d6df6ec06846e41abd9645
mobilenet_v2,A,398,114018,patient_disjoint,2,0,meningioma,0.9666515373376382,0.030399751744594486,0.0029487109177673524,0,meningioma,0.9666515373376382,919d6f0fb3ca462983d6df6ec06846e41abd9645
mobilenet_v2,A,399,114359,patient_disjoint,2,0,meningioma,0.8988835756888437,0.10100857238890741,0.00010785192224876516,0,meningioma,0.8988835756888437,919d6f0fb3ca462983d6df6ec06846e41abd9645
mobilenet_v2,A,400,114359,patient_disjoint,2,0,meningioma,0.9981628691224926,0.001799955611425321,3.717526608212984e-05,0,meningioma,0.9981628691224926,919d6f0fb3ca462983d6df6ec06846e41abd9645
mobilenet_v2,A,401,114359,patient_disjoint,2,0,meningioma,0.9991104331693209,0.0008825424189965857,7.0244116824536995e-06,0,meningioma,0.9991104331693209,919d6f0fb3ca462983d6df6ec06846e41abd9645
mobilenet_v2,A,402,114359,patient_disjoint,2,0,meningioma,0.9975167137163097,0.00233295128036343,0.00015033500332680251,0,meningioma,0.9975167137163097,919d6f0fb3ca462983d6df6ec06846e41abd9645
mobilenet_v2,A,403,114359,patient_disjoint,2,0,meningioma,0.9966241120344735,0.0033740389620181437,1.8490035082164743e-06,0,meningioma,0.9966241120344735,919d6f0fb3ca462983d6df6ec06846e41abd9645
mobilenet_v2,A,404,114359,patient_disjoint,2,0,meningioma,0.03374854470668663,0.9650051524884296,0.0012463028048838732,1,glioma,0.9650051524884296,919d6f0fb3ca462983d6df6ec06846e41abd9645
mobilenet_v2,A,423,98241,patient_disjoint,2,0,meningioma,0.99564607306374,0.003967410108720853,0.0003865168275392073,0,meningioma,0.99564607306374,919d6f0fb3ca462983d6df6ec06846e41abd9645
mobilenet_v2,A,424,98241,patient_disjoint,2,0,meningioma,0.9966620317925637,0.0027568466056871422,0.0005811216017491778,0,meningioma,0.9966620317925637,919d6f0fb3ca462983d6df6ec06846e41abd9645
mobilenet_v2,A,425,98241,patient_disjoint,2,0,meningioma,0.9832820713285249,0.01630403993529698,0.0004138887361781714,0,meningioma,0.9832820713285249,919d6f0fb3ca462983d6df6ec06846e41abd9645
mobilenet_v2,A,426,98241,patient_disjoint,2,0,meningioma,0.9949615548893443,0.0015997846013528934,0.0034386605093027086,0,meningioma,0.9949615548893443,919d6f0fb3ca462983d6df6ec06846e41abd9645
mobilenet_v2,A,427,98241,patient_disjoint,2,0,meningioma,0.9994266392671275,0.0003905762262429551,0.0001827845066296555,0,meningioma,0.9994266392671275,919d6f0fb3ca462983d6df6ec06846e41abd9645
mobilenet_v2,A,428,98241,patient_disjoint,2,0,meningioma,0.9965786424607636,0.0017575963197091198,0.0016637612195273663,0,meningioma,0.9965786424607636,919d6f0fb3ca462983d6df6ec06846e41abd9645
mobilenet_v2,A,429,98241,patient_disjoint,2,0,meningioma,0.9977558967883351,0.0008606140307166169,0.0013834891809483426,0,meningioma,0.9977558967883351,919d6f0fb3ca462983d6df6ec06846e41abd9645
mobilenet_v2,A,437,99288,patient_disjoint,2,0,meningioma,0.9848713223226705,0.012205554333870869,0.0029231233434585434,0,meningioma,0.9848713223226705,919d6f0fb3ca462983d6df6ec06846e41abd9645
mobilenet_v2,A,438,99308,patient_disjoint,2,0,meningioma,0.15292548386902471,0.8450857387700521,0.001988777360923256,1,glioma,0.8450857387700521,919d6f0fb3ca462983d6df6ec06846e41abd9645
mobilenet_v2,A,439,99308,patient_disjoint,2,0,meningioma,0.6110565505644414,0.3451009344116424,0.04384251502391614,0,meningioma,0.6110565505644414,919d6f0fb3ca462983d6df6ec06846e41abd9645
mobilenet_v2,A,440,99308,patient_disjoint,2,0,meningioma,0.9838924045110864,0.008217267631768029,0.007890327857145371,0,meningioma,0.9838924045110864,919d6f0fb3ca462983d6df6ec06846e41abd9645
mobilenet_v2,A,441,99308,patient_disjoint,2,0,meningioma,0.9433950554501414,0.04561050793424553,0.010994436615613022,0,meningioma,0.9433950554501414,919d6f0fb3ca462983d6df6ec06846e41abd9645
mobilenet_v2,A,485,102818,patient_disjoint,2,0,meningioma,0.9632045362344418,0.008119866257895408,0.02867559750766292,0,meningioma,0.9632045362344418,919d6f0fb3ca462983d6df6ec06846e41abd9645
mobilenet_v2,A,486,102818,patient_disjoint,2,0,meningioma,0.948121669640833,0.021994469921842962,0.029883860437324036,0,meningioma,0.948121669640833,919d6f0fb3ca462983d6df6ec06846e41abd9645
mobilenet_v2,A,487,102818,patient_disjoint,2,0,meningioma,0.9683842152224703,0.002323010038215089,0.02929277473931461,0,meningioma,0.9683842152224703,919d6f0fb3ca462983d6df6ec06846e41abd9645
mobilenet_v2,A,488,102818,patient_disjoint,2,0,meningioma,0.09928354136296887,0.013894530782993804,0.8868219278540375,2,pituitary,0.8868219278540375,919d6f0fb3ca462983d6df6ec06846e41abd9645
mobilenet_v2,A,523,106284,patient_disjoint,2,0,meningioma,0.942497251716469,0.0012515803663869195,0.056251167917144046,0,meningioma,0.942497251716469,919d6f0fb3ca462983d6df6ec06846e41abd9645
mobilenet_v2,A,524,106284,patient_disjoint,2,0,meningioma,0.9131529421825109,0.0006230075041959239,0.08622405031329307,0,meningioma,0.9131529421825109,919d6f0fb3ca462983d6df6ec06846e41abd9645
mobilenet_v2,A,525,106284,patient_disjoint,2,0,meningioma,0.5934280597121759,0.014026214295501684,0.3925457259923224,0,meningioma,0.5934280597121759,919d6f0fb3ca462983d6df6ec06846e41abd9645
mobilenet_v2,A,526,106284,patient_disjoint,2,0,meningioma,0.9809024965108902,0.006048711338435803,0.013048792150674001,0,meningioma,0.9809024965108902,919d6f0fb3ca462983d6df6ec06846e41abd9645
mobilenet_v2,A,543,106914,patient_disjoint,2,0,meningioma,0.9951233323332678,0.0042463170673195825,0.0006303505994127532,0,meningioma,0.9951233323332678,919d6f0fb3ca462983d6df6ec06846e41abd9645
mobilenet_v2,A,544,106914,patient_disjoint,2,0,meningioma,0.9984423901883323,0.0015195952511241255,3.801456054367142e-05,0,meningioma,0.9984423901883323,919d6f0fb3ca462983d6df6ec06846e41abd9645
mobilenet_v2,A,545,106914,patient_disjoint,2,0,meningioma,0.9998933390829854,9.455344232858061e-05,1.2107474685938027e-05,0,meningioma,0.9998933390829854,919d6f0fb3ca462983d6df6ec06846e41abd9645
mobilenet_v2,A,546,106914,patient_disjoint,2,0,meningioma,0.9998938824105876,7.018281081036992e-05,3.593477860205368e-05,0,meningioma,0.9998938824105876,919d6f0fb3ca462983d6df6ec06846e41abd9645
mobilenet_v2,A,547,106914,patient_disjoint,2,0,meningioma,0.9997775187361504,0.00020443201513487138,1.8049248714897154e-05,0,meningioma,0.9997775187361504,919d6f0fb3ca462983d6df6ec06846e41abd9645
mobilenet_v2,A,548,106914,patient_disjoint,2,0,meningioma,0.9996908619720849,0.00015536436791870243,0.00015377365999636727,0,meningioma,0.9996908619720849,919d6f0fb3ca462983d6df6ec06846e41abd9645
mobilenet_v2,A,549,106914,patient_disjoint,2,0,meningioma,0.9981506366612488,0.0016396294452608116,0.0002097338934904791,0,meningioma,0.9981506366612488,919d6f0fb3ca462983d6df6ec06846e41abd9645
mobilenet_v2,A,560,107946,patient_disjoint,2,0,meningioma,7.709242970934512e-06,0.9999916931956153,5.975614138372751e-07,1,glioma,0.9999916931956153,919d6f0fb3ca462983d6df6ec06846e41abd9645
mobilenet_v2,A,561,107946,patient_disjoint,2,0,meningioma,0.02168917274630784,0.9782343311332131,7.649612047894099e-05,1,glioma,0.9782343311332131,919d6f0fb3ca462983d6df6ec06846e41abd9645
mobilenet_v2,A,562,107946,patient_disjoint,2,0,meningioma,0.0022669038891781025,0.9976800466797102,5.3049431111694906e-05,1,glioma,0.9976800466797102,919d6f0fb3ca462983d6df6ec06846e41abd9645
mobilenet_v2,A,563,107946,patient_disjoint,2,0,meningioma,0.22315530968693065,0.7762771596690834,0.0005675306439858807,1,glioma,0.7762771596690834,919d6f0fb3ca462983d6df6ec06846e41abd9645
mobilenet_v2,A,586,111077,patient_disjoint,2,0,meningioma,0.9961983362769905,0.002432799631670628,0.0013688640913389206,0,meningioma,0.9961983362769905,919d6f0fb3ca462983d6df6ec06846e41abd9645
mobilenet_v2,A,587,111077,patient_disjoint,2,0,meningioma,0.9996482042957998,7.646959237001211e-05,0.0002753261118300955,0,meningioma,0.9996482042957998,919d6f0fb3ca462983d6df6ec06846e41abd9645
mobilenet_v2,A,588,111077,patient_disjoint,2,0,meningioma,0.9996962263767573,0.00024171021139845114,6.206341184420667e-05,0,meningioma,0.9996962263767573,919d6f0fb3ca462983d6df6ec06846e41abd9645
mobilenet_v2,A,599,112002,patient_disjoint,2,0,meningioma,0.01082490652703821,0.9822444789608019,0.006930614512159873,1,glioma,0.9822444789608019,919d6f0fb3ca462983d6df6ec06846e41abd9645
mobilenet_v2,A,600,112002,patient_disjoint,2,0,meningioma,0.0017604960770038526,0.9973975774821606,0.0008419264408354365,1,glioma,0.9973975774821606,919d6f0fb3ca462983d6df6ec06846e41abd9645
mobilenet_v2,A,601,112002,patient_disjoint,2,0,meningioma,0.2695389645892703,0.6836444578974008,0.046816577513328815,1,glioma,0.6836444578974008,919d6f0fb3ca462983d6df6ec06846e41abd9645
mobilenet_v2,A,602,112002,patient_disjoint,2,0,meningioma,0.4967747911271361,0.13323694483728726,0.36998826403557666,0,meningioma,0.4967747911271361,919d6f0fb3ca462983d6df6ec06846e41abd9645
mobilenet_v2,A,608,112552,patient_disjoint,2,0,meningioma,0.3424537292952381,0.6564684742902347,0.0010777964145272877,1,glioma,0.6564684742902347,919d6f0fb3ca462983d6df6ec06846e41abd9645
mobilenet_v2,A,609,112552,patient_disjoint,2,0,meningioma,0.9734085532053588,0.026354505025671406,0.00023694176896990496,0,meningioma,0.9734085532053588,919d6f0fb3ca462983d6df6ec06846e41abd9645
mobilenet_v2,A,610,112552,patient_disjoint,2,0,meningioma,0.9986381269716975,0.0012866481815959725,7.52248467066803e-05,0,meningioma,0.9986381269716975,919d6f0fb3ca462983d6df6ec06846e41abd9645
mobilenet_v2,A,611,112552,patient_disjoint,2,0,meningioma,0.9879050568563899,0.011812570242673768,0.0002823729009363414,0,meningioma,0.9879050568563899,919d6f0fb3ca462983d6df6ec06846e41abd9645
mobilenet_v2,A,612,112552,patient_disjoint,2,0,meningioma,0.996816313482361,0.0031121790941261284,7.150742351271985e-05,0,meningioma,0.996816313482361,919d6f0fb3ca462983d6df6ec06846e41abd9645
mobilenet_v2,A,613,112552,patient_disjoint,2,0,meningioma,0.9952201676501545,0.004754436336333124,2.539601351240679e-05,0,meningioma,0.9952201676501545,919d6f0fb3ca462983d6df6ec06846e41abd9645
mobilenet_v2,A,614,112552,patient_disjoint,2,0,meningioma,0.05128640817313487,0.9486103728539855,0.00010321897287957862,1,glioma,0.9486103728539855,919d6f0fb3ca462983d6df6ec06846e41abd9645
mobilenet_v2,A,639,113805,patient_disjoint,2,0,meningioma,0.9817219596846898,0.01196345826688629,0.006314582048424102,0,meningioma,0.9817219596846898,919d6f0fb3ca462983d6df6ec06846e41abd9645
mobilenet_v2,A,642,114018,patient_disjoint,2,0,meningioma,0.8058834188438257,0.026975778577419344,0.167140802578755,0,meningioma,0.8058834188438257,919d6f0fb3ca462983d6df6ec06846e41abd9645
mobilenet_v2,A,643,114018,patient_disjoint,2,0,meningioma,0.9838310678030209,0.0003474887234639579,0.015821443473515353,0,meningioma,0.9838310678030209,919d6f0fb3ca462983d6df6ec06846e41abd9645
mobilenet_v2,A,644,114018,patient_disjoint,2,0,meningioma,0.9248422322458609,0.00014851199777032046,0.07500925575636874,0,meningioma,0.9248422322458609,919d6f0fb3ca462983d6df6ec06846e41abd9645
mobilenet_v2,A,645,114018,patient_disjoint,2,0,meningioma,0.9946382676114438,5.532960053993503e-05,0.005306402788016133,0,meningioma,0.9946382676114438,919d6f0fb3ca462983d6df6ec06846e41abd9645
mobilenet_v2,A,646,114018,patient_disjoint,2,0,meningioma,0.9742231456023628,0.00028121968579356043,0.02549563471184346,0,meningioma,0.9742231456023628,919d6f0fb3ca462983d6df6ec06846e41abd9645
mobilenet_v2,A,647,114018,patient_disjoint,2,0,meningioma,0.7745372911777358,0.0002923238696135193,0.22517038495265065,0,meningioma,0.7745372911777358,919d6f0fb3ca462983d6df6ec06846e41abd9645
mobilenet_v2,A,648,114359,patient_disjoint,2,0,meningioma,0.8008409898470583,0.19903475676984436,0.00012425338309739848,0,meningioma,0.8008409898470583,919d6f0fb3ca462983d6df6ec06846e41abd9645
mobilenet_v2,A,649,114359,patient_disjoint,2,0,meningioma,0.9941077483670697,0.005831608392702085,6.064324022830556e-05,0,meningioma,0.9941077483670697,919d6f0fb3ca462983d6df6ec06846e41abd9645
mobilenet_v2,A,650,114359,patient_disjoint,2,0,meningioma,0.998377336178241,0.0014928999547572138,0.00012976386700182976,0,meningioma,0.998377336178241,919d6f0fb3ca462983d6df6ec06846e41abd9645
mobilenet_v2,A,651,114359,patient_disjoint,2,0,meningioma,0.9928469452749353,0.006845562692755298,0.0003074920323093204,0,meningioma,0.9928469452749353,919d6f0fb3ca462983d6df6ec06846e41abd9645
mobilenet_v2,A,652,114359,patient_disjoint,2,0,meningioma,0.9902734385891552,0.009693449990468546,3.3111420376191954e-05,0,meningioma,0.9902734385891552,919d6f0fb3ca462983d6df6ec06846e41abd9645
mobilenet_v2,A,653,114359,patient_disjoint,2,0,meningioma,0.9993468042930153,0.0006138586325534336,3.933707443138684e-05,0,meningioma,0.9993468042930153,919d6f0fb3ca462983d6df6ec06846e41abd9645
mobilenet_v2,A,654,114359,patient_disjoint,2,0,meningioma,0.9777843952958293,0.02193756839042708,0.00027803631374371737,0,meningioma,0.9777843952958293,919d6f0fb3ca462983d6df6ec06846e41abd9645
mobilenet_v2,A,655,114417,patient_disjoint,2,0,meningioma,0.36173102324342177,0.637697315785901,0.0005716609706771526,1,glioma,0.637697315785901,919d6f0fb3ca462983d6df6ec06846e41abd9645
mobilenet_v2,A,656,114417,patient_disjoint,2,0,meningioma,0.9917885058033491,0.006076130102899754,0.0021353640937511885,0,meningioma,0.9917885058033491,919d6f0fb3ca462983d6df6ec06846e41abd9645
mobilenet_v2,A,657,114417,patient_disjoint,2,0,meningioma,0.937540837404429,0.032265950904048525,0.030193211691522552,0,meningioma,0.937540837404429,919d6f0fb3ca462983d6df6ec06846e41abd9645
mobilenet_v2,A,658,114417,patient_disjoint,2,0,meningioma,0.9300370139216235,0.025085468217530726,0.0448775178608457,0,meningioma,0.9300370139216235,919d6f0fb3ca462983d6df6ec06846e41abd9645
mobilenet_v2,A,680,98241,patient_disjoint,2,0,meningioma,0.9996576488684831,0.00021021783418486106,0.00013213329733211023,0,meningioma,0.9996576488684831,919d6f0fb3ca462983d6df6ec06846e41abd9645
mobilenet_v2,A,681,98241,patient_disjoint,2,0,meningioma,0.9943308263046994,0.0007484881822638379,0.004920685513036702,0,meningioma,0.9943308263046994,919d6f0fb3ca462983d6df6ec06846e41abd9645
mobilenet_v2,A,682,98241,patient_disjoint,2,0,meningioma,0.959218608647074,0.03498561724619753,0.0057957741067285904,0,meningioma,0.959218608647074,919d6f0fb3ca462983d6df6ec06846e41abd9645
mobilenet_v2,A,683,98241,patient_disjoint,2,0,meningioma,0.9509739648541875,0.04629296543440713,0.00273306971140544,0,meningioma,0.9509739648541875,919d6f0fb3ca462983d6df6ec06846e41abd9645
mobilenet_v2,A,684,98241,patient_disjoint,2,0,meningioma,0.9870139497475766,0.01243823178595824,0.0005478184664650945,0,meningioma,0.9870139497475766,919d6f0fb3ca462983d6df6ec06846e41abd9645
mobilenet_v2,A,685,98241,patient_disjoint,2,0,meningioma,0.8764034503600993,0.09486184791836866,0.02873470172153218,0,meningioma,0.8764034503600993,919d6f0fb3ca462983d6df6ec06846e41abd9645
mobilenet_v2,A,696,99288,patient_disjoint,2,0,meningioma,0.6529957474379078,0.3355979918062892,0.011406260755802988,0,meningioma,0.6529957474379078,919d6f0fb3ca462983d6df6ec06846e41abd9645
mobilenet_v2,A,697,99308,patient_disjoint,2,0,meningioma,0.6800179855631935,0.3045703074812778,0.015411706955528702,0,meningioma,0.6800179855631935,919d6f0fb3ca462983d6df6ec06846e41abd9645
mobilenet_v2,A,698,99308,patient_disjoint,2,0,meningioma,0.7705393269500166,0.22010478462525934,0.009355888424724205,0,meningioma,0.7705393269500166,919d6f0fb3ca462983d6df6ec06846e41abd9645
mobilenet_v2,A,699,99308,patient_disjoint,2,0,meningioma,0.9867857713701672,0.012628595044327933,0.0005856335855047381,0,meningioma,0.9867857713701672,919d6f0fb3ca462983d6df6ec06846e41abd9645
mobilenet_v2,A,700,99308,patient_disjoint,2,0,meningioma,0.9813066578060202,0.018427276823451237,0.00026606537052872875,0,meningioma,0.9813066578060202,919d6f0fb3ca462983d6df6ec06846e41abd9645
mobilenet_v2,A,701,99308,patient_disjoint,2,0,meningioma,0.9509537111455242,0.047860154052515466,0.001186134801960307,0,meningioma,0.9509537111455242,919d6f0fb3ca462983d6df6ec06846e41abd9645
mobilenet_v2,A,702,99308,patient_disjoint,2,0,meningioma,0.995957247886984,0.003721680875886079,0.0003210712371299871,0,meningioma,0.995957247886984,919d6f0fb3ca462983d6df6ec06846e41abd9645
mobilenet_v2,A,799,90284,patient_disjoint,2,1,glioma,9.436272638198398e-05,0.994798426320504,0.005107210953114011,1,glioma,0.994798426320504,919d6f0fb3ca462983d6df6ec06846e41abd9645
mobilenet_v2,A,800,90284,patient_disjoint,2,1,glioma,5.38319922629973e-06,0.9999410627760069,5.3554024766613486e-05,1,glioma,0.9999410627760069,919d6f0fb3ca462983d6df6ec06846e41abd9645
mobilenet_v2,A,801,90284,patient_disjoint,2,1,glioma,0.00011597291065546446,0.9995624909033062,0.00032153618603827905,1,glioma,0.9995624909033062,919d6f0fb3ca462983d6df6ec06846e41abd9645
mobilenet_v2,A,802,90284,patient_disjoint,2,1,glioma,0.0003295399517575317,0.9981568233472174,0.0015136367010250016,1,glioma,0.9981568233472174,919d6f0fb3ca462983d6df6ec06846e41abd9645
mobilenet_v2,A,803,90284,patient_disjoint,2,1,glioma,0.0002089948371079435,0.999335298910456,0.0004557062524359337,1,glioma,0.999335298910456,919d6f0fb3ca462983d6df6ec06846e41abd9645
mobilenet_v2,A,804,90284,patient_disjoint,2,1,glioma,0.0008606026176914143,0.9839399150631171,0.015199482319191522,1,glioma,0.9839399150631171,919d6f0fb3ca462983d6df6ec06846e41abd9645
mobilenet_v2,A,805,90284,patient_disjoint,2,1,glioma,1.1480091108018924e-05,0.9999781227823601,1.0397126532017706e-05,1,glioma,0.9999781227823601,919d6f0fb3ca462983d6df6ec06846e41abd9645
mobilenet_v2,A,806,90284,patient_disjoint,2,1,glioma,0.0027533514858959778,0.9887778361027645,0.008468812411339599,1,glioma,0.9887778361027645,919d6f0fb3ca462983d6df6ec06846e41abd9645
mobilenet_v2,A,812,97609,patient_disjoint,2,1,glioma,0.0019213246681893835,0.9980618266222894,1.684870952122878e-05,1,glioma,0.9980618266222894,919d6f0fb3ca462983d6df6ec06846e41abd9645
mobilenet_v2,A,813,97609,patient_disjoint,2,1,glioma,0.0019255983996990255,0.9979868282127153,8.757338758557698e-05,1,glioma,0.9979868282127153,919d6f0fb3ca462983d6df6ec06846e41abd9645
mobilenet_v2,A,814,97609,patient_disjoint,2,1,glioma,0.00036701949922647527,0.9996263412628604,6.639237913089951e-06,1,glioma,0.9996263412628604,919d6f0fb3ca462983d6df6ec06846e41abd9645
mobilenet_v2,A,815,97609,patient_disjoint,2,1,glioma,0.00016734341060600463,0.999830577230538,2.0793588558403785e-06,1,glioma,0.999830577230538,919d6f0fb3ca462983d6df6ec06846e41abd9645
mobilenet_v2,A,816,97609,patient_disjoint,2,1,glioma,8.041870745005245e-05,0.9999188761013702,7.051911796438841e-07,1,glioma,0.9999188761013702,919d6f0fb3ca462983d6df6ec06846e41abd9645
mobilenet_v2,A,817,97609,patient_disjoint,2,1,glioma,9.860057126269937e-05,0.9999012190429117,1.803858254760827e-07,1,glioma,0.9999012190429117,919d6f0fb3ca462983d6df6ec06846e41abd9645
mobilenet_v2,A,844,105653,patient_disjoint,2,1,glioma,0.9684491151087264,0.012763662249446604,0.0187872226418271,0,meningioma,0.9684491151087264,919d6f0fb3ca462983d6df6ec06846e41abd9645
mobilenet_v2,A,845,105653,patient_disjoint,2,1,glioma,0.4400224347060089,0.13171898950877897,0.42825857578521215,0,meningioma,0.4400224347060089,919d6f0fb3ca462983d6df6ec06846e41abd9645
mobilenet_v2,A,870,90284,patient_disjoint,2,1,glioma,0.0023831493497391346,0.9972039085665362,0.00041294208372479496,1,glioma,0.9972039085665362,919d6f0fb3ca462983d6df6ec06846e41abd9645
mobilenet_v2,A,871,90284,patient_disjoint,2,1,glioma,0.6881696596725403,0.26199575985420115,0.049834580473258526,0,meningioma,0.6881696596725403,919d6f0fb3ca462983d6df6ec06846e41abd9645
mobilenet_v2,A,872,90284,patient_disjoint,2,1,glioma,0.004330098218069104,0.9954912914028118,0.00017861037911911503,1,glioma,0.9954912914028118,919d6f0fb3ca462983d6df6ec06846e41abd9645
mobilenet_v2,A,873,90284,patient_disjoint,2,1,glioma,0.0002198980662788598,0.999190795956281,0.0005893059774402617,1,glioma,0.999190795956281,919d6f0fb3ca462983d6df6ec06846e41abd9645
mobilenet_v2,A,874,90284,patient_disjoint,2,1,glioma,0.03094511339411611,0.5287213289516054,0.44033355765427856,1,glioma,0.5287213289516054,919d6f0fb3ca462983d6df6ec06846e41abd9645
mobilenet_v2,A,875,90284,patient_disjoint,2,1,glioma,0.029032706775996262,0.7792438547283085,0.19172343849569518,1,glioma,0.7792438547283085,919d6f0fb3ca462983d6df6ec06846e41abd9645
mobilenet_v2,A,876,90284,patient_disjoint,2,1,glioma,2.234031027020857e-05,0.9998603100049052,0.00011734968482481475,1,glioma,0.9998603100049052,919d6f0fb3ca462983d6df6ec06846e41abd9645
mobilenet_v2,A,877,90284,patient_disjoint,2,1,glioma,0.00016009094878561463,0.9989465375243936,0.000893371526820745,1,glioma,0.9989465375243936,919d6f0fb3ca462983d6df6ec06846e41abd9645
mobilenet_v2,A,878,90284,patient_disjoint,2,1,glioma,3.334018664572097e-05,0.9993309537008587,0.0006357061124956202,1,glioma,0.9993309537008587,919d6f0fb3ca462983d6df6ec06846e41abd9645
mobilenet_v2,A,879,90284,patient_disjoint,2,1,glioma,5.1361857407361295e-05,0.9995307382288241,0.0004178999137685586,1,glioma,0.9995307382288241,919d6f0fb3ca462983d6df6ec06846e41abd9645
mobilenet_v2,A,880,90284,patient_disjoint,2,1,glioma,1.8398398251078517e-05,0.9999546323663877,2.696923536125415e-05,1,glioma,0.9999546323663877,919d6f0fb3ca462983d6df6ec06846e41abd9645
mobilenet_v2,A,895,95142,patient_disjoint,2,1,glioma,0.0017796448817494494,0.9794885732433928,0.01873178187485787,1,glioma,0.9794885732433928,919d6f0fb3ca462983d6df6ec06846e41abd9645
mobilenet_v2,A,896,95142,patient_disjoint,2,1,glioma,0.13511426948995384,0.01594582241520966,0.8489399080948365,2,pituitary,0.8489399080948365,919d6f0fb3ca462983d6df6ec06846e41abd9645
mobilenet_v2,A,897,95142,patient_disjoint,2,1,glioma,0.07575551771447438,0.8826761396852665,0.041568342600259156,1,glioma,0.8826761396852665,919d6f0fb3ca462983d6df6ec06846e41abd9645
mobilenet_v2,A,898,95142,patient_disjoint,2,1,glioma,0.00032315445726511117,0.9953671515703552,0.004309693972379776,1,glioma,0.9953671515703552,919d6f0fb3ca462983d6df6ec06846e41abd9645
mobilenet_v2,A,899,95142,patient_disjoint,2,1,glioma,0.00024818629231243414,0.996869833034351,0.002881980673336542,1,glioma,0.996869833034351,919d6f0fb3ca462983d6df6ec06846e41abd9645
mobilenet_v2,A,900,95142,patient_disjoint,2,1,glioma,1.4132277165998653e-05,0.9999124577462626,7.340997657150076e-05,1,glioma,0.9999124577462626,919d6f0fb3ca462983d6df6ec06846e41abd9645
mobilenet_v2,A,901,95142,patient_disjoint,2,1,glioma,0.0002919223233142697,0.998031668589201,0.0016764090874847326,1,glioma,0.998031668589201,919d6f0fb3ca462983d6df6ec06846e41abd9645
mobilenet_v2,A,902,95142,patient_disjoint,2,1,glioma,4.3784940572923115e-05,0.9992558625024962,0.0007003525569308054,1,glioma,0.9992558625024962,919d6f0fb3ca462983d6df6ec06846e41abd9645
mobilenet_v2,A,903,95142,patient_disjoint,2,1,glioma,0.003480638236947362,0.995530279659142,0.00098908210391043,1,glioma,0.995530279659142,919d6f0fb3ca462983d6df6ec06846e41abd9645
mobilenet_v2,A,908,97609,patient_disjoint,2,1,glioma,8.712646869830818e-06,0.9999906784967584,6.088563718950031e-07,1,glioma,0.9999906784967584,919d6f0fb3ca462983d6df6ec06846e41abd9645
mobilenet_v2,A,909,97609,patient_disjoint,2,1,glioma,1.4507669556540246e-07,0.9999998515111511,3.4121534417898332e-09,1,glioma,0.9999998515111511,919d6f0fb3ca462983d6df6ec06846e41abd9645
mobilenet_v2,A,910,97609,patient_disjoint,2,1,glioma,3.8207319931117814e-05,0.9999613816744618,4.110056069211264e-07,1,glioma,0.9999613816744618,919d6f0fb3ca462983d6df6ec06846e41abd9645
mobilenet_v2,A,911,97609,patient_disjoint,2,1,glioma,7.211938399075238e-06,0.9999927546243733,3.343722756201334e-08,1,glioma,0.9999927546243733,919d6f0fb3ca462983d6df6ec06846e41abd9645
mobilenet_v2,A,912,98889,patient_disjoint,2,1,glioma,3.871384222808676e-05,0.999956707510054,4.578647717870444e-06,1,glioma,0.999956707510054,919d6f0fb3ca462983d6df6ec06846e41abd9645
mobilenet_v2,A,913,98889,patient_disjoint,2,1,glioma,0.0009891915649206215,0.9984088138091082,0.0006019946259709953,1,glioma,0.9984088138091082,919d6f0fb3ca462983d6df6ec06846e41abd9645
mobilenet_v2,A,914,98889,patient_disjoint,2,1,glioma,0.00018810047705863347,0.9997295107382318,8.238878470946964e-05,1,glioma,0.9997295107382318,919d6f0fb3ca462983d6df6ec06846e41abd9645
mobilenet_v2,A,915,98889,patient_disjoint,2,1,glioma,0.004447462918579054,0.993518714672819,0.002033822408601915,1,glioma,0.993518714672819,919d6f0fb3ca462983d6df6ec06846e41abd9645
mobilenet_v2,A,916,98889,patient_disjoint,2,1,glioma,0.00014209542796496703,0.9997477369020891,0.00011016766994599433,1,glioma,0.9997477369020891,919d6f0fb3ca462983d6df6ec06846e41abd9645
mobilenet_v2,A,917,98889,patient_disjoint,2,1,glioma,0.007482986392186273,0.9907803674297594,0.0017366461780544222,1,glioma,0.9907803674297594,919d6f0fb3ca462983d6df6ec06846e41abd9645
mobilenet_v2,A,962,109769,patient_disjoint,2,2,pituitary,0.0006596812323598815,6.983892793161744e-05,0.9992704798397084,2,pituitary,0.9992704798397084,919d6f0fb3ca462983d6df6ec06846e41abd9645
mobilenet_v2,A,963,109769,patient_disjoint,2,2,pituitary,0.0014270844529141258,0.00011750992640848371,0.9984554056206775,2,pituitary,0.9984554056206775,919d6f0fb3ca462983d6df6ec06846e41abd9645
mobilenet_v2,A,964,109769,patient_disjoint,2,2,pituitary,0.0018556238103290999,0.00013166751536403384,0.9980127086743069,2,pituitary,0.9980127086743069,919d6f0fb3ca462983d6df6ec06846e41abd9645
mobilenet_v2,A,965,109769,patient_disjoint,2,2,pituitary,0.00011754361886152994,1.9558680730246675e-05,0.9998628977004081,2,pituitary,0.9998628977004081,919d6f0fb3ca462983d6df6ec06846e41abd9645
mobilenet_v2,A,972,110518,patient_disjoint,2,2,pituitary,0.8728131986040434,0.0007214915177730948,0.12646530987818344,0,meningioma,0.8728131986040434,919d6f0fb3ca462983d6df6ec06846e41abd9645
mobilenet_v2,A,973,110518,patient_disjoint,2,2,pituitary,0.9195126472837039,0.00756463120346066,0.07292272151283538,0,meningioma,0.9195126472837039,919d6f0fb3ca462983d6df6ec06846e41abd9645
mobilenet_v2,A,980,111075,patient_disjoint,2,2,pituitary,0.007813938215696557,0.013523282725081829,0.9786627790592215,2,pituitary,0.9786627790592215,919d6f0fb3ca462983d6df6ec06846e41abd9645
mobilenet_v2,A,981,111075,patient_disjoint,2,2,pituitary,0.00569014859425714,0.0010308846270304403,0.9932789667787125,2,pituitary,0.9932789667787125,919d6f0fb3ca462983d6df6ec06846e41abd9645
mobilenet_v2,A,982,111075,patient_disjoint,2,2,pituitary,0.00021155885566536,3.752170242531048e-05,0.9997509194419093,2,pituitary,0.9997509194419093,919d6f0fb3ca462983d6df6ec06846e41abd9645
mobilenet_v2,A,983,111075,patient_disjoint,2,2,pituitary,3.354529172837226e-05,1.3250396924991514e-05,0.9999532043113467,2,pituitary,0.9999532043113467,919d6f0fb3ca462983d6df6ec06846e41abd9645
mobilenet_v2,A,984,111075,patient_disjoint,2,2,pituitary,0.00026359977579170946,4.056677335866338e-05,0.9996958334508497,2,pituitary,0.9996958334508497,919d6f0fb3ca462983d6df6ec06846e41abd9645
mobilenet_v2,A,985,111075,patient_disjoint,2,2,pituitary,0.0001817414434444901,4.972809237806127e-05,0.9997685304641774,2,pituitary,0.9997685304641774,919d6f0fb3ca462983d6df6ec06846e41abd9645
mobilenet_v2,A,1025,101017,patient_disjoint,2,2,pituitary,5.504975200542869e-05,2.457684162744368e-06,0.9999424925638319,2,pituitary,0.9999424925638319,919d6f0fb3ca462983d6df6ec06846e41abd9645
mobilenet_v2,A,1026,101017,patient_disjoint,2,2,pituitary,1.2091799986660209e-05,5.399485301643152e-07,0.9999873682514832,2,pituitary,0.9999873682514832,919d6f0fb3ca462983d6df6ec06846e41abd9645
mobilenet_v2,A,1027,101017,patient_disjoint,2,2,pituitary,8.628947525472664e-06,1.8841953094609796e-06,0.999989486857165,2,pituitary,0.999989486857165,919d6f0fb3ca462983d6df6ec06846e41abd9645
mobilenet_v2,A,1028,101017,patient_disjoint,2,2,pituitary,1.955049359373457e-06,1.151532073443299e-06,0.9999968934185671,2,pituitary,0.9999968934185671,919d6f0fb3ca462983d6df6ec06846e41abd9645
mobilenet_v2,A,1029,101017,patient_disjoint,2,2,pituitary,9.786366469202848e-06,6.594216093511184e-06,0.9999836194174373,2,pituitary,0.9999836194174373,919d6f0fb3ca462983d6df6ec06846e41abd9645
mobilenet_v2,A,1083,109769,patient_disjoint,2,2,pituitary,7.325690479370951e-06,7.063410438979259e-05,0.9999220402051308,2,pituitary,0.9999220402051308,919d6f0fb3ca462983d6df6ec06846e41abd9645
mobilenet_v2,A,1084,109769,patient_disjoint,2,2,pituitary,5.3789848931935094e-05,0.00018751150861740838,0.9997586986424506,2,pituitary,0.9997586986424506,919d6f0fb3ca462983d6df6ec06846e41abd9645
mobilenet_v2,A,1085,109769,patient_disjoint,2,2,pituitary,0.00015593751538512857,0.0004578681096026867,0.9993861943750122,2,pituitary,0.9993861943750122,919d6f0fb3ca462983d6df6ec06846e41abd9645
mobilenet_v2,A,1086,109769,patient_disjoint,2,2,pituitary,6.494656369103161e-05,4.1505183350669645e-05,0.9998935482529583,2,pituitary,0.9998935482529583,919d6f0fb3ca462983d6df6ec06846e41abd9645
mobilenet_v2,A,1087,109769,patient_disjoint,2,2,pituitary,0.0003593818968321122,0.00013619728756615574,0.9995044208156016,2,pituitary,0.9995044208156016,919d6f0fb3ca462983d6df6ec06846e41abd9645
mobilenet_v2,A,1094,110518,patient_disjoint,2,2,pituitary,7.853762428797232e-05,0.0003124813978284987,0.9996089809778835,2,pituitary,0.9996089809778835,919d6f0fb3ca462983d6df6ec06846e41abd9645
mobilenet_v2,A,1095,110518,patient_disjoint,2,2,pituitary,0.0003835138769764939,0.00031158218974360703,0.99930490393328,2,pituitary,0.99930490393328,919d6f0fb3ca462983d6df6ec06846e41abd9645
mobilenet_v2,A,1096,110518,patient_disjoint,2,2,pituitary,5.720132469921399e-06,1.9724503666094105e-05,0.999974555363864,2,pituitary,0.999974555363864,919d6f0fb3ca462983d6df6ec06846e41abd9645
mobilenet_v2,A,1097,110518,patient_disjoint,2,2,pituitary,1.0811216083616009e-05,2.2283322567261034e-06,0.9999869604516596,2,pituitary,0.9999869604516596,919d6f0fb3ca462983d6df6ec06846e41abd9645
mobilenet_v2,A,1098,110518,patient_disjoint,2,2,pituitary,2.6781342509386046e-06,2.2946302789498762e-06,0.9999950272354702,2,pituitary,0.9999950272354702,919d6f0fb3ca462983d6df6ec06846e41abd9645
mobilenet_v2,A,1099,110518,patient_disjoint,2,2,pituitary,3.645281644148766e-05,1.3489086621684671e-05,0.9999500580969369,2,pituitary,0.9999500580969369,919d6f0fb3ca462983d6df6ec06846e41abd9645
mobilenet_v2,A,1112,111075,patient_disjoint,2,2,pituitary,9.177435179048345e-06,6.690920090177412e-05,0.9999239133639192,2,pituitary,0.9999239133639192,919d6f0fb3ca462983d6df6ec06846e41abd9645
mobilenet_v2,A,1113,111075,patient_disjoint,2,2,pituitary,8.134070664740524e-06,9.528415584669787e-06,0.9999823375137507,2,pituitary,0.9999823375137507,919d6f0fb3ca462983d6df6ec06846e41abd9645
mobilenet_v2,A,1114,111075,patient_disjoint,2,2,pituitary,5.9330669746107216e-05,0.00014138203137792783,0.999799287298876,2,pituitary,0.999799287298876,919d6f0fb3ca462983d6df6ec06846e41abd9645
mobilenet_v2,A,1115,111075,patient_disjoint,2,2,pituitary,0.00016118596380595168,0.00017032466349183636,0.9996684893727023,2,pituitary,0.9996684893727023,919d6f0fb3ca462983d6df6ec06846e41abd9645
mobilenet_v2,A,1116,111075,patient_disjoint,2,2,pituitary,2.154152951122717e-05,4.129709686208646e-05,0.9999371613736266,2,pituitary,0.9999371613736266,919d6f0fb3ca462983d6df6ec06846e41abd9645
mobilenet_v2,A,1117,111075,patient_disjoint,2,2,pituitary,0.0004749318872764265,0.0005634961127792473,0.9989615719999442,2,pituitary,0.9989615719999442,919d6f0fb3ca462983d6df6ec06846e41abd9645
mobilenet_v2,A,1214,109769,patient_disjoint,2,2,pituitary,3.732934364777761e-05,4.699029724444474e-05,0.9999156803591078,2,pituitary,0.9999156803591078,919d6f0fb3ca462983d6df6ec06846e41abd9645
mobilenet_v2,A,1215,109769,patient_disjoint,2,2,pituitary,9.721572515354344e-06,3.356425425948426e-06,0.9999869220020587,2,pituitary,0.9999869220020587,919d6f0fb3ca462983d6df6ec06846e41abd9645
mobilenet_v2,A,1216,109769,patient_disjoint,2,2,pituitary,8.044045276717557e-06,1.96470175995459e-05,0.9999723089371237,2,pituitary,0.9999723089371237,919d6f0fb3ca462983d6df6ec06846e41abd9645
mobilenet_v2,A,1217,109769,patient_disjoint,2,2,pituitary,6.2852540322514094e-06,4.5212480711584684e-06,0.9999891934978966,2,pituitary,0.9999891934978966,919d6f0fb3ca462983d6df6ec06846e41abd9645
mobilenet_v2,A,1218,109769,patient_disjoint,2,2,pituitary,0.00013807058940969882,3.678066514229298e-05,0.9998251487454479,2,pituitary,0.9998251487454479,919d6f0fb3ca462983d6df6ec06846e41abd9645
mobilenet_v2,A,1222,110518,patient_disjoint,2,2,pituitary,0.00014733412126995127,9.360759867982808e-06,0.9998433051188621,2,pituitary,0.9998433051188621,919d6f0fb3ca462983d6df6ec06846e41abd9645
mobilenet_v2,A,1223,110518,patient_disjoint,2,2,pituitary,2.4710845425136326e-05,3.009032237327234e-06,0.9999722801223374,2,pituitary,0.9999722801223374,919d6f0fb3ca462983d6df6ec06846e41abd9645
mobilenet_v2,A,1224,110518,patient_disjoint,2,2,pituitary,3.0817124849717194e-05,3.3308293032149236e-06,0.9999658520458471,2,pituitary,0.9999658520458471,919d6f0fb3ca462983d6df6ec06846e41abd9645
mobilenet_v2,A,1225,110518,patient_disjoint,2,2,pituitary,3.9242137054567495e-06,1.646946197805999e-06,0.9999944288400967,2,pituitary,0.9999944288400967,919d6f0fb3ca462983d6df6ec06846e41abd9645
mobilenet_v2,A,1233,111075,patient_disjoint,2,2,pituitary,5.828477952707242e-05,1.972971255564863e-05,0.9999219855079173,2,pituitary,0.9999219855079173,919d6f0fb3ca462983d6df6ec06846e41abd9645
mobilenet_v2,A,1234,111075,patient_disjoint,2,2,pituitary,7.480801221292466e-05,3.2005350206227044e-05,0.9998931866375809,2,pituitary,0.9998931866375809,919d6f0fb3ca462983d6df6ec06846e41abd9645
mobilenet_v2,A,1235,111075,patient_disjoint,2,2,pituitary,5.667784236035105e-05,1.2478606451518694e-05,0.999930843551188,2,pituitary,0.999930843551188,919d6f0fb3ca462983d6df6ec06846e41abd9645
mobilenet_v2,A,1236,111075,patient_disjoint,2,2,pituitary,9.035474680153092e-05,4.87751171203997e-05,0.9998608701360779,2,pituitary,0.9998608701360779,919d6f0fb3ca462983d6df6ec06846e41abd9645
mobilenet_v2,A,1237,111075,patient_disjoint,2,2,pituitary,0.0010276701251199787,0.0002854675956194008,0.9986868622792607,2,pituitary,0.9986868622792607,919d6f0fb3ca462983d6df6ec06846e41abd9645
mobilenet_v2,A,1285,101145,patient_disjoint,2,2,pituitary,0.0058002203509889974,0.00013451874821703388,0.994065260900794,2,pituitary,0.994065260900794,919d6f0fb3ca462983d6df6ec06846e41abd9645
mobilenet_v2,A,1286,101145,patient_disjoint,2,2,pituitary,0.00034591943748775396,1.0302491270989725e-05,0.9996437780712413,2,pituitary,0.9996437780712413,919d6f0fb3ca462983d6df6ec06846e41abd9645
mobilenet_v2,A,1287,101145,patient_disjoint,2,2,pituitary,8.15945180455492e-05,3.493628461622381e-06,0.9999149118534929,2,pituitary,0.9999149118534929,919d6f0fb3ca462983d6df6ec06846e41abd9645
mobilenet_v2,A,1288,101145,patient_disjoint,2,2,pituitary,0.0002961175549815283,3.3765703131252887e-06,0.9997005058747053,2,pituitary,0.9997005058747053,919d6f0fb3ca462983d6df6ec06846e41abd9645
mobilenet_v2,A,1293,101724,patient_disjoint,2,2,pituitary,7.311636587938378e-05,3.1157527701627316e-05,0.9998957261064191,2,pituitary,0.9998957261064191,919d6f0fb3ca462983d6df6ec06846e41abd9645
mobilenet_v2,A,1294,101724,patient_disjoint,2,2,pituitary,0.0004210919487073966,4.113570637053219e-05,0.9995377723449221,2,pituitary,0.9995377723449221,919d6f0fb3ca462983d6df6ec06846e41abd9645
mobilenet_v2,A,1295,102648,patient_disjoint,2,2,pituitary,0.01520854013181577,0.25058031100881994,0.7342111488593643,2,pituitary,0.7342111488593643,919d6f0fb3ca462983d6df6ec06846e41abd9645
mobilenet_v2,A,1296,102648,patient_disjoint,2,2,pituitary,0.0003988426923458127,0.001052624955649584,0.9985485323520046,2,pituitary,0.9985485323520046,919d6f0fb3ca462983d6df6ec06846e41abd9645
mobilenet_v2,A,1297,102648,patient_disjoint,2,2,pituitary,0.004347760166486922,0.13463347834795197,0.8610187614855611,2,pituitary,0.8610187614855611,919d6f0fb3ca462983d6df6ec06846e41abd9645
mobilenet_v2,A,1298,102648,patient_disjoint,2,2,pituitary,0.02432561399117015,0.42661686001797233,0.5490575259908574,2,pituitary,0.5490575259908574,919d6f0fb3ca462983d6df6ec06846e41abd9645
mobilenet_v2,A,1299,102648,patient_disjoint,2,2,pituitary,0.044427418371132975,0.02953258360236907,0.926039998026498,2,pituitary,0.926039998026498,919d6f0fb3ca462983d6df6ec06846e41abd9645
mobilenet_v2,A,1300,102648,patient_disjoint,2,2,pituitary,0.01637337166792283,0.32658409498549923,0.6570425333465779,2,pituitary,0.6570425333465779,919d6f0fb3ca462983d6df6ec06846e41abd9645
mobilenet_v2,A,1301,103046,patient_disjoint,2,2,pituitary,0.00011044835142858997,1.1062584270345615e-05,0.9998784890643011,2,pituitary,0.9998784890643011,919d6f0fb3ca462983d6df6ec06846e41abd9645
mobilenet_v2,A,1302,103046,patient_disjoint,2,2,pituitary,0.00016058995448376196,2.166458697834029e-05,0.9998177454585379,2,pituitary,0.9998177454585379,919d6f0fb3ca462983d6df6ec06846e41abd9645
mobilenet_v2,A,1303,103046,patient_disjoint,2,2,pituitary,3.435700484809789e-05,3.7803681672376233e-06,0.9999618626269846,2,pituitary,0.9999618626269846,919d6f0fb3ca462983d6df6ec06846e41abd9645
mobilenet_v2,A,1340,103837,patient_disjoint,2,2,pituitary,0.0039009869251697827,2.391625653481216e-06,0.9960966214491768,2,pituitary,0.9960966214491768,919d6f0fb3ca462983d6df6ec06846e41abd9645
mobilenet_v2,A,1341,103837,patient_disjoint,2,2,pituitary,0.061701438352199135,2.6362862332817586e-05,0.9382721987854681,2,pituitary,0.9382721987854681,919d6f0fb3ca462983d6df6ec06846e41abd9645
mobilenet_v2,A,1342,103837,patient_disjoint,2,2,pituitary,0.018540588029584946,9.029862659110886e-06,0.981450382107756,2,pituitary,0.981450382107756,919d6f0fb3ca462983d6df6ec06846e41abd9645
mobilenet_v2,A,1343,103837,patient_disjoint,2,2,pituitary,0.001866254963766012,1.145974989049179e-05,0.9981222852863435,2,pituitary,0.9981222852863435,919d6f0fb3ca462983d6df6ec06846e41abd9645
mobilenet_v2,A,1344,103837,patient_disjoint,2,2,pituitary,4.117300981144487e-05,3.014241493550399e-06,0.9999558127486949,2,pituitary,0.9999558127486949,919d6f0fb3ca462983d6df6ec06846e41abd9645
mobilenet_v2,A,1345,103837,patient_disjoint,2,2,pituitary,3.8654035029258804e-05,2.6343124322656576e-06,0.9999587116525385,2,pituitary,0.9999587116525385,919d6f0fb3ca462983d6df6ec06846e41abd9645
mobilenet_v2,A,1346,103837,patient_disjoint,2,2,pituitary,0.0015821080865202756,9.88275935739501e-05,0.9983190643199058,2,pituitary,0.9983190643199058,919d6f0fb3ca462983d6df6ec06846e41abd9645
mobilenet_v2,A,1347,103837,patient_disjoint,2,2,pituitary,0.0007807396044247007,1.606449830672571e-05,0.9992031958972687,2,pituitary,0.9992031958972687,919d6f0fb3ca462983d6df6ec06846e41abd9645
mobilenet_v2,A,1352,104558,patient_disjoint,2,2,pituitary,0.0009400236788109276,0.0005590282497071882,0.9985009480714819,2,pituitary,0.9985009480714819,919d6f0fb3ca462983d6df6ec06846e41abd9645
mobilenet_v2,A,1353,104558,patient_disjoint,2,2,pituitary,0.0011886533338612705,0.00020267726036916938,0.9986086694057695,2,pituitary,0.9986086694057695,919d6f0fb3ca462983d6df6ec06846e41abd9645
mobilenet_v2,A,1354,104558,patient_disjoint,2,2,pituitary,3.0183316461379656e-05,7.870927867561691e-07,0.9999690295907518,2,pituitary,0.9999690295907518,919d6f0fb3ca462983d6df6ec06846e41abd9645
mobilenet_v2,A,1355,104558,patient_disjoint,2,2,pituitary,4.218674174329082e-05,6.700305010189567e-06,0.9999511129532466,2,pituitary,0.9999511129532466,919d6f0fb3ca462983d6df6ec06846e41abd9645
mobilenet_v2,A,1356,104558,patient_disjoint,2,2,pituitary,0.00470302122973739,5.9472638484122305e-06,0.9952910315064142,2,pituitary,0.9952910315064142,919d6f0fb3ca462983d6df6ec06846e41abd9645
mobilenet_v2,A,1357,104558,patient_disjoint,2,2,pituitary,0.00038245523166469824,4.269292677889082e-06,0.9996132754756573,2,pituitary,0.9996132754756573,919d6f0fb3ca462983d6df6ec06846e41abd9645
mobilenet_v2,A,1358,104558,patient_disjoint,2,2,pituitary,4.831059583102483e-05,9.131841198025232e-07,0.9999507762200491,2,pituitary,0.9999507762200491,919d6f0fb3ca462983d6df6ec06846e41abd9645
mobilenet_v2,A,1359,104558,patient_disjoint,2,2,pituitary,0.0003173866678489079,3.5855124899882695e-06,0.9996790278196611,2,pituitary,0.9996790278196611,919d6f0fb3ca462983d6df6ec06846e41abd9645
mobilenet_v2,A,1404,97481,patient_disjoint,2,2,pituitary,0.005865918175095005,0.0018878353871126894,0.9922462464377924,2,pituitary,0.9922462464377924,919d6f0fb3ca462983d6df6ec06846e41abd9645
mobilenet_v2,A,1405,97481,patient_disjoint,2,2,pituitary,0.00017700156772776008,7.795880849814518e-05,0.999745039623774,2,pituitary,0.999745039623774,919d6f0fb3ca462983d6df6ec06846e41abd9645
mobilenet_v2,A,1406,97481,patient_disjoint,2,2,pituitary,0.0005727597346043244,5.2158933091465826e-05,0.9993750813323043,2,pituitary,0.9993750813323043,919d6f0fb3ca462983d6df6ec06846e41abd9645
mobilenet_v2,A,1407,97481,patient_disjoint,2,2,pituitary,0.0002781193510761442,0.00011260423792498497,0.999609276410999,2,pituitary,0.999609276410999,919d6f0fb3ca462983d6df6ec06846e41abd9645
mobilenet_v2,A,1408,97599,patient_disjoint,2,2,pituitary,0.03393729302357255,0.003034751845759512,0.963027955130668,2,pituitary,0.963027955130668,919d6f0fb3ca462983d6df6ec06846e41abd9645
mobilenet_v2,A,1409,97599,patient_disjoint,2,2,pituitary,0.2954124958309782,0.003283308274352917,0.7013041958946689,2,pituitary,0.7013041958946689,919d6f0fb3ca462983d6df6ec06846e41abd9645
mobilenet_v2,A,1456,101017,patient_disjoint,2,2,pituitary,6.90763628409778e-07,1.785230923206417e-05,0.9999814569271396,2,pituitary,0.9999814569271396,919d6f0fb3ca462983d6df6ec06846e41abd9645
mobilenet_v2,A,1457,101017,patient_disjoint,2,2,pituitary,1.4191680808767858e-06,1.6143775538557986e-05,0.9999824370563806,2,pituitary,0.9999824370563806,919d6f0fb3ca462983d6df6ec06846e41abd9645
mobilenet_v2,A,1458,101017,patient_disjoint,2,2,pituitary,3.4412676995571946e-06,2.9191048532929956e-05,0.9999673676837675,2,pituitary,0.9999673676837675,919d6f0fb3ca462983d6df6ec06846e41abd9645
mobilenet_v2,A,1459,101017,patient_disjoint,2,2,pituitary,6.93964393715955e-06,0.00010268188947936556,0.9998903784665834,2,pituitary,0.9998903784665834,919d6f0fb3ca462983d6df6ec06846e41abd9645
mobilenet_v2,A,1460,101017,patient_disjoint,2,2,pituitary,1.1163616665505984e-06,7.106523561043634e-07,0.9999981729859773,2,pituitary,0.9999981729859773,919d6f0fb3ca462983d6df6ec06846e41abd9645
mobilenet_v2,A,1461,101017,patient_disjoint,2,2,pituitary,5.96038785788996e-05,1.5525489471323022e-05,0.9999248706319498,2,pituitary,0.9999248706319498,919d6f0fb3ca462983d6df6ec06846e41abd9645
mobilenet_v2,A,1468,101145,patient_disjoint,2,2,pituitary,0.00023878217877426464,6.195814203317604e-05,0.9996992596791926,2,pituitary,0.9996992596791926,919d6f0fb3ca462983d6df6ec06846e41abd9645
mobilenet_v2,A,1469,101145,patient_disjoint,2,2,pituitary,3.06847065214802e-05,1.0464686424287346e-05,0.9999588506070544,2,pituitary,0.9999588506070544,919d6f0fb3ca462983d6df6ec06846e41abd9645
mobilenet_v2,A,1470,101145,patient_disjoint,2,2,pituitary,0.00035045194486274,4.530278670337882e-05,0.9996042452684339,2,pituitary,0.9996042452684339,919d6f0fb3ca462983d6df6ec06846e41abd9645
mobilenet_v2,A,1471,101145,patient_disjoint,2,2,pituitary,1.5243241728554728e-05,1.3671213312394973e-06,0.9999833896369402,2,pituitary,0.9999833896369402,919d6f0fb3ca462983d6df6ec06846e41abd9645
mobilenet_v2,A,1480,101724,patient_disjoint,2,2,pituitary,1.4951562629828868e-05,3.115518029219778e-05,0.9999538932570781,2,pituitary,0.9999538932570781,919d6f0fb3ca462983d6df6ec06846e41abd9645
mobilenet_v2,A,1481,101724,patient_disjoint,2,2,pituitary,2.806925025958784e-05,3.3165454143145e-05,0.9999387652955971,2,pituitary,0.9999387652955971,919d6f0fb3ca462983d6df6ec06846e41abd9645
mobilenet_v2,A,1482,101724,patient_disjoint,2,2,pituitary,3.73297369183932e-05,0.00014587569800827906,0.9998167945650734,2,pituitary,0.9998167945650734,919d6f0fb3ca462983d6df6ec06846e41abd9645
mobilenet_v2,A,1483,102648,patient_disjoint,2,2,pituitary,8.237667585429019e-05,0.0025734490437176972,0.997344174280428,2,pituitary,0.997344174280428,919d6f0fb3ca462983d6df6ec06846e41abd9645
mobilenet_v2,A,1484,102648,patient_disjoint,2,2,pituitary,0.0007067559573284174,0.006756147620316118,0.9925370964223555,2,pituitary,0.9925370964223555,919d6f0fb3ca462983d6df6ec06846e41abd9645
mobilenet_v2,A,1485,102648,patient_disjoint,2,2,pituitary,0.0034458237622044595,0.006319468639989489,0.9902347075978061,2,pituitary,0.9902347075978061,919d6f0fb3ca462983d6df6ec06846e41abd9645
mobilenet_v2,A,1486,102648,patient_disjoint,2,2,pituitary,0.00976591854045835,0.010052328051350284,0.9801817534081912,2,pituitary,0.9801817534081912,919d6f0fb3ca462983d6df6ec06846e41abd9645
mobilenet_v2,A,1489,103046,patient_disjoint,2,2,pituitary,5.9103090467819196e-05,2.3216729547979024e-05,0.9999176801799843,2,pituitary,0.9999176801799843,919d6f0fb3ca462983d6df6ec06846e41abd9645
mobilenet_v2,A,1490,103046,patient_disjoint,2,2,pituitary,3.597946363921041e-05,3.094711990978732e-05,0.999933073416451,2,pituitary,0.999933073416451,919d6f0fb3ca462983d6df6ec06846e41abd9645
mobilenet_v2,A,1491,103046,patient_disjoint,2,2,pituitary,5.059709378796704e-05,4.627004622079592e-05,0.9999031328599911,2,pituitary,0.9999031328599911,919d6f0fb3ca462983d6df6ec06846e41abd9645
mobilenet_v2,A,1492,103046,patient_disjoint,2,2,pituitary,2.7676193817297786e-05,1.1231819342373494e-05,0.9999610919868402,2,pituitary,0.9999610919868402,919d6f0fb3ca462983d6df6ec06846e41abd9645
mobilenet_v2,A,1528,103837,patient_disjoint,2,2,pituitary,0.0002901554420123239,2.7459871937939527e-05,0.9996823846860496,2,pituitary,0.9996823846860496,919d6f0fb3ca462983d6df6ec06846e41abd9645
mobilenet_v2,A,1529,103837,patient_disjoint,2,2,pituitary,7.844222675179862e-05,8.142442923040263e-06,0.9999134153303252,2,pituitary,0.9999134153303252,919d6f0fb3ca462983d6df6ec06846e41abd9645
mobilenet_v2,A,1530,103837,patient_disjoint,2,2,pituitary,4.90508917319006e-05,1.2168300276677795e-05,0.9999387808079915,2,pituitary,0.9999387808079915,919d6f0fb3ca462983d6df6ec06846e41abd9645
mobilenet_v2,A,1531,103837,patient_disjoint,2,2,pituitary,2.8148703185346078e-05,1.0522876739507242e-05,0.9999613284200751,2,pituitary,0.9999613284200751,919d6f0fb3ca462983d6df6ec06846e41abd9645
mobilenet_v2,A,1532,103837,patient_disjoint,2,2,pituitary,1.7596960115152454e-05,1.4440848900820344e-06,0.9999809589549947,2,pituitary,0.9999809589549947,919d6f0fb3ca462983d6df6ec06846e41abd9645
mobilenet_v2,A,1538,104558,patient_disjoint,2,2,pituitary,0.000193174654072267,6.185157707113675e-05,0.9997449737688565,2,pituitary,0.9997449737688565,919d6f0fb3ca462983d6df6ec06846e41abd9645
mobilenet_v2,A,1539,104558,patient_disjoint,2,2,pituitary,0.00020305905303645057,2.3449189929786842e-05,0.9997734917570338,2,pituitary,0.9997734917570338,919d6f0fb3ca462983d6df6ec06846e41abd9645
mobilenet_v2,A,1540,104558,patient_disjoint,2,2,pituitary,0.00034151393090815253,1.952867536077563e-05,0.999638957393731,2,pituitary,0.999638957393731,919d6f0fb3ca462983d6df6ec06846e41abd9645
mobilenet_v2,A,1541,104558,patient_disjoint,2,2,pituitary,0.001357778679351102,1.9819645211779262e-05,0.9986224016754371,2,pituitary,0.9986224016754371,919d6f0fb3ca462983d6df6ec06846e41abd9645
mobilenet_v2,A,1542,104558,patient_disjoint,2,2,pituitary,0.00022576171260532476,1.3163064186471399e-05,0.9997610752232081,2,pituitary,0.9997610752232081,919d6f0fb3ca462983d6df6ec06846e41abd9645
mobilenet_v2,A,1543,104558,patient_disjoint,2,2,pituitary,0.0010119963829483996,1.03050715324268e-05,0.9989776985455191,2,pituitary,0.9989776985455191,919d6f0fb3ca462983d6df6ec06846e41abd9645
mobilenet_v2,A,1544,104558,patient_disjoint,2,2,pituitary,0.004529756639916262,0.011912448464973998,0.9835577948951099,2,pituitary,0.9835577948951099,919d6f0fb3ca462983d6df6ec06846e41abd9645
mobilenet_v2,A,1589,97481,patient_disjoint,2,2,pituitary,5.8628302001371985e-05,0.00013093069451603084,0.9998104410034826,2,pituitary,0.9998104410034826,919d6f0fb3ca462983d6df6ec06846e41abd9645
mobilenet_v2,A,1590,97481,patient_disjoint,2,2,pituitary,7.4591912368055136e-06,1.009451357329315e-05,0.9999824462951898,2,pituitary,0.9999824462951898,919d6f0fb3ca462983d6df6ec06846e41abd9645
mobilenet_v2,A,1591,97481,patient_disjoint,2,2,pituitary,2.115426223337087e-05,6.051631832542116e-05,0.9999183294194411,2,pituitary,0.9999183294194411,919d6f0fb3ca462983d6df6ec06846e41abd9645
mobilenet_v2,A,1592,97481,patient_disjoint,2,2,pituitary,4.5390614593380065e-05,7.945583628994503e-05,0.9998751535491166,2,pituitary,0.9998751535491166,919d6f0fb3ca462983d6df6ec06846e41abd9645
mobilenet_v2,A,1593,97481,patient_disjoint,2,2,pituitary,0.0001419775543814063,9.878983443217257e-06,0.9998481434621754,2,pituitary,0.9998481434621754,919d6f0fb3ca462983d6df6ec06846e41abd9645
mobilenet_v2,A,1594,97599,patient_disjoint,2,2,pituitary,3.2298830279152336e-06,2.4472286674290047e-07,0.9999965253941053,2,pituitary,0.9999965253941053,919d6f0fb3ca462983d6df6ec06846e41abd9645
mobilenet_v2,A,1595,97599,patient_disjoint,2,2,pituitary,6.696669820812152e-07,7.346874963758825e-08,0.9999992568642682,2,pituitary,0.9999992568642682,919d6f0fb3ca462983d6df6ec06846e41abd9645
mobilenet_v2,A,1640,101017,patient_disjoint,2,2,pituitary,9.062109479592009e-07,2.796643341553108e-06,0.9999962971457105,2,pituitary,0.9999962971457105,919d6f0fb3ca462983d6df6ec06846e41abd9645
mobilenet_v2,A,1641,101017,patient_disjoint,2,2,pituitary,1.1230341279678422e-06,2.942261100792266e-06,0.9999959347047712,2,pituitary,0.9999959347047712,919d6f0fb3ca462983d6df6ec06846e41abd9645
mobilenet_v2,A,1642,101017,patient_disjoint,2,2,pituitary,3.152871174980389e-06,2.0497384412391723e-05,0.9999763497444126,2,pituitary,0.9999763497444126,919d6f0fb3ca462983d6df6ec06846e41abd9645
mobilenet_v2,A,1643,101017,patient_disjoint,2,2,pituitary,1.2087930910268377e-05,1.2771628313954803e-05,0.9999751404407758,2,pituitary,0.9999751404407758,919d6f0fb3ca462983d6df6ec06846e41abd9645
mobilenet_v2,A,1651,101145,patient_disjoint,2,2,pituitary,0.0003511759876002912,4.753804245730726e-06,0.999644070208154,2,pituitary,0.999644070208154,919d6f0fb3ca462983d6df6ec06846e41abd9645
mobilenet_v2,A,1652,101145,patient_disjoint,2,2,pituitary,0.0019820026526101405,4.491884637409382e-06,0.9980135054627525,2,pituitary,0.9980135054627525,919d6f0fb3ca462983d6df6ec06846e41abd9645
mobilenet_v2,A,1653,101145,patient_disjoint,2,2,pituitary,0.00024419505012187806,3.0423498972852565e-05,0.9997253814509053,2,pituitary,0.9997253814509053,919d6f0fb3ca462983d6df6ec06846e41abd9645
mobilenet_v2,A,1654,101145,patient_disjoint,2,2,pituitary,0.000162511635659177,3.0018538052619966e-06,0.9998344865105354,2,pituitary,0.9998344865105354,919d6f0fb3ca462983d6df6ec06846e41abd9645
mobilenet_v2,A,1659,101724,patient_disjoint,2,2,pituitary,4.7653126552644584e-05,9.05305293320574e-05,0.9998618163441153,2,pituitary,0.9998618163441153,919d6f0fb3ca462983d6df6ec06846e41abd9645
mobilenet_v2,A,1660,101724,patient_disjoint,2,2,pituitary,7.18549555732682e-05,1.381902328628554e-05,0.9999143260211404,2,pituitary,0.9999143260211404,919d6f0fb3ca462983d6df6ec06846e41abd9645
mobilenet_v2,A,1661,101724,patient_disjoint,2,2,pituitary,0.00016451852535634407,5.209926686668826e-05,0.9997833822077768,2,pituitary,0.9997833822077768,919d6f0fb3ca462983d6df6ec06846e41abd9645
mobilenet_v2,A,1662,101724,patient_disjoint,2,2,pituitary,0.001207715397843583,0.0028214343445409303,0.9959708502576154,2,pituitary,0.9959708502576154,919d6f0fb3ca462983d6df6ec06846e41abd9645
mobilenet_v2,A,1663,101724,patient_disjoint,2,2,pituitary,0.001696796535990863,0.0003807830456163682,0.9979224204183929,2,pituitary,0.9979224204183929,919d6f0fb3ca462983d6df6ec06846e41abd9645
mobilenet_v2,A,1664,101724,patient_disjoint,2,2,pituitary,0.0004228185613193264,0.0009296102390712713,0.9986475711996096,2,pituitary,0.9986475711996096,919d6f0fb3ca462983d6df6ec06846e41abd9645
mobilenet_v2,A,1665,102648,patient_disjoint,2,2,pituitary,0.009842951444625674,0.8497022290122394,0.140454819543135,1,glioma,0.8497022290122394,919d6f0fb3ca462983d6df6ec06846e41abd9645
mobilenet_v2,A,1666,102648,patient_disjoint,2,2,pituitary,0.007993850047343569,0.9084529646113282,0.08355318534132827,1,glioma,0.9084529646113282,919d6f0fb3ca462983d6df6ec06846e41abd9645
mobilenet_v2,A,1667,102648,patient_disjoint,2,2,pituitary,0.0021740377789844457,0.8653717185633402,0.13245424365767544,1,glioma,0.8653717185633402,919d6f0fb3ca462983d6df6ec06846e41abd9645
mobilenet_v2,A,1668,102648,patient_disjoint,2,2,pituitary,0.004639301820095038,0.9376752587906445,0.057685439389260386,1,glioma,0.9376752587906445,919d6f0fb3ca462983d6df6ec06846e41abd9645
mobilenet_v2,A,1669,102648,patient_disjoint,2,2,pituitary,0.0008775100154639986,0.9951717153080232,0.00395077467651263,1,glioma,0.9951717153080232,919d6f0fb3ca462983d6df6ec06846e41abd9645
mobilenet_v2,A,1670,102648,patient_disjoint,2,2,pituitary,0.0070722209816972146,0.9609663881155739,0.031961390902728905,1,glioma,0.9609663881155739,919d6f0fb3ca462983d6df6ec06846e41abd9645
mobilenet_v2,A,1671,102648,patient_disjoint,2,2,pituitary,0.0908816444799118,0.7576451952060984,0.15147316031398986,1,glioma,0.7576451952060984,919d6f0fb3ca462983d6df6ec06846e41abd9645
mobilenet_v2,A,1673,103046,patient_disjoint,2,2,pituitary,1.157911440043569e-06,5.474074128685545e-07,0.999998294681147,2,pituitary,0.999998294681147,919d6f0fb3ca462983d6df6ec06846e41abd9645
mobilenet_v2,A,1674,103046,patient_disjoint,2,2,pituitary,4.2085660393715856e-07,6.725109040726966e-07,0.9999989066324921,2,pituitary,0.9999989066324921,919d6f0fb3ca462983d6df6ec06846e41abd9645
mobilenet_v2,A,1675,103046,patient_disjoint,2,2,pituitary,1.2663917996333969e-05,1.8615153333012977e-05,0.9999687209286707,2,pituitary,0.9999687209286707,919d6f0fb3ca462983d6df6ec06846e41abd9645
mobilenet_v2,A,1676,103046,patient_disjoint,2,2,pituitary,1.4827679311536652e-06,2.93692376229959e-06,0.9999955803083065,2,pituitary,0.9999955803083065,919d6f0fb3ca462983d6df6ec06846e41abd9645
mobilenet_v2,A,1714,103837,patient_disjoint,2,2,pituitary,0.0001534332039856078,8.646678868367072e-05,0.9997601000073308,2,pituitary,0.9997601000073308,919d6f0fb3ca462983d6df6ec06846e41abd9645
mobilenet_v2,A,1715,103837,patient_disjoint,2,2,pituitary,0.0017711126760359787,3.017537239299721e-05,0.998198711951571,2,pituitary,0.998198711951571,919d6f0fb3ca462983d6df6ec06846e41abd9645
mobilenet_v2,A,1716,103837,patient_disjoint,2,2,pituitary,0.000403009654815994,1.7656904244773228e-06,0.9995952246547596,2,pituitary,0.9995952246547596,919d6f0fb3ca462983d6df6ec06846e41abd9645
mobilenet_v2,A,1717,103837,patient_disjoint,2,2,pituitary,8.845109880077518e-05,2.0984656796939327e-07,0.9999113390546314,2,pituitary,0.9999113390546314,919d6f0fb3ca462983d6df6ec06846e41abd9645
mobilenet_v2,A,1718,103837,patient_disjoint,2,2,pituitary,3.568853043047856e-05,1.5299142510088738e-06,0.9999627815553186,2,pituitary,0.9999627815553186,919d6f0fb3ca462983d6df6ec06846e41abd9645
mobilenet_v2,A,1719,103837,patient_disjoint,2,2,pituitary,9.00288629333085e-05,7.094326516896809e-07,0.9999092617044151,2,pituitary,0.9999092617044151,919d6f0fb3ca462983d6df6ec06846e41abd9645
mobilenet_v2,A,1720,103837,patient_disjoint,2,2,pituitary,3.584398932012807e-05,4.995692141345715e-07,0.9999636564414658,2,pituitary,0.9999636564414658,919d6f0fb3ca462983d6df6ec06846e41abd9645
mobilenet_v2,A,1725,104558,patient_disjoint,2,2,pituitary,7.281357106570338e-06,0.0001379212321939026,0.9998547974106995,2,pituitary,0.9998547974106995,919d6f0fb3ca462983d6df6ec06846e41abd9645
mobilenet_v2,A,1726,104558,patient_disjoint,2,2,pituitary,0.00019753336381351662,0.00021632835847334726,0.9995861382777131,2,pituitary,0.9995861382777131,919d6f0fb3ca462983d6df6ec06846e41abd9645
mobilenet_v2,A,1727,104558,patient_disjoint,2,2,pituitary,3.0468138153676088e-05,7.76587457915147e-06,0.9999617659872672,2,pituitary,0.9999617659872672,919d6f0fb3ca462983d6df6ec06846e41abd9645
mobilenet_v2,A,1728,104558,patient_disjoint,2,2,pituitary,0.00012519813788347206,1.0206055992737518e-06,0.9998737812565172,2,pituitary,0.9998737812565172,919d6f0fb3ca462983d6df6ec06846e41abd9645
mobilenet_v2,A,1729,104558,patient_disjoint,2,2,pituitary,3.4375493117592485e-06,2.3107210582466628e-07,0.9999963313785825,2,pituitary,0.9999963313785825,919d6f0fb3ca462983d6df6ec06846e41abd9645
mobilenet_v2,A,1730,104558,patient_disjoint,2,2,pituitary,2.16945066560372e-06,1.8084842303096925e-07,0.9999976497009114,2,pituitary,0.9999976497009114,919d6f0fb3ca462983d6df6ec06846e41abd9645
mobilenet_v2,A,1731,104558,patient_disjoint,2,2,pituitary,1.0426148900759464e-05,1.771150849524324e-06,0.9999878027002496,2,pituitary,0.9999878027002496,919d6f0fb3ca462983d6df6ec06846e41abd9645
mobilenet_v2,A,1732,104558,patient_disjoint,2,2,pituitary,0.00016572766031146166,0.0013592721244793723,0.9984750002152091,2,pituitary,0.9984750002152091,919d6f0fb3ca462983d6df6ec06846e41abd9645
mobilenet_v2,A,1733,104558,patient_disjoint,2,2,pituitary,0.0548692112020354,0.0371731158598712,0.9079576729380935,2,pituitary,0.9079576729380935,919d6f0fb3ca462983d6df6ec06846e41abd9645
mobilenet_v2,A,1781,97481,patient_disjoint,2,2,pituitary,7.048034549553109e-06,9.910930555072577e-06,0.9999830410348954,2,pituitary,0.9999830410348954,919d6f0fb3ca462983d6df6ec06846e41abd9645
mobilenet_v2,A,1782,97481,patient_disjoint,2,2,pituitary,2.7416936454282397e-07,5.237541714152152e-07,0.999999202076464,2,pituitary,0.999999202076464,919d6f0fb3ca462983d6df6ec06846e41abd9645
mobilenet_v2,A,1783,97481,patient_disjoint,2,2,pituitary,8.660968056341602e-07,6.674645247838298e-07,0.9999984664386695,2,pituitary,0.9999984664386695,919d6f0fb3ca462983d6df6ec06846e41abd9645
mobilenet_v2,A,1784,97481,patient_disjoint,2,2,pituitary,2.554030771735673e-07,7.603455317658456e-07,0.9999989842513911,2,pituitary,0.9999989842513911,919d6f0fb3ca462983d6df6ec06846e41abd9645
mobilenet_v2,A,1785,97481,patient_disjoint,2,2,pituitary,3.0619019731602306e-07,9.875277495216207e-06,0.9999898185323075,2,pituitary,0.9999898185323075,919d6f0fb3ca462983d6df6ec06846e41abd9645
mobilenet_v2,A,1786,97599,patient_disjoint,2,2,pituitary,0.00013974017625252634,1.9913423024523086e-07,0.9998600606895172,2,pituitary,0.9998600606895172,919d6f0fb3ca462983d6df6ec06846e41abd9645
mobilenet_v2,A,1787,97599,patient_disjoint,2,2,pituitary,1.698109662215331e-05,1.7682043516196572e-06,0.9999812506990263,2,pituitary,0.9999812506990263,919d6f0fb3ca462983d6df6ec06846e41abd9645
mobilenet_v2,A,1788,97599,patient_disjoint,2,2,pituitary,0.000164477728359464,1.1817930190843054e-06,0.9998343404786214,2,pituitary,0.9998343404786214,919d6f0fb3ca462983d6df6ec06846e41abd9645
mobilenet_v2,A,1870,MR048994,patient_disjoint,2,1,glioma,1.0448205798281517e-05,0.9999872853892955,2.2664049060935504e-06,1,glioma,0.9999872853892955,919d6f0fb3ca462983d6df6ec06846e41abd9645
mobilenet_v2,A,1871,MR048994,patient_disjoint,2,1,glioma,2.582549691440388e-07,0.999999711629224,3.011580684892775e-08,1,glioma,0.999999711629224,919d6f0fb3ca462983d6df6ec06846e41abd9645
mobilenet_v2,A,1872,MR048994,patient_disjoint,2,1,glioma,7.42704390530596e-05,0.9999162534948188,9.47606612824322e-06,1,glioma,0.9999162534948188,919d6f0fb3ca462983d6df6ec06846e41abd9645
mobilenet_v2,A,1873,MR048994,patient_disjoint,2,1,glioma,0.00021873732176957406,0.9997611486506636,2.011402756693626e-05,1,glioma,0.9997611486506636,919d6f0fb3ca462983d6df6ec06846e41abd9645
mobilenet_v2,A,1874,MR048994,patient_disjoint,2,1,glioma,2.6779104830964576e-05,0.9999677054315799,5.515463589166147e-06,1,glioma,0.9999677054315799,919d6f0fb3ca462983d6df6ec06846e41abd9645
mobilenet_v2,A,1875,MR048994,patient_disjoint,2,1,glioma,1.3692596091490035e-05,0.9999690704667148,1.723693719372168e-05,1,glioma,0.9999690704667148,919d6f0fb3ca462983d6df6ec06846e41abd9645
mobilenet_v2,A,1876,MR048994,patient_disjoint,2,1,glioma,2.948008056062395e-06,0.9999951027666909,1.9492252529919586e-06,1,glioma,0.9999951027666909,919d6f0fb3ca462983d6df6ec06846e41abd9645
mobilenet_v2,A,1877,MR048994,patient_disjoint,2,1,glioma,2.965177770252176e-05,0.9999613346053016,9.013616995881783e-06,1,glioma,0.9999613346053016,919d6f0fb3ca462983d6df6ec06846e41abd9645
mobilenet_v2,A,1878,MR048994,patient_disjoint,2,1,glioma,0.0014739472432347485,0.9984350493698653,9.100338690012124e-05,1,glioma,0.9984350493698653,919d6f0fb3ca462983d6df6ec06846e41abd9645
mobilenet_v2,A,1914,MR049453,patient_disjoint,2,1,glioma,0.0003339275882423209,0.9994511407347381,0.00021493167701970776,1,glioma,0.9994511407347381,919d6f0fb3ca462983d6df6ec06846e41abd9645
mobilenet_v2,A,1915,MR049453,patient_disjoint,2,1,glioma,0.0010234641194123704,0.9984589026444406,0.0005176332361470987,1,glioma,0.9984589026444406,919d6f0fb3ca462983d6df6ec06846e41abd9645
mobilenet_v2,A,1916,MR049453,patient_disjoint,2,1,glioma,0.0003485527012124484,0.9995583735826022,9.30737161851017e-05,1,glioma,0.9995583735826022,919d6f0fb3ca462983d6df6ec06846e41abd9645
mobilenet_v2,A,1917,MR049453,patient_disjoint,2,1,glioma,9.59128653157348e-05,0.9998927127121108,1.13744225734253e-05,1,glioma,0.9998927127121108,919d6f0fb3ca462983d6df6ec06846e41abd9645
mobilenet_v2,A,1918,MR049453,patient_disjoint,2,1,glioma,9.767414917097996e-05,0.9998891193588123,1.3206492016749314e-05,1,glioma,0.9998891193588123,919d6f0fb3ca462983d6df6ec06846e41abd9645
mobilenet_v2,A,1919,MR049453,patient_disjoint,2,1,glioma,6.839274018356934e-05,0.9999107751720351,2.0832087781319597e-05,1,glioma,0.9999107751720351,919d6f0fb3ca462983d6df6ec06846e41abd9645
mobilenet_v2,A,1920,MR049453,patient_disjoint,2,1,glioma,0.00022528327471206945,0.9996795424155697,9.517430971836179e-05,1,glioma,0.9996795424155697,919d6f0fb3ca462983d6df6ec06846e41abd9645
mobilenet_v2,A,1950,MR050135B,patient_disjoint,2,1,glioma,0.0008290283584089564,0.9976592224109475,0.0015117492306435745,1,glioma,0.9976592224109475,919d6f0fb3ca462983d6df6ec06846e41abd9645
mobilenet_v2,A,1951,MR050135B,patient_disjoint,2,1,glioma,0.0001441527078674917,0.9983777317410376,0.0014781155510949812,1,glioma,0.9983777317410376,919d6f0fb3ca462983d6df6ec06846e41abd9645
mobilenet_v2,A,1952,MR050135B,patient_disjoint,2,1,glioma,4.907846670788897e-06,0.9999898927244206,5.199428908647568e-06,1,glioma,0.9999898927244206,919d6f0fb3ca462983d6df6ec06846e41abd9645
mobilenet_v2,A,1953,MR050135B,patient_disjoint,2,1,glioma,1.4281410892809517e-06,0.9999981586336815,4.13225229210838e-07,1,glioma,0.9999981586336815,919d6f0fb3ca462983d6df6ec06846e41abd9645
mobilenet_v2,A,1954,MR050135B,patient_disjoint,2,1,glioma,9.189006771225436e-06,0.999987606183773,3.2048094557535975e-06,1,glioma,0.999987606183773,919d6f0fb3ca462983d6df6ec06846e41abd9645
mobilenet_v2,A,1955,MR050135B,patient_disjoint,2,1,glioma,5.0509596322375614e-05,0.9999375860662948,1.1904337382875347e-05,1,glioma,0.9999375860662948,919d6f0fb3ca462983d6df6ec06846e41abd9645
mobilenet_v2,A,1956,MR050135B,patient_disjoint,2,1,glioma,4.832660258702628e-05,0.9996481571702834,0.00030351622712939633,1,glioma,0.9996481571702834,919d6f0fb3ca462983d6df6ec06846e41abd9645
mobilenet_v2,A,1957,MR050135B,patient_disjoint,2,1,glioma,5.984386724122292e-05,0.9995802051048734,0.00035995102788519194,1,glioma,0.9995802051048734,919d6f0fb3ca462983d6df6ec06846e41abd9645
mobilenet_v2,A,1958,MR050135B,patient_disjoint,2,1,glioma,5.709324985429837e-05,0.9996948770675148,0.0002480296826310269,1,glioma,0.9996948770675148,919d6f0fb3ca462983d6df6ec06846e41abd9645
mobilenet_v2,A,1959,MR050135B,patient_disjoint,2,1,glioma,0.00012472772174026907,0.9993215286729676,0.0005537436052920315,1,glioma,0.9993215286729676,919d6f0fb3ca462983d6df6ec06846e41abd9645
mobilenet_v2,A,1960,MR050135B,patient_disjoint,2,1,glioma,3.1558203705306683e-05,0.9999166013946786,5.184040161606153e-05,1,glioma,0.9999166013946786,919d6f0fb3ca462983d6df6ec06846e41abd9645
mobilenet_v2,A,1961,MR050135B,patient_disjoint,2,1,glioma,4.793864363174684e-05,0.9999062722092066,4.5789147161777425e-05,1,glioma,0.9999062722092066,919d6f0fb3ca462983d6df6ec06846e41abd9645
mobilenet_v2,A,1962,MR050135B,patient_disjoint,2,1,glioma,3.186501338726794e-05,0.9999412021674079,2.6932819204872014e-05,1,glioma,0.9999412021674079,919d6f0fb3ca462983d6df6ec06846e41abd9645
mobilenet_v2,A,1963,MR050135B,patient_disjoint,2,1,glioma,1.4058837113404748e-05,0.9999741980118418,1.1743151044680086e-05,1,glioma,0.9999741980118418,919d6f0fb3ca462983d6df6ec06846e41abd9645
mobilenet_v2,A,1998,MR051461,patient_disjoint,2,1,glioma,0.0001829988491832502,0.9998042863331731,1.2714817643800833e-05,1,glioma,0.9998042863331731,919d6f0fb3ca462983d6df6ec06846e41abd9645
mobilenet_v2,A,1999,MR051461,patient_disjoint,2,1,glioma,0.00013113009559267549,0.9998554616282072,1.340827620012664e-05,1,glioma,0.9998554616282072,919d6f0fb3ca462983d6df6ec06846e41abd9645
mobilenet_v2,A,2000,MR051461,patient_disjoint,2,1,glioma,0.00015422031880283878,0.9998260912177844,1.9688463412790745e-05,1,glioma,0.9998260912177844,919d6f0fb3ca462983d6df6ec06846e41abd9645
mobilenet_v2,A,2001,MR051461,patient_disjoint,2,1,glioma,0.00012218807648247556,0.9998618442938343,1.5967629683238322e-05,1,glioma,0.9998618442938343,919d6f0fb3ca462983d6df6ec06846e41abd9645
mobilenet_v2,A,2002,MR051461,patient_disjoint,2,1,glioma,0.00011580631835365569,0.999868688565791,1.5505115855323427e-05,1,glioma,0.999868688565791,919d6f0fb3ca462983d6df6ec06846e41abd9645
mobilenet_v2,A,2003,MR051461,patient_disjoint,2,1,glioma,4.254509211043495e-05,0.9999510079413262,6.446966563297373e-06,1,glioma,0.9999510079413262,919d6f0fb3ca462983d6df6ec06846e41abd9645
mobilenet_v2,A,2004,MR051461,patient_disjoint,2,1,glioma,6.994410536894746e-05,0.9999134399009622,1.6615993668817773e-05,1,glioma,0.9999134399009622,919d6f0fb3ca462983d6df6ec06846e41abd9645
mobilenet_v2,A,2093,MR034694,patient_disjoint,2,1,glioma,0.00010009649311166798,0.9996369066389986,0.00026299686788980206,1,glioma,0.9996369066389986,919d6f0fb3ca462983d6df6ec06846e41abd9645
mobilenet_v2,A,2094,MR034694,patient_disjoint,2,1,glioma,8.450430630067654e-05,0.9998393801777096,7.611551598976905e-05,1,glioma,0.9998393801777096,919d6f0fb3ca462983d6df6ec06846e41abd9645
mobilenet_v2,A,2095,MR034694,patient_disjoint,2,1,glioma,1.5267307317059076e-06,0.9999950143444153,3.4589248530107555e-06,1,glioma,0.9999950143444153,919d6f0fb3ca462983d6df6ec06846e41abd9645
mobilenet_v2,A,2096,MR034694,patient_disjoint,2,1,glioma,4.2356242936360054e-05,0.9998899487322174,6.769502484627408e-05,1,glioma,0.9998899487322174,919d6f0fb3ca462983d6df6ec06846e41abd9645
mobilenet_v2,A,2141,MR031409B,patient_disjoint,2,1,glioma,0.000508764683747266,0.9992549643752772,0.00023627094097552096,1,glioma,0.9992549643752772,919d6f0fb3ca462983d6df6ec06846e41abd9645
mobilenet_v2,A,2142,MR031409B,patient_disjoint,2,1,glioma,0.0005922028303807554,0.9992240148808191,0.00018378228879989888,1,glioma,0.9992240148808191,919d6f0fb3ca462983d6df6ec06846e41abd9645
mobilenet_v2,A,2143,MR031409B,patient_disjoint,2,1,glioma,0.003732516117643437,0.9954315403119154,0.0008359435704412861,1,glioma,0.9954315403119154,919d6f0fb3ca462983d6df6ec06846e41abd9645
mobilenet_v2,A,2153,MR032322C,patient_disjoint,2,1,glioma,0.0001837696993656985,0.9997498566391327,6.637366150147622e-05,1,glioma,0.9997498566391327,919d6f0fb3ca462983d6df6ec06846e41abd9645
mobilenet_v2,A,2154,MR032322C,patient_disjoint,2,1,glioma,9.980499393207901e-05,0.9995264707195592,0.0003737242865086005,1,glioma,0.9995264707195592,919d6f0fb3ca462983d6df6ec06846e41abd9645
mobilenet_v2,A,2155,MR032322C,patient_disjoint,2,1,glioma,4.036681795770358e-05,0.9999463600409985,1.3273141043719682e-05,1,glioma,0.9999463600409985,919d6f0fb3ca462983d6df6ec06846e41abd9645
mobilenet_v2,A,2156,MR032322C,patient_disjoint,2,1,glioma,7.824362328026117e-05,0.9998600659488203,6.169042789932402e-05,1,glioma,0.9998600659488203,919d6f0fb3ca462983d6df6ec06846e41abd9645
mobilenet_v2,A,2157,MR032322C,patient_disjoint,2,1,glioma,0.00010441493574594675,0.9998519842220366,4.360084221747332e-05,1,glioma,0.9998519842220366,919d6f0fb3ca462983d6df6ec06846e41abd9645
mobilenet_v2,A,2158,MR032322C,patient_disjoint,2,1,glioma,0.00022348557003757223,0.9985243081158042,0.0012522063141580729,1,glioma,0.9985243081158042,919d6f0fb3ca462983d6df6ec06846e41abd9645
mobilenet_v2,A,2159,MR032322C,patient_disjoint,2,1,glioma,8.961776451751819e-05,0.9996398393681601,0.00027054286732231995,1,glioma,0.9996398393681601,919d6f0fb3ca462983d6df6ec06846e41abd9645
mobilenet_v2,A,2160,MR032322C,patient_disjoint,2,1,glioma,9.503225924818407e-05,0.9996843571661622,0.0002206105745896804,1,glioma,0.9996843571661622,919d6f0fb3ca462983d6df6ec06846e41abd9645
mobilenet_v2,A,2161,MR032322C,patient_disjoint,2,1,glioma,4.0358250772748625e-05,0.9997980193089012,0.00016162244032606518,1,glioma,0.9997980193089012,919d6f0fb3ca462983d6df6ec06846e41abd9645
mobilenet_v2,A,2162,MR032322C,patient_disjoint,2,1,glioma,4.783354523203054e-05,0.9998391690430009,0.00011299741176707179,1,glioma,0.9998391690430009,919d6f0fb3ca462983d6df6ec06846e41abd9645
mobilenet_v2,A,2163,MR032322C,patient_disjoint,2,1,glioma,0.00015605495844503556,0.9994344972988047,0.0004094477427501888,1,glioma,0.9994344972988047,919d6f0fb3ca462983d6df6ec06846e41abd9645
mobilenet_v2,A,2164,MR032322C,patient_disjoint,2,1,glioma,4.000315120042535e-05,0.9998123986034344,0.00014759824536519515,1,glioma,0.9998123986034344,919d6f0fb3ca462983d6df6ec06846e41abd9645
mobilenet_v2,A,2165,MR032322C,patient_disjoint,2,1,glioma,7.888960739312325e-05,0.9997769358208843,0.00014417457172246926,1,glioma,0.9997769358208843,919d6f0fb3ca462983d6df6ec06846e41abd9645
mobilenet_v2,A,2166,MR037458B,patient_disjoint,2,1,glioma,0.0045387688517645065,0.9951715977719303,0.00028963337630511887,1,glioma,0.9951715977719303,919d6f0fb3ca462983d6df6ec06846e41abd9645
mobilenet_v2,A,2167,MR037458B,patient_disjoint,2,1,glioma,0.0006031344928514739,0.9988424573255335,0.0005544081816150827,1,glioma,0.9988424573255335,919d6f0fb3ca462983d6df6ec06846e41abd9645
mobilenet_v2,A,2168,MR037458B,patient_disjoint,2,1,glioma,0.09902176807964184,0.8970582879476732,0.003919943972684843,1,glioma,0.8970582879476732,919d6f0fb3ca462983d6df6ec06846e41abd9645
mobilenet_v2,A,2169,MR037458B,patient_disjoint,2,1,glioma,0.08162742730222775,0.9095337492724616,0.008838823425310787,1,glioma,0.9095337492724616,919d6f0fb3ca462983d6df6ec06846e41abd9645
mobilenet_v2,A,2170,MR037458B,patient_disjoint,2,1,glioma,0.11600920757980265,0.8820196873699361,0.0019711050502611007,1,glioma,0.8820196873699361,919d6f0fb3ca462983d6df6ec06846e41abd9645
mobilenet_v2,A,2171,MR037458B,patient_disjoint,2,1,glioma,0.0853086388921273,0.910325716586108,0.00436564452176462,1,glioma,0.910325716586108,919d6f0fb3ca462983d6df6ec06846e41abd9645
mobilenet_v2,A,2172,MR037458B,patient_disjoint,2,1,glioma,0.16741960997161137,0.8308887430718058,0.001691646956582762,1,glioma,0.8308887430718058,919d6f0fb3ca462983d6df6ec06846e41abd9645
mobilenet_v2,A,2173,MR037458B,patient_disjoint,2,1,glioma,0.1239634387011159,0.8727915457205293,0.003245015578354718,1,glioma,0.8727915457205293,919d6f0fb3ca462983d6df6ec06846e41abd9645
mobilenet_v2,A,2179,MR039473B,patient_disjoint,2,1,glioma,1.491181725006605e-05,0.9999137311443411,7.135703840886821e-05,1,glioma,0.9999137311443411,919d6f0fb3ca462983d6df6ec06846e41abd9645
mobilenet_v2,A,2180,MR039473B,patient_disjoint,2,1,glioma,4.813255327520839e-07,0.9999951544255719,4.364248895326349e-06,1,glioma,0.9999951544255719,919d6f0fb3ca462983d6df6ec06846e41abd9645
mobilenet_v2,A,2181,MR039473B,patient_disjoint,2,1,glioma,3.5490339915046963e-05,0.9996854759545113,0.0002790337055737751,1,glioma,0.9996854759545113,919d6f0fb3ca462983d6df6ec06846e41abd9645
mobilenet_v2,A,2182,MR039473B,patient_disjoint,2,1,glioma,5.721711741010392e-05,0.9997427764233032,0.00020000645928673586,1,glioma,0.9997427764233032,919d6f0fb3ca462983d6df6ec06846e41abd9645
mobilenet_v2,A,2183,MR039473B,patient_disjoint,2,1,glioma,6.802537553941425e-05,0.999714831423928,0.00021714320053260245,1,glioma,0.999714831423928,919d6f0fb3ca462983d6df6ec06846e41abd9645
mobilenet_v2,A,2184,MR039473B,patient_disjoint,2,1,glioma,7.572529660118492e-05,0.9996963301308245,0.00022794457257442117,1,glioma,0.9996963301308245,919d6f0fb3ca462983d6df6ec06846e41abd9645
mobilenet_v2,A,2185,MR039473B,patient_disjoint,2,1,glioma,0.00015700727003321513,0.9996796233781955,0.00016336935177109702,1,glioma,0.9996796233781955,919d6f0fb3ca462983d6df6ec06846e41abd9645
mobilenet_v2,A,2242,MR048994,patient_disjoint,2,1,glioma,1.924875706717919e-05,0.9999800804360289,6.708069040454695e-07,1,glioma,0.9999800804360289,919d6f0fb3ca462983d6df6ec06846e41abd9645
mobilenet_v2,A,2243,MR048994,patient_disjoint,2,1,glioma,1.935345572739984e-06,0.9999979974800306,6.717439672478213e-08,1,glioma,0.9999979974800306,919d6f0fb3ca462983d6df6ec06846e41abd9645
mobilenet_v2,A,2270,MR049453,patient_disjoint,2,1,glioma,0.00018093689738160192,0.9998009803759982,1.8082726620160532e-05,1,glioma,0.9998009803759982,919d6f0fb3ca462983d6df6ec06846e41abd9645
mobilenet_v2,A,2271,MR049453,patient_disjoint,2,1,glioma,1.3094411819869347e-05,0.999981639575212,5.2660129680189054e-06,1,glioma,0.999981639575212,919d6f0fb3ca462983d6df6ec06846e41abd9645
mobilenet_v2,A,2272,MR049453,patient_disjoint,2,1,glioma,2.9862312055039886e-05,0.9999494819375316,2.0655750413170362e-05,1,glioma,0.9999494819375316,919d6f0fb3ca462983d6df6ec06846e41abd9645
mobilenet_v2,A,2273,MR049453,patient_disjoint,2,1,glioma,8.863931531817625e-06,0.9999837617235049,7.374344963097941e-06,1,glioma,0.9999837617235049,919d6f0fb3ca462983d6df6ec06846e41abd9645
mobilenet_v2,A,2274,MR049453,patient_disjoint,2,1,glioma,5.7864099767504584e-06,0.999986663676016,7.549914007229481e-06,1,glioma,0.999986663676016,919d6f0fb3ca462983d6df6ec06846e41abd9645
mobilenet_v2,A,2275,MR049453,patient_disjoint,2,1,glioma,8.146831996525764e-06,0.9999692672295339,2.2585938469594873e-05,1,glioma,0.9999692672295339,919d6f0fb3ca462983d6df6ec06846e41abd9645
mobilenet_v2,A,2276,MR049453,patient_disjoint,2,1,glioma,2.7710378340566952e-05,0.9999282967155381,4.399290612134358e-05,1,glioma,0.9999282967155381,919d6f0fb3ca462983d6df6ec06846e41abd9645
mobilenet_v2,A,2277,MR049453,patient_disjoint,2,1,glioma,3.112616007481541e-05,0.9998955559708602,7.331786906499811e-05,1,glioma,0.9998955559708602,919d6f0fb3ca462983d6df6ec06846e41abd9645
mobilenet_v2,A,2278,MR049453,patient_disjoint,2,1,glioma,5.4629767236434625e-06,0.9999826223647835,1.1914658492788208e-05,1,glioma,0.9999826223647835,919d6f0fb3ca462983d6df6ec06846e41abd9645
mobilenet_v2,A,2300,MR050135B,patient_disjoint,2,1,glioma,0.003133459654313166,0.9915175301074155,0.00534901023827154,1,glioma,0.9915175301074155,919d6f0fb3ca462983d6df6ec06846e41abd9645
mobilenet_v2,A,2301,MR050135B,patient_disjoint,2,1,glioma,6.874445313811743e-05,0.9998891142740219,4.214127283970195e-05,1,glioma,0.9998891142740219,919d6f0fb3ca462983d6df6ec06846e41abd9645
mobilenet_v2,A,2302,MR050135B,patient_disjoint,2,1,glioma,0.0001605514098112899,0.99973960096344,9.984762674879823e-05,1,glioma,0.99973960096344,919d6f0fb3ca462983d6df6ec06846e41abd9645
mobilenet_v2,A,2303,MR050135B,patient_disjoint,2,1,glioma,4.819806670673481e-06,0.9999510171749766,4.4163018352677495e-05,1,glioma,0.9999510171749766,919d6f0fb3ca462983d6df6ec06846e41abd9645
mobilenet_v2,A,2304,MR050135B,patient_disjoint,2,1,glioma,4.037961025632502e-06,0.9999661727357282,2.9789303246229287e-05,1,glioma,0.9999661727357282,919d6f0fb3ca462983d6df6ec06846e41abd9645
mobilenet_v2,A,2305,MR050135B,patient_disjoint,2,1,glioma,2.2378921548369184e-06,0.9999530438248536,4.471828299151281e-05,1,glioma,0.9999530438248536,919d6f0fb3ca462983d6df6ec06846e41abd9645
mobilenet_v2,A,2306,MR050135B,patient_disjoint,2,1,glioma,4.328147856136203e-06,0.9999842941283508,1.1377723792950582e-05,1,glioma,0.9999842941283508,919d6f0fb3ca462983d6df6ec06846e41abd9645
mobilenet_v2,A,2307,MR050135B,patient_disjoint,2,1,glioma,5.020042519726366e-05,0.9993121180278274,0.0006376815469753237,1,glioma,0.9993121180278274,919d6f0fb3ca462983d6df6ec06846e41abd9645
mobilenet_v2,A,2308,MR050135B,patient_disjoint,2,1,glioma,4.050269323155663e-05,0.9997238039869313,0.00023569331983721445,1,glioma,0.9997238039869313,919d6f0fb3ca462983d6df6ec06846e41abd9645
mobilenet_v2,A,2309,MR050135B,patient_disjoint,2,1,glioma,0.0001071027785292001,0.9996458606469062,0.0002470365745645773,1,glioma,0.9996458606469062,919d6f0fb3ca462983d6df6ec06846e41abd9645
mobilenet_v2,A,2310,MR050135B,patient_disjoint,2,1,glioma,9.844638102115766e-05,0.9998389689514261,6.258466755271674e-05,1,glioma,0.9998389689514261,919d6f0fb3ca462983d6df6ec06846e41abd9645
mobilenet_v2,A,2333,MR051461,patient_disjoint,2,1,glioma,7.632016101604417e-05,0.9999198892452231,3.790593760776802e-06,1,glioma,0.9999198892452231,919d6f0fb3ca462983d6df6ec06846e41abd9645
mobilenet_v2,A,2334,MR051461,patient_disjoint,2,1,glioma,7.942926578093872e-06,0.9999910885323076,9.685411142962718e-07,1,glioma,0.9999910885323076,919d6f0fb3ca462983d6df6ec06846e41abd9645
mobilenet_v2,A,2335,MR051461,patient_disjoint,2,1,glioma,2.142284363260827e-05,0.9999767458964133,1.8312599540040424e-06,1,glioma,0.9999767458964133,919d6f0fb3ca462983d6df6ec06846e41abd9645
mobilenet_v2,A,2336,MR051461,patient_disjoint,2,1,glioma,4.1505284952525114e-05,0.9999021941816649,5.630053338253174e-05,1,glioma,0.9999021941816649,919d6f0fb3ca462983d6df6ec06846e41abd9645
mobilenet_v2,A,2337,MR051461,patient_disjoint,2,1,glioma,0.00011520225517890281,0.9997794452394877,0.00010535250533353557,1,glioma,0.9997794452394877,919d6f0fb3ca462983d6df6ec06846e41abd9645
mobilenet_v2,A,2338,MR051461,patient_disjoint,2,1,glioma,8.85306446271155e-05,0.9998551564621857,5.631289318715629e-05,1,glioma,0.9998551564621857,919d6f0fb3ca462983d6df6ec06846e41abd9645
mobilenet_v2,A,2339,MR051461,patient_disjoint,2,1,glioma,4.902704350718033e-06,0.9999925172889179,2.5800067314660467e-06,1,glioma,0.9999925172889179,919d6f0fb3ca462983d6df6ec06846e41abd9645
mobilenet_v2,A,2340,MR051461,patient_disjoint,2,1,glioma,3.0944039494218654e-06,0.9999954463864767,1.459209573761755e-06,1,glioma,0.9999954463864767,919d6f0fb3ca462983d6df6ec06846e41abd9645
mobilenet_v2,A,2341,MR051461,patient_disjoint,2,1,glioma,2.752129804591656e-05,0.9999655597529323,6.918949021759543e-06,1,glioma,0.9999655597529323,919d6f0fb3ca462983d6df6ec06846e41abd9645
mobilenet_v2,A,2350,MR026175E,patient_disjoint,2,1,glioma,2.6309296909180796e-05,0.9999097117639277,6.397893916304473e-05,1,glioma,0.9999097117639277,919d6f0fb3ca462983d6df6ec06846e41abd9645
mobilenet_v2,A,2351,MR026175E,patient_disjoint,2,1,glioma,2.7277182683851746e-06,0.9999880791246274,9.193157104370764e-06,1,glioma,0.9999880791246274,919d6f0fb3ca462983d6df6ec06846e41abd9645
mobilenet_v2,A,2352,MR026175E,patient_disjoint,2,1,glioma,0.00019564387525643548,0.9997378705878087,6.648553693481876e-05,1,glioma,0.9997378705878087,919d6f0fb3ca462983d6df6ec06846e41abd9645
mobilenet_v2,A,2353,MR026175E,patient_disjoint,2,1,glioma,0.00013582784164148498,0.9998147741185625,4.939803979603158e-05,1,glioma,0.9998147741185625,919d6f0fb3ca462983d6df6ec06846e41abd9645
mobilenet_v2,A,2354,MR026175E,patient_disjoint,2,1,glioma,8.495979965511607e-05,0.999843751496184,7.128870416069317e-05,1,glioma,0.999843751496184,919d6f0fb3ca462983d6df6ec06846e41abd9645
mobilenet_v2,A,2355,MR026175E,patient_disjoint,2,1,glioma,1.599277634337332e-05,0.9999543932093665,2.961401429009592e-05,1,glioma,0.9999543932093665,919d6f0fb3ca462983d6df6ec06846e41abd9645
mobilenet_v2,A,2356,MR026175E,patient_disjoint,2,1,glioma,0.0001090628262904619,0.99968696785794,0.0002039693157695378,1,glioma,0.99968696785794,919d6f0fb3ca462983d6df6ec06846e41abd9645
mobilenet_v2,A,2357,MR026175E,patient_disjoint,2,1,glioma,8.96048265379347e-05,0.9998039284681116,0.00010646670535043285,1,glioma,0.9998039284681116,919d6f0fb3ca462983d6df6ec06846e41abd9645
mobilenet_v2,A,2358,MR026175E,patient_disjoint,2,1,glioma,8.883804610909308e-05,0.9998586108898044,5.255106408632269e-05,1,glioma,0.9998586108898044,919d6f0fb3ca462983d6df6ec06846e41abd9645
mobilenet_v2,A,2359,MR026175E,patient_disjoint,2,1,glioma,9.307398708563325e-05,0.9998680400533446,3.8885959569827424e-05,1,glioma,0.9998680400533446,919d6f0fb3ca462983d6df6ec06846e41abd9645
mobilenet_v2,A,2360,MR026175E,patient_disjoint,2,1,glioma,6.521992289552304e-05,0.9998710728555575,6.370722154687854e-05,1,glioma,0.9998710728555575,919d6f0fb3ca462983d6df6ec06846e41abd9645
mobilenet_v2,A,2361,MR026175E,patient_disjoint,2,1,glioma,7.684926603328547e-05,0.9998775822679294,4.556846603709626e-05,1,glioma,0.9998775822679294,919d6f0fb3ca462983d6df6ec06846e41abd9645
mobilenet_v2,A,2362,MR040240C,patient_disjoint,2,1,glioma,5.6053984036788374e-05,0.9994820188523259,0.00046192716363739584,1,glioma,0.9994820188523259,919d6f0fb3ca462983d6df6ec06846e41abd9645
mobilenet_v2,A,2363,MR040240C,patient_disjoint,2,1,glioma,0.000747195577110213,0.9977122457351163,0.001540558687773486,1,glioma,0.9977122457351163,919d6f0fb3ca462983d6df6ec06846e41abd9645
mobilenet_v2,A,2364,MR040240C,patient_disjoint,2,1,glioma,0.0007576621347414089,0.9989828749584042,0.00025946290685435226,1,glioma,0.9989828749584042,919d6f0fb3ca462983d6df6ec06846e41abd9645
mobilenet_v2,A,2365,MR040240C,patient_disjoint,2,1,glioma,1.160033225443333e-05,0.9999183272983748,7.007236937089875e-05,1,glioma,0.9999183272983748,919d6f0fb3ca462983d6df6ec06846e41abd9645
mobilenet_v2,A,2366,MR040240C,patient_disjoint,2,1,glioma,0.0001424343278193885,0.9973041150418309,0.002553450630349764,1,glioma,0.9973041150418309,919d6f0fb3ca462983d6df6ec06846e41abd9645
mobilenet_v2,A,2367,MR040240C,patient_disjoint,2,1,glioma,4.409412450627984e-05,0.9994564024981932,0.0004995033773004277,1,glioma,0.9994564024981932,919d6f0fb3ca462983d6df6ec06846e41abd9645
mobilenet_v2,A,2368,MR040240C,patient_disjoint,2,1,glioma,0.00019152940096152788,0.9991143482216639,0.0006941223773745779,1,glioma,0.9991143482216639,919d6f0fb3ca462983d6df6ec06846e41abd9645
mobilenet_v2,A,2369,MR040240C,patient_disjoint,2,1,glioma,0.0002687028805914758,0.9987176100485577,0.0010136870708507726,1,glioma,0.9987176100485577,919d6f0fb3ca462983d6df6ec06846e41abd9645
mobilenet_v2,A,2370,MR040240C,patient_disjoint,2,1,glioma,0.00012010683573197784,0.9995163870459595,0.0003635061183086516,1,glioma,0.9995163870459595,919d6f0fb3ca462983d6df6ec06846e41abd9645
mobilenet_v2,A,2371,MR040240C,patient_disjoint,2,1,glioma,1.8096345656169646e-05,0.9998419233949976,0.00013998025934610587,1,glioma,0.9998419233949976,919d6f0fb3ca462983d6df6ec06846e41abd9645
mobilenet_v2,A,2372,MR040240C,patient_disjoint,2,1,glioma,8.387945831073358e-05,0.9998267309566948,8.938958499452519e-05,1,glioma,0.9998267309566948,919d6f0fb3ca462983d6df6ec06846e41abd9645
mobilenet_v2,A,2384,MR017260F,patient_disjoint,2,1,glioma,4.549526030569633e-05,0.9999322782189004,2.222652079398629e-05,1,glioma,0.9999322782189004,919d6f0fb3ca462983d6df6ec06846e41abd9645
mobilenet_v2,A,2385,MR017260F,patient_disjoint,2,1,glioma,0.00011231745489729337,0.9998495910650445,3.809148005807411e-05,1,glioma,0.9998495910650445,919d6f0fb3ca462983d6df6ec06846e41abd9645
mobilenet_v2,A,2386,MR017260F,patient_disjoint,2,1,glioma,0.00018939107165271318,0.999797604474148,1.3004454199272464e-05,1,glioma,0.999797604474148,919d6f0fb3ca462983d6df6ec06846e41abd9645
mobilenet_v2,A,2387,MR017260F,patient_disjoint,2,1,glioma,8.635731992168284e-05,0.9998763220671888,3.732061288951204e-05,1,glioma,0.9998763220671888,919d6f0fb3ca462983d6df6ec06846e41abd9645
mobilenet_v2,A,2388,MR017260F,patient_disjoint,2,1,glioma,0.005899166982022972,0.9939399345745688,0.000160898443408424,1,glioma,0.9939399345745688,919d6f0fb3ca462983d6df6ec06846e41abd9645
mobilenet_v2,A,2389,MR017260F,patient_disjoint,2,1,glioma,9.432933844428412e-05,0.9998969525958001,8.718065755644162e-06,1,glioma,0.9998969525958001,919d6f0fb3ca462983d6df6ec06846e41abd9645
mobilenet_v2,A,2390,MR017260F,patient_disjoint,2,1,glioma,0.00012750587376779093,0.9998619382690426,1.0555857189644057e-05,1,glioma,0.9998619382690426,919d6f0fb3ca462983d6df6ec06846e41abd9645
mobilenet_v2,A,2391,MR017260F,patient_disjoint,2,1,glioma,0.0004004577187066853,0.9995720837501901,2.7458531103089042e-05,1,glioma,0.9995720837501901,919d6f0fb3ca462983d6df6ec06846e41abd9645
mobilenet_v2,A,2392,MR017260F,patient_disjoint,2,1,glioma,0.0001822504248892875,0.9997983420407903,1.9407534320234128e-05,1,glioma,0.9997983420407903,919d6f0fb3ca462983d6df6ec06846e41abd9645
mobilenet_v2,A,2393,MR017260F,patient_disjoint,2,1,glioma,0.0005505684297372819,0.9994143507719493,3.508079831357448e-05,1,glioma,0.9994143507719493,919d6f0fb3ca462983d6df6ec06846e41abd9645
mobilenet_v2,A,2435,MR048994,patient_disjoint,2,1,glioma,0.0001194851579878321,0.9997970847872883,8.343005472378915e-05,1,glioma,0.9997970847872883,919d6f0fb3ca462983d6df6ec06846e41abd9645
mobilenet_v2,A,2436,MR048994,patient_disjoint,2,1,glioma,7.93304423298863e-05,0.9998724101411546,4.8259416515423666e-05,1,glioma,0.9998724101411546,919d6f0fb3ca462983d6df6ec06846e41abd9645
mobilenet_v2,A,2437,MR048994,patient_disjoint,2,1,glioma,7.695677052267118e-07,0.9999985919318368,6.385004577833857e-07,1,glioma,0.9999985919318368,919d6f0fb3ca462983d6df6ec06846e41abd9645
mobilenet_v2,A,2438,MR048994,patient_disjoint,2,1,glioma,1.7889852034823247e-05,0.9999781710864292,3.93906153607796e-06,1,glioma,0.9999781710864292,919d6f0fb3ca462983d6df6ec06846e41abd9645
mobilenet_v2,A,2439,MR048994,patient_disjoint,2,1,glioma,1.2136367201514001e-05,0.9999875325573307,3.310754678239215e-07,1,glioma,0.9999875325573307,919d6f0fb3ca462983d6df6ec06846e41abd9645
mobilenet_v2,A,2440,MR048994,patient_disjoint,2,1,glioma,1.4955780188915481e-05,0.9999846408436879,4.033761233281507e-07,1,glioma,0.9999846408436879,919d6f0fb3ca462983d6df6ec06846e41abd9645
mobilenet_v2,A,2441,MR048994,patient_disjoint,2,1,glioma,0.00011918072154116297,0.9998709078808673,9.911397591597306e-06,1,glioma,0.9998709078808673,919d6f0fb3ca462983d6df6ec06846e41abd9645
mobilenet_v2,A,2499,MR026175E,patient_disjoint,2,1,glioma,0.0004543277504271458,0.9993760632301414,0.0001696090194315542,1,glioma,0.9993760632301414,919d6f0fb3ca462983d6df6ec06846e41abd9645
mobilenet_v2,A,2500,MR026175E,patient_disjoint,2,1,glioma,3.10228708873351e-05,0.9999471596103323,2.1817518780199003e-05,1,glioma,0.9999471596103323,919d6f0fb3ca462983d6df6ec06846e41abd9645
mobilenet_v2,A,2501,MR026175E,patient_disjoint,2,1,glioma,2.994208523830817e-05,0.9999388930611428,3.116485361901329e-05,1,glioma,0.9999388930611428,919d6f0fb3ca462983d6df6ec06846e41abd9645
mobilenet_v2,A,2502,MR026175E,patient_disjoint,2,1,glioma,7.13506151197249e-06,0.9999899169513427,2.9479871453174894e-06,1,glioma,0.9999899169513427,919d6f0fb3ca462983d6df6ec06846e41abd9645
mobilenet_v2,A,2503,MR026175E,patient_disjoint,2,1,glioma,2.4854360636694705e-05,0.9999439428148427,3.1202824520631564e-05,1,glioma,0.9999439428148427,919d6f0fb3ca462983d6df6ec06846e41abd9645
mobilenet_v2,A,2504,MR026175E,patient_disjoint,2,1,glioma,3.1058729553239313e-06,0.9999904168547188,6.4772723258143765e-06,1,glioma,0.9999904168547188,919d6f0fb3ca462983d6df6ec06846e41abd9645
mobilenet_v2,A,2505,MR026175E,patient_disjoint,2,1,glioma,1.0252961755121995e-06,0.9999973546859908,1.6200178337022568e-06,1,glioma,0.9999973546859908,919d6f0fb3ca462983d6df6ec06846e41abd9645
mobilenet_v2,A,2506,MR026175E,patient_disjoint,2,1,glioma,3.353348238630069e-06,0.9999947605821891,1.8860695721353283e-06,1,glioma,0.9999947605821891,919d6f0fb3ca462983d6df6ec06846e41abd9645
mobilenet_v2,A,2507,MR026175E,patient_disjoint,2,1,glioma,0.0001247563073649587,0.99966376172683,0.00021148196580485367,1,glioma,0.99966376172683,919d6f0fb3ca462983d6df6ec06846e41abd9645
mobilenet_v2,A,2508,MR026175E,patient_disjoint,2,1,glioma,6.041173893265321e-06,0.9999821289627633,1.182986334353283e-05,1,glioma,0.9999821289627633,919d6f0fb3ca462983d6df6ec06846e41abd9645
mobilenet_v2,A,2509,MR040240C,patient_disjoint,2,1,glioma,6.162952638043067e-05,0.999332489057826,0.0006058814157935301,1,glioma,0.999332489057826,919d6f0fb3ca462983d6df6ec06846e41abd9645
mobilenet_v2,A,2510,MR040240C,patient_disjoint,2,1,glioma,0.0003682914994772087,0.9988728618689852,0.0007588466315376694,1,glioma,0.9988728618689852,919d6f0fb3ca462983d6df6ec06846e41abd9645
mobilenet_v2,A,2511,MR040240C,patient_disjoint,2,1,glioma,0.0009931615165314597,0.9989128546088822,9.398387458638264e-05,1,glioma,0.9989128546088822,919d6f0fb3ca462983d6df6ec06846e41abd9645
mobilenet_v2,A,2512,MR040240C,patient_disjoint,2,1,glioma,8.480012788145895e-05,0.9998971243812812,1.8075490837346986e-05,1,glioma,0.9998971243812812,919d6f0fb3ca462983d6df6ec06846e41abd9645
mobilenet_v2,A,2513,MR040240C,patient_disjoint,2,1,glioma,0.0005784522344731141,0.999369894606764,5.1653158763044224e-05,1,glioma,0.999369894606764,919d6f0fb3ca462983d6df6ec06846e41abd9645
mobilenet_v2,A,2514,MR040240C,patient_disjoint,2,1,glioma,0.0006235246078492295,0.9993132104322628,6.326495988782138e-05,1,glioma,0.9993132104322628,919d6f0fb3ca462983d6df6ec06846e41abd9645
mobilenet_v2,A,2515,MR040240C,patient_disjoint,2,1,glioma,0.00041162083136956506,0.9995690979848945,1.928118373597068e-05,1,glioma,0.9995690979848945,919d6f0fb3ca462983d6df6ec06846e41abd9645
mobilenet_v2,A,2516,MR040240C,patient_disjoint,2,1,glioma,9.071302103497919e-05,0.9997091133717892,0.00020017360717573522,1,glioma,0.9997091133717892,919d6f0fb3ca462983d6df6ec06846e41abd9645
mobilenet_v2,A,2517,MR040240C,patient_disjoint,2,1,glioma,5.852261347321728e-05,0.9998710268232422,7.045056328444934e-05,1,glioma,0.9998710268232422,919d6f0fb3ca462983d6df6ec06846e41abd9645
mobilenet_v2,A,2518,MR040240C,patient_disjoint,2,1,glioma,0.0003532383773426541,0.9995515534748646,9.520814779272767e-05,1,glioma,0.9995515534748646,919d6f0fb3ca462983d6df6ec06846e41abd9645
mobilenet_v2,A,2519,MR040240C,patient_disjoint,2,1,glioma,0.0011695258993363268,0.9986306080999551,0.00019986600070873354,1,glioma,0.9986306080999551,919d6f0fb3ca462983d6df6ec06846e41abd9645
mobilenet_v2,A,2520,MR040240C,patient_disjoint,2,1,glioma,0.00035393805330525,0.9996129538090255,3.310813766930169e-05,1,glioma,0.9996129538090255,919d6f0fb3ca462983d6df6ec06846e41abd9645
mobilenet_v2,A,2521,MR040240C,patient_disjoint,2,1,glioma,0.0010568978692694583,0.9987876923449196,0.0001554097858109504,1,glioma,0.9987876923449196,919d6f0fb3ca462983d6df6ec06846e41abd9645
mobilenet_v2,A,2522,MR040240C,patient_disjoint,2,1,glioma,0.0012149491990415342,0.9982096240981334,0.0005754267028251846,1,glioma,0.9982096240981334,919d6f0fb3ca462983d6df6ec06846e41abd9645
mobilenet_v2,A,2523,MR040240C,patient_disjoint,2,1,glioma,0.0005099908595380398,0.9991266910065704,0.0003633181338915237,1,glioma,0.9991266910065704,919d6f0fb3ca462983d6df6ec06846e41abd9645
mobilenet_v2,A,2524,MR017260F,patient_disjoint,2,1,glioma,0.00027815636550219025,0.999684631925931,3.721170856675258e-05,1,glioma,0.999684631925931,919d6f0fb3ca462983d6df6ec06846e41abd9645
mobilenet_v2,A,2525,MR017260F,patient_disjoint,2,1,glioma,1.1958596579243611e-05,0.9999847742353953,3.2671680253154907e-06,1,glioma,0.9999847742353953,919d6f0fb3ca462983d6df6ec06846e41abd9645
mobilenet_v2,A,2526,MR017260F,patient_disjoint,2,1,glioma,2.1780275153902665e-05,0.9999740972998903,4.122424955872692e-06,1,glioma,0.9999740972998903,919d6f0fb3ca462983d6df6ec06846e41abd9645
mobilenet_v2,A,2527,MR017260F,patient_disjoint,2,1,glioma,1.4920511719875942e-05,0.9999473015297331,3.7777958546974644e-05,1,glioma,0.9999473015297331,919d6f0fb3ca462983d6df6ec06846e41abd9645
mobilenet_v2,A,2528,MR017260F,patient_disjoint,2,1,glioma,1.8084894200098966e-06,0.9999923811567685,5.810353811563319e-06,1,glioma,0.9999923811567685,919d6f0fb3ca462983d6df6ec06846e41abd9645
mobilenet_v2,A,2529,MR017260F,patient_disjoint,2,1,glioma,3.0369819478877656e-06,0.9999702310949704,2.673192308163683e-05,1,glioma,0.9999702310949704,919d6f0fb3ca462983d6df6ec06846e41abd9645
mobilenet_v2,A,2624,MR034694,patient_disjoint,2,1,glioma,3.38236740657026e-05,0.9999500192504597,1.6157075474553634e-05,1,glioma,0.9999500192504597,919d6f0fb3ca462983d6df6ec06846e41abd9645
mobilenet_v2,A,2625,MR034694,patient_disjoint,2,1,glioma,8.227733182128746e-05,0.9997822455264056,0.00013547714177317396,1,glioma,0.9997822455264056,919d6f0fb3ca462983d6df6ec06846e41abd9645
mobilenet_v2,A,2626,MR034694,patient_disjoint,2,1,glioma,0.00017898493250875045,0.9996931464387316,0.0001278686287596161,1,glioma,0.9996931464387316,919d6f0fb3ca462983d6df6ec06846e41abd9645
mobilenet_v2,A,2627,MR034694,patient_disjoint,2,1,glioma,0.0008027654221242183,0.9987958265070466,0.00040140807082905455,1,glioma,0.9987958265070466,919d6f0fb3ca462983d6df6ec06846e41abd9645
mobilenet_v2,A,2628,MR034694,patient_disjoint,2,1,glioma,0.00021329323672672604,0.9996334510356908,0.0001532557275824336,1,glioma,0.9996334510356908,919d6f0fb3ca462983d6df6ec06846e41abd9645
mobilenet_v2,A,2629,MR034694,patient_disjoint,2,1,glioma,0.00011290527537924861,0.999829546305943,5.754841867787108e-05,1,glioma,0.999829546305943,919d6f0fb3ca462983d6df6ec06846e41abd9645
mobilenet_v2,A,2630,MR034694,patient_disjoint,2,1,glioma,0.00021469647597430753,0.9996357436370459,0.0001495598869797389,1,glioma,0.9996357436370459,919d6f0fb3ca462983d6df6ec06846e41abd9645
mobilenet_v2,A,2646,MR053241C,patient_disjoint,2,1,glioma,0.00042794850220328817,0.9995313224770236,4.072902077313065e-05,1,glioma,0.9995313224770236,919d6f0fb3ca462983d6df6ec06846e41abd9645
mobilenet_v2,A,2647,MR053241C,patient_disjoint,2,1,glioma,0.0005422619657475507,0.9993643220530659,9.341598118668291e-05,1,glioma,0.9993643220530659,919d6f0fb3ca462983d6df6ec06846e41abd9645
mobilenet_v2,A,2648,MR053241C,patient_disjoint,2,1,glioma,0.0005542875185388763,0.999249535392352,0.00019617708910904828,1,glioma,0.999249535392352,919d6f0fb3ca462983d6df6ec06846e41abd9645
mobilenet_v2,A,2649,MR053241C,patient_disjoint,2,1,glioma,0.0007866536580421931,0.9978391637518284,0.0013741825901295492,1,glioma,0.9978391637518284,919d6f0fb3ca462983d6df6ec06846e41abd9645
mobilenet_v2,A,2678,MR031409B,patient_disjoint,2,1,glioma,1.9359666117344584e-05,0.9999676170610052,1.3023272877519951e-05,1,glioma,0.9999676170610052,919d6f0fb3ca462983d6df6ec06846e41abd9645
mobilenet_v2,A,2679,MR031409B,patient_disjoint,2,1,glioma,4.060805368148321e-05,0.9998888908582505,7.050108806796371e-05,1,glioma,0.9998888908582505,919d6f0fb3ca462983d6df6ec06846e41abd9645
mobilenet_v2,A,2688,MR032322C,patient_disjoint,2,1,glioma,4.398080245751057e-05,0.9992002149437632,0.000755804253779239,1,glioma,0.9992002149437632,919d6f0fb3ca462983d6df6ec06846e41abd9645
mobilenet_v2,A,2689,MR032322C,patient_disjoint,2,1,glioma,6.998757486001367e-05,0.9998845712925126,4.544113262734749e-05,1,glioma,0.9998845712925126,919d6f0fb3ca462983d6df6ec06846e41abd9645
mobilenet_v2,A,2690,MR032322C,patient_disjoint,2,1,glioma,0.00010387251135641828,0.9998746900736052,2.1437415038525315e-05,1,glioma,0.9998746900736052,919d6f0fb3ca462983d6df6ec06846e41abd9645
mobilenet_v2,A,2691,MR032322C,patient_disjoint,2,1,glioma,4.1447143872080466e-05,0.9999542733862342,4.279469893816751e-06,1,glioma,0.9999542733862342,919d6f0fb3ca462983d6df6ec06846e41abd9645
mobilenet_v2,A,2692,MR032322C,patient_disjoint,2,1,glioma,3.130698872798239e-05,0.9999650422321338,3.6507791383178743e-06,1,glioma,0.9999650422321338,919d6f0fb3ca462983d6df6ec06846e41abd9645
mobilenet_v2,A,2693,MR032322C,patient_disjoint,2,1,glioma,0.0016949383174651473,0.9982205020265492,8.455965598553918e-05,1,glioma,0.9982205020265492,919d6f0fb3ca462983d6df6ec06846e41abd9645
mobilenet_v2,A,2694,MR032322C,patient_disjoint,2,1,glioma,4.6006821285583486e-05,0.9836782187878719,0.016275774390842525,1,glioma,0.9836782187878719,919d6f0fb3ca462983d6df6ec06846e41abd9645
mobilenet_v2,A,2695,MR032322C,patient_disjoint,2,1,glioma,8.229095490875206e-05,0.9939295251479585,0.005988183897132636,1,glioma,0.9939295251479585,919d6f0fb3ca462983d6df6ec06846e41abd9645
mobilenet_v2,A,2696,MR032322C,patient_disjoint,2,1,glioma,6.427728168865346e-05,0.9998070039202102,0.00012871879810121508,1,glioma,0.9998070039202102,919d6f0fb3ca462983d6df6ec06846e41abd9645
mobilenet_v2,A,2697,MR032322C,patient_disjoint,2,1,glioma,5.66108014125224e-05,0.9990734081084186,0.0008699810901687425,1,glioma,0.9990734081084186,919d6f0fb3ca462983d6df6ec06846e41abd9645
mobilenet_v2,A,2698,MR032322C,patient_disjoint,2,1,glioma,1.1663499526172818e-05,0.9999043283234396,8.400817703432576e-05,1,glioma,0.9999043283234396,919d6f0fb3ca462983d6df6ec06846e41abd9645
mobilenet_v2,A,2699,MR032322C,patient_disjoint,2,1,glioma,2.68503738640822e-05,0.9996787349920739,0.0002944146340621643,1,glioma,0.9996787349920739,919d6f0fb3ca462983d6df6ec06846e41abd9645
mobilenet_v2,A,2700,MR032322C,patient_disjoint,2,1,glioma,0.00012617299238966735,0.9997179894599137,0.000155837547696449,1,glioma,0.9997179894599137,919d6f0fb3ca462983d6df6ec06846e41abd9645
mobilenet_v2,A,2701,MR032322C,patient_disjoint,2,1,glioma,0.0001261975350162713,0.9997176983366739,0.0001561041283097961,1,glioma,0.9997176983366739,919d6f0fb3ca462983d6df6ec06846e41abd9645
mobilenet_v2,A,2702,MR037458B,patient_disjoint,2,1,glioma,0.9195511173793263,0.07984344034346495,0.0006054422772086226,0,meningioma,0.9195511173793263,919d6f0fb3ca462983d6df6ec06846e41abd9645
mobilenet_v2,A,2703,MR037458B,patient_disjoint,2,1,glioma,0.516794548633958,0.4823518801004748,0.0008535712655672076,0,meningioma,0.516794548633958,919d6f0fb3ca462983d6df6ec06846e41abd9645
mobilenet_v2,A,2704,MR037458B,patient_disjoint,2,1,glioma,0.24941715134694734,0.7477385302551518,0.0028443183979009606,1,glioma,0.7477385302551518,919d6f0fb3ca462983d6df6ec06846e41abd9645
mobilenet_v2,A,2705,MR037458B,patient_disjoint,2,1,glioma,0.017863499525433944,0.9814247572938568,0.0007117431807092018,1,glioma,0.9814247572938568,919d6f0fb3ca462983d6df6ec06846e41abd9645
mobilenet_v2,A,2706,MR037458B,patient_disjoint,2,1,glioma,0.8809706065330905,0.11772475722597836,0.001304636240931103,0,meningioma,0.8809706065330905,919d6f0fb3ca462983d6df6ec06846e41abd9645
mobilenet_v2,A,2707,MR037458B,patient_disjoint,2,1,glioma,0.853538629504831,0.1456339682983591,0.0008274021968099925,0,meningioma,0.853538629504831,919d6f0fb3ca462983d6df6ec06846e41abd9645
mobilenet_v2,A,2708,MR037458B,patient_disjoint,2,1,glioma,0.9324481613574912,0.06606716468802305,0.0014846739544855918,0,meningioma,0.9324481613574912,919d6f0fb3ca462983d6df6ec06846e41abd9645
mobilenet_v2,A,2709,MR037458B,patient_disjoint,2,1,glioma,0.06544709065961883,0.9341795455158163,0.00037336382456489307,1,glioma,0.9341795455158163,919d6f0fb3ca462983d6df6ec06846e41abd9645
mobilenet_v2,A,2714,MR039473B,patient_disjoint,2,1,glioma,4.551676899432851e-05,0.999894244881542,6.023834946360573e-05,1,glioma,0.999894244881542,919d6f0fb3ca462983d6df6ec06846e41abd9645
mobilenet_v2,A,2715,MR039473B,patient_disjoint,2,1,glioma,7.056360274893759e-05,0.9998923529559345,3.7083441316736875e-05,1,glioma,0.9998923529559345,919d6f0fb3ca462983d6df6ec06846e41abd9645
mobilenet_v2,A,2716,MR039473B,patient_disjoint,2,1,glioma,6.152973847045735e-05,0.9997812936055109,0.00015717665601871366,1,glioma,0.9997812936055109,919d6f0fb3ca462983d6df6ec06846e41abd9645
mobilenet_v2,A,2717,MR039473B,patient_disjoint,2,1,glioma,1.1222085793815049e-05,0.999979120694161,9.657220045287958e-06,1,glioma,0.999979120694161,919d6f0fb3ca462983d6df6ec06846e41abd9645
mobilenet_v2,A,2718,MR039473B,patient_disjoint,2,1,glioma,7.110999927544066e-05,0.9997902636618603,0.00013862633886426023,1,glioma,0.9997902636618603,919d6f0fb3ca462983d6df6ec06846e41abd9645
mobilenet_v2,A,2719,MR039473B,patient_disjoint,2,1,glioma,1.6288969374620285e-05,0.9999228573528636,6.08536777616244e-05,1,glioma,0.9999228573528636,919d6f0fb3ca462983d6df6ec06846e41abd9645
mobilenet_v2,A,2720,MR039473B,patient_disjoint,2,1,glioma,0.00011433537895939535,0.9992216509304387,0.0006640136906018834,1,glioma,0.9992216509304387,919d6f0fb3ca462983d6df6ec06846e41abd9645
mobilenet_v2,A,2721,MR039473B,patient_disjoint,2,1,glioma,0.00022245234522639878,0.9995348914711947,0.0002426561835789513,1,glioma,0.9995348914711947,919d6f0fb3ca462983d6df6ec06846e41abd9645
mobilenet_v2,A,2722,MR039473B,patient_disjoint,2,1,glioma,1.3081713661746009e-05,0.9999531846717881,3.373361455023838e-05,1,glioma,0.9999531846717881,919d6f0fb3ca462983d6df6ec06846e41abd9645
mobilenet_v2,A,2748,MR031409B,patient_disjoint,2,1,glioma,0.0008179182893442434,0.9990156580598036,0.00016642365085217347,1,glioma,0.9990156580598036,919d6f0fb3ca462983d6df6ec06846e41abd9645
mobilenet_v2,A,2749,MR031409B,patient_disjoint,2,1,glioma,0.00018177635614369727,0.9996733451214167,0.00014487852243965656,1,glioma,0.9996733451214167,919d6f0fb3ca462983d6df6ec06846e41abd9645
mobilenet_v2,A,2758,MR032322C,patient_disjoint,2,1,glioma,0.007622170724663697,0.9906093181751615,0.0017685111001748562,1,glioma,0.9906093181751615,919d6f0fb3ca462983d6df6ec06846e41abd9645
mobilenet_v2,A,2759,MR032322C,patient_disjoint,2,1,glioma,0.011791876414169955,0.9862188363946081,0.0019892871912218523,1,glioma,0.9862188363946081,919d6f0fb3ca462983d6df6ec06846e41abd9645
mobilenet_v2,A,2760,MR032322C,patient_disjoint,2,1,glioma,0.0038651203632153078,0.9944811866411457,0.0016536929956388821,1,glioma,0.9944811866411457,919d6f0fb3ca462983d6df6ec06846e41abd9645
mobilenet_v2,A,2761,MR032322C,patient_disjoint,2,1,glioma,0.0041322878444216195,0.9912449170509554,0.004622795104622948,1,glioma,0.9912449170509554,919d6f0fb3ca462983d6df6ec06846e41abd9645
mobilenet_v2,A,2762,MR032322C,patient_disjoint,2,1,glioma,0.006259171399625866,0.9913855796429091,0.002355248957464966,1,glioma,0.9913855796429091,919d6f0fb3ca462983d6df6ec06846e41abd9645
mobilenet_v2,A,2763,MR032322C,patient_disjoint,2,1,glioma,0.0006469667946729304,0.9991719556502668,0.00018107755506019993,1,glioma,0.9991719556502668,919d6f0fb3ca462983d6df6ec06846e41abd9645
mobilenet_v2,A,2764,MR032322C,patient_disjoint,2,1,glioma,0.0002804269136429974,0.9989637802912701,0.00075579279508711,1,glioma,0.9989637802912701,919d6f0fb3ca462983d6df6ec06846e41abd9645
mobilenet_v2,A,2765,MR032322C,patient_disjoint,2,1,glioma,0.00037208009293002506,0.9984264666330833,0.0012014532739866824,1,glioma,0.9984264666330833,919d6f0fb3ca462983d6df6ec06846e41abd9645
mobilenet_v2,A,2766,MR032322C,patient_disjoint,2,1,glioma,6.509403854703817e-05,0.9997870527309012,0.00014785323055187163,1,glioma,0.9997870527309012,919d6f0fb3ca462983d6df6ec06846e41abd9645
mobilenet_v2,A,2767,MR032322C,patient_disjoint,2,1,glioma,0.0003125049405160098,0.999475763959917,0.0002117310995670121,1,glioma,0.999475763959917,919d6f0fb3ca462983d6df6ec06846e41abd9645
mobilenet_v2,A,2768,MR032322C,patient_disjoint,2,1,glioma,0.0003712055917243886,0.9976308878002843,0.001997906607991298,1,glioma,0.9976308878002843,919d6f0fb3ca462983d6df6ec06846e41abd9645
mobilenet_v2,A,2769,MR037458B,patient_disjoint,2,1,glioma,0.004560392653389153,0.9953088632302326,0.00013074411637827837,1,glioma,0.9953088632302326,919d6f0fb3ca462983d6df6ec06846e41abd9645
mobilenet_v2,A,2770,MR037458B,patient_disjoint,2,1,glioma,0.036916429064323894,0.9627698499342504,0.00031372100142560116,1,glioma,0.9627698499342504,919d6f0fb3ca462983d6df6ec06846e41abd9645
mobilenet_v2,A,2771,MR037458B,patient_disjoint,2,1,glioma,0.004416360105892434,0.9953560797412937,0.00022756015281388494,1,glioma,0.9953560797412937,919d6f0fb3ca462983d6df6ec06846e41abd9645
mobilenet_v2,A,2772,MR037458B,patient_disjoint,2,1,glioma,0.2446225625767196,0.7509947257743165,0.004382711648963824,1,glioma,0.7509947257743165,919d6f0fb3ca462983d6df6ec06846e41abd9645
mobilenet_v2,A,2773,MR037458B,patient_disjoint,2,1,glioma,0.9621859827474608,0.032722303824051314,0.005091713428487878,0,meningioma,0.9621859827474608,919d6f0fb3ca462983d6df6ec06846e41abd9645
mobilenet_v2,A,2780,MR039473B,patient_disjoint,2,1,glioma,0.00019481448408442892,0.9997081556461617,9.702986975403519e-05,1,glioma,0.9997081556461617,919d6f0fb3ca462983d6df6ec06846e41abd9645
mobilenet_v2,A,2781,MR039473B,patient_disjoint,2,1,glioma,0.00040707844984863177,0.998947307971835,0.0006456135783164633,1,glioma,0.998947307971835,919d6f0fb3ca462983d6df6ec06846e41abd9645
mobilenet_v2,A,2782,MR039473B,patient_disjoint,2,1,glioma,0.0002672412458919259,0.9993765446337866,0.0003562141203214215,1,glioma,0.9993765446337866,919d6f0fb3ca462983d6df6ec06846e41abd9645
mobilenet_v2,A,2783,MR039473B,patient_disjoint,2,1,glioma,0.00047728721399995227,0.9955984070153262,0.003924305770673744,1,glioma,0.9955984070153262,919d6f0fb3ca462983d6df6ec06846e41abd9645
mobilenet_v2,A,2784,MR039473B,patient_disjoint,2,1,glioma,0.00017207991011590444,0.9989504778542897,0.0008774422355943633,1,glioma,0.9989504778542897,919d6f0fb3ca462983d6df6ec06846e41abd9645
mobilenet_v2,A,2785,MR039473B,patient_disjoint,2,1,glioma,0.0003467013744917054,0.9992282954465682,0.00042500317894002406,1,glioma,0.9992282954465682,919d6f0fb3ca462983d6df6ec06846e41abd9645
mobilenet_v2,A,2786,MR039473B,patient_disjoint,2,1,glioma,0.0004567902801721437,0.9990516915080034,0.0004915182118244571,1,glioma,0.9990516915080034,919d6f0fb3ca462983d6df6ec06846e41abd9645
mobilenet_v2,A,2846,MR048994,patient_disjoint,2,1,glioma,0.006661915622148792,0.9927180829367918,0.0006200014410593538,1,glioma,0.9927180829367918,919d6f0fb3ca462983d6df6ec06846e41abd9645
mobilenet_v2,A,2847,MR048994,patient_disjoint,2,1,glioma,0.0004309017759285676,0.9994296863224986,0.00013941190157279083,1,glioma,0.9994296863224986,919d6f0fb3ca462983d6df6ec06846e41abd9645
mobilenet_v2,A,2848,MR048994,patient_disjoint,2,1,glioma,9.720658724011511e-05,0.9998766844156151,2.610899714479031e-05,1,glioma,0.9998766844156151,919d6f0fb3ca462983d6df6ec06846e41abd9645
mobilenet_v2,A,2849,MR048994,patient_disjoint,2,1,glioma,8.16662505440531e-06,0.999989263566188,2.5698087574563227e-06,1,glioma,0.999989263566188,919d6f0fb3ca462983d6df6ec06846e41abd9645
mobilenet_v2,A,2850,MR048994,patient_disjoint,2,1,glioma,0.00020822863148696366,0.99977744360145,1.4327767062955568e-05,1,glioma,0.99977744360145,919d6f0fb3ca462983d6df6ec06846e41abd9645
mobilenet_v2,A,2851,MR048994,patient_disjoint,2,1,glioma,0.00026812154205028206,0.9997219496266903,9.92883125943506e-06,1,glioma,0.9997219496266903,919d6f0fb3ca462983d6df6ec06846e41abd9645
mobilenet_v2,A,2852,MR048994,patient_disjoint,2,1,glioma,0.00045665635322798126,0.9994514789930541,9.186465371793527e-05,1,glioma,0.9994514789930541,919d6f0fb3ca462983d6df6ec06846e41abd9645
mobilenet_v2,A,2853,MR048994,patient_disjoint,2,1,glioma,8.092904855596135e-05,0.999901749550299,1.732140114496606e-05,1,glioma,0.999901749550299,919d6f0fb3ca462983d6df6ec06846e41abd9645
mobilenet_v2,A,2876,MR049453,patient_disjoint,2,1,glioma,6.243455037424357e-05,0.9997897090061404,0.00014785644348535603,1,glioma,0.9997897090061404,919d6f0fb3ca462983d6df6ec06846e41abd9645
mobilenet_v2,A,2877,MR049453,patient_disjoint,2,1,glioma,5.190192133746685e-05,0.9998239848085202,0.00012411327014233634,1,glioma,0.9998239848085202,919d6f0fb3ca462983d6df6ec06846e41abd9645
mobilenet_v2,A,2878,MR049453,patient_disjoint,2,1,glioma,5.096417310855866e-06,0.9999831757821874,1.1727800501565738e-05,1,glioma,0.9999831757821874,919d6f0fb3ca462983d6df6ec06846e41abd9645
mobilenet_v2,A,2879,MR049453,patient_disjoint,2,1,glioma,2.088122789620393e-05,0.9999336979587673,4.54208133364831e-05,1,glioma,0.9999336979587673,919d6f0fb3ca462983d6df6ec06846e41abd9645
mobilenet_v2,A,2880,MR049453,patient_disjoint,2,1,glioma,5.733651775474906e-05,0.9998694782805129,7.318520173240885e-05,1,glioma,0.9998694782805129,919d6f0fb3ca462983d6df6ec06846e41abd9645
mobilenet_v2,A,2881,MR049453,patient_disjoint,2,1,glioma,7.129192401735608e-05,0.9997604257920553,0.00016828228392755517,1,glioma,0.9997604257920553,919d6f0fb3ca462983d6df6ec06846e41abd9645
mobilenet_v2,A,2882,MR049453,patient_disjoint,2,1,glioma,3.2890788485402944e-05,0.9999419799950814,2.5129216433251874e-05,1,glioma,0.9999419799950814,919d6f0fb3ca462983d6df6ec06846e41abd9645
mobilenet_v2,A,2883,MR049453,patient_disjoint,2,1,glioma,8.301965427980273e-05,0.9997498655566653,0.00016711478905477353,1,glioma,0.9997498655566653,919d6f0fb3ca462983d6df6ec06846e41abd9645
mobilenet_v2,A,2884,MR049453,patient_disjoint,2,1,glioma,0.000376338271712052,0.9995394845499381,8.417717834978736e-05,1,glioma,0.9995394845499381,919d6f0fb3ca462983d6df6ec06846e41abd9645
mobilenet_v2,A,2891,MR050135B,patient_disjoint,2,1,glioma,7.767026268405054e-05,0.9998735203486726,4.880938864333713e-05,1,glioma,0.9998735203486726,919d6f0fb3ca462983d6df6ec06846e41abd9645
mobilenet_v2,A,2892,MR050135B,patient_disjoint,2,1,glioma,2.39639594661787e-05,0.9999545641181916,2.1471922342067436e-05,1,glioma,0.9999545641181916,919d6f0fb3ca462983d6df6ec06846e41abd9645
mobilenet_v2,A,2893,MR050135B,patient_disjoint,2,1,glioma,4.433966002031443e-05,0.9999495310538611,6.129286118423488e-06,1,glioma,0.9999495310538611,919d6f0fb3ca462983d6df6ec06846e41abd9645
mobilenet_v2,A,2894,MR050135B,patient_disjoint,2,1,glioma,4.43132903495182e-05,0.9999399525453248,1.573416432569111e-05,1,glioma,0.9999399525453248,919d6f0fb3ca462983d6df6ec06846e41abd9645
mobilenet_v2,A,2895,MR050135B,patient_disjoint,2,1,glioma,9.396853907881592e-05,0.9998179253023377,8.8106158583547e-05,1,glioma,0.9998179253023377,919d6f0fb3ca462983d6df6ec06846e41abd9645
mobilenet_v2,A,2896,MR050135B,patient_disjoint,2,1,glioma,6.765300116276198e-05,0.9997379740950676,0.00019437290376978202,1,glioma,0.9997379740950676,919d6f0fb3ca462983d6df6ec06846e41abd9645
mobilenet_v2,A,2897,MR050135B,patient_disjoint,2,1,glioma,0.00046971213209867955,0.9991069068528168,0.0004233810150846728,1,glioma,0.9991069068528168,919d6f0fb3ca462983d6df6ec06846e41abd9645
mobilenet_v2,A,2898,MR050135B,patient_disjoint,2,1,glioma,0.0002116115336438818,0.9995445808353011,0.0002438076310549665,1,glioma,0.9995445808353011,919d6f0fb3ca462983d6df6ec06846e41abd9645
mobilenet_v2,A,2899,MR050135B,patient_disjoint,2,1,glioma,0.00015448471436698254,0.9997649647813264,8.055050430677693e-05,1,glioma,0.9997649647813264,919d6f0fb3ca462983d6df6ec06846e41abd9645
mobilenet_v2,A,2918,MR051461,patient_disjoint,2,1,glioma,0.00012181536465902132,0.9998700708573453,8.113777995836723e-06,1,glioma,0.9998700708573453,919d6f0fb3ca462983d6df6ec06846e41abd9645
mobilenet_v2,A,2919,MR051461,patient_disjoint,2,1,glioma,2.2796669914785425e-05,0.9999750565192973,2.146810787844671e-06,1,glioma,0.9999750565192973,919d6f0fb3ca462983d6df6ec06846e41abd9645
mobilenet_v2,A,2920,MR051461,patient_disjoint,2,1,glioma,0.00017331284703050458,0.999821638905178,5.048247791571797e-06,1,glioma,0.999821638905178,919d6f0fb3ca462983d6df6ec06846e41abd9645
mobilenet_v2,A,2921,MR051461,patient_disjoint,2,1,glioma,0.0002729860091908653,0.9996898265143742,3.718747643487966e-05,1,glioma,0.9996898265143742,919d6f0fb3ca462983d6df6ec06846e41abd9645
mobilenet_v2,A,2922,MR051461,patient_disjoint,2,1,glioma,0.00020571658249319245,0.9997762880562774,1.799536122942836e-05,1,glioma,0.9997762880562774,919d6f0fb3ca462983d6df6ec06846e41abd9645
mobilenet_v2,A,2923,MR051461,patient_disjoint,2,1,glioma,0.0005358455109252214,0.9994181351821821,4.601930689270868e-05,1,glioma,0.9994181351821821,919d6f0fb3ca462983d6df6ec06846e41abd9645
mobilenet_v2,A,2924,MR051461,patient_disjoint,2,1,glioma,0.0007766689105731688,0.9991816680013471,4.16630880796314e-05,1,glioma,0.9991816680013471,919d6f0fb3ca462983d6df6ec06846e41abd9645
mobilenet_v2,A,3005,MR034694,patient_disjoint,2,1,glioma,0.0003606531412617401,0.9892422431847759,0.010397103673962332,1,glioma,0.9892422431847759,919d6f0fb3ca462983d6df6ec06846e41abd9645
mobilenet_v2,A,3006,MR034694,patient_disjoint,2,1,glioma,0.0001667138905893508,0.9995120176471219,0.00032126846228883405,1,glioma,0.9995120176471219,919d6f0fb3ca462983d6df6ec06846e41abd9645
mobilenet_v2,A,3007,MR034694,patient_disjoint,2,1,glioma,1.0161085555630085e-05,0.9999705421996465,1.9296714797804537e-05,1,glioma,0.9999705421996465,919d6f0fb3ca462983d6df6ec06846e41abd9645
mobilenet_v2,A,3008,MR034694,patient_disjoint,2,1,glioma,0.0008177696576613671,0.9958370985142984,0.003345131828040255,1,glioma,0.9958370985142984,919d6f0fb3ca462983d6df6ec06846e41abd9645
mobilenet_v2,A,3042,MR040240C,patient_disjoint,2,1,glioma,1.1001681292955953e-05,0.9999808236042251,8.174714481898355e-06,1,glioma,0.9999808236042251,919d6f0fb3ca462983d6df6ec06846e41abd9645
mobilenet_v2,A,3043,MR040240C,patient_disjoint,2,1,glioma,2.441125771981261e-05,0.999960505486089,1.5083256191320753e-05,1,glioma,0.999960505486089,919d6f0fb3ca462983d6df6ec06846e41abd9645
mobilenet_v2,A,3044,MR040240C,patient_disjoint,2,1,glioma,0.00018311889743366513,0.9997982279780879,1.865312447851459e-05,1,glioma,0.9997982279780879,919d6f0fb3ca462983d6df6ec06846e41abd9645
mobilenet_v2,A,3045,MR040240C,patient_disjoint,2,1,glioma,0.004303065155020471,0.9951974151988133,0.0004995196461663081,1,glioma,0.9951974151988133,919d6f0fb3ca462983d6df6ec06846e41abd9645
mobilenet_v2,A,3046,MR040240C,patient_disjoint,2,1,glioma,0.004149959724900196,0.9955984176445302,0.0002516226305695334,1,glioma,0.9955984176445302,919d6f0fb3ca462983d6df6ec06846e41abd9645
mobilenet_v2,A,3049,MR017260F,patient_disjoint,2,1,glioma,0.0017302243089110194,0.9981346882899333,0.0001350874011557571,1,glioma,0.9981346882899333,919d6f0fb3ca462983d6df6ec06846e41abd9645
mobilenet_v2,A,3050,MR017260F,patient_disjoint,2,1,glioma,0.003993311223537144,0.9959326656370157,7.402313944722019e-05,1,glioma,0.9959326656370157,919d6f0fb3ca462983d6df6ec06846e41abd9645
mobilenet_v2,A,3051,MR017260F,patient_disjoint,2,1,glioma,1.6187064513634946e-05,0.9999819194054325,1.8935300538813338e-06,1,glioma,0.9999819194054325,919d6f0fb3ca462983d6df6ec06846e41abd9645
mobilenet_v2,A,3052,MR017260F,patient_disjoint,2,1,glioma,7.89001396330547e-05,0.9999156568438448,5.443016522106184e-06,1,glioma,0.9999156568438448,919d6f0fb3ca462983d6df6ec06846e41abd9645
mobilenet_v2,A,3053,MR017260F,patient_disjoint,2,1,glioma,6.612472520475763e-06,0.9999929419259493,4.456015301588688e-07,1,glioma,0.9999929419259493,919d6f0fb3ca462983d6df6ec06846e41abd9645
mobilenet_v2,A,3054,MR017260F,patient_disjoint,2,1,glioma,2.6862302158524267e-06,0.9999965054503751,8.083194090840809e-07,1,glioma,0.9999965054503751,919d6f0fb3ca462983d6df6ec06846e41abd9645
mobilenet_v2,A,3055,MR017260F,patient_disjoint,2,1,glioma,5.007701986596022e-05,0.9999433695656709,6.553414463078111e-06,1,glioma,0.9999433695656709,919d6f0fb3ca462983d6df6ec06846e41abd9645
mobilenet_v2,A,3063,95969,patient_disjoint,2,0,meningioma,0.0009367301118074145,0.9986815541082975,0.00038171577989490243,1,glioma,0.9986815541082975,919d6f0fb3ca462983d6df6ec06846e41abd9645
