image_id,patient_id,best_same_patient_thumb_ncc,best_other_patient_thumb_ncc
1,100360,0.9395363,0.9105164
2,100360,0.9820621,0.9281809
3,100360,0.987514,0.93823326
4,100360,0.987514,0.9376219
5,100360,0.9849768,0.94292027
6,100572,0.96674436,0.8901886
7,100572,0.9876482,0.91853386
8,100572,0.9876482,0.9312866
9,101016,0.96528745,0.91468966
10,101016,0.96528745,0.8786193
11,101016,0.96380305,0.853795
12,101016,0.95374894,0.84883416
13,101016,0.92997175,0.87143475
14,101016,0.88698435,0.8881093
15,101016,0.8144977,0.903187
16,101127,0.96878254,0.9303112
17,101127,0.97561496,0.9213852
18,101127,0.97827315,0.91200125
19,101127,0.97827315,0.93379104
20,101797,0.98730767,0.9211716
21,101797,0.98730767,0.9196975
22,101797,0.98502195,0.91392905
23,101797,0.9751048,0.9154147
24,102420,0.96723044,0.90875196
25,102420,0.96723044,0.9000331
26,102446,0.67711335,0.9159327
27,102675,0.8851821,0.96376795
28,102714,0.92808497,0.88014996
29,102714,0.9538453,0.8906522
30,102714,0.97485757,0.87423635
31,102714,0.97485757,0.8827103
32,102929,0.9401675,0.9032428
33,102929,0.9401675,0.90855646
34,102935,0.8311829,0.9597535
35,102985,0.6210514,0.94917256
36,103673,0.98340005,0.9299156
37,103673,0.98340005,0.9267723
38,103673,0.98211384,0.9089417
39,103673,0.98211384,0.9045136
40,103673,0.9813123,0.8925138
41,103673,0.9746477,0.87493306
42,103925,0.9283389,0.8544671
43,103925,0.9494474,0.8880047
44,103925,0.9494474,0.90547764
45,104167,0.97437453,0.95809746
46,104167,0.97437453,0.9669822
47,104167,0.9715198,0.969734
48,104167,0.9535394,0.97444445
49,104281,0.98367965,0.9326808
50,104281,0.98367965,0.93823266
51,104281,0.9814708,0.9410626
52,104281,0.97709453,0.9489373
53,104281,0.96322405,0.9457979
54,104281,0.94011426,0.9569161
55,104281,0.9130817,0.952925
56,105374,0.94913423,0.90618145
57,105374,0.94913423,0.9250612
58,105555,0.5544413,0.92504245
59,58392,,0.87564653
60,105937,0.9226791,0.9565965
61,105937,0.9226791,0.951179
62,106284,0.9526513,0.8011349
63,106284,0.9526513,0.8219569
64,106284,0.950428,0.8191305
65,106284,0.9270631,0.8245849
66,106284,0.8935511,0.8471524
67,106442,0.9798055,0.9567143
68,106442,0.9798055,0.948497
69,106442,0.9793465,0.95318055
70,106442,0.97356427,0.95816463
71,106534,0.93284607,0.9639205
72,106534,0.93284607,0.9600821
73,106665,0.9766176,0.9286006
74,106665,0.9766176,0.9308491
75,106665,0.97582144,0.9464829
76,106665,0.972046,0.9523405
77,106665,0.9594183,0.9534471
78,106665,0.93419933,0.9499213
79,106665,0.89356214,0.9454617
80,106720,0.9840417,0.95258933
81,106720,0.9840417,0.95256627
82,106720,0.9815705,0.94222575
83,106720,0.9737972,0.94031173
84,106720,0.9533467,0.9317417
85,106720,0.9217564,0.91441333
86,106720,0.8762641,0.91346407
87,106914,0.9560298,0.9250612
88,106914,0.9664685,0.9345802
89,106914,0.98162246,0.9534194
90,106914,0.98162246,0.9612095
91,107190,0.6968932,0.8820844
92,107190,0.6968932,0.8142721
93,107248,0.9412704,0.81327635
94,107248,0.9412704,0.85697347
95,107248,0.92602825,0.8768448
96,107248,0.9715499,0.90225476
97,107248,0.9715499,0.91777426
98,107248,0.9661193,0.9322128
99,107494,0.9201823,0.85551
100,107494,0.96629786,0.904384
101,107494,0.96629786,0.9253957
102,107494,0.95605993,0.92135423
103,107494,0.95605993,0.9330847
104,108514,0.98931754,0.96403515
105,108514,0.98931754,0.9586086
106,108514,0.9818598,0.9675466
107,108514,0.97673094,0.96736246
108,108514,0.9679234,0.96708345
109,108514,0.95284176,0.95794356
110,108514,0.9172628,0.95932025
111,108550,0.97691363,0.915322
112,108550,0.97691363,0.9274646
113,108590,0.82827985,0.95832884
114,108590,0.82827985,0.9447895
115,108945,0.977124,0.9426072
116,108945,0.977124,0.9480445
117,108945,0.9666655,0.95330304
118,108945,0.93733644,0.94947386
119,109411,0.6726082,0.9515597
120,109968,0.9313404,0.89088076
121,109968,0.95262146,0.9010109
122,109968,0.9636417,0.9172202
123,109968,0.9636417,0.92877734
124,110116,0.6427731,0.9291725
125,111077,0.9850226,0.9672786
126,111077,0.9850226,0.96470165
127,111077,0.975616,0.9579262
128,111366,0.9348318,0.87880445
129,111366,0.9485768,0.8770796
130,111366,0.9490999,0.90784246
131,111366,0.9490999,0.9179092
132,111532,0.8962506,0.9635948
133,111532,0.8962506,0.95005894
134,111532,0.8602777,0.94265497
135,112002,0.94771916,0.9376065
136,112002,0.9510021,0.95210695
137,112002,0.9510021,0.9646302
138,112002,0.93483436,0.95926565
139,112062,0.90215856,0.9600821
140,112062,0.90215856,0.9274508
141,112062,0.8662142,0.9293453
142,112252,0.8277635,0.96186614
143,112252,0.8277635,0.94503134
144,112552,0.984725,0.9248897
145,112552,0.984725,0.92905235
146,112552,0.98315495,0.93719834
147,112552,0.9731558,0.9455013
148,112552,0.9625119,0.95721215
149,112552,0.9385453,0.9586823
150,112552,0.90914327,0.96041983
151,112648,0.94383204,0.8683748
152,112648,0.95185006,0.90015787
153,112648,0.95185006,0.9209005
154,113435,0.97853816,0.9464829
155,113435,0.97853816,0.9523405
156,113435,0.96550167,0.9534471
157,113435,0.95059246,0.9499213
158,113435,0.9151051,0.9484536
159,113435,0.87814844,0.9454617
160,113554,0.96409374,0.9408574
161,113554,0.96409374,0.9389734
162,113554,0.9501071,0.93805605
163,113805,0.66859525,0.9565965
164,114018,0.9557482,0.8678713
165,114018,0.96947235,0.9007645
166,114018,0.9825925,0.9077077
167,114018,0.9825925,0.90513116
168,114018,0.97584486,0.9033493
169,114359,0.97965217,0.9532677
170,114359,0.97965217,0.9483405
171,114359,0.976474,0.95018584
172,114359,0.9686465,0.96053135
173,114359,0.95750636,0.96843463
174,114359,0.94215107,0.97426903
175,97607,0.9670649,0.9702891
176,97607,0.9670649,0.95331264
177,97607,0.9500234,0.95050144
178,97607,0.91835415,0.9650155
179,97607,0.87941575,0.94503134
180,97737,0.957469,0.9689116
181,97737,0.957469,0.965186
182,97737,0.92998815,0.9651149
183,97737,0.8964394,0.94265497
184,97875,0.9679663,0.9341721
185,97875,0.97612214,0.94770527
186,97875,0.97612214,0.9491676
187,97943,0.94211394,0.9172202
188,97943,0.9512918,0.92877734
189,97943,0.9821154,0.9414602
190,97943,0.9891107,0.9545764
191,97943,0.9891107,0.96035105
192,98241,0.97625804,0.96481633
193,98241,0.97625804,0.9579262
194,98241,0.9633301,0.9465424
195,98241,0.9456508,0.963899
196,98241,0.9147321,0.95794356
197,98241,0.8528745,0.95888126
198,99017,0.9518143,0.87983066
199,99017,0.9518143,0.8876086
200,99089,0.9234345,0.97426903
201,99089,0.9234345,0.95005894
202,99089,0.87882376,0.93729454
203,99288,0.7086221,0.963899
204,99308,0.9676108,0.94025755
205,99308,0.9676108,0.95721215
206,99308,0.942874,0.95684683
207,99308,0.90341353,0.9614271
208,99308,0.8525182,0.95053756
209,100820,0.98627126,0.95165354
210,100820,0.98627126,0.94804215
211,100360,0.936095,0.9112215
212,100360,0.9366288,0.9258164
213,100360,0.95480466,0.9048098
214,100360,0.9588313,0.88621795
215,100360,0.96251416,0.8943971
216,100360,0.9654745,0.90052366
217,100360,0.9654745,0.9030531
218,100572,0.96625066,0.8862758
219,100572,0.96625066,0.88984454
220,100572,0.9577776,0.9107698
221,101016,0.9461474,0.8630986
222,101016,0.9470786,0.84305024
223,101016,0.9603914,0.83885044
224,101016,0.9603914,0.83609265
225,101016,0.96236235,0.8535017
226,101016,0.96236235,0.86161923
227,101127,0.9628258,0.9080804
228,101127,0.9630661,0.89781094
229,101127,0.9630661,0.88373035
230,101127,0.96013594,0.8958424
231,101797,0.94812423,0.92164266
232,101797,0.9698036,0.89300627
233,101797,0.9698036,0.89148706
234,101797,0.9609956,0.8941895
235,101797,0.94738925,0.9056144
236,102420,0.9680635,0.91343355
237,102420,0.9752387,0.9205551
238,102420,0.9752387,0.9071644
239,102446,0.619463,0.84249765
240,102675,0.9470165,0.9060327
241,102675,0.9470165,0.9091794
242,102714,0.96297836,0.9242419
243,102714,0.96297836,0.9093652
244,102714,0.9589838,0.923556
245,102714,0.95662296,0.9284137
246,102929,0.97188,0.8695298
247,102929,0.97188,0.8853789
248,102929,0.9688271,0.9007088
249,102929,0.9675753,0.8958444
250,102929,0.9675753,0.8895986
251,102929,0.95522654,0.873819
252,102935,0.8311829,0.91088235
253,102985,0.6210514,0.8507087
254,103673,0.9641981,0.8592888
255,103673,0.9641981,0.874631
256,103673,0.9688478,0.87832385
257,103673,0.9688478,0.90159726
258,103673,0.9633241,0.9162158
259,103673,0.95945954,0.9159636
260,103673,0.934993,0.8725242
261,103925,0.94206214,0.7532387
262,103925,0.9542321,0.75236845
263,103925,0.9455297,0.84046423
264,103925,0.95165825,0.82706916
265,103925,0.95165825,0.83493525
266,103925,0.94981086,0.84427416
267,103925,0.9542321,0.7681113
268,103925,0.9485755,0.7964959
269,104167,0.96862024,0.9411447
270,104167,0.96862024,0.93431747
271,104167,0.95784473,0.9118516
272,104167,0.95784473,0.9117048
273,104167,0.95081943,0.90305203
274,104167,0.95081943,0.9123171
275,104281,0.96862614,0.8965483
276,104281,0.96862614,0.91755235
277,104281,0.96269107,0.9189654
278,104281,0.9647325,0.9133716
279,104281,0.9647325,0.92290527
280,104281,0.9572379,0.93828815
281,105374,0.9756259,0.90260684
282,105374,0.9756259,0.89786416
283,105555,0.94119287,0.9062635
284,105555,0.94119287,0.89300627
285,105555,0.92766535,0.88698125
286,105937,0.9562415,0.9208076
287,105937,0.9562415,0.93076855
288,105937,0.950427,0.90430206
289,105937,0.94271755,0.88524586
290,106284,0.9048359,0.82652795
291,106284,0.9317727,0.80413234
292,106284,0.9343008,0.8271037
293,106284,0.9343008,0.8534709
294,106442,0.90867865,0.9246767
295,106442,0.90867865,0.8959291
296,106442,0.8506654,0.881104
297,106534,0.8426484,0.8970818
298,106534,0.8426484,0.87720114
299,106665,0.90229607,0.9228627
300,106665,0.9742613,0.9020029
301,106665,0.9742613,0.9066084
302,106665,0.96461916,0.8954696
303,106665,0.9476033,0.8837274
304,106720,0.9674796,0.8950305
305,106720,0.9674796,0.89381814
306,106720,0.96612674,0.87914175
307,106720,0.96768564,0.89049417
308,106720,0.96768564,0.8922573
309,106720,0.9467502,0.8893619
310,106720,0.94242334,0.9006493
311,106914,0.94339705,0.89122057
312,106914,0.94339705,0.9206097
313,106914,0.8965318,0.908222
314,106914,0.85698605,0.89764774
315,107190,0.6348947,0.8578389
316,107248,0.95422834,0.86563164
317,107248,0.95422834,0.853973
318,107248,0.9529437,0.86640257
319,107248,0.9529437,0.86738646
320,107494,0.93148845,0.93009746
321,107494,0.95498526,0.9411447
322,107494,0.9579544,0.9245153
323,107494,0.9579544,0.92587763
324,107494,0.95310956,0.9296055
325,107494,0.94137454,0.91921514
326,108514,0.9478625,0.9126191
327,108514,0.9478625,0.89104325
328,108514,0.94446504,0.8898532
329,108514,0.9555424,0.89042675
330,108514,0.9555424,0.89865047
331,108514,0.93030334,0.9246767
332,108550,0.95285416,0.9025666
333,108550,0.95285416,0.9087591
334,108590,0.9554827,0.9168099
335,108590,0.9554827,0.9150011
336,108945,0.9696598,0.93689364
337,108945,0.9696598,0.92895705
338,108945,0.9634904,0.91597885
339,108945,0.9634904,0.9244061
340,109411,0.6726082,0.9117048
341,109968,0.9647695,0.9197453
342,109968,0.9647695,0.91433203
343,109968,0.96995723,0.93387234
344,109968,0.96995723,0.92063105
345,110116,0.959952,0.89924747
346,110116,0.9668335,0.8919103
347,110116,0.9668335,0.8945704
348,110116,0.8985717,0.8788234
349,111077,0.968683,0.88817143
350,111077,0.968683,0.88346684
351,111077,0.9791663,0.8890399
352,111077,0.9791663,0.8881625
353,111366,0.9332249,0.917792
354,111366,0.95379096,0.9198057
355,111366,0.966605,0.92323136
356,111366,0.966605,0.915257
357,111532,0.96606827,0.9262703
358,111532,0.96606827,0.92143846
359,111532,0.97425854,0.92225564
360,111532,0.97425854,0.92644376
361,111532,0.9671017,0.9284137
362,112002,0.939572,0.8901667
363,112002,0.939572,0.8884588
364,112002,0.940928,0.90136284
365,112002,0.940928,0.88493514
366,112062,0.9580089,0.86994594
367,112062,0.9580089,0.8782267
368,112062,0.9259587,0.87660384
369,112062,0.8894981,0.8576452
370,112252,0.9632759,0.9322298
371,112252,0.9632759,0.92500436
372,112552,0.9384336,0.9458528
373,112552,0.9509337,0.9393357
374,112552,0.9591377,0.93899435
375,112552,0.9630149,0.9327529
376,112552,0.9630149,0.92500436
377,112552,0.9546659,0.9152816
378,112552,0.9546659,0.9172683
379,112648,0.9549475,0.88145834
380,112648,0.9549475,0.88966984
381,112648,0.9424646,0.9019013
382,113435,0.9516382,0.94707805
383,113435,0.96757114,0.9295972
384,113435,0.96757114,0.93941736
385,113435,0.9699185,0.91968066
386,113435,0.9699185,0.92361313
387,113435,0.95285374,0.92383885
388,113435,0.95285374,0.9206097
389,113435,0.9253863,0.9085614
390,113554,0.9671761,0.916574
391,113554,0.9671761,0.9016383
392,113554,0.9483162,0.8919495
393,113805,0.9411617,0.8728411
394,113805,0.9411617,0.88502496
395,114018,0.94168437,0.82335544
396,114018,0.94168437,0.8292043
397,114018,0.9331136,0.79450345
398,114018,0.9331136,0.79189295
399,114359,0.9527565,0.9085289
400,114359,0.9527565,0.9144902
401,114359,0.96100295,0.9262703
402,114359,0.9675865,0.9204191
403,114359,0.9695902,0.93189526
404,114359,0.9695902,0.92959106
405,97607,0.93214893,0.89659345
406,97607,0.93214893,0.9016868
407,97607,0.89347386,0.8828315
408,97737,0.9681459,0.9020676
409,97737,0.9681459,0.8989373
410,97737,0.9640674,0.90546006
411,97737,0.9558689,0.88840663
412,97737,0.9465661,0.91064173
413,97737,0.914711,0.9112762
414,97875,0.98733205,0.9015039
415,97875,0.98733205,0.9056547
416,97875,0.98639995,0.91036034
417,97875,0.9757299,0.91230935
418,97943,0.88745177,0.888611
419,97943,0.88745177,0.90595067
420,97943,0.8274687,0.9112223
421,97943,0.7444611,0.8434671
422,97943,0.65057635,0.8024177
423,98241,0.9371008,0.91359544
424,98241,0.9598365,0.9130393
425,98241,0.9598365,0.91427284
426,98241,0.95146245,0.89425695
427,98241,0.95084,0.8935684
428,98241,0.937652,0.9097653
429,98241,0.937652,0.90700847
430,99017,0.9399955,0.8927075
431,99017,0.9399955,0.88115305
432,99089,0.9818834,0.8886445
433,99089,0.98387504,0.90652406
434,99089,0.98387504,0.9176521
435,99089,0.9787805,0.9221387
436,99089,0.9689281,0.9154034
437,99288,0.7086221,0.9112762
438,99308,0.9507807,0.88854617
439,99308,0.9660307,0.89570343
440,99308,0.9660307,0.89004916
441,99308,0.9494631,0.8761804
442,100360,0.8563361,0.9003144
443,100360,0.8918139,0.8887844
444,100360,0.91572404,0.87433
445,100360,0.9296186,0.8787727
446,100360,0.93779325,0.863904
447,100360,0.93779325,0.86319077
448,100572,0.93666404,0.7310378
449,100572,0.93666404,0.7575131
450,100639,0.938686,0.85166144
451,100639,0.938686,0.8462229
452,100920,0.9020941,0.8598834
453,100920,0.91942847,0.8557167
454,100920,0.91942847,0.84999615
455,101016,0.97786236,0.8095221
456,101016,0.97786236,0.80890185
457,101016,0.973271,0.81667703
458,101016,0.8541812,0.8338328
459,101082,0.94637156,0.8897971
460,101082,0.94637156,0.875119
461,101127,0.9665102,0.81341213
462,101127,0.96805286,0.80722344
463,101127,0.96805286,0.82487327
464,101127,0.9590939,0.838569
465,101797,0.95300245,0.8800894
466,101797,0.9604711,0.84672105
467,101797,0.9604711,0.85144264
468,101797,0.9579891,0.8602712
469,101797,0.95300245,0.8592414
470,101797,0.9141568,0.8690036
471,101801,0.96565604,0.85371614
472,101801,0.9546703,0.82058847
473,101801,0.96565604,0.8454547
474,102420,0.9538859,0.87117916
475,102420,0.9538859,0.83871907
476,102446,0.915226,0.91617256
477,102446,0.915226,0.904294
478,102675,0.9192123,0.9105037
479,102675,0.9192123,0.9042828
480,102714,0.88979435,0.8362971
481,102714,0.90281504,0.84397703
482,102714,0.9157054,0.85292697
483,102714,0.9160626,0.85113955
484,102714,0.9160626,0.8590331
485,102818,0.91211075,0.8679659
486,102818,0.9233674,0.84142196
487,102818,0.9624046,0.82454693
488,102818,0.9624046,0.827221
489,102935,0.54654783,0.86315745
490,102960,0.9379451,0.8456258
491,102960,0.9379451,0.8315837
492,102960,0.9317286,0.82512283
493,102960,0.91714406,0.80101967
494,102960,0.91714406,0.7833696
495,102985,0.5376966,0.80728126
496,103673,0.9328001,0.7056219
497,103673,0.9486675,0.68060094
498,103673,0.9486675,0.68938196
499,103673,0.9435321,0.6822932
500,103673,0.9435321,0.7159004
501,103925,0.88269746,0.7206537
502,103925,0.89799774,0.73991483
503,103925,0.90168464,0.73037255
504,103925,0.90168464,0.7892317
505,104167,0.90007854,0.8416032
506,104167,0.90366125,0.8769137
507,104167,0.9233201,0.8642078
508,104167,0.9306506,0.873953
509,104167,0.9306506,0.85849005
510,104281,0.8239966,0.8828286
511,104281,0.84566474,0.8919542
512,104281,0.88313514,0.88628685
513,104281,0.88313514,0.88648915
514,104695,0.92553264,0.8952995
515,104695,0.97430396,0.8279155
516,104695,0.97430396,0.83285636
517,105374,0.7411827,0.85441524
518,105555,0.90094054,0.82629764
519,105555,0.90094054,0.82082504
520,105937,0.97006226,0.86460537
521,105937,0.97006226,0.8734286
522,105937,0.95706487,0.9011247
523,106284,0.88915443,0.63794625
524,106284,0.88915443,0.67676866
525,106284,0.8813671,0.711623
526,106284,0.8813671,0.7628329
527,106442,0.9149215,0.8835587
528,106442,0.9152863,0.8949235
529,106442,0.9152863,0.9003743
530,106534,0.95412016,0.8893021
531,106534,0.95412016,0.904294
532,106592,,0.8870321
533,106665,0.8961365,0.90266055
534,106665,0.92021155,0.9075829
535,106665,0.93883,0.8812115
536,106665,0.9424864,0.88093364
537,106665,0.95000184,0.8624255
538,106665,0.9551208,0.8291049
539,106665,0.9551208,0.83824205
540,106720,0.59567434,0.837947
541,106720,0.86527836,0.8482702
542,106720,0.86527836,0.873278
543,106914,0.9706231,0.87971646
544,106914,0.9706231,0.88430136
545,106914,0.94276226,0.8945622
546,106914,0.9456576,0.897825
547,106914,0.9456576,0.8939332
548,106914,0.94373155,0.9154044
549,106914,0.927289,0.9041286
550,107190,0.6348947,0.83910304
551,107248,0.88892066,0.76037985
552,107248,0.9061477,0.7621525
553,107248,0.9061477,0.7531214
554,107248,0.91554517,0.76793236
555,107248,0.91554517,0.7916228
556,107494,0.8801142,0.86151564
557,107494,0.9104046,0.86597836
558,107494,0.9320303,0.84830236
559,107494,0.9320303,0.84162927
560,107946,0.8457184,0.9043303
561,107946,0.8592839,0.90828943
562,107946,0.91035086,0.90657586
563,107946,0.91035086,0.8916764
564,108514,0.82803905,0.8819048
565,108514,0.8770149,0.8698827
566,108514,0.88252795,0.87363183
567,108514,0.91558605,0.88694394
568,108514,0.91558605,0.90965223
569,108550,0.9175307,0.84999615
570,108550,0.9175307,0.8557167
571,108590,0.92732465,0.9205356
572,108590,0.92732465,0.91743046
573,108945,0.9235487,0.8872667
574,108945,0.92779136,0.88765234
575,108945,0.9805701,0.86113214
576,108945,0.9805701,0.8549291
577,109350,0.9664341,0.880389
578,109350,0.9664341,0.88471764
579,109411,0.62064373,0.8416032
580,109968,0.91149193,0.8756125
581,109968,0.9288545,0.8796764
582,109968,0.9361237,0.8795348
583,109968,0.9361237,0.8694544
584,110808,0.81165373,0.87866163
585,110808,0.81165373,0.8501013
586,111077,0.9082997,0.8769466
587,111077,0.9082997,0.87961847
588,111077,0.8910556,0.87680066
589,111366,0.910619,0.7617403
590,111366,0.910619,0.7808497
591,111366,0.8718111,0.811495
592,111366,0.85079676,0.8503835
593,111532,0.9360201,0.9018099
594,111532,0.9576684,0.8938162
595,111532,0.9576684,0.8893021
596,111696,,0.85201573
597,111710,0.9554136,0.89025164
598,111710,0.9554136,0.884768
599,112002,0.84932935,0.841382
600,112002,0.87162143,0.8113559
601,112002,0.9239905,0.76955086
602,112002,0.9239905,0.7554225
603,112062,0.9114139,0.8400964
604,112062,0.92363834,0.83108324
605,112062,0.92363834,0.813847
606,112252,0.95284206,0.88374
607,112252,0.95284206,0.8755312
608,112552,0.92482924,0.88107675
609,112552,0.9352928,0.8837744
610,112552,0.9352928,0.8897914
611,112552,0.9345202,0.8679468
612,112552,0.90547824,0.8683626
613,112552,0.885522,0.8581055
614,112552,0.8408277,0.84589654
615,112648,0.88087964,0.8769137
616,112648,0.9113169,0.8784929
617,112648,0.9259665,0.88620937
618,112648,0.9259665,0.88370883
619,112650,0.890939,0.87139994
620,112650,0.890939,0.8394991
621,113098,0.9178589,0.81497216
622,113098,0.9178589,0.82836944
623,113098,0.9156296,0.81641555
624,113098,0.90777457,0.8271441
625,113435,0.92900467,0.8967332
626,113435,0.92900467,0.9170081
627,113435,0.9546535,0.9074841
628,113435,0.97566557,0.89923596
629,113435,0.97566557,0.9031592
630,113435,0.9541156,0.9205356
631,113554,0.9322438,0.90174687
632,113554,0.9560193,0.8800559
633,113554,0.96504605,0.8751955
634,113554,0.96504605,0.869644
635,113614,0.8449435,0.84543216
636,113614,0.8449435,0.84263766
637,113614,0.79134476,0.8763457
638,113614,0.74210894,0.8420525
639,113805,0.66064847,0.89767087
640,113971,0.9289697,0.8553101
641,113971,0.9289697,0.84654415
642,114018,0.9181466,0.7914226
643,114018,0.9181466,0.74844706
644,114018,0.9146139,0.76635265
645,114018,0.92315215,0.7591097
646,114018,0.92315215,0.76890314
647,114018,0.92230463,0.7420864
648,114359,0.85468584,0.8936617
649,114359,0.82195115,0.90239716
650,114359,0.8857881,0.8989551
651,114359,0.9279922,0.8964793
652,114359,0.9391564,0.9001479
653,114359,0.9417053,0.89459825
654,114359,0.9417053,0.90537786
655,114417,0.9194356,0.845114
656,114417,0.9286877,0.8280754
657,114417,0.9286877,0.77512556
658,114417,0.92291325,0.7515339
659,97374,0.9530815,0.827221
660,97374,0.9530815,0.8206962
661,97374,0.943624,0.826337
662,97374,0.9193193,0.8604494
663,97374,0.9073975,0.87315804
664,97607,0.9371957,0.921061
665,97607,0.9467683,0.90619236
666,97607,0.95699835,0.90537786
667,97607,0.95699835,0.8879477
668,97737,0.9550967,0.83904856
669,97737,0.9627415,0.8424704
670,97737,0.9627415,0.82567924
671,97737,0.9718065,0.78706515
672,97737,0.9718065,0.78900886
673,97793,,0.87701106
674,97875,0.75522095,0.8773708
675,97943,0.9034832,0.9050407
676,97943,0.93344665,0.921061
677,97943,0.93344665,0.9027739
678,97943,0.93184066,0.8948522
679,97943,0.93184066,0.87632245
680,98241,0.8899586,0.88988656
681,98241,0.89996517,0.8609184
682,98241,0.93047523,0.8768917
683,98241,0.93047523,0.88087344
684,98241,0.9252809,0.8583496
685,98241,0.9252809,0.8484633
686,99017,0.9094037,0.8812115
687,99017,0.9094037,0.88093364
688,99089,0.9500637,0.85953784
689,99089,0.9573798,0.8865732
690,99089,0.9573798,0.9024466
691,99089,0.9543129,0.8945419
692,99089,0.9526534,0.89025164
693,99162,0.9075319,0.86482656
694,99162,0.94724196,0.85175633
695,99162,0.94724196,0.84229577
696,99288,0.60849553,0.86827195
697,99308,0.9531181,0.8673805
698,99308,0.9531181,0.8823126
699,99308,0.94100857,0.89954877
700,99308,0.9334769,0.8864503
701,99308,0.8792929,0.8769466
702,99308,0.83614814,0.88144267
703,99815,0.93711376,0.7598664
704,99815,0.9422745,0.7603407
705,99815,0.9422745,0.77082247
706,99815,0.9116738,0.7839078
707,99815,0.8994584,0.78518534
708,99815,0.8820324,0.75704217
709,105936,0.96929604,0.7099863
710,105936,0.9741115,0.7408349
711,105936,0.9741115,0.74764633
712,106062,0.9709147,0.8364321
713,106062,0.9709147,0.819922
714,106062,0.9692105,0.7909481
715,100820,0.97753096,0.9390157
716,100820,0.97588795,0.9424393
717,100820,0.9698185,0.9582958
718,101020,0.9658535,0.92171067
719,101020,0.9658535,0.92655444
720,101020,0.9758176,0.92484087
721,101020,0.9758176,0.91777015
722,102075,0.97179544,0.89769477
723,102075,0.97929394,0.9185379
724,102075,0.97929394,0.92183745
725,103148,0.97992706,0.96786886
726,103148,0.986869,0.9703533
727,103148,0.98997736,0.96529585
728,103148,0.98997736,0.95895576
729,106494,0.9805663,0.94047886
730,106494,0.981337,0.941905
731,106494,0.9813421,0.9403923
732,106494,0.9813421,0.94261336
733,106494,0.9660385,0.9341472
734,106494,0.9640302,0.9348191
735,107747,0.95232844,0.94581574
736,107747,0.95232844,0.9525231
737,107747,0.9322634,0.96873665
738,107747,0.90782017,0.9560089
739,107747,0.87360007,0.9650155
740,112105,0.9673377,0.8780463
741,112105,0.98849034,0.88254404
742,112105,0.98849034,0.8922958
743,112105,0.9845147,0.888709
744,112105,0.9845147,0.8946425
745,112105,0.9718944,0.9029653
746,112105,0.94723666,0.8934178
747,100820,0.92901623,0.9106316
748,100820,0.92901623,0.9097156
749,100820,0.9501296,0.9355162
750,100820,0.9574276,0.9359519
751,100820,0.9574276,0.9280477
752,100820,0.94993234,0.93559474
753,101020,0.94338524,0.8688533
754,101020,0.9583689,0.8808085
755,101020,0.9583689,0.8842254
756,101020,0.9385606,0.8758296
757,101020,0.91391164,0.84739685
758,101020,0.89924216,0.864944
759,101020,0.8604456,0.85806346
760,101020,0.7997785,0.8377242
761,102075,0.9405656,0.90856385
762,102075,0.95048505,0.9044946
763,102075,0.95048505,0.9097653
764,103148,0.9559151,0.923556
765,103148,0.9580091,0.9296919
766,103148,0.9580091,0.9273236
767,103148,0.94145936,0.9091171
768,106494,0.94294196,0.9152954
769,106494,0.94294196,0.92064846
770,106494,0.9567028,0.901653
771,106494,0.9567028,0.91053885
772,106494,0.9545059,0.92063105
773,107747,0.9653251,0.8873488
774,107747,0.9686643,0.88752425
775,107747,0.9686643,0.88973296
776,107747,0.96125865,0.8988306
777,107747,0.9605104,0.8951458
778,107747,0.9605104,0.8975779
779,112027,0.9235141,0.85157186
780,112027,0.9235141,0.8679659
781,112105,0.9520663,0.89536124
782,112105,0.9520663,0.9097014
783,112105,0.94790167,0.9238818
784,112105,0.9670609,0.9077669
785,112105,0.97525656,0.9241453
786,112105,0.97525656,0.9258451
787,112105,0.9694369,0.9361157
788,112105,0.9694369,0.94707805
789,112105,0.95318764,0.92292595
790,112105,0.95318764,0.92560506
791,112105,0.94790167,0.92659044
792,88670,0.9536835,0.9458528
793,88670,0.96923697,0.93689364
794,88670,0.9789697,0.93189526
795,88670,0.9789697,0.9405558
796,88670,0.9655148,0.9298566
797,88670,0.9586792,0.8988086
798,88670,0.9586792,0.8982888
799,90284,0.95073336,0.9323993
800,90284,0.95293856,0.9295972
801,90284,0.9621314,0.93941736
802,90284,0.9621314,0.9217181
803,90284,0.96390986,0.91968066
804,90284,0.96390986,0.9090475
805,90284,0.9636424,0.9047488
806,90284,0.9636424,0.90368634
807,92897,0.96358347,0.9405558
808,92897,0.96358347,0.9298566
809,93825,0.95622146,0.91977245
810,93825,0.9623981,0.92587763
811,93825,0.9623981,0.9338853
812,97609,0.93813074,0.88147426
813,97609,0.93813074,0.878152
814,97609,0.9434108,0.8939627
815,97609,0.96351385,0.9086341
816,97609,0.96351385,0.9064841
817,97609,0.8979116,0.9142884
818,100416,0.88620377,0.92942065
819,100416,0.8900262,0.88087463
820,100416,0.91339695,0.87879837
821,100416,0.91339695,0.86395603
822,100820,0.88741124,0.8561684
823,100820,0.9047634,0.85244894
824,100820,0.9047634,0.87151474
825,100820,0.94280034,0.87112755
826,100820,0.94280034,0.8888659
827,100820,0.9354969,0.885627
828,101020,0.89451325,0.792429
829,101020,0.91677463,0.81342226
830,101020,0.91677463,0.8193158
831,101020,0.90886706,0.82758915
832,101020,0.8865095,0.87432563
833,101020,0.863885,0.92942065
834,101384,0.9225282,0.9021693
835,101384,0.9225282,0.89460194
836,101384,0.9178835,0.8914608
837,102075,0.78719825,0.90239716
838,102075,0.85951865,0.90051675
839,102075,0.85951865,0.9050407
840,103148,0.9325637,0.90965223
841,103148,0.9445671,0.90207595
842,103148,0.9445671,0.89460194
843,103148,0.93480074,0.9024466
844,105653,0.9283006,0.85201573
845,105653,0.9283006,0.83893216
846,106494,0.738271,0.8884504
847,106494,0.7869177,0.7714704
848,106494,0.84819746,0.8567205
849,106494,0.8881024,0.8361494
850,106494,0.9139992,0.87802196
851,106494,0.9248409,0.862373
852,106494,0.9248409,0.8660581
853,107747,0.8944776,0.89836645
854,107747,0.9436345,0.8879358
855,107747,0.9437565,0.8684845
856,107747,0.9437565,0.83845216
857,108479,0.96756124,0.81111455
858,108479,0.96756124,0.8065407
859,112105,0.84905964,0.8851037
860,112105,0.8844743,0.86182547
861,112105,0.90078187,0.8906255
862,112105,0.90078187,0.87943286
863,112105,0.8988349,0.869015
864,112105,0.8975221,0.87208617
865,88670,0.86700237,0.81017643
866,88670,0.89412344,0.7858261
867,88670,0.9105254,0.8160343
868,88670,0.933162,0.79800934
869,88670,0.933162,0.83455044
870,90284,0.9052299,0.8814296
871,90284,0.91985846,0.8372746
872,90284,0.80998766,0.89585686
873,90284,0.9028909,0.841382
874,90284,0.95557034,0.7816099
875,90284,0.95557034,0.79397005
876,90284,0.9512632,0.8123495
877,90284,0.9233186,0.8672515
878,90284,0.9233186,0.8902424
879,90284,0.882289,0.8897914
880,90284,0.86358225,0.87879837
881,92897,0.9053907,0.8327534
882,92897,0.9053907,0.8519515
883,93329,0.9511106,0.873953
884,93329,0.9511106,0.869924
885,93329,0.9466895,0.85849005
886,93329,0.964517,0.8443788
887,93329,0.964517,0.8334186
888,93825,0.9220326,0.88775223
889,93825,0.9220326,0.9042828
890,93825,0.9012286,0.9105037
891,93825,0.87298274,0.92028666
892,94731,0.9357003,0.84654415
893,94731,0.9357003,0.8553101
894,94731,0.9227833,0.84017986
895,95142,0.9539214,0.6957802
896,95142,0.9368331,0.6954664
897,95142,0.9539214,0.69893765
898,95142,0.9120889,0.7111627
899,95142,0.88016117,0.71089774
900,95142,0.88016117,0.73774606
901,95142,0.87826437,0.7572256
902,95142,0.87826437,0.7852543
903,95142,0.8640734,0.7991213
904,96587,0.88104856,0.87961847
905,96587,0.8993999,0.86566216
906,96587,0.93956494,0.86451083
907,96587,0.93956494,0.865158
908,97609,0.9166722,0.90044266
909,97609,0.9207797,0.89489335
910,97609,0.93794703,0.90360904
911,97609,0.93794703,0.89774394
912,98889,0.85781574,0.8594961
913,98889,0.8943902,0.8520296
914,98889,0.8974842,0.84543216
915,98889,0.9179982,0.82728237
916,98889,0.93643403,0.82303995
917,98889,0.93643403,0.80507725
918,105936,0.9692122,0.8332107
919,105936,0.9692122,0.82537454
920,105936,0.9672793,0.8145141
921,105936,0.9533624,0.8197751
922,106062,0.9692105,0.7738567
923,106062,0.96384203,0.7602343
924,106062,0.96513593,0.7438902
925,106062,0.96513593,0.76269084
926,107495,0.97897995,0.9062857
927,107495,0.97994435,0.91047686
928,107495,0.98223144,0.9079566
929,107495,0.9824754,0.8996929
930,107495,0.98425174,0.89689875
931,107495,0.9875165,0.892303
932,107495,0.9875165,0.88116753
933,107429,0.9797409,0.93438333
934,107429,0.9827436,0.933713
935,107429,0.9827436,0.9384054
936,107429,0.9776721,0.9382816
937,107429,0.9827012,0.9280837
938,107429,0.9827012,0.93318254
939,107505,0.96674895,0.8735314
940,107505,0.9696144,0.8816118
941,107505,0.9767103,0.9025062
942,107505,0.9855161,0.9148542
943,107505,0.9855161,0.9197451
944,107505,0.9851208,0.92097193
945,107505,0.98307943,0.9161562
946,107743,0.97240746,0.89849865
947,107743,0.9777597,0.91047686
948,107743,0.98417664,0.89864403
949,107743,0.98417664,0.88926774
950,108858,0.9685229,0.8891319
951,108858,0.9838352,0.9003892
952,108858,0.9853002,0.9155884
953,108858,0.9853002,0.92248684
954,108858,0.9846727,0.9286192
955,108931,0.9740633,0.80303895
956,108931,0.9740633,0.8121984
957,108931,0.9691614,0.8155659
958,109471,0.95580816,0.89538205
959,109471,0.9782419,0.9077889
960,109471,0.9782419,0.91565406
961,109471,0.97212976,0.907619
962,109769,0.98049116,0.8978845
963,109769,0.9815501,0.8938214
964,109769,0.9815501,0.89803445
965,109769,0.9814186,0.89689875
966,109898,0.9737557,0.8458352
967,109898,0.9805801,0.8659925
968,109898,0.9847278,0.86737865
969,109898,0.98561347,0.8847829
970,109898,0.98561347,0.87833494
971,109898,0.9811901,0.8794412
972,110518,0.97519183,0.8975894
973,110518,0.97519183,0.90730697
974,110537,0.94790006,0.8949407
975,110537,0.94790006,0.90130943
976,110993,0.9663876,0.849283
977,110993,0.97495234,0.8475163
978,110993,0.97495234,0.84079665
979,110993,0.9734194,0.8565974
980,111075,0.9544002,0.8119872
981,111075,0.9672797,0.8611284
982,111075,0.96913296,0.8764627
983,111075,0.97354037,0.872443
984,111075,0.97949433,0.87920535
985,111075,0.97949433,0.8796765
986,111125,0.97841704,0.8972526
987,111125,0.97841704,0.89467674
988,111125,0.9776616,0.88948387
989,111125,0.9754071,0.8922409
990,111785,0.9806102,0.87851006
991,111785,0.98094296,0.87199265
992,111785,0.9810139,0.87724644
993,111785,0.9810139,0.88957465
994,112074,0.9264467,0.8583492
995,112074,0.95871204,0.87942946
996,112074,0.97327435,0.90990335
997,112074,0.97327435,0.9303112
998,112649,0.9687525,0.88244766
999,112649,0.9795524,0.9082244
1000,112649,0.9814366,0.91938776
1001,112649,0.9836848,0.9216813
1002,112649,0.9836848,0.9286192
1003,112746,0.9805391,0.9259778
1004,112746,0.9825609,0.9382551
1005,112746,0.9825609,0.9478829
1006,112847,0.98192835,0.9101113
1007,112847,0.98994833,0.91569257
1008,112847,0.98994833,0.92388636
1009,112847,0.98815984,0.926275
1010,113274,0.96992636,0.85663754
1011,113274,0.9704683,0.87080425
1012,113274,0.9704683,0.86126256
1013,113741,0.9835938,0.9287273
1014,113741,0.9835938,0.9354086
1015,114040,0.97530556,0.8978738
1016,114040,0.9809729,0.9077889
1017,114040,0.9809729,0.908196
1018,114361,0.97439516,0.9390994
1019,114361,0.99131125,0.9222294
1020,114361,0.99131125,0.9204558
1021,114094,0.9611286,0.8718577
1022,114094,0.96557224,0.87771237
1023,114094,0.9799485,0.899777
1024,114094,0.9799485,0.9178648
1025,101017,0.97202826,0.7723527
1026,101017,0.97349423,0.77052754
1027,101017,0.977551,0.7833812
1028,101017,0.97926795,0.7700662
1029,101017,0.97926795,0.7430014
1030,101029,0.9738523,0.8381093
1031,101029,0.9800773,0.8472668
1032,101029,0.9800773,0.86383224
1033,101029,0.9791415,0.8791356
1034,105936,0.9533624,0.8061025
1035,106062,0.97806334,0.831275
1036,106062,0.9814428,0.82712334
1037,106062,0.9814428,0.8292254
1038,106062,0.97348887,0.8155841
1039,106062,0.97341466,0.8065478
1040,106062,0.9654257,0.8103257
1041,106062,0.94744563,0.8170465
1042,107495,0.97367734,0.9062544
1043,107495,0.97591376,0.9056294
1044,107495,0.97591376,0.908877
1045,107495,0.9702753,0.9202889
1046,107495,0.9657718,0.9163576
1047,107429,0.96681005,0.8931401
1048,107429,0.9708503,0.8860481
1049,107429,0.9740118,0.88167423
1050,107429,0.9740118,0.8774118
1051,107429,0.96794665,0.88450146
1052,107429,0.95317006,0.8916851
1053,107429,0.9316841,0.8718966
1054,107505,0.9832504,0.9193449
1055,107505,0.9832504,0.9201755
1056,107505,0.97234476,0.9252412
1057,107505,0.96954113,0.9336457
1058,107505,0.96502125,0.9139781
1059,107743,0.9792919,0.9119179
1060,107743,0.9792919,0.9193449
1061,107743,0.9770881,0.9170173
1062,107743,0.9770881,0.9208356
1063,107743,0.9684239,0.9166287
1064,107743,0.9684239,0.9147815
1065,108858,0.97553295,0.9406513
1066,108858,0.97553295,0.93968266
1067,108858,0.9724525,0.9367337
1068,108858,0.964153,0.9028222
1069,108858,0.96231544,0.8679475
1070,108931,0.97627217,0.84225005
1071,108931,0.97627217,0.83124804
1072,108931,0.97242874,0.8226854
1073,108931,0.9669894,0.81669164
1074,108931,0.9299369,0.82632977
1075,108931,0.93542707,0.79068637
1076,108931,0.93542707,0.7835949
1077,109471,0.97712266,0.8939455
1078,109471,0.9787238,0.89924747
1079,109471,0.98362887,0.8980138
1080,109471,0.98362887,0.9060442
1081,109471,0.9816146,0.9121743
1082,109471,0.9790221,0.89645594
1083,109769,0.97041523,0.89172554
1084,109769,0.97041523,0.89094967
1085,109769,0.96240604,0.88741356
1086,109769,0.9527309,0.88735193
1087,109769,0.9456636,0.86458
1088,109898,0.9785361,0.87366337
1089,109898,0.9785361,0.8834405
1090,109898,0.9771729,0.88509
1091,109898,0.97603786,0.89214116
1092,109898,0.97462523,0.898363
1093,109898,0.9662224,0.90716434
1094,110518,0.96772575,0.7957014
1095,110518,0.9702513,0.80083084
1096,110518,0.9702513,0.8396353
1097,110518,0.970209,0.8472009
1098,110518,0.9700754,0.86012626
1099,110518,0.9663223,0.8397303
1100,110537,0.9839401,0.92898947
1101,110537,0.9839401,0.9234128
1102,110537,0.9830777,0.91322404
1103,110537,0.97430927,0.89844704
1104,110537,0.97143406,0.90694594
1105,110537,0.97143406,0.90428454
1106,110537,0.96531105,0.8672143
1107,110993,0.9751773,0.78654975
1108,110993,0.981523,0.7933875
1109,110993,0.981523,0.78297454
1110,110993,0.9806981,0.78860044
1111,110993,0.9806981,0.77130854
1112,111075,0.9176996,0.8413403
1113,111075,0.9761104,0.8490583
1114,111075,0.9768405,0.86656064
1115,111075,0.9768405,0.8710974
1116,111075,0.97343004,0.8689333
1117,111075,0.96280646,0.84515303
1118,111125,0.9771725,0.85641813
1119,111125,0.9771725,0.84986925
1120,111125,0.982592,0.86031425
1121,111125,0.982592,0.861999
1122,111125,0.98079515,0.86469984
1123,111125,0.9798145,0.8614844
1124,111785,0.966874,0.8930576
1125,111785,0.97507274,0.89445037
1126,111785,0.97507274,0.897829
1127,111785,0.9647033,0.8885744
1128,111785,0.963173,0.8837656
1129,112074,0.974463,0.8987838
1130,112074,0.9778273,0.89091605
1131,112074,0.9778273,0.90229744
1132,112074,0.975022,0.9053271
1133,112074,0.975022,0.9103447
1134,112649,0.9804168,0.91488105
1135,112649,0.9804168,0.90904367
1136,112649,0.97875684,0.90401006
1137,112649,0.97677904,0.9116111
1138,112649,0.97677904,0.9052465
1139,112649,0.9665648,0.8950072
1140,112746,0.9796581,0.83454496
1141,112746,0.9838983,0.85544926
1142,112746,0.9838983,0.85945415
1143,112746,0.9742184,0.86012626
1144,112847,0.9791393,0.8925602
1145,112847,0.97937936,0.9068241
1146,112847,0.97937936,0.91014457
1147,112847,0.9688842,0.89844596
1148,113274,0.9818325,0.85078835
1149,113274,0.98460877,0.84513944
1150,113274,0.98460877,0.8451477
1151,113741,0.9687414,0.9208356
1152,113741,0.96915704,0.92933446
1153,113741,0.96915704,0.9336457
1154,114040,0.9721532,0.9406513
1155,114040,0.9721532,0.93968266
1156,114040,0.97071487,0.9367337
1157,114361,0.9740033,0.91820484
1158,114361,0.9768833,0.91871274
1159,114361,0.9774935,0.90770435
1160,114361,0.9774935,0.90465575
1161,114094,0.96208644,0.86250055
1162,114094,0.96208644,0.86855096
1163,114094,0.95892745,0.8849348
1164,114094,0.95892745,0.88105476
1165,114094,0.94924283,0.8630689
1166,105936,0.95166636,0.7255399
1167,105936,0.9560761,0.71879435
1168,105936,0.9560761,0.7156078
1169,106062,0.94472855,0.6981272
1170,106062,0.9561162,0.7215061
1171,106062,0.9497775,0.7021301
1172,106062,0.9381239,0.69437295
1173,106062,0.95827013,0.7252419
1174,106062,0.95827013,0.71704227
1175,106062,0.94981146,0.7098857
1176,107495,0.94433963,0.77448046
1177,107495,0.94501567,0.7463842
1178,107495,0.9432619,0.7598999
1179,107495,0.95578754,0.7577094
1180,107495,0.9606124,0.7763071
1181,107495,0.9606124,0.77038944
1182,107429,0.9354634,0.8709986
1183,107429,0.95884407,0.8747225
1184,107429,0.95939755,0.8764863
1185,107429,0.9641992,0.86395913
1186,107429,0.9641992,0.86829096
1187,107429,0.95939755,0.8665022
1188,107429,0.95884407,0.8858518
1189,107505,0.9454071,0.7801307
1190,107505,0.9454071,0.77104807
1191,107505,0.9521855,0.763611
1192,107505,0.96509516,0.80170864
1193,107505,0.96509516,0.79839236
1194,107743,0.9591081,0.85760874
1195,107743,0.9591081,0.86603814
1196,107743,0.9466033,0.8542817
1197,107743,0.937415,0.8560575
1198,108858,0.9583366,0.81933
1199,108858,0.9653145,0.81362283
1200,108858,0.9700068,0.8171916
1201,108858,0.9707783,0.8259051
1202,108858,0.9707783,0.8427781
1203,108931,0.9007354,0.6090572
1204,108931,0.8742732,0.6277336
1205,108931,0.8742732,0.56488895
1206,108931,0.84044755,0.587054
1207,108931,0.9007354,0.6135987
1208,109471,0.96081924,0.85344034
1209,109471,0.96081924,0.84053123
1210,109471,0.9494364,0.8216708
1211,109471,0.95377487,0.8355929
1212,109471,0.95377487,0.8259288
1213,109471,0.94061244,0.83004963
1214,109769,0.935398,0.75835156
1215,109769,0.9307344,0.7340434
1216,109769,0.9206954,0.70657766
1217,109769,0.9206954,0.710522
1218,109769,0.935398,0.74267906
1219,109898,0.9189058,0.8560575
1220,109898,0.9476877,0.85760874
1221,109898,0.9476877,0.86603814
1222,110518,0.96293634,0.7195834
1223,110518,0.96293634,0.70421815
1224,110518,0.96223265,0.7200174
1225,110518,0.95831525,0.72687995
1226,110537,0.9739351,0.783676
1227,110537,0.9739351,0.7785611
1228,110537,0.9714383,0.7837957
1229,110537,0.9714383,0.7854864
1230,110993,0.8946884,0.6459343
1231,110993,0.9397871,0.6002371
1232,110993,0.9397871,0.61591285
1233,111075,0.96889913,0.8114454
1234,111075,0.96889913,0.80564505
1235,111075,0.9429189,0.80361
1236,111075,0.95907104,0.8309843
1237,111075,0.95907104,0.8435761
1238,111125,0.92692256,0.7498896
1239,111125,0.9409926,0.73842525
1240,111125,0.96830976,0.7411534
1241,111125,0.96830976,0.749903
1242,111785,0.9625652,0.7514761
1243,111785,0.96689296,0.74742985
1244,111785,0.96689296,0.7335317
1245,111785,0.95194757,0.73629993
1246,112074,0.9818093,0.7317455
1247,112074,0.9764722,0.7151852
1248,112074,0.9438982,0.7063241
1249,112074,0.9764722,0.719096
1250,112074,0.9818093,0.74698836
1251,112649,0.95412666,0.8278146
1252,112649,0.95412666,0.8427781
1253,112649,0.9423716,0.8132484
1254,112649,0.95525956,0.8185036
1255,112649,0.95525956,0.8219142
1256,112746,0.9624121,0.7498896
1257,112746,0.97783494,0.74861264
1258,112746,0.97783494,0.749903
1259,112746,0.9647049,0.7322151
1260,112746,0.9624121,0.7491237
1261,112847,0.95214355,0.8039101
1262,112847,0.94508183,0.7995183
1263,112847,0.9585885,0.82156545
1264,112847,0.9585885,0.81887877
1265,112847,0.943815,0.8121482
1266,113274,0.94180423,0.84076667
1267,113274,0.97605234,0.84107673
1268,113274,0.97605234,0.84162927
1269,113274,0.96513927,0.8380164
1270,113741,0.95490766,0.75736856
1271,113741,0.95490766,0.74872714
1272,113741,0.90032434,0.74386847
1273,114040,0.9451608,0.83999354
1274,114040,0.9451608,0.83067715
1275,114040,0.93736637,0.8214504
1276,114361,0.95608044,0.8491321
1277,114361,0.9718607,0.83635294
1278,114361,0.9718607,0.8496198
1279,114094,0.94601226,0.7704285
1280,114094,0.9524763,0.77443033
1281,114094,0.9644518,0.78364056
1282,114094,0.9644518,0.7938092
1283,101029,0.9813459,0.88166517
1284,101029,0.9813459,0.89149046
1285,101145,0.98888004,0.9048433
1286,101145,0.990887,0.91194385
1287,101145,0.9925573,0.91937554
1288,101145,0.9925573,0.92622304
1289,101305,0.97060657,0.8503636
1290,101305,0.9789778,0.85827136
1291,101305,0.9789778,0.8760504
1292,101305,0.9751898,0.8959539
1293,101724,0.9791746,0.91399246
1294,101724,0.9791746,0.91058683
1295,102648,0.98028487,0.8539288
1296,102648,0.9862479,0.85510176
1297,102648,0.9862479,0.858712
1298,102648,0.9796032,0.86591595
1299,102648,0.97830915,0.87221396
1300,102648,0.97588754,0.8689298
1301,103046,0.97245246,0.8350127
1302,103046,0.9790993,0.8616332
1303,103046,0.9790993,0.8730775
1304,103257,0.9772861,0.8654767
1305,103257,0.9821434,0.8812862
1306,103257,0.9856763,0.8886981
1307,103257,0.9869711,0.8913461
1308,103257,0.9869711,0.891776
1309,103257,0.9854325,0.88721406
1310,103478,0.98536944,0.9257597
1311,103478,0.98536944,0.9273806
1312,103478,0.9850366,0.926275
1313,103478,0.98113745,0.9219653
1314,103478,0.96856844,0.91068417
1315,103478,0.9734111,0.90129155
1316,103478,0.9734111,0.9066002
1317,103582,0.9778413,0.92402494
1318,103582,0.97869074,0.93291605
1319,103582,0.97869074,0.93774027
1320,103582,0.97631764,0.93777186
1321,103582,0.9835898,0.9253067
1322,103582,0.9835898,0.9294122
1323,103670,0.9861015,0.889841
1324,103670,0.9861015,0.8784398
1325,103670,0.97819066,0.86912143
1326,103671,0.9694525,0.9383997
1327,103671,0.9750341,0.9478829
1328,103671,0.9801553,0.93777186
1329,103671,0.9801553,0.9313631
1330,103731,0.9751652,0.8764627
1331,103731,0.9751652,0.87627953
1332,103731,0.9819101,0.9016845
1333,103731,0.9870023,0.91263884
1334,103731,0.9875176,0.92097193
1335,103731,0.9875176,0.91953576
1336,103731,0.9834203,0.9161562
1337,103731,0.9828526,0.9148972
1338,103731,0.97724795,0.90110475
1339,103731,0.97724795,0.8989187
1340,103837,0.96744776,0.8331849
1341,103837,0.97883755,0.86335367
1342,103837,0.98764396,0.87618124
1343,103837,0.98764396,0.8942544
1344,103837,0.98560023,0.9019426
1345,103837,0.9826229,0.8999529
1346,103837,0.9785292,0.87903273
1347,103837,0.9785292,0.87643325
1348,104019,0.9746103,0.9128454
1349,104019,0.98360157,0.9044138
1350,104019,0.98360157,0.911822
1351,104019,0.98225045,0.91853505
1352,104558,0.9137639,0.8135185
1353,104558,0.9352152,0.8597975
1354,104558,0.9579111,0.86807734
1355,104558,0.9611839,0.8587123
1356,104558,0.9617866,0.858084
1357,104558,0.9715428,0.87424266
1358,104558,0.9828508,0.8785825
1359,104558,0.9828508,0.8784102
1360,104684,0.97257674,0.80264163
1361,104684,0.9750134,0.83058053
1362,104684,0.9750134,0.8693642
1363,104684,0.9735131,0.90254784
1364,104684,0.98164034,0.9090726
1365,104684,0.9838865,0.9040508
1366,104684,0.9838865,0.9031777
1367,104684,0.9858919,0.9079566
1368,104684,0.9858919,0.8953845
1369,104912,0.98032004,0.89509267
1370,104912,0.9848071,0.9019426
1371,104912,0.9856682,0.89657384
1372,104912,0.9856682,0.893248
1373,104912,0.98369616,0.892902
1374,105187,0.9824214,0.9273806
1375,105187,0.9888702,0.92704386
1376,105187,0.9888702,0.9219653
1377,105187,0.9850735,0.9140715
1378,105475,0.9762697,0.8804696
1379,105475,0.9762697,0.890532
1380,105538,0.9658469,0.8638016
1381,105538,0.96747136,0.85649496
1382,105538,0.96747136,0.8526171
1383,105638,0.97794414,0.8613209
1384,105638,0.97794414,0.87086064
1385,105638,0.9744547,0.86183494
1386,97416,0.9837501,0.9146769
1387,97416,0.98681915,0.90120035
1388,97416,0.9888569,0.90107095
1389,97416,0.9888569,0.90132177
1390,97416,0.985573,0.9003534
1391,97416,0.985573,0.9067668
1392,97416,0.9800846,0.9094929
1393,97416,0.9858506,0.91596967
1394,97416,0.9858506,0.9191793
1395,97461,0.97858834,0.8782935
1396,97461,0.97858834,0.8862119
1397,97461,0.97546744,0.91461414
1398,97461,0.97822684,0.9327776
1399,97461,0.98019373,0.93438333
1400,97461,0.98019373,0.9384054
1401,97461,0.98219275,0.9382816
1402,97461,0.9842301,0.9280837
1403,97461,0.9842301,0.93318254
1404,97481,0.9739767,0.8747778
1405,97481,0.9739767,0.87236315
1406,97481,0.97381294,0.8868633
1407,97481,0.9724562,0.8999137
1408,97599,0.9793433,0.87843525
1409,97599,0.9793433,0.88853854
1410,97890,0.9810021,0.91462266
1411,97890,0.9810021,0.9154069
1412,97890,0.9769865,0.9247925
1413,97890,0.9769865,0.9390994
1414,98472,0.9849261,0.8962565
1415,98472,0.98778766,0.90220046
1416,98472,0.98778766,0.89873517
1417,98472,0.98537135,0.8938092
1418,98472,0.9861226,0.9011382
1419,98472,0.9861226,0.89723486
1420,98472,0.97936845,0.89467305
1421,98652,0.9872705,0.9354086
1422,98652,0.9872705,0.9350591
1423,98652,0.98719245,0.92951
1424,98871,0.9786856,0.8849521
1425,98871,0.98337054,0.89396423
1426,98871,0.98337054,0.8972526
1427,98871,0.97595036,0.9067668
1428,98871,0.9736936,0.9107012
1429,98871,0.9736936,0.9191793
1430,98874,0.9858856,0.9205982
1431,98874,0.9858856,0.92622304
1432,98874,0.9785284,0.9208373
1433,98874,0.9785284,0.9272564
1434,98874,0.97497654,0.9294122
1435,98992,0.9608321,0.90062654
1436,98992,0.9608321,0.91927004
1437,98992,0.96544516,0.922795
1438,98992,0.9815394,0.9322128
1439,98992,0.9887967,0.9245026
1440,98992,0.9923659,0.9221454
1441,98992,0.9923659,0.9217334
1442,98995,0.973085,0.8946
1443,98995,0.97339284,0.89686763
1444,98995,0.97842216,0.89803445
1445,98995,0.97842216,0.8821049
1446,98995,0.9684998,0.87719786
1447,99223,0.9476005,0.87177336
1448,99223,0.9644521,0.8813287
1449,99223,0.97113645,0.8905242
1450,99223,0.97113645,0.90540266
1451,99223,0.9708848,0.9074536
1452,99223,0.9669982,0.9146172
1453,99223,0.9644163,0.9152361
1454,99223,0.9813754,0.9132313
1455,99223,0.9813754,0.91853505
1456,101017,0.9714514,0.82917637
1457,101017,0.9714514,0.8227786
1458,101017,0.968496,0.8332107
1459,101017,0.9643596,0.82537454
1460,101017,0.9643596,0.8145141
1461,101017,0.9501604,0.8197751
1462,101029,0.97740114,0.8709428
1463,101029,0.9797162,0.8640828
1464,101029,0.98193425,0.85664713
1465,101029,0.98193425,0.84469706
1466,101029,0.98102844,0.82926774
1467,101029,0.9764346,0.81506896
1468,101145,0.9827714,0.88129467
1469,101145,0.9860538,0.8919103
1470,101145,0.9860538,0.89300066
1471,101145,0.98369634,0.8928192
1472,101305,0.9700967,0.8806642
1473,101305,0.9700967,0.866838
1474,101305,0.97150654,0.86714727
1475,101305,0.97150654,0.86991376
1476,101305,0.976368,0.83541405
1477,101305,0.976368,0.8268224
1478,101305,0.9759063,0.8224038
1479,101305,0.9723569,0.83244056
1480,101724,0.98283935,0.92507297
1481,101724,0.98283935,0.9204099
1482,101724,0.97791463,0.92826223
1483,102648,0.97960675,0.73177165
1484,102648,0.97960675,0.73823774
1485,102648,0.9827205,0.72846705
1486,102648,0.9827205,0.72343063
1487,102669,0.98189145,0.89489865
1488,102669,0.98189145,0.8954334
1489,103046,0.9694413,0.8710498
1490,103046,0.97308487,0.8662591
1491,103046,0.97308487,0.8603572
1492,103046,0.97203237,0.8656058
1493,103257,0.9766127,0.92167383
1494,103257,0.98220664,0.92898947
1495,103257,0.98220664,0.9234128
1496,103257,0.9813228,0.91446036
1497,103257,0.9769697,0.90131724
1498,103478,0.9728476,0.82669294
1499,103478,0.9781461,0.8277608
1500,103478,0.98291373,0.8261851
1501,103478,0.98291373,0.81508255
1502,103478,0.98100895,0.81535065
1503,103478,0.9791708,0.80748504
1504,103478,0.97483337,0.7978228
1505,103478,0.96127236,0.8054177
1506,103582,0.9845143,0.9010402
1507,103582,0.9862622,0.8930996
1508,103582,0.9862622,0.8901056
1509,103582,0.980656,0.8926076
1510,103582,0.97602063,0.89297944
1511,103670,0.96491194,0.89172554
1512,103670,0.97022706,0.8913086
1513,103670,0.97022706,0.9038764
1514,103670,0.9700493,0.9082345
1515,103671,0.98138964,0.91820484
1516,103671,0.9837053,0.91871274
1517,103671,0.9859152,0.9159971
1518,103671,0.9859152,0.9210114
1519,103671,0.985677,0.92819864
1520,103671,0.9822365,0.9354691
1521,103731,0.9806695,0.9024179
1522,103731,0.9825876,0.8996164
1523,103731,0.9825876,0.8953277
1524,103731,0.98087233,0.8959937
1525,103731,0.9781811,0.9043364
1526,103731,0.9781811,0.90933156
1527,103731,0.96232915,0.8983709
1528,103837,0.971408,0.87983406
1529,103837,0.97244143,0.8930576
1530,103837,0.97244143,0.89445037
1531,103837,0.96870446,0.897829
1532,103837,0.963927,0.8885744
1533,104019,0.9887515,0.87723523
1534,104019,0.99002504,0.88135207
1535,104019,0.9903234,0.8842047
1536,104019,0.9903234,0.8819603
1537,104019,0.98551047,0.88707143
1538,104558,0.9508399,0.8832834
1539,104558,0.957692,0.87645763
1540,104558,0.957692,0.86383325
1541,104558,0.9546244,0.86744094
1542,104558,0.9546244,0.8664212
1543,104558,0.93776095,0.860149
1544,104558,0.9309964,0.81856745
1545,104684,0.9786644,0.8886301
1546,104684,0.98073363,0.907127
1547,104684,0.98073363,0.9145162
1548,104684,0.97529864,0.90775084
1549,104684,0.97182375,0.8879332
1550,104684,0.97182375,0.88448644
1551,104684,0.96617377,0.8675307
1552,104912,0.9800327,0.9145162
1553,104912,0.9807184,0.9066749
1554,104912,0.9807184,0.8927534
1555,104912,0.9795929,0.89406973
1556,104912,0.9795929,0.891197
1557,105187,0.9560725,0.83552957
1558,105187,0.9575733,0.8265184
1559,105187,0.9612452,0.8254169
1560,105187,0.9679281,0.7883771
1561,105187,0.9679281,0.7721163
1562,105187,0.9573201,0.74954355
1563,105475,0.9777777,0.8603845
1564,105475,0.9808181,0.8469348
1565,105475,0.9808181,0.8522683
1566,105538,0.9365387,0.87281615
1567,105538,0.9365387,0.86542875
1568,105638,0.9757892,0.860127
1569,105638,0.9757892,0.8573859
1570,105638,0.97395897,0.86681265
1571,105638,0.9605237,0.8709428
1572,105638,0.9605237,0.8669229
1573,97416,0.9622365,0.81817704
1574,97416,0.96875036,0.8153308
1575,97416,0.96930087,0.8223033
1576,97416,0.9777467,0.8142373
1577,97416,0.97978914,0.8183305
1578,97416,0.9806967,0.81999993
1579,97416,0.9806967,0.83552957
1580,97416,0.9789347,0.8271077
1581,97461,0.9783691,0.8762575
1582,97461,0.9829643,0.8852955
1583,97461,0.9829643,0.8931401
1584,97461,0.9824988,0.8907362
1585,97461,0.9799639,0.8860481
1586,97461,0.97969097,0.8734912
1587,97461,0.97969097,0.8842902
1588,97461,0.9749581,0.8916851
1589,97481,0.9800844,0.9171582
1590,97481,0.98334557,0.92650557
1591,97481,0.98334557,0.9345906
1592,97481,0.98139626,0.9354691
1593,97481,0.9679149,0.9120994
1594,97599,0.9701021,0.85945415
1595,97599,0.9701021,0.85041016
1596,97890,0.97770154,0.92507297
1597,97890,0.98035514,0.9204099
1598,97890,0.9831246,0.92826223
1599,97890,0.9831246,0.9185998
1600,98472,0.979433,0.8878876
1601,98472,0.98274255,0.8893825
1602,98472,0.98274255,0.88680637
1603,98472,0.9803703,0.8753645
1604,98472,0.96375084,0.8662721
1605,98652,0.9698067,0.892797
1606,98652,0.9698067,0.8929345
1607,98652,0.9589484,0.88833624
1608,98652,0.9555446,0.87776107
1609,98871,0.9654737,0.8811276
1610,98871,0.9788455,0.90146595
1611,98871,0.98043567,0.8978199
1612,98871,0.98043567,0.9006329
1613,98871,0.9712957,0.87174696
1614,98871,0.9712957,0.8842047
1615,98871,0.96421075,0.8776461
1616,98874,0.97907484,0.8596111
1617,98874,0.9811578,0.8761799
1618,98874,0.98526555,0.870129
1619,98874,0.98526555,0.8878679
1620,98874,0.983325,0.9010402
1621,98992,0.9530167,0.8805538
1622,98992,0.9530167,0.904075
1623,98992,0.9630511,0.9224249
1624,98992,0.97109187,0.9200568
1625,98992,0.97206366,0.90616214
1626,98992,0.97206366,0.8892025
1627,98992,0.96951354,0.88707143
1628,98995,0.9626524,0.8565448
1629,98995,0.9716344,0.85332
1630,98995,0.9746363,0.8639574
1631,98995,0.9746363,0.87228256
1632,98995,0.9741172,0.87564653
1633,98995,0.9541791,0.87516
1634,99223,0.96182644,0.90100837
1635,99223,0.9753797,0.8980799
1636,99223,0.9826814,0.8997691
1637,99223,0.9840499,0.90626
1638,99223,0.9840499,0.9105691
1639,99223,0.98319304,0.91751397
1640,101017,0.9468988,0.7254734
1641,101017,0.9468988,0.7156078
1642,101017,0.9320787,0.7077662
1643,101017,0.91070104,0.6724674
1644,101029,0.94882214,0.8065112
1645,101029,0.9488607,0.7837395
1646,101029,0.9488607,0.7646298
1647,101029,0.9559772,0.78472036
1648,101029,0.9559772,0.7705822
1649,101029,0.95350486,0.7602739
1650,101029,0.95350486,0.76540726
1651,101145,0.95287454,0.8174081
1652,101145,0.9612661,0.8341208
1653,101145,0.9673727,0.8322305
1654,101145,0.9673727,0.82971466
1655,101305,0.97106636,0.68067616
1656,101305,0.97106636,0.68409693
1657,101305,0.9606049,0.6811953
1658,101305,0.94386995,0.6893299
1659,101724,0.9587711,0.8734851
1660,101724,0.9587711,0.8734442
1661,101724,0.9725784,0.8771495
1662,101724,0.9725784,0.8867059
1663,101724,0.9755551,0.8729748
1664,101724,0.9755551,0.8608028
1665,102648,0.94789636,0.72803855
1666,102648,0.94789636,0.7267991
1667,102648,0.96189255,0.7219311
1668,102648,0.96230954,0.72687995
1669,102648,0.96230954,0.71855426
1670,102648,0.9435859,0.7085988
1671,102648,0.9435859,0.6745579
1672,102669,0.79067475,0.8706758
1673,103046,0.9624369,0.8395723
1674,103046,0.9624369,0.8134435
1675,103046,0.91708636,0.78420126
1676,103046,0.91708636,0.7720175
1677,103257,0.9546112,0.8320478
1678,103257,0.9701234,0.8435761
1679,103257,0.9701234,0.8292816
1680,103257,0.9440382,0.83551645
1681,103257,0.9444132,0.83610386
1682,103257,0.9444132,0.81417143
1683,103257,0.9216236,0.7969403
1684,103478,0.90480185,0.57047796
1685,103478,0.939834,0.6016341
1686,103478,0.939834,0.5894359
1687,103478,0.9263827,0.5750247
1688,103478,0.9497836,0.5566102
1689,103478,0.9497836,0.57929635
1690,103478,0.9325464,0.5839687
1691,103478,0.9325464,0.63349664
1692,103582,0.9589506,0.8571564
1693,103582,0.96716607,0.8303644
1694,103582,0.96716607,0.83264107
1695,103582,0.9525282,0.82931954
1696,103582,0.9620106,0.84086573
1697,103582,0.9620106,0.86575466
1698,103582,0.95866346,0.8454069
1699,103582,0.9427359,0.8318054
1700,103670,0.9530076,0.6916022
1701,103670,0.9530076,0.67383903
1702,103670,0.94762754,0.6877501
1703,103670,0.94762754,0.68203837
1704,103671,0.95724607,0.8616778
1705,103671,0.96276736,0.85942495
1706,103671,0.96276736,0.85841835
1707,103671,0.96473265,0.8552607
1708,103671,0.96473265,0.8678369
1709,103731,0.9598174,0.7679512
1710,103731,0.9682833,0.78720033
1711,103731,0.9682833,0.78827107
1712,103731,0.9598174,0.77256453
1713,103731,0.9591839,0.7704356
1714,103837,0.927663,0.7422957
1715,103837,0.94422746,0.7477944
1716,103837,0.959539,0.7657957
1717,103837,0.96718454,0.7786207
1718,103837,0.9557743,0.78827107
1719,103837,0.96718454,0.7711594
1720,103837,0.959539,0.7530971
1721,104019,0.95836747,0.8678369
1722,104019,0.9699974,0.8574617
1723,104019,0.9699974,0.85841835
1724,104019,0.9565363,0.8616778
1725,104558,0.929163,0.7942915
1726,104558,0.94573617,0.7504112
1727,104558,0.9575077,0.755764
1728,104558,0.9644067,0.7384855
1729,104558,0.9673755,0.7346213
1730,104558,0.9673755,0.7610734
1731,104558,0.95849943,0.75598615
1732,104558,0.95171845,0.74654824
1733,104558,0.93872094,0.7678349
1734,104684,0.95566285,0.7750999
1735,104684,0.9557611,0.7655073
1736,104684,0.96747327,0.77611935
1737,104684,0.96747327,0.7891044
1738,104684,0.9514438,0.79149234
1739,104684,0.9656384,0.78296095
1740,104684,0.9656384,0.79014283
1741,104912,0.9394072,0.7798476
1742,104912,0.9394072,0.7485615
1743,104912,0.92636377,0.7349735
1744,104912,0.96089315,0.7733811
1745,104912,0.96089315,0.779886
1746,104912,0.9444513,0.7619853
1747,104912,0.9444513,0.7859028
1748,105187,0.9588698,0.7618959
1749,105187,0.9588698,0.75548786
1750,105187,0.959111,0.7485384
1751,105187,0.959111,0.75564003
1752,105187,0.9557054,0.7469332
1753,105187,0.9555815,0.77489746
1754,105475,0.9593559,0.8634539
1755,105475,0.9636456,0.85567576
1756,105475,0.97629523,0.8549429
1757,105475,0.97629523,0.86397165
1758,105475,0.9636456,0.875716
1759,105538,0.945649,0.77697027
1760,105538,0.945649,0.7496286
1761,105638,0.95109785,0.74911934
1762,105638,0.95109785,0.7562732
1763,105638,0.9577372,0.75736856
1764,105638,0.9577372,0.7511689
1765,105638,0.937202,0.7224537
1766,97416,0.9622107,0.82302487
1767,97416,0.96789044,0.8234674
1768,97416,0.96789044,0.83102065
1769,97416,0.9635564,0.8226252
1770,97416,0.9635564,0.81526196
1771,97416,0.96497107,0.8336178
1772,97416,0.96497107,0.84085226
1773,97461,0.9763378,0.909419
1774,97461,0.9763378,0.88747054
1775,97461,0.96340704,0.8728577
1776,97461,0.9728068,0.8823339
1777,97461,0.9728068,0.88916236
1778,97461,0.9726162,0.87799734
1779,97461,0.97122073,0.87847453
1780,97461,0.9679576,0.87575775
1781,97481,0.94128,0.8532608
1782,97481,0.94204485,0.819166
1783,97481,0.94204485,0.8279463
1784,97481,0.959315,0.8261219
1785,97481,0.959315,0.82039934
1786,97599,0.957623,0.7267991
1787,97599,0.957623,0.72332203
1788,97599,0.9562477,0.72803855
1789,97890,0.9589598,0.8706758
1790,97890,0.96979105,0.875716
1791,97890,0.96813464,0.85074234
1792,97890,0.9710166,0.86150396
1793,97890,0.9710166,0.861738
1794,97890,0.96979105,0.87075883
1795,98472,0.96282077,0.7823381
1796,98472,0.96034485,0.7973214
1797,98472,0.9762504,0.8296009
1798,98472,0.9762504,0.82567257
1799,98472,0.96288544,0.81294274
1800,98472,0.96288544,0.7872365
1801,98652,0.95575583,0.68938196
1802,98652,0.95575583,0.67494714
1803,98652,0.9537824,0.7159004
1804,98652,0.9537824,0.70290947
1805,98652,0.9246638,0.6925846
1806,98871,0.9569652,0.80263287
1807,98871,0.96669835,0.80892634
1808,98871,0.96789956,0.78797793
1809,98871,0.9681039,0.7641363
1810,98871,0.9681039,0.76073706
1811,98871,0.957545,0.7627359
1812,98871,0.9546475,0.76346076
1813,98874,0.9602261,0.80892634
1814,98874,0.972291,0.79166836
1815,98874,0.9748639,0.8017122
1816,98874,0.9748639,0.80578274
1817,98874,0.97221124,0.80017585
1818,98874,0.972291,0.808534
1819,98992,0.9702225,0.83177596
1820,98992,0.9702895,0.8639814
1821,98992,0.9750055,0.8935618
1822,98992,0.9702895,0.8989716
1823,98992,0.97337455,0.909419
1824,98992,0.97337455,0.8925975
1825,98992,0.9757035,0.8868222
1826,98992,0.9757035,0.8894526
1827,98992,0.9665369,0.86514455
1828,98992,0.97575104,0.88788074
1829,98992,0.97575104,0.90295994
1830,98995,0.9146292,0.7396272
1831,98995,0.9242113,0.7324518
1832,98995,0.95080936,0.73539793
1833,98995,0.95080936,0.7283812
1834,98995,0.9450526,0.7315146
1835,99223,0.9657297,0.84076107
1836,99223,0.9657297,0.841082
1837,99223,0.9698914,0.83201796
1838,99223,0.9698914,0.8428493
1839,99223,0.9707792,0.8524428
1840,99223,0.9707792,0.85352474
1841,MR048294,0.9516466,0.93368936
1842,MR048294,0.9516466,0.94646263
1843,MR048294,0.9873296,0.96459854
1844,MR048294,0.9946114,0.9627955
1845,MR048294,0.9946114,0.9640514
1846,MR048294,0.9940993,0.96276784
1847,MR048294,0.98897636,0.96647334
1848,MR048294,0.9840392,0.96670914
1849,MR048297,0.9884031,0.96670914
1850,MR048297,0.9905684,0.95519876
1851,MR048297,0.9905684,0.95362127
1852,MR048297,0.97947216,0.9661218
1853,MR048294B,0.993406,0.96459854
1854,MR048621B,0.9595859,0.9325717
1855,MR048621B,0.9803715,0.9467014
1856,MR048621B,0.9916001,0.95454067
1857,MR048621B,0.9944647,0.95541173
1858,MR048621B,0.9944647,0.95243406
1859,MR048621B,0.99433637,0.95517236
1860,MR048621B,0.9907793,0.95547664
1861,MR048621B,0.98194444,0.95743406
1862,MR048944,0.98492897,0.9471079
1863,MR048944,0.98492897,0.9526396
1864,MR048944,0.9840443,0.950151
1865,MR048944,0.9809202,0.95357627
1866,MR048944,0.96700346,0.95318055
1867,MR048944,0.962682,0.95816463
1868,MR048944,0.94645214,0.9492259
1869,MR048944,0.9180639,0.95331264
1870,MR048994,0.9917011,0.9643495
1871,MR048994,0.9917011,0.9580899
1872,MR048994,0.99024934,0.95349824
1873,MR048994,0.9893162,0.9628217
1874,MR048994,0.98110867,0.9660536
1875,MR048994,0.97523475,0.96936494
1876,MR048994,0.9601922,0.9728728
1877,MR048994,0.943732,0.9757498
1878,MR048994,0.9141723,0.9775204
1879,MR049104,0.9679262,0.91833603
1880,MR049104,0.9679262,0.95165354
1881,MR049142,0.9592899,0.9669822
1882,MR049142,0.9592899,0.96794045
1883,MR049142,0.93925685,0.96585655
1884,MR049142,0.9253234,0.9430693
1885,MR048994B,0.98851395,0.9703533
1886,MR048994B,0.98851395,0.9652938
1887,MR048994B,0.98624355,0.96265095
1888,MR048994B,0.9722962,0.9684313
1889,MR048994B,0.96393806,0.96559024
1890,MR048994B,0.94286454,0.95731246
1891,MR048994B,0.9119185,0.9505255
1892,MR048994B,0.88576293,0.9517804
1893,MR048944B,0.9900648,0.9212927
1894,MR048944B,0.9900648,0.9262591
1895,MR048944B,0.98671806,0.9208189
1896,MR048944B,0.98122156,0.9264859
1897,MR048944B,0.97263,0.9299902
1898,MR048944B,0.9526334,0.93615454
1899,MR049358,0.96048677,0.9178815
1900,MR049358,0.96048677,0.9138529
1901,MR049358,0.9507482,0.92291605
1902,MR049358,0.9764718,0.941587
1903,MR049358,0.98680437,0.9524265
1904,MR049358,0.9952365,0.9639332
1905,MR049358,0.9952365,0.96532035
1906,MR049358,0.9951117,0.9664238
1907,MR049358,0.99232256,0.96691483
1908,MR049358,0.9875392,0.9676185
1909,MR049104B,0.944543,0.87648
1910,MR049104B,0.9678571,0.9131685
1911,MR049104B,0.97923005,0.9368699
1912,MR049104B,0.9869927,0.948687
1913,MR049104B,0.9869927,0.9520202
1914,MR049453,0.9923786,0.9755554
1915,MR049453,0.9952568,0.9723041
1916,MR049453,0.9952568,0.96904415
1917,MR049453,0.99164486,0.9661951
1918,MR049453,0.98866767,0.95756096
1919,MR049453,0.9849496,0.95342404
1920,MR049453,0.9796427,0.95869017
1921,MR024780G,0.9565414,0.8688576
1922,MR024780G,0.9565414,0.8721173
1923,MR024780G,0.98559916,0.9254411
1924,MR024780G,0.9830496,0.9206131
1925,MR024780G,0.9761456,0.9219085
1926,MR024780G,0.96627593,0.9260923
1927,MR024780G,0.94444275,0.92676634
1928,MR024780G,0.9284631,0.9296592
1929,MR024780G,0.96214676,0.88757986
1930,MR024780G,0.9733522,0.9083708
1931,MR024780G,0.98167336,0.92033964
1932,MR024780G,0.98939407,0.922623
1933,MR024780G,0.9928527,0.9236586
1934,MR024780G,0.9928527,0.9170343
1935,MR024780G,0.99116373,0.91779464
1936,MR024780G,0.99054736,0.9162077
1937,MR049453B,0.98376703,0.9205531
1938,MR049453B,0.9873258,0.92762864
1939,MR049453B,0.9873258,0.9333668
1940,MR049453B,0.985873,0.9393285
1941,MR049453B,0.9762254,0.9361094
1942,MR049453B,0.9649382,0.94451916
1943,MR049453B,0.95001686,0.9499251
1944,MR049453B,0.93480176,0.95314616
1945,MR048294B,0.99499154,0.9654717
1946,MR048294B,0.99499154,0.96852565
1947,MR048294B,0.98209393,0.9721477
1948,MR048621B,0.94613755,0.9034083
1949,MR048621B,0.9513135,0.92234933
1950,MR050135B,0.9522714,0.88041425
1951,MR050135B,0.97899145,0.9102115
1952,MR050135B,0.9639449,0.9383821
1953,MR050135B,0.9493193,0.9515597
1954,MR050135B,0.93112135,0.9543576
1955,MR050135B,0.9160922,0.94092995
1956,MR050135B,0.9875089,0.92871696
1957,MR050135B,0.990332,0.9390617
1958,MR050135B,0.9904587,0.9444511
1959,MR050135B,0.9922446,0.9488018
1960,MR050135B,0.9922446,0.950097
1961,MR050135B,0.9853058,0.9567387
1962,MR050135B,0.9779192,0.9558934
1963,MR050135B,0.97436607,0.940303
1964,MR050687,0.9514829,0.9088345
1965,MR050687,0.980692,0.93231684
1966,MR050687,0.9862543,0.9423804
1967,MR050687,0.9862543,0.94759154
1968,MR050687,0.9879266,0.9514074
1969,MR050687,0.9879266,0.956604
1970,MR050687,0.9876928,0.9674308
1971,MR050687,0.98113275,0.96453995
1972,MR050687,0.9776707,0.95809746
1973,MR050687,0.9723344,0.9693371
1974,MR050791B,0.94734454,0.90341145
1975,MR050791B,0.94734454,0.9135094
1976,MR050791B,0.9528452,0.9143717
1977,MR050791B,0.9532707,0.90605414
1978,MR050791B,0.9532707,0.8981248
1979,MR050791B,0.9277665,0.9004423
1980,MR050791B,0.966668,0.9290691
1981,MR050791B,0.966668,0.9355021
1982,MR050791B,0.98986864,0.9296998
1983,MR050791B,0.98986864,0.9371505
1984,MR049019C,0.9339386,0.9645741
1985,MR049019C,0.9339386,0.96804523
1986,MR049019C,0.91755605,0.9620639
1987,MR026175C,0.93220365,0.9297344
1988,MR026175C,0.96216094,0.9536171
1989,MR026175C,0.98050666,0.98912245
1990,MR026175C,0.9818098,0.96375316
1991,MR026175C,0.9934511,0.9721435
1992,MR026175C,0.9944964,0.9712146
1993,MR026175C,0.9944964,0.9798082
1994,MR026175C,0.9940661,0.98272586
1995,MR026175C,0.9932354,0.98657197
1996,MR026175C,0.9839267,0.98828375
1997,MR026175C,0.9839267,0.98057187
1998,MR051461,0.99225974,0.9576011
1999,MR051461,0.99225974,0.9577403
2000,MR051461,0.98994005,0.9586961
2001,MR051461,0.98339117,0.95975137
2002,MR051461,0.9744866,0.9689116
2003,MR051461,0.95718944,0.965186
2004,MR051461,0.93407273,0.9651149
2005,MR051586,0.9904852,0.94562984
2006,MR051586,0.9912464,0.9559135
2007,MR051586,0.9912464,0.9622074
2008,MR051586,0.9899198,0.96403515
2009,MR051586,0.9856547,0.9675466
2010,MR051586,0.98245764,0.96833473
2011,MR051586,0.97288716,0.9702891
2012,MR051461B,0.97069323,0.9645741
2013,MR051461B,0.97069323,0.96804523
2014,MR051461B,0.9542047,0.95651126
2015,MR051461B,0.9245637,0.9620639
2016,MR051461B,0.88784754,0.94824475
2017,MR051644,0.9133736,0.894304
2018,MR051644,0.9387109,0.9039803
2019,MR051644,0.9893395,0.9311829
2020,MR051644,0.98180187,0.9099554
2021,MR051644,0.97466236,0.90839636
2022,MR051644,0.96041155,0.9309256
2023,MR051644,0.95034987,0.9635906
2024,MR051644,0.9387109,0.93368936
2025,MR051644,0.9540789,0.941777
2026,MR051644,0.97397923,0.93624496
2027,MR051644,0.9808308,0.9488349
2028,MR051644,0.98634315,0.9547673
2029,MR051644,0.98634315,0.95021534
2030,MR051644,0.9815905,0.94590974
2031,MR051644,0.9893395,0.9358148
2032,MR051651,0.98418903,0.9661286
2033,MR051651,0.98418903,0.96255356
2034,MR051651,0.98013157,0.9661218
2035,MR051651,0.9734174,0.9635906
2036,MR051651,0.96034694,0.9553265
2037,MR051651,0.9472021,0.9501987
2038,MR051796,0.98473483,0.9636169
2039,MR051796,0.98473483,0.9641303
2040,MR051796,0.9794413,0.9646616
2041,MR051796,0.97005236,0.9684313
2042,MR051796,0.8998941,0.9505255
2043,MR051796,0.8998941,0.9517804
2044,MR051796,0.8763918,0.9351445
2045,MR051651B,0.9833292,0.9643495
2046,MR051651B,0.9833292,0.9578292
2047,MR051651B,0.9791013,0.95349824
2048,MR051651B,0.9718818,0.95509845
2049,MR051651B,0.95867324,0.9552436
2050,MR051651B,0.9381428,0.95612186
2051,MR051644B,0.99118674,0.9516763
2052,MR051644B,0.99118674,0.9527912
2053,MR051644B,0.9908539,0.9533254
2054,MR051644B,0.9814411,0.9532683
2055,MR051644B,0.97826463,0.9591976
2056,MR051644B,0.97286373,0.95476604
2057,MR051644B,0.9511151,0.96376795
2058,MR051796B,0.9609255,0.9001402
2059,MR051796B,0.9609255,0.917061
2060,MR051796B,0.95901334,0.9260923
2061,MR052550,0.958591,0.9143717
2062,MR052550,0.958591,0.9147536
2063,MR052550,0.9720546,0.9459564
2064,MR052550,0.9720546,0.96113384
2065,MR051644C,0.93107486,0.89010566
2066,MR051644C,0.9678819,0.93413997
2067,MR051644C,0.98435473,0.95968896
2068,MR051644C,0.9715897,0.96833473
2069,MR051644C,0.9873099,0.94184905
2070,MR051644C,0.9873099,0.95144385
2071,MR051644C,0.9887763,0.9559401
2072,MR051644C,0.9921837,0.96057457
2073,MR051644C,0.9935299,0.9583894
2074,MR051644C,0.9935299,0.9574108
2075,MR051644C,0.98898757,0.95108753
2076,MR051644C,0.98435473,0.9557492
2077,MR049942B,0.95844734,0.90905964
2078,MR049942B,0.98141944,0.93040967
2079,MR049942B,0.98141944,0.94102967
2080,MR052585B,0.9677938,0.89702135
2081,MR052585B,0.98617816,0.92764336
2082,MR052585B,0.98617816,0.943531
2083,MR047953C,0.96618974,0.92868733
2084,MR047953C,0.97909474,0.9482403
2085,MR047953C,0.9800601,0.9520902
2086,MR047953C,0.9800601,0.9520202
2087,MR053110B,0.970425,0.91716707
2088,MR053110B,0.970425,0.91595566
2089,MR053110B,0.963812,0.9129595
2090,MR053110B,0.978247,0.923865
2091,MR053110B,0.9876697,0.94635856
2092,MR053110B,0.9876697,0.95381063
2093,MR034694,0.9918339,0.9466205
2094,MR034694,0.9918339,0.9451132
2095,MR034694,0.98922455,0.9497143
2096,MR034694,0.9837213,0.9593252
2097,MR054683,0.9721924,0.91761416
2098,MR054683,0.9747185,0.9220858
2099,MR054683,0.9747185,0.9219715
2100,MR054875,0.92886794,0.8970514
2101,MR054875,0.9639753,0.937262
2102,MR054875,0.97569853,0.9454302
2103,MR054875,0.97569853,0.9593252
2104,MR050687C,0.92005646,0.84605235
2105,MR050687C,0.95741415,0.8811759
2106,MR050687C,0.9651922,0.906123
2107,MR050687C,0.9817238,0.9383564
2108,MR050687C,0.9817238,0.9453217
2109,MR056144,0.9732164,0.97409517
2110,MR056144,0.9732164,0.95810187
2111,MR056144,0.95032704,0.9731729
2112,MR034997,0.9727358,0.91422147
2113,MR034997,0.98848563,0.9276222
2114,MR034997,0.98848563,0.93362236
2115,MR034997,0.98832643,0.9407249
2116,MR034997,0.9878173,0.9426735
2117,MR034997,0.9891304,0.94658184
2118,MR034997,0.9891304,0.95810825
2119,MR029209E,0.9942944,0.9611741
2120,MR029209E,0.9942944,0.96499693
2121,MR029209E,0.99319184,0.96726215
2122,MR029209E,0.9894085,0.9671678
2123,MR029209E,0.9859078,0.9676185
2124,MR029209E,0.9807812,0.9684526
2125,MR029209E,0.9735136,0.96707964
2126,MR029209E,0.96443266,0.9674064
2127,MR029209E,0.9474939,0.96814567
2128,MR053110E,0.9622675,0.91761416
2129,MR053110E,0.9622675,0.921824
2130,MR053110E,0.9553848,0.9257803
2131,MR053110E,0.9669759,0.9372219
2132,MR053110E,0.985051,0.9493207
2133,MR053110E,0.985051,0.96180475
2134,MR049019G,0.9832859,0.9603438
2135,MR049019G,0.9832859,0.949384
2136,MR049019G,0.9710846,0.9612095
2137,MR049019G,0.96259207,0.95705557
2138,MR049019G,0.9486424,0.95079553
2139,MR049019G,0.9222598,0.9660391
2140,MR049019G,0.90778863,0.95574117
2141,MR031409B,0.92252433,0.9662601
2142,MR031409B,0.92252433,0.961138
2143,MR031409B,0.87638414,0.93337834
2144,MR024780D,0.98257226,0.9581229
2145,MR024780D,0.98257226,0.96113384
2146,MR038469,0.9614881,0.8910698
2147,MR038469,0.9614881,0.89338213
2148,MR038469,0.9568078,0.91943216
2149,MR038469,0.9729095,0.941982
2150,MR038469,0.9796864,0.95550925
2151,MR038469,0.9895189,0.9610154
2152,MR038469,0.9895189,0.9674308
2153,MR032322C,0.9663047,0.91989243
2154,MR032322C,0.9731462,0.93153465
2155,MR032322C,0.96537864,0.94061625
2156,MR032322C,0.9599958,0.9536027
2157,MR032322C,0.94894874,0.962203
2158,MR032322C,0.9776869,0.9407516
2159,MR032322C,0.98646426,0.9368311
2160,MR032322C,0.98721695,0.9272255
2161,MR032322C,0.98721695,0.9146126
2162,MR032322C,0.9871931,0.90778875
2163,MR032322C,0.9871931,0.9041408
2164,MR032322C,0.9804451,0.91370994
2165,MR032322C,0.97989756,0.9232683
2166,MR037458B,0.97658664,0.9191581
2167,MR037458B,0.97658664,0.9477901
2168,MR037458B,0.9859491,0.95705557
2169,MR037458B,0.9859491,0.9507211
2170,MR037458B,0.98257184,0.9473041
2171,MR037458B,0.96328735,0.93867415
2172,MR037458B,0.96637344,0.9501454
2173,MR037458B,0.96637344,0.96873665
2174,MR039473,0.98481834,0.91192657
2175,MR039473,0.9898795,0.9278174
2176,MR039473,0.9898795,0.92666006
2177,MR039473,0.98987854,0.92087924
2178,MR039473,0.98987854,0.9196789
2179,MR039473B,0.9408735,0.88353086
2180,MR039473B,0.966166,0.87905335
2181,MR039473B,0.9829458,0.90299255
2182,MR039473B,0.9844657,0.91071063
2183,MR039473B,0.986042,0.9273341
2184,MR039473B,0.986042,0.93336153
2185,MR039473B,0.98493505,0.9378777
2186,MR037458C,0.9559221,0.94770527
2187,MR037458C,0.95913243,0.9491676
2188,MR037458C,0.9651617,0.93858
2189,MR037458C,0.977846,0.95024586
2190,MR037458C,0.977846,0.95749605
2191,MR037458C,0.9786396,0.9627071
2192,MR037458C,0.9786396,0.96152425
2193,MR037458C,0.9754298,0.9631928
2194,MR037458C,0.9754298,0.969734
2195,MR037458C,0.9612386,0.97444445
2196,MR040240,0.9680685,0.933125
2197,MR040240,0.98123634,0.95396334
2198,MR040240,0.98123634,0.9639252
2199,MR040240,0.9853394,0.9625947
2200,MR040240,0.9868423,0.9643345
2201,MR040240,0.9868423,0.9671575
2202,MR040240,0.9847456,0.97164625
2203,MR040240,0.9810314,0.96623373
2204,MR040240,0.9787462,0.95802355
2205,MR040240,0.9702572,0.9589599
2206,MR040240B,0.9620378,0.8681511
2207,MR040240B,0.9620378,0.8923912
2208,MR040240B,0.978912,0.924208
2209,MR040240B,0.9803085,0.93753177
2210,MR040240B,0.9850671,0.947872
2211,MR040240B,0.9904704,0.95561767
2212,MR040240B,0.9904704,0.95522064
2213,MR040240B,0.97951794,0.9507938
2214,MR040240B,0.97951794,0.91894805
2215,MR040240B,0.97841626,0.9348176
2216,MR029209G,0.990419,0.9526171
2217,MR029209G,0.990419,0.9681238
2218,MR029209G,0.9873202,0.9755554
2219,MR029209G,0.98445493,0.96904415
2220,MR029209G,0.9749886,0.95756096
2221,MR029209G,0.96701944,0.9646302
2222,MR029209G,0.95320034,0.9555249
2223,MR029209G,0.9305016,0.94590336
2224,MR036496B,0.98414266,0.9638945
2225,MR036496B,0.98414266,0.9660536
2226,MR036496B,0.97392,0.96936494
2227,MR036496B,0.9664068,0.9728728
2228,MR036496B,0.9474528,0.9757498
2229,MR036496B,0.91948175,0.9775204
2230,MR033420,0.98037326,0.94101477
2231,MR033420,0.98407614,0.95285517
2232,MR033420,0.98691297,0.96043634
2233,MR033420,0.98691297,0.9627386
2234,MR033420,0.9853425,0.96852565
2235,MR033420,0.98215854,0.9721477
2236,MR033420,0.9812466,0.9677739
2237,MR024780B,0.98522854,0.97804683
2238,MR024780B,0.98522854,0.9898441
2239,MR024780B,0.9802248,0.9730323
2240,MR024780B,0.9680008,0.97636896
2241,MR033389B,0.98065186,0.9555177
2242,MR048994,0.9669972,0.9039351
2243,MR048994,0.9437344,0.9126191
2244,MR049104,0.9616264,0.90856385
2245,MR049104,0.96875936,0.91054714
2246,MR049104,0.96875936,0.9163403
2247,MR049142,0.97297835,0.93001676
2248,MR049142,0.97297835,0.9100318
2249,MR049142,0.9652058,0.915385
2250,MR048994B,0.9490733,0.89836067
2251,MR048994B,0.97177637,0.9004998
2252,MR048994B,0.97177637,0.89801073
2253,MR048994B,0.96261394,0.899353
2254,MR048944B,0.96054083,0.911051
2255,MR048944B,0.9699555,0.9132235
2256,MR048944B,0.971929,0.9040687
2257,MR048944B,0.9759923,0.89625496
2258,MR048944B,0.9759923,0.8909263
2259,MR048944B,0.9724541,0.8934393
2260,MR048944B,0.9702596,0.8907726
2261,MR049358,0.9522389,0.9152677
2262,MR049358,0.95272315,0.9085255
2263,MR049358,0.95328355,0.93076855
2264,MR049358,0.95328355,0.92139894
2265,MR049358,0.97847396,0.9174168
2266,MR049358,0.97847396,0.92203486
2267,MR049358,0.9747987,0.9385129
2268,MR049358,0.9747987,0.9387294
2269,MR049358,0.9676204,0.915936
2270,MR049453,0.9099561,0.92046875
2271,MR049453,0.9665837,0.93559474
2272,MR049453,0.97101027,0.9361722
2273,MR049453,0.97101027,0.93899435
2274,MR049453,0.9666202,0.9393357
2275,MR049453,0.96197534,0.93452996
2276,MR049453,0.95226324,0.94219446
2277,MR049453,0.9540026,0.9106316
2278,MR049453,0.9540026,0.9272843
2279,MR024780G,0.961576,0.9387294
2280,MR024780G,0.9709152,0.9385129
2281,MR024780G,0.97568166,0.91580135
2282,MR024780G,0.97568166,0.9174168
2283,MR024780G,0.9750848,0.91213906
2284,MR024780G,0.9750848,0.92139894
2285,MR024780G,0.9631334,0.9128952
2286,MR049453B,0.89061314,0.9066948
2287,MR049453B,0.90283597,0.90323067
2288,MR049453B,0.96512496,0.8740708
2289,MR049453B,0.9695442,0.8657351
2290,MR049453B,0.9695442,0.8688541
2291,MR049453B,0.9583101,0.8543101
2292,MR049453B,0.9269327,0.895227
2293,MR049453B,0.93737555,0.8926027
2294,MR049453B,0.9428251,0.91372365
2295,MR049453B,0.9428251,0.915952
2296,MR049453B,0.9598552,0.915291
2297,MR049453B,0.9699745,0.8922993
2298,MR049453B,0.9699745,0.87482035
2299,MR049453B,0.96737933,0.8712869
2300,MR050135B,0.9075581,0.91007894
2301,MR050135B,0.91374373,0.90638083
2302,MR050135B,0.93280566,0.9001128
2303,MR050135B,0.92360187,0.9258164
2304,MR050135B,0.9343856,0.9136157
2305,MR050135B,0.9566912,0.9220428
2306,MR050135B,0.96332943,0.90660733
2307,MR050135B,0.96745974,0.9081857
2308,MR050135B,0.96745974,0.91840076
2309,MR050135B,0.95562935,0.93067753
2310,MR050135B,0.9500811,0.91561687
2311,MR050687,0.9501904,0.9146328
2312,MR050687,0.96667355,0.9150011
2313,MR050687,0.97005564,0.899396
2314,MR050687,0.97005564,0.8933237
2315,MR050687,0.96388555,0.867478
2316,MR050687,0.9482833,0.87230974
2317,MR050791B,0.877679,0.87205386
2318,MR050791B,0.9540072,0.8775163
2319,MR050791B,0.9540072,0.88251436
2320,MR050791B,0.930892,0.86804533
2321,MR049019C,0.98073244,0.90401137
2322,MR049019C,0.98073244,0.9140908
2323,MR049019C,0.98351675,0.9156111
2324,MR049019C,0.98351675,0.91588163
2325,MR049019C,0.9828774,0.9159433
2326,MR026175C,0.92176086,0.9185773
2327,MR026175C,0.92176086,0.9056598
2328,MR026175C,0.9381722,0.9073166
2329,MR026175C,0.9444579,0.9150555
2330,MR026175C,0.9546087,0.91286695
2331,MR026175C,0.9546087,0.9065509
2332,MR026175C,0.94662297,0.9324616
2333,MR051461,0.9616605,0.9046663
2334,MR051461,0.96683514,0.89777505
2335,MR051461,0.96683514,0.90218866
2336,MR051461,0.9744211,0.89285517
2337,MR051461,0.9744211,0.8888796
2338,MR051461,0.971851,0.8922629
2339,MR051461,0.97734195,0.91383034
2340,MR051461,0.9784713,0.9127665
2341,MR051461,0.9784713,0.92164266
2342,MR051586,0.957477,0.9228627
2343,MR051586,0.957477,0.9020576
2344,MR033389B,0.9845128,0.94116545
2345,MR033389B,0.9845128,0.9420232
2346,MR033389B,0.96489775,0.9373326
2347,MR033389B,0.96489775,0.9321259
2348,MR033389B,0.93246293,0.9458021
2349,MR024780E,0.82943493,0.9898441
2350,MR026175E,0.9388157,0.9297344
2351,MR026175E,0.9527327,0.9524132
2352,MR026175E,0.9780097,0.9764588
2353,MR026175E,0.97577745,0.9607211
2354,MR026175E,0.9789653,0.9616693
2355,MR026175E,0.98993355,0.9644271
2356,MR026175E,0.99127865,0.9777316
2357,MR026175E,0.99127865,0.9844991
2358,MR026175E,0.99100685,0.98657197
2359,MR026175E,0.9900385,0.98237383
2360,MR026175E,0.9875505,0.98828375
2361,MR026175E,0.9780097,0.98912245
2362,MR040240C,0.9348401,0.9234328
2363,MR040240C,0.9489475,0.9589599
2364,MR040240C,0.9489475,0.948951
2365,MR040240C,0.96283495,0.95396334
2366,MR040240C,0.9791024,0.94170094
2367,MR040240C,0.9869194,0.9603928
2368,MR040240C,0.9897831,0.9639252
2369,MR040240C,0.9897831,0.9643345
2370,MR040240C,0.98926055,0.9671575
2371,MR040240C,0.98356116,0.97164625
2372,MR040240C,0.970627,0.96623373
2373,MR040240D,0.95529723,0.8948205
2374,MR040240D,0.9797959,0.91891986
2375,MR040240D,0.95983464,0.96019846
2376,MR040240D,0.9797959,0.9295572
2377,MR040240D,0.9870133,0.9383218
2378,MR040240D,0.9902176,0.9479828
2379,MR040240D,0.9902176,0.94940627
2380,MR040240D,0.9883765,0.93875676
2381,MR040240D,0.98745,0.9408323
2382,MR040240D,0.9815155,0.9462173
2383,MR040240D,0.95983464,0.95975137
2384,MR017260F,0.9774904,0.9334097
2385,MR017260F,0.98346484,0.9548077
2386,MR017260F,0.9925285,0.9633218
2387,MR017260F,0.9925285,0.961421
2388,MR017260F,0.9891957,0.9627135
2389,MR017260F,0.9902798,0.96313095
2390,MR017260F,0.9902798,0.9673631
2391,MR017260F,0.9731612,0.9693371
2392,MR017260F,0.9731612,0.96122783
2393,MR017260F,0.9537759,0.9550354
2394,MR029209I,0.9905555,0.9550712
2395,MR029209I,0.9905555,0.96293694
2396,MR029209I,0.9903421,0.96726215
2397,MR029209I,0.98660666,0.9671678
2398,MR029209I,0.98212385,0.9684526
2399,MR029209I,0.97925127,0.97409517
2400,MR029209I,0.9360675,0.9731729
2401,MR029209I,0.9360675,0.9601494
2402,MR029209I,0.91403353,0.9534945
2403,MR048294,0.9785956,0.9199514
2404,MR048294,0.9785956,0.9079119
2405,MR048294,0.97883654,0.91779405
2406,MR048294,0.97883654,0.90389526
2407,MR048294,0.9779217,0.8974351
2408,MR048294,0.9749481,0.89110994
2409,MR048294,0.9586067,0.9107698
2410,MR048297,0.96650624,0.90500915
2411,MR048297,0.96950805,0.8865901
2412,MR048297,0.96950805,0.88091123
2413,MR048297,0.97035325,0.8828311
2414,MR048297,0.97035325,0.882146
2415,MR048294B,0.95477235,0.93001676
2416,MR048294B,0.95688653,0.9132168
2417,MR048294B,0.9631281,0.91359544
2418,MR048294B,0.9631281,0.91082245
2419,MR048294B,0.95276415,0.91427284
2420,MR048621B,0.9438145,0.90858823
2421,MR048621B,0.96574545,0.91442305
2422,MR048621B,0.97011876,0.9093718
2423,MR048621B,0.97011876,0.91106135
2424,MR048621B,0.96756154,0.91808176
2425,MR048621B,0.96322536,0.9103727
2426,MR048944,0.9672911,0.9227201
2427,MR048944,0.9725402,0.9275022
2428,MR048944,0.9725402,0.92302936
2429,MR048944,0.969686,0.9177402
2430,MR048944,0.969686,0.9236434
2431,MR048944,0.9661695,0.9148837
2432,MR048944,0.96500593,0.90952104
2433,MR048944,0.96507585,0.896859
2434,MR048944,0.96507585,0.88598835
2435,MR048994,0.9556181,0.9016872
2436,MR048994,0.9560306,0.90527177
2437,MR048994,0.9560306,0.9063017
2438,MR048994,0.97221464,0.90873414
2439,MR048994,0.98168325,0.9212061
2440,MR048994,0.98168325,0.91442686
2441,MR048994,0.9731725,0.9180969
2442,MR037458C,0.83084136,0.878216
2443,MR040240,0.9669602,0.89540285
2444,MR040240,0.9669602,0.9102506
2445,MR040240,0.9642981,0.90515506
2446,MR040240,0.9642981,0.9105168
2447,MR040240,0.96412295,0.90221506
2448,MR040240,0.9504777,0.87634283
2449,MR040240,0.94853735,0.86732477
2450,MR040240,0.9493979,0.8702098
2451,MR040240,0.9624601,0.86985004
2452,MR040240,0.9624601,0.8600772
2453,MR040240B,0.9625367,0.8737738
2454,MR040240B,0.9669322,0.88150567
2455,MR040240B,0.9669322,0.8821503
2456,MR040240B,0.96609545,0.892045
2457,MR040240B,0.96609545,0.8930379
2458,MR040240B,0.9733413,0.8745148
2459,MR040240B,0.9733413,0.8648422
2460,MR040240B,0.959074,0.85206246
2461,MR040240B,0.959074,0.8687794
2462,MR040240B,0.9561085,0.8594766
2463,MR029209G,0.942045,0.9232667
2464,MR029209G,0.94408846,0.92383885
2465,MR029209G,0.94408846,0.8921947
2466,MR029209G,0.9585788,0.90595067
2467,MR029209G,0.9585788,0.89764774
2468,MR029209G,0.9421865,0.9112223
2469,MR029209G,0.92157376,0.8673936
2470,MR036496B,0.95391715,0.91633195
2471,MR036496B,0.9628271,0.90560424
2472,MR036496B,0.9628271,0.9053322
2473,MR036496B,0.9628211,0.904927
2474,MR036496B,0.96030855,0.8976898
2475,MR036496B,0.9599399,0.8983358
2476,MR033420,0.9072654,0.9048081
2477,MR033420,0.9205568,0.89230096
2478,MR033420,0.95906675,0.91741586
2479,MR033420,0.93281054,0.89563394
2480,MR033420,0.934449,0.89751357
2481,MR033420,0.93505704,0.90338486
2482,MR033420,0.9486164,0.9125723
2483,MR033420,0.9587457,0.9139708
2484,MR033420,0.96555066,0.9222413
2485,MR033420,0.96740425,0.9298445
2486,MR033420,0.96740425,0.9296378
2487,MR033389B,0.9432031,0.9299034
2488,MR033389B,0.9432031,0.9084379
2489,MR033389B,0.95119816,0.9026124
2490,MR033389B,0.95119816,0.91054714
2491,MR033389B,0.9465065,0.9031186
2492,MR033389B,0.9592923,0.90098834
2493,MR033389B,0.9665713,0.9060964
2494,MR033389B,0.9665713,0.9052988
2495,MR033389B,0.9599572,0.9324616
2496,MR024780E,0.9528852,0.9171894
2497,MR024780E,0.95733726,0.9585213
2498,MR024780E,0.95733726,0.95930487
2499,MR026175E,0.93015933,0.8545453
2500,MR026175E,0.93015933,0.91182274
2501,MR026175E,0.93084705,0.90211624
2502,MR026175E,0.9467828,0.8988377
2503,MR026175E,0.95879745,0.9018482
2504,MR026175E,0.95879745,0.9272843
2505,MR026175E,0.9604696,0.9145818
2506,MR026175E,0.9748695,0.9105648
2507,MR026175E,0.9748695,0.920145
2508,MR026175E,0.97249264,0.91899717
2509,MR040240C,0.9754181,0.9022537
2510,MR040240C,0.9754181,0.9227201
2511,MR040240C,0.95038605,0.87942445
2512,MR040240C,0.9458183,0.8508609
2513,MR040240C,0.915382,0.823387
2514,MR040240C,0.89200306,0.8252636
2515,MR040240C,0.828937,0.8190514
2516,MR040240C,0.9738002,0.9275022
2517,MR040240C,0.9738002,0.923921
2518,MR040240C,0.9720433,0.92302936
2519,MR040240C,0.98314893,0.9236434
2520,MR040240C,0.98314893,0.91937333
2521,MR040240C,0.9632117,0.9148837
2522,MR040240C,0.9668216,0.90952104
2523,MR040240C,0.9668216,0.8958317
2524,MR017260F,0.8927231,0.9185773
2525,MR017260F,0.91953427,0.9056598
2526,MR017260F,0.93985105,0.9073166
2527,MR017260F,0.9474888,0.9150555
2528,MR017260F,0.9474888,0.91286695
2529,MR017260F,0.9456118,0.90991426
2530,MR029209I,0.96722126,0.9160362
2531,MR029209I,0.96722126,0.9167492
2532,MR029209I,0.9680624,0.89228296
2533,MR029209I,0.9680624,0.8869293
2534,MR029209I,0.9496237,0.8916769
2535,MR029209I,0.93374825,0.8816505
2536,MR029209I,0.93704104,0.8762022
2537,MR029209I,0.947495,0.8589237
2538,MR029209I,0.947495,0.8692754
2539,MR029209I,0.92078376,0.8675597
2540,MR048294,0.85922706,0.8591909
2541,MR048294,0.863087,0.85878557
2542,MR048294,0.88490164,0.8549806
2543,MR048294,0.90553975,0.8756125
2544,MR048294,0.92376405,0.8743808
2545,MR048294,0.9366667,0.8795348
2546,MR051586,0.95803785,0.8905725
2547,MR051586,0.95803785,0.91088235
2548,MR051586,0.94511235,0.9025262
2549,MR051586,0.9432099,0.89090157
2550,MR051461B,0.9732727,0.9194123
2551,MR051461B,0.97690195,0.9239589
2552,MR051461B,0.97690195,0.9229599
2553,MR051461B,0.97155136,0.9338853
2554,MR051644,0.95796704,0.9059295
2555,MR051644,0.9618519,0.9059324
2556,MR051644,0.96067697,0.89762354
2557,MR051644,0.9580106,0.90310663
2558,MR051644,0.9618519,0.91154814
2559,MR051644,0.97513336,0.91576415
2560,MR051644,0.9842234,0.9164912
2561,MR051644,0.9842234,0.916574
2562,MR051644,0.9651115,0.91262275
2563,MR051644,0.957839,0.9075665
2564,MR051644,0.96210027,0.9205551
2565,MR051644,0.96210027,0.9052802
2566,MR051651,0.9101225,0.9066948
2567,MR051651,0.9510957,0.9013155
2568,MR051651,0.95270085,0.91767645
2569,MR051651,0.9576228,0.91081196
2570,MR051651,0.9576228,0.9144902
2571,MR051651,0.96531093,0.9168099
2572,MR051651,0.96531093,0.9147938
2573,MR051796,0.9555,0.91873735
2574,MR051796,0.9703274,0.9142134
2575,MR051796,0.9703274,0.90733063
2576,MR051796,0.9686053,0.90365505
2577,MR051796,0.93194234,0.9176957
2578,MR051796,0.93194234,0.9141366
2579,MR051651B,0.93328196,0.90035385
2580,MR051651B,0.95087045,0.89568865
2581,MR051651B,0.95411265,0.9003021
2582,MR051651B,0.95411265,0.8981642
2583,MR051651B,0.9685379,0.9141366
2584,MR051651B,0.9758469,0.91135573
2585,MR051651B,0.9758469,0.91442305
2586,MR051796B,0.95912397,0.91088223
2587,MR051796B,0.9632815,0.9147828
2588,MR051796B,0.9632815,0.91882247
2589,MR052550,0.97929466,0.9149459
2590,MR052550,0.97929466,0.9108223
2591,MR052550,0.97731876,0.90420645
2592,MR052550,0.9745211,0.9039714
2593,MR052550,0.9825182,0.909573
2594,MR052550,0.9825182,0.9100417
2595,MR051644C,0.94894624,0.92376024
2596,MR051644C,0.95384836,0.9107995
2597,MR051644C,0.9433203,0.917792
2598,MR051644C,0.94612634,0.91508037
2599,MR051644C,0.94612634,0.89685196
2600,MR051644C,0.95384836,0.92032
2601,MR051644C,0.96326447,0.9460008
2602,MR051644C,0.96326447,0.9485693
2603,MR051644C,0.959622,0.9355367
2604,MR051644C,0.9800111,0.91779405
2605,MR051644C,0.9800111,0.9101575
2606,MR051644C,0.9716433,0.92323136
2607,MR051644C,0.96083367,0.9208063
2608,MR049942B,0.9628998,0.8476931
2609,MR049942B,0.9628998,0.84322226
2610,MR049942B,0.96113616,0.86827195
2611,MR049942B,0.9517791,0.8647111
2612,MR047953C,0.96363336,0.91247755
2613,MR047953C,0.9686099,0.91372365
2614,MR047953C,0.9686099,0.915952
2615,MR047953C,0.96787775,0.90259355
2616,MR047953C,0.9518425,0.9241453
2617,MR053110B,0.9404427,0.9220428
2618,MR053110B,0.94474816,0.90660733
2619,MR053110B,0.94474816,0.90733063
2620,MR053110B,0.9411401,0.91840076
2621,MR053110B,0.9426385,0.93067753
2622,MR053110B,0.95079875,0.91561687
2623,MR053110B,0.95079875,0.90612245
2624,MR034694,0.954577,0.89958036
2625,MR034694,0.954577,0.9121725
2626,MR034694,0.94615877,0.9355367
2627,MR034694,0.93941784,0.9485693
2628,MR034694,0.9341994,0.92032
2629,MR034694,0.9395082,0.91701674
2630,MR034694,0.9395082,0.9183405
2631,MR054683,0.96293473,0.90741074
2632,MR054683,0.96293473,0.8893838
2633,MR054683,0.9608526,0.9044946
2634,MR050687C,0.94693816,0.9070868
2635,MR050687C,0.9592048,0.92058593
2636,MR050687C,0.96139836,0.91059995
2637,MR050687C,0.96139836,0.9176292
2638,MR050687C,0.9641979,0.93736345
2639,MR050687C,0.9641979,0.93258697
2640,MR050687C,0.9463382,0.92402303
2641,MR049242C,0.98386717,0.9110831
2642,MR049242C,0.98386717,0.9221387
2643,MR049242C,0.9822322,0.91366976
2644,MR049242C,0.9822322,0.9123391
2645,MR049242C,0.9741528,0.9167492
2646,MR053241C,0.92726636,0.8558368
2647,MR053241C,0.9375474,0.87104535
2648,MR053241C,0.94500613,0.8771677
2649,MR053241C,0.94500613,0.8714972
2650,MR034997,0.97316,0.91872025
2651,MR034997,0.97316,0.91578984
2652,MR034997,0.9698889,0.90556103
2653,MR034997,0.96503925,0.9075537
2654,MR034997,0.9568997,0.90570694
2655,MR034997,0.9560336,0.9045048
2656,MR034997,0.94324064,0.89377266
2657,MR029209E,0.9465798,0.91691273
2658,MR029209E,0.9465798,0.90700847
2659,MR029209E,0.94616216,0.8926161
2660,MR029209E,0.95379955,0.8752429
2661,MR029209E,0.95379955,0.8970818
2662,MR029209E,0.939389,0.87720114
2663,MR029209E,0.912983,0.8741492
2664,MR053110E,0.9622249,0.9203019
2665,MR053110E,0.9634811,0.9139708
2666,MR053110E,0.96557,0.93992555
2667,MR053110E,0.9634811,0.9222413
2668,MR053110E,0.94912857,0.92070234
2669,MR053110E,0.95300543,0.92930496
2670,MR053110E,0.96355736,0.91181
2671,MR053110E,0.96355736,0.92046875
2672,MR053110E,0.9553789,0.9202065
2673,MR053110E,0.9524145,0.9052146
2674,MR053110E,0.96557,0.92813754
2675,MR049019G,0.9750085,0.92342305
2676,MR049019G,0.9750085,0.91377074
2677,MR049019G,0.9255744,0.9073782
2678,MR031409B,0.96881914,0.9176357
2679,MR031409B,0.96881914,0.9199322
2680,MR024780D,0.94443536,0.9585213
2681,MR024780D,0.94443536,0.95930487
2682,MR038469,0.9565524,0.93736345
2683,MR038469,0.96366656,0.93258697
2684,MR038469,0.96843624,0.92402303
2685,MR038469,0.96843624,0.91297585
2686,MR038469,0.9484806,0.9107995
2687,MR038469,0.9442185,0.92376024
2688,MR032322C,0.938569,0.9143291
2689,MR032322C,0.92045665,0.89865047
2690,MR032322C,0.88875705,0.88544875
2691,MR032322C,0.84450233,0.881104
2692,MR032322C,0.7541379,0.86842066
2693,MR032322C,0.66928303,0.837947
2694,MR032322C,0.96442163,0.89713866
2695,MR032322C,0.96442163,0.90749156
2696,MR032322C,0.9620342,0.9102664
2697,MR032322C,0.9620342,0.9080552
2698,MR032322C,0.9582768,0.899682
2699,MR032322C,0.9521202,0.90284836
2700,MR032322C,0.93937767,0.9215567
2701,MR032322C,0.9386157,0.9299034
2702,MR037458B,0.95890933,0.9189654
2703,MR037458B,0.9612489,0.9092408
2704,MR037458B,0.96760786,0.92290527
2705,MR037458B,0.96760786,0.9356017
2706,MR037458B,0.96550167,0.93828815
2707,MR037458B,0.9603535,0.9052678
2708,MR037458B,0.9395691,0.8878539
2709,MR037458B,0.9150652,0.8838604
2710,MR039473,0.9175131,0.8884015
2711,MR039473,0.9175131,0.9053677
2712,MR039473,0.871846,0.89326686
2713,MR039473,0.86037743,0.9016868
2714,MR039473B,0.9411812,0.87515646
2715,MR039473B,0.94298756,0.8873424
2716,MR039473B,0.9502299,0.8917417
2717,MR039473B,0.9502299,0.88369113
2718,MR039473B,0.9463675,0.86985004
2719,MR039473B,0.947518,0.8756621
2720,MR039473B,0.957504,0.85599977
2721,MR039473B,0.96654105,0.8489123
2722,MR039473B,0.96654105,0.8399719
2723,MR037458C,0.94087446,0.9062603
2724,MR037458C,0.9504066,0.8717968
2725,MR037458C,0.9504066,0.85362303
2726,MR037458C,0.9454975,0.86961794
2727,MR037458C,0.950366,0.88715214
2728,MR037458C,0.95606875,0.9039482
2729,MR037458C,0.95606875,0.9085145
2730,MR037458C,0.94950855,0.904283
2731,MR029209E,0.82892984,0.8672604
2732,MR029209E,0.86872,0.86930305
2733,MR029209E,0.87554574,0.86531776
2734,MR029209E,0.87798893,0.853992
2735,MR029209E,0.8986004,0.861436
2736,MR029209E,0.9119651,0.8651661
2737,MR029209E,0.9119651,0.8728761
2738,MR053110E,0.893816,0.8916764
2739,MR053110E,0.893816,0.90657586
2740,MR053110E,0.8777817,0.90828943
2741,MR053110E,0.8777817,0.9043303
2742,MR053110E,0.81969494,0.88295865
2743,MR049019G,0.95341754,0.793532
2744,MR049019G,0.95341754,0.78760487
2745,MR049019G,0.936612,0.7925253
2746,MR049019G,0.936612,0.80138975
2747,MR049019G,0.9363736,0.7707678
2748,MR031409B,0.92734516,0.8659196
2749,MR031409B,0.92734516,0.8694544
2750,MR024780D,0.89890337,0.98351616
2751,MR024780D,0.89890337,0.9746206
2752,MR024780D,0.8776319,0.9702152
2753,MR038469,0.95466566,0.8614162
2754,MR038469,0.95466566,0.86865586
2755,MR038469,0.94664717,0.89398414
2756,MR038469,0.92922103,0.8992649
2757,MR038469,0.9050014,0.8715938
2758,MR032322C,0.8266493,0.8714141
2759,MR032322C,0.88510025,0.85178083
2760,MR032322C,0.8744701,0.85553485
2761,MR032322C,0.9098562,0.8273131
2762,MR032322C,0.9242819,0.81649286
2763,MR032322C,0.9242819,0.80425453
2764,MR032322C,0.94309664,0.8102128
2765,MR032322C,0.94309664,0.82494134
2766,MR032322C,0.9293902,0.8214866
2767,MR032322C,0.9312068,0.8117287
2768,MR032322C,0.9312068,0.8062066
2769,MR037458B,0.84289765,0.88295865
2770,MR037458B,0.8651197,0.87348247
2771,MR037458B,0.8853267,0.91420233
2772,MR037458B,0.9022914,0.89091563
2773,MR037458B,0.9022914,0.8857785
2774,MR039473,0.8631617,0.8703475
2775,MR039473,0.933862,0.8631066
2776,MR039473,0.93704873,0.8581899
2777,MR039473,0.9424758,0.82580477
2778,MR039473,0.9424758,0.8147274
2779,MR039473,0.9225699,0.83707136
2780,MR039473B,0.95602834,0.8837744
2781,MR039473B,0.95602834,0.88107675
2782,MR039473B,0.95782155,0.8409199
2783,MR039473B,0.96262276,0.8280118
2784,MR039473B,0.96456045,0.7971727
2785,MR039473B,0.96456045,0.8120687
2786,MR039473B,0.96262276,0.80154276
2787,MR040240,0.9492652,0.87184834
2788,MR040240,0.96317315,0.87184966
2789,MR040240,0.96317315,0.85981345
2790,MR040240,0.93589467,0.8706102
2791,MR040240,0.93589467,0.88287824
2792,MR040240,0.92746073,0.8927067
2793,MR040240,0.9127035,0.8770267
2794,MR040240,0.878276,0.88415694
2795,MR040240B,0.9461995,0.87184966
2796,MR040240B,0.9461995,0.8706102
2797,MR040240B,0.93805265,0.88287824
2798,MR040240B,0.9371974,0.8927067
2799,MR040240B,0.91098267,0.8770267
2800,MR029209G,0.8899614,0.90044266
2801,MR029209G,0.8927079,0.8905953
2802,MR029209G,0.9194162,0.8655434
2803,MR029209G,0.9442491,0.89836645
2804,MR029209G,0.9442491,0.8879358
2805,MR036496B,0.84572756,0.89079124
2806,MR036496B,0.84572756,0.8653883
2807,MR036496B,0.82874304,0.8946573
2808,MR036496B,0.82142895,0.87657404
2809,MR033420,0.91040015,0.8906255
2810,MR033420,0.91040015,0.87943286
2811,MR033420,0.92176354,0.87208617
2812,MR033420,0.928092,0.8694771
2813,MR033420,0.940839,0.82863736
2814,MR033420,0.9480829,0.8247915
2815,MR033420,0.9480829,0.8269256
2816,MR033420,0.9378657,0.840818
2817,MR024780B,0.8961135,0.90567774
2818,MR024780B,0.8961135,0.90850407
2819,MR024780B,0.8477927,0.90284556
2820,MR024780B,0.80222154,0.86935157
2821,MR033389B,0.8485692,0.8714141
2822,MR048294,0.9366667,0.8717872
2823,MR048297,0.86376363,0.86008495
2824,MR048297,0.8960581,0.86382324
2825,MR048297,0.9190702,0.8445414
2826,MR048297,0.93461657,0.8421112
2827,MR048297,0.9443829,0.8540735
2828,MR048297,0.9443829,0.8440697
2829,MR048297,0.95151937,0.85871255
2830,MR048297,0.95151937,0.85992473
2831,MR048294B,0.8052242,0.87199605
2832,MR048294B,0.8263058,0.8921654
2833,MR048294B,0.85264087,0.87940395
2834,MR048294B,0.879317,0.89299554
2835,MR048294B,0.879317,0.87074155
2836,MR048294B,0.6958113,0.8689732
2837,MR048621B,0.94407153,0.9011247
2838,MR048621B,0.9478581,0.8848164
2839,MR048621B,0.9478581,0.89119345
2840,MR048944,0.93124384,0.86151975
2841,MR048944,0.9387409,0.84907115
2842,MR048944,0.94277585,0.86151564
2843,MR048944,0.94277585,0.84701365
2844,MR048944,0.93495786,0.85422677
2845,MR048944,0.93495786,0.85424316
2846,MR048994,0.9595703,0.8710424
2847,MR048994,0.9715316,0.86407423
2848,MR048994,0.9715316,0.86381316
2849,MR048994,0.9537286,0.88306254
2850,MR048994,0.9414159,0.89472795
2851,MR048994,0.9414159,0.88861704
2852,MR048994,0.9405576,0.8784794
2853,MR048994,0.91886973,0.88061714
2854,MR049104,0.9437822,0.85153174
2855,MR049104,0.9437822,0.85948896
2856,MR049104,0.9299514,0.8875809
2857,MR049104,0.9284463,0.8833003
2858,MR049142,0.9067543,0.8388081
2859,MR049142,0.9067543,0.8387271
2860,MR049142,0.9015026,0.8669858
2861,MR048994B,0.96420586,0.8553191
2862,MR048994B,0.96420586,0.8422697
2863,MR048994B,0.9474232,0.8562862
2864,MR048994B,0.95704293,0.88292754
2865,MR048994B,0.95704293,0.89182377
2866,MR049358,0.816986,0.86930305
2867,MR049358,0.83870757,0.86531776
2868,MR049358,0.8797853,0.861436
2869,MR049358,0.9016571,0.8577789
2870,MR049358,0.9215714,0.8514624
2871,MR049358,0.9341719,0.82880914
2872,MR049358,0.9341719,0.84085226
2873,MR049104B,0.96277124,0.7831607
2874,MR049104B,0.96277124,0.7910055
2875,MR049104B,0.9499401,0.80138975
2876,MR049453,0.90320295,0.83102065
2877,MR049453,0.90320295,0.8336178
2878,MR049453,0.901773,0.80299336
2879,MR049453,0.901773,0.82728946
2880,MR049453,0.89922166,0.82880914
2881,MR049453,0.89922166,0.87074155
2882,MR049453,0.84991145,0.89299554
2883,MR049453,0.8435217,0.8856145
2884,MR049453,0.7775384,0.8921654
2885,MR024780G,0.90514976,0.9041711
2886,MR024780G,0.90514976,0.88415694
2887,MR024780G,0.8575939,0.8853934
2888,MR024780G,0.8418461,0.87129813
2889,MR024780G,0.7885984,0.88399684
2890,MR024780G,0.7885984,0.902166
2891,MR050135B,0.85252905,0.90868586
2892,MR050135B,0.87899375,0.9282522
2893,MR050135B,0.9096981,0.920297
2894,MR050135B,0.9237691,0.872054
2895,MR050135B,0.9237691,0.8728761
2896,MR050135B,0.9306241,0.8617942
2897,MR050135B,0.94908464,0.84839624
2898,MR050135B,0.9532905,0.8479787
2899,MR050135B,0.9532905,0.8572455
2900,MR050687,0.8421334,0.8384498
2901,MR050687,0.89033914,0.8968853
2902,MR050687,0.90199137,0.88052976
2903,MR050687,0.90199137,0.87574977
2904,MR050687,0.92470896,0.8605735
2905,MR050687,0.92470896,0.8524349
2906,MR050791B,0.88017654,0.890026
2907,MR050791B,0.906733,0.8735867
2908,MR050791B,0.91423357,0.86485183
2909,MR050791B,0.9302886,0.8564788
2910,MR050791B,0.9458504,0.854132
2911,MR050791B,0.94741344,0.8400903
2912,MR050791B,0.94741344,0.85744494
2913,MR050791B,0.9447023,0.85425323
2914,MR049019C,0.95343053,0.9041711
2915,MR049019C,0.95343053,0.87624544
2916,MR049019C,0.94891036,0.88087344
2917,MR049019C,0.9389906,0.8774329
2918,MR051461,0.9574048,0.8902113
2919,MR051461,0.9574048,0.88197684
2920,MR051461,0.9443588,0.884969
2921,MR051461,0.94808614,0.8803655
2922,MR051461,0.94808614,0.87500334
2923,MR051461,0.9393574,0.8763266
2924,MR051461,0.9393574,0.8843
2925,MR051586,0.8032537,0.8698827
2926,MR051586,0.8374096,0.8667464
2927,MR051586,0.86646366,0.8615711
2928,MR051586,0.88647693,0.84813446
2929,MR051586,0.89994574,0.84367347
2930,MR051586,0.90761274,0.82869834
2931,MR051586,0.9266958,0.8149003
2932,MR051586,0.9266958,0.82520026
2933,MR051586,0.9031883,0.8443062
2934,MR051644,0.9546083,0.8854351
2935,MR051644,0.97177017,0.8829427
2936,MR051644,0.97177017,0.8859516
2937,MR051644,0.9604091,0.8820148
2938,MR051644,0.9397069,0.8824608
2939,MR051644,0.94824106,0.8866181
2940,MR051644,0.94824106,0.8942076
2941,MR051644,0.93480885,0.9257142
2942,MR051644,0.9202533,0.91937035
2943,MR051644,0.9052035,0.92028666
2944,MR051651,0.9376203,0.8821004
2945,MR051651,0.9523556,0.8967332
2946,MR051651,0.9523556,0.9257142
2947,MR051651,0.9317367,0.91937035
2948,MR051796,0.89940816,0.8339295
2949,MR051796,0.89940816,0.8631066
2950,MR051796,0.90498257,0.85778314
2951,MR051796,0.9200099,0.8703475
2952,MR051796,0.9200099,0.872054
2953,MR051796,0.9021681,0.8889536
2954,MR051796,0.87648594,0.8900698
2955,MR051651B,0.9716177,0.8859516
2956,MR051651B,0.9716177,0.88272685
2957,MR051651B,0.95463216,0.87427384
2958,MR051651B,0.95463216,0.8775947
2959,MR051651B,0.9518944,0.8555011
2960,MR051651B,0.94455206,0.8692156
2961,MR051644B,0.9077878,0.8532412
2962,MR051644B,0.9263414,0.85489583
2963,MR051644B,0.95568526,0.8807045
2964,MR051644B,0.95568526,0.874962
2965,MR051644B,0.94454694,0.8643364
2966,MR051644B,0.9508736,0.8325079
2967,MR051644B,0.9563329,0.81261873
2968,MR051644B,0.9563329,0.8037692
2969,MR051644B,0.93796647,0.8045689
2970,MR051796B,0.94276065,0.8735088
2971,MR051796B,0.94276065,0.86065596
2972,MR051796B,0.9537896,0.8654326
2973,MR051796B,0.9537896,0.85400385
2974,MR051796B,0.94432795,0.8569371
2975,MR052550,0.96362686,0.8864503
2976,MR052550,0.96362686,0.89954877
2977,MR052550,0.96325326,0.88207155
2978,MR052550,0.96325326,0.87647986
2979,MR052550,0.95511425,0.866373
2980,MR052550,0.96629435,0.8787085
2981,MR052550,0.9769037,0.8827609
2982,MR052550,0.9769037,0.89144236
2983,MR051644C,0.92629695,0.8992649
2984,MR051644C,0.92781043,0.89398414
2985,MR051644C,0.95709395,0.8735088
2986,MR051644C,0.96038747,0.86124176
2987,MR051644C,0.96038747,0.8511073
2988,MR051644C,0.93481594,0.8533954
2989,MR051644C,0.9394375,0.8615232
2990,MR051644C,0.9405873,0.86404496
2991,MR051644C,0.9405873,0.8607001
2992,MR051644C,0.9277309,0.8554095
2993,MR049942B,0.9333389,0.8875809
2994,MR049942B,0.9333389,0.8781158
2995,MR049942B,0.9193984,0.8689732
2996,MR052585B,0.95181376,0.8686122
2997,MR052585B,0.95197976,0.84295744
2998,MR052585B,0.95197976,0.8608835
2999,MR053110B,0.9098737,0.88081324
3000,MR053110B,0.9098737,0.87993234
3001,MR053110B,0.88410246,0.8853934
3002,MR053110B,0.85166216,0.8540242
3003,MR053110B,0.8276204,0.8870321
3004,MR053110B,0.783847,0.8871547
3005,MR034694,0.9169024,0.75727093
3006,MR034694,0.9169024,0.77205276
3007,MR034694,0.8572496,0.8510207
3008,MR034694,0.8498441,0.8154041
3009,MR054875,0.93827415,0.8440355
3010,MR054875,0.93827415,0.8621271
3011,MR054875,0.9217726,0.8602502
3012,MR054875,0.91314375,0.87895787
3013,MR054875,0.9082728,0.8724892
3014,MR050687C,0.7858945,0.87657404
3015,MR050687C,0.82797635,0.8946573
3016,MR050687C,0.8618251,0.8724892
3017,MR050687C,0.8776541,0.8557973
3018,MR050687C,0.9146695,0.8389304
3019,MR050687C,0.9146695,0.8529132
3020,MR056144,0.9117104,0.8158703
3021,MR056144,0.9117104,0.78850126
3022,MR034997,0.7951291,0.8843
3023,MR034997,0.85618734,0.88156796
3024,MR034997,0.8820131,0.87267417
3025,MR034997,0.90167797,0.83411187
3026,MR034997,0.9059637,0.8346674
3027,MR034997,0.9059637,0.8322295
3028,MR034997,0.8986362,0.86587596
3029,MR029209E,0.81819355,0.87369275
3030,53669,,0.79754156
3031,MR033389B,0.8767252,0.86818695
3032,MR033389B,0.8767252,0.85298175
3033,MR033389B,0.8834994,0.8154041
3034,MR033389B,0.8862357,0.8597137
3035,MR033389B,0.9040867,0.78556496
3036,MR033389B,0.9040867,0.8065112
3037,MR033389B,0.90208066,0.8324946
3038,MR033389B,0.90208066,0.81551355
3039,MR024780E,0.8826219,0.98351616
3040,MR024780E,0.8826219,0.9746206
3041,MR024780E,0.86781985,0.9702152
3042,MR040240C,0.9556614,0.6688727
3043,MR040240C,0.9556614,0.65817845
3044,MR040240C,0.94315135,0.66777545
3045,MR040240C,0.94315135,0.6688192
3046,MR040240C,0.9302453,0.6732241
3047,MR040240D,0.91797084,0.8443642
3048,MR040240D,0.91797084,0.84059656
3049,MR017260F,0.8458177,0.90051675
3050,MR017260F,0.8617345,0.8887844
3051,MR017260F,0.91583765,0.91617256
3052,MR017260F,0.9278333,0.90526825
3053,MR017260F,0.92962724,0.8757564
3054,MR017260F,0.9318366,0.89144236
3055,MR017260F,0.9318366,0.8827609
3056,MR029209I,0.8529941,0.890026
3057,MR029209I,0.85966086,0.8652965
3058,MR029209I,0.8689966,0.8468125
3059,MR029209I,0.87137425,0.8509486
3060,MR029209I,0.9045758,0.8593814
3061,MR029209I,0.92441356,0.86464274
3062,MR029209I,0.92441356,0.8734274
3063,95969,,0.92922837
3064,88510,,0.9242419
