arm,image_id,patient_id,test_fold,true_class,logit_0,logit_1,logit_2,prob_0,prob_1,prob_2,pred_class,n_other_total,n_other_train,frac_other_train,single_slice_patient,has_same_patient_train_slice,experiment_input_commit
A,24,102420,1,0,6.333481311798096,-1.7075340747833252,-4.3074164390563965,0.9996542201996287,0.00032187051321249955,2.390928715892782e-05,0,6,0,0.0,False,False,e78a2b735352b6456a91a807897adc4623f3298e
A,25,102420,1,0,7.067857265472412,-3.0050454139709473,-3.460486650466919,0.9999310299214527,4.220500880515152e-05,2.6765069742253732e-05,0,6,0,0.0,False,False,e78a2b735352b6456a91a807897adc4623f3298e
A,27,102675,1,0,3.759957790374756,0.08859805017709732,-4.027910232543945,0.9747951238473319,0.024800593375906933,0.00040428277676111165,0,4,0,0.0,False,False,e78a2b735352b6456a91a807897adc4623f3298e
A,34,102935,1,0,2.8578760623931885,0.07109274715185165,-3.1205005645751953,0.9397153440739314,0.057904418177665014,0.0023802377484036163,0,2,0,0.0,False,False,e78a2b735352b6456a91a807897adc4623f3298e
A,60,105937,1,0,7.2447028160095215,-4.236171245574951,-2.6329259872436523,0.9999383682935199,1.0325069424778782e-05,5.130663705534151e-05,0,8,0,0.0,False,False,e78a2b735352b6456a91a807897adc4623f3298e
A,61,105937,1,0,7.324445724487305,-4.584748268127441,-2.3502886295318604,0.9999304249928544,6.727791874229804e-06,6.284721527129088e-05,0,8,0,0.0,False,False,e78a2b735352b6456a91a807897adc4623f3298e
A,67,106442,1,0,6.265488147735596,-0.21952810883522034,-6.044268608093262,0.9984716957820687,0.0015238035566881567,4.5006612429964925e-06,0,9,0,0.0,False,False,e78a2b735352b6456a91a807897adc4623f3298e
A,68,106442,1,0,7.168418884277344,-1.5748672485351562,-5.400753021240234,0.9998370201869689,0.00015950279284252596,3.477020188651636e-06,0,9,0,0.0,False,False,e78a2b735352b6456a91a807897adc4623f3298e
A,69,106442,1,0,6.097259998321533,-0.8247644305229187,-5.138369083404541,0.9990019693143098,0.000984848281200101,1.3182404490045904e-05,0,9,0,0.0,False,False,e78a2b735352b6456a91a807897adc4623f3298e
A,70,106442,1,0,1.609294056892395,1.5752246379852295,-3.4529895782470703,0.5068846354279912,0.489906234807381,0.003209129764627719,0,9,0,0.0,False,False,e78a2b735352b6456a91a807897adc4623f3298e
A,80,106720,1,0,5.5740275382995605,-1.998971700668335,-3.295619249343872,0.9993456880857234,0.0005138116676317655,0.00014050024664477746,0,16,0,0.0,False,False,e78a2b735352b6456a91a807897adc4623f3298e
A,81,106720,1,0,4.043975353240967,-0.40500399470329285,-3.5547776222229004,0.9879552753809965,0.011549684042269751,0.0004950405767337266,0,16,0,0.0,False,False,e78a2b735352b6456a91a807897adc4623f3298e
A,82,106720,1,0,4.645576000213623,-0.1311148703098297,-4.549527645111084,0.991546703651313,0.008352619317265901,0.00010067703142111563,0,16,0,0.0,False,False,e78a2b735352b6456a91a807897adc4623f3298e
A,83,106720,1,0,3.6819305419921875,-0.03271111100912094,-3.676208972930908,0.9756082773826196,0.02376988629254044,0.0006218363248399999,0,16,0,0.0,False,False,e78a2b735352b6456a91a807897adc4623f3298e
A,84,106720,1,0,3.9014694690704346,-0.7315787672996521,-3.1441500186920166,0.9895148174473225,0.0096231004345013,0.0008620821181760252,0,16,0,0.0,False,False,e78a2b735352b6456a91a807897adc4623f3298e
A,85,106720,1,0,4.985167980194092,-1.7957900762557983,-2.871431350708008,0.9984799389645116,0.0011334612509066688,0.0003865997845817461,0,16,0,0.0,False,False,e78a2b735352b6456a91a807897adc4623f3298e
A,86,106720,1,0,3.8352088928222656,-0.9711437225341797,-2.7377543449401855,0.9905155343925742,0.00810007186647947,0.0013843937409463388,0,16,0,0.0,False,False,e78a2b735352b6456a91a807897adc4623f3298e
A,132,111532,1,0,5.243167400360107,0.944831132888794,-6.1938796043396,0.9865805894556998,0.013408767002667738,1.0643541632340754e-05,0,10,0,0.0,False,False,e78a2b735352b6456a91a807897adc4623f3298e
A,133,111532,1,0,7.4551920890808105,-1.0706950426101685,-6.1349616050720215,0.9998005182826425,0.0001982291975576031,1.2525197999496427e-06,0,10,0,0.0,False,False,e78a2b735352b6456a91a807897adc4623f3298e
A,134,111532,1,0,7.857137203216553,-1.7559082508087158,-5.7485880851745605,0.9999319202994184,6.684637137171611e-05,1.2333292097802381e-06,0,10,0,0.0,False,False,e78a2b735352b6456a91a807897adc4623f3298e
A,142,112252,1,0,7.107791423797607,-2.399707078933716,-4.491001605987549,0.9999165371566634,7.428645167806604e-05,9.176391658624271e-06,0,5,0,0.0,False,False,e78a2b735352b6456a91a807897adc4623f3298e
A,143,112252,1,0,5.220949649810791,-0.2896406650543213,-4.902849197387695,0.9959327767989997,0.004027272900507094,3.995030049322502e-05,0,5,0,0.0,False,False,e78a2b735352b6456a91a807897adc4623f3298e
A,175,97607,1,0,6.4143853187561035,-1.7667574882507324,-4.530001163482666,0.9997025497419991,0.00027979865534625404,1.7651602654653026e-05,0,11,0,0.0,False,False,e78a2b735352b6456a91a807897adc4623f3298e
A,176,97607,1,0,7.398223876953125,-3.050173044204712,-4.093217372894287,0.9999607896540071,2.8993579986187053e-05,1.021676600674215e-05,0,11,0,0.0,False,False,e78a2b735352b6456a91a807897adc4623f3298e
A,177,97607,1,0,6.354913234710693,-3.0235044956207275,-3.1076769828796387,0.9998377924142527,8.451513298343378e-05,7.769245276397596e-05,0,11,0,0.0,False,False,e78a2b735352b6456a91a807897adc4623f3298e
A,178,97607,1,0,6.879469394683838,-3.4640772342681885,-3.1620566844940186,0.9999242525627723,3.219747968085157e-05,4.354995754668356e-05,0,11,0,0.0,False,False,e78a2b735352b6456a91a807897adc4623f3298e
A,179,97607,1,0,4.631571292877197,-0.084775909781456,-4.772146224975586,0.9910505945579082,0.008867725917929961,8.167952416180603e-05,0,11,0,0.0,False,False,e78a2b735352b6456a91a807897adc4623f3298e
A,180,97737,1,0,7.1249308586120605,-3.359011173248291,-3.421473979949951,0.9999457329268266,2.7980679595471955e-05,2.6286393577882154e-05,0,14,0,0.0,False,False,e78a2b735352b6456a91a807897adc4623f3298e
A,181,97737,1,0,7.14699125289917,-3.16113543510437,-3.6827616691589355,0.9999468404500784,3.3359103679123226e-05,1.980044624243474e-05,0,14,0,0.0,False,False,e78a2b735352b6456a91a807897adc4623f3298e
A,182,97737,1,0,6.195023536682129,-3.012235164642334,-3.054182529449463,0.9998035419722963,0.00010028893594996448,9.616909175366895e-05,0,14,0,0.0,False,False,e78a2b735352b6456a91a807897adc4623f3298e
A,183,97737,1,0,6.575887203216553,-2.871093988418579,-3.599142551422119,0.9998829760674851,7.891823650450758e-05,3.810569601045883e-05,0,14,0,0.0,False,False,e78a2b735352b6456a91a807897adc4623f3298e
A,198,99017,1,0,4.711309909820557,-5.310701847076416,1.6082522869110107,0.9569780188553334,4.250084442137082e-05,0.042979480300245065,0,5,0,0.0,False,False,e78a2b735352b6456a91a807897adc4623f3298e
A,199,99017,1,0,3.4445254802703857,-3.1566340923309326,0.4035552740097046,0.9531550106567688,0.0012951389326407593,0.04554985041059039,0,5,0,0.0,False,False,e78a2b735352b6456a91a807897adc4623f3298e
A,236,102420,1,0,6.755122184753418,-1.6274735927581787,-4.786798477172852,0.9997615274509204,0.0002287606543500163,9.711894729606343e-06,0,6,0,0.0,False,False,e78a2b735352b6456a91a807897adc4623f3298e
A,237,102420,1,0,7.0973429679870605,-2.007383108139038,-4.558425426483154,0.9998802061375894,0.00011112599868106634,8.667863729550757e-06,0,6,0,0.0,False,False,e78a2b735352b6456a91a807897adc4623f3298e
A,238,102420,1,0,4.830917835235596,-1.0960285663604736,-3.415996789932251,0.9970798738948012,0.0026588254879347053,0.000261300617263997,0,6,0,0.0,False,False,e78a2b735352b6456a91a807897adc4623f3298e
A,240,102675,1,0,4.305088520050049,-0.6879931092262268,-3.3445372581481934,0.9927913947500426,0.00673581584013901,0.0004727894098183345,0,4,0,0.0,False,False,e78a2b735352b6456a91a807897adc4623f3298e
A,241,102675,1,0,3.5566394329071045,-0.9451695680618286,-2.1255083084106445,0.9857119540289149,0.010930479541228333,0.003357566429856719,0,4,0,0.0,False,False,e78a2b735352b6456a91a807897adc4623f3298e
A,252,102935,1,0,2.78398060798645,0.4928045868873596,-3.358818531036377,0.9063748000518363,0.09167749102998879,0.0019477089181748084,0,2,0,0.0,False,False,e78a2b735352b6456a91a807897adc4623f3298e
A,286,105937,1,0,6.931599140167236,-3.4065616130828857,-2.9811501502990723,0.9999180938468106,3.2371159749450646e-05,4.95349934398471e-05,0,8,0,0.0,False,False,e78a2b735352b6456a91a807897adc4623f3298e
A,287,105937,1,0,8.99821949005127,-4.975673675537109,-3.2153048515319824,0.9999941836306804,8.535181906151326e-07,4.962851129054831e-06,0,8,0,0.0,False,False,e78a2b735352b6456a91a807897adc4623f3298e
A,288,105937,1,0,5.486642837524414,-2.2347209453582764,-2.8694469928741455,0.9993222427011634,0.0004429552672132846,0.00023480203162321576,0,8,0,0.0,False,False,e78a2b735352b6456a91a807897adc4623f3298e
A,289,105937,1,0,5.40819787979126,-2.8986823558807373,-1.8052806854248047,0.9990175628745006,0.00024657036330404976,0.0007358667621952726,0,8,0,0.0,False,False,e78a2b735352b6456a91a807897adc4623f3298e
A,294,106442,1,0,7.172285556793213,-1.9423694610595703,-4.958891868591309,0.9998845831895787,0.00011002857630443726,5.38823411670447e-06,0,9,0,0.0,False,False,e78a2b735352b6456a91a807897adc4623f3298e
A,295,106442,1,0,7.827589988708496,-2.598355293273926,-4.862146377563477,0.9999672654105665,2.9652087890501338e-05,3.082501542824672e-06,0,9,0,0.0,False,False,e78a2b735352b6456a91a807897adc4623f3298e
A,296,106442,1,0,7.4504899978637695,-2.2202937602996826,-4.910864353179932,0.999932623289644,6.309612901409191e-05,4.280581342001005e-06,0,9,0,0.0,False,False,e78a2b735352b6456a91a807897adc4623f3298e
A,304,106720,1,0,3.2405192852020264,-0.6613216400146484,-2.1985185146331787,0.9760398396149137,0.01972057446116492,0.004239585923921431,0,16,0,0.0,False,False,e78a2b735352b6456a91a807897adc4623f3298e
A,305,106720,1,0,2.555560827255249,0.7202251553535461,-3.1607460975646973,0.8599548269897218,0.13721433457037893,0.0028308384398991345,0,16,0,0.0,False,False,e78a2b735352b6456a91a807897adc4623f3298e
A,306,106720,1,0,2.2624380588531494,-0.4664881229400635,-1.6375386714935303,0.9212075151775381,0.060145049962732844,0.018647434859729188,0,16,0,0.0,False,False,e78a2b735352b6456a91a807897adc4623f3298e
A,307,106720,1,0,1.542295217514038,0.75131756067276,-1.970163106918335,0.6742066268013129,0.30568616620995986,0.020107206988727228,0,16,0,0.0,False,False,e78a2b735352b6456a91a807897adc4623f3298e
A,308,106720,1,0,1.4475146532058716,1.261013150215149,-2.6600182056427,0.541622139611485,0.4494690943506114,0.008908766037903554,0,16,0,0.0,False,False,e78a2b735352b6456a91a807897adc4623f3298e
A,309,106720,1,0,2.287736177444458,1.938390851020813,-4.032040119171143,0.5858402662000533,0.41310501850011816,0.0010547152998286375,0,16,0,0.0,False,False,e78a2b735352b6456a91a807897adc4623f3298e
A,310,106720,1,0,0.7407320737838745,3.960113286972046,-4.547145366668701,0.03843538706215046,0.9613704191801165,0.00019419375773306496,1,16,0,0.0,False,False,e78a2b735352b6456a91a807897adc4623f3298e
A,357,111532,1,0,3.8452188968658447,0.5491930842399597,-4.046023845672607,0.963944574556006,0.03569490584040746,0.0003605196035865771,0,10,0,0.0,False,False,e78a2b735352b6456a91a807897adc4623f3298e
A,358,111532,1,0,5.453376770019531,0.05099879205226898,-5.034749984741211,0.9954867431195038,0.00448551729892477,2.7739581571447003e-05,0,10,0,0.0,False,False,e78a2b735352b6456a91a807897adc4623f3298e
A,359,111532,1,0,6.5211181640625,-0.28873977065086365,-5.761966228485107,0.9988937461924617,0.001101629533937767,4.62427360041125e-06,0,10,0,0.0,False,False,e78a2b735352b6456a91a807897adc4623f3298e
A,360,111532,1,0,7.192575931549072,-0.3177170753479004,-6.369938373565674,0.9994515923703201,0.0005471204575114092,1.2871721685826413e-06,0,10,0,0.0,False,False,e78a2b735352b6456a91a807897adc4623f3298e
A,361,111532,1,0,6.90754508972168,-0.6824958324432373,-5.779628753662109,0.9994917076117138,0.0005052034473502397,3.088940935892638e-06,0,10,0,0.0,False,False,e78a2b735352b6456a91a807897adc4623f3298e
A,370,112252,1,0,2.521557331085205,0.8092656135559082,-3.1476407051086426,0.8446642185067345,0.15242115657763253,0.0029146249156329013,0,5,0,0.0,False,False,e78a2b735352b6456a91a807897adc4623f3298e
A,371,112252,1,0,3.2211496829986572,0.2800617218017578,-3.3929505348205566,0.9486319901032836,0.05009558974472669,0.0012724201519898897,0,5,0,0.0,False,False,e78a2b735352b6456a91a807897adc4623f3298e
A,405,97607,1,0,6.322940349578857,-1.882318139076233,-3.953855514526367,0.9996924588655778,0.00027312907369642813,3.4412060725707376e-05,0,11,0,0.0,False,False,e78a2b735352b6456a91a807897adc4623f3298e
A,406,97607,1,0,6.883266448974609,-1.6813887357711792,-4.871959686279297,0.9998014618800369,0.00019069147643079894,7.846643532491782e-06,0,11,0,0.0,False,False,e78a2b735352b6456a91a807897adc4623f3298e
A,407,97607,1,0,7.615540027618408,-2.173997163772583,-5.132467746734619,0.9999410605411447,5.603152200839891e-05,2.9079368469056605e-06,0,11,0,0.0,False,False,e78a2b735352b6456a91a807897adc4623f3298e
A,408,97737,1,0,6.347715854644775,-1.506969928741455,-4.200844764709473,0.9995860103009615,0.0003877693480851522,2.6220350953326533e-05,0,14,0,0.0,False,False,e78a2b735352b6456a91a807897adc4623f3298e
A,409,97737,1,0,6.559173107147217,-2.4340271949768066,-3.5172131061553955,0.9998337146995014,0.00012423115167796726,4.205414882045333e-05,0,14,0,0.0,False,False,e78a2b735352b6456a91a807897adc4623f3298e
A,410,97737,1,0,7.435804843902588,-4.0128350257873535,-2.922130823135376,0.9999575979185199,1.0663516957520112e-05,3.17385645226435e-05,0,14,0,0.0,False,False,e78a2b735352b6456a91a807897adc4623f3298e
A,411,97737,1,0,7.577951431274414,-3.3885862827301025,-3.7122838497161865,0.9999702365179909,1.7269519691301552e-05,1.2493962317869773e-05,0,14,0,0.0,False,False,e78a2b735352b6456a91a807897adc4623f3298e
A,412,97737,1,0,7.436079978942871,-2.9782111644744873,-4.028524398803711,0.9999595059029973,2.9999446144148157e-05,1.049465085844345e-05,0,14,0,0.0,False,False,e78a2b735352b6456a91a807897adc4623f3298e
A,413,97737,1,0,7.042256832122803,-3.342355728149414,-3.2766661643981934,0.999936097061385,3.0902407475943534e-05,3.300053113915233e-05,0,14,0,0.0,False,False,e78a2b735352b6456a91a807897adc4623f3298e
A,430,99017,1,0,3.718207836151123,-0.5679171681404114,-2.889521837234497,0.9851168271722767,0.01355337015211885,0.001329802675604647,0,5,0,0.0,False,False,e78a2b735352b6456a91a807897adc4623f3298e
A,431,99017,1,0,3.4258792400360107,-0.06933493167161942,-3.314136266708374,0.9694385673325328,0.029414946680701104,0.0011464859867663147,0,5,0,0.0,False,False,e78a2b735352b6456a91a807897adc4623f3298e
A,474,102420,1,0,2.0280702114105225,1.454641342163086,-3.346796751022339,0.6376651532462622,0.359381478367038,0.002953368386699828,0,6,0,0.0,False,False,e78a2b735352b6456a91a807897adc4623f3298e
A,475,102420,1,0,2.012451410293579,0.6264181733131409,-2.3900907039642334,0.7921975144166751,0.19810110083039287,0.009701384752932076,0,6,0,0.0,False,False,e78a2b735352b6456a91a807897adc4623f3298e
A,478,102675,1,0,2.8516781330108643,0.2978071868419647,-3.044684410095215,0.9254722492372366,0.07198323183976955,0.002544518922993884,0,4,0,0.0,False,False,e78a2b735352b6456a91a807897adc4623f3298e
A,479,102675,1,0,1.3396822214126587,3.299738645553589,-4.825319766998291,0.12342891402209512,0.8763116736784019,0.00025941229950282124,1,4,0,0.0,False,False,e78a2b735352b6456a91a807897adc4623f3298e
A,489,102935,1,0,2.494544744491577,0.2905571758747101,-2.751875400543213,0.89635569891101,0.09892378953147538,0.004720511557514552,0,2,0,0.0,False,False,e78a2b735352b6456a91a807897adc4623f3298e
A,520,105937,1,0,4.335295677185059,-1.979010820388794,-1.8640830516815186,0.996173783590155,0.001803294421636673,0.0020229219882082626,0,8,0,0.0,False,False,e78a2b735352b6456a91a807897adc4623f3298e
A,521,105937,1,0,5.495209217071533,-2.969369649887085,-1.7967841625213623,0.9991090206722545,0.00021061678861023997,0.0006803625391352935,0,8,0,0.0,False,False,e78a2b735352b6456a91a807897adc4623f3298e
A,522,105937,1,0,4.830682754516602,-0.3734963536262512,-4.243297100067139,0.9944231084348785,0.005462921229248212,0.00011397033587328954,0,8,0,0.0,False,False,e78a2b735352b6456a91a807897adc4623f3298e
A,527,106442,1,0,4.8861613273620605,-2.1815178394317627,-2.350067138671875,0.9984302371457906,0.0008508708844803245,0.0007188919697289007,0,9,0,0.0,False,False,e78a2b735352b6456a91a807897adc4623f3298e
A,528,106442,1,0,5.279469013214111,-1.6000818014144897,-3.3738174438476562,0.9987982876279324,0.001027369887650515,0.00017434248441704447,0,9,0,0.0,False,False,e78a2b735352b6456a91a807897adc4623f3298e
A,529,106442,1,0,6.1055521965026855,-2.171781539916992,-3.5474867820739746,0.9996816571990658,0.00025413317180368486,6.420962913046122e-05,0,9,0,0.0,False,False,e78a2b735352b6456a91a807897adc4623f3298e
A,540,106720,1,0,6.566155910491943,-1.6184275150299072,-4.669855117797852,0.9997079741748324,0.0002788391421085721,1.3186683059220853e-05,0,16,0,0.0,False,False,e78a2b735352b6456a91a807897adc4623f3298e
A,541,106720,1,0,4.779838562011719,0.42250126600265503,-4.989293575286865,0.9872938753356311,0.012649661363620397,5.646330074854359e-05,0,16,0,0.0,False,False,e78a2b735352b6456a91a807897adc4623f3298e
A,542,106720,1,0,6.441901683807373,-1.4664762020111084,-4.5003533363342285,0.999614803435621,0.000367508850506638,1.7687713872309666e-05,0,16,0,0.0,False,False,e78a2b735352b6456a91a807897adc4623f3298e
A,584,110808,1,0,4.694089412689209,-2.0084567070007324,-2.5177972316741943,0.9980383100079601,0.0012253733127413219,0.000736316679298512,0,1,0,0.0,False,False,e78a2b735352b6456a91a807897adc4623f3298e
A,585,110808,1,0,4.920830249786377,0.08816476911306381,-5.227695941925049,0.9920591661651504,0.007902010874387553,3.8822960461939035e-05,0,1,0,0.0,False,False,e78a2b735352b6456a91a807897adc4623f3298e
A,593,111532,1,0,4.948764324188232,1.2132375240325928,-5.941520690917969,0.9766776827085685,0.02330411355345398,1.8203737977600624e-05,0,10,0,0.0,False,False,e78a2b735352b6456a91a807897adc4623f3298e
A,594,111532,1,0,5.640932559967041,0.12793762981891632,-5.442370891571045,0.9959669568341851,0.004017738374937663,1.5304790877148013e-05,0,10,0,0.0,False,False,e78a2b735352b6456a91a807897adc4623f3298e
A,595,111532,1,0,4.450509548187256,-0.16914129257202148,-4.015672206878662,0.9900336247062094,0.00975800590113905,0.00020836939265144312,0,10,0,0.0,False,False,e78a2b735352b6456a91a807897adc4623f3298e
A,596,111696,1,0,1.6888002157211304,0.2395976185798645,-1.6330437660217285,0.7868788655923941,0.18472564424031213,0.028395490167293817,0,0,0,,True,False,e78a2b735352b6456a91a807897adc4623f3298e
A,606,112252,1,0,3.38508677482605,1.4448983669281006,-4.783997535705566,0.8741563208524086,0.12559605051245315,0.00024762863513813377,0,5,0,0.0,False,False,e78a2b735352b6456a91a807897adc4623f3298e
A,607,112252,1,0,2.6330854892730713,-0.5207017660140991,-1.834653615951538,0.948619569036249,0.040496703969447816,0.010883726994303233,0,5,0,0.0,False,False,e78a2b735352b6456a91a807897adc4623f3298e
A,621,113098,1,0,2.6158699989318848,0.13785311579704285,-2.4816129207611084,0.9174130338828542,0.07697963499919987,0.005607331117945797,0,3,0,0.0,False,False,e78a2b735352b6456a91a807897adc4623f3298e
A,622,113098,1,0,2.411180019378662,0.8952775597572327,-3.2311954498291016,0.8175583106726693,0.17954390401724035,0.0028977853100904485,0,3,0,0.0,False,False,e78a2b735352b6456a91a807897adc4623f3298e
A,623,113098,1,0,-0.1462404578924179,2.5313310623168945,-2.4281864166259766,0.0638904068976671,0.9295873179515092,0.0065222751508238665,1,3,0,0.0,False,False,e78a2b735352b6456a91a807897adc4623f3298e
A,624,113098,1,0,0.7226929664611816,2.4805667400360107,-3.1120963096618652,0.14659107175836122,0.8502416975430633,0.0031672306985754115,1,3,0,0.0,False,False,e78a2b735352b6456a91a807897adc4623f3298e
A,664,97607,1,0,4.284031867980957,1.6668853759765625,-5.586659908294678,0.9319121064565358,0.06803974446464557,4.814907881859928e-05,0,11,0,0.0,False,False,e78a2b735352b6456a91a807897adc4623f3298e
A,665,97607,1,0,4.726775646209717,-0.3227771520614624,-3.9877257347106934,0.9934665784440281,0.006370306744246421,0.0001631148117253522,0,11,0,0.0,False,False,e78a2b735352b6456a91a807897adc4623f3298e
A,666,97607,1,0,6.655481338500977,-1.860507607460022,-4.407352924346924,0.9997841210673525,0.00020019776635789676,1.568116628972664e-05,0,11,0,0.0,False,False,e78a2b735352b6456a91a807897adc4623f3298e
A,667,97607,1,0,5.416861057281494,-2.1586740016937256,-2.5342824459075928,0.9991356426895462,0.0005124026634026037,0.0003519546470512192,0,11,0,0.0,False,False,e78a2b735352b6456a91a807897adc4623f3298e
A,668,97737,1,0,5.587819576263428,-1.0952918529510498,-3.8020312786102295,0.9986663363344371,0.0012502071980042553,8.345646755854504e-05,0,14,0,0.0,False,False,e78a2b735352b6456a91a807897adc4623f3298e
A,669,97737,1,0,4.477869510650635,-1.5128490924835205,-2.411559581756592,0.9964919887675655,0.002493088983176805,0.001014922249257638,0,14,0,0.0,False,False,e78a2b735352b6456a91a807897adc4623f3298e
A,670,97737,1,0,3.3695225715637207,-1.3939621448516846,-1.180511713027954,0.9812554165825366,0.00837581237284873,0.01036877104461474,0,14,0,0.0,False,False,e78a2b735352b6456a91a807897adc4623f3298e
A,671,97737,1,0,4.693386554718018,-2.5743248462677,-1.3877863883972168,0.9970256717551126,0.0006956317299255309,0.0022786965149618472,0,14,0,0.0,False,False,e78a2b735352b6456a91a807897adc4623f3298e
A,672,97737,1,0,4.301602840423584,-1.9417920112609863,-1.510204553604126,0.995088972516725,0.0019337039351158295,0.002977323548159368,0,14,0,0.0,False,False,e78a2b735352b6456a91a807897adc4623f3298e
A,686,99017,1,0,5.911714553833008,-2.880803108215332,-2.7423131465911865,0.9996738183800348,0.00015181560525393884,0.00017436601471141814,0,5,0,0.0,False,False,e78a2b735352b6456a91a807897adc4623f3298e
A,687,99017,1,0,4.006616592407227,-1.941720724105835,-1.8920328617095947,0.994675181602949,0.002596278092850269,0.0027285403042009273,0,5,0,0.0,False,False,e78a2b735352b6456a91a807897adc4623f3298e
A,693,99162,1,0,8.146491050720215,-1.8346669673919678,-5.936080455780029,0.9999529731210055,4.626128859320774e-05,7.655904012143787e-07,0,2,0,0.0,False,False,e78a2b735352b6456a91a807897adc4623f3298e
A,694,99162,1,0,6.5212082862854,-2.1153454780578613,-3.820970058441162,0.9997903024269539,0.0001774603269971769,3.2237246049049255e-05,0,2,0,0.0,False,False,e78a2b735352b6456a91a807897adc4623f3298e
A,695,99162,1,0,3.9185736179351807,-1.552535057067871,-1.9697299003601074,0.9930701177226866,0.004177414851171589,0.0027524674261416456,0,2,0,0.0,False,False,e78a2b735352b6456a91a807897adc4623f3298e
A,725,103148,1,1,-1.1218029260635376,5.592957496643066,-4.9336113929748535,0.0012113748243028689,0.9987618439061653,2.6781269531731064e-05,1,11,0,0.0,False,False,e78a2b735352b6456a91a807897adc4623f3298e
A,726,103148,1,1,-1.1585438251495361,5.9523210525512695,-5.154448986053467,0.0008155109312925331,0.9991694911765937,1.4997892113676081e-05,1,11,0,0.0,False,False,e78a2b735352b6456a91a807897adc4623f3298e
A,727,103148,1,1,-1.61135733127594,5.699881076812744,-4.342912673950195,0.000667514368233455,0.9992890184777493,4.346715401711841e-05,1,11,0,0.0,False,False,e78a2b735352b6456a91a807897adc4623f3298e
A,728,103148,1,1,-0.9239277839660645,5.654479503631592,-5.017687797546387,0.0013880997789229698,0.9985887516972778,2.314852379940755e-05,1,11,0,0.0,False,False,e78a2b735352b6456a91a807897adc4623f3298e
A,764,103148,1,1,-0.6413826942443848,5.494139194488525,-4.9072585105896,0.0021598543966976167,0.9978098221856715,3.0323417631066703e-05,1,11,0,0.0,False,False,e78a2b735352b6456a91a807897adc4623f3298e
A,765,103148,1,1,0.6247602701187134,4.613074779510498,-5.553678035736084,0.018193087722200872,0.9817691859311838,3.772634661534841e-05,1,11,0,0.0,False,False,e78a2b735352b6456a91a807897adc4623f3298e
A,766,103148,1,1,-0.2020379900932312,5.591774940490723,-5.618453502655029,0.0030370514918340915,0.9969494547542271,1.3493753938749332e-05,1,11,0,0.0,False,False,e78a2b735352b6456a91a807897adc4623f3298e
A,767,103148,1,1,-0.34397879242897034,3.169971227645874,-2.6029927730560303,0.028830820430633727,0.9681577015693527,0.0030114780000134868,1,11,0,0.0,False,False,e78a2b735352b6456a91a807897adc4623f3298e
A,809,93825,1,1,-1.1376111507415771,4.7425007820129395,-3.747737169265747,0.0027861142976405226,0.9970090358751102,0.00020484982724917522,1,6,0,0.0,False,False,e78a2b735352b6456a91a807897adc4623f3298e
A,810,93825,1,1,-0.47282537817955017,4.772287845611572,-4.545619010925293,0.00524509502383867,0.994665582334217,8.932264194439672e-05,1,6,0,0.0,False,False,e78a2b735352b6456a91a807897adc4623f3298e
A,811,93825,1,1,-0.7659802436828613,5.035408973693848,-4.186886310577393,0.0030139417154451064,0.9968875542040108,9.850408054410593e-05,1,6,0,0.0,False,False,e78a2b735352b6456a91a807897adc4623f3298e
A,834,101384,1,1,-2.3373372554779053,6.2315592765808105,-3.8768463134765625,0.00018987831026695524,0.9997693953790917,4.072631064136984e-05,1,2,0,0.0,False,False,e78a2b735352b6456a91a807897adc4623f3298e
A,835,101384,1,1,-1.2931272983551025,5.306451797485352,-4.0011773109436035,0.0013589679694060253,0.998550434148888,9.059788170600946e-05,1,2,0,0.0,False,False,e78a2b735352b6456a91a807897adc4623f3298e
A,836,101384,1,1,-1.1284235715866089,5.353226184844971,-4.425072193145752,0.0015288546060017844,0.9984145670957255,5.657829827273069e-05,1,2,0,0.0,False,False,e78a2b735352b6456a91a807897adc4623f3298e
A,840,103148,1,1,0.08808982372283936,4.104544162750244,-4.29951286315918,0.01769398259965528,0.9820860724679426,0.00021994493240211322,1,11,0,0.0,False,False,e78a2b735352b6456a91a807897adc4623f3298e
A,841,103148,1,1,0.8509283065795898,3.568953275680542,-4.495962142944336,0.06189983021077447,0.9378053446989475,0.000294825090278065,1,11,0,0.0,False,False,e78a2b735352b6456a91a807897adc4623f3298e
A,842,103148,1,1,2.3277010917663574,3.455371141433716,-5.788990020751953,0.24457348393364794,0.7553535072666309,7.300879972117348e-05,1,11,0,0.0,False,False,e78a2b735352b6456a91a807897adc4623f3298e
A,843,103148,1,1,2.554550886154175,2.230928421020508,-4.553144931793213,0.5799313170991636,0.41959384706346353,0.00047483583737292876,0,11,0,0.0,False,False,e78a2b735352b6456a91a807897adc4623f3298e
A,857,108479,1,1,-2.7962961196899414,3.8125064373016357,-0.8839187026023865,0.0013344656140203092,0.9896323193843666,0.009033215001613137,1,1,0,0.0,False,False,e78a2b735352b6456a91a807897adc4623f3298e
A,858,108479,1,1,-2.775977373123169,5.110860347747803,-2.3180065155029297,0.0003752917753707421,0.9990314233681553,0.000593284856473982,1,1,0,0.0,False,False,e78a2b735352b6456a91a807897adc4623f3298e
A,888,93825,1,1,-1.7139853239059448,5.78323221206665,-4.181721210479736,0.0005542919636943497,0.9993987170561538,4.699098015189997e-05,1,6,0,0.0,False,False,e78a2b735352b6456a91a807897adc4623f3298e
A,889,93825,1,1,-1.1222282648086548,4.725351333618164,-3.845729351043701,0.0028780242001338278,0.9969330492697689,0.00018892653009725026,1,6,0,0.0,False,False,e78a2b735352b6456a91a807897adc4623f3298e
A,890,93825,1,1,-1.660868763923645,5.4495625495910645,-4.024003505706787,0.0008158138824539678,0.9991073978776603,7.678823988549309e-05,1,6,0,0.0,False,False,e78a2b735352b6456a91a807897adc4623f3298e
A,891,93825,1,1,-1.9132722616195679,5.918979167938232,-4.308501720428467,0.00039655959326887326,0.9995672933014839,3.614710524739413e-05,1,6,0,0.0,False,False,e78a2b735352b6456a91a807897adc4623f3298e
A,933,107429,1,2,-2.1322622299194336,-2.2246737480163574,6.253902912139893,0.0002279006153990594,0.0002077838004996138,0.9995643155841014,2,19,0,0.0,False,False,e78a2b735352b6456a91a807897adc4623f3298e
A,934,107429,1,2,-1.1404750347137451,-3.707125425338745,6.480667591094971,0.0004897232633110057,3.760699506985751e-05,0.9994726697416193,2,19,0,0.0,False,False,e78a2b735352b6456a91a807897adc4623f3298e
A,935,107429,1,2,-0.15572965145111084,-4.030019283294678,5.687490463256836,0.0028909345539941955,6.004206933273379e-05,0.9970490233766731,2,19,0,0.0,False,False,e78a2b735352b6456a91a807897adc4623f3298e
A,936,107429,1,2,0.18290625512599945,-4.415572166442871,5.600488185882568,0.004418060608884902,4.447724370426939e-05,0.9955374621474108,2,19,0,0.0,False,False,e78a2b735352b6456a91a807897adc4623f3298e
A,937,107429,1,2,-2.822211503982544,-1.5410733222961426,5.6266560554504395,0.00021393201319533145,0.0007703126341979753,0.9990157553526067,2,19,0,0.0,False,False,e78a2b735352b6456a91a807897adc4623f3298e
A,938,107429,1,2,-3.7392914295196533,-1.025794267654419,5.934363842010498,6.285584513432142e-05,0.0009479872889824443,0.9989891568658832,2,19,0,0.0,False,False,e78a2b735352b6456a91a807897adc4623f3298e
A,950,108858,1,2,-0.05667589604854584,-3.697679281234741,5.224795818328857,0.005058544700243373,0.00013266547406026895,0.9948087898256964,2,14,0,0.0,False,False,e78a2b735352b6456a91a807897adc4623f3298e
A,951,108858,1,2,0.05665756016969681,-3.2467639446258545,4.600295543670654,0.010518673293548678,0.0003866368424113524,0.98909468986404,2,14,0,0.0,False,False,e78a2b735352b6456a91a807897adc4623f3298e
A,952,108858,1,2,-0.9719275236129761,-2.6150529384613037,4.987576007843018,0.002573266623154569,0.0004976047143328966,0.9969291286625125,2,14,0,0.0,False,False,e78a2b735352b6456a91a807897adc4623f3298e
A,953,108858,1,2,-2.5078747272491455,-2.105797052383423,6.375234127044678,0.00013866426982401438,0.00020729302280257363,0.9996540427073733,2,14,0,0.0,False,False,e78a2b735352b6456a91a807897adc4623f3298e
A,954,108858,1,2,-2.9185822010040283,-1.078829050064087,5.316799163818359,0.00026459414344020876,0.0016656159413344345,0.9980697899152252,2,14,0,0.0,False,False,e78a2b735352b6456a91a807897adc4623f3298e
A,994,112074,1,2,1.618385910987854,-0.57327800989151,-0.6965405941009521,0.8261020995986448,0.0923009516877166,0.08159694871363869,0,13,0,0.0,False,False,e78a2b735352b6456a91a807897adc4623f3298e
A,995,112074,1,2,3.825453996658325,-1.3178343772888184,-2.1408932209014893,0.9916679585655597,0.0057898127922578965,0.00254222864218232,0,13,0,0.0,False,False,e78a2b735352b6456a91a807897adc4623f3298e
A,996,112074,1,2,1.1205272674560547,-0.22750325500965118,-0.49225348234176636,0.6853615569742109,0.17802357706618344,0.13661486595960562,0,13,0,0.0,False,False,e78a2b735352b6456a91a807897adc4623f3298e
A,997,112074,1,2,-0.6013342142105103,1.763401746749878,-0.9815632700920105,0.08113634020439918,0.8633903557869954,0.05547330400860527,1,13,0,0.0,False,False,e78a2b735352b6456a91a807897adc4623f3298e
A,1003,112746,1,2,-2.7987873554229736,-1.1036635637283325,5.282933712005615,0.0003085236059991487,0.0016806268885620067,0.998010849505439,2,11,0,0.0,False,False,e78a2b735352b6456a91a807897adc4623f3298e
A,1004,112746,1,2,-2.089200258255005,-1.609606146812439,4.910491466522217,0.000909992161779316,0.0014700182541533004,0.9976199895840675,2,11,0,0.0,False,False,e78a2b735352b6456a91a807897adc4623f3298e
A,1005,112746,1,2,-3.7356443405151367,-0.10455135256052017,5.091150283813477,0.00014591802165163985,0.0055089975702884274,0.9943450844080599,2,11,0,0.0,False,False,e78a2b735352b6456a91a807897adc4623f3298e
A,1021,114094,1,2,-0.7462180852890015,-0.8986737132072449,2.6942880153656006,0.030246805255628843,0.02596981597521945,0.9437833787691519,2,12,0,0.0,False,False,e78a2b735352b6456a91a807897adc4623f3298e
A,1022,114094,1,2,0.748836874961853,-2.6951067447662354,3.1896777153015137,0.07990647567984238,0.0025520916480095152,0.917541432672148,2,12,0,0.0,False,False,e78a2b735352b6456a91a807897adc4623f3298e
A,1023,114094,1,2,-0.942457914352417,-2.219999074935913,4.4611945152282715,0.004474367263804191,0.0012471036560516536,0.9942785290801441,2,12,0,0.0,False,False,e78a2b735352b6456a91a807897adc4623f3298e
A,1024,114094,1,2,-1.0609664916992188,-2.4095613956451416,4.7792067527771,0.002897723332484663,0.000752262811254087,0.9963500138562612,2,12,0,0.0,False,False,e78a2b735352b6456a91a807897adc4623f3298e
A,1030,101029,1,2,-2.00734806060791,-0.9878779649734497,4.425619125366211,0.0015979837846235513,0.004429172604556332,0.9939728436108202,2,18,0,0.0,False,False,e78a2b735352b6456a91a807897adc4623f3298e
A,1031,101029,1,2,-4.0881781578063965,-0.6393744349479675,6.829663276672363,1.812116673369169e-05,0.0005701414059506964,0.9994117374273156,2,18,0,0.0,False,False,e78a2b735352b6456a91a807897adc4623f3298e
A,1032,101029,1,2,-3.918285608291626,-1.3389780521392822,7.41072416305542,1.20170956504353e-05,0.00015848149403810586,0.9998295014103115,2,18,0,0.0,False,False,e78a2b735352b6456a91a807897adc4623f3298e
A,1033,101029,1,2,-2.801194906234741,-1.5805360078811646,6.10111665725708,0.00013599279232459147,0.0004609367284390553,0.9994030704792364,2,18,0,0.0,False,False,e78a2b735352b6456a91a807897adc4623f3298e
A,1047,107429,1,2,-3.2730624675750732,-2.324291944503784,7.6639723777771,1.7786006414659614e-05,4.5932940365932346e-05,0.9999362810532195,2,19,0,0.0,False,False,e78a2b735352b6456a91a807897adc4623f3298e
A,1048,107429,1,2,-3.864445447921753,-2.437044858932495,8.547855377197266,4.068151457863502e-06,1.695544969384483e-05,0.9999789763988483,2,19,0,0.0,False,False,e78a2b735352b6456a91a807897adc4623f3298e
A,1049,107429,1,2,-3.976722002029419,-1.2760279178619385,7.148446559906006,1.4733264907408952e-05,0.000219379244082658,0.9997658874910099,2,19,0,0.0,False,False,e78a2b735352b6456a91a807897adc4623f3298e
A,1050,107429,1,2,-3.6443943977355957,-0.6779556274414062,6.032888889312744,6.261142458866779e-05,0.0012160783988244398,0.9987213101765869,2,19,0,0.0,False,False,e78a2b735352b6456a91a807897adc4623f3298e
A,1051,107429,1,2,-3.5202181339263916,-2.281754732131958,7.77960729598999,1.2374402898093882e-05,4.269549701822445e-05,0.9999449301000836,2,19,0,0.0,False,False,e78a2b735352b6456a91a807897adc4623f3298e
A,1052,107429,1,2,-3.5449378490448,-2.1136860847473145,7.603420734405518,1.4397827603766022e-05,6.023954911477989e-05,0.9999253626232815,2,19,0,0.0,False,False,e78a2b735352b6456a91a807897adc4623f3298e
A,1053,107429,1,2,-2.23270320892334,-2.6443569660186768,6.48571252822876,0.00016350162900664243,0.00010832859958145267,0.9997281697714119,2,19,0,0.0,False,False,e78a2b735352b6456a91a807897adc4623f3298e
A,1065,108858,1,2,-3.249530792236328,-0.5767547488212585,5.477350234985352,0.00016176138319340242,0.0023423227624664923,0.99749591585434,2,14,0,0.0,False,False,e78a2b735352b6456a91a807897adc4623f3298e
A,1066,108858,1,2,-2.169886350631714,-1.7075728178024292,5.590576648712158,0.0004257895104848176,0.0006760443295460522,0.9988981661599691,2,14,0,0.0,False,False,e78a2b735352b6456a91a807897adc4623f3298e
A,1067,108858,1,2,-3.115793228149414,-1.440764307975769,6.38524866104126,7.473845806541663e-05,0.0003990248570701445,0.9995262366848645,2,14,0,0.0,False,False,e78a2b735352b6456a91a807897adc4623f3298e
A,1068,108858,1,2,-3.2233364582061768,-1.4225233793258667,6.348342418670654,6.964008111397172e-05,0.0004216406278872997,0.9995087192909988,2,14,0,0.0,False,False,e78a2b735352b6456a91a807897adc4623f3298e
A,1069,108858,1,2,0.19388949871063232,-2.925678253173828,3.834686279296875,0.02553210442952007,0.0011279128682617461,0.9733399827022182,2,14,0,0.0,False,False,e78a2b735352b6456a91a807897adc4623f3298e
A,1129,112074,1,2,-0.12218637764453888,2.164607524871826,-1.7565367221832275,0.09059277855539244,0.8917344669697964,0.017672754474811325,1,13,0,0.0,False,False,e78a2b735352b6456a91a807897adc4623f3298e
A,1130,112074,1,2,0.8788256645202637,0.07597142457962036,-0.6131146550178528,0.597734317531808,0.26781384480514436,0.13445183766304777,0,13,0,0.0,False,False,e78a2b735352b6456a91a807897adc4623f3298e
A,1131,112074,1,2,2.1970746517181396,-2.22206449508667,0.48914146423339844,0.838023056085273,0.010093649528363413,0.15188329438636344,0,13,0,0.0,False,False,e78a2b735352b6456a91a807897adc4623f3298e
A,1132,112074,1,2,0.6252292394638062,-1.4174578189849854,1.3312609195709229,0.31689538756535907,0.04109492576948033,0.6420096866651607,2,13,0,0.0,False,False,e78a2b735352b6456a91a807897adc4623f3298e
A,1133,112074,1,2,-0.8130080699920654,1.0986731052398682,0.1406298726797104,0.09652896395573717,0.6529654923987718,0.250505543645491,1,13,0,0.0,False,False,e78a2b735352b6456a91a807897adc4623f3298e
A,1140,112746,1,2,-3.222402811050415,-2.9135897159576416,8.341980934143066,9.498219685797656e-06,1.2934749826641719e-05,0.9999775670304876,2,11,0,0.0,False,False,e78a2b735352b6456a91a807897adc4623f3298e
A,1141,112746,1,2,-3.1838057041168213,-3.046325922012329,8.362212181091309,9.674290454370812e-06,1.1100072949030724e-05,0.9999792256365966,2,11,0,0.0,False,False,e78a2b735352b6456a91a807897adc4623f3298e
A,1142,112746,1,2,-2.48189115524292,-3.8519585132598877,8.589926719665527,1.554397633035837e-05,3.949566520739345e-06,0.9999805064571488,2,11,0,0.0,False,False,e78a2b735352b6456a91a807897adc4623f3298e
A,1143,112746,1,2,-3.4695188999176025,-3.539419412612915,9.51601791381836,2.2932483652324626e-06,2.1384233386439986e-06,0.9999955683282962,2,11,0,0.0,False,False,e78a2b735352b6456a91a807897adc4623f3298e
A,1161,114094,1,2,0.667553186416626,-3.3404369354248047,3.661820888519287,0.04764423125251888,0.0008656898598429209,0.9514900788876381,2,12,0,0.0,False,False,e78a2b735352b6456a91a807897adc4623f3298e
A,1162,114094,1,2,2.721614122390747,-4.738204479217529,3.0922653675079346,0.40828766598519706,0.00023507595319895998,0.5914772580616041,2,12,0,0.0,False,False,e78a2b735352b6456a91a807897adc4623f3298e
A,1163,114094,1,2,-2.7258055210113525,-3.605483293533325,8.152585983276367,1.886092585028538e-05,7.825710994078874e-06,0.9999733133631556,2,12,0,0.0,False,False,e78a2b735352b6456a91a807897adc4623f3298e
A,1164,114094,1,2,-3.391357660293579,-2.1608688831329346,7.2121100425720215,2.482703155275461e-05,8.498050002479269e-05,0.9998901924684224,2,12,0,0.0,False,False,e78a2b735352b6456a91a807897adc4623f3298e
A,1165,114094,1,2,-3.1534767150878906,-1.3407554626464844,6.050473690032959,0.00010056890670142094,0.000616195561931096,0.9992832355313674,2,12,0,0.0,False,False,e78a2b735352b6456a91a807897adc4623f3298e
A,1182,107429,1,2,-1.3844424486160278,-3.3970420360565186,6.385201930999756,0.0004221613067598777,5.641797972015339e-05,0.99952142071352,2,19,0,0.0,False,False,e78a2b735352b6456a91a807897adc4623f3298e
A,1183,107429,1,2,-1.3227616548538208,-2.5828115940093994,5.304418087005615,0.0013216455374760643,0.0003748713570840582,0.9983034831054398,2,19,0,0.0,False,False,e78a2b735352b6456a91a807897adc4623f3298e
A,1184,107429,1,2,-2.517221450805664,-4.0070929527282715,8.493300437927246,1.652655394562253e-05,3.7251119886165955e-06,0.9999797483340657,2,19,0,0.0,False,False,e78a2b735352b6456a91a807897adc4623f3298e
A,1185,107429,1,2,-1.4618483781814575,-4.098447799682617,7.4349846839904785,0.0001368014887733251,9.795581987973491e-06,0.9998534029292389,2,19,0,0.0,False,False,e78a2b735352b6456a91a807897adc4623f3298e
A,1186,107429,1,2,-1.7966043949127197,-4.100228309631348,7.747415065765381,7.162271817806244e-05,7.154835357491564e-06,0.9999212224464644,2,19,0,0.0,False,False,e78a2b735352b6456a91a807897adc4623f3298e
A,1187,107429,1,2,-0.8739050626754761,-4.186437606811523,6.625817775726318,0.000552920646684705,2.0139477650698316e-05,0.9994269398756646,2,19,0,0.0,False,False,e78a2b735352b6456a91a807897adc4623f3298e
A,1188,107429,1,2,-1.1184979677200317,-2.788116216659546,5.205240726470947,0.0017894135255621523,0.00033698046349905393,0.9978736060109388,2,19,0,0.0,False,False,e78a2b735352b6456a91a807897adc4623f3298e
A,1198,108858,1,2,-3.4364750385284424,-1.8062151670455933,7.1906256675720215,2.424624627682606e-05,0.00012378196661558873,0.9998519717871076,2,14,0,0.0,False,False,e78a2b735352b6456a91a807897adc4623f3298e
A,1199,108858,1,2,-3.553340196609497,-2.9809131622314453,8.829144477844238,4.1913138917305215e-06,7.429371733918884e-06,0.9999883793143743,2,14,0,0.0,False,False,e78a2b735352b6456a91a807897adc4623f3298e
A,1200,108858,1,2,-4.177917957305908,-2.9295437335968018,9.82408332824707,8.298631682927327e-07,2.8918018184702545e-06,0.9999962783350133,2,14,0,0.0,False,False,e78a2b735352b6456a91a807897adc4623f3298e
A,1201,108858,1,2,-3.4675705432891846,-3.9565086364746094,9.987841606140137,1.4334671583335436e-06,8.791128568364338e-07,0.9999976874199848,2,14,0,0.0,False,False,e78a2b735352b6456a91a807897adc4623f3298e
A,1202,108858,1,2,-4.5661540031433105,-2.2170846462249756,9.023430824279785,1.2534645355937328e-06,1.3131063763645924e-05,0.9999856154717006,2,14,0,0.0,False,False,e78a2b735352b6456a91a807897adc4623f3298e
A,1246,112074,1,2,0.6482564210891724,-0.4920269846916199,0.2970263361930847,0.49418097148138296,0.15800368939451004,0.3478153391241069,0,13,0,0.0,False,False,e78a2b735352b6456a91a807897adc4623f3298e
A,1247,112074,1,2,1.109131932258606,-2.558905601501465,2.2427258491516113,0.24199431010258504,0.006177271568099168,0.7518284183293158,2,13,0,0.0,False,False,e78a2b735352b6456a91a807897adc4623f3298e
A,1248,112074,1,2,-0.9952703714370728,-0.5966184735298157,2.5687642097473145,0.026458409061026485,0.039418132595541396,0.9341234583434321,2,13,0,0.0,False,False,e78a2b735352b6456a91a807897adc4623f3298e
A,1249,112074,1,2,2.4333858489990234,-2.916875123977661,1.294569730758667,0.7547484322349609,0.003582724406552925,0.24166884335848623,0,13,0,0.0,False,False,e78a2b735352b6456a91a807897adc4623f3298e
A,1250,112074,1,2,0.7197741270065308,0.4250107407569885,-0.7991772294044495,0.5092559476656439,0.3792468635492587,0.11149718878509754,0,13,0,0.0,False,False,e78a2b735352b6456a91a807897adc4623f3298e
A,1256,112746,1,2,-2.8222529888153076,-4.357754230499268,9.577661514282227,4.1189202300763265e-06,8.870000921792496e-07,0.9999949940796778,2,11,0,0.0,False,False,e78a2b735352b6456a91a807897adc4623f3298e
A,1257,112746,1,2,-1.9439339637756348,-4.729682445526123,9.290427207946777,1.3212130158952877e-05,8.149625459395173e-07,0.999985972907295,2,11,0,0.0,False,False,e78a2b735352b6456a91a807897adc4623f3298e
A,1258,112746,1,2,-2.7426514625549316,0.03836201876401901,4.287644386291504,0.0008714594341563545,0.014061316537090548,0.985067224028753,2,11,0,0.0,False,False,e78a2b735352b6456a91a807897adc4623f3298e
A,1259,112746,1,2,-3.468268632888794,-3.3125455379486084,9.179874420166016,3.2134995198193797e-06,3.7549825247484033e-06,0.9999930315179555,2,11,0,0.0,False,False,e78a2b735352b6456a91a807897adc4623f3298e
A,1260,112746,1,2,-5.286386489868164,-1.5602906942367554,9.172707557678223,5.253945221329939e-07,2.1812647623028136e-05,0.9999776619578549,2,11,0,0.0,False,False,e78a2b735352b6456a91a807897adc4623f3298e
A,1279,114094,1,2,-3.1013381481170654,-0.18530675768852234,4.947679042816162,0.0003174417332808509,0.005862466360718246,0.993820091906001,2,12,0,0.0,False,False,e78a2b735352b6456a91a807897adc4623f3298e
A,1280,114094,1,2,-3.81760573387146,-0.8998426795005798,6.525357723236084,3.219847328802082e-05,0.0005956671824489207,0.999372134344263,2,12,0,0.0,False,False,e78a2b735352b6456a91a807897adc4623f3298e
A,1281,114094,1,2,-1.7775944471359253,-3.2778937816619873,6.772829532623291,0.00019341729181489086,4.314431478203146e-05,0.9997634383934031,2,12,0,0.0,False,False,e78a2b735352b6456a91a807897adc4623f3298e
A,1282,114094,1,2,-3.763509511947632,-1.1446866989135742,6.727329730987549,2.7778500106259326e-05,0.0003811088984716245,0.9995911126014222,2,12,0,0.0,False,False,e78a2b735352b6456a91a807897adc4623f3298e
A,1283,101029,1,2,-1.6404560804367065,-1.182103157043457,4.1798224449157715,0.0029442299054175413,0.004656202557421124,0.9923995675371613,2,18,0,0.0,False,False,e78a2b735352b6456a91a807897adc4623f3298e
A,1284,101029,1,2,-1.308875322341919,-2.0684847831726074,4.727084636688232,0.00238283640431208,0.001114807878491926,0.996502355717196,2,18,0,0.0,False,False,e78a2b735352b6456a91a807897adc4623f3298e
A,1326,103671,1,2,-1.7107936143875122,-0.13846169412136078,2.6221957206726074,0.012196680874002067,0.058762022799442634,0.9290412963265553,2,14,0,0.0,False,False,e78a2b735352b6456a91a807897adc4623f3298e
A,1327,103671,1,2,-2.524894952774048,0.37885451316833496,2.739576816558838,0.0047039660541879635,0.08581170852174233,0.9094843254240698,2,14,0,0.0,False,False,e78a2b735352b6456a91a807897adc4623f3298e
A,1328,103671,1,2,-2.425635576248169,-0.5073941946029663,3.637967109680176,0.0022845106962210023,0.01555517290085045,0.9821603164029284,2,14,0,0.0,False,False,e78a2b735352b6456a91a807897adc4623f3298e
A,1329,103671,1,2,-3.396324396133423,0.9167786240577698,3.1472203731536865,0.001297998749561162,0.09692395239737367,0.9017780488530652,2,14,0,0.0,False,False,e78a2b735352b6456a91a807897adc4623f3298e
A,1374,105187,1,2,-4.1607747077941895,-1.8176326751708984,7.990818500518799,5.279635633712758e-06,5.4981629436530425e-05,0.9999397387349297,2,15,0,0.0,False,False,e78a2b735352b6456a91a807897adc4623f3298e
A,1375,105187,1,2,-3.5526249408721924,-2.7383222579956055,8.213852882385254,7.760194938106312e-06,1.7519422762966005e-05,0.9999747203822988,2,15,0,0.0,False,False,e78a2b735352b6456a91a807897adc4623f3298e
A,1376,105187,1,2,-3.286290168762207,-2.8302080631256104,7.972919464111328,1.2887626973963236e-05,2.0335127461436667e-05,0.9999667772455646,2,15,0,0.0,False,False,e78a2b735352b6456a91a807897adc4623f3298e
A,1377,105187,1,2,-2.5918071269989014,-2.1431031227111816,6.2851881980896,0.0001395129096734939,0.00021851641634556074,0.9996419706739809,2,15,0,0.0,False,False,e78a2b735352b6456a91a807897adc4623f3298e
A,1378,105475,1,2,-3.0172455310821533,-1.3673460483551025,5.920332431793213,0.00013125180509751807,0.0006833568088085056,0.999185391386094,2,9,0,0.0,False,False,e78a2b735352b6456a91a807897adc4623f3298e
A,1379,105475,1,2,-2.2997329235076904,-0.3413209915161133,3.8280465602874756,0.0021435989710961627,0.015193961977978199,0.9826624390509255,2,9,0,0.0,False,False,e78a2b735352b6456a91a807897adc4623f3298e
A,1410,97890,1,2,-4.428578853607178,1.209141731262207,4.553525447845459,0.00012134176887347162,0.03407542350510097,0.9658032347260255,2,13,0,0.0,False,False,e78a2b735352b6456a91a807897adc4623f3298e
A,1411,97890,1,2,-5.1839141845703125,2.435176134109497,3.8580527305603027,9.534624116123651e-05,0.19419250278631914,0.8057121509725196,2,13,0,0.0,False,False,e78a2b735352b6456a91a807897adc4623f3298e
A,1412,97890,1,2,-3.203206777572632,-1.1640509366989136,5.838797092437744,0.00011821199655610078,0.0009083551481038922,0.9989734328553399,2,13,0,0.0,False,False,e78a2b735352b6456a91a807897adc4623f3298e
A,1413,97890,1,2,-2.6644468307495117,-1.970339059829712,6.129067897796631,0.00015164473267460717,0.0003035809422584158,0.9995447743250669,2,13,0,0.0,False,False,e78a2b735352b6456a91a807897adc4623f3298e
A,1430,98874,1,2,-3.6150131225585938,-0.8693214654922485,6.091742992401123,6.080949800562911e-05,0.0009471312233743753,0.9989920592786199,2,15,0,0.0,False,False,e78a2b735352b6456a91a807897adc4623f3298e
A,1431,98874,1,2,-2.8797709941864014,-2.046640396118164,6.466116428375244,8.729864695044653e-05,0.0002008313622135611,0.999711869990836,2,15,0,0.0,False,False,e78a2b735352b6456a91a807897adc4623f3298e
A,1432,98874,1,2,-2.4506399631500244,-2.9889471530914307,6.982892036437988,7.998602033940158e-05,4.669068516781294e-05,0.9998733232944927,2,15,0,0.0,False,False,e78a2b735352b6456a91a807897adc4623f3298e
A,1433,98874,1,2,-2.6790010929107666,-2.5209736824035645,6.6926984786987305,8.508291379147273e-05,9.964896377100436e-05,0.9998152681224376,2,15,0,0.0,False,False,e78a2b735352b6456a91a807897adc4623f3298e
A,1434,98874,1,2,-3.620044708251953,0.3064326047897339,4.2326130867004395,0.00038105536803768517,0.019330162920522233,0.9802887817114401,2,15,0,0.0,False,False,e78a2b735352b6456a91a807897adc4623f3298e
A,1447,99223,1,2,-0.30087539553642273,-1.2579305171966553,2.519932270050049,0.05502236332645822,0.021129804659083668,0.9238478320144582,2,20,0,0.0,False,False,e78a2b735352b6456a91a807897adc4623f3298e
A,1448,99223,1,2,-2.8989052772521973,1.5572829246520996,2.1327290534973145,0.004160744126923631,0.3584833218227736,0.6373559340503028,2,20,0,0.0,False,False,e78a2b735352b6456a91a807897adc4623f3298e
A,1449,99223,1,2,-3.279831647872925,0.37847328186035156,4.1264424324035645,0.0005930928921694605,0.023009350696280018,0.9763975564115506,2,20,0,0.0,False,False,e78a2b735352b6456a91a807897adc4623f3298e
A,1450,99223,1,2,-3.6774871349334717,0.07933707535266876,5.231109619140625,0.00013442506796548323,0.005755039234427754,0.9941105356976067,2,20,0,0.0,False,False,e78a2b735352b6456a91a807897adc4623f3298e
A,1451,99223,1,2,-4.2627739906311035,-0.2040644884109497,6.167991638183594,2.9459259799224875e-05,0.0017056776975585299,0.9982648630426423,2,20,0,0.0,False,False,e78a2b735352b6456a91a807897adc4623f3298e
A,1452,99223,1,2,-3.4717323780059814,-0.3154699206352234,5.158879280090332,0.0001777782372354905,0.0041747066557001325,0.9956475151070644,2,20,0,0.0,False,False,e78a2b735352b6456a91a807897adc4623f3298e
A,1453,99223,1,2,-4.358527183532715,-1.0625578165054321,7.110240936279297,1.044840988251437e-05,0.0002821444487793439,0.9997074071413382,2,20,0,0.0,False,False,e78a2b735352b6456a91a807897adc4623f3298e
A,1454,99223,1,2,-4.497679233551025,-1.3103961944580078,7.475172996520996,6.3122936390549835e-06,0.0001528996986928577,0.999840788007668,2,20,0,0.0,False,False,e78a2b735352b6456a91a807897adc4623f3298e
A,1455,99223,1,2,-4.3093581199646,-0.7141899466514587,6.324504375457764,2.406472585549928e-05,0.000876481225402258,0.9990994540487422,2,20,0,0.0,False,False,e78a2b735352b6456a91a807897adc4623f3298e
A,1462,101029,1,2,-4.4961066246032715,-5.288036346435547,13.201456069946289,2.0608489704065226e-08,9.335024398243427e-09,0.9999999700564859,2,18,0,0.0,False,False,e78a2b735352b6456a91a807897adc4623f3298e
A,1463,101029,1,2,-4.968665599822998,-4.659148693084717,13.074414253234863,1.4587805637705321e-08,1.9879774461304126e-08,0.99999996553242,2,18,0,0.0,False,False,e78a2b735352b6456a91a807897adc4623f3298e
A,1464,101029,1,2,-4.17507791519165,-5.5115742683410645,12.948895454406738,3.6572347467233174e-08,9.609921631097605e-09,0.9999999538177308,2,18,0,0.0,False,False,e78a2b735352b6456a91a807897adc4623f3298e
A,1465,101029,1,2,-3.696760416030884,-5.981714725494385,13.028936386108398,5.446558175813435e-08,5.543436777321424e-09,0.9999999399909814,2,18,0,0.0,False,False,e78a2b735352b6456a91a807897adc4623f3298e
A,1466,101029,1,2,-5.075428009033203,-4.248873710632324,12.496956825256348,2.3356630982517396e-08,5.3379950908826737e-08,0.9999999232634181,2,18,0,0.0,False,False,e78a2b735352b6456a91a807897adc4623f3298e
A,1467,101029,1,2,-4.186662197113037,-4.307783603668213,11.506097793579102,1.5301034870318763e-07,1.3555590674544318e-07,0.9999997114337444,2,18,0,0.0,False,False,e78a2b735352b6456a91a807897adc4623f3298e
A,1515,103671,1,2,-3.3910634517669678,-0.9996232986450195,6.194729328155518,6.86415888046003e-05,0.0007501991877635132,0.9991811592234319,2,14,0,0.0,False,False,e78a2b735352b6456a91a807897adc4623f3298e
A,1516,103671,1,2,-2.8969128131866455,-1.675323247909546,6.372379302978516,9.423620187510806e-05,0.00031970349293944904,0.9995860603051854,2,14,0,0.0,False,False,e78a2b735352b6456a91a807897adc4623f3298e
A,1517,103671,1,2,-1.5586851835250854,-2.5320847034454346,5.60496711730957,0.0007733966949128164,0.000292186584376235,0.998934416720711,2,14,0,0.0,False,False,e78a2b735352b6456a91a807897adc4623f3298e
A,1518,103671,1,2,-3.2560675144195557,-1.8109006881713867,6.829038143157959,4.168687497937332e-05,0.00017685906223160387,0.9997814540627891,2,14,0,0.0,False,False,e78a2b735352b6456a91a807897adc4623f3298e
A,1519,103671,1,2,-1.9035478830337524,-2.8131680488586426,6.329340934753418,0.0002656684289912616,0.00010697860464385334,0.999627352966365,2,14,0,0.0,False,False,e78a2b735352b6456a91a807897adc4623f3298e
A,1520,103671,1,2,-4.0220255851745605,-2.257533311843872,8.439993858337402,3.870813312112676e-06,2.2600158430683303e-05,0.9999735290282573,2,14,0,0.0,False,False,e78a2b735352b6456a91a807897adc4623f3298e
A,1557,105187,1,2,-5.121268272399902,-2.871659517288208,10.82917308807373,1.1825262628320884e-07,1.1215108089120838e-06,0.9999987602365648,2,15,0,0.0,False,False,e78a2b735352b6456a91a807897adc4623f3298e
A,1558,105187,1,2,-5.0899810791015625,-1.8205218315124512,9.330453872680664,5.461075737679235e-07,1.4361053816801954e-05,0.9999850928386095,2,15,0,0.0,False,False,e78a2b735352b6456a91a807897adc4623f3298e
A,1559,105187,1,2,-4.522587299346924,-2.9514567852020264,10.149209022521973,4.247356801869492e-07,2.043864301905187e-06,0.999997531400018,2,15,0,0.0,False,False,e78a2b735352b6456a91a807897adc4623f3298e
A,1560,105187,1,2,-4.70814847946167,-2.9675402641296387,10.256022453308105,3.1706055460084177e-07,1.8075018814477096e-06,0.9999978754375638,2,15,0,0.0,False,False,e78a2b735352b6456a91a807897adc4623f3298e
A,1561,105187,1,2,-5.1760454177856445,-2.601667881011963,10.47767162322998,1.5910216593236358e-07,2.087920942876817e-06,0.9999977529768911,2,15,0,0.0,False,False,e78a2b735352b6456a91a807897adc4623f3298e
A,1562,105187,1,2,-4.77206563949585,-2.0288383960723877,9.226263046264648,8.329081543884573e-07,1.294093239448115e-05,0.9999862261594512,2,15,0,0.0,False,False,e78a2b735352b6456a91a807897adc4623f3298e
A,1563,105475,1,2,-3.883704900741577,-1.757828950881958,7.762628555297852,8.7503615376896e-06,7.333008549277935e-05,0.9999179195529695,2,9,0,0.0,False,False,e78a2b735352b6456a91a807897adc4623f3298e
A,1564,105475,1,2,-3.331157922744751,-0.5730336308479309,5.420734405517578,0.00015774334783209276,0.0024876496384327123,0.9973546070137351,2,9,0,0.0,False,False,e78a2b735352b6456a91a807897adc4623f3298e
A,1565,105475,1,2,-3.826857805252075,-0.4705420434474945,5.878249645233154,6.086114225937191e-05,0.0017456996061798692,0.9981934392515608,2,9,0,0.0,False,False,e78a2b735352b6456a91a807897adc4623f3298e
A,1596,97890,1,2,-3.652547597885132,-2.1054904460906982,7.75026273727417,1.1163355861230133e-05,5.244126429439357e-05,0.9999363953798444,2,13,0,0.0,False,False,e78a2b735352b6456a91a807897adc4623f3298e
A,1597,97890,1,2,-3.0515530109405518,-1.8853414058685303,6.59066915512085,6.491086961260835e-05,0.00020835152916224352,0.9997267376012251,2,13,0,0.0,False,False,e78a2b735352b6456a91a807897adc4623f3298e
A,1598,97890,1,2,-4.805691719055176,-1.4077682495117188,8.27078914642334,2.0937673202466698e-06,6.260771156492239e-05,0.9999352985211147,2,13,0,0.0,False,False,e78a2b735352b6456a91a807897adc4623f3298e
A,1599,97890,1,2,-4.3164238929748535,-1.5112216472625732,7.784328937530518,5.554788479945755e-06,9.18229797763283e-05,0.9999026222317438,2,13,0,0.0,False,False,e78a2b735352b6456a91a807897adc4623f3298e
A,1616,98874,1,2,-2.3620800971984863,1.4317798614501953,1.6010615825653076,0.01019888358528916,0.4531114947730211,0.5366896216416898,2,15,0,0.0,False,False,e78a2b735352b6456a91a807897adc4623f3298e
A,1617,98874,1,2,-1.4897810220718384,-1.5275925397872925,4.365328788757324,0.0028491967096979983,0.0027434755913892423,0.9944073276989128,2,15,0,0.0,False,False,e78a2b735352b6456a91a807897adc4623f3298e
A,1618,98874,1,2,-1.4744733572006226,-2.145564079284668,4.893838405609131,0.0017106187829388384,0.0008743840742274393,0.9974149971428337,2,15,0,0.0,False,False,e78a2b735352b6456a91a807897adc4623f3298e
A,1619,98874,1,2,-2.5778591632843018,-1.145859956741333,5.088342189788818,0.0004672584657982397,0.0019564399939154408,0.9975763015402863,2,15,0,0.0,False,False,e78a2b735352b6456a91a807897adc4623f3298e
A,1620,98874,1,2,-2.140049695968628,-2.054994821548462,5.656930446624756,0.0004106216990056349,0.0004470753839934899,0.9991423029170009,2,15,0,0.0,False,False,e78a2b735352b6456a91a807897adc4623f3298e
A,1634,99223,1,2,-4.425040245056152,-0.8982396721839905,7.264496326446533,8.378597746274487e-06,0.00028499770852815183,0.9997066236937256,2,20,0,0.0,False,False,e78a2b735352b6456a91a807897adc4623f3298e
A,1635,99223,1,2,-2.779123544692993,-1.8479115962982178,6.28432559967041,0.00011577536034141036,0.0002937895554327374,0.9995904350842257,2,20,0,0.0,False,False,e78a2b735352b6456a91a807897adc4623f3298e
A,1636,99223,1,2,-1.5929991006851196,-2.9362809658050537,6.221321105957031,0.0004037036851720341,0.00010536171040218446,0.9994909346044257,2,20,0,0.0,False,False,e78a2b735352b6456a91a807897adc4623f3298e
A,1637,99223,1,2,-1.7395089864730835,-2.0372812747955322,5.182701587677002,0.0009839587675983558,0.0007305602496055288,0.9982854809827961,2,20,0,0.0,False,False,e78a2b735352b6456a91a807897adc4623f3298e
A,1638,99223,1,2,-0.6970938444137573,-2.2446391582489014,4.048307418823242,0.00860091254015427,0.0018300128581047357,0.989569074601741,2,20,0,0.0,False,False,e78a2b735352b6456a91a807897adc4623f3298e
A,1639,99223,1,2,-3.1415317058563232,-1.8754091262817383,6.578625202178955,6.004417776839136e-05,0.00021298104411917955,0.9997269747781126,2,20,0,0.0,False,False,e78a2b735352b6456a91a807897adc4623f3298e
A,1644,101029,1,2,-4.583010673522949,-5.08067512512207,12.608502388000488,3.4183829836416255e-08,2.07820216429585e-08,0.9999999450341485,2,18,0,0.0,False,False,e78a2b735352b6456a91a807897adc4623f3298e
A,1645,101029,1,2,-4.718313694000244,-5.221508502960205,13.082247734069824,1.8591497992565503e-08,1.1240345361263173e-08,0.9999999701681566,2,18,0,0.0,False,False,e78a2b735352b6456a91a807897adc4623f3298e
A,1646,101029,1,2,-4.131333827972412,-6.0901198387146,13.416731834411621,2.393160923498284e-08,3.375063491735164e-09,0.9999999726933274,2,18,0,0.0,False,False,e78a2b735352b6456a91a807897adc4623f3298e
A,1647,101029,1,2,-4.328402042388916,-5.654956817626953,13.420559883117676,1.9575991396901633e-08,5.1952726764940115e-09,0.9999999752287361,2,18,0,0.0,False,False,e78a2b735352b6456a91a807897adc4623f3298e
A,1648,101029,1,2,-4.646430492401123,-4.454021453857422,12.409428596496582,3.915024425780934e-08,4.74566043099769e-08,0.9999999133931514,2,18,0,0.0,False,False,e78a2b735352b6456a91a807897adc4623f3298e
A,1649,101029,1,2,-4.713962078094482,-4.071613788604736,11.65860652923584,7.753248460248614e-08,1.4738457015515576e-07,0.9999997750829452,2,18,0,0.0,False,False,e78a2b735352b6456a91a807897adc4623f3298e
A,1650,101029,1,2,-4.7258734703063965,-4.616257190704346,12.423558235168457,3.5653027140595763e-08,3.978342370209022e-08,0.999999924563549,2,18,0,0.0,False,False,e78a2b735352b6456a91a807897adc4623f3298e
A,1704,103671,1,2,-3.950042486190796,-2.6825809478759766,8.948070526123047,2.5027400546756337e-06,8.889294538394458e-06,0.999988607965407,2,14,0,0.0,False,False,e78a2b735352b6456a91a807897adc4623f3298e
A,1705,103671,1,2,-3.1171061992645264,-3.4075474739074707,8.840774536132812,6.40845761918529e-06,4.793099820662882e-06,0.9999887984425602,2,14,0,0.0,False,False,e78a2b735352b6456a91a807897adc4623f3298e
A,1706,103671,1,2,-2.6967906951904297,-2.1416561603546143,6.901162624359131,6.785486942116872e-05,0.0001182150810379691,0.9998139300495409,2,14,0,0.0,False,False,e78a2b735352b6456a91a807897adc4623f3298e
A,1707,103671,1,2,-3.18540620803833,-2.4965195655822754,7.5436110496521,2.189871125304219e-05,4.361121886416757e-05,0.9999344900698829,2,14,0,0.0,False,False,e78a2b735352b6456a91a807897adc4623f3298e
A,1708,103671,1,2,-4.196749210357666,-2.356335401535034,8.652466773986816,2.628137420816631e-06,1.6555017020283278e-05,0.9999808168455588,2,14,0,0.0,False,False,e78a2b735352b6456a91a807897adc4623f3298e
A,1748,105187,1,2,-3.8797664642333984,-0.9461424946784973,6.4929704666137695,3.125423036546746e-05,0.0005874426993676035,0.9993813030702671,2,15,0,0.0,False,False,e78a2b735352b6456a91a807897adc4623f3298e
A,1749,105187,1,2,-3.8493387699127197,-1.8275443315505981,7.58369255065918,1.0830720752222819e-05,8.179213162775396e-05,0.99990737714762,2,15,0,0.0,False,False,e78a2b735352b6456a91a807897adc4623f3298e
A,1750,105187,1,2,-2.699239492416382,-2.1155779361724854,6.626746654510498,8.905691686285514e-05,0.00015964254734882248,0.9997513005357884,2,15,0,0.0,False,False,e78a2b735352b6456a91a807897adc4623f3298e
A,1751,105187,1,2,-4.917704105377197,-1.5435720682144165,8.703532218933105,1.214384737763907e-06,3.5458733972218274e-05,0.9999633268812901,2,15,0,0.0,False,False,e78a2b735352b6456a91a807897adc4623f3298e
A,1752,105187,1,2,-4.404951572418213,-0.9331046938896179,7.070918560028076,1.0373930657517236e-05,0.00033400062698595663,0.9996556254423565,2,15,0,0.0,False,False,e78a2b735352b6456a91a807897adc4623f3298e
A,1753,105187,1,2,-3.082909345626831,-3.128161668777466,8.11301040649414,1.3729735476061885e-05,1.3122281068283986e-05,0.9999731479834557,2,15,0,0.0,False,False,e78a2b735352b6456a91a807897adc4623f3298e
A,1754,105475,1,2,-4.550357341766357,-1.5411086082458496,8.21704387664795,2.852080328383676e-06,5.781784131441621e-05,0.9999393300783571,2,9,0,0.0,False,False,e78a2b735352b6456a91a807897adc4623f3298e
A,1755,105475,1,2,-1.090476155281067,-3.026233434677124,5.70005464553833,0.0011229270005952562,0.00016205514350320078,0.9987150178559017,2,9,0,0.0,False,False,e78a2b735352b6456a91a807897adc4623f3298e
A,1756,105475,1,2,-3.809699058532715,-1.0307350158691406,6.682658672332764,2.773453505063797e-05,0.00044659066286644,0.999525674802083,2,9,0,0.0,False,False,e78a2b735352b6456a91a807897adc4623f3298e
A,1757,105475,1,2,-4.011870861053467,-1.3028568029403687,7.343828201293945,1.1700412554079948e-05,0.00017567543273186532,0.999812624154714,2,9,0,0.0,False,False,e78a2b735352b6456a91a807897adc4623f3298e
A,1758,105475,1,2,-2.436805486679077,-4.002969741821289,8.59069538116455,1.624832860195473e-05,3.39337768661062e-06,0.9999803582937113,2,9,0,0.0,False,False,e78a2b735352b6456a91a807897adc4623f3298e
A,1789,97890,1,2,-4.964226722717285,-2.848970651626587,10.239726066589355,2.494630304589099e-07,2.0684747952504045e-06,0.9999976820621743,2,13,0,0.0,False,False,e78a2b735352b6456a91a807897adc4623f3298e
A,1790,97890,1,2,-3.168304443359375,-4.9308857917785645,10.668030738830566,9.793895871073186e-07,1.680645545519823e-07,0.9999988525458584,2,13,0,0.0,False,False,e78a2b735352b6456a91a807897adc4623f3298e
A,1791,97890,1,2,-3.356963872909546,-4.434125900268555,10.34406566619873,1.1212896719924942e-06,3.818671477360684e-07,0.9999984968431803,2,13,0,0.0,False,False,e78a2b735352b6456a91a807897adc4623f3298e
A,1792,97890,1,2,-2.158374071121216,-3.4441020488739014,7.7951507568359375,4.7556811327097916e-05,1.3147045368281212e-05,0.9999392961433047,2,13,0,0.0,False,False,e78a2b735352b6456a91a807897adc4623f3298e
A,1793,97890,1,2,-3.8029348850250244,-4.178347110748291,10.713202476501465,4.962737243945324e-07,3.409430356603462e-07,0.99999916278324,2,13,0,0.0,False,False,e78a2b735352b6456a91a807897adc4623f3298e
A,1794,97890,1,2,-3.3256399631500244,-5.249996185302734,11.366255760192871,4.162847979810048e-07,6.076496652324384e-08,0.9999995229502354,2,13,0,0.0,False,False,e78a2b735352b6456a91a807897adc4623f3298e
A,1813,98874,1,2,-2.964618444442749,-1.0285420417785645,5.471222400665283,0.00021657793241829454,0.0015012101827560828,0.9982822118848257,2,15,0,0.0,False,False,e78a2b735352b6456a91a807897adc4623f3298e
A,1814,98874,1,2,-2.59167742729187,-2.348984479904175,6.54681921005249,0.00010742248731788009,0.00013692899224344057,0.9997556485204387,2,15,0,0.0,False,False,e78a2b735352b6456a91a807897adc4623f3298e
A,1815,98874,1,2,-2.12158465385437,-2.46533203125,6.189281940460205,0.0002457276724806933,0.00017424746873358554,0.9995800248587857,2,15,0,0.0,False,False,e78a2b735352b6456a91a807897adc4623f3298e
A,1816,98874,1,2,-2.471301555633545,1.5153735876083374,1.8684308528900146,0.007600951340782187,0.40950477308849786,0.5828942755707199,2,15,0,0.0,False,False,e78a2b735352b6456a91a807897adc4623f3298e
A,1817,98874,1,2,-1.6238752603530884,-2.2521157264709473,5.377336025238037,0.0009095077704571082,0.0004852494436189163,0.9986052427859239,2,15,0,0.0,False,False,e78a2b735352b6456a91a807897adc4623f3298e
A,1818,98874,1,2,-1.1844069957733154,-2.8267247676849365,5.465821743011475,0.0012917315806819218,0.0002499900547214448,0.9984582783645966,2,15,0,0.0,False,False,e78a2b735352b6456a91a807897adc4623f3298e
A,1835,99223,1,2,-2.427431583404541,-5.504844665527344,10.651006698608398,2.0898035991253472e-06,9.629460426051614e-08,0.9999978139017967,2,20,0,0.0,False,False,e78a2b735352b6456a91a807897adc4623f3298e
A,1836,99223,1,2,-1.4044712781906128,-4.959482192993164,8.792859077453613,3.726825411558253e-05,1.0651663172092191e-06,0.9999616665795672,2,20,0,0.0,False,False,e78a2b735352b6456a91a807897adc4623f3298e
A,1837,99223,1,2,-3.384953498840332,-1.1200413703918457,6.344024658203125,5.9495444565873676e-05,0.0005729576909190411,0.999367546864515,2,20,0,0.0,False,False,e78a2b735352b6456a91a807897adc4623f3298e
A,1838,99223,1,2,-1.8577033281326294,-2.918745517730713,6.719232082366943,0.00018835369908357382,6.518825950397674e-05,0.9997464580414124,2,20,0,0.0,False,False,e78a2b735352b6456a91a807897adc4623f3298e
A,1839,99223,1,2,-2.129592180252075,-4.80018949508667,9.302812576293945,1.0838387310281254e-05,7.50134239847181e-07,0.9999884114784497,2,20,0,0.0,False,False,e78a2b735352b6456a91a807897adc4623f3298e
A,1840,99223,1,2,-2.7571403980255127,-4.3379998207092285,9.483479499816895,4.83018532201858e-06,9.940432255449322e-07,0.9999941757714524,2,20,0,0.0,False,False,e78a2b735352b6456a91a807897adc4623f3298e
A,1841,MR048294,1,1,-3.137416124343872,6.584936141967773,-3.7379443645477295,5.992330501430858e-05,0.9999072074553613,3.286923962453785e-05,1,21,0,0.0,False,False,e78a2b735352b6456a91a807897adc4623f3298e
A,1842,MR048294,1,1,-3.250295639038086,6.284276485443115,-3.372272253036499,7.229840943948844e-05,0.9998637052747994,6.399631576114026e-05,1,21,0,0.0,False,False,e78a2b735352b6456a91a807897adc4623f3298e
A,1843,MR048294,1,1,-3.8885750770568848,8.55875015258789,-5.043376445770264,3.928195508358173e-06,0.9999948339510383,1.2378534533447054e-06,1,21,0,0.0,False,False,e78a2b735352b6456a91a807897adc4623f3298e
A,1844,MR048294,1,1,-4.156038284301758,8.730443000793457,-5.030242919921875,2.5320409685678607e-06,0.9999964116074691,1.0563515624335104e-06,1,21,0,0.0,False,False,e78a2b735352b6456a91a807897adc4623f3298e
A,1845,MR048294,1,1,-3.2520995140075684,7.4715962409973145,-4.589587688446045,2.201638627503054e-05,0.9999722042197279,5.77939399686324e-06,1,21,0,0.0,False,False,e78a2b735352b6456a91a807897adc4623f3298e
A,1846,MR048294,1,1,-3.9915459156036377,8.189270973205566,-4.5453200340271,5.127845517705567e-06,0.9999919247897043,2.9473647778717222e-06,1,21,0,0.0,False,False,e78a2b735352b6456a91a807897adc4623f3298e
A,1847,MR048294,1,1,-3.1822290420532227,8.02755069732666,-5.286922931671143,1.3540912080597381e-05,0.9999848086812275,1.6504066919851878e-06,1,21,0,0.0,False,False,e78a2b735352b6456a91a807897adc4623f3298e
A,1848,MR048294,1,1,-2.812157154083252,7.518692493438721,-5.143783092498779,3.261020029519968e-05,0.9999642221205449,3.1676791597982376e-06,1,21,0,0.0,False,False,e78a2b735352b6456a91a807897adc4623f3298e
A,1849,MR048297,1,1,-2.7119338512420654,7.760804653167725,-5.646064281463623,2.8296616855643593e-05,0.9999701986556401,1.5047275043042555e-06,1,16,0,0.0,False,False,e78a2b735352b6456a91a807897adc4623f3298e
A,1850,MR048297,1,1,0.03392907232046127,5.15631628036499,-5.512808322906494,0.005926304812427009,0.9940505816435271,2.311354404582022e-05,1,16,0,0.0,False,False,e78a2b735352b6456a91a807897adc4623f3298e
A,1851,MR048297,1,1,0.049132317304611206,5.8246002197265625,-6.247532367706299,0.003093130657200429,0.9969011704362124,5.6989065873180855e-06,1,16,0,0.0,False,False,e78a2b735352b6456a91a807897adc4623f3298e
A,1852,MR048297,1,1,-2.1970508098602295,7.605357646942139,-6.107381820678711,5.5315086115670464e-05,0.9999435767387209,1.1081751633433406e-06,1,16,0,0.0,False,False,e78a2b735352b6456a91a807897adc4623f3298e
A,1879,MR049104,1,1,-4.839341640472412,8.719465255737305,-4.2960076332092285,1.292657456865232e-06,0.9999964817256095,2.2256169336535666e-06,1,8,0,0.0,False,False,e78a2b735352b6456a91a807897adc4623f3298e
A,1880,MR049104,1,1,-4.50216007232666,9.176131248474121,-5.216825485229492,1.1470776437552678e-06,0.9999982915932392,5.613291170063349e-07,1,8,0,0.0,False,False,e78a2b735352b6456a91a807897adc4623f3298e
A,1921,MR024780G,1,1,-4.1462202072143555,3.503591537475586,1.4468679428100586,0.00042197406758553036,0.8862511067409642,0.11332691919145031,1,28,0,0.0,False,False,e78a2b735352b6456a91a807897adc4623f3298e
A,1922,MR024780G,1,1,-3.7822487354278564,3.8640196323394775,0.5411050915718079,0.00046098614731949567,0.9647616559041282,0.034777357948552155,1,28,0,0.0,False,False,e78a2b735352b6456a91a807897adc4623f3298e
A,1923,MR024780G,1,1,-3.177050828933716,7.024255275726318,-4.520082950592041,3.712006436334917e-05,0.9999531896343283,9.690301308276349e-06,1,28,0,0.0,False,False,e78a2b735352b6456a91a807897adc4623f3298e
A,1924,MR024780G,1,1,-3.351743459701538,6.506768703460693,-3.7421398162841797,5.22955197218563e-05,0.9999123114701779,3.539301010014201e-05,1,28,0,0.0,False,False,e78a2b735352b6456a91a807897adc4623f3298e
A,1925,MR024780G,1,1,-3.798053026199341,6.1653242111206055,-2.720242977142334,4.708468894721637e-05,0.9998145692933218,0.00013834601773105303,1,28,0,0.0,False,False,e78a2b735352b6456a91a807897adc4623f3298e
A,1926,MR024780G,1,1,-3.766204595565796,6.408880710601807,-2.924180746078491,3.810321648442311e-05,0.9998734569432177,8.843984029790733e-05,1,28,0,0.0,False,False,e78a2b735352b6456a91a807897adc4623f3298e
A,1927,MR024780G,1,1,-3.353560209274292,6.707829475402832,-3.719374179840088,4.269358024864677e-05,0.9999276927937617,2.9613625989810785e-05,1,28,0,0.0,False,False,e78a2b735352b6456a91a807897adc4623f3298e
A,1928,MR024780G,1,1,-3.0675857067108154,7.071357250213623,-4.388999938964844,3.950856769279675e-05,0.9999499522145924,1.0539217714762558e-05,1,28,0,0.0,False,False,e78a2b735352b6456a91a807897adc4623f3298e
A,1929,MR024780G,1,1,-4.0181050300598145,5.915832042694092,-1.8520209789276123,4.8477606767974674e-05,0.9995286011285033,0.0004229212647286593,1,28,0,0.0,False,False,e78a2b735352b6456a91a807897adc4623f3298e
A,1930,MR024780G,1,1,-4.377125263214111,6.371932506561279,-2.1637532711029053,2.1460950132632515e-05,0.9997822463321406,0.00019629271772662882,1,28,0,0.0,False,False,e78a2b735352b6456a91a807897adc4623f3298e
A,1931,MR024780G,1,1,-4.135733127593994,7.660391330718994,-3.942345142364502,7.533572953209727e-06,0.9999833255401969,9.140886849839814e-06,1,28,0,0.0,False,False,e78a2b735352b6456a91a807897adc4623f3298e
A,1932,MR024780G,1,1,-3.605250120162964,6.8545355796813965,-3.616006374359131,2.866474107952631e-05,0.9999429771907995,2.835806812091277e-05,1,28,0,0.0,False,False,e78a2b735352b6456a91a807897adc4623f3298e
A,1933,MR024780G,1,1,-3.15610408782959,6.269016742706299,-3.676046371459961,8.066147694335047e-05,0.9998713808497213,4.795767333537041e-05,1,28,0,0.0,False,False,e78a2b735352b6456a91a807897adc4623f3298e
A,1934,MR024780G,1,1,-3.8076000213623047,6.688652515411377,-3.4055116176605225,2.7637928869862547e-05,0.9999310449294168,4.131714171319301e-05,1,28,0,0.0,False,False,e78a2b735352b6456a91a807897adc4623f3298e
A,1935,MR024780G,1,1,-3.7831664085388184,6.370443820953369,-3.088123321533203,3.8930709315958666e-05,0.9998830601140632,7.800917662077312e-05,1,28,0,0.0,False,False,e78a2b735352b6456a91a807897adc4623f3298e
A,1936,MR024780G,1,1,-3.259896755218506,6.568192958831787,-3.9250738620758057,5.391125178569329e-05,0.9999183685284512,2.7720219763129544e-05,1,28,0,0.0,False,False,e78a2b735352b6456a91a807897adc4623f3298e
A,1937,MR049453B,1,1,-3.5678036212921143,6.797961711883545,-3.5168676376342773,3.14903325795543e-05,0.9999353737908354,3.313587658505519e-05,1,21,0,0.0,False,False,e78a2b735352b6456a91a807897adc4623f3298e
A,1938,MR049453B,1,1,-3.338432550430298,6.9777398109436035,-4.038238048553467,3.309190423128776e-05,0.9999504719459018,1.643614986684957e-05,1,21,0,0.0,False,False,e78a2b735352b6456a91a807897adc4623f3298e
A,1939,MR049453B,1,1,-3.3596365451812744,7.2474164962768555,-4.344053745269775,2.4740053552714513e-05,0.9999660156539709,9.244292476300814e-06,1,21,0,0.0,False,False,e78a2b735352b6456a91a807897adc4623f3298e
A,1940,MR049453B,1,1,-3.6007943153381348,7.596015453338623,-4.4435224533081055,1.3717620380049623e-05,0.9999803764726727,5.905906947426779e-06,1,21,0,0.0,False,False,e78a2b735352b6456a91a807897adc4623f3298e
A,1941,MR049453B,1,1,-3.4729390144348145,7.5155720710754395,-4.5630269050598145,1.6894310327672198e-05,0.9999774260431,5.679646572338776e-06,1,21,0,0.0,False,False,e78a2b735352b6456a91a807897adc4623f3298e
A,1942,MR049453B,1,1,-3.6812551021575928,7.8350510597229,-4.67252779006958,9.966113927494757e-06,0.9999863354204261,3.698465646468739e-06,1,21,0,0.0,False,False,e78a2b735352b6456a91a807897adc4623f3298e
A,1943,MR049453B,1,1,-2.829329252243042,6.756596565246582,-4.399062633514404,6.868300310012497e-05,0.9999170240187274,1.4292978172495161e-05,1,21,0,0.0,False,False,e78a2b735352b6456a91a807897adc4623f3298e
A,1944,MR049453B,1,1,-2.717941999435425,6.800309181213379,-4.543774127960205,7.349181529864142e-05,0.9999146698624813,1.1838322219874473e-05,1,21,0,0.0,False,False,e78a2b735352b6456a91a807897adc4623f3298e
A,1964,MR050687,1,1,-2.6105566024780273,7.134003162384033,-4.912017345428467,5.860888549266833e-05,0.9999355236325617,5.867481945510856e-06,1,21,0,0.0,False,False,e78a2b735352b6456a91a807897adc4623f3298e
A,1965,MR050687,1,1,-3.2130396366119385,7.230860710144043,-4.4100728034973145,2.9124282840398286e-05,0.9999620775878432,8.798129316287228e-06,1,21,0,0.0,False,False,e78a2b735352b6456a91a807897adc4623f3298e
A,1966,MR050687,1,1,-3.468614101409912,7.8737473487854,-4.750340938568115,1.1859556003342238e-05,0.9999848487342184,3.2917097782730862e-06,1,21,0,0.0,False,False,e78a2b735352b6456a91a807897adc4623f3298e
A,1967,MR050687,1,1,-2.285895824432373,7.588143825531006,-5.660459518432617,5.149154669351234e-05,0.9999467457405552,1.7627127512052982e-06,1,21,0,0.0,False,False,e78a2b735352b6456a91a807897adc4623f3298e
A,1968,MR050687,1,1,-2.6755788326263428,7.8769659996032715,-5.590090751647949,2.6126187984219896e-05,0.9999724569759495,1.4168360662693564e-06,1,21,0,0.0,False,False,e78a2b735352b6456a91a807897adc4623f3298e
A,1969,MR050687,1,1,-2.9047329425811768,8.02246379852295,-5.574547290802002,1.796265013903329e-05,0.9999807931654028,1.2441844581995079e-06,1,21,0,0.0,False,False,e78a2b735352b6456a91a807897adc4623f3298e
A,1970,MR050687,1,1,-2.588243246078491,6.997225284576416,-4.768901348114014,6.871486469961365e-05,0.9999235226120307,7.762523269694583e-06,1,21,0,0.0,False,False,e78a2b735352b6456a91a807897adc4623f3298e
A,1971,MR050687,1,1,-2.325188398361206,7.359451770782471,-5.396274566650391,6.222801331070101e-05,0.9999348864263539,2.8855603354804114e-06,1,21,0,0.0,False,False,e78a2b735352b6456a91a807897adc4623f3298e
A,1972,MR050687,1,1,-1.7857102155685425,6.117973327636719,-4.564145565032959,0.0003692355397865605,0.9996078217692292,2.2942690984048545e-05,1,21,0,0.0,False,False,e78a2b735352b6456a91a807897adc4623f3298e
A,1973,MR050687,1,1,-1.9144777059555054,6.34888219833374,-4.792698383331299,0.00025772120568362094,0.9997277859109712,1.4492883345049373e-05,1,21,0,0.0,False,False,e78a2b735352b6456a91a807897adc4623f3298e
A,2032,MR051651,1,1,-3.283764600753784,8.051231384277344,-5.11165189743042,1.1947244966230241e-05,0.9999861322015672,1.920553466615564e-06,1,16,0,0.0,False,False,e78a2b735352b6456a91a807897adc4623f3298e
A,2033,MR051651,1,1,-2.25602126121521,6.682627201080322,-4.7553935050964355,0.0001311996369907596,0.9998580240782317,1.077628477764659e-05,1,16,0,0.0,False,False,e78a2b735352b6456a91a807897adc4623f3298e
A,2034,MR051651,1,1,-2.163334369659424,6.782881259918213,-4.9596991539001465,0.00013021107150898767,0.9998618419485366,7.94697995444657e-06,1,16,0,0.0,False,False,e78a2b735352b6456a91a807897adc4623f3298e
A,2035,MR051651,1,1,-2.2229959964752197,7.140880107879639,-5.313901424407959,8.575932200643609e-05,0.9999103419928108,3.898685182689776e-06,1,16,0,0.0,False,False,e78a2b735352b6456a91a807897adc4623f3298e
A,2036,MR051651,1,1,-1.9225456714630127,6.9830756187438965,-5.42020845413208,0.00013560544750470334,0.999860290040869,4.104511626269811e-06,1,16,0,0.0,False,False,e78a2b735352b6456a91a807897adc4623f3298e
A,2037,MR051651,1,1,-1.4787951707839966,5.887792110443115,-4.76685094833374,0.0006316073245240058,0.9993448170796572,2.3575595819009253e-05,1,16,0,0.0,False,False,e78a2b735352b6456a91a807897adc4623f3298e
A,2061,MR052550,1,1,-2.5197935104370117,6.950776100158691,-4.907931804656982,7.708099766943623e-05,0.9999158429335779,7.076068752471136e-06,1,17,0,0.0,False,False,e78a2b735352b6456a91a807897adc4623f3298e
A,2062,MR052550,1,1,-3.0165412425994873,8.293103218078613,-5.876777172088623,1.2254008912135549e-05,0.9999870443847385,7.016063495241776e-07,1,17,0,0.0,False,False,e78a2b735352b6456a91a807897adc4623f3298e
A,2063,MR052550,1,1,-4.211851596832275,9.620503425598145,-5.997066497802734,9.832954812307506e-07,0.9999988517458804,1.6495863826446677e-07,1,17,0,0.0,False,False,e78a2b735352b6456a91a807897adc4623f3298e
A,2064,MR052550,1,1,-3.6805906295776367,8.446568489074707,-5.32928991317749,5.410518819378408e-06,0.9999935490390954,1.0404420851747506e-06,1,17,0,0.0,False,False,e78a2b735352b6456a91a807897adc4623f3298e
A,2087,MR053110B,1,1,-2.092954397201538,6.234568119049072,-4.366838455200195,0.00024170583429166303,0.999733419810337,2.4874355371281904e-05,1,18,0,0.0,False,False,e78a2b735352b6456a91a807897adc4623f3298e
A,2088,MR053110B,1,1,-1.992620825767517,6.386438846588135,-4.618072986602783,0.00022956923547660517,0.9997538083425906,1.6622421932800454e-05,1,18,0,0.0,False,False,e78a2b735352b6456a91a807897adc4623f3298e
A,2089,MR053110B,1,1,-2.741173267364502,7.48138952255249,-5.004430294036865,3.633958518005652e-05,0.9999598806922178,3.7797226021435844e-06,1,18,0,0.0,False,False,e78a2b735352b6456a91a807897adc4623f3298e
A,2090,MR053110B,1,1,-2.3855140209198,7.388859272003174,-5.384649753570557,5.688760851815375e-05,0.9999402776753329,2.8347161487872806e-06,1,18,0,0.0,False,False,e78a2b735352b6456a91a807897adc4623f3298e
A,2091,MR053110B,1,1,-2.3364031314849854,7.351474285125732,-5.525167942047119,6.202692440787671e-05,0.9999354161547339,2.556920858370916e-06,1,18,0,0.0,False,False,e78a2b735352b6456a91a807897adc4623f3298e
A,2092,MR053110B,1,1,-2.516085386276245,7.770047664642334,-5.776999473571777,3.4101524737080276e-05,0.9999645905684459,1.3079068170263009e-06,1,18,0,0.0,False,False,e78a2b735352b6456a91a807897adc4623f3298e
A,2100,MR054875,1,1,-4.650747299194336,8.412925720214844,-3.9944839477539062,2.120880493318593e-06,0.9999937909607747,4.088158732091219e-06,1,8,0,0.0,False,False,e78a2b735352b6456a91a807897adc4623f3298e
A,2101,MR054875,1,1,-4.59561014175415,8.249539375305176,-4.040894508361816,2.6388779464783785e-06,0.9999927656593867,4.595462666835708e-06,1,8,0,0.0,False,False,e78a2b735352b6456a91a807897adc4623f3298e
A,2102,MR054875,1,1,-3.97196888923645,8.245397567749023,-4.7659687995910645,4.943813131294578e-06,0.9999928214197793,2.23476708927094e-06,1,8,0,0.0,False,False,e78a2b735352b6456a91a807897adc4623f3298e
A,2103,MR054875,1,1,-3.9661173820495605,8.041634559631348,-4.501882076263428,6.096707989213393e-06,0.9999903353667857,3.567925225036593e-06,1,8,0,0.0,False,False,e78a2b735352b6456a91a807897adc4623f3298e
A,2128,MR053110E,1,1,-3.7859787940979004,7.315085411071777,-3.6940231323242188,1.509577203273756e-05,0.9999683544883508,1.6549739616476635e-05,1,21,0,0.0,False,False,e78a2b735352b6456a91a807897adc4623f3298e
A,2129,MR053110E,1,1,-2.8242275714874268,6.331605434417725,-3.6738767623901367,0.00010558610800933526,0.9998492689783522,4.5144913638341394e-05,1,21,0,0.0,False,False,e78a2b735352b6456a91a807897adc4623f3298e
A,2130,MR053110E,1,1,-4.056870937347412,7.186709880828857,-3.367976188659668,1.309054977252553e-05,0.999960839447641,2.607000258643572e-05,1,21,0,0.0,False,False,e78a2b735352b6456a91a807897adc4623f3298e
A,2131,MR053110E,1,1,-3.26092267036438,6.373429775238037,-3.2389540672302246,6.543293888528986e-05,0.9998676807460931,6.688631502149466e-05,1,21,0,0.0,False,False,e78a2b735352b6456a91a807897adc4623f3298e
A,2132,MR053110E,1,1,-3.4774835109710693,7.2266621589660645,-4.1425862312316895,2.2450904251160393e-05,0.9999660043759568,1.1544719791913401e-05,1,21,0,0.0,False,False,e78a2b735352b6456a91a807897adc4623f3298e
A,2133,MR053110E,1,1,-3.6825220584869385,7.353658676147461,-4.097286701202393,1.6107791129962234e-05,0.9999732530818525,1.0639127017697581e-05,1,21,0,0.0,False,False,e78a2b735352b6456a91a807897adc4623f3298e
A,2144,MR024780D,1,1,-2.30838942527771,7.206488609313965,-5.520833492279053,7.374076824154332e-05,0.9999232905685779,2.968663180759719e-06,1,6,0,0.0,False,False,e78a2b735352b6456a91a807897adc4623f3298e
A,2145,MR024780D,1,1,-2.4942421913146973,7.438453197479248,-5.619255542755127,4.8558267866238906e-05,0.9999493082592268,2.1334729069799923e-06,1,6,0,0.0,False,False,e78a2b735352b6456a91a807897adc4623f3298e
A,2237,MR024780B,1,1,-2.233039617538452,7.252086639404297,-5.5381693840026855,7.596749434752438e-05,0.9999212449202435,2.7875854091654405e-06,1,7,0,0.0,False,False,e78a2b735352b6456a91a807897adc4623f3298e
A,2238,MR024780B,1,1,-2.1319801807403564,7.214292049407959,-5.547419548034668,8.728234189487744e-05,0.9999098493888355,2.8682692693971936e-06,1,7,0,0.0,False,False,e78a2b735352b6456a91a807897adc4623f3298e
A,2239,MR024780B,1,1,-2.4753143787384033,7.1063618659973145,-5.17377233505249,6.897614303153457e-05,0.9999263811261324,4.642730835879837e-06,1,7,0,0.0,False,False,e78a2b735352b6456a91a807897adc4623f3298e
A,2240,MR024780B,1,1,-3.1279163360595703,6.461320400238037,-3.6493959426879883,6.845418738875091e-05,0.9998909085632618,4.0637249349509455e-05,1,7,0,0.0,False,False,e78a2b735352b6456a91a807897adc4623f3298e
A,2244,MR049104,1,1,-3.3713362216949463,8.757466316223145,-5.772503852844238,5.401637395181188e-06,0.999994108908951,4.89453653788815e-07,1,8,0,0.0,False,False,e78a2b735352b6456a91a807897adc4623f3298e
A,2245,MR049104,1,1,-3.4334218502044678,8.23008918762207,-5.166235446929932,8.601954091792085e-06,0.9999898773382354,1.520707672764426e-06,1,8,0,0.0,False,False,e78a2b735352b6456a91a807897adc4623f3298e
A,2246,MR049104,1,1,-3.902684450149536,8.032670021057129,-4.44422721862793,6.554459898881519e-06,0.9999896318282652,3.8137118360137285e-06,1,8,0,0.0,False,False,e78a2b735352b6456a91a807897adc4623f3298e
A,2279,MR024780G,1,1,-2.582414150238037,7.854572296142578,-5.9035115242004395,2.9326563971607194e-05,0.9999696143605349,1.0590754934007583e-06,1,28,0,0.0,False,False,e78a2b735352b6456a91a807897adc4623f3298e
A,2280,MR024780G,1,1,-2.255474805831909,7.477680683135986,-5.655172824859619,5.928129384932516e-05,0.9999387396979948,1.9790081558117325e-06,1,28,0,0.0,False,False,e78a2b735352b6456a91a807897adc4623f3298e
A,2281,MR024780G,1,1,-2.329533100128174,7.467072010040283,-5.642505168914795,5.563696305667685e-05,0.9999423374171698,2.025619773590683e-06,1,28,0,0.0,False,False,e78a2b735352b6456a91a807897adc4623f3298e
A,2282,MR024780G,1,1,-2.174335479736328,7.324680805206299,-5.6350626945495605,7.491970929252624e-05,0.9999227272938305,2.352996877033013e-06,1,28,0,0.0,False,False,e78a2b735352b6456a91a807897adc4623f3298e
A,2283,MR024780G,1,1,-2.463397264480591,7.405379772186279,-5.530029773712158,5.17631934540288e-05,0.9999458257939191,2.411012626905982e-06,1,28,0,0.0,False,False,e78a2b735352b6456a91a807897adc4623f3298e
A,2284,MR024780G,1,1,-2.105100393295288,7.284278392791748,-5.703386306762695,8.36001972722657e-05,0.9999141116153492,2.288187378442265e-06,1,28,0,0.0,False,False,e78a2b735352b6456a91a807897adc4623f3298e
A,2285,MR024780G,1,1,-2.2282559871673584,7.577666759490967,-5.869030475616455,5.512102612559913e-05,0.9999434330380311,1.4459358432106701e-06,1,28,0,0.0,False,False,e78a2b735352b6456a91a807897adc4623f3298e
A,2286,MR049453B,1,1,-0.30947422981262207,6.233482360839844,-6.302052974700928,0.0014381476179052214,0.9985582610167714,3.5913653234368383e-06,1,21,0,0.0,False,False,e78a2b735352b6456a91a807897adc4623f3298e
A,2287,MR049453B,1,1,-1.0530074834823608,5.826171398162842,-5.067200183868408,0.0010279118106483525,0.998953526644589,1.8561544762673662e-05,1,21,0,0.0,False,False,e78a2b735352b6456a91a807897adc4623f3298e
A,2288,MR049453B,1,1,-2.7219746112823486,6.962189197540283,-4.554561614990234,6.225722097480387e-05,0.9999277816788534,9.961100171723482e-06,1,21,0,0.0,False,False,e78a2b735352b6456a91a807897adc4623f3298e
A,2289,MR049453B,1,1,-2.377983331680298,7.180028915405273,-5.104015827178955,7.062774498100465e-05,0.9999247476518768,4.624603142243771e-06,1,21,0,0.0,False,False,e78a2b735352b6456a91a807897adc4623f3298e
A,2290,MR049453B,1,1,-2.742440938949585,7.189773082733154,-4.685708522796631,4.8581412298786246e-05,0.999944460021755,6.958565946267988e-06,1,21,0,0.0,False,False,e78a2b735352b6456a91a807897adc4623f3298e
A,2291,MR049453B,1,1,-2.5665876865386963,6.799830913543701,-4.468170166015625,8.554081566569391e-05,0.9999016851932299,1.277399110451604e-05,1,21,0,0.0,False,False,e78a2b735352b6456a91a807897adc4623f3298e
A,2292,MR049453B,1,1,-0.08901704102754593,5.0241312980651855,-5.037389278411865,0.005980866316138332,0.9939766997458026,4.243393805898258e-05,1,21,0,0.0,False,False,e78a2b735352b6456a91a807897adc4623f3298e
A,2293,MR049453B,1,1,-1.315316081047058,5.478210926055908,-4.243553638458252,0.001119685672754486,0.9988204209630167,5.9893364228729104e-05,1,21,0,0.0,False,False,e78a2b735352b6456a91a807897adc4623f3298e
A,2294,MR049453B,1,1,-2.11590313911438,6.621154308319092,-4.835849285125732,0.00016049808715598143,0.9998289285713654,1.0573341478587245e-05,1,21,0,0.0,False,False,e78a2b735352b6456a91a807897adc4623f3298e
A,2295,MR049453B,1,1,-2.332857847213745,6.140313625335693,-4.029153347015381,0.00020894933206003452,0.9997527373986654,3.83132692744875e-05,1,21,0,0.0,False,False,e78a2b735352b6456a91a807897adc4623f3298e
A,2296,MR049453B,1,1,-2.4260780811309814,6.069662570953369,-3.87601900100708,0.00020428532460055253,0.9997477925767946,4.79220986047763e-05,1,21,0,0.0,False,False,e78a2b735352b6456a91a807897adc4623f3298e
A,2297,MR049453B,1,1,-3.0077850818634033,6.985885143280029,-4.175266742706299,4.56854757699879e-05,0.9999400995096654,1.4215014564562022e-05,1,21,0,0.0,False,False,e78a2b735352b6456a91a807897adc4623f3298e
A,2298,MR049453B,1,1,-3.370765447616577,7.168380260467529,-3.9588286876678467,2.647825062060995e-05,0.9999588156780421,1.4706071337285073e-05,1,21,0,0.0,False,False,e78a2b735352b6456a91a807897adc4623f3298e
A,2299,MR049453B,1,1,-2.9870810508728027,7.4132866859436035,-4.752665042877197,3.0420210171721918e-05,0.9999643752920775,5.204497750759177e-06,1,21,0,0.0,False,False,e78a2b735352b6456a91a807897adc4623f3298e
A,2311,MR050687,1,1,-1.2597500085830688,5.833535194396973,-4.6756978034973145,0.0008299519233653416,0.9991427880887851,2.7259987849516222e-05,1,21,0,0.0,False,False,e78a2b735352b6456a91a807897adc4623f3298e
A,2312,MR050687,1,1,-1.1825453042984009,6.671081066131592,-5.748516082763672,0.0003881888254183554,0.9996077740968108,4.037077770947485e-06,1,21,0,0.0,False,False,e78a2b735352b6456a91a807897adc4623f3298e
A,2313,MR050687,1,1,-2.077582836151123,7.303186416625977,-5.61407995223999,8.432298823276825e-05,0.9999132219365302,2.455075237139121e-06,1,21,0,0.0,False,False,e78a2b735352b6456a91a807897adc4623f3298e
A,2314,MR050687,1,1,-0.33145731687545776,6.213372707366943,-6.1989665031433105,0.0014354590540601212,0.9985604787211996,4.062224740066832e-06,1,21,0,0.0,False,False,e78a2b735352b6456a91a807897adc4623f3298e
A,2315,MR050687,1,1,0.7885733842849731,4.0845136642456055,-4.875022888183594,0.03570629982624633,0.9641697987666361,0.00012390140711761752,1,21,0,0.0,False,False,e78a2b735352b6456a91a807897adc4623f3298e
A,2316,MR050687,1,1,-1.6169660091400146,6.8528523445129395,-5.484348297119141,0.0002096581062926301,0.999785957304892,4.384588815477341e-06,1,21,0,0.0,False,False,e78a2b735352b6456a91a807897adc4623f3298e
A,2403,MR048294,1,1,-3.21649432182312,7.111339092254639,-4.152389049530029,3.270838951511794e-05,0.9999544622430042,1.2829367480659704e-05,1,21,0,0.0,False,False,e78a2b735352b6456a91a807897adc4623f3298e
A,2404,MR048294,1,1,-2.444831132888794,6.509605407714844,-4.339231967926025,0.0001291436613218217,0.9998514320436552,1.942429502274494e-05,1,21,0,0.0,False,False,e78a2b735352b6456a91a807897adc4623f3298e
A,2405,MR048294,1,1,-1.8140783309936523,5.0564351081848145,-3.589106798171997,0.0010366856223680992,0.9987876183239485,0.00017569605368336483,1,21,0,0.0,False,False,e78a2b735352b6456a91a807897adc4623f3298e
A,2406,MR048294,1,1,-2.7392737865448,6.135630130767822,-3.85115909576416,0.00013982907714262698,0.9998141757942998,4.599512855758516e-05,1,21,0,0.0,False,False,e78a2b735352b6456a91a807897adc4623f3298e
A,2407,MR048294,1,1,-1.400831937789917,4.665986061096191,-3.454327344894409,0.002312489665206806,0.9973908509603664,0.00029665937442685753,1,21,0,0.0,False,False,e78a2b735352b6456a91a807897adc4623f3298e
A,2408,MR048294,1,1,-1.751334309577942,5.327757358551025,-3.8387389183044434,0.0008417409595564139,0.9990538759483507,0.0001043830920928703,1,21,0,0.0,False,False,e78a2b735352b6456a91a807897adc4623f3298e
A,2409,MR048294,1,1,-3.8843441009521484,7.374671459197998,-3.6201138496398926,1.2890174038401995e-05,0.9999703213017564,1.6788524205364875e-05,1,21,0,0.0,False,False,e78a2b735352b6456a91a807897adc4623f3298e
A,2410,MR048297,1,1,-1.4121469259262085,5.491550445556641,-4.229691982269287,0.001002998899374128,0.998937069457334,5.993164329199971e-05,1,16,0,0.0,False,False,e78a2b735352b6456a91a807897adc4623f3298e
A,2411,MR048297,1,1,0.765683650970459,4.199089527130127,-4.9565253257751465,0.031264404553553504,0.9686332834925075,0.00010231195393902463,1,16,0,0.0,False,False,e78a2b735352b6456a91a807897adc4623f3298e
A,2412,MR048297,1,1,1.11638343334198,3.7518787384033203,-4.752103805541992,0.06687599962946812,0.9329349320955849,0.0001890682749470194,1,16,0,0.0,False,False,e78a2b735352b6456a91a807897adc4623f3298e
A,2413,MR048297,1,1,-0.0899607241153717,4.515529155731201,-4.369493007659912,0.009896500063335222,0.9899664419411582,0.00013705799550644683,1,16,0,0.0,False,False,e78a2b735352b6456a91a807897adc4623f3298e
A,2414,MR048297,1,1,-1.6184407472610474,6.265096187591553,-4.706654071807861,0.0003767491656323402,0.9996060773549712,1.7173479396313272e-05,1,16,0,0.0,False,False,e78a2b735352b6456a91a807897adc4623f3298e
A,2540,MR048294,1,1,1.8863844871520996,2.6625094413757324,-4.4525017738342285,0.314980313834759,0.684463346420623,0.0005563397446179766,1,21,0,0.0,False,False,e78a2b735352b6456a91a807897adc4623f3298e
A,2541,MR048294,1,1,-2.176128625869751,6.888139247894287,-4.839096546173096,0.00011571368333784819,0.9998762163369156,8.06997974666668e-06,1,21,0,0.0,False,False,e78a2b735352b6456a91a807897adc4623f3298e
A,2542,MR048294,1,1,-2.083770990371704,5.935669422149658,-4.061277866363525,0.00032888089789777835,0.999625597417515,4.552168458727888e-05,1,21,0,0.0,False,False,e78a2b735352b6456a91a807897adc4623f3298e
A,2543,MR048294,1,1,-2.7126517295837402,6.580222129821777,-3.9508790969848633,9.206712534682785e-05,0.9998812428318552,2.6690042798006204e-05,1,21,0,0.0,False,False,e78a2b735352b6456a91a807897adc4623f3298e
A,2544,MR048294,1,1,-1.041005253791809,5.420116901397705,-4.3085126876831055,0.001560508678659457,0.9983800339451517,5.945737618886798e-05,1,21,0,0.0,False,False,e78a2b735352b6456a91a807897adc4623f3298e
A,2545,MR048294,1,1,-1.3357539176940918,5.246710300445557,-3.834486722946167,0.001382362460222624,0.9985040224378539,0.00011361510192349216,1,21,0,0.0,False,False,e78a2b735352b6456a91a807897adc4623f3298e
A,2566,MR051651,1,1,-0.9598164558410645,6.540101051330566,-5.976902484893799,0.0005528221895450415,0.9994435160267385,3.661783716288464e-06,1,16,0,0.0,False,False,e78a2b735352b6456a91a807897adc4623f3298e
A,2567,MR051651,1,1,-1.5399891138076782,7.015500068664551,-5.921231746673584,0.00019244809883215035,0.9998051444131972,2.4074879706249752e-06,1,16,0,0.0,False,False,e78a2b735352b6456a91a807897adc4623f3298e
A,2568,MR051651,1,1,-0.6826730966567993,5.707638740539551,-5.481873989105225,0.0016748997614090702,0.9983113052179202,1.3795020670662674e-05,1,16,0,0.0,False,False,e78a2b735352b6456a91a807897adc4623f3298e
A,2569,MR051651,1,1,-2.258740186691284,7.028772830963135,-5.101937770843506,9.25639336844583e-05,0.9999020452221125,5.39084420295685e-06,1,16,0,0.0,False,False,e78a2b735352b6456a91a807897adc4623f3298e
A,2570,MR051651,1,1,-2.4278652667999268,6.637596607208252,-4.336399555206299,0.00011557457136465919,0.9998672859983668,1.7139430268519035e-05,1,16,0,0.0,False,False,e78a2b735352b6456a91a807897adc4623f3298e
A,2571,MR051651,1,1,-2.8335306644439697,6.742380142211914,-4.060705184936523,6.937385299985075e-05,0.9999102913101117,2.0334836888386887e-05,1,16,0,0.0,False,False,e78a2b735352b6456a91a807897adc4623f3298e
A,2572,MR051651,1,1,-2.496901035308838,6.936352252960205,-4.729874134063721,8.001136414928186e-05,0.9999114106805284,8.57795532247764e-06,1,16,0,0.0,False,False,e78a2b735352b6456a91a807897adc4623f3298e
A,2589,MR052550,1,1,-2.420365571975708,6.543705463409424,-4.591905117034912,0.00012790617977920693,0.9998575122636784,1.4581556542561473e-05,1,17,0,0.0,False,False,e78a2b735352b6456a91a807897adc4623f3298e
A,2590,MR052550,1,1,-2.371535062789917,7.398115634918213,-5.573791027069092,5.715691481046644e-05,0.9999405184934851,2.3245917046190038e-06,1,17,0,0.0,False,False,e78a2b735352b6456a91a807897adc4623f3298e
A,2591,MR052550,1,1,-1.665802001953125,6.9898505210876465,-5.82379674911499,0.00017410893864605907,0.9998231681914377,2.7228699162068026e-06,1,17,0,0.0,False,False,e78a2b735352b6456a91a807897adc4623f3298e
A,2592,MR052550,1,1,-2.311110019683838,7.671568393707275,-5.835700988769531,4.619098233563319e-05,0.9999524480531876,1.360964476649692e-06,1,17,0,0.0,False,False,e78a2b735352b6456a91a807897adc4623f3298e
A,2593,MR052550,1,1,-2.715315580368042,7.7829909324646,-5.507017612457275,2.7582314025031027e-05,0.9999707264277917,1.6912581831986284e-06,1,17,0,0.0,False,False,e78a2b735352b6456a91a807897adc4623f3298e
A,2594,MR052550,1,1,-3.036766290664673,8.125943183898926,-5.647349834442139,1.4193524601956562e-05,0.9999847633699174,1.0431054806466982e-06,1,17,0,0.0,False,False,e78a2b735352b6456a91a807897adc4623f3298e
A,2617,MR053110B,1,1,-2.2506372928619385,6.262671947479248,-4.307443141937256,0.00020073284469246576,0.999773601106922,2.5666048385597146e-05,1,18,0,0.0,False,False,e78a2b735352b6456a91a807897adc4623f3298e
A,2618,MR053110B,1,1,-2.145798444747925,6.165968418121338,-4.336450099945068,0.0002455426484058386,0.9997269949186072,2.7462432986997594e-05,1,18,0,0.0,False,False,e78a2b735352b6456a91a807897adc4623f3298e
A,2619,MR053110B,1,1,-2.0642993450164795,6.440319538116455,-4.858780384063721,0.00020248722195865783,0.9997851313731185,1.2381404922658934e-05,1,18,0,0.0,False,False,e78a2b735352b6456a91a807897adc4623f3298e
A,2620,MR053110B,1,1,-3.073678731918335,7.258908271789551,-4.562119007110596,3.255345970312608e-05,0.9999600984285376,7.348111759107376e-06,1,18,0,0.0,False,False,e78a2b735352b6456a91a807897adc4623f3298e
A,2621,MR053110B,1,1,-2.2651448249816895,6.882003307342529,-5.080028057098389,0.00010651113427504541,0.9998871076011001,6.381264624698182e-06,1,18,0,0.0,False,False,e78a2b735352b6456a91a807897adc4623f3298e
A,2622,MR053110B,1,1,-2.8957769870758057,7.566359519958496,-5.026523113250732,2.859815073944562e-05,0.9999680058572017,3.395992058977177e-06,1,18,0,0.0,False,False,e78a2b735352b6456a91a807897adc4623f3298e
A,2623,MR053110B,1,1,-3.2753093242645264,8.200223922729492,-5.3183112144470215,1.0380879290897411e-05,0.9999882733542699,1.3457664392634097e-06,1,18,0,0.0,False,False,e78a2b735352b6456a91a807897adc4623f3298e
A,2664,MR053110E,1,1,-2.0934717655181885,6.4460673332214355,-4.743412494659424,0.00019553943682119643,0.9997906446459092,1.3815917269584528e-05,1,21,0,0.0,False,False,e78a2b735352b6456a91a807897adc4623f3298e
A,2665,MR053110E,1,1,-1.9127230644226074,6.132286548614502,-4.566160202026367,0.0003205882936107125,0.9996568394719149,2.257223447453512e-05,1,21,0,0.0,False,False,e78a2b735352b6456a91a807897adc4623f3298e
A,2666,MR053110E,1,1,-2.9227499961853027,7.9370646476745605,-5.478757381439209,1.921469225217584e-05,0.9999792939785184,1.4913292295100179e-06,1,21,0,0.0,False,False,e78a2b735352b6456a91a807897adc4623f3298e
A,2667,MR053110E,1,1,-1.9417651891708374,6.192415237426758,-4.601720333099365,0.0002932473121531189,0.9996862396397161,2.0513048130627083e-05,1,21,0,0.0,False,False,e78a2b735352b6456a91a807897adc4623f3298e
A,2668,MR053110E,1,1,-3.131572961807251,7.005307674407959,-4.089855194091797,3.9589943957127094e-05,0.9999452252866291,1.5184769413778797e-05,1,21,0,0.0,False,False,e78a2b735352b6456a91a807897adc4623f3298e
A,2669,MR053110E,1,1,-3.0297200679779053,7.376910209655762,-4.576358318328857,3.023026610624132e-05,0.9999633318148302,6.437919063553766e-06,1,21,0,0.0,False,False,e78a2b735352b6456a91a807897adc4623f3298e
A,2670,MR053110E,1,1,-2.6496901512145996,6.95700216293335,-4.539438247680664,6.727177807539658e-05,0.999922562792342,1.0165429582626341e-05,1,21,0,0.0,False,False,e78a2b735352b6456a91a807897adc4623f3298e
A,2671,MR053110E,1,1,-2.6644198894500732,7.603811740875244,-5.2939276695251465,3.471742443118802e-05,0.9999627789649791,2.503610589668893e-06,1,21,0,0.0,False,False,e78a2b735352b6456a91a807897adc4623f3298e
A,2672,MR053110E,1,1,-2.912641763687134,7.275516986846924,-4.577937126159668,3.761139569270813e-05,0.9999552749810164,7.11362329103701e-06,1,21,0,0.0,False,False,e78a2b735352b6456a91a807897adc4623f3298e
A,2673,MR053110E,1,1,-2.8081910610198975,6.743343830108643,-3.991396427154541,7.108545919849112e-05,0.9999071413934476,2.177314735390787e-05,1,21,0,0.0,False,False,e78a2b735352b6456a91a807897adc4623f3298e
A,2674,MR053110E,1,1,-3.619079113006592,7.602157115936279,-4.069052696228027,1.3386575900109446e-05,0.9999780775409647,8.53588313528766e-06,1,21,0,0.0,False,False,e78a2b735352b6456a91a807897adc4623f3298e
A,2680,MR024780D,1,1,-2.7478458881378174,8.198334693908691,-5.991170883178711,1.7624882163201486e-05,0.9999816871500973,6.879677396851258e-07,1,6,0,0.0,False,False,e78a2b735352b6456a91a807897adc4623f3298e
A,2681,MR024780D,1,1,-2.665783643722534,8.36526870727539,-6.268967151641846,1.619077401995777e-05,0.9999833682398844,4.409860957907979e-07,1,6,0,0.0,False,False,e78a2b735352b6456a91a807897adc4623f3298e
A,2738,MR053110E,1,1,-2.754131555557251,7.694410800933838,-5.131641387939453,2.8989581931379708e-05,0.9999683207260676,2.6896920010709834e-06,1,21,0,0.0,False,False,e78a2b735352b6456a91a807897adc4623f3298e
A,2739,MR053110E,1,1,-1.7904597520828247,5.5219597816467285,-3.8728139400482178,0.0006667005184726114,0.9992502042964124,8.30951851149982e-05,1,21,0,0.0,False,False,e78a2b735352b6456a91a807897adc4623f3298e
A,2740,MR053110E,1,1,-2.7875289916992188,6.873220920562744,-4.187833786010742,6.373164363932823e-05,0.999920557115959,1.5711240401907348e-05,1,21,0,0.0,False,False,e78a2b735352b6456a91a807897adc4623f3298e
A,2741,MR053110E,1,1,-0.7084327936172485,5.384247303009033,-5.016920566558838,0.0022541840279317253,0.9977154884516972,3.0327520371217578e-05,1,21,0,0.0,False,False,e78a2b735352b6456a91a807897adc4623f3298e
A,2742,MR053110E,1,1,-0.325297474861145,5.123007774353027,-4.996346950531006,0.004284978579351775,0.9956749035712924,4.011784935569251e-05,1,21,0,0.0,False,False,e78a2b735352b6456a91a807897adc4623f3298e
A,2750,MR024780D,1,1,-2.9244720935821533,7.889085292816162,-5.384158134460449,2.0124366148805603e-05,0.9999781557697339,1.7198641174444723e-06,1,6,0,0.0,False,False,e78a2b735352b6456a91a807897adc4623f3298e
A,2751,MR024780D,1,1,-2.699930191040039,7.183879375457764,-4.817692279815674,5.0990730682966895e-05,0.9999428750563998,6.1342129174328624e-06,1,6,0,0.0,False,False,e78a2b735352b6456a91a807897adc4623f3298e
A,2752,MR024780D,1,1,-2.4755423069000244,6.305709362030029,-4.013195037841797,0.0001535570742994017,0.9998134458287462,3.299709695439308e-05,1,6,0,0.0,False,False,e78a2b735352b6456a91a807897adc4623f3298e
A,2817,MR024780B,1,1,-3.762833833694458,6.9809651374816895,-3.4957962036132812,2.1577731317579388e-05,0.9999502398183536,2.8182450328754707e-05,1,7,0,0.0,False,False,e78a2b735352b6456a91a807897adc4623f3298e
A,2818,MR024780B,1,1,-2.219184160232544,6.621135234832764,-4.645456790924072,0.00014475368959417103,0.9998424550651202,1.2791245285686209e-05,1,7,0,0.0,False,False,e78a2b735352b6456a91a807897adc4623f3298e
A,2819,MR024780B,1,1,-2.1376264095306396,6.3346638679504395,-4.505408763885498,0.00020913741483931129,0.9997712688639441,1.9593721216726576e-05,1,7,0,0.0,False,False,e78a2b735352b6456a91a807897adc4623f3298e
A,2820,MR024780B,1,1,-1.8885353803634644,6.9205098152160645,-5.408785343170166,0.00014935284266547147,0.9998462275024383,4.419654896189864e-06,1,7,0,0.0,False,False,e78a2b735352b6456a91a807897adc4623f3298e
A,2822,MR048294,1,1,-1.240822672843933,5.7604146003723145,-4.603297233581543,0.0009098970096752058,0.9990585755951429,3.152739518193698e-05,1,21,0,0.0,False,False,e78a2b735352b6456a91a807897adc4623f3298e
A,2823,MR048297,1,1,0.9990273714065552,3.5103635787963867,-4.782219409942627,0.07504990149196629,0.9247185795544409,0.000231518953592851,1,16,0,0.0,False,False,e78a2b735352b6456a91a807897adc4623f3298e
A,2824,MR048297,1,1,-1.0290131568908691,5.956020832061768,-5.463785648345947,0.0009247656921089565,0.9990642686551661,1.0965652724999434e-05,1,16,0,0.0,False,False,e78a2b735352b6456a91a807897adc4623f3298e
A,2825,MR048297,1,1,1.705370545387268,2.8695406913757324,-4.633200645446777,0.23781041122300828,0.7617694194233876,0.0004201693536041723,1,16,0,0.0,False,False,e78a2b735352b6456a91a807897adc4623f3298e
A,2826,MR048297,1,1,3.4592959880828857,0.6065351366996765,-4.004881381988525,0.9449490647696671,0.05450923707613268,0.0005416981542001206,0,16,0,0.0,False,False,e78a2b735352b6456a91a807897adc4623f3298e
A,2827,MR048297,1,1,1.3361681699752808,2.922945261001587,-4.143369197845459,0.16971758661584438,0.829574477371789,0.00070793601236666,1,16,0,0.0,False,False,e78a2b735352b6456a91a807897adc4623f3298e
A,2828,MR048297,1,1,-0.12614008784294128,4.430600643157959,-4.482002258300781,0.010385802866656418,0.9894809330334097,0.00013326409993380463,1,16,0,0.0,False,False,e78a2b735352b6456a91a807897adc4623f3298e
A,2829,MR048297,1,1,-0.24296224117279053,4.702997207641602,-4.481734752655029,0.007061143801030819,0.9928369971670519,0.00010185903191734122,1,16,0,0.0,False,False,e78a2b735352b6456a91a807897adc4623f3298e
A,2830,MR048297,1,1,-1.7462939023971558,6.504370212554932,-4.9237213134765625,0.0002610141210548,0.9997281034757557,1.0882403189641603e-05,1,16,0,0.0,False,False,e78a2b735352b6456a91a807897adc4623f3298e
A,2854,MR049104,1,1,-5.653936386108398,8.779183387756348,-3.3378586769104004,5.392288472701884e-07,0.9999939952335514,5.465537601464705e-06,1,8,0,0.0,False,False,e78a2b735352b6456a91a807897adc4623f3298e
A,2855,MR049104,1,1,-5.724982261657715,8.477070808410645,-2.859910726547241,6.793932794880239e-07,0.9999873970449893,1.1923561731372266e-05,1,8,0,0.0,False,False,e78a2b735352b6456a91a807897adc4623f3298e
A,2856,MR049104,1,1,-5.5516204833984375,8.404635429382324,-2.8042564392089844,8.686979682411071e-07,0.9999855783516007,1.3552950431168116e-05,1,8,0,0.0,False,False,e78a2b735352b6456a91a807897adc4623f3298e
A,2857,MR049104,1,1,-5.122443675994873,8.768328666687012,-3.7051446437835693,9.274962394234583e-07,0.9999952456901818,3.8268135788525415e-06,1,8,0,0.0,False,False,e78a2b735352b6456a91a807897adc4623f3298e
A,2885,MR024780G,1,1,-3.6286208629608154,8.030508995056152,-4.757951259613037,8.639712159479991e-06,0.9999885675040556,2.7927837848410912e-06,1,28,0,0.0,False,False,e78a2b735352b6456a91a807897adc4623f3298e
A,2886,MR024780G,1,1,-2.772101879119873,7.628633975982666,-5.136669635772705,3.040908568801144e-05,0.9999667327668385,2.8581474735029135e-06,1,28,0,0.0,False,False,e78a2b735352b6456a91a807897adc4623f3298e
A,2887,MR024780G,1,1,-2.4180219173431396,6.611166477203369,-4.364467144012451,0.00011984331717360579,0.9998630453672764,1.7111315550056112e-05,1,28,0,0.0,False,False,e78a2b735352b6456a91a807897adc4623f3298e
A,2888,MR024780G,1,1,-1.7999768257141113,6.319212913513184,-4.851516246795654,0.0002976770033041902,0.9996882470195466,1.4075977149189093e-05,1,28,0,0.0,False,False,e78a2b735352b6456a91a807897adc4623f3298e
A,2889,MR024780G,1,1,-0.3372139632701874,4.570183277130127,-4.411159992218018,0.0073365500941194655,0.9925386542099326,0.00012479569594796563,1,28,0,0.0,False,False,e78a2b735352b6456a91a807897adc4623f3298e
A,2890,MR024780G,1,1,0.3493453562259674,4.9247965812683105,-5.512758255004883,0.01019631206894907,0.989774676852942,2.9011078108834265e-05,1,28,0,0.0,False,False,e78a2b735352b6456a91a807897adc4623f3298e
A,2900,MR050687,1,1,-1.7959007024765015,7.000194072723389,-5.599447250366211,0.00015129946709765106,0.9998453278297312,3.3727031710561097e-06,1,21,0,0.0,False,False,e78a2b735352b6456a91a807897adc4623f3298e
A,2901,MR050687,1,1,-2.787221670150757,8.079355239868164,-5.677184581756592,1.9085206417147275e-05,0.9999798540707536,1.0607228293502837e-06,1,21,0,0.0,False,False,e78a2b735352b6456a91a807897adc4623f3298e
A,2902,MR050687,1,1,-2.1906797885894775,7.7262187004089355,-6.035168170928955,4.933144368553127e-05,0.9999496129943443,1.0555619702716414e-06,1,21,0,0.0,False,False,e78a2b735352b6456a91a807897adc4623f3298e
A,2903,MR050687,1,1,-2.217956781387329,7.78871488571167,-5.898555278778076,4.5095959696994137e-05,0.9999537672666062,1.1367736968799552e-06,1,21,0,0.0,False,False,e78a2b735352b6456a91a807897adc4623f3298e
A,2904,MR050687,1,1,-2.5813562870025635,8.070038795471191,-5.893956661224365,2.366721946977717e-05,0.9999754707886501,8.619918800628649e-07,1,21,0,0.0,False,False,e78a2b735352b6456a91a807897adc4623f3298e
A,2905,MR050687,1,1,-2.267082452774048,7.530838489532471,-5.496882438659668,5.5563796761320735e-05,0.9999422377987476,2.1984044910207335e-06,1,21,0,0.0,False,False,e78a2b735352b6456a91a807897adc4623f3298e
A,2944,MR051651,1,1,-2.8778512477874756,8.454537391662598,-6.016585350036621,1.1978452621519462e-05,0.9999875024297004,5.191176781298409e-07,1,16,0,0.0,False,False,e78a2b735352b6456a91a807897adc4623f3298e
A,2945,MR051651,1,1,-2.583606004714966,8.526854515075684,-6.483273983001709,1.49548368167681e-05,0.9999847423481761,3.028150069998225e-07,1,16,0,0.0,False,False,e78a2b735352b6456a91a807897adc4623f3298e
A,2946,MR051651,1,1,-2.9283671379089355,8.973835945129395,-6.594509124755859,6.775414367882523e-06,0.9999930513047597,1.7328087248243472e-07,1,16,0,0.0,False,False,e78a2b735352b6456a91a807897adc4623f3298e
A,2947,MR051651,1,1,-2.589207887649536,7.831509590148926,-5.736039638519287,2.9807558156149352e-05,0.9999689110713033,1.2813705405186453e-06,1,16,0,0.0,False,False,e78a2b735352b6456a91a807897adc4623f3298e
A,2975,MR052550,1,1,-3.3546664714813232,8.403355598449707,-5.488803386688232,7.826220788493805e-06,0.9999912475718896,9.262073219135468e-07,1,17,0,0.0,False,False,e78a2b735352b6456a91a807897adc4623f3298e
A,2976,MR052550,1,1,-3.6997220516204834,8.775671005249023,-5.468757152557373,3.8194751977738876e-06,0.9999955293141265,6.512106757012953e-07,1,17,0,0.0,False,False,e78a2b735352b6456a91a807897adc4623f3298e
A,2977,MR052550,1,1,-3.7173187732696533,9.19605541229248,-5.960713863372803,2.464856636149464e-06,0.9999972736277907,2.615155731548557e-07,1,17,0,0.0,False,False,e78a2b735352b6456a91a807897adc4623f3298e
A,2978,MR052550,1,1,-4.616207599639893,9.182903289794922,-4.95015811920166,1.016533107924004e-06,0.9999982555384981,7.27928394013016e-07,1,17,0,0.0,False,False,e78a2b735352b6456a91a807897adc4623f3298e
A,2979,MR052550,1,1,-4.391521453857422,9.260598182678223,-5.230218410491943,1.1774949226593041e-06,0.9999983135053111,5.089997662314258e-07,1,17,0,0.0,False,False,e78a2b735352b6456a91a807897adc4623f3298e
A,2980,MR052550,1,1,-4.044945240020752,8.890643119812012,-5.346643447875977,2.410704748561378e-06,0.9999969334163289,6.55878922579189e-07,1,17,0,0.0,False,False,e78a2b735352b6456a91a807897adc4623f3298e
A,2981,MR052550,1,1,-4.184763431549072,8.826964378356934,-5.022517681121826,2.2339683820683246e-06,0.9999967994356608,9.665959571915885e-07,1,17,0,0.0,False,False,e78a2b735352b6456a91a807897adc4623f3298e
A,2982,MR052550,1,1,-2.8387324810028076,7.8520188331604,-5.418473243713379,2.2753859174262514e-05,0.999975521542787,1.724598038781843e-06,1,17,0,0.0,False,False,e78a2b735352b6456a91a807897adc4623f3298e
A,2999,MR053110B,1,1,-4.044897556304932,8.709881782531738,-4.953728199005127,2.8884706251725457e-06,0.9999959474895947,1.1640397799135993e-06,1,18,0,0.0,False,False,e78a2b735352b6456a91a807897adc4623f3298e
A,3000,MR053110B,1,1,-4.028314113616943,7.05880880355835,-3.1137051582336426,1.5307365654503442e-05,0.9999464885250403,3.8204109305354903e-05,1,18,0,0.0,False,False,e78a2b735352b6456a91a807897adc4623f3298e
A,3001,MR053110B,1,1,-2.5091521739959717,5.9953083992004395,-3.6368632316589355,0.00020250850252410466,0.9997319246092559,6.556688821999556e-05,1,18,0,0.0,False,False,e78a2b735352b6456a91a807897adc4623f3298e
A,3002,MR053110B,1,1,-2.0947959423065186,5.146841526031494,-3.2762022018432617,0.0007154685511452635,0.9990649921214015,0.00021953932745324086,1,18,0,0.0,False,False,e78a2b735352b6456a91a807897adc4623f3298e
A,3003,MR053110B,1,1,-1.4014915227890015,5.144113063812256,-3.82216215133667,0.0014341722537296437,0.9984383843256142,0.00012744342065613054,1,18,0,0.0,False,False,e78a2b735352b6456a91a807897adc4623f3298e
A,3004,MR053110B,1,1,-0.9203635454177856,4.855875492095947,-3.9830069541931152,0.0030903246734568118,0.9967651596445001,0.00014451568204297086,1,18,0,0.0,False,False,e78a2b735352b6456a91a807897adc4623f3298e
A,3009,MR054875,1,1,-4.08713960647583,4.585726261138916,-0.05139916390180588,0.00016949717893505236,0.9902395384220518,0.009590964399013115,1,8,0,0.0,False,False,e78a2b735352b6456a91a807897adc4623f3298e
A,3010,MR054875,1,1,-4.968463897705078,4.75417423248291,0.5596323609352112,5.901834319859689e-05,0.9850881686271539,0.014852813029647754,1,8,0,0.0,False,False,e78a2b735352b6456a91a807897adc4623f3298e
A,3011,MR054875,1,1,-4.21638822555542,6.268147945404053,-2.05116868019104,2.7957980762140304e-05,0.9997283458500054,0.00024369616923264196,1,8,0,0.0,False,False,e78a2b735352b6456a91a807897adc4623f3298e
A,3012,MR054875,1,1,-4.044649600982666,6.752018928527832,-2.7597270011901855,2.046564419969507e-05,0.9999055635730634,7.397078273693917e-05,1,8,0,0.0,False,False,e78a2b735352b6456a91a807897adc4623f3298e
A,3013,MR054875,1,1,-2.950153350830078,6.42077112197876,-3.59458065032959,8.515356050051029e-05,0.9998701439621763,4.4702477323270346e-05,1,8,0,0.0,False,False,e78a2b735352b6456a91a807897adc4623f3298e
A,3064,88510,1,0,5.9393486976623535,-0.6239966750144958,-4.82949161529541,0.9985698461578221,0.0014091387875586432,2.1015054619341027e-05,0,0,0,,True,False,e78a2b735352b6456a91a807897adc4623f3298e
