arm,image_id,patient_id,test_fold,true_class,logit_0,logit_1,logit_2,prob_0,prob_1,prob_2,pred_class,n_other_total,n_other_train,frac_other_train,single_slice_patient,has_same_patient_train_slice,experiment_input_commit
A,32,102929,2,0,6.3383989334106445,-2.52028489112854,-3.3743021488189697,0.9997973889840663,0.0001421132254045268,6.049779052913563e-05,0,7,0,0.0,False,False,e78a2b735352b6456a91a807897adc4623f3298e
A,33,102929,2,0,1.6023133993148804,0.5754343271255493,-2.090623140335083,0.7230544683519695,0.2589423587179061,0.01800317293012439,0,7,0,0.0,False,False,e78a2b735352b6456a91a807897adc4623f3298e
A,62,106284,2,0,2.6377129554748535,-2.6709492206573486,0.7977285385131836,0.8592774666979599,0.00425217112307973,0.13647036217896047,0,12,0,0.0,False,False,e78a2b735352b6456a91a807897adc4623f3298e
A,63,106284,2,0,2.37870454788208,-1.8034788370132446,0.14714959263801575,0.8907682121507077,0.013597702780045778,0.09563408506924667,0,12,0,0.0,False,False,e78a2b735352b6456a91a807897adc4623f3298e
A,64,106284,2,0,2.036264419555664,-2.3862714767456055,1.3335521221160889,0.6634625868682088,0.007964041270675558,0.3285733718611157,0,12,0,0.0,False,False,e78a2b735352b6456a91a807897adc4623f3298e
A,65,106284,2,0,2.1245245933532715,-1.8741754293441772,0.6953769326210022,0.7950058079393596,0.01457998062222747,0.19041421143841303,0,12,0,0.0,False,False,e78a2b735352b6456a91a807897adc4623f3298e
A,66,106284,2,0,3.7200794219970703,-2.1735198497772217,-0.5757870078086853,0.9838822406848933,0.002712598262496842,0.013405161052609908,0,12,0,0.0,False,False,e78a2b735352b6456a91a807897adc4623f3298e
A,87,106914,2,0,4.725151538848877,-1.5771759748458862,-2.7213518619537354,0.9975903066862344,0.0018276210783499107,0.0005820722354158264,0,14,0,0.0,False,False,e78a2b735352b6456a91a807897adc4623f3298e
A,88,106914,2,0,4.427211761474609,-1.1283913850784302,-3.018770694732666,0.9955701920731469,0.003848611692166595,0.0005811962346862641,0,14,0,0.0,False,False,e78a2b735352b6456a91a807897adc4623f3298e
A,89,106914,2,0,5.774736404418945,-2.078580141067505,-3.4533824920654297,0.9995135374236216,0.00038827250731514155,9.819006906304241e-05,0,14,0,0.0,False,False,e78a2b735352b6456a91a807897adc4623f3298e
A,90,106914,2,0,4.466489791870117,0.10635261237621307,-4.714618682861328,0.9872841736012777,0.012614169366465484,0.00010165703225664961,0,14,0,0.0,False,False,e78a2b735352b6456a91a807897adc4623f3298e
A,125,111077,2,0,5.390634536743164,-2.9369280338287354,-2.1386685371398926,0.9992217331154237,0.0002415724474391575,0.0005366944371370664,0,9,0,0.0,False,False,e78a2b735352b6456a91a807897adc4623f3298e
A,126,111077,2,0,4.55165958404541,-1.1194067001342773,-3.461733102798462,0.9962390077983025,0.0034312372563973636,0.0003297549453000686,0,9,0,0.0,False,False,e78a2b735352b6456a91a807897adc4623f3298e
A,127,111077,2,0,1.4185740947723389,1.13373601436615,-2.7204694747924805,0.5655871492435165,0.4253984730627166,0.009014377693766914,0,9,0,0.0,False,False,e78a2b735352b6456a91a807897adc4623f3298e
A,135,112002,2,0,2.6144323348999023,1.1008630990982056,-3.605452537536621,0.818255356962603,0.18011674507691972,0.0016278979604772796,0,11,0,0.0,False,False,e78a2b735352b6456a91a807897adc4623f3298e
A,136,112002,2,0,1.359514832496643,2.8396542072296143,-4.1267008781433105,0.18526404303285077,0.8139683163820226,0.0007676405851265693,1,11,0,0.0,False,False,e78a2b735352b6456a91a807897adc4623f3298e
A,137,112002,2,0,-1.826015830039978,5.124608039855957,-3.303257465362549,0.0009569112551472535,0.9988246579972941,0.0002184307475587819,1,11,0,0.0,False,False,e78a2b735352b6456a91a807897adc4623f3298e
A,138,112002,2,0,-1.4694914817810059,4.368404865264893,-2.635939598083496,0.002903867076775244,0.9961916617027818,0.0009044712204427578,1,11,0,0.0,False,False,e78a2b735352b6456a91a807897adc4623f3298e
A,144,112552,2,0,3.8689746856689453,-0.3443518579006195,-3.328458309173584,0.9846923973192803,0.01457055573426643,0.0007370469464532624,0,20,0,0.0,False,False,e78a2b735352b6456a91a807897adc4623f3298e
A,145,112552,2,0,4.527021884918213,-1.5182030200958252,-2.537013292312622,0.9967858960741253,0.002361533258092822,0.0008525706677820247,0,20,0,0.0,False,False,e78a2b735352b6456a91a807897adc4623f3298e
A,146,112552,2,0,2.786747932434082,1.580735206604004,-4.088284492492676,0.7689811984820664,0.23022424082536763,0.0007945606925659927,0,20,0,0.0,False,False,e78a2b735352b6456a91a807897adc4623f3298e
A,147,112552,2,0,3.6989235877990723,0.7739484310150146,-4.217887878417969,0.948739070153352,0.050915054783338506,0.00034587506330949,0,20,0,0.0,False,False,e78a2b735352b6456a91a807897adc4623f3298e
A,148,112552,2,0,2.7792751789093018,0.8967733383178711,-3.345716953277588,0.8662536163555029,0.13185144664367415,0.001894937000822995,0,20,0,0.0,False,False,e78a2b735352b6456a91a807897adc4623f3298e
A,149,112552,2,0,5.234014511108398,-1.1036933660507202,-3.792647361755371,0.9981150459456664,0.001765017612355569,0.00011993644197801954,0,20,0,0.0,False,False,e78a2b735352b6456a91a807897adc4623f3298e
A,150,112552,2,0,3.462681770324707,0.1540260761976242,-3.255514621734619,0.9636009270473206,0.03523435280596602,0.0011647201467134246,0,20,0,0.0,False,False,e78a2b735352b6456a91a807897adc4623f3298e
A,163,113805,2,0,3.766788959503174,0.16299617290496826,-4.163824558258057,0.9731603812717835,0.026489703590452784,0.0003499151377636886,0,3,0,0.0,False,False,e78a2b735352b6456a91a807897adc4623f3298e
A,164,114018,2,0,3.8974037170410156,-3.6383938789367676,0.514100968837738,0.9666796865450904,0.0005158545671051406,0.03280445888780462,0,14,0,0.0,False,False,e78a2b735352b6456a91a807897adc4623f3298e
A,165,114018,2,0,4.372123718261719,-4.472543239593506,0.8931830525398254,0.9699469577254295,0.00013981634057930469,0.029913225933991233,0,14,0,0.0,False,False,e78a2b735352b6456a91a807897adc4623f3298e
A,166,114018,2,0,5.810847759246826,-5.596057415008545,0.6563774943351746,0.9942486136374917,1.1054497894673576e-05,0.005740331864613724,0,14,0,0.0,False,False,e78a2b735352b6456a91a807897adc4623f3298e
A,167,114018,2,0,8.036503791809082,-5.236705303192139,-2.1160242557525635,0.9999593042752273,1.7198907414762286e-06,3.8975834031281964e-05,0,14,0,0.0,False,False,e78a2b735352b6456a91a807897adc4623f3298e
A,168,114018,2,0,5.264054298400879,-4.815802574157715,0.3105078339576721,0.9929498103135602,4.1619904471179765e-05,0.007008569781968702,0,14,0,0.0,False,False,e78a2b735352b6456a91a807897adc4623f3298e
A,169,114359,2,0,4.700277328491211,2.0407774448394775,-6.776002407073975,0.9345850415240565,0.06540526378734547,9.694688598144275e-06,0,18,0,0.0,False,False,e78a2b735352b6456a91a807897adc4623f3298e
A,170,114359,2,0,6.039010047912598,1.1778956651687622,-7.141111373901367,0.9923157652588278,0.007682361490544052,1.8732506280880448e-06,0,18,0,0.0,False,False,e78a2b735352b6456a91a807897adc4623f3298e
A,171,114359,2,0,6.662989139556885,0.09482739120721817,-6.752150535583496,0.9985961046763954,0.0014024050406548786,1.4902829497888598e-06,0,18,0,0.0,False,False,e78a2b735352b6456a91a807897adc4623f3298e
A,172,114359,2,0,6.2413129806518555,0.2588120400905609,-6.414233684539795,0.9974806635190399,0.002516154699086764,3.18178187344615e-06,0,18,0,0.0,False,False,e78a2b735352b6456a91a807897adc4623f3298e
A,173,114359,2,0,6.95452356338501,-1.0140639543533325,-5.692592144012451,0.9996507376055067,0.0003460466930018673,3.215701491385918e-06,0,18,0,0.0,False,False,e78a2b735352b6456a91a807897adc4623f3298e
A,174,114359,2,0,6.01542854309082,-0.41047897934913635,-5.470165729522705,0.9983733100756395,0.0016164295608302856,1.026036353042029e-05,0,18,0,0.0,False,False,e78a2b735352b6456a91a807897adc4623f3298e
A,192,98241,2,0,4.4427056312561035,0.5937148332595825,-4.836810111999512,0.9790535994533577,0.020855038885699246,9.136166094327092e-05,0,18,0,0.0,False,False,e78a2b735352b6456a91a807897adc4623f3298e
A,193,98241,2,0,2.952455520629883,0.012402885593473911,-2.696284532546997,0.9466246651212968,0.05004136876474765,0.0033339661139555267,0,18,0,0.0,False,False,e78a2b735352b6456a91a807897adc4623f3298e
A,194,98241,2,0,6.027390480041504,-1.8676010370254517,-3.86995792388916,0.999577265817216,0.0003724475480635597,5.0286634720370446e-05,0,18,0,0.0,False,False,e78a2b735352b6456a91a807897adc4623f3298e
A,195,98241,2,0,6.708815574645996,-2.929659605026245,-3.4031434059143066,0.999894247618107,6.516546302081844e-05,4.058691887237332e-05,0,18,0,0.0,False,False,e78a2b735352b6456a91a807897adc4623f3298e
A,196,98241,2,0,6.35408878326416,-2.193476915359497,-3.935392379760742,0.9997720464106489,0.00019397259375231171,3.3980995598712044e-05,0,18,0,0.0,False,False,e78a2b735352b6456a91a807897adc4623f3298e
A,197,98241,2,0,7.503881931304932,-2.017509937286377,-5.423315525054932,0.9999243070900969,7.326206861669972e-05,2.430841286396193e-06,0,18,0,0.0,False,False,e78a2b735352b6456a91a807897adc4623f3298e
A,203,99288,2,0,5.091133117675781,-0.7306119203567505,-4.511086940765381,0.9969791436056863,0.002953481997862691,6.737439645092298e-05,0,2,0,0.0,False,False,e78a2b735352b6456a91a807897adc4623f3298e
A,204,99308,2,0,2.821122646331787,0.6188384890556335,-3.6809420585632324,0.8992395812207521,0.09941125525123078,0.0013491635280170158,0,14,0,0.0,False,False,e78a2b735352b6456a91a807897adc4623f3298e
A,205,99308,2,0,4.983696937561035,0.07905843108892441,-5.104123592376709,0.9926014416963098,0.007357283015802914,4.127528788731387e-05,0,14,0,0.0,False,False,e78a2b735352b6456a91a807897adc4623f3298e
A,206,99308,2,0,5.286745071411133,-0.6968520283699036,-4.662095546722412,0.9974390461307121,0.002513293238768847,4.7660630519235836e-05,0,14,0,0.0,False,False,e78a2b735352b6456a91a807897adc4623f3298e
A,207,99308,2,0,4.346283912658691,-1.4840861558914185,-2.7342491149902344,0.996235907454263,0.002925934789738962,0.0008381577559982173,0,14,0,0.0,False,False,e78a2b735352b6456a91a807897adc4623f3298e
A,208,99308,2,0,5.100855350494385,-1.5929462909698486,-3.497530937194824,0.9985790536039615,0.0012368052957034286,0.00018414110033510527,0,14,0,0.0,False,False,e78a2b735352b6456a91a807897adc4623f3298e
A,246,102929,2,0,0.6277779340744019,-1.6885029077529907,1.8570204973220825,0.2213722063951022,0.021836101558232353,0.7567916920466655,2,7,0,0.0,False,False,e78a2b735352b6456a91a807897adc4623f3298e
A,247,102929,2,0,-0.45485836267471313,-0.8324576616287231,2.201277256011963,0.06278782518464551,0.043041376156513766,0.8941707986588406,2,7,0,0.0,False,False,e78a2b735352b6456a91a807897adc4623f3298e
A,248,102929,2,0,-0.44381216168403625,-0.7610576748847961,2.0378127098083496,0.07305223471529897,0.05319312805540122,0.8737546372292998,2,7,0,0.0,False,False,e78a2b735352b6456a91a807897adc4623f3298e
A,249,102929,2,0,-0.1640433967113495,-1.2336294651031494,2.5646562576293945,0.0600380192440361,0.020602078056224576,0.9193599026997392,2,7,0,0.0,False,False,e78a2b735352b6456a91a807897adc4623f3298e
A,250,102929,2,0,1.6591545343399048,-3.0979177951812744,2.518282413482666,0.29676308450614125,0.0025494095814819536,0.7006875059123768,2,7,0,0.0,False,False,e78a2b735352b6456a91a807897adc4623f3298e
A,251,102929,2,0,2.4777581691741943,-1.3155107498168945,-0.2917128801345825,0.9214746760593039,0.02075332296039772,0.057772000980298416,0,7,0,0.0,False,False,e78a2b735352b6456a91a807897adc4623f3298e
A,290,106284,2,0,2.385364055633545,-1.2809062004089355,-0.26257193088531494,0.91210179293744,0.0233239643027952,0.06457424275976491,0,12,0,0.0,False,False,e78a2b735352b6456a91a807897adc4623f3298e
A,291,106284,2,0,1.5180168151855469,0.024746041744947433,-0.8196734189987183,0.7568950643480118,0.17002642225050438,0.07307851340148387,0,12,0,0.0,False,False,e78a2b735352b6456a91a807897adc4623f3298e
A,292,106284,2,0,0.6954745054244995,0.5421125888824463,-0.5969105958938599,0.46894764163452324,0.4022722939136537,0.1287800644518231,0,12,0,0.0,False,False,e78a2b735352b6456a91a807897adc4623f3298e
A,293,106284,2,0,1.1786123514175415,-0.4536173939704895,0.009309252724051476,0.6639768964641672,0.129802960087887,0.20622014344794568,0,12,0,0.0,False,False,e78a2b735352b6456a91a807897adc4623f3298e
A,311,106914,2,0,8.21234130859375,-2.1480984687805176,-5.512401580810547,0.9999672455287673,3.1659492530026065e-05,1.094978702767919e-06,0,14,0,0.0,False,False,e78a2b735352b6456a91a807897adc4623f3298e
A,312,106914,2,0,6.572939395904541,-1.757733702659607,-4.367636680603027,0.9997413328962246,0.00024094742564369182,1.7719678131808832e-05,0,14,0,0.0,False,False,e78a2b735352b6456a91a807897adc4623f3298e
A,313,106914,2,0,6.112438678741455,-2.32865571975708,-3.2605109214782715,0.9996992842975259,0.0002157489360478294,8.496676642643523e-05,0,14,0,0.0,False,False,e78a2b735352b6456a91a807897adc4623f3298e
A,314,106914,2,0,6.724316596984863,-3.594796657562256,-2.5383944511413574,0.9998721222892669,3.2992142185757924e-05,9.488556854734078e-05,0,14,0,0.0,False,False,e78a2b735352b6456a91a807897adc4623f3298e
A,349,111077,2,0,4.386826992034912,0.06994243711233139,-3.9017674922943115,0.9865895343900417,0.013162469049823928,0.0002479965601342632,0,9,0,0.0,False,False,e78a2b735352b6456a91a807897adc4623f3298e
A,350,111077,2,0,2.790146827697754,-0.913695216178894,-1.223626971244812,0.959054315132419,0.02362028003787225,0.017325404829708787,0,9,0,0.0,False,False,e78a2b735352b6456a91a807897adc4623f3298e
A,351,111077,2,0,4.526443958282471,-0.6046051979064941,-3.2963831424713135,0.9937287327961438,0.005873290908936218,0.0003979762949199632,0,9,0,0.0,False,False,e78a2b735352b6456a91a807897adc4623f3298e
A,352,111077,2,0,4.752305030822754,-1.9932819604873657,-2.2056987285614014,0.9978774635111058,0.001173561914438366,0.0009489745744556729,0,9,0,0.0,False,False,e78a2b735352b6456a91a807897adc4623f3298e
A,362,112002,2,0,0.7336299419403076,1.5792828798294067,-1.9203487634658813,0.29412897906953006,0.6851729672645838,0.020698053665886132,1,11,0,0.0,False,False,e78a2b735352b6456a91a807897adc4623f3298e
A,363,112002,2,0,0.2830083668231964,2.0199224948883057,-1.8677823543548584,0.14714145347230564,0.8357324455725004,0.017126100955193974,1,11,0,0.0,False,False,e78a2b735352b6456a91a807897adc4623f3298e
A,364,112002,2,0,-1.1581436395645142,5.007318496704102,-3.713085651397705,0.0020960020260977676,0.997741145454832,0.00016285251907036398,1,11,0,0.0,False,False,e78a2b735352b6456a91a807897adc4623f3298e
A,365,112002,2,0,-1.3786119222640991,4.001614093780518,-2.483886241912842,0.00457870318319286,0.9939051964491474,0.0015161003676597035,1,11,0,0.0,False,False,e78a2b735352b6456a91a807897adc4623f3298e
A,372,112552,2,0,5.021062850952148,-0.20467975735664368,-4.307467460632324,0.9945644875937985,0.0053471426392950015,8.836976690645655e-05,0,20,0,0.0,False,False,e78a2b735352b6456a91a807897adc4623f3298e
A,373,112552,2,0,3.9186599254608154,1.1445199251174927,-4.6352009773254395,0.9410915114479041,0.05872704678492304,0.00018144176717271507,0,20,0,0.0,False,False,e78a2b735352b6456a91a807897adc4623f3298e
A,374,112552,2,0,5.284576892852783,-0.4100082516670227,-4.510770320892334,0.9965918127408938,0.00335266692489354,5.5520334212599934e-05,0,20,0,0.0,False,False,e78a2b735352b6456a91a807897adc4623f3298e
A,375,112552,2,0,5.005365371704102,-0.3080754280090332,-4.1770100593566895,0.9949973644683426,0.00490031401945582,0.00010232151220155558,0,20,0,0.0,False,False,e78a2b735352b6456a91a807897adc4623f3298e
A,376,112552,2,0,5.204952239990234,-0.9666190147399902,-3.817575216293335,0.997796253731884,0.0020833513981645415,0.00012039486995145984,0,20,0,0.0,False,False,e78a2b735352b6456a91a807897adc4623f3298e
A,377,112552,2,0,6.006811141967773,-2.1191627979278564,-3.3417046070098877,0.9996172953848037,0.0002956433532526453,8.706126194359907e-05,0,20,0,0.0,False,False,e78a2b735352b6456a91a807897adc4623f3298e
A,378,112552,2,0,4.651076316833496,-0.7718693017959595,-3.3212568759918213,0.9952635422553683,0.004393217832537711,0.00034323991209413287,0,20,0,0.0,False,False,e78a2b735352b6456a91a807897adc4623f3298e
A,393,113805,2,0,2.2207517623901367,-0.21392413973808289,-1.8547031879425049,0.905296377665181,0.07932762884410471,0.015375993490714517,0,3,0,0.0,False,False,e78a2b735352b6456a91a807897adc4623f3298e
A,394,113805,2,0,4.656618118286133,-1.4491723775863647,-2.9691596031188965,0.9972897317950464,0.0022238742565706166,0.0004863939483829973,0,3,0,0.0,False,False,e78a2b735352b6456a91a807897adc4623f3298e
A,395,114018,2,0,2.2909469604492188,0.024805396795272827,-1.9509516954421997,0.8943809153446495,0.09275765210620737,0.012861432549143114,0,14,0,0.0,False,False,e78a2b735352b6456a91a807897adc4623f3298e
A,396,114018,2,0,4.685781955718994,-2.6510250568389893,-1.436384677886963,0.9971632459522457,0.0006492791582147475,0.0021874748895396347,0,14,0,0.0,False,False,e78a2b735352b6456a91a807897adc4623f3298e
A,397,114018,2,0,5.936887741088867,-2.9223999977111816,-2.247987985610962,0.9995792817918255,0.00014199644363011878,0.00027872176454438885,0,14,0,0.0,False,False,e78a2b735352b6456a91a807897adc4623f3298e
A,398,114018,2,0,5.185460090637207,-1.2328239679336548,-3.45735764503479,0.998195419900713,0.0016285092244390518,0.00017607087484795015,0,14,0,0.0,False,False,e78a2b735352b6456a91a807897adc4623f3298e
A,399,114359,2,0,4.756747245788574,0.4002231955528259,-5.221592903137207,0.9872942379772758,0.012659957481548386,4.580454117580402e-05,0,18,0,0.0,False,False,e78a2b735352b6456a91a807897adc4623f3298e
A,400,114359,2,0,6.835973262786865,-2.3312923908233643,-4.159768581390381,0.9998788401207186,0.00010438894062581085,1.6770938655447e-05,0,18,0,0.0,False,False,e78a2b735352b6456a91a807897adc4623f3298e
A,401,114359,2,0,6.424829483032227,-1.5463000535964966,-4.641872882843018,0.9996392174617883,0.000345164175101167,1.561836311042428e-05,0,18,0,0.0,False,False,e78a2b735352b6456a91a807897adc4623f3298e
A,402,114359,2,0,5.897286415100098,-1.4499359130859375,-4.103527545928955,0.9993107326738243,0.000643935602378768,4.533172379679188e-05,0,18,0,0.0,False,False,e78a2b735352b6456a91a807897adc4623f3298e
A,403,114359,2,0,5.484586715698242,0.2692141532897949,-5.533641338348389,0.9945807194187871,0.005402969438345113,1.6311142867610043e-05,0,18,0,0.0,False,False,e78a2b735352b6456a91a807897adc4623f3298e
A,404,114359,2,0,2.201582908630371,2.888094663619995,-4.961695671081543,0.3347227012590065,0.6650180522969018,0.0002592464440916278,1,18,0,0.0,False,False,e78a2b735352b6456a91a807897adc4623f3298e
A,423,98241,2,0,5.4928178787231445,-1.362606406211853,-3.6706900596618652,0.9988428215126829,0.0010525051140440772,0.00010467337327298952,0,18,0,0.0,False,False,e78a2b735352b6456a91a807897adc4623f3298e
A,424,98241,2,0,5.5182342529296875,-1.5246500968933105,-3.4532666206359863,0.99900041954118,0.0008727299110828433,0.00012685054773704435,0,18,0,0.0,False,False,e78a2b735352b6456a91a807897adc4623f3298e
A,425,98241,2,0,5.815831184387207,-1.2130290269851685,-4.080498218536377,0.9990645756556544,0.0008851122600390099,5.031208430651858e-05,0,18,0,0.0,False,False,e78a2b735352b6456a91a807897adc4623f3298e
A,426,98241,2,0,5.446475982666016,-1.7414002418518066,-3.165296792984009,0.9990632349473462,0.0007549844321406747,0.00018178062051297587,0,18,0,0.0,False,False,e78a2b735352b6456a91a807897adc4623f3298e
A,427,98241,2,0,5.689238548278809,-1.3119393587112427,-3.917579412460327,0.9990228786789196,0.0009099185153761146,6.72028057043136e-05,0,18,0,0.0,False,False,e78a2b735352b6456a91a807897adc4623f3298e
A,428,98241,2,0,4.236166954040527,-0.9866845607757568,-2.912961483001709,0.9938604465232999,0.00535882795538578,0.0007807255213143328,0,18,0,0.0,False,False,e78a2b735352b6456a91a807897adc4623f3298e
A,429,98241,2,0,4.048283100128174,-0.9156848192214966,-2.733825445175171,0.9919463501175113,0.006928900232019353,0.0011247496504694135,0,18,0,0.0,False,False,e78a2b735352b6456a91a807897adc4623f3298e
A,437,99288,2,0,3.5063562393188477,-0.09313416481018066,-3.2186408042907715,0.9722536558224351,0.026579130204510176,0.0011672139730547974,0,2,0,0.0,False,False,e78a2b735352b6456a91a807897adc4623f3298e
A,438,99308,2,0,2.106090784072876,1.3806462287902832,-3.2766175270080566,0.6717249042470758,0.3251882784009024,0.0030868173520218456,0,14,0,0.0,False,False,e78a2b735352b6456a91a807897adc4623f3298e
A,439,99308,2,0,3.3589537143707275,-0.07605458050966263,-3.0836312770843506,0.9672887810598926,0.031171019221437352,0.0015401997186699605,0,14,0,0.0,False,False,e78a2b735352b6456a91a807897adc4623f3298e
A,440,99308,2,0,4.393205642700195,-1.1023577451705933,-3.0860142707824707,0.9953520632996086,0.004085863622915603,0.0005620730774757598,0,14,0,0.0,False,False,e78a2b735352b6456a91a807897adc4623f3298e
A,441,99308,2,0,2.485569477081299,0.5556132793426514,-2.8690972328186035,0.8696555096989855,0.1262344597678664,0.004110030533147917,0,14,0,0.0,False,False,e78a2b735352b6456a91a807897adc4623f3298e
A,485,102818,2,0,4.408780574798584,0.07513869553804398,-4.007408142089844,0.9868347010097204,0.012946955577496361,0.0002183434127832159,0,3,0,0.0,False,False,e78a2b735352b6456a91a807897adc4623f3298e
A,486,102818,2,0,3.6027016639709473,0.7339019775390625,-3.8214406967163086,0.945748377291226,0.05368732076699123,0.0005643019417828054,0,3,0,0.0,False,False,e78a2b735352b6456a91a807897adc4623f3298e
A,487,102818,2,0,3.808697462081909,-0.8521531224250793,-2.362572193145752,0.9885848147664692,0.009350444253418718,0.0020647409801120733,0,3,0,0.0,False,False,e78a2b735352b6456a91a807897adc4623f3298e
A,488,102818,2,0,2.2959673404693604,-0.513067901134491,-0.8534416556358337,0.9065027910308023,0.05462867169247689,0.03886853727672072,0,3,0,0.0,False,False,e78a2b735352b6456a91a807897adc4623f3298e
A,523,106284,2,0,3.4485065937042236,-3.793705701828003,1.5687599182128906,0.8670436342921437,0.0006205661998502737,0.13233579950800617,0,12,0,0.0,False,False,e78a2b735352b6456a91a807897adc4623f3298e
A,524,106284,2,0,3.1889920234680176,-3.0918195247650146,0.8552379012107849,0.9100811994079933,0.0017035635746085126,0.08821523701739821,0,12,0,0.0,False,False,e78a2b735352b6456a91a807897adc4623f3298e
A,525,106284,2,0,0.8603276610374451,-1.363632321357727,1.421364665031433,0.34956860860097067,0.03781628632615247,0.6126151050728769,2,12,0,0.0,False,False,e78a2b735352b6456a91a807897adc4623f3298e
A,526,106284,2,0,2.0385096073150635,-2.420886754989624,1.3444244861602783,0.6617693115068676,0.007656237391030425,0.33057445110210204,0,12,0,0.0,False,False,e78a2b735352b6456a91a807897adc4623f3298e
A,543,106914,2,0,6.878990650177002,-2.5867855548858643,-3.3907930850982666,0.9998878898149696,7.744919991222715e-05,3.466098511815209e-05,0,14,0,0.0,False,False,e78a2b735352b6456a91a807897adc4623f3298e
A,544,106914,2,0,6.96229362487793,-1.3838139772415161,-4.9147772789001465,0.9997557932892502,0.00023726050609458027,6.946204655306827e-06,0,14,0,0.0,False,False,e78a2b735352b6456a91a807897adc4623f3298e
A,545,106914,2,0,7.646905899047852,-1.1144249439239502,-5.8694562911987305,0.9998420002994579,0.00015665120392417518,1.348496617880254e-06,0,14,0,0.0,False,False,e78a2b735352b6456a91a807897adc4623f3298e
A,546,106914,2,0,7.461118698120117,-1.127111554145813,-5.7678542137146,0.9998119521410789,0.00018625044381500905,1.797415106033693e-06,0,14,0,0.0,False,False,e78a2b735352b6456a91a807897adc4623f3298e
A,547,106914,2,0,7.536802291870117,-1.815420389175415,-5.179362773895264,0.9999102335209622,8.676454811760249e-05,3.0019309202097787e-06,0,14,0,0.0,False,False,e78a2b735352b6456a91a807897adc4623f3298e
A,548,106914,2,0,7.879148960113525,-2.5462565422058105,-4.87775993347168,0.9999674496528552,2.966810327133426e-05,2.8822438734129725e-06,0,14,0,0.0,False,False,e78a2b735352b6456a91a807897adc4623f3298e
A,549,106914,2,0,7.150668621063232,-2.6438820362091064,-4.178952693939209,0.9999322381960336,5.575082099458325e-05,1.2010982971892195e-05,0,14,0,0.0,False,False,e78a2b735352b6456a91a807897adc4623f3298e
A,560,107946,2,0,0.8906038403511047,3.38421893119812,-4.029229640960693,0.07626451532470051,0.9231787272961878,0.0005567573791117307,1,3,0,0.0,False,False,e78a2b735352b6456a91a807897adc4623f3298e
A,561,107946,2,0,0.37777191400527954,2.2108943462371826,-2.0438477993011475,0.13619970749359037,0.8517087948476516,0.012091497658758117,1,3,0,0.0,False,False,e78a2b735352b6456a91a807897adc4623f3298e
A,562,107946,2,0,-1.9974514245986938,5.114920139312744,-2.599900960922241,0.0008139334967643887,0.9987404631886626,0.00044560331457303747,1,3,0,0.0,False,False,e78a2b735352b6456a91a807897adc4623f3298e
A,563,107946,2,0,0.7040705680847168,4.176717281341553,-4.519589424133301,0.0300957350557002,0.9697421219290484,0.0001621430152513162,1,3,0,0.0,False,False,e78a2b735352b6456a91a807897adc4623f3298e
A,586,111077,2,0,3.522292137145996,-0.6077094078063965,-2.683765411376953,0.9822217582840314,0.015796929109869545,0.0019813126060991377,0,9,0,0.0,False,False,e78a2b735352b6456a91a807897adc4623f3298e
A,587,111077,2,0,5.194517135620117,-2.9435794353485107,-1.6635509729385376,0.9986586664754536,0.00029180090953891304,0.0010495326150073575,0,9,0,0.0,False,False,e78a2b735352b6456a91a807897adc4623f3298e
A,588,111077,2,0,5.112687110900879,-3.091614246368408,-1.4029184579849243,0.998249435835278,0.0002729959889270952,0.0014775681757950002,0,9,0,0.0,False,False,e78a2b735352b6456a91a807897adc4623f3298e
A,599,112002,2,0,-0.9806797504425049,4.048783302307129,-2.556267499923706,0.00649107007890465,0.9921660189170246,0.0013429110040705803,1,11,0,0.0,False,False,e78a2b735352b6456a91a807897adc4623f3298e
A,600,112002,2,0,0.18167060613632202,4.201259136199951,-3.6509499549865723,0.01763673282467179,0.9819813825491551,0.0003818846261731108,1,11,0,0.0,False,False,e78a2b735352b6456a91a807897adc4623f3298e
A,601,112002,2,0,2.729059934616089,-0.5667282938957214,-1.3202072381973267,0.9483401334376496,0.03512541701650047,0.01653444954585002,0,11,0,0.0,False,False,e78a2b735352b6456a91a807897adc4623f3298e
A,602,112002,2,0,3.058715343475342,-0.7027454376220703,-1.464508295059204,0.9670209770490047,0.02248299862756882,0.0104960243234264,0,11,0,0.0,False,False,e78a2b735352b6456a91a807897adc4623f3298e
A,608,112552,2,0,5.485018730163574,-0.001162906177341938,-4.887650489807129,0.9958424458098398,0.004126408523698519,3.114566646151755e-05,0,20,0,0.0,False,False,e78a2b735352b6456a91a807897adc4623f3298e
A,609,112552,2,0,3.8047001361846924,0.38141122460365295,-3.7451443672180176,0.9679312609915276,0.031559421378711254,0.0005093176297611069,0,20,0,0.0,False,False,e78a2b735352b6456a91a807897adc4623f3298e
A,610,112552,2,0,3.8437082767486572,-0.8945549726486206,-2.4388041496276855,0.9894891162976487,0.008661825666864813,0.001849058035486554,0,20,0,0.0,False,False,e78a2b735352b6456a91a807897adc4623f3298e
A,611,112552,2,0,5.547062397003174,-1.3536744117736816,-3.679849147796631,0.9988958208645128,0.0010059312013459944,9.824793414104754e-05,0,20,0,0.0,False,False,e78a2b735352b6456a91a807897adc4623f3298e
A,612,112552,2,0,5.139846324920654,-1.3803445100784302,-3.3657314777374268,0.9983270788316166,0.0014709230397347945,0.00020199812864862653,0,20,0,0.0,False,False,e78a2b735352b6456a91a807897adc4623f3298e
A,613,112552,2,0,5.591340065002441,-1.4930154085159302,-3.698361873626709,0.9990703796094844,0.0008373356718163424,9.228471869916886e-05,0,20,0,0.0,False,False,e78a2b735352b6456a91a807897adc4623f3298e
A,614,112552,2,0,5.039815425872803,0.05664190649986267,-4.98080587387085,0.9931504839608474,0.006805347348730878,4.416869042165904e-05,0,20,0,0.0,False,False,e78a2b735352b6456a91a807897adc4623f3298e
A,639,113805,2,0,5.0132646560668945,-0.8581669330596924,-4.089081287384033,0.9970783220308878,0.002810599302322737,0.00011107866678951253,0,3,0,0.0,False,False,e78a2b735352b6456a91a807897adc4623f3298e
A,642,114018,2,0,1.3555127382278442,-1.435139536857605,0.8131521940231323,0.6087333382796205,0.03736476053490791,0.35390190118547166,0,14,0,0.0,False,False,e78a2b735352b6456a91a807897adc4623f3298e
A,643,114018,2,0,3.136152982711792,-2.53314471244812,0.2878396213054657,0.942158751344686,0.003250718637279018,0.054590530018034905,0,14,0,0.0,False,False,e78a2b735352b6456a91a807897adc4623f3298e
A,644,114018,2,0,5.186000823974609,-3.406944513320923,-0.9385010004043579,0.9976316321479214,0.0001849700728839273,0.0021833977791947874,0,14,0,0.0,False,False,e78a2b735352b6456a91a807897adc4623f3298e
A,645,114018,2,0,6.763782978057861,-3.529195547103882,-2.345531463623047,0.9998555202644531,3.3865186595374306e-05,0.00011061454895140675,0,14,0,0.0,False,False,e78a2b735352b6456a91a807897adc4623f3298e
A,646,114018,2,0,6.715015411376953,-3.1217920780181885,-2.592158079147339,0.9998558023773566,5.3439964265785994e-05,9.075765837757378e-05,0,14,0,0.0,False,False,e78a2b735352b6456a91a807897adc4623f3298e
A,647,114018,2,0,6.665143013000488,-2.5893404483795166,-2.8640260696411133,0.9998316466372974,9.566559539322131e-05,7.268776730935926e-05,0,14,0,0.0,False,False,e78a2b735352b6456a91a807897adc4623f3298e
A,648,114359,2,0,7.551281929016113,-1.026720643043518,-6.326823711395264,0.9998108959241717,0.00018816492971284582,9.3914611541818e-07,0,18,0,0.0,False,False,e78a2b735352b6456a91a807897adc4623f3298e
A,649,114359,2,0,7.031122207641602,-1.7258321046829224,-5.273505687713623,0.9998381323187617,0.0001573376864826362,4.5299947557619285e-06,0,18,0,0.0,False,False,e78a2b735352b6456a91a807897adc4623f3298e
A,650,114359,2,0,7.178157806396484,-1.56466543674469,-5.312925338745117,0.9998366639970763,0.00015957658527974538,3.7594176439530223e-06,0,18,0,0.0,False,False,e78a2b735352b6456a91a807897adc4623f3298e
A,651,114359,2,0,7.3979105949401855,-1.633409023284912,-5.60170316696167,0.9998781490902184,0.00011958998271018773,2.2609270713377932e-06,0,18,0,0.0,False,False,e78a2b735352b6456a91a807897adc4623f3298e
A,652,114359,2,0,6.927364349365234,-0.42128026485443115,-6.3185505867004395,0.9993551845916282,0.000643048995969055,1.766412402656376e-06,0,18,0,0.0,False,False,e78a2b735352b6456a91a807897adc4623f3298e
A,653,114359,2,0,6.34158182144165,0.27530431747436523,-6.478297710418701,0.9976828824949416,0.002314417344546871,2.7001605114487005e-06,0,18,0,0.0,False,False,e78a2b735352b6456a91a807897adc4623f3298e
A,654,114359,2,0,5.577398300170898,0.6708024740219116,-5.918568134307861,0.9926466726079338,0.0073432311465150895,1.0096245550957119e-05,0,18,0,0.0,False,False,e78a2b735352b6456a91a807897adc4623f3298e
A,655,114417,2,0,2.4806265830993652,2.1792008876800537,-4.455820083618164,0.5744701418779756,0.42497163612028377,0.0005582220017406186,0,3,0,0.0,False,False,e78a2b735352b6456a91a807897adc4623f3298e
A,656,114417,2,0,3.932206630706787,-0.8400852680206299,-2.579684257507324,0.990151327068853,0.00837763695410825,0.0014710359770386595,0,3,0,0.0,False,False,e78a2b735352b6456a91a807897adc4623f3298e
A,657,114417,2,0,3.6488866806030273,-1.7365695238113403,-1.1652578115463257,0.9874622802863927,0.004525291950205534,0.008012427763401662,0,3,0,0.0,False,False,e78a2b735352b6456a91a807897adc4623f3298e
A,658,114417,2,0,2.502103090286255,-1.1734503507614136,-0.6003271341323853,0.9343390996013736,0.023671836139764472,0.04198906425886201,0,3,0,0.0,False,False,e78a2b735352b6456a91a807897adc4623f3298e
A,680,98241,2,0,5.207602024078369,-1.358366847038269,-3.403355598449707,0.9984129636006741,0.0014052259534129655,0.00018181044591310196,0,18,0,0.0,False,False,e78a2b735352b6456a91a807897adc4623f3298e
A,681,98241,2,0,6.538479804992676,-2.670494318008423,-3.361485481262207,0.9998497094485358,0.00010012166866922996,5.016888279512219e-05,0,18,0,0.0,False,False,e78a2b735352b6456a91a807897adc4623f3298e
A,682,98241,2,0,5.662345886230469,-1.772040605545044,-3.364779472351074,0.9992898062726047,0.0005901717641178132,0.0001200219632776458,0,18,0,0.0,False,False,e78a2b735352b6456a91a807897adc4623f3298e
A,683,98241,2,0,4.777671813964844,-0.726204514503479,-3.579190254211426,0.9957127195797142,0.004053507085153724,0.0002337733351321262,0,18,0,0.0,False,False,e78a2b735352b6456a91a807897adc4623f3298e
A,684,98241,2,0,4.168026447296143,-0.09702807664871216,-3.430241107940674,0.9856563151488223,0.013849556426281375,0.0004941284248962597,0,18,0,0.0,False,False,e78a2b735352b6456a91a807897adc4623f3298e
A,685,98241,2,0,2.2255284786224365,-0.20469531416893005,-1.0905652046203613,0.8894332495998024,0.07828536442744746,0.03228138597275005,0,18,0,0.0,False,False,e78a2b735352b6456a91a807897adc4623f3298e
A,696,99288,2,0,2.857391357421875,0.3753071427345276,-2.9180684089660645,0.9202411877315542,0.07690351479973054,0.002855297468715296,0,2,0,0.0,False,False,e78a2b735352b6456a91a807897adc4623f3298e
A,697,99308,2,0,4.037997722625732,-0.7155078649520874,-2.87434720993042,0.9904747627915639,0.008539297965485512,0.0009859392429506636,0,14,0,0.0,False,False,e78a2b735352b6456a91a807897adc4623f3298e
A,698,99308,2,0,3.5834622383117676,-0.09212476760149002,-3.1070520877838135,0.974110886332996,0.02467864112082197,0.0012104725461819237,0,14,0,0.0,False,False,e78a2b735352b6456a91a807897adc4623f3298e
A,699,99308,2,0,3.8846116065979004,-0.7484210729598999,-2.8747990131378174,0.9892320768223014,0.009620500425409415,0.0011474227522891717,0,14,0,0.0,False,False,e78a2b735352b6456a91a807897adc4623f3298e
A,700,99308,2,0,4.445418834686279,-1.4970663785934448,-2.733762502670288,0.9966236500947901,0.0026166320220703666,0.000759717883139432,0,14,0,0.0,False,False,e78a2b735352b6456a91a807897adc4623f3298e
A,701,99308,2,0,4.794467926025391,-1.7561103105545044,-2.844564437866211,0.9980930605294205,0.0014265633247909602,0.00048037614578856213,0,14,0,0.0,False,False,e78a2b735352b6456a91a807897adc4623f3298e
A,702,99308,2,0,5.459306716918945,-2.141026258468628,-3.0862679481506348,0.9993057939342762,0.0004999375224118635,0.0001942685433118227,0,14,0,0.0,False,False,e78a2b735352b6456a91a807897adc4623f3298e
A,799,90284,2,1,-3.3063273429870605,6.802672386169434,-3.325355291366577,4.070822564692364e-05,0.9999193508197755,3.9940954577728664e-05,1,18,0,0.0,False,False,e78a2b735352b6456a91a807897adc4623f3298e
A,800,90284,2,1,-2.71512508392334,5.917280197143555,-2.9421751499176025,0.00017817835808872293,0.9996798347142907,0.0001419869276205786,1,18,0,0.0,False,False,e78a2b735352b6456a91a807897adc4623f3298e
A,801,90284,2,1,-2.2526371479034424,5.470788478851318,-2.9811439514160156,0.0004420527929465726,0.9993445996599554,0.00021334754709804324,1,18,0,0.0,False,False,e78a2b735352b6456a91a807897adc4623f3298e
A,802,90284,2,1,-2.060959815979004,4.1860032081604,-1.6097530126571655,0.0019267368907674273,0.9950478893362419,0.003025373772990747,1,18,0,0.0,False,False,e78a2b735352b6456a91a807897adc4623f3298e
A,803,90284,2,1,-2.379744052886963,3.996798276901245,-1.2277737855911255,0.0016890297696036589,0.9929661680661984,0.005344802164197998,1,18,0,0.0,False,False,e78a2b735352b6456a91a807897adc4623f3298e
A,804,90284,2,1,-1.7190940380096436,3.230747938156128,-1.0446878671646118,0.006938877744368991,0.9794410279604762,0.013620094295154869,1,18,0,0.0,False,False,e78a2b735352b6456a91a807897adc4623f3298e
A,805,90284,2,1,-2.4945640563964844,5.772618293762207,-3.066168785095215,0.0002567047218478603,0.9995983550042516,0.00014494027390048075,1,18,0,0.0,False,False,e78a2b735352b6456a91a807897adc4623f3298e
A,806,90284,2,1,-2.5155282020568848,7.012740612030029,-4.287808418273926,7.275929148347283e-05,0.9999148756281601,1.2365080356585394e-05,1,18,0,0.0,False,False,e78a2b735352b6456a91a807897adc4623f3298e
A,812,97609,2,1,-0.9375114440917969,6.506317138671875,-5.404797077178955,0.0005846950292869367,0.9994085935895876,6.711381125674317e-06,1,9,0,0.0,False,False,e78a2b735352b6456a91a807897adc4623f3298e
A,813,97609,2,1,-0.5806490778923035,4.175018310546875,-3.479314088821411,0.008525417959260706,0.9910048594361333,0.00046972260460611664,1,9,0,0.0,False,False,e78a2b735352b6456a91a807897adc4623f3298e
A,814,97609,2,1,-1.5623475313186646,6.1592535972595215,-4.565652370452881,0.00044294446307489627,0.9995350753916684,2.1980145256565222e-05,1,9,0,0.0,False,False,e78a2b735352b6456a91a807897adc4623f3298e
A,815,97609,2,1,-1.1211620569229126,6.217016696929932,-5.011683464050293,0.0006498025211689264,0.9993369189667456,1.3278512085482932e-05,1,9,0,0.0,False,False,e78a2b735352b6456a91a807897adc4623f3298e
A,816,97609,2,1,-0.28779125213623047,6.406330108642578,-6.0721869468688965,0.0012366334304451361,0.9987595637138104,3.8028557444596014e-06,1,9,0,0.0,False,False,e78a2b735352b6456a91a807897adc4623f3298e
A,817,97609,2,1,-0.985344409942627,6.288744926452637,-5.125290393829346,0.0006927832355587833,0.9992961850839842,1.10316804570254e-05,1,9,0,0.0,False,False,e78a2b735352b6456a91a807897adc4623f3298e
A,844,105653,2,1,-0.40128839015960693,0.7140789031982422,0.5450519323348999,0.15089892235543542,0.4603456027227645,0.3887554749218002,1,1,0,0.0,False,False,e78a2b735352b6456a91a807897adc4623f3298e
A,845,105653,2,1,0.4594521224498749,-2.2740402221679688,2.990574836730957,0.07335357907872846,0.004767389847315721,0.9218790310739559,2,1,0,0.0,False,False,e78a2b735352b6456a91a807897adc4623f3298e
A,870,90284,2,1,-2.4387521743774414,5.237883567810059,-2.2263236045837402,0.0004630516401924402,0.9989643026880461,0.0005726456717614323,1,18,0,0.0,False,False,e78a2b735352b6456a91a807897adc4623f3298e
A,871,90284,2,1,-0.5545250773429871,2.935289144515991,-1.8321064710617065,0.02936118752439281,0.9624555389568755,0.008183273518731611,1,18,0,0.0,False,False,e78a2b735352b6456a91a807897adc4623f3298e
A,872,90284,2,1,-2.730532646179199,7.018463611602783,-3.976804494857788,5.8348821933998806e-05,0.9999248715200529,1.677965801303024e-05,1,18,0,0.0,False,False,e78a2b735352b6456a91a807897adc4623f3298e
A,873,90284,2,1,-0.996367335319519,2.504944324493408,-0.8644112944602966,0.028328632102298395,0.9393467511259199,0.03232461677178171,1,18,0,0.0,False,False,e78a2b735352b6456a91a807897adc4623f3298e
A,874,90284,2,1,-1.790177345275879,1.0338212251663208,1.7855507135391235,0.018669016216847495,0.31446218591527875,0.6668687978678737,2,18,0,0.0,False,False,e78a2b735352b6456a91a807897adc4623f3298e
A,875,90284,2,1,-1.723586916923523,2.618534803390503,0.031972937285900116,0.011953550806491934,0.9188749976834513,0.06917145151005691,1,18,0,0.0,False,False,e78a2b735352b6456a91a807897adc4623f3298e
A,876,90284,2,1,-2.5461175441741943,4.8375468254089355,-1.5665833950042725,0.0006199090326980626,0.9977291397518654,0.0016509512154365927,1,18,0,0.0,False,False,e78a2b735352b6456a91a807897adc4623f3298e
A,877,90284,2,1,-2.889690637588501,5.650408744812012,-2.0945401191711426,0.00019534807714095034,0.9993720000150115,0.0004326519078474112,1,18,0,0.0,False,False,e78a2b735352b6456a91a807897adc4623f3298e
A,878,90284,2,1,-3.27502703666687,5.654659748077393,-1.6483629941940308,0.0001322928728331619,0.99919474958456,0.0006729575426067962,1,18,0,0.0,False,False,e78a2b735352b6456a91a807897adc4623f3298e
A,879,90284,2,1,-2.838714361190796,5.315642833709717,-1.662334680557251,0.0002871298175934308,0.9987818191222136,0.0009310510601930975,1,18,0,0.0,False,False,e78a2b735352b6456a91a807897adc4623f3298e
A,880,90284,2,1,-2.2281274795532227,5.30279541015625,-2.5722765922546387,0.0005357522012753736,0.999084494195282,0.00037975360344259037,1,18,0,0.0,False,False,e78a2b735352b6456a91a807897adc4623f3298e
A,895,95142,2,1,-1.7891491651535034,3.2648637294769287,-0.8339383006095886,0.006240286887113547,0.9775398433154925,0.016219869797393965,1,8,0,0.0,False,False,e78a2b735352b6456a91a807897adc4623f3298e
A,896,95142,2,1,0.5012553930282593,-0.40783554315567017,1.0225930213928223,0.32392132483988423,0.13050476317911544,0.5455739119810004,2,8,0,0.0,False,False,e78a2b735352b6456a91a807897adc4623f3298e
A,897,95142,2,1,-2.1213126182556152,2.1950135231018066,0.72176593542099,0.01074328015115441,0.8048103006283438,0.1844464192205018,1,8,0,0.0,False,False,e78a2b735352b6456a91a807897adc4623f3298e
A,898,95142,2,1,-2.770209550857544,5.087832450866699,-1.691378116607666,0.0003860419003225524,0.9984785160242148,0.0011354420754624553,1,8,0,0.0,False,False,e78a2b735352b6456a91a807897adc4623f3298e
A,899,95142,2,1,-2.87152099609375,5.665582180023193,-2.3093857765197754,0.00019595156361930906,0.9994602681593031,0.0003437802770774878,1,8,0,0.0,False,False,e78a2b735352b6456a91a807897adc4623f3298e
A,900,95142,2,1,-3.6960368156433105,5.839060306549072,-1.5001927614212036,7.221818545828127e-05,0.9992787148162059,0.0006490669983357561,1,8,0,0.0,False,False,e78a2b735352b6456a91a807897adc4623f3298e
A,901,95142,2,1,-2.2144975662231445,3.269486665725708,-0.45824599266052246,0.004038855254802529,0.9725733832478212,0.023387761497376307,1,8,0,0.0,False,False,e78a2b735352b6456a91a807897adc4623f3298e
A,902,95142,2,1,-3.4209465980529785,5.7320876121521,-1.959787130355835,0.00010583847237408154,0.9994378966312074,0.000456264896418558,1,8,0,0.0,False,False,e78a2b735352b6456a91a807897adc4623f3298e
A,903,95142,2,1,-2.3002536296844482,4.601548194885254,-2.0339694023132324,0.001003643891503849,0.9976864944911936,0.0013098616173024906,1,8,0,0.0,False,False,e78a2b735352b6456a91a807897adc4623f3298e
A,908,97609,2,1,-1.7630507946014404,7.415724277496338,-5.532711982727051,0.00010319598060117882,0.9998944243329937,2.3796864052462723e-06,1,9,0,0.0,False,False,e78a2b735352b6456a91a807897adc4623f3298e
A,909,97609,2,1,-2.4897148609161377,8.790610313415527,-6.228173732757568,1.2618606925098353e-05,0.999987081187085,3.002059898535692e-07,1,9,0,0.0,False,False,e78a2b735352b6456a91a807897adc4623f3298e
A,910,97609,2,1,-1.7150750160217285,7.962375640869141,-6.096560001373291,6.267711807528948e-05,0.9999365389934711,7.838884536213943e-07,1,9,0,0.0,False,False,e78a2b735352b6456a91a807897adc4623f3298e
A,911,97609,2,1,-1.8394449949264526,7.696959972381592,-5.591305732727051,7.217052512425399e-05,0.9999261353420792,1.6941327965769287e-06,1,9,0,0.0,False,False,e78a2b735352b6456a91a807897adc4623f3298e
A,912,98889,2,1,-2.0799219608306885,6.468135356903076,-4.168320178985596,0.000193879206547282,0.9997821019876092,2.401880584339382e-05,1,5,0,0.0,False,False,e78a2b735352b6456a91a807897adc4623f3298e
A,913,98889,2,1,-2.8263542652130127,6.817898273468018,-3.984297752380371,6.479139952934213e-05,0.9999148555788375,2.035302163319462e-05,1,5,0,0.0,False,False,e78a2b735352b6456a91a807897adc4623f3298e
A,914,98889,2,1,-3.084322929382324,7.531951427459717,-4.229611396789551,2.4513007357500467e-05,0.9999676886173058,7.79837533651922e-06,1,5,0,0.0,False,False,e78a2b735352b6456a91a807897adc4623f3298e
A,915,98889,2,1,-3.23117733001709,7.021095275878906,-3.5359749794006348,3.5275076547873004e-05,0.9999387175779252,2.6007345526881338e-05,1,5,0,0.0,False,False,e78a2b735352b6456a91a807897adc4623f3298e
A,916,98889,2,1,-3.1542811393737793,7.6022162437438965,-4.089767932891846,2.130588888968214e-05,0.9999703337910201,8.360320090320671e-06,1,5,0,0.0,False,False,e78a2b735352b6456a91a807897adc4623f3298e
A,917,98889,2,1,-2.5118143558502197,6.503642559051514,-3.6478848457336426,0.00012149743149138141,0.9998394923887045,3.901017980400079e-05,1,5,0,0.0,False,False,e78a2b735352b6456a91a807897adc4623f3298e
A,962,109769,2,2,-1.1784353256225586,-4.483781337738037,7.680775165557861,0.00014204626274136765,5.211182442662555e-06,0.9998527425548159,2,13,0,0.0,False,False,e78a2b735352b6456a91a807897adc4623f3298e
A,963,109769,2,2,-0.9928112030029297,-4.688342571258545,7.617457866668701,0.00018219084843517307,4.5245738104547325e-06,0.9998132845777543,2,13,0,0.0,False,False,e78a2b735352b6456a91a807897adc4623f3298e
A,964,109769,2,2,-1.904922604560852,-3.489593744277954,7.627679347991943,7.244454008843421e-05,1.4852232120703192e-05,0.9999127032277908,2,13,0,0.0,False,False,e78a2b735352b6456a91a807897adc4623f3298e
A,965,109769,2,2,-1.4421945810317993,-3.782033681869507,7.383971691131592,0.0001468164712136889,1.414475962224009e-05,0.9998390387691641,2,13,0,0.0,False,False,e78a2b735352b6456a91a807897adc4623f3298e
A,972,110518,2,2,0.6601147651672363,-0.9531424045562744,0.9316127896308899,0.39822140217560087,0.07934067857236854,0.5224379192520305,2,11,0,0.0,False,False,e78a2b735352b6456a91a807897adc4623f3298e
A,973,110518,2,2,1.3743103742599487,-1.5970968008041382,0.9556859135627747,0.5850750614930531,0.029974078980348488,0.38495085952659835,0,11,0,0.0,False,False,e78a2b735352b6456a91a807897adc4623f3298e
A,980,111075,2,2,-1.4478551149368286,-3.306628465652466,6.336056709289551,0.00041617988005508884,6.486733732535164e-05,0.9995189527826197,2,16,0,0.0,False,False,e78a2b735352b6456a91a807897adc4623f3298e
A,981,111075,2,2,-1.7377928495407104,-3.536005735397339,7.272215843200684,0.00012216339623978965,2.0229593887992114e-05,0.9998576070098721,2,16,0,0.0,False,False,e78a2b735352b6456a91a807897adc4623f3298e
A,982,111075,2,2,-1.5758097171783447,-4.439843654632568,8.461751937866211,4.3724241935431504e-05,2.4939523624244405e-06,0.9999537818057022,2,16,0,0.0,False,False,e78a2b735352b6456a91a807897adc4623f3298e
A,983,111075,2,2,-2.165316581726074,-4.662137508392334,9.527990341186523,8.34944106270133e-06,6.875461470978615e-07,0.9999909630127902,2,16,0,0.0,False,False,e78a2b735352b6456a91a807897adc4623f3298e
A,984,111075,2,2,-2.2748665809631348,-4.068991184234619,8.659318923950195,1.783752259319902e-05,2.9658973853746287e-06,0.9999791965800214,2,16,0,0.0,False,False,e78a2b735352b6456a91a807897adc4623f3298e
A,985,111075,2,2,-2.3207900524139404,-3.48891019821167,7.901430606842041,3.635174623187627e-05,1.1303609465269558e-05,0.9999523446443029,2,16,0,0.0,False,False,e78a2b735352b6456a91a807897adc4623f3298e
A,1025,101017,2,2,-2.063112735748291,-4.984411716461182,9.58077621459961,8.772416961371599e-06,4.7251460708015835e-07,0.9999907550684316,2,14,0,0.0,False,False,e78a2b735352b6456a91a807897adc4623f3298e
A,1026,101017,2,2,-2.2864811420440674,-4.487542629241943,9.35930061340332,8.755823987267745e-06,9.691436720661357e-07,0.9999902750323406,2,14,0,0.0,False,False,e78a2b735352b6456a91a807897adc4623f3298e
A,1027,101017,2,2,-3.026754856109619,-4.3388495445251465,9.866189002990723,2.515731222315704e-06,6.77374364916243e-07,0.9999968068944128,2,14,0,0.0,False,False,e78a2b735352b6456a91a807897adc4623f3298e
A,1028,101017,2,2,-3.0566976070404053,-3.6003870964050293,9.080297470092773,5.357551240835101e-06,3.110605877935835e-06,0.9999915318428813,2,14,0,0.0,False,False,e78a2b735352b6456a91a807897adc4623f3298e
A,1029,101017,2,2,-3.2926204204559326,-3.4996798038482666,9.405250549316406,3.0576114669713283e-06,2.4857505879896555e-06,0.9999944566379452,2,14,0,0.0,False,False,e78a2b735352b6456a91a807897adc4623f3298e
A,1083,109769,2,2,-3.405066728591919,-2.57983136177063,8.277877807617188,8.436253652780742e-06,1.925505640984084e-05,0.9999723086899375,2,13,0,0.0,False,False,e78a2b735352b6456a91a807897adc4623f3298e
A,1084,109769,2,2,-3.8005523681640625,-2.388913869857788,8.509944915771484,4.504109898630943e-06,1.8478886112048885e-05,0.9999770170039893,2,13,0,0.0,False,False,e78a2b735352b6456a91a807897adc4623f3298e
A,1085,109769,2,2,-3.497559070587158,-1.7425410747528076,7.157547473907471,2.357634948980418e-05,0.00013635503902100765,0.9998400686114892,2,13,0,0.0,False,False,e78a2b735352b6456a91a807897adc4623f3298e
A,1086,109769,2,2,-2.4905195236206055,-2.537729501724243,6.906073093414307,8.299295867114039e-05,7.916591110362078e-05,0.9998378411302252,2,13,0,0.0,False,False,e78a2b735352b6456a91a807897adc4623f3298e
A,1087,109769,2,2,-3.278282642364502,-1.591408371925354,6.85556173324585,3.970241244294852e-05,0.00021449495603665563,0.9997458026315205,2,13,0,0.0,False,False,e78a2b735352b6456a91a807897adc4623f3298e
A,1094,110518,2,2,-3.7425613403320312,-1.5042457580566406,7.063755512237549,2.026678550976992e-05,0.00019005223330889045,0.9997896809811815,2,11,0,0.0,False,False,e78a2b735352b6456a91a807897adc4623f3298e
A,1095,110518,2,2,-3.0346198081970215,-2.007725238800049,6.7075676918029785,5.873878688648976e-05,0.00016402106139162308,0.9997772401517219,2,11,0,0.0,False,False,e78a2b735352b6456a91a807897adc4623f3298e
A,1096,110518,2,2,-3.943925380706787,-1.9348992109298706,7.875132083892822,7.3624358383164394e-06,5.4894710944004744e-05,0.9999377428532178,2,11,0,0.0,False,False,e78a2b735352b6456a91a807897adc4623f3298e
A,1097,110518,2,2,-3.3047666549682617,-2.8117783069610596,8.31623649597168,8.975366210098146e-06,1.4694482525153546e-05,0.9999763301512649,2,11,0,0.0,False,False,e78a2b735352b6456a91a807897adc4623f3298e
A,1098,110518,2,2,-2.714827537536621,-3.3012359142303467,8.153407096862793,1.9053413462084e-05,1.059982925732487e-05,0.9999703467572806,2,11,0,0.0,False,False,e78a2b735352b6456a91a807897adc4623f3298e
A,1099,110518,2,2,-2.4522862434387207,-2.1066172122955322,6.43802547454834,0.00013767097424118274,0.0001945201243563906,0.9996678089014024,2,11,0,0.0,False,False,e78a2b735352b6456a91a807897adc4623f3298e
A,1112,111075,2,2,-2.955535888671875,-2.159932851791382,7.1620774269104,4.0357104638477055e-05,8.942233573403901e-05,0.9998702205596275,2,16,0,0.0,False,False,e78a2b735352b6456a91a807897adc4623f3298e
A,1113,111075,2,2,-2.501927137374878,-2.6765737533569336,7.323872089385986,5.4033915658617704e-05,4.537518189047061e-05,0.999900590902451,2,16,0,0.0,False,False,e78a2b735352b6456a91a807897adc4623f3298e
A,1114,111075,2,2,-3.2142388820648193,-2.154222249984741,7.420892238616943,2.405363071468957e-05,6.942885661814481e-05,0.9999065175126671,2,16,0,0.0,False,False,e78a2b735352b6456a91a807897adc4623f3298e
A,1115,111075,2,2,-2.5627059936523438,-2.3577053546905518,6.945087909698486,7.425842419151837e-05,9.115413522374777e-05,0.9998345874405848,2,16,0,0.0,False,False,e78a2b735352b6456a91a807897adc4623f3298e
A,1116,111075,2,2,-2.6745548248291016,-2.028852939605713,6.785557270050049,7.788022069734654e-05,0.00014854291398159553,0.999773576865321,2,16,0,0.0,False,False,e78a2b735352b6456a91a807897adc4623f3298e
A,1117,111075,2,2,-2.3680577278137207,-0.787754237651825,4.667708396911621,0.0008753334678098766,0.004250995245797667,0.9948736712863924,2,16,0,0.0,False,False,e78a2b735352b6456a91a807897adc4623f3298e
A,1214,109769,2,2,-2.7228236198425293,-3.9337046146392822,9.010217666625977,8.024174972665034e-06,2.3906800418027155e-06,0.9999895851449856,2,13,0,0.0,False,False,e78a2b735352b6456a91a807897adc4623f3298e
A,1215,109769,2,2,-1.993101716041565,-4.286607265472412,8.653060913085938,2.37913420794005e-05,2.4008340237611538e-06,0.9999738078238969,2,13,0,0.0,False,False,e78a2b735352b6456a91a807897adc4623f3298e
A,1216,109769,2,2,-2.879190683364868,-3.9021880626678467,9.62205696105957,3.7219876995777727e-06,1.3381130823926277e-06,0.999994939899218,2,13,0,0.0,False,False,e78a2b735352b6456a91a807897adc4623f3298e
A,1217,109769,2,2,-2.9912915229797363,-4.422272205352783,10.139695167541504,1.9828226504687918e-06,4.7404203878603483e-07,0.9999975431353106,2,13,0,0.0,False,False,e78a2b735352b6456a91a807897adc4623f3298e
A,1218,109769,2,2,-2.029350757598877,-4.347851276397705,8.807369232177734,1.9663595244788147e-05,1.9353117996072185e-06,0.9999784010929555,2,13,0,0.0,False,False,e78a2b735352b6456a91a807897adc4623f3298e
A,1222,110518,2,2,-0.667474627494812,-4.779434680938721,7.4539875984191895,0.0002970042411305478,4.863636286081198e-06,0.9996981321225834,2,11,0,0.0,False,False,e78a2b735352b6456a91a807897adc4623f3298e
A,1223,110518,2,2,-1.6732230186462402,-3.478421449661255,7.083741664886475,0.00015733269707192944,2.5872075521129066e-05,0.9998167952274069,2,11,0,0.0,False,False,e78a2b735352b6456a91a807897adc4623f3298e
A,1224,110518,2,2,-2.411642551422119,-3.4505209922790527,8.004831314086914,2.9934036139118372e-05,1.0592198340742638e-05,0.9999594737655201,2,11,0,0.0,False,False,e78a2b735352b6456a91a807897adc4623f3298e
A,1225,110518,2,2,-1.8705260753631592,-2.1867172718048096,5.874117374420166,0.000432732030438703,0.000315427061883972,0.9992518409076774,2,11,0,0.0,False,False,e78a2b735352b6456a91a807897adc4623f3298e
A,1233,111075,2,2,-2.4640395641326904,-4.317498683929443,9.053614616394043,9.952709892845415e-06,1.559531951779635e-06,0.9999884877581554,2,16,0,0.0,False,False,e78a2b735352b6456a91a807897adc4623f3298e
A,1234,111075,2,2,-2.6484570503234863,-4.468371391296387,9.369503021240234,6.034804584700207e-06,9.7787750502351e-07,0.9999929873179104,2,16,0,0.0,False,False,e78a2b735352b6456a91a807897adc4623f3298e
A,1235,111075,2,2,-1.5964503288269043,-5.470335006713867,9.485074996948242,1.5393872156981933e-05,3.198461565604019e-07,0.9999842862816865,2,16,0,0.0,False,False,e78a2b735352b6456a91a807897adc4623f3298e
A,1236,111075,2,2,-2.179124355316162,-3.427396774291992,7.862310409545898,4.3554792209808194e-05,1.2500233417446308e-05,0.9999439449743727,2,16,0,0.0,False,False,e78a2b735352b6456a91a807897adc4623f3298e
A,1237,111075,2,2,-2.099191665649414,-1.8808468580245972,5.731415271759033,0.0003970301734269123,0.000493911864347292,0.9991090579622258,2,16,0,0.0,False,False,e78a2b735352b6456a91a807897adc4623f3298e
A,1285,101145,2,2,-2.0864486694335938,-3.587495803833008,7.730940341949463,5.4492054726703495e-05,1.2146095642057129e-05,0.9999333618496312,2,11,0,0.0,False,False,e78a2b735352b6456a91a807897adc4623f3298e
A,1286,101145,2,2,-1.8956544399261475,-4.221673488616943,8.120280265808105,4.4680037185889065e-05,4.364517993072657e-06,0.999950955444821,2,11,0,0.0,False,False,e78a2b735352b6456a91a807897adc4623f3298e
A,1287,101145,2,2,-1.631945252418518,-4.5053391456604,8.318826675415039,4.768840305212563e-05,2.6947201337575133e-06,0.9999496168768142,2,11,0,0.0,False,False,e78a2b735352b6456a91a807897adc4623f3298e
A,1288,101145,2,2,-1.8002225160598755,-4.087867259979248,7.8204779624938965,6.633628330328529e-05,6.7334811135624676e-06,0.9999269302355832,2,11,0,0.0,False,False,e78a2b735352b6456a91a807897adc4623f3298e
A,1293,101724,2,2,-2.066516876220703,-3.029308319091797,6.871967315673828,0.00013121602777522098,5.010163233507646e-05,0.9998186823398898,2,10,0,0.0,False,False,e78a2b735352b6456a91a807897adc4623f3298e
A,1294,101724,2,2,-2.049614191055298,-3.5296313762664795,7.454209804534912,7.455931824661073e-05,1.697221917945445e-05,0.9999084684625739,2,10,0,0.0,False,False,e78a2b735352b6456a91a807897adc4623f3298e
A,1295,102648,2,2,-1.8825634717941284,1.7591172456741333,0.5627433061599731,0.019727757097271707,0.7527305671552206,0.22754167574750783,1,16,0,0.0,False,False,e78a2b735352b6456a91a807897adc4623f3298e
A,1296,102648,2,2,-1.7686692476272583,-0.659110426902771,3.4253082275390625,0.005428385782783685,0.01646440261246428,0.978107211604752,2,16,0,0.0,False,False,e78a2b735352b6456a91a807897adc4623f3298e
A,1297,102648,2,2,-1.7674444913864136,0.011686951853334904,2.5646328926086426,0.012044285744728997,0.07135887896995677,0.9165968352853142,2,16,0,0.0,False,False,e78a2b735352b6456a91a807897adc4623f3298e
A,1298,102648,2,2,-1.872475028038025,1.646978497505188,0.7477209568023682,0.020616691837164566,0.6961426224075102,0.2832406857553253,1,16,0,0.0,False,False,e78a2b735352b6456a91a807897adc4623f3298e
A,1299,102648,2,2,-1.5410104990005493,-0.5625894069671631,3.1703457832336426,0.008706013632712959,0.023160195664752463,0.9681337907025347,2,16,0,0.0,False,False,e78a2b735352b6456a91a807897adc4623f3298e
A,1300,102648,2,2,-1.824745774269104,0.9617793560028076,1.5632764101028442,0.021352975779445012,0.3464422856597694,0.6322047385607856,2,16,0,0.0,False,False,e78a2b735352b6456a91a807897adc4623f3298e
A,1301,103046,2,2,-2.498671054840088,-3.8750078678131104,8.797220230102539,1.2423672338490154e-05,3.1369999060367206e-06,0.9999844393277555,2,10,0,0.0,False,False,e78a2b735352b6456a91a807897adc4623f3298e
A,1302,103046,2,2,-1.7890141010284424,-3.9199986457824707,7.896953582763672,6.214518547042306e-05,7.377898219296759e-06,0.9999304769163103,2,10,0,0.0,False,False,e78a2b735352b6456a91a807897adc4623f3298e
A,1303,103046,2,2,-1.6935044527053833,-3.749464750289917,7.5104851722717285,0.00010062567299004719,1.28770560400537e-05,0.9998864972709699,2,10,0,0.0,False,False,e78a2b735352b6456a91a807897adc4623f3298e
A,1340,103837,2,2,-0.5231695771217346,-6.973219394683838,9.8984375,2.9781090711990116e-05,4.7067329241440544e-08,0.9999701718419588,2,19,0,0.0,False,False,e78a2b735352b6456a91a807897adc4623f3298e
A,1341,103837,2,2,-0.3773215413093567,-6.622523784637451,9.35191822052002,5.951397535812567e-05,1.1544153376086621e-07,0.999940370583108,2,19,0,0.0,False,False,e78a2b735352b6456a91a807897adc4623f3298e
A,1342,103837,2,2,-0.848418116569519,-5.696508884429932,8.830577850341797,6.258036168982318e-05,4.908389299094184e-07,0.9999369287993802,2,19,0,0.0,False,False,e78a2b735352b6456a91a807897adc4623f3298e
A,1343,103837,2,2,-0.08647217601537704,-5.8884735107421875,7.8212103843688965,0.0003677704799594067,1.1112191135183613e-06,0.9996311183009271,2,19,0,0.0,False,False,e78a2b735352b6456a91a807897adc4623f3298e
A,1344,103837,2,2,-1.6477590799331665,-5.646982669830322,9.684029579162598,1.1985645116785878e-05,2.1969525522286706e-07,0.9999877946596281,2,19,0,0.0,False,False,e78a2b735352b6456a91a807897adc4623f3298e
A,1345,103837,2,2,-1.2935740947723389,-6.0757832527160645,9.672759056091309,1.7273266010833995e-05,1.447062911685968e-07,0.999982582027698,2,19,0,0.0,False,False,e78a2b735352b6456a91a807897adc4623f3298e
A,1346,103837,2,2,-1.6171921491622925,-5.260389804840088,9.102755546569824,2.2099172944533453e-05,5.783029161656759e-07,0.9999773225241394,2,19,0,0.0,False,False,e78a2b735352b6456a91a807897adc4623f3298e
A,1347,103837,2,2,-1.6159093379974365,-5.31191349029541,9.196849822998047,2.0140460588293573e-05,4.999368962925438e-07,0.9999793596025153,2,19,0,0.0,False,False,e78a2b735352b6456a91a807897adc4623f3298e
A,1352,104558,2,2,-2.2948668003082275,-1.4648929834365845,5.540970325469971,0.0003947972794819037,0.0009053722938518407,0.9986998304266663,2,23,0,0.0,False,False,e78a2b735352b6456a91a807897adc4623f3298e
A,1353,104558,2,2,-2.590245008468628,-2.7845396995544434,7.594557285308838,3.773693985421832e-05,3.1073170458119095e-05,0.9999311898896877,2,23,0,0.0,False,False,e78a2b735352b6456a91a807897adc4623f3298e
A,1354,104558,2,2,-1.8687635660171509,-3.420567274093628,7.411330223083496,9.325183660215377e-05,1.9756845634967292e-05,0.9998869913177629,2,23,0,0.0,False,False,e78a2b735352b6456a91a807897adc4623f3298e
A,1355,104558,2,2,-2.2190046310424805,-2.60290789604187,6.578129291534424,0.00015112730004300854,0.00010294751171003576,0.999745925188247,2,23,0,0.0,False,False,e78a2b735352b6456a91a807897adc4623f3298e
A,1356,104558,2,2,-0.6316590309143066,-4.286162853240967,6.81587553024292,0.0005825285616265011,1.5072537732014633e-05,0.9994023989006415,2,23,0,0.0,False,False,e78a2b735352b6456a91a807897adc4623f3298e
A,1357,104558,2,2,-0.09313909709453583,-5.147592544555664,7.048153400421143,0.0007910977973059034,5.0478789755497905e-06,0.9992038543237185,2,23,0,0.0,False,False,e78a2b735352b6456a91a807897adc4623f3298e
A,1358,104558,2,2,0.5187757015228271,-4.9742350578308105,6.175888538360596,0.0034803804678622268,1.4323279308192167e-05,0.9965052962528296,2,23,0,0.0,False,False,e78a2b735352b6456a91a807897adc4623f3298e
A,1359,104558,2,2,-0.45109352469444275,-4.569882869720459,7.0463433265686035,0.0005541915266838876,9.013477867839336e-06,0.9994367949954482,2,23,0,0.0,False,False,e78a2b735352b6456a91a807897adc4623f3298e
A,1404,97481,2,2,-0.6750606298446655,-2.6270134449005127,4.645692825317383,0.004861923071373367,0.0006903760970408915,0.9944477008315858,2,13,0,0.0,False,False,e78a2b735352b6456a91a807897adc4623f3298e
A,1405,97481,2,2,-0.4583571255207062,-3.4834282398223877,5.446280479431152,0.0027189957085203336,0.0001320191188669733,0.9971489851726129,2,13,0,0.0,False,False,e78a2b735352b6456a91a807897adc4623f3298e
A,1406,97481,2,2,-1.4732215404510498,-2.1822497844696045,5.206641674041748,0.00125360047102208,0.0006169246064991929,0.9981294749224787,2,13,0,0.0,False,False,e78a2b735352b6456a91a807897adc4623f3298e
A,1407,97481,2,2,-1.3901519775390625,-3.3268778324127197,6.748874187469482,0.00029182387122782223,4.207377330461428e-05,0.9996661023554676,2,13,0,0.0,False,False,e78a2b735352b6456a91a807897adc4623f3298e
A,1408,97599,2,2,0.020604528486728668,-1.3715375661849976,2.398221015930176,0.0831412614806047,0.020664123079544967,0.8961946154398502,2,6,0,0.0,False,False,e78a2b735352b6456a91a807897adc4623f3298e
A,1409,97599,2,2,-0.15464526414871216,-1.2945035696029663,2.538318395614624,0.062130074826297475,0.019873195480235244,0.9179967296934672,2,6,0,0.0,False,False,e78a2b735352b6456a91a807897adc4623f3298e
A,1456,101017,2,2,-3.566716432571411,-2.508263349533081,8.549574851989746,5.469559269278584e-06,1.5762774625984626e-05,0.9999787676661047,2,14,0,0.0,False,False,e78a2b735352b6456a91a807897adc4623f3298e
A,1457,101017,2,2,-3.5469770431518555,-2.8121001720428467,8.899809837341309,3.9302834642498786e-06,8.195526221950997e-06,0.9999878741903139,2,14,0,0.0,False,False,e78a2b735352b6456a91a807897adc4623f3298e
A,1458,101017,2,2,-4.014604091644287,-2.7179317474365234,9.312911033630371,1.629035050675289e-06,5.957555168418945e-06,0.999992413409781,2,14,0,0.0,False,False,e78a2b735352b6456a91a807897adc4623f3298e
A,1459,101017,2,2,-4.13301420211792,-2.6389124393463135,9.358404159545898,1.382764357084251e-06,6.160675407464357e-06,0.9999924565602355,2,14,0,0.0,False,False,e78a2b735352b6456a91a807897adc4623f3298e
A,1460,101017,2,2,-4.269357681274414,-3.8356027603149414,10.742623329162598,3.022589371681632e-07,4.6639782834196234e-07,0.9999992313432344,2,14,0,0.0,False,False,e78a2b735352b6456a91a807897adc4623f3298e
A,1461,101017,2,2,-3.1194205284118652,-3.3578948974609375,8.914976119995117,5.936402417241753e-06,4.676869272364351e-06,0.9999893867283105,2,14,0,0.0,False,False,e78a2b735352b6456a91a807897adc4623f3298e
A,1468,101145,2,2,-2.5054492950439453,-1.7449796199798584,5.933748722076416,0.0002160768183309722,0.0004622489782793781,0.9993216742033896,2,11,0,0.0,False,False,e78a2b735352b6456a91a807897adc4623f3298e
A,1469,101145,2,2,-2.2216362953186035,-2.259871006011963,6.2789788246154785,0.00020326213656586786,0.00019563716574117702,0.999601100697693,2,11,0,0.0,False,False,e78a2b735352b6456a91a807897adc4623f3298e
A,1470,101145,2,2,-2.080230951309204,-2.391491651535034,6.112438678741455,0.0002765417207152046,0.0002025731382774158,0.9995208851410073,2,11,0,0.0,False,False,e78a2b735352b6456a91a807897adc4623f3298e
A,1471,101145,2,2,-1.8497980833053589,-3.60368013381958,7.4399847984313965,9.235310524939777e-05,1.598638272784287e-05,0.9998916605120227,2,11,0,0.0,False,False,e78a2b735352b6456a91a807897adc4623f3298e
A,1480,101724,2,2,-2.2630960941314697,-2.3710577487945557,6.538329601287842,0.0001504753480462346,0.00013507600442436913,0.9997144486475295,2,10,0,0.0,False,False,e78a2b735352b6456a91a807897adc4623f3298e
A,1481,101724,2,2,-3.0336544513702393,-1.4425462484359741,6.321681022644043,8.645845886573334e-05,0.000424440680881119,0.9994891008602531,2,10,0,0.0,False,False,e78a2b735352b6456a91a807897adc4623f3298e
A,1482,101724,2,2,-3.214204788208008,-1.1919053792953491,6.361776351928711,6.933404407205834e-05,0.000523865750904756,0.9994068002050233,2,10,0,0.0,False,False,e78a2b735352b6456a91a807897adc4623f3298e
A,1483,102648,2,2,-3.9839987754821777,0.002458297647535801,5.442423343658447,8.021238884540594e-05,0.004320537308423479,0.9955992503027311,2,16,0,0.0,False,False,e78a2b735352b6456a91a807897adc4623f3298e
A,1484,102648,2,2,-4.141559600830078,0.6160550117492676,4.893617153167725,0.00011749963699214578,0.013684921109698375,0.9861975792533095,2,16,0,0.0,False,False,e78a2b735352b6456a91a807897adc4623f3298e
A,1485,102648,2,2,-3.3088459968566895,-0.29728472232818604,5.159965991973877,0.00020897891731104713,0.004246263281528838,0.9955447578011601,2,16,0,0.0,False,False,e78a2b735352b6456a91a807897adc4623f3298e
A,1486,102648,2,2,-3.6505422592163086,0.754580020904541,4.232177734375,0.00036577209782273634,0.029945451913325823,0.9696887759888514,2,16,0,0.0,False,False,e78a2b735352b6456a91a807897adc4623f3298e
A,1489,103046,2,2,-3.546449661254883,-2.8470191955566406,8.74156379699707,4.60656850963332e-06,9.2712080334953e-06,0.9999861222234568,2,10,0,0.0,False,False,e78a2b735352b6456a91a807897adc4623f3298e
A,1490,103046,2,2,-3.6516940593719482,-4.046199321746826,10.15613842010498,1.0077059306024738e-06,6.792073171851699e-07,0.9999983130867522,2,10,0,0.0,False,False,e78a2b735352b6456a91a807897adc4623f3298e
A,1491,103046,2,2,-3.438671588897705,-2.623748540878296,8.263649940490723,8.274364014409169e-06,1.8691803458877854e-05,0.9999730338325267,2,10,0,0.0,False,False,e78a2b735352b6456a91a807897adc4623f3298e
A,1492,103046,2,2,-2.9000778198242188,-4.782172203063965,10.3184814453125,1.816568350672321e-06,2.766104214217112e-07,0.9999979068212279,2,10,0,0.0,False,False,e78a2b735352b6456a91a807897adc4623f3298e
A,1528,103837,2,2,-2.016284942626953,-2.6619620323181152,6.563000202178955,0.00018790545670079362,9.852022497122113e-05,0.999713574318328,2,19,0,0.0,False,False,e78a2b735352b6456a91a807897adc4623f3298e
A,1529,103837,2,2,-2.235999584197998,-2.659834861755371,6.702751159667969,0.00013117637019674388,8.585909115331898e-05,0.9997829645386499,2,19,0,0.0,False,False,e78a2b735352b6456a91a807897adc4623f3298e
A,1530,103837,2,2,-2.302792549133301,-3.302701234817505,7.648573398590088,4.765937768652404e-05,1.7534506308241726e-05,0.9999348061160053,2,19,0,0.0,False,False,e78a2b735352b6456a91a807897adc4623f3298e
A,1531,103837,2,2,-2.6958625316619873,-2.7273991107940674,7.508969306945801,3.69884568920198e-05,3.584016919528547e-05,0.9999271713739127,2,19,0,0.0,False,False,e78a2b735352b6456a91a807897adc4623f3298e
A,1532,103837,2,2,-2.5741000175476074,-3.014213800430298,7.775869846343994,3.1992071257747724e-05,2.060171482001052e-05,0.9999474062139223,2,19,0,0.0,False,False,e78a2b735352b6456a91a807897adc4623f3298e
A,1538,104558,2,2,-1.715070128440857,-3.2048165798187256,6.913148403167725,0.00017894396623480735,4.0339303541393966e-05,0.9997807167302237,2,23,0,0.0,False,False,e78a2b735352b6456a91a807897adc4623f3298e
A,1539,104558,2,2,-1.9879342317581177,-1.9011869430541992,5.467298984527588,0.0005777081687948829,0.000630060679613032,0.9987922311515921,2,23,0,0.0,False,False,e78a2b735352b6456a91a807897adc4623f3298e
A,1540,104558,2,2,-2.416299819946289,-1.6488145589828491,5.7901177406311035,0.00027266189791865116,0.0005874069317631029,0.9991399311703183,2,23,0,0.0,False,False,e78a2b735352b6456a91a807897adc4623f3298e
A,1541,104558,2,2,-1.0571719408035278,-3.0129706859588623,5.7874627113342285,0.0010638618500160148,0.00015048479905120706,0.9987856533509328,2,23,0,0.0,False,False,e78a2b735352b6456a91a807897adc4623f3298e
A,1542,104558,2,2,-0.6594186425209045,-3.5400664806365967,5.828737735748291,0.0015189107915264018,8.520847786418545e-05,0.9983958807306095,2,23,0,0.0,False,False,e78a2b735352b6456a91a807897adc4623f3298e
A,1543,104558,2,2,0.11818317323923111,-3.48083233833313,4.822001934051514,0.00897704847307892,0.00024552798138466775,0.9907774235455364,2,23,0,0.0,False,False,e78a2b735352b6456a91a807897adc4623f3298e
A,1544,104558,2,2,-2.5363736152648926,-0.8810666799545288,4.944519996643066,0.0005617788588621812,0.0029407361442687734,0.996497484996869,2,23,0,0.0,False,False,e78a2b735352b6456a91a807897adc4623f3298e
A,1589,97481,2,2,-3.011584520339966,-2.0254337787628174,7.247104167938232,3.504709949368556e-05,9.395759826773336e-05,0.9998709953022387,2,13,0,0.0,False,False,e78a2b735352b6456a91a807897adc4623f3298e
A,1590,97481,2,2,-2.432860851287842,-3.032029867172241,7.816357135772705,3.5383221940787895e-05,1.9434867281235527e-05,0.9999451819107781,2,13,0,0.0,False,False,e78a2b735352b6456a91a807897adc4623f3298e
A,1591,97481,2,2,-2.36228084564209,-2.2193310260772705,6.610367298126221,0.00012679724279439963,0.00014628241708145303,0.9997269203401241,2,13,0,0.0,False,False,e78a2b735352b6456a91a807897adc4623f3298e
A,1592,97481,2,2,-2.3322784900665283,-2.5524022579193115,6.996391296386719,8.882611164050348e-05,7.127580214249015e-05,0.999839898086217,2,13,0,0.0,False,False,e78a2b735352b6456a91a807897adc4623f3298e
A,1593,97481,2,2,-2.1469080448150635,-2.8428895473480225,7.002133846282959,0.00010630468391923773,5.3001904403830726e-05,0.9998406934116768,2,13,0,0.0,False,False,e78a2b735352b6456a91a807897adc4623f3298e
A,1594,97599,2,2,-3.9088311195373535,-2.9887421131134033,9.292680740356445,1.847793479011357e-06,4.63706312950975e-06,0.9999935151433915,2,6,0,0.0,False,False,e78a2b735352b6456a91a807897adc4623f3298e
A,1595,97599,2,2,-3.697524309158325,-3.0879173278808594,9.107166290283203,2.7478317755893765e-06,5.055208696226338e-06,0.9999921969595282,2,6,0,0.0,False,False,e78a2b735352b6456a91a807897adc4623f3298e
A,1640,101017,2,2,-3.8992865085601807,-5.345597743988037,12.307229995727539,9.153754532778955e-08,2.155133975325581e-08,0.999999886911115,2,14,0,0.0,False,False,e78a2b735352b6456a91a807897adc4623f3298e
A,1641,101017,2,2,-3.2418928146362305,-6.61489725112915,13.22386360168457,7.063383984422859e-08,2.4217850956564132e-09,0.9999999269443751,2,14,0,0.0,False,False,e78a2b735352b6456a91a807897adc4623f3298e
A,1642,101017,2,2,-3.210219621658325,-5.286201000213623,11.561594009399414,3.8431086654416313e-07,4.8205368514205914e-08,0.9999995674837648,2,14,0,0.0,False,False,e78a2b735352b6456a91a807897adc4623f3298e
A,1643,101017,2,2,-3.2073299884796143,-4.112562656402588,10.081042289733887,1.6940733590395783e-06,6.851641958914184e-07,0.999997620762445,2,14,0,0.0,False,False,e78a2b735352b6456a91a807897adc4623f3298e
A,1651,101145,2,2,-2.745553970336914,-3.5823776721954346,8.494366645812988,1.3138818761190245e-05,5.690211459180762e-06,0.9999811709697797,2,11,0,0.0,False,False,e78a2b735352b6456a91a807897adc4623f3298e
A,1652,101145,2,2,-1.5460426807403564,-4.435359954833984,8.22418212890625,5.712406294717373e-05,3.1769072842559066e-06,0.9999396990297686,2,11,0,0.0,False,False,e78a2b735352b6456a91a807897adc4623f3298e
A,1653,101145,2,2,-2.9290201663970947,-1.8137606382369995,6.768127918243408,6.144322484585931e-05,0.00018742393879488147,0.9997511328363592,2,11,0,0.0,False,False,e78a2b735352b6456a91a807897adc4623f3298e
A,1654,101145,2,2,-1.291894793510437,-5.043167591094971,8.785425186157227,4.2020078784027785e-05,9.869605329258346e-07,0.999956992960683,2,11,0,0.0,False,False,e78a2b735352b6456a91a807897adc4623f3298e
A,1659,101724,2,2,-3.4978013038635254,-2.5587735176086426,8.261159896850586,7.818725344106957e-06,1.999634142461895e-05,0.9999721849332311,2,10,0,0.0,False,False,e78a2b735352b6456a91a807897adc4623f3298e
A,1660,101724,2,2,-2.2645885944366455,-5.252974987030029,10.130929946899414,4.137069434714321e-06,2.083785875166829e-07,0.9999956545519778,2,10,0,0.0,False,False,e78a2b735352b6456a91a807897adc4623f3298e
A,1661,101724,2,2,-2.933988332748413,-4.584165096282959,10.253835678100586,1.8732676533767897e-06,3.5969729466829026e-07,0.9999977670350518,2,10,0,0.0,False,False,e78a2b735352b6456a91a807897adc4623f3298e
A,1662,101724,2,2,-3.043691635131836,-2.387354612350464,7.653800010681152,2.260006411775857e-05,4.356655488182232e-05,0.9999338333810005,2,10,0,0.0,False,False,e78a2b735352b6456a91a807897adc4623f3298e
A,1663,101724,2,2,-3.144294261932373,-3.5841965675354004,9.164762496948242,4.510673075476797e-06,2.9053215639803406e-06,0.9999925840053605,2,10,0,0.0,False,False,e78a2b735352b6456a91a807897adc4623f3298e
A,1664,101724,2,2,-3.3561930656433105,-2.162198543548584,7.5233988761901855,1.8837274782763966e-05,6.216748601430285e-05,0.9999189952392028,2,10,0,0.0,False,False,e78a2b735352b6456a91a807897adc4623f3298e
A,1665,102648,2,2,-2.2306365966796875,1.9258466958999634,1.0772525072097778,0.010849049097480626,0.6926748713167257,0.2964760795857938,1,16,0,0.0,False,False,e78a2b735352b6456a91a807897adc4623f3298e
A,1666,102648,2,2,-3.024117946624756,2.2502095699310303,1.6936184167861938,0.0032449226521767587,0.6336007539379058,0.36315432340991743,1,16,0,0.0,False,False,e78a2b735352b6456a91a807897adc4623f3298e
A,1667,102648,2,2,-3.529125213623047,3.4448273181915283,0.8658410906791687,0.0008692029119646167,0.9286889416574378,0.07044185543059762,1,16,0,0.0,False,False,e78a2b735352b6456a91a807897adc4623f3298e
A,1668,102648,2,2,-2.197594165802002,1.890699028968811,1.2479760646820068,0.010869662601188863,0.6482450937736912,0.3408852436251199,1,16,0,0.0,False,False,e78a2b735352b6456a91a807897adc4623f3298e
A,1669,102648,2,2,-2.302130699157715,2.712847948074341,0.5571937561035156,0.005913567716992554,0.8908962434418926,0.10319018884111494,1,16,0,0.0,False,False,e78a2b735352b6456a91a807897adc4623f3298e
A,1670,102648,2,2,-1.7831348180770874,0.899223268032074,1.8574365377426147,0.018610490971755735,0.2720765712322738,0.7093129377959705,2,16,0,0.0,False,False,e78a2b735352b6456a91a807897adc4623f3298e
A,1671,102648,2,2,-0.8551918268203735,0.29188835620880127,1.3689764738082886,0.07465597648113842,0.2350905511194192,0.6902534723994423,2,16,0,0.0,False,False,e78a2b735352b6456a91a807897adc4623f3298e
A,1673,103046,2,2,-4.052872657775879,-3.622138738632202,10.216854095458984,6.34944422840257e-07,9.767897127123662e-07,0.9999983882658645,2,10,0,0.0,False,False,e78a2b735352b6456a91a807897adc4623f3298e
A,1674,103046,2,2,-3.3653600215911865,-4.402039527893066,10.39453411102295,1.0571905798600455e-06,3.749117878605246e-07,0.9999985678976323,2,10,0,0.0,False,False,e78a2b735352b6456a91a807897adc4623f3298e
A,1675,103046,2,2,-1.3310319185256958,-3.6988167762756348,7.07357931137085,0.00022377801472166226,2.0965321110883523e-05,0.9997552566641674,2,10,0,0.0,False,False,e78a2b735352b6456a91a807897adc4623f3298e
A,1676,103046,2,2,-2.870680809020996,-3.970226287841797,9.491730690002441,4.276322274288003e-06,1.4241111712924462e-06,0.9999942995665545,2,10,0,0.0,False,False,e78a2b735352b6456a91a807897adc4623f3298e
A,1714,103837,2,2,-2.6541078090667725,-2.721191883087158,7.418237209320068,4.222801317440528e-05,3.948811521852251e-05,0.9999182838716071,2,19,0,0.0,False,False,e78a2b735352b6456a91a807897adc4623f3298e
A,1715,103837,2,2,-2.7923166751861572,-3.5995566844940186,8.519012451171875,1.223332445926376e-05,5.457133935410771e-06,0.9999823095416054,2,19,0,0.0,False,False,e78a2b735352b6456a91a807897adc4623f3298e
A,1716,103837,2,2,-1.8627980947494507,-5.328365802764893,9.634223937988281,1.01601991914195e-05,3.1755963211413285e-07,0.9999895222411765,2,19,0,0.0,False,False,e78a2b735352b6456a91a807897adc4623f3298e
A,1717,103837,2,2,-0.45949292182922363,-7.764876365661621,11.051793098449707,1.0016307498321909e-05,6.730075417412587e-09,0.9999899769624263,2,19,0,0.0,False,False,e78a2b735352b6456a91a807897adc4623f3298e
A,1718,103837,2,2,-1.1920679807662964,-6.4416656494140625,10.454160690307617,8.751919860997043e-06,4.594434162981986e-08,0.9999912021357974,2,19,0,0.0,False,False,e78a2b735352b6456a91a807897adc4623f3298e
A,1719,103837,2,2,-1.3798187971115112,-7.4525675773620605,11.721036911010742,2.043477067217211e-06,4.709865259925254e-09,0.9999979518130675,2,19,0,0.0,False,False,e78a2b735352b6456a91a807897adc4623f3298e
A,1720,103837,2,2,-1.5614161491394043,-6.341743469238281,10.514303207397461,5.696121231371488e-06,4.780897657699167e-08,0.9999942560697921,2,19,0,0.0,False,False,e78a2b735352b6456a91a807897adc4623f3298e
A,1725,104558,2,2,-3.965031623840332,0.5611027479171753,4.901745319366455,0.00013916362844841257,0.012858814334909065,0.9870020220366426,2,23,0,0.0,False,False,e78a2b735352b6456a91a807897adc4623f3298e
A,1726,104558,2,2,-2.2498698234558105,-1.7252343893051147,5.509548664093018,0.0004262154460130396,0.0007202370503280877,0.998853547503659,2,23,0,0.0,False,False,e78a2b735352b6456a91a807897adc4623f3298e
A,1727,104558,2,2,-1.9938327074050903,-3.487823724746704,7.620882511138916,6.673393686114162e-05,1.4980099267016789e-05,0.9999182859638719,2,23,0,0.0,False,False,e78a2b735352b6456a91a807897adc4623f3298e
A,1728,104558,2,2,-1.9999252557754517,-4.526550769805908,8.857763290405273,1.9255586316902687e-05,1.5390659445276894e-06,0.9999792053477385,2,23,0,0.0,False,False,e78a2b735352b6456a91a807897adc4623f3298e
A,1729,104558,2,2,-1.7318922281265259,-4.379868030548096,8.282176971435547,4.476351564616203e-05,3.1690048853421402e-06,0.9999520674794685,2,23,0,0.0,False,False,e78a2b735352b6456a91a807897adc4623f3298e
A,1730,104558,2,2,-0.5661425590515137,-4.917007923126221,7.642762660980225,0.00027214353979246244,3.50946738167603e-06,0.999724346992826,2,23,0,0.0,False,False,e78a2b735352b6456a91a807897adc4623f3298e
A,1731,104558,2,2,-0.46640312671661377,-4.267721652984619,6.661758899688721,0.0008015350913676571,1.790733180342901e-05,0.9991805575768289,2,23,0,0.0,False,False,e78a2b735352b6456a91a807897adc4623f3298e
A,1732,104558,2,2,-2.1855578422546387,-2.040837526321411,5.869941234588623,0.0003171350137887397,0.0003665181014476774,0.9993163468847637,2,23,0,0.0,False,False,e78a2b735352b6456a91a807897adc4623f3298e
A,1733,104558,2,2,-1.808953046798706,-0.20799627900123596,3.3958792686462402,0.005316092183012422,0.02635598144850732,0.9683279263684803,2,23,0,0.0,False,False,e78a2b735352b6456a91a807897adc4623f3298e
A,1781,97481,2,2,-4.055525779724121,-4.282039165496826,11.016103744506836,2.847568906324444e-07,2.2703913764351972e-07,0.9999994882039717,2,13,0,0.0,False,False,e78a2b735352b6456a91a807897adc4623f3298e
A,1782,97481,2,2,-3.5500340461730957,-5.042403697967529,11.314254760742188,3.5036539684506175e-07,7.877588712587488e-08,0.999999570858716,2,13,0,0.0,False,False,e78a2b735352b6456a91a807897adc4623f3298e
A,1783,97481,2,2,-3.4663329124450684,-6.160898208618164,13.047940254211426,6.728871889498728e-08,4.546816429668077e-09,0.9999999281644647,2,13,0,0.0,False,False,e78a2b735352b6456a91a807897adc4623f3298e
A,1784,97481,2,2,-3.7324161529541016,-5.380810260772705,12.607040405273438,8.014273105360712e-08,1.541614096808382e-08,0.9999999044411279,2,13,0,0.0,False,False,e78a2b735352b6456a91a807897adc4623f3298e
A,1785,97481,2,2,-4.898566246032715,-3.3472721576690674,11.275089263916016,9.459548864145054e-08,4.4626095173899584e-07,0.9999994591435596,2,13,0,0.0,False,False,e78a2b735352b6456a91a807897adc4623f3298e
A,1786,97599,2,2,-0.8545918464660645,-5.097014427185059,8.167399406433105,0.00012071070943926481,1.7349424992328515e-06,0.9998775543480615,2,6,0,0.0,False,False,e78a2b735352b6456a91a807897adc4623f3298e
A,1787,97599,2,2,-1.9083325862884521,-3.8403515815734863,8.09915828704834,4.505879071807566e-05,6.5270109820592616e-06,0.9999484141982998,2,6,0,0.0,False,False,e78a2b735352b6456a91a807897adc4623f3298e
A,1788,97599,2,2,-1.3650461435317993,-4.888205051422119,8.436357498168945,5.537066330164954e-05,1.63377126561252e-06,0.9999429955654328,2,6,0,0.0,False,False,e78a2b735352b6456a91a807897adc4623f3298e
A,1870,MR048994,2,1,-3.8865909576416016,8.322700500488281,-4.593446254730225,4.983894721120955e-06,0.9999925580847554,2.458020523547478e-06,1,25,0,0.0,False,False,e78a2b735352b6456a91a807897adc4623f3298e
A,1871,MR048994,2,1,-3.7228128910064697,8.826423645019531,-5.296855449676514,3.547594397394151e-06,0.999995717323307,7.350822954653032e-07,1,25,0,0.0,False,False,e78a2b735352b6456a91a807897adc4623f3298e
A,1872,MR048994,2,1,-3.2219836711883545,8.40979290008545,-5.514932155609131,8.879313192270593e-06,0.9999902241574805,8.965293270712746e-07,1,25,0,0.0,False,False,e78a2b735352b6456a91a807897adc4623f3298e
A,1873,MR048994,2,1,-3.7254581451416016,8.983902931213379,-5.50072717666626,3.0226863224731217e-06,0.9999964651561779,5.121574996384994e-07,1,25,0,0.0,False,False,e78a2b735352b6456a91a807897adc4623f3298e
A,1874,MR048994,2,1,-3.9174113273620605,8.628518104553223,-4.805261135101318,3.559343443534146e-06,0.9999949758454536,1.4648111028809742e-06,1,25,0,0.0,False,False,e78a2b735352b6456a91a807897adc4623f3298e
A,1875,MR048994,2,1,-3.110348701477051,8.519962310791016,-5.530783653259277,8.892336718259099e-06,0.9999903172861686,7.903771132732229e-07,1,25,0,0.0,False,False,e78a2b735352b6456a91a807897adc4623f3298e
A,1876,MR048994,2,1,-3.873661518096924,8.36959171295166,-4.634556770324707,4.817476573285614e-06,0.9999929315674463,2.2509559805627197e-06,1,25,0,0.0,False,False,e78a2b735352b6456a91a807897adc4623f3298e
A,1877,MR048994,2,1,-3.2087957859039307,7.554190158843994,-4.509920597076416,2.116814976038141e-05,0.9999730693418107,5.762508428816477e-06,1,25,0,0.0,False,False,e78a2b735352b6456a91a807897adc4623f3298e
A,1878,MR048994,2,1,-2.28962779045105,6.811341762542725,-4.728860378265381,0.00011154406602490594,0.9998787261943484,9.729739626721691e-06,1,25,0,0.0,False,False,e78a2b735352b6456a91a807897adc4623f3298e
A,1914,MR049453,2,1,-3.7009716033935547,5.60261344909668,-1.720214605331421,9.102865966821005e-05,0.9992491748784275,0.000659796461904412,1,24,0,0.0,False,False,e78a2b735352b6456a91a807897adc4623f3298e
A,1915,MR049453,2,1,-3.485275983810425,5.751560688018799,-2.1964333057403564,9.734128760330599e-05,0.9995494476070654,0.000353211105331157,1,24,0,0.0,False,False,e78a2b735352b6456a91a807897adc4623f3298e
A,1916,MR049453,2,1,-3.8335819244384766,6.23825216293335,-2.52950382232666,4.224468574081905e-05,0.9998021135993139,0.0001556417149451503,1,24,0,0.0,False,False,e78a2b735352b6456a91a807897adc4623f3298e
A,1917,MR049453,2,1,-3.97756290435791,7.372063159942627,-3.4191508293151855,1.1773510566949852e-05,0.9999676476318917,2.0578857541431144e-05,1,24,0,0.0,False,False,e78a2b735352b6456a91a807897adc4623f3298e
A,1918,MR049453,2,1,-3.983203887939453,8.053468704223633,-4.112546920776367,5.9229038186524015e-06,0.9999888728034738,5.204292707500843e-06,1,24,0,0.0,False,False,e78a2b735352b6456a91a807897adc4623f3298e
A,1919,MR049453,2,1,-4.1460161209106445,8.09126091003418,-3.9256675243377686,4.846334468996155e-06,0.999989112655412,6.0410101188759785e-06,1,24,0,0.0,False,False,e78a2b735352b6456a91a807897adc4623f3298e
A,1920,MR049453,2,1,-3.6157119274139404,7.092054843902588,-3.563932180404663,2.2369487337321013e-05,0.9999540722266835,2.355828597918618e-05,1,24,0,0.0,False,False,e78a2b735352b6456a91a807897adc4623f3298e
A,1950,MR050135B,2,1,-3.204713821411133,5.903634548187256,-2.552431583404541,0.0001107016667847377,0.9996767602612768,0.00021253807193852848,1,33,0,0.0,False,False,e78a2b735352b6456a91a807897adc4623f3298e
A,1951,MR050135B,2,1,-4.356809616088867,6.0927910804748535,-1.3582295179367065,2.8942185565441057e-05,0.9993905633082947,0.0005804945061397689,1,33,0,0.0,False,False,e78a2b735352b6456a91a807897adc4623f3298e
A,1952,MR050135B,2,1,-4.494781494140625,7.77493143081665,-3.058255910873413,4.691597805827426e-06,0.9999755752753093,1.9733126884859718e-05,1,33,0,0.0,False,False,e78a2b735352b6456a91a807897adc4623f3298e
A,1953,MR050135B,2,1,-3.6469366550445557,6.936468124389648,-3.176398277282715,2.533127740753495e-05,0.9999341169995636,4.0551723028800675e-05,1,33,0,0.0,False,False,e78a2b735352b6456a91a807897adc4623f3298e
A,1954,MR050135B,2,1,-3.4720382690429688,7.037391662597656,-3.458043098449707,2.727650441220954e-05,0.9999450625680842,2.766092750345844e-05,1,33,0,0.0,False,False,e78a2b735352b6456a91a807897adc4623f3298e
A,1955,MR050135B,2,1,-3.157215118408203,6.498113632202148,-3.3048758506774902,6.407552368583562e-05,0.9998806449996197,5.527947669443797e-05,1,33,0,0.0,False,False,e78a2b735352b6456a91a807897adc4623f3298e
A,1956,MR050135B,2,1,-4.592501163482666,7.061384677886963,-2.162324905395508,8.684304927754882e-06,0.9998926543111167,9.866138395549336e-05,1,33,0,0.0,False,False,e78a2b735352b6456a91a807897adc4623f3298e
A,1957,MR050135B,2,1,-4.893185138702393,7.016757965087891,-1.7095099687576294,6.722085699379309e-06,0.9998310384127249,0.00016223950157564344,1,33,0,0.0,False,False,e78a2b735352b6456a91a807897adc4623f3298e
A,1958,MR050135B,2,1,-4.29240608215332,7.124011516571045,-2.687150001525879,1.1012457280904773e-05,0.9999341550367488,5.4832505970315395e-05,1,33,0,0.0,False,False,e78a2b735352b6456a91a807897adc4623f3298e
A,1959,MR050135B,2,1,-4.0224690437316895,6.147780895233154,-1.920371651649475,3.8279290288167585e-05,0.9996484691983701,0.000313251511341673,1,33,0,0.0,False,False,e78a2b735352b6456a91a807897adc4623f3298e
A,1960,MR050135B,2,1,-4.182374954223633,7.326690196990967,-2.8974785804748535,1.0038212759524338e-05,0.9999536807410944,3.6281046145974575e-05,1,33,0,0.0,False,False,e78a2b735352b6456a91a807897adc4623f3298e
A,1961,MR050135B,2,1,-4.457289218902588,8.07809066772461,-3.4687070846557617,3.5970620223549076e-06,0.9999867361166402,9.666821337414776e-06,1,33,0,0.0,False,False,e78a2b735352b6456a91a807897adc4623f3298e
A,1962,MR050135B,2,1,-3.96185302734375,7.0869550704956055,-2.974973678588867,1.5905164727118753e-05,0.9999414236774646,4.267115780819895e-05,1,33,0,0.0,False,False,e78a2b735352b6456a91a807897adc4623f3298e
A,1963,MR050135B,2,1,-4.191651344299316,7.511215686798096,-3.1014466285705566,8.2698027280575e-06,0.9999671285015941,2.4601695677856878e-05,1,33,0,0.0,False,False,e78a2b735352b6456a91a807897adc4623f3298e
A,1998,MR051461,2,1,-3.2828898429870605,7.6386494636535645,-4.541269779205322,1.8064488579745003e-05,0.9999768031384579,5.132372962259893e-06,1,22,0,0.0,False,False,e78a2b735352b6456a91a807897adc4623f3298e
A,1999,MR051461,2,1,-2.8301353454589844,7.1926960945129395,-4.5356831550598145,4.4372800593827494e-05,0.9999475658668463,8.061332560046763e-06,1,22,0,0.0,False,False,e78a2b735352b6456a91a807897adc4623f3298e
A,2000,MR051461,2,1,-2.426060438156128,7.206451892852783,-4.982109546661377,6.555749730258908e-05,0.9999293545350344,5.087967663073614e-06,1,22,0,0.0,False,False,e78a2b735352b6456a91a807897adc4623f3298e
A,2001,MR051461,2,1,-2.5671324729919434,5.983414173126221,-3.526907444000244,0.00019338759225348456,0.9997325490099002,7.406339784638185e-05,1,22,0,0.0,False,False,e78a2b735352b6456a91a807897adc4623f3298e
A,2002,MR051461,2,1,-2.9082083702087402,6.427880764007568,-3.5531294345855713,8.817178191138374e-05,0.9998655641351087,4.626408297978696e-05,1,22,0,0.0,False,False,e78a2b735352b6456a91a807897adc4623f3298e
A,2003,MR051461,2,1,-3.1688179969787598,6.746992588043213,-3.578640937805176,4.938357143174653e-05,0.9999178372056866,3.277922288163434e-05,1,22,0,0.0,False,False,e78a2b735352b6456a91a807897adc4623f3298e
A,2004,MR051461,2,1,-2.9744057655334473,6.937605381011963,-3.9899754524230957,4.9572283739435944e-05,0.9999324728317576,1.7954884503089913e-05,1,22,0,0.0,False,False,e78a2b735352b6456a91a807897adc4623f3298e
A,2093,MR034694,2,1,-4.256247520446777,5.725989818572998,-1.1463712453842163,4.616359786638308e-05,0.9989189283765255,0.0010349080256082106,1,14,0,0.0,False,False,e78a2b735352b6456a91a807897adc4623f3298e
A,2094,MR034694,2,1,-4.225455284118652,6.564589977264404,-2.2405762672424316,2.060007571298489e-05,0.9998294691372205,0.00014993078706646858,1,14,0,0.0,False,False,e78a2b735352b6456a91a807897adc4623f3298e
A,2095,MR034694,2,1,-4.734854221343994,7.992623805999756,-2.977694034576416,2.968368150450273e-06,0.9999798271048937,1.7204526955717715e-05,1,14,0,0.0,False,False,e78a2b735352b6456a91a807897adc4623f3298e
A,2096,MR034694,2,1,-4.780238151550293,7.739757537841797,-2.6273913383483887,3.6527480235524574e-06,0.9999648995289513,3.144772302508072e-05,1,14,0,0.0,False,False,e78a2b735352b6456a91a807897adc4623f3298e
A,2141,MR031409B,2,1,-2.698852062225342,6.620693683624268,-4.060777187347412,8.964453126645989e-05,0.9998873914848121,2.2963983921329333e-05,1,6,0,0.0,False,False,e78a2b735352b6456a91a807897adc4623f3298e
A,2142,MR031409B,2,1,-2.4433937072753906,6.85645055770874,-4.462464332580566,9.142900036525516e-05,0.9998964311658564,1.2139833778386582e-05,1,6,0,0.0,False,False,e78a2b735352b6456a91a807897adc4623f3298e
A,2143,MR031409B,2,1,-2.0296225547790527,7.025485515594482,-5.0786590576171875,0.00011677863867705029,0.9998776855194041,5.535841918874053e-06,1,6,0,0.0,False,False,e78a2b735352b6456a91a807897adc4623f3298e
A,2153,MR032322C,2,1,-4.02449369430542,8.551064491271973,-4.495894432067871,3.4554294938819673e-06,0.9999943879422218,2.1566282841779357e-06,1,37,0,0.0,False,False,e78a2b735352b6456a91a807897adc4623f3298e
A,2154,MR032322C,2,1,-3.8769001960754395,6.593089580535889,-2.5333685874938965,2.837145872376336e-05,0.9998628933733363,0.00010873516793991296,1,37,0,0.0,False,False,e78a2b735352b6456a91a807897adc4623f3298e
A,2155,MR032322C,2,1,-4.346441268920898,7.608434677124023,-3.2641658782958984,6.427651390603844e-06,0.9999746018587952,1.897048981425954e-05,1,37,0,0.0,False,False,e78a2b735352b6456a91a807897adc4623f3298e
A,2156,MR032322C,2,1,-4.139698505401611,7.438456058502197,-3.2076406478881836,9.368217398701576e-06,0.9999668390378917,2.379274470944276e-05,1,37,0,0.0,False,False,e78a2b735352b6456a91a807897adc4623f3298e
A,2157,MR032322C,2,1,-4.256162643432617,7.265076160430908,-2.9069771766662598,9.916733812328838e-06,0.9999518613497028,3.8221916484689374e-05,1,37,0,0.0,False,False,e78a2b735352b6456a91a807897adc4623f3298e
A,2158,MR032322C,2,1,-4.488137245178223,6.394261837005615,-1.56181800365448,1.8779056509875258e-05,0.999630825808449,0.0003503951350412166,1,37,0,0.0,False,False,e78a2b735352b6456a91a807897adc4623f3298e
A,2159,MR032322C,2,1,-4.959845542907715,6.5968780517578125,-1.1067641973495483,9.567063528644784e-06,0.99953945984994,0.00045097308653153185,1,37,0,0.0,False,False,e78a2b735352b6456a91a807897adc4623f3298e
A,2160,MR032322C,2,1,-4.963901042938232,6.821472644805908,-1.5786675214767456,7.613358839388946e-06,0.9997676030847381,0.00022478355642264246,1,37,0,0.0,False,False,e78a2b735352b6456a91a807897adc4623f3298e
A,2161,MR032322C,2,1,-5.1351213455200195,7.7610907554626465,-2.334773302078247,2.507420914056802e-06,0.9999562445742484,4.124800483771238e-05,1,37,0,0.0,False,False,e78a2b735352b6456a91a807897adc4623f3298e
A,2162,MR032322C,2,1,-4.436887741088867,6.928520679473877,-2.302927017211914,1.1588261458025201e-05,0.999890511071173,9.790066736883921e-05,1,37,0,0.0,False,False,e78a2b735352b6456a91a807897adc4623f3298e
A,2163,MR032322C,2,1,-4.071372032165527,7.1893534660339355,-2.8833181858062744,1.28678245550187e-05,0.9999449168287186,4.221534672648224e-05,1,37,0,0.0,False,False,e78a2b735352b6456a91a807897adc4623f3298e
A,2164,MR032322C,2,1,-4.668499946594238,7.839969158172607,-2.8659543991088867,3.6951285591441256e-06,0.9999738936700936,2.2411201347124997e-05,1,37,0,0.0,False,False,e78a2b735352b6456a91a807897adc4623f3298e
A,2165,MR032322C,2,1,-4.552711009979248,7.511291027069092,-2.7793049812316895,5.763061290334871e-06,0.9999602874146077,3.394952410190549e-05,1,37,0,0.0,False,False,e78a2b735352b6456a91a807897adc4623f3298e
A,2166,MR037458B,2,1,-1.3071388006210327,1.2920976877212524,0.6652959585189819,0.046207264167083616,0.6216476835654426,0.3321450522674738,1,20,0,0.0,False,False,e78a2b735352b6456a91a807897adc4623f3298e
A,2167,MR037458B,2,1,-1.8420377969741821,2.707212209701538,-0.6519721150398254,0.010116464956571064,0.9566277089642821,0.03325582607914694,1,20,0,0.0,False,False,e78a2b735352b6456a91a807897adc4623f3298e
A,2168,MR037458B,2,1,0.7253602743148804,0.11403990536928177,-0.6778579950332642,0.5591469742650139,0.30341211387752914,0.13744091185745688,0,20,0,0.0,False,False,e78a2b735352b6456a91a807897adc4623f3298e
A,2169,MR037458B,2,1,1.4246069192886353,-0.3707355260848999,-0.8448726534843445,0.7877510800733452,0.13082227286239048,0.08142664706426431,0,20,0,0.0,False,False,e78a2b735352b6456a91a807897adc4623f3298e
A,2170,MR037458B,2,1,2.240255117416382,-0.36849430203437805,-1.767257571220398,0.9159143738092078,0.0674356265759516,0.016649999614840465,0,20,0,0.0,False,False,e78a2b735352b6456a91a807897adc4623f3298e
A,2171,MR037458B,2,1,3.3558497428894043,0.35021066665649414,-3.957996368408203,0.9522237401963393,0.04714184107224405,0.0006344187314166038,0,20,0,0.0,False,False,e78a2b735352b6456a91a807897adc4623f3298e
A,2172,MR037458B,2,1,1.8727660179138184,1.6370619535446167,-3.6976847648620605,0.5574685411000072,0.44040819327967745,0.0021232656203153217,0,20,0,0.0,False,False,e78a2b735352b6456a91a807897adc4623f3298e
A,2173,MR037458B,2,1,-0.39414769411087036,3.8917391300201416,-3.742161750793457,0.013568131648498792,0.9859548929100341,0.0004769754414670875,1,20,0,0.0,False,False,e78a2b735352b6456a91a807897adc4623f3298e
A,2179,MR039473B,2,1,-4.236576080322266,3.708094596862793,1.0408300161361694,0.00033141503426954575,0.9347572483041251,0.0649113366616053,1,22,0,0.0,False,False,e78a2b735352b6456a91a807897adc4623f3298e
A,2180,MR039473B,2,1,-4.535187721252441,6.019791603088379,-1.206821322441101,2.604376714772826e-05,0.9992475242370369,0.0007264319958154763,1,22,0,0.0,False,False,e78a2b735352b6456a91a807897adc4623f3298e
A,2181,MR039473B,2,1,-4.615419387817383,5.175915718078613,-0.12773697078227997,5.565426576822498e-05,0.9949958389745799,0.00494850675965191,1,22,0,0.0,False,False,e78a2b735352b6456a91a807897adc4623f3298e
A,2182,MR039473B,2,1,-4.555942535400391,5.791732311248779,-0.9454208612442017,3.202825130417714e-05,0.9987833959179816,0.001184575830714017,1,22,0,0.0,False,False,e78a2b735352b6456a91a807897adc4623f3298e
A,2183,MR039473B,2,1,-4.965443134307861,7.3332695960998535,-2.096395492553711,4.557220815591928e-06,0.9999151435028238,8.029927636056282e-05,1,22,0,0.0,False,False,e78a2b735352b6456a91a807897adc4623f3298e
A,2184,MR039473B,2,1,-4.0817975997924805,6.116899013519287,-1.838607668876648,3.7204364348085134e-05,0.9996122061415701,0.00035058949408176975,1,22,0,0.0,False,False,e78a2b735352b6456a91a807897adc4623f3298e
A,2185,MR039473B,2,1,-3.910977840423584,6.574329376220703,-2.4107038974761963,2.7939742519219915e-05,0.999846808711726,0.0001252515457547509,1,22,0,0.0,False,False,e78a2b735352b6456a91a807897adc4623f3298e
A,2242,MR048994,2,1,-2.896860122680664,8.076255798339844,-5.226221084594727,1.71564776865597e-05,0.9999811732029427,1.6703193706509978e-06,1,25,0,0.0,False,False,e78a2b735352b6456a91a807897adc4623f3298e
A,2243,MR048994,2,1,-2.617123603820801,8.193788528442383,-5.667205810546875,2.0177685029763363e-05,0.9999788668000635,9.555149067318742e-07,1,25,0,0.0,False,False,e78a2b735352b6456a91a807897adc4623f3298e
A,2270,MR049453,2,1,-2.5278186798095703,7.5690436363220215,-4.906752586364746,4.120679690789074e-05,0.9999549754222987,3.817780793465815e-06,1,24,0,0.0,False,False,e78a2b735352b6456a91a807897adc4623f3298e
A,2271,MR049453,2,1,-3.053093910217285,7.0069050788879395,-3.9097259044647217,4.2753482789862507e-05,0.9999390938288895,1.8152688320700505e-05,1,24,0,0.0,False,False,e78a2b735352b6456a91a807897adc4623f3298e
A,2272,MR049453,2,1,-3.3041117191314697,6.928256988525391,-3.6183574199676514,3.598418669591542e-05,0.9999377351381871,2.628067511702306e-05,1,24,0,0.0,False,False,e78a2b735352b6456a91a807897adc4623f3298e
A,2273,MR049453,2,1,-2.79420804977417,6.76744270324707,-4.12762451171875,7.037027070549267e-05,0.9999110818692499,1.854786004446171e-05,1,24,0,0.0,False,False,e78a2b735352b6456a91a807897adc4623f3298e
A,2274,MR049453,2,1,-3.1012685298919678,7.587108135223389,-4.514730930328369,2.2807867345138616e-05,0.9999716429916883,5.549140966690837e-06,1,24,0,0.0,False,False,e78a2b735352b6456a91a807897adc4623f3298e
A,2275,MR049453,2,1,-2.8706717491149902,6.983245849609375,-4.01185941696167,5.2537312793723914e-05,0.9999306801990822,1.6782488124015986e-05,1,24,0,0.0,False,False,e78a2b735352b6456a91a807897adc4623f3298e
A,2276,MR049453,2,1,-2.585557222366333,6.477506160736084,-3.937265396118164,0.00011585058862161674,0.9998541675326129,2.998187876556742e-05,1,24,0,0.0,False,False,e78a2b735352b6456a91a807897adc4623f3298e
A,2277,MR049453,2,1,-2.59489107131958,6.507357120513916,-3.7816002368927,0.00011139884452223187,0.9998545995484326,3.400160704519893e-05,1,24,0,0.0,False,False,e78a2b735352b6456a91a807897adc4623f3298e
A,2278,MR049453,2,1,-2.651426315307617,7.233119487762451,-4.502610683441162,5.095310998805079e-05,0.9999410446505947,8.00223941732627e-06,1,24,0,0.0,False,False,e78a2b735352b6456a91a807897adc4623f3298e
A,2300,MR050135B,2,1,-1.0002663135528564,5.543562412261963,-4.392677307128906,0.0014368314406610224,0.9985148515051977,4.831705414145249e-05,1,33,0,0.0,False,False,e78a2b735352b6456a91a807897adc4623f3298e
A,2301,MR050135B,2,1,-2.3545444011688232,6.9216790199279785,-4.380519866943359,9.36141149347465e-05,0.9998940414457115,1.2344439353785211e-05,1,33,0,0.0,False,False,e78a2b735352b6456a91a807897adc4623f3298e
A,2302,MR050135B,2,1,-2.0967488288879395,6.476480007171631,-4.150848388671875,0.00018906075137520515,0.9997867001048084,2.4239143816453822e-05,1,33,0,0.0,False,False,e78a2b735352b6456a91a807897adc4623f3298e
A,2303,MR050135B,2,1,-3.1854257583618164,6.777358531951904,-3.317404270172119,4.7117187755029585e-05,0.9999115912017701,4.129161047501011e-05,1,33,0,0.0,False,False,e78a2b735352b6456a91a807897adc4623f3298e
A,2304,MR050135B,2,1,-3.6288962364196777,5.825669765472412,-1.9885791540145874,7.829332913563348e-05,0.9995179632878644,0.0004037433830000064,1,33,0,0.0,False,False,e78a2b735352b6456a91a807897adc4623f3298e
A,2305,MR050135B,2,1,-3.6101863384246826,6.065308094024658,-2.327129364013672,6.278566538403204e-05,0.9997107055420118,0.00022650879260420378,1,33,0,0.0,False,False,e78a2b735352b6456a91a807897adc4623f3298e
A,2306,MR050135B,2,1,-3.518925905227661,6.421633243560791,-2.665616989135742,4.8172587884475806e-05,0.9998387470133435,0.00011308039877201223,1,33,0,0.0,False,False,e78a2b735352b6456a91a807897adc4623f3298e
A,2307,MR050135B,2,1,-3.923168420791626,6.788727760314941,-2.487863063812256,2.2275747165949705e-05,0.9998841454518538,9.357880098016814e-05,1,33,0,0.0,False,False,e78a2b735352b6456a91a807897adc4623f3298e
A,2308,MR050135B,2,1,-3.493605852127075,5.28343391418457,-1.4361776113510132,0.0001540243144990283,0.9986406094651146,0.0012053662203863143,1,33,0,0.0,False,False,e78a2b735352b6456a91a807897adc4623f3298e
A,2309,MR050135B,2,1,-2.9020755290985107,6.033925533294678,-2.8542308807373047,0.00013153065626297634,0.999730492675477,0.00013797666826009523,1,33,0,0.0,False,False,e78a2b735352b6456a91a807897adc4623f3298e
A,2310,MR050135B,2,1,-2.719825267791748,6.562778949737549,-3.606107473373413,9.301632129237461e-05,0.9998686437158083,3.833996289930592e-05,1,33,0,0.0,False,False,e78a2b735352b6456a91a807897adc4623f3298e
A,2333,MR051461,2,1,-2.0903642177581787,6.480799674987793,-4.406890392303467,0.00018945253307500466,0.999791864498424,1.8682968501059107e-05,1,22,0,0.0,False,False,e78a2b735352b6456a91a807897adc4623f3298e
A,2334,MR051461,2,1,-2.3039960861206055,6.332866191864014,-4.092722415924072,0.00017740605389869192,0.9997929364514209,2.965749468044952e-05,1,22,0,0.0,False,False,e78a2b735352b6456a91a807897adc4623f3298e
A,2335,MR051461,2,1,-2.5229597091674805,5.553194522857666,-3.1426076889038086,0.0003107156823549221,0.9995220776948881,0.00016720662275693284,1,22,0,0.0,False,False,e78a2b735352b6456a91a807897adc4623f3298e
A,2336,MR051461,2,1,-2.737961530685425,5.285464286804199,-2.446436882019043,0.00032744455040836085,0.9992342818474952,0.00043827360209637654,1,22,0,0.0,False,False,e78a2b735352b6456a91a807897adc4623f3298e
A,2337,MR051461,2,1,-2.594592571258545,5.294561386108398,-2.6484718322753906,0.0003745131637971301,0.9992706181966218,0.00035486863958114834,1,22,0,0.0,False,False,e78a2b735352b6456a91a807897adc4623f3298e
A,2338,MR051461,2,1,-2.610851764678955,5.982044696807861,-3.3071422576904297,0.00018536675065988623,0.9997222407494222,9.239249991786846e-05,1,22,0,0.0,False,False,e78a2b735352b6456a91a807897adc4623f3298e
A,2339,MR051461,2,1,-2.8125948905944824,7.143493175506592,-4.245502948760986,4.743516049365223e-05,0.9999412461456986,1.1318693807828566e-05,1,22,0,0.0,False,False,e78a2b735352b6456a91a807897adc4623f3298e
A,2340,MR051461,2,1,-2.4212217330932617,7.035922527313232,-4.434343338012695,7.812247099460385e-05,0.9999114426271898,1.043490181561578e-05,1,22,0,0.0,False,False,e78a2b735352b6456a91a807897adc4623f3298e
A,2341,MR051461,2,1,-3.4165492057800293,7.413792610168457,-3.8029208183288574,1.9789183591466685e-05,0.9999667637107177,1.3447105690925513e-05,1,22,0,0.0,False,False,e78a2b735352b6456a91a807897adc4623f3298e
A,2350,MR026175E,2,1,-3.005366325378418,5.138554573059082,-1.8457964658737183,0.0002901429228562166,0.9987847185378419,0.0009251385393019097,1,21,0,0.0,False,False,e78a2b735352b6456a91a807897adc4623f3298e
A,2351,MR026175E,2,1,-4.2660393714904785,7.071582794189453,-2.8106844425201416,1.1915325227797227e-05,0.9999370155381466,5.1069136625521655e-05,1,21,0,0.0,False,False,e78a2b735352b6456a91a807897adc4623f3298e
A,2352,MR026175E,2,1,-3.6451714038848877,7.034234523773193,-3.4088997840881348,2.301284342630363e-05,0.9999478409698173,2.9146186756535e-05,1,21,0,0.0,False,False,e78a2b735352b6456a91a807897adc4623f3298e
A,2353,MR026175E,2,1,-3.5659966468811035,6.763296127319336,-3.0862879753112793,3.2659388236807584e-05,0.9999145759845178,5.276462724541634e-05,1,21,0,0.0,False,False,e78a2b735352b6456a91a807897adc4623f3298e
A,2354,MR026175E,2,1,-3.587484836578369,6.76608419418335,-3.1905159950256348,3.1876282497223386e-05,0.9999207138169444,4.7409900558335294e-05,1,21,0,0.0,False,False,e78a2b735352b6456a91a807897adc4623f3298e
A,2355,MR026175E,2,1,-3.906236410140991,6.804044246673584,-2.9676730632781982,2.2312577828397552e-05,0.9999206496399352,5.703778223653617e-05,1,21,0,0.0,False,False,e78a2b735352b6456a91a807897adc4623f3298e
A,2356,MR026175E,2,1,-4.448080539703369,7.105806827545166,-2.4395604133605957,9.5978782983906e-06,0.9999188760380274,7.152608367416023e-05,1,21,0,0.0,False,False,e78a2b735352b6456a91a807897adc4623f3298e
A,2357,MR026175E,2,1,-3.925271987915039,7.466923236846924,-3.3076906204223633,1.1282841569314105e-05,0.9999677938349238,2.0923323506691107e-05,1,21,0,0.0,False,False,e78a2b735352b6456a91a807897adc4623f3298e
A,2358,MR026175E,2,1,-3.891193151473999,7.648634433746338,-3.6873626708984375,9.734354241758635e-06,0.9999783304485456,1.1935197212495634e-05,1,21,0,0.0,False,False,e78a2b735352b6456a91a807897adc4623f3298e
A,2359,MR026175E,2,1,-4.118277549743652,6.945693492889404,-2.750648260116577,1.5665523518582594e-05,0.999922831127205,6.150334927636142e-05,1,21,0,0.0,False,False,e78a2b735352b6456a91a807897adc4623f3298e
A,2360,MR026175E,2,1,-4.487923622131348,7.84413480758667,-3.323615550994873,4.408055215211834e-06,0.9999814698345771,1.4122110207832651e-05,1,21,0,0.0,False,False,e78a2b735352b6456a91a807897adc4623f3298e
A,2361,MR026175E,2,1,-3.857088327407837,7.039966583251953,-3.1601004600524902,1.851164453416073e-05,0.9999443225981273,3.7165757338643194e-05,1,21,0,0.0,False,False,e78a2b735352b6456a91a807897adc4623f3298e
A,2362,MR040240C,2,1,-3.7719168663024902,5.695915699005127,-1.7340677976608276,7.724697228368725e-05,0.9993299531961124,0.0005927998316038433,1,30,0,0.0,False,False,e78a2b735352b6456a91a807897adc4623f3298e
A,2363,MR040240C,2,1,-3.186234474182129,5.17624044418335,-2.042729139328003,0.00023324049373842575,0.9990349096210562,0.0007318498852052798,1,30,0,0.0,False,False,e78a2b735352b6456a91a807897adc4623f3298e
A,2364,MR040240C,2,1,-3.162010908126831,5.3848958015441895,-2.198446750640869,0.00019400832937637688,0.9992974916527914,0.0005085000178324726,1,30,0,0.0,False,False,e78a2b735352b6456a91a807897adc4623f3298e
A,2365,MR040240C,2,1,-4.173858642578125,5.8000264167785645,-1.3650890588760376,4.656299577073921e-05,0.9991809804805121,0.0007724565237172506,1,30,0,0.0,False,False,e78a2b735352b6456a91a807897adc4623f3298e
A,2366,MR040240C,2,1,-4.2602643966674805,5.736470699310303,-1.2498635053634644,4.550426030344809e-05,0.9990309624503558,0.0009235332893406091,1,30,0,0.0,False,False,e78a2b735352b6456a91a807897adc4623f3298e
A,2367,MR040240C,2,1,-4.170158386230469,6.459235191345215,-2.1142678260803223,2.418913969688947e-05,0.9997868019195093,0.00018900894079384618,1,30,0,0.0,False,False,e78a2b735352b6456a91a807897adc4623f3298e
A,2368,MR040240C,2,1,-3.850215435028076,6.265634059906006,-2.2625250816345215,4.0423966489699716e-05,0.9997618043617379,0.0001977716717723937,1,30,0,0.0,False,False,e78a2b735352b6456a91a807897adc4623f3298e
A,2369,MR040240C,2,1,-3.366429328918457,6.45959997177124,-2.9854135513305664,5.401966550830258e-05,0.9998669079308969,7.907240359476807e-05,1,30,0,0.0,False,False,e78a2b735352b6456a91a807897adc4623f3298e
A,2370,MR040240C,2,1,-3.310764789581299,6.324617862701416,-3.018458843231201,6.536421736030526e-05,0.999847079578523,8.755620411654211e-05,1,30,0,0.0,False,False,e78a2b735352b6456a91a807897adc4623f3298e
A,2371,MR040240C,2,1,-2.8023416996002197,5.887052059173584,-3.1521358489990234,0.00016831375234633404,0.9997130531328545,0.00011863311479899468,1,30,0,0.0,False,False,e78a2b735352b6456a91a807897adc4623f3298e
A,2372,MR040240C,2,1,-3.243345260620117,6.535134792327881,-3.437572479248047,5.665199462210703e-05,0.9998966967434549,4.665126192300003e-05,1,30,0,0.0,False,False,e78a2b735352b6456a91a807897adc4623f3298e
A,2384,MR017260F,2,1,-3.6760599613189697,8.15243911743164,-4.559525966644287,7.293628586871547e-06,0.999989691566371,3.0148050419991714e-06,1,22,0,0.0,False,False,e78a2b735352b6456a91a807897adc4623f3298e
A,2385,MR017260F,2,1,-3.5068068504333496,6.9533305168151855,-3.5239975452423096,2.8654668181179173e-05,0.9999431790474376,2.816628438125688e-05,1,22,0,0.0,False,False,e78a2b735352b6456a91a807897adc4623f3298e
A,2386,MR017260F,2,1,-3.302596092224121,6.386157512664795,-3.014920234680176,6.196764239588868e-05,0.9998554093479056,8.262300969853219e-05,1,22,0,0.0,False,False,e78a2b735352b6456a91a807897adc4623f3298e
A,2387,MR017260F,2,1,-3.435093641281128,7.157600402832031,-3.75833797454834,2.5097625741804306e-05,0.9999567367884137,1.8165585844561746e-05,1,22,0,0.0,False,False,e78a2b735352b6456a91a807897adc4623f3298e
A,2388,MR017260F,2,1,0.6275004148483276,3.4609224796295166,-4.288127899169922,0.05552199641730661,0.9440709657081167,0.00040703787457667346,1,22,0,0.0,False,False,e78a2b735352b6456a91a807897adc4623f3298e
A,2389,MR017260F,2,1,-3.0794718265533447,7.002574443817139,-3.9995131492614746,4.182130081820075e-05,0.9999415128031771,1.6665896004790786e-05,1,22,0,0.0,False,False,e78a2b735352b6456a91a807897adc4623f3298e
A,2390,MR017260F,2,1,-2.9300527572631836,7.80059289932251,-5.0889153480529785,2.1863979538371314e-05,0.9999756116848046,2.52433565701508e-06,1,22,0,0.0,False,False,e78a2b735352b6456a91a807897adc4623f3298e
A,2391,MR017260F,2,1,-2.9351532459259033,7.475491523742676,-4.7612409591674805,3.0109201708120065e-05,0.999965041940762,4.848857530038752e-06,1,22,0,0.0,False,False,e78a2b735352b6456a91a807897adc4623f3298e
A,2392,MR017260F,2,1,-2.7661032676696777,6.185461521148682,-3.661383628845215,0.0001295106785537842,0.9998175851084506,5.290421299546925e-05,1,22,0,0.0,False,False,e78a2b735352b6456a91a807897adc4623f3298e
A,2393,MR017260F,2,1,-3.002183437347412,6.625466823577881,-3.7675607204437256,6.587531407624357e-05,0.9999034822301323,3.064245579152955e-05,1,22,0,0.0,False,False,e78a2b735352b6456a91a807897adc4623f3298e
A,2435,MR048994,2,1,-2.334237575531006,6.755037784576416,-4.530127048492432,0.00011285567365186732,0.9998745880543055,1.2556272042565051e-05,1,25,0,0.0,False,False,e78a2b735352b6456a91a807897adc4623f3298e
A,2436,MR048994,2,1,-3.099761486053467,7.404621124267578,-4.446484088897705,2.7415084785981154e-05,0.9999654544905082,7.13042470586927e-06,1,25,0,0.0,False,False,e78a2b735352b6456a91a807897adc4623f3298e
A,2437,MR048994,2,1,-2.72149658203125,7.259293079376221,-4.6146697998046875,4.6278044508192555e-05,0.9999467527973794,6.969158112421456e-06,1,25,0,0.0,False,False,e78a2b735352b6456a91a807897adc4623f3298e
A,2438,MR048994,2,1,-2.4820117950439453,7.821677207946777,-5.523705005645752,3.350807471781622e-05,0.9999648917819057,1.6001433764901934e-06,1,25,0,0.0,False,False,e78a2b735352b6456a91a807897adc4623f3298e
A,2439,MR048994,2,1,-1.9505242109298706,7.7837443351745605,-5.960663318634033,5.921540460784565e-05,0.9999397109684165,1.0736269756891071e-06,1,25,0,0.0,False,False,e78a2b735352b6456a91a807897adc4623f3298e
A,2440,MR048994,2,1,-2.634822368621826,8.582691192626953,-6.115943908691406,1.3436611012973957e-05,0.9999861499057868,4.1348320023910436e-07,1,25,0,0.0,False,False,e78a2b735352b6456a91a807897adc4623f3298e
A,2441,MR048994,2,1,-1.8792572021484375,6.8887248039245605,-5.004567623138428,0.00015561205633952065,0.9998375529491251,6.834994535273052e-06,1,25,0,0.0,False,False,e78a2b735352b6456a91a807897adc4623f3298e
A,2499,MR026175E,2,1,-0.11388050764799118,6.089972019195557,-6.150370121002197,0.002017538782125497,0.997977639433752,4.821784122488616e-06,1,21,0,0.0,False,False,e78a2b735352b6456a91a807897adc4623f3298e
A,2500,MR026175E,2,1,-0.3119632601737976,5.481869220733643,-5.298773288726807,0.0030369703065911235,0.9969422950549094,2.073463849940172e-05,1,21,0,0.0,False,False,e78a2b735352b6456a91a807897adc4623f3298e
A,2501,MR026175E,2,1,-1.6829298734664917,5.807628154754639,-4.230614185333252,0.0005579953801640196,0.9993983344013235,4.3670218512425134e-05,1,21,0,0.0,False,False,e78a2b735352b6456a91a807897adc4623f3298e
A,2502,MR026175E,2,1,-1.234204649925232,6.96987771987915,-5.859044551849365,0.0002734590841110601,0.9997238595881208,2.6813277680918086e-06,1,21,0,0.0,False,False,e78a2b735352b6456a91a807897adc4623f3298e
A,2503,MR026175E,2,1,-1.4559221267700195,6.409534931182861,-5.110066890716553,0.00038362283529641946,0.9996064476152356,9.929549467859053e-06,1,21,0,0.0,False,False,e78a2b735352b6456a91a807897adc4623f3298e
A,2504,MR026175E,2,1,-2.9774322509765625,9.08311653137207,-6.166317462921143,5.783191853392882e-06,0.9999939784377334,2.3837041303029347e-07,1,21,0,0.0,False,False,e78a2b735352b6456a91a807897adc4623f3298e
A,2505,MR026175E,2,1,-1.9686572551727295,6.920995235443115,-5.062071323394775,0.00013778768983743525,0.9998559640693582,6.248240804335898e-06,1,21,0,0.0,False,False,e78a2b735352b6456a91a807897adc4623f3298e
A,2506,MR026175E,2,1,-2.4757301807403564,7.492458820343018,-5.132397174835205,4.686501281023731e-05,0.9999498459186457,3.28906854426366e-06,1,21,0,0.0,False,False,e78a2b735352b6456a91a807897adc4623f3298e
A,2507,MR026175E,2,1,-2.652130365371704,7.879090785980225,-5.344106674194336,2.6689251233872496e-05,0.9999715026342473,1.8081145188172973e-06,1,21,0,0.0,False,False,e78a2b735352b6456a91a807897adc4623f3298e
A,2508,MR026175E,2,1,-2.9723191261291504,7.894452095031738,-4.933520793914795,1.9081467394693874e-05,0.9999782339751244,2.6845574807951497e-06,1,21,0,0.0,False,False,e78a2b735352b6456a91a807897adc4623f3298e
A,2509,MR040240C,2,1,-3.0189208984375,5.3094868659973145,-2.1563949584960938,0.00024135992592892345,0.9991868252368044,0.000571814837266625,1,30,0,0.0,False,False,e78a2b735352b6456a91a807897adc4623f3298e
A,2510,MR040240C,2,1,-2.766937255859375,5.234316349029541,-2.4105708599090576,0.00033477000947848193,0.9991871346579512,0.00047809533257028695,1,30,0,0.0,False,False,e78a2b735352b6456a91a807897adc4623f3298e
A,2511,MR040240C,2,1,-2.1969003677368164,7.08550500869751,-4.73810338973999,9.303770211284455e-05,0.9998996335712017,7.328726685558447e-06,1,30,0,0.0,False,False,e78a2b735352b6456a91a807897adc4623f3298e
A,2512,MR040240C,2,1,-0.1566561758518219,5.217906951904297,-5.088314533233643,0.004611423700954911,0.9953553070486183,3.326925042673455e-05,1,30,0,0.0,False,False,e78a2b735352b6456a91a807897adc4623f3298e
A,2513,MR040240C,2,1,0.19962120056152344,3.6178524494171143,-3.5688693523406982,0.031707298504345414,0.967560678727735,0.0007320227679195852,1,30,0,0.0,False,False,e78a2b735352b6456a91a807897adc4623f3298e
A,2514,MR040240C,2,1,-0.8929718136787415,4.832111358642578,-3.710451602935791,0.0032518367817366612,0.9965538453158704,0.00019431790239285242,1,30,0,0.0,False,False,e78a2b735352b6456a91a807897adc4623f3298e
A,2515,MR040240C,2,1,-0.7803348302841187,5.8174214363098145,-4.864897727966309,0.001361536173517382,0.9986155484995981,2.29153268845369e-05,1,30,0,0.0,False,False,e78a2b735352b6456a91a807897adc4623f3298e
A,2516,MR040240C,2,1,-3.0520143508911133,6.940109729766846,-3.729637622833252,4.575575075455418e-05,0.9999310084488117,2.3235800433885975e-05,1,30,0,0.0,False,False,e78a2b735352b6456a91a807897adc4623f3298e
A,2517,MR040240C,2,1,-2.957914113998413,6.689505100250244,-3.611243486404419,6.458570804117993e-05,0.9999018096646115,3.360462734719179e-05,1,30,0,0.0,False,False,e78a2b735352b6456a91a807897adc4623f3298e
A,2518,MR040240C,2,1,-1.8779617547988892,6.654303073883057,-4.710928440093994,0.00019696718695433576,0.9997914436497144,1.1589163331113976e-05,1,30,0,0.0,False,False,e78a2b735352b6456a91a807897adc4623f3298e
A,2519,MR040240C,2,1,-1.8300083875656128,7.209362506866455,-5.2458815574646,0.00011863091614526627,0.9998774723296227,3.896754232140467e-06,1,30,0,0.0,False,False,e78a2b735352b6456a91a807897adc4623f3298e
A,2520,MR040240C,2,1,-2.285980224609375,7.092304706573486,-4.70866060256958,8.453229017596181e-05,0.9999079710826021,7.496627222052528e-06,1,30,0,0.0,False,False,e78a2b735352b6456a91a807897adc4623f3298e
A,2521,MR040240C,2,1,-2.3085131645202637,7.830451965332031,-5.4312052726745605,3.950803936196274e-05,0.9999587520877266,1.7398729115062171e-06,1,30,0,0.0,False,False,e78a2b735352b6456a91a807897adc4623f3298e
A,2522,MR040240C,2,1,-2.57892107963562,7.490086078643799,-4.73087739944458,4.2370658324968225e-05,0.9999527034772241,4.925864450838597e-06,1,30,0,0.0,False,False,e78a2b735352b6456a91a807897adc4623f3298e
A,2523,MR040240C,2,1,-1.868665337562561,5.768676280975342,-3.6242403984069824,0.000481835938103996,0.9994348990348284,8.326502706752541e-05,1,30,0,0.0,False,False,e78a2b735352b6456a91a807897adc4623f3298e
A,2524,MR017260F,2,1,-1.1726804971694946,6.21068811416626,-5.15201473236084,0.000621110510791433,0.9993672759128779,1.161357633070146e-05,1,22,0,0.0,False,False,e78a2b735352b6456a91a807897adc4623f3298e
A,2525,MR017260F,2,1,-1.2679661512374878,5.02365779876709,-3.641089677810669,0.0018480094034722622,0.9979797760928747,0.0001722145036530843,1,22,0,0.0,False,False,e78a2b735352b6456a91a807897adc4623f3298e
A,2526,MR017260F,2,1,-1.73065984249115,5.611443042755127,-3.697352170944214,0.0006472092347382133,0.9992622339627439,9.055680251773974e-05,1,22,0,0.0,False,False,e78a2b735352b6456a91a807897adc4623f3298e
A,2527,MR017260F,2,1,-1.7007871866226196,5.800279140472412,-3.9853618144989014,0.0005521587897994835,0.9993916218581752,5.62193520252639e-05,1,22,0,0.0,False,False,e78a2b735352b6456a91a807897adc4623f3298e
A,2528,MR017260F,2,1,-3.6651527881622314,7.973067760467529,-4.162557601928711,8.822240142052525e-06,0.999985812895954,5.3648639039121225e-06,1,22,0,0.0,False,False,e78a2b735352b6456a91a807897adc4623f3298e
A,2529,MR017260F,2,1,-2.881817579269409,6.241267681121826,-3.3789539337158203,0.00010909835584509101,0.9998245403831176,6.636126103730264e-05,1,22,0,0.0,False,False,e78a2b735352b6456a91a807897adc4623f3298e
A,2624,MR034694,2,1,-3.459507465362549,7.371371746063232,-3.7716808319091797,1.9778531710239303e-05,0.9999657464581223,1.4475010167305226e-05,1,14,0,0.0,False,False,e78a2b735352b6456a91a807897adc4623f3298e
A,2625,MR034694,2,1,-3.6202099323272705,7.8217291831970215,-3.906073570251465,1.0735463860956325e-05,0.9999811982836195,8.066252519531819e-06,1,14,0,0.0,False,False,e78a2b735352b6456a91a807897adc4623f3298e
A,2626,MR034694,2,1,-2.888997793197632,6.36527681350708,-3.2973380088806152,9.568644465763617e-05,0.9998407057347152,6.360782062718342e-05,1,14,0,0.0,False,False,e78a2b735352b6456a91a807897adc4623f3298e
A,2627,MR034694,2,1,-2.857961416244507,6.204509258270264,-3.0865883827209473,0.00011591205154131033,0.9997918653908008,9.222255765778043e-05,1,14,0,0.0,False,False,e78a2b735352b6456a91a807897adc4623f3298e
A,2628,MR034694,2,1,-3.0350546836853027,6.522061824798584,-3.2406985759735107,7.06872916095914e-05,0.9998717645627155,5.7548145674730917e-05,1,14,0,0.0,False,False,e78a2b735352b6456a91a807897adc4623f3298e
A,2629,MR034694,2,1,-3.731555938720703,7.783519268035889,-3.702345848083496,9.978323583307422e-06,0.9999797475864449,1.0274089971673344e-05,1,14,0,0.0,False,False,e78a2b735352b6456a91a807897adc4623f3298e
A,2630,MR034694,2,1,-2.849196195602417,7.005900859832764,-3.915680170059204,5.247531989565185e-05,0.9999294618003992,1.806287970505362e-05,1,14,0,0.0,False,False,e78a2b735352b6456a91a807897adc4623f3298e
A,2646,MR053241C,2,1,-1.5721678733825684,6.464007377624512,-5.129703998565674,0.00032343643215523155,0.999667342724807,9.220843037778036e-06,1,3,0,0.0,False,False,e78a2b735352b6456a91a807897adc4623f3298e
A,2647,MR053241C,2,1,-1.5568410158157349,6.216384410858154,-4.882682800292969,0.00042067023889873526,0.9995642099260444,1.5119835056875897e-05,1,3,0,0.0,False,False,e78a2b735352b6456a91a807897adc4623f3298e
A,2648,MR053241C,2,1,-1.9888635873794556,6.923815727233887,-5.016570091247559,0.00013465151373060692,0.9998588277743682,6.5207119012833655e-06,1,3,0,0.0,False,False,e78a2b735352b6456a91a807897adc4623f3298e
A,2649,MR053241C,2,1,-2.561723232269287,6.601674556732178,-3.9852466583251953,0.00010479255478278636,0.9998699667065961,2.524073862117934e-05,1,3,0,0.0,False,False,e78a2b735352b6456a91a807897adc4623f3298e
A,2678,MR031409B,2,1,-2.7901880741119385,6.505431652069092,-3.742583751678467,9.181388937522154e-05,0.9998727628774585,3.5423233166290084e-05,1,6,0,0.0,False,False,e78a2b735352b6456a91a807897adc4623f3298e
A,2679,MR031409B,2,1,-2.4502387046813965,6.854960918426514,-4.417008399963379,9.094066541835936e-05,0.9998963360013485,1.2723333232987175e-05,1,6,0,0.0,False,False,e78a2b735352b6456a91a807897adc4623f3298e
A,2688,MR032322C,2,1,-4.013543128967285,7.225334644317627,-3.1225132942199707,1.315218061631509e-05,0.9999547875546062,3.2060264777508426e-05,1,37,0,0.0,False,False,e78a2b735352b6456a91a807897adc4623f3298e
A,2689,MR032322C,2,1,-1.9332753419876099,7.049733638763428,-5.202849864959717,0.00012550822425694624,0.9998697196265627,4.772149180514738e-06,1,37,0,0.0,False,False,e78a2b735352b6456a91a807897adc4623f3298e
A,2690,MR032322C,2,1,-1.598158359527588,7.581319808959961,-6.154317378997803,0.00010312359057595901,0.9998957933723956,1.0830370283273627e-06,1,37,0,0.0,False,False,e78a2b735352b6456a91a807897adc4623f3298e
A,2691,MR032322C,2,1,-1.4200174808502197,7.362586975097656,-6.000674247741699,0.00015335433580524453,0.9998450740638986,1.5716002962220905e-06,1,37,0,0.0,False,False,e78a2b735352b6456a91a807897adc4623f3298e
A,2692,MR032322C,2,1,-1.7133392095565796,7.479557991027832,-5.806142330169678,0.00010174909241230722,0.9998965524733604,1.698434227320567e-06,1,37,0,0.0,False,False,e78a2b735352b6456a91a807897adc4623f3298e
A,2693,MR032322C,2,1,1.0411046743392944,4.936047077178955,-6.116894721984863,0.01993858882508104,0.980045886776566,1.5524398352836983e-05,1,37,0,0.0,False,False,e78a2b735352b6456a91a807897adc4623f3298e
A,2694,MR032322C,2,1,-4.482988357543945,7.332873344421387,-2.6840779781341553,7.386077683644537e-06,0.9999479794173675,4.46345049488927e-05,1,37,0,0.0,False,False,e78a2b735352b6456a91a807897adc4623f3298e
A,2695,MR032322C,2,1,-4.049343109130859,7.1369709968566895,-2.8369741439819336,1.3861788042203724e-05,0.9999395426659206,4.659554603725298e-05,1,37,0,0.0,False,False,e78a2b735352b6456a91a807897adc4623f3298e
A,2696,MR032322C,2,1,-2.6267290115356445,6.822678565979004,-4.047821521759033,7.872850107161024e-05,0.9999022624955689,1.9009003359292987e-05,1,37,0,0.0,False,False,e78a2b735352b6456a91a807897adc4623f3298e
A,2697,MR032322C,2,1,-3.3266761302948,7.276443958282471,-3.721219539642334,2.483735800970274e-05,0.9999584225680549,1.6740073935417104e-05,1,37,0,0.0,False,False,e78a2b735352b6456a91a807897adc4623f3298e
A,2698,MR032322C,2,1,-2.8701658248901367,6.868754863739014,-3.8329572677612305,5.8939318943503856e-05,0.9999185561430222,2.25045380343763e-05,1,37,0,0.0,False,False,e78a2b735352b6456a91a807897adc4623f3298e
A,2699,MR032322C,2,1,-3.7031028270721436,7.499402046203613,-3.562281370162964,1.3639586579280278e-05,0.999970658261006,1.5702152414591964e-05,1,37,0,0.0,False,False,e78a2b735352b6456a91a807897adc4623f3298e
A,2700,MR032322C,2,1,-3.2132349014282227,7.400304317474365,-4.008517742156982,2.4580062862654106e-05,0.9999643231810537,1.1096756083508892e-05,1,37,0,0.0,False,False,e78a2b735352b6456a91a807897adc4623f3298e
A,2701,MR032322C,2,1,-2.854982614517212,8.15533447265625,-5.432793140411377,1.6529979726493557e-05,0.9999822147321089,1.255288164621139e-06,1,37,0,0.0,False,False,e78a2b735352b6456a91a807897adc4623f3298e
A,2702,MR037458B,2,1,3.6768698692321777,0.7431200742721558,-4.230592727661133,0.9491581786515121,0.05049254335568832,0.0003492779927995291,0,20,0,0.0,False,False,e78a2b735352b6456a91a807897adc4623f3298e
A,2703,MR037458B,2,1,2.868034601211548,1.9060033559799194,-4.780885696411133,0.7232789207916662,0.2763763945684573,0.00034468463987651944,0,20,0,0.0,False,False,e78a2b735352b6456a91a807897adc4623f3298e
A,2704,MR037458B,2,1,1.2456051111221313,3.3162453174591064,-4.594986438751221,0.1119469144034132,0.8877276422130868,0.00032544338349991343,1,20,0,0.0,False,False,e78a2b735352b6456a91a807897adc4623f3298e
A,2705,MR037458B,2,1,1.5539889335632324,2.2307450771331787,-3.8354439735412598,0.33646812935705755,0.6619960412974908,0.0015358293454517356,1,20,0,0.0,False,False,e78a2b735352b6456a91a807897adc4623f3298e
A,2706,MR037458B,2,1,4.269989013671875,0.5411045551300049,-4.656139850616455,0.9764170985569792,0.023453163542572014,0.0001297379004489292,0,20,0,0.0,False,False,e78a2b735352b6456a91a807897adc4623f3298e
A,2707,MR037458B,2,1,3.72090482711792,0.3031752407550812,-3.952014923095703,0.9678180676647685,0.03173164781427739,0.0004502845209541213,0,20,0,0.0,False,False,e78a2b735352b6456a91a807897adc4623f3298e
A,2708,MR037458B,2,1,1.8637577295303345,1.205283284187317,-2.815145969390869,0.6549090353081558,0.3390073888822491,0.006083575809595105,0,20,0,0.0,False,False,e78a2b735352b6456a91a807897adc4623f3298e
A,2709,MR037458B,2,1,1.4528627395629883,2.1487739086151123,-3.4959542751312256,0.33193616785084645,0.6657098094061332,0.0023540227430202967,1,20,0,0.0,False,False,e78a2b735352b6456a91a807897adc4623f3298e
A,2714,MR039473B,2,1,-2.1167969703674316,8.101065635681152,-5.993698596954346,3.6510894080233285e-05,0.9999627327860943,7.563198255605913e-07,1,22,0,0.0,False,False,e78a2b735352b6456a91a807897adc4623f3298e
A,2715,MR039473B,2,1,-2.1437175273895264,6.281937122344971,-4.011209011077881,0.000219116358053637,0.9997470278049928,3.3855836953543505e-05,1,22,0,0.0,False,False,e78a2b735352b6456a91a807897adc4623f3298e
A,2716,MR039473B,2,1,-1.9881445169448853,5.723512649536133,-3.564584732055664,0.00044733754291637995,0.9994601934782692,9.246897881441488e-05,1,22,0,0.0,False,False,e78a2b735352b6456a91a807897adc4623f3298e
A,2717,MR039473B,2,1,-1.6732734441757202,5.322909355163574,-3.4083714485168457,0.00091438482156114,0.9989243333198736,0.00016128185856532077,1,22,0,0.0,False,False,e78a2b735352b6456a91a807897adc4623f3298e
A,2718,MR039473B,2,1,-2.7618236541748047,5.835257530212402,-2.6674983501434326,0.0001845724180638779,0.9996125977826239,0.0002028297993121345,1,22,0,0.0,False,False,e78a2b735352b6456a91a807897adc4623f3298e
A,2719,MR039473B,2,1,-3.218545436859131,6.10496187210083,-2.4696884155273438,8.927532688625244e-05,0.9997219446994533,0.0001887799736603237,1,22,0,0.0,False,False,e78a2b735352b6456a91a807897adc4623f3298e
A,2720,MR039473B,2,1,-3.3427181243896484,5.540975093841553,-1.695180058479309,0.00013851228221710697,0.9991420304968683,0.0007194572209144135,1,22,0,0.0,False,False,e78a2b735352b6456a91a807897adc4623f3298e
A,2721,MR039473B,2,1,-4.32649040222168,6.730015277862549,-1.7269617319107056,1.5780526921036763e-05,0.99977185470997,0.00021236476310907407,1,22,0,0.0,False,False,e78a2b735352b6456a91a807897adc4623f3298e
A,2722,MR039473B,2,1,-3.6295008659362793,6.342979907989502,-2.0417985916137695,4.665382133126991e-05,0.9997250926193764,0.00022825355929236468,1,22,0,0.0,False,False,e78a2b735352b6456a91a807897adc4623f3298e
A,2748,MR031409B,2,1,-0.9590006470680237,5.915520191192627,-4.900211811065674,0.001032704533560894,0.9989472355175089,2.0059948930192174e-05,1,6,0,0.0,False,False,e78a2b735352b6456a91a807897adc4623f3298e
A,2749,MR031409B,2,1,-2.146369695663452,6.09589147567749,-3.7682406902313232,0.00026320524868875077,0.9996848041402112,5.1990611100050685e-05,1,6,0,0.0,False,False,e78a2b735352b6456a91a807897adc4623f3298e
A,2758,MR032322C,2,1,-2.7033162117004395,6.373821258544922,-3.4456353187561035,0.00011422891606318094,0.9998313971238942,5.43739600425708e-05,1,37,0,0.0,False,False,e78a2b735352b6456a91a807897adc4623f3298e
A,2759,MR032322C,2,1,-3.685387134552002,7.553892135620117,-3.568859100341797,1.3147128480873797e-05,0.9999720809024586,1.4771969060444105e-05,1,37,0,0.0,False,False,e78a2b735352b6456a91a807897adc4623f3298e
A,2760,MR032322C,2,1,-3.2784717082977295,6.267092227935791,-2.6569015979766846,7.150318323466099e-05,0.9997953686825225,0.0001331281342428061,1,37,0,0.0,False,False,e78a2b735352b6456a91a807897adc4623f3298e
A,2761,MR032322C,2,1,-3.4083354473114014,6.624366283416748,-2.90860652923584,4.3934174107567444e-05,0.999883650251745,7.24155741476055e-05,1,37,0,0.0,False,False,e78a2b735352b6456a91a807897adc4623f3298e
A,2762,MR032322C,2,1,-3.442141056060791,6.481053829193115,-2.8078794479370117,4.901734508590759e-05,0.9998585541131091,9.242854180496543e-05,1,37,0,0.0,False,False,e78a2b735352b6456a91a807897adc4623f3298e
A,2763,MR032322C,2,1,-2.6998281478881836,5.980852127075195,-2.8854479789733887,0.00016978270817783145,0.9996891975912204,0.00014101970060173414,1,37,0,0.0,False,False,e78a2b735352b6456a91a807897adc4623f3298e
A,2764,MR032322C,2,1,-4.140420913696289,6.160808086395264,-1.4835237264633179,3.357458383314346e-05,0.9994879204763316,0.0004785049398353299,1,37,0,0.0,False,False,e78a2b735352b6456a91a807897adc4623f3298e
A,2765,MR032322C,2,1,-4.642458438873291,7.593292713165283,-2.384995698928833,4.853539133288213e-06,0.9999487524257719,4.639403509506307e-05,1,37,0,0.0,False,False,e78a2b735352b6456a91a807897adc4623f3298e
A,2766,MR032322C,2,1,-4.367524147033691,6.820755958557129,-1.8768882751464844,1.383289781207575e-05,0.9998192185780018,0.0001669485241862311,1,37,0,0.0,False,False,e78a2b735352b6456a91a807897adc4623f3298e
A,2767,MR032322C,2,1,-4.05961275100708,6.739980220794678,-2.0634565353393555,2.0404326811785682e-05,0.9998294053677873,0.00015019030540080466,1,37,0,0.0,False,False,e78a2b735352b6456a91a807897adc4623f3298e
A,2768,MR032322C,2,1,-3.271409034729004,5.768091678619385,-2.1711373329162598,0.00011857371636314756,0.9995251143561594,0.0003563119274772108,1,37,0,0.0,False,False,e78a2b735352b6456a91a807897adc4623f3298e
A,2769,MR037458B,2,1,-0.3369895815849304,3.4678444862365723,-3.131732702255249,0.02174909399623676,0.9769213713712326,0.0013295346325306156,1,20,0,0.0,False,False,e78a2b735352b6456a91a807897adc4623f3298e
A,2770,MR037458B,2,1,-0.6051230430603027,2.690072774887085,-1.816665530204773,0.03536013512226063,0.9541118206877813,0.010528044189957885,1,20,0,0.0,False,False,e78a2b735352b6456a91a807897adc4623f3298e
A,2771,MR037458B,2,1,-1.6395519971847534,4.805202007293701,-2.990342140197754,0.0015856634060939616,0.998003593473273,0.00041074312063296665,1,20,0,0.0,False,False,e78a2b735352b6456a91a807897adc4623f3298e
A,2772,MR037458B,2,1,1.3329006433486938,2.0488264560699463,-3.336516857147217,0.32728319548157625,0.6696476309272087,0.003069173591215073,1,20,0,0.0,False,False,e78a2b735352b6456a91a807897adc4623f3298e
A,2773,MR037458B,2,1,4.0409064292907715,-0.4057048261165619,-3.447462558746338,0.9878711505191818,0.011576081380172378,0.0005527681006458516,0,20,0,0.0,False,False,e78a2b735352b6456a91a807897adc4623f3298e
A,2780,MR039473B,2,1,-1.8628286123275757,5.598670482635498,-3.4902455806732178,0.0005743988382098164,0.9993127683674508,0.00011283279433959084,1,22,0,0.0,False,False,e78a2b735352b6456a91a807897adc4623f3298e
A,2781,MR039473B,2,1,-2.21256685256958,6.3777384757995605,-3.8162965774536133,0.00018585781808573253,0.9997767578292985,3.738435261577662e-05,1,22,0,0.0,False,False,e78a2b735352b6456a91a807897adc4623f3298e
A,2782,MR039473B,2,1,-3.232301712036133,6.422731399536133,-2.5520243644714355,6.408990079412884e-05,0.9998093693802735,0.00012654071893220838,1,22,0,0.0,False,False,e78a2b735352b6456a91a807897adc4623f3298e
A,2783,MR039473B,2,1,-3.3497681617736816,4.637657165527344,-0.6538829207420349,0.00033789186168049214,0.9946550133191729,0.005007094819146732,1,22,0,0.0,False,False,e78a2b735352b6456a91a807897adc4623f3298e
A,2784,MR039473B,2,1,-3.4346818923950195,5.546342372894287,-1.5250037908554077,0.00012565146260896113,0.999026086151036,0.000848262386354871,1,22,0,0.0,False,False,e78a2b735352b6456a91a807897adc4623f3298e
A,2785,MR039473B,2,1,-3.2098565101623535,5.490352153778076,-1.6142680644989014,0.0001663866886383668,0.9990131222841718,0.0008204910271897909,1,22,0,0.0,False,False,e78a2b735352b6456a91a807897adc4623f3298e
A,2786,MR039473B,2,1,-3.515778064727783,6.047924518585205,-1.963573932647705,7.020406361995004e-05,0.9995983017315678,0.00033149420481229277,1,22,0,0.0,False,False,e78a2b735352b6456a91a807897adc4623f3298e
A,2846,MR048994,2,1,-1.0358422994613647,5.781639099121094,-4.503947734832764,0.0010932401718483028,0.9988726769290788,3.408289907278611e-05,1,25,0,0.0,False,False,e78a2b735352b6456a91a807897adc4623f3298e
A,2847,MR048994,2,1,-0.5981922149658203,6.4270148277282715,-5.612854957580566,0.0008883882164623537,0.9991057130003779,5.898783159822971e-06,1,25,0,0.0,False,False,e78a2b735352b6456a91a807897adc4623f3298e
A,2848,MR048994,2,1,-1.7701984643936157,7.490978717803955,-5.4740729331970215,9.503412108320202e-05,0.999902625386065,2.3404928517732126e-06,1,25,0,0.0,False,False,e78a2b735352b6456a91a807897adc4623f3298e
A,2849,MR048994,2,1,-1.6329900026321411,6.956984043121338,-5.149102687835693,0.00018592531184516962,0.999808549969308,5.5247188467760336e-06,1,25,0,0.0,False,False,e78a2b735352b6456a91a807897adc4623f3298e
A,2850,MR048994,2,1,-0.6409686207771301,7.10770845413208,-6.351626396179199,0.00043112619197047743,0.9995674465672427,1.4272407868166831e-06,1,25,0,0.0,False,False,e78a2b735352b6456a91a807897adc4623f3298e
A,2851,MR048994,2,1,-1.0678595304489136,7.260843753814697,-6.1028523445129395,0.00024142629916968077,0.9997570029222099,1.5707786204713755e-06,1,25,0,0.0,False,False,e78a2b735352b6456a91a807897adc4623f3298e
A,2852,MR048994,2,1,-1.4798487424850464,8.040181159973145,-6.540962219238281,7.336205394540639e-05,0.9999261729408362,4.650052184281294e-07,1,25,0,0.0,False,False,e78a2b735352b6456a91a807897adc4623f3298e
A,2853,MR048994,2,1,-1.5029187202453613,7.596798419952393,-6.056861400604248,0.00011168479251930701,0.9998871396554263,1.1755520542860066e-06,1,25,0,0.0,False,False,e78a2b735352b6456a91a807897adc4623f3298e
A,2876,MR049453,2,1,-3.324030876159668,5.14592170715332,-1.1901659965515137,0.00020926032288945653,0.9980230231048025,0.0017677165723078334,1,24,0,0.0,False,False,e78a2b735352b6456a91a807897adc4623f3298e
A,2877,MR049453,2,1,-3.143754482269287,6.100124835968018,-2.257187843322754,9.666969087754172e-05,0.9996687339168931,0.00023459639222936346,1,24,0,0.0,False,False,e78a2b735352b6456a91a807897adc4623f3298e
A,2878,MR049453,2,1,-3.741543769836426,6.785089015960693,-2.3802781105041504,2.6809233668792015e-05,0.9998686045228622,0.00010458624346899959,1,24,0,0.0,False,False,e78a2b735352b6456a91a807897adc4623f3298e
A,2879,MR049453,2,1,-3.9884872436523438,8.179573059082031,-3.656198501586914,5.193655688134147e-06,0.9999875655814913,7.24076282053297e-06,1,24,0,0.0,False,False,e78a2b735352b6456a91a807897adc4623f3298e
A,2880,MR049453,2,1,-3.998476028442383,7.463958263397217,-2.962141990661621,1.0517453345624691e-05,0.9999598352739456,2.9647272708785227e-05,1,24,0,0.0,False,False,e78a2b735352b6456a91a807897adc4623f3298e
A,2881,MR049453,2,1,-3.9153969287872314,6.984634876251221,-2.4761898517608643,1.8455869639793668e-05,0.9999037092601043,7.78348702560305e-05,1,24,0,0.0,False,False,e78a2b735352b6456a91a807897adc4623f3298e
A,2882,MR049453,2,1,-3.9736757278442383,6.483075141906738,-2.0204849243164062,2.8746850580120273e-05,0.9997685547778498,0.00020269837157016875,1,24,0,0.0,False,False,e78a2b735352b6456a91a807897adc4623f3298e
A,2883,MR049453,2,1,-3.82344126701355,5.81245756149292,-1.5628925561904907,6.529530409353047e-05,0.9993086305351723,0.0006260741607342456,1,24,0,0.0,False,False,e78a2b735352b6456a91a807897adc4623f3298e
A,2884,MR049453,2,1,-2.990400791168213,6.319683074951172,-3.091299295425415,9.049136024181771e-05,0.9998277022074618,8.180643229661961e-05,1,24,0,0.0,False,False,e78a2b735352b6456a91a807897adc4623f3298e
A,2891,MR050135B,2,1,-3.136575698852539,7.468896865844727,-4.057222843170166,2.4779169108673534e-05,0.999965352248643,9.86858224822854e-06,1,33,0,0.0,False,False,e78a2b735352b6456a91a807897adc4623f3298e
A,2892,MR050135B,2,1,-3.564758777618408,7.16383695602417,-3.1773452758789062,2.1908192207322186e-05,0.9999458174143868,3.227439340594939e-05,1,33,0,0.0,False,False,e78a2b735352b6456a91a807897adc4623f3298e
A,2893,MR050135B,2,1,-2.5404233932495117,7.640023708343506,-4.780848979949951,3.7902668534041166e-05,0.999958063986965,4.033344501019018e-06,1,33,0,0.0,False,False,e78a2b735352b6456a91a807897adc4623f3298e
A,2894,MR050135B,2,1,-1.2014540433883667,6.237114906311035,-4.752737522125244,0.0005877706336216826,0.9993953675224406,1.6861843937617892e-05,1,33,0,0.0,False,False,e78a2b735352b6456a91a807897adc4623f3298e
A,2895,MR050135B,2,1,-2.9909508228302,7.687489032745361,-4.322347640991211,2.3035616979246165e-05,0.9999708804901597,6.083892861075704e-06,1,33,0,0.0,False,False,e78a2b735352b6456a91a807897adc4623f3298e
A,2896,MR050135B,2,1,-2.5777480602264404,6.927499294281006,-3.9415481090545654,7.445312325155176e-05,0.9999065101583703,1.9036718378089835e-05,1,33,0,0.0,False,False,e78a2b735352b6456a91a807897adc4623f3298e
A,2897,MR050135B,2,1,-2.6730856895446777,6.501902103424072,-3.380361557006836,0.00010358246988760455,0.9998453528922929,5.106463781952925e-05,1,33,0,0.0,False,False,e78a2b735352b6456a91a807897adc4623f3298e
A,2898,MR050135B,2,1,-2.99985408782959,6.118951797485352,-2.3450138568878174,0.00010955034383280395,0.9996795833240681,0.00021086633209899258,1,33,0,0.0,False,False,e78a2b735352b6456a91a807897adc4623f3298e
A,2899,MR050135B,2,1,-2.2515337467193604,5.67206335067749,-2.887761116027832,0.00036189708050931663,0.9994465560564866,0.00019154686300408742,1,33,0,0.0,False,False,e78a2b735352b6456a91a807897adc4623f3298e
A,2918,MR051461,2,1,-2.661240816116333,8.362680435180664,-5.54226541519165,1.6306635085598063e-05,0.9999827789332273,9.144316871410666e-07,1,22,0,0.0,False,False,e78a2b735352b6456a91a807897adc4623f3298e
A,2919,MR051461,2,1,-2.7437744140625,9.242815971374512,-6.368587017059326,6.227118958751271e-06,0.9999936069028412,1.6597820015993037e-07,1,22,0,0.0,False,False,e78a2b735352b6456a91a807897adc4623f3298e
A,2920,MR051461,2,1,-2.211136817932129,7.811853408813477,-5.354616641998291,4.436602840223901e-05,0.9999537203564005,1.913615197228185e-06,1,22,0,0.0,False,False,e78a2b735352b6456a91a807897adc4623f3298e
A,2921,MR051461,2,1,-2.359179973602295,7.938322067260742,-5.457151889801025,3.3716026175606266e-05,0.9999647620101954,1.5219636289758378e-06,1,22,0,0.0,False,False,e78a2b735352b6456a91a807897adc4623f3298e
A,2922,MR051461,2,1,-1.5872336626052856,7.554176330566406,-6.000299453735352,0.00010712454571797992,0.9998915773222339,1.2981320481347506e-06,1,22,0,0.0,False,False,e78a2b735352b6456a91a807897adc4623f3298e
A,2923,MR051461,2,1,-2.1775293350219727,8.00250244140625,-5.82688570022583,3.791852868263601e-05,0.9999610952914197,9.861798975621885e-07,1,22,0,0.0,False,False,e78a2b735352b6456a91a807897adc4623f3298e
A,2924,MR051461,2,1,-1.5431509017944336,7.200184345245361,-5.636941432952881,0.000159495090782881,0.9998378451845421,2.659724675012311e-06,1,22,0,0.0,False,False,e78a2b735352b6456a91a807897adc4623f3298e
A,3005,MR034694,2,1,-4.2009758949279785,4.92694616317749,0.11442998796701431,0.00010770394956495302,0.9918313021686218,0.00806099388181312,1,14,0,0.0,False,False,e78a2b735352b6456a91a807897adc4623f3298e
A,3006,MR034694,2,1,-4.4912004470825195,5.170340061187744,0.4247291088104248,6.313370008454506e-05,0.9913225200833841,0.008614346216531408,1,14,0,0.0,False,False,e78a2b735352b6456a91a807897adc4623f3298e
A,3007,MR034694,2,1,-4.0173444747924805,6.118292808532715,-1.2315735816955566,3.961434054659344e-05,0.9993181456496854,0.000642240009768029,1,14,0,0.0,False,False,e78a2b735352b6456a91a807897adc4623f3298e
A,3008,MR034694,2,1,-3.972744941711426,5.127543926239014,-0.44988900423049927,0.00011120055309160269,0.9961212076595827,0.0037675917873256177,1,14,0,0.0,False,False,e78a2b735352b6456a91a807897adc4623f3298e
A,3042,MR040240C,2,1,-3.1011765003204346,7.700438499450684,-4.415971755981445,2.0366058637217844e-05,0.9999741650579446,5.468883417977451e-06,1,30,0,0.0,False,False,e78a2b735352b6456a91a807897adc4623f3298e
A,3043,MR040240C,2,1,-2.471285104751587,8.28935432434082,-5.691184997558594,2.121798270220281e-05,0.9999779341666911,8.478506067361734e-07,1,30,0,0.0,False,False,e78a2b735352b6456a91a807897adc4623f3298e
A,3044,MR040240C,2,1,-1.9651517868041992,8.344514846801758,-6.318911552429199,3.330841897412331e-05,0.9999662632888141,4.282922117838822e-07,1,30,0,0.0,False,False,e78a2b735352b6456a91a807897adc4623f3298e
A,3045,MR040240C,2,1,-1.9947386980056763,7.045237064361572,-4.814610481262207,0.00011855881436172638,0.9998743734696004,7.067716037926494e-06,1,30,0,0.0,False,False,e78a2b735352b6456a91a807897adc4623f3298e
A,3046,MR040240C,2,1,-1.7579872608184814,5.314891338348389,-3.152536392211914,0.000846893140214667,0.9989431241080765,0.00020998275170894216,1,30,0,0.0,False,False,e78a2b735352b6456a91a807897adc4623f3298e
A,3049,MR017260F,2,1,-1.7264646291732788,5.6244988441467285,-3.6688244342803955,0.0006415026683995169,0.9992665281499781,9.196918162243215e-05,1,22,0,0.0,False,False,e78a2b735352b6456a91a807897adc4623f3298e
A,3050,MR017260F,2,1,-1.4827508926391602,5.965799331665039,-4.3441853523254395,0.0005819269584558132,0.9993847945769387,3.327846460541832e-05,1,22,0,0.0,False,False,e78a2b735352b6456a91a807897adc4623f3298e
A,3051,MR017260F,2,1,-2.82875394821167,7.9918742179870605,-4.826681613922119,1.9982556120508364e-05,0.9999773074888693,2.709955010023566e-06,1,22,0,0.0,False,False,e78a2b735352b6456a91a807897adc4623f3298e
A,3052,MR017260F,2,1,-1.8847681283950806,7.432631969451904,-5.316225528717041,8.98388681263773e-05,0.9999072557631448,2.9053687287693768e-06,1,22,0,0.0,False,False,e78a2b735352b6456a91a807897adc4623f3298e
A,3053,MR017260F,2,1,-2.262225389480591,8.759521484375,-6.310502529144287,1.6342140144003065e-05,0.9999833726500144,2.8520984167993124e-07,1,22,0,0.0,False,False,e78a2b735352b6456a91a807897adc4623f3298e
A,3054,MR017260F,2,1,-2.955132484436035,8.038127899169922,-4.768568992614746,1.6814315178806128e-05,0.9999804433927052,2.742292115995726e-06,1,22,0,0.0,False,False,e78a2b735352b6456a91a807897adc4623f3298e
A,3055,MR017260F,2,1,-2.459320545196533,8.51486587524414,-5.801665782928467,1.713814007078795e-05,0.9999822559590332,6.059008958992264e-07,1,22,0,0.0,False,False,e78a2b735352b6456a91a807897adc4623f3298e
A,3063,95969,2,0,-1.083289623260498,3.667245388031006,-2.650026321411133,0.008557624010776482,0.98965618415862,0.001786191830603429,1,0,0,,True,False,e78a2b735352b6456a91a807897adc4623f3298e
